index_name,station_id,station_name,boot_mean_0.10_200,boot_mean_0.50_200,boot_mean_0.90_200,boot_mean_Delta1_200,boot_ci_low_0.10_200,boot_ci_high_0.10_200,boot_ci_low_0.50_200,boot_ci_high_0.50_200,boot_ci_low_0.90_200,boot_ci_high_0.90_200,boot_ci_low_Delta1_200,boot_ci_high_Delta1_200,n_reps_200,boot_ci_width_0.10_200,boot_ci_width_0.50_200,boot_ci_width_0.90_200,boot_ci_width_Delta1_200,n_years,n_reps_400,boot_mean_0.10_400,boot_sd_0.10,boot_median_0.10,boot_ci_low_0.10_400,boot_ci_high_0.10_400,boot_mean_0.50_400,boot_sd_0.50,boot_median_0.50,boot_ci_low_0.50_400,boot_ci_high_0.50_400,boot_mean_0.90_400,boot_sd_0.90,boot_median_0.90,boot_ci_low_0.90_400,boot_ci_high_0.90_400,boot_mean_Delta1_400,boot_sd_Delta1,boot_median_Delta1,boot_ci_low_Delta1_400,boot_ci_high_Delta1_400,boot_mean_Delta2,boot_sd_Delta2,boot_median_Delta2,boot_ci_low_Delta2,boot_ci_high_Delta2,boot_mean_Delta3,boot_sd_Delta3,boot_median_Delta3,boot_ci_low_Delta3,boot_ci_high_Delta3,boot_ci_width_0.10_400,boot_ci_width_0.50_400,boot_ci_width_0.90_400,boot_ci_width_Delta1_400
warm_days,19996,Bahookalat,-1.6904485822775146,1.4433875974473835,0.0338085506409137,1.7242571329184282,-11.016669282051568,4.303575957220978,-10.952152977280614,6.016665303010044,-6.666655047752015,13.46153367841169,-7.765460958421027,16.176129893306737,200,15.320245239272547,16.96881828029066,20.128188726163707,23.941590851727764,31,400,-1.8666791254381723,4.120592164268341,-1.7647094353982644,-11.000000358066023,8.181811244854742,1.2125734586726198,4.752912101453643,2.3809501610773567,-10.92482985765823,6.68749897416918,-0.09264000940433097,5.4420556165233664,-1.1764742356864337,-8.999999186618485,13.46153537014673,1.7740391160338413,5.614427942015699,0.6060631953665154,-7.841959651629641,15.634696069399542,-1.3052134680769507,5.3874902017448605,-2.3249473876189684,-9.332459781023907,12.515145670494622,3.079252584110792,3.876790199258259,3.2698209874821895,-4.334901802500035,9.897922396460606,19.181811602920767,17.61232883182741,22.461534556765216,23.476655721029182
warm_days,40700,Parsabad,4.731618311915103,7.1722470588944045,8.935642873968465,4.204024562053362,-5.353861579349054,19.999997819884346,-0.0250000723721356,15.312501348347952,-3.749999076140876,19.99999968909096,-5.389898208383046,17.543276745104652,200,25.3538593992334,15.337501420720088,23.749998765231837,22.933174953487697,34,400,4.712929150690438,5.169821295530434,4.090910559036768,-5.333333535930832,19.999988050338384,7.35049360616091,4.206135287199368,6.15384415276793,1.716976953004839e-06,15.501388635803153,8.556433952734167,6.120954316707628,8.518521187101761,-3.750000660244937,19.11363293239103,3.8435048020437286,5.796760738859308,3.7351972445424937,-7.097815260784957,16.329946091829814,1.2059403465732563,4.536607810259376,1.4517495323265148,-8.167354711422963,9.445346478003652,2.6375644554704722,5.0329013736120745,2.575759344133521,-8.339265180349056,12.819472447831076,25.333321586269214,15.5013869188262,22.863633592635967,23.427761352614773
warm_days,40701,Maku,7.915718804743157,13.248791715569189,16.622145585810888,8.70642678106773,-5.999999427355329,28.050000268391965,2.4999994994687187,21.000861756019084,-5.88234854374574,45.71426462188363,-11.475001496405548,36.96707843669771,200,34.049999695747296,18.500862256550366,51.59661316562937,48.44207993310326,34,400,7.841579630869551,7.431475482728066,6.428570647305115,-6.010714339565417,28.0500015864704,13.118621178858346,5.0531028528402695,13.117410600239975,2.4951900140721914,20.67500106028449,16.517484500816735,10.125036946207198,16.92307618298038,-2.6315806762219807,42.63157758010435,8.675904869947185,12.160133331771004,7.775147665463262,-11.475001496405547,36.967078436697705,3.3988633219583915,9.869940407233086,2.929817990777516,-11.610669125416974,26.93185558666982,5.277041547988793,6.659991677237734,6.0714276825747255,-11.897219830346154,16.079324633702704,34.06071592603582,18.1798110462123,45.26315825632633,48.44207993310325
warm_days,40702,Jolfa,11.019434234736693,11.453979127336074,19.60837656311308,8.588942328376381,-2.6666665677839188,27.27272602060086,6.231250078933055,15.71985865741202,2.2142861810959857,34.54545405379361,-13.05831063491067,28.336525868719782,200,29.939392588384777,9.488608578478965,32.33116787269763,41.39483650363045,34,400,11.143723935403505,7.47916554919998,12.105262833753661,-2.6666665677839188,27.272720989833726,11.353974774800603,2.686823392271733,10.95454341400399,5.82499859660806,15.937438968511316,18.797819862025154,8.774765324294346,17.77777859904648,-1.428570660061026,33.5522877258025,7.654095926621651,11.426400716002197,9.813665188662554,-14.553912537155455,29.951908976590286,7.443845087224551,7.837483958072484,8.096305931007485,-9.890110540258489,21.778281137148525,0.21025083939710057,6.81350748770553,0.5164250328384483,-15.275845317822737,11.891679392126642,29.939387557617643,10.112440371903256,34.98085838586353,44.505821513745744
warm_days,40703,Khoy,10.175279642278742,15.66860560592969,20.36905511259199,10.19377547031325,0.6499935893842321,16.521738046014505,7.500015337030705,19.999999106393933,2.565789627381513,47.22222091340582,-7.579891104070866,39.15481968295241,200,15.871744456630273,12.499983769363228,44.65643128602431,46.734710787023275,34,400,10.486554324424294,4.170022267253849,11.052626605358187,0.6666791710868649,16.521739003386845,15.67922178838991,3.0258780597822743,15.714286499485265,8.315476778748842,19.999999106393933,21.073891356506774,10.478169949183501,24.117646435134446,3.3333331425904844,47.241665067147835,10.587337032082482,11.840987360026876,11.15384650319572,-8.341065706699059,39.2630337761377,5.394669568116866,10.497060742162947,5.027476841074591,-10.710483553395479,32.55858120768076,5.192667463965616,3.480999842231534,5.13583219654642,-2.1180876560816397,12.787380219329512,15.855059832299979,11.684522327645091,43.90833192455735,47.60409948283676
warm_days,40704,Ahar,7.588669877978692,14.533516605272212,20.89695207235665,13.308282194377956,-3.34999944012948,17.27272724127642,8.88541828401506,18.76562480536724,7.368548554542864,47.7777695263766,-5.864719808147761,44.4856518727582,200,20.6227266814059,9.880206521352179,40.40922097183374,50.35037168090596,34,400,7.420333111449242,4.96891274057467,7.22222608727525,-1.11111078966599,17.272727018141985,14.22996783960224,3.0206858330295208,15.000000096153826,8.74176167188018,19.285715551223646,21.310525439311306,10.942034513981062,20.000001552280622,7.368424899942136,47.777771984677365,13.890192327862062,12.697342548321092,12.813765246883356,-5.844155895737024,45.07574491841194,7.0805575997090635,11.514538286537297,6.842124440453725,-7.738306292743737,37.1583246233944,6.809634728152998,4.419652685164465,7.098213948202154,-2.7815201426990317,15.468172015966436,18.383837807807975,10.543953879343466,40.40934708473523,50.91990081414897
warm_days,40706,Tabriz,7.6783329822815,15.610467042532107,11.528326582489235,3.8499936002077377,0.7692310920175391,14.13008832428156,7.058823612732013,21.999998585287308,-0.541668257749195,46.70587650944434,-16.166657239610828,38.37269092589109,200,13.36085723226402,14.941174972555295,47.24754476719353,54.53934816550192,34,400,7.561592677089715,2.9245168047396217,7.999999568517475,0.7692310920175391,13.333333127036969,15.204561502536926,4.659721366598804,15.714283658889617,3.684021479545492,21.545465390177803,11.53002828293777,12.614759232432544,10.000000898677733,-21.66666446127974,46.66666400920035,3.968435605848057,12.361210265119816,2.4999966012642703,-27.083337267969323,38.33332633442243,-3.6745332195991534,12.310791308171964,-5.654761969231895,-27.51369129973599,28.178641549288322,7.642968825447209,3.8961342787286743,8.202400007401126,-2.5233244533027137,13.288885532622466,12.56410203501943,17.86144391063231,68.3333284704801,65.41666360239175
warm_days,40708,Ardebil,8.748325321974441,10.58319250935368,15.00000506106106,6.251679739086617,-1.8749972324225248,13.333331400281152,1.1764724131609194,15.342858506695036,-19.090893768835915,44.66665299284399,-15.457384406836317,35.182239905402945,200,15.208328632703676,14.166386093534117,63.757546761679905,50.63962431223926,34,400,8.560188607679065,3.697456056516722,9.999995145442945,-0.8333318858426289,13.333332213262175,10.27929243176976,3.548800660293865,10.000000418479491,1.1764724131609194,15.714277894132692,15.119761903525267,11.431596887964522,12.608701538193493,-4.024998519002345,44.66665299284399,6.559573295846202,11.816006150781375,5.961539380423324,-14.024989313408064,35.166669962966076,4.840469471755511,11.80828744599257,3.6086999323656377,-13.018754250715737,35.29194487904317,1.7191038240906926,3.544262009990148,1.6000016923003724,-4.469649012491924,9.204973519084058,14.166664099104803,14.537805480971773,48.69165151184634,49.19165927637414
warm_days,40709,Astara,6.489813347133337,9.30837470677266,12.482961938762667,5.993148591629333,5.648889385276412e-05,11.818181695152242,4.000007643677896,14.819442532777874,-4.166643069725483,22.471433175832587,-9.908923667947043,19.104133346949315,200,11.81812520625839,10.819434889099977,26.638076245558068,29.013057014896358,34,400,6.643016123687159,2.387944932793225,6.956529653223068,2.5000011087457845,11.818181331040911,9.364092549947465,2.9587797542636647,8.999998109724306,4.285737073746107,14.842683122224672,12.480685834435798,6.603795534552437,13.21428627414952,-4.166643069725483,26.016661342480226,5.8376697107486395,7.129323169425967,6.029383149074187,-9.908923667947043,19.62499878418827,3.116593284488334,6.419605846647102,2.5863059156499633,-11.712119919335153,16.11539601431878,2.721076426260305,2.6206887261687575,2.63883203134243,-1.5371602455102638,7.8607129525814425,9.318180222295126,10.556946048478565,30.183304412205707,29.533922452135315
warm_days,40710,Sarab,6.968004933128009,12.148656379089834,11.059264808387509,4.091259875259499,-2.499983964457553,12.021428903495549,0.5000574459366244,19.99999991698682,-7.777777830862918,40.66662996123854,-16.789245215840324,31.744640928952798,200,14.521412867953103,19.499942471050197,48.44440779210146,48.53388614479312,34,400,6.963944978377237,3.726637968038559,8.000047381203608,-2.499993965344,12.857142855506131,12.073047865634146,5.682163769961273,12.50000054181916,0.5000028169276372,19.999998347788235,10.956581694200914,10.917005578066405,12.857143244252423,-7.7807221179667225,39.50350709835401,3.9926367158236746,10.998804265804889,5.47077844348166,-16.7266072930221,31.744640928952787,-1.1164661714332351,10.749827931027836,-0.7142886859519617,-20.65608966314723,23.309534554705458,5.109102887256911,5.02586675388827,5.6822861636776585,-5.359476413319661,14.222205947683078,15.357136820850132,19.4999955308606,47.28422921632073,48.47124822197489
warm_days,40712,Orumiyeh,9.827441284720498,17.401321276494837,23.67079860547032,13.843357320749815,4.643749775617885,18.006896574762706,3.7118049142886593,24.453333359102484,12.94117668240227,46.11110813234298,0.0595739575423857,35.53758036191993,200,13.363146799144822,20.741528444813824,33.169931449940705,35.478006404377545,34,400,10.044648687975252,2.5873452771686622,9.999999867675333,4.666667395148578,18.275862123112827,17.525506536113927,4.755930527432788,18.75000011974562,4.285713731288202,24.80000059201964,24.1618933939052,8.015529717382925,23.636362638567025,12.941177316399857,46.111109710213164,14.117244705929945,8.468989583124726,13.636363143345871,0.09583460470466461,36.11805463522575,6.636386857791269,9.643757113459648,4.437495894690697,-5.256001911519736,32.743596030743895,7.480857848138676,4.385317586268847,8.563502558178936,-3.4417928637076765,14.055405963018194,13.609194727964248,20.51428686073144,33.169932393813305,36.02222003052108
warm_days,40713,Maragheh-Synoptic,14.25433815295743,21.332750164685685,34.27888756389969,20.024549410942253,8.947368639198553,27.27272724127673,13.67543953690308,29.113636425615727,18.23529172817569,52.505681549744345,2.223215723179297,35.8506858569979,200,18.325358602078175,15.438196888712648,34.270389821568656,33.627470133818605,34,400,14.264658716960852,5.773979323404723,11.818180852081252,8.937966565862022,27.27272732644651,21.29004367725707,3.504543564031613,21.33333328333319,13.684210783280829,29.999999016400533,34.534145972010755,9.800342538160999,35.00000214347411,18.235290077835238,52.777773081518305,20.269487255049903,10.1798580849204,20.49999966684568,1.3118808036117735,37.51249782114544,13.244102294753684,9.875711238834269,13.823532369232758,-5.393897331048769,30.116146430702493,7.025384960296219,5.037475822483505,8.460039095090224,-5.064396968107829,14.376035865615243,18.334760760584487,16.315788233119704,34.54248300368307,36.200617017533666
warm_days,40716,Mianeh,7.889346703492468,15.7583293804579,21.182382367337095,13.29303566384463,-5.294109244465057,21.111109506508026,4.1625020205447,22.50328023099037,6.875000014959949,37.33331604706586,-4.126081390474804,30.049013925531217,200,26.405218750973084,18.34077821044567,30.45831603210591,34.17509531600602,34,400,8.291774642313342,4.956021759837781,9.411764018957292,-4.166666167951234,18.000000454280386,15.787445288942846,4.241887513836897,16.96153552885936,4.166668880962434,22.503280617584732,20.797873829380023,8.927738053990414,23.043480622699704,6.835475542684225,37.22221870011448,12.506099187066678,9.308198843723615,14.615379524366762,-3.9411639329280415,28.367700147219836,5.0104285404371725,9.18205611930647,7.021741685118384,-11.587600868738546,22.91209204042839,7.495670646629503,4.9433210224944695,7.7116770816632405,-2.834621778662129,16.484363571351007,22.16666662223162,18.3366117366223,30.386743157430256,32.30886408014788
warm_days,40717,Khalkhal,11.536569636251096,19.13280840209521,24.68090646492301,13.144336828671918,-1.8995519791792157,24.99999985940345,11.666671150621749,23.339284710488307,10.000000272327265,36.88771796634964,-4.241878957823659,31.14953447221078,200,26.899551838582664,11.672613559866559,26.887717694022378,35.39141343003444,34,400,12.113297684449185,7.508758648763639,11.176466152511626,-2.8571244081330356,25.007357679277572,18.989933547772747,3.7763639976487657,19.999999794051853,11.665000522788114,23.999986393287784,24.74071402302436,6.640246622696975,23.913048404673134,10.000000439110618,36.328945470699686,12.627416338575179,9.820771673624575,13.345410230759166,-8.503118005048199,29.355127404089377,5.750780475251616,7.147700238128638,4.812479006193618,-6.682773682862372,18.0095362955858,6.876635863323563,6.4954013780757975,7.531841644805305,-6.2604096160913505,17.734089940806115,27.864482087410607,12.33498587049967,26.32894503158907,37.858245409137574
warm_days,40718,Bandar-E-Anzali,7.651210045794119,16.660355206229365,30.82237360773805,23.17116356194393,3.7500006175435927,25.771428642000146,4.999994937490978,39.47434119125129,8.000040980269702,45.83332826096009,3.2868058450568984,38.18311054323668,200,22.021428024456554,34.47434625376032,37.833287280690385,34.89630469817978,34,400,7.59938262931254,5.209222314739438,5.789472786264438,3.74715932048703,24.476232434068127,16.868099279701998,11.149842045118191,14.14286093122358,5.333333137569462,40.74999902997131,30.80793474041529,9.834975736827664,32.30778002686201,7.999999696165097,45.83333152241168,23.208552111102748,9.095781604971418,25.14866159345933,2.997116727315358,37.85127280793668,13.939835460713288,8.125972608047341,14.078424184692173,-0.9767622876668005,27.19884541142865,9.268716650389461,8.979094071267125,6.068455366154989,-0.9822930865515801,30.22759041631998,20.729073113581098,35.41666589240185,37.833331826246585,34.85415608062132
warm_days,40719,Rasht,2.4017865574195785,2.667085313857916,6.628164305411547,4.226377747991967,-4.615359162369416,6.540513337712136,-1.4345208066268111,9.350000915658793,3.620451639720938,11.666664926075624,-2.2220555153871246,11.72371608269436,200,11.155872500081554,10.784521722285604,8.046213286354686,13.945771598081484,34,400,2.43337929263249,3.1157177311710917,2.5925925291936602,-4.44871742855217,6.540513337712115,2.4729507961285533,3.2124032312070643,1.764705372234367,-2.142854043121209,9.350000915658772,6.547198963197952,2.1573771077764845,6.521738500358681,2.352942296716749,11.666664951180651,4.113819670565461,3.830796494130093,3.92914361990507,-2.21909594977536,11.68382206992823,4.074248167069398,3.60050146904989,4.303031895788722,-2.437490593223633,11.087189741760909,0.03957150349606327,3.3366840004072844,0.1992750239565373,-6.045621856459373,6.385241604102153,10.989230766264285,11.492854958779981,9.313722654463902,13.90291801970359
warm_days,40723,Bojnurd,4.188714102892762,6.97384101819864,12.349592758065636,8.160878655172873,-4.015386645448881,11.818179252165004,1.4269469626483378,13.999999963258649,8.62826109670311,16.4285705289445,1.8181842559314692,19.73880913341828,200,15.833565897613886,12.573053000610312,7.8003094322413915,17.92062487748681,34,400,4.604442517304543,3.8529231597319256,3.8181894956038076,-3.9999990592205275,11.818181138416303,7.0706983534645,3.228237510243064,6.000006835107573,1.4269469626483378,15.008331170000842,12.294124203360111,2.2825910961341287,12.22216619140372,8.69565305415771,16.428564382132244,7.689681686055572,4.078544010732135,6.99999900421431,1.802215697115578,17.425157794139388,5.223425849895614,3.5153076464508635,5.441554385407937,-3.1892207988597625,10.862792721947315,2.4662558361599567,4.12158269900742,2.7000009433996635,-4.616657047839423,9.916364325218586,15.818180197636831,13.581384207352505,7.732911327974534,15.62294209702381
warm_days,40724,Piranshahr,10.605103650080675,16.803793346705042,23.81628358443463,13.211179934353952,2.4829621860138382,19.250001339104276,9.27857368458963,24.49999727677433,-11.818128252907115,56.11106761241501,-24.20706931730729,43.88884555196114,200,16.767039153090437,15.221423592184701,67.92919586532213,68.09591486926843,34,400,10.507269871922306,5.115557477429787,10.869565002448804,1.8181887108563188,19.999999457030867,16.33766907584644,4.269574835411048,16.190475552152247,8.56026774142603,24.49999727677433,23.66937808237074,12.742845096496696,25.333316994792355,-11.818180077417473,56.11109560391589,13.162108210448437,14.653931284483699,14.180583933267146,-30.715615395847074,45.263288882283284,7.331709006524302,13.403515093497559,6.945509330633977,-26.193130996688026,39.97535593962857,5.830399203924133,4.772876101302377,5.952384652034498,-4.855767004580709,14.217763411221572,18.18181074617455,15.9397295353483,67.92927568133337,75.97890427813036
warm_days,40726,Mahabad,11.02835010381133,15.12740470602874,20.880259978643544,9.851909874832211,7.058825365939304,16.66666456853872,7.6607169317241555,21.333329788544905,1.0000006261114198,38.391665667760414,-9.527442826511878,26.89527584539939,200,9.607839202599417,13.672612856820749,37.39166504164899,36.42271867191127,34,400,11.06361202302965,2.5430904341087093,11.052631531415035,7.049019118134355,16.666666854070222,14.936083465211246,3.496376239594517,14.687499918001045,7.692311586492333,21.333332408123766,20.87553125153693,9.730356070862673,19.565260054482557,1.0000006261114198,37.392542311473804,9.811919228507282,9.87375426429151,9.565217464943688,-9.390422301983346,26.81285949907152,5.9394477863256885,10.106652802382749,5.966617210284201,-13.973561835351763,24.24393798760068,3.8724714421815944,3.484785138320439,4.456525488512546,-2.88373798004459,10.563318350220909,9.617647735935867,13.641020821631432,36.39254168536238,36.20328180105487
warm_days,40727,Saqez,10.105083379226096,12.990071523614608,20.1864839461516,10.081400566925504,-3.350000553677427,14.556818818461169,3.968185942267594,17.142857313022514,3.964930624309862e-06,45.3333252829216,-14.434645356728096,35.33332404194495,200,17.906819372138596,13.17467137075492,45.33332131799097,49.767969398673046,34,400,10.252629878243265,3.771026036819065,11.249999937430031,-3.3333334529284486,14.999999126517784,12.808909178324104,3.657324160374723,14.090908188306308,4.599981091256009,17.142858159650277,20.24281371863903,11.576029259207866,21.382354365838854,1.2158755543357891e-05,45.33332525729415,9.990183840395769,12.049662021937731,10.277778302722727,-13.087308566211155,35.33332902686346,7.433904540314928,11.875019561438606,7.1153823926413144,-12.286175117350485,31.458325291289658,2.55627930008084,3.8953297169339676,2.857142387065088,-5.161375368127806,11.471321590415261,18.333332579446232,12.542877068394269,45.3333130985386,48.420637593074616
warm_days,40728,Takab,8.51574680926333,14.681937035463582,21.269881695306168,12.75413488604284,-0.0625000880907992,14.99998528762233,8.51785800675323,23.751488521337485,5.263161917526245,43.33333029231559,-5.042354577734931,34.509801420476705,200,15.062485375713129,15.233630514584256,38.07016837478934,39.55215599821164,34,400,8.627499134361907,6.0646738367605835,8.823536395101339,-2.4999866807162237,14.99999578324528,14.668389058116878,4.45090032488999,13.461538642352819,6.428572692177607,23.861111461629644,20.50496875134183,9.336865349265034,19.090913761769553,3.529411824050183,43.33332126870617,11.877469616979925,11.390947814663008,12.378798324113259,-9.174996632863735,34.77305587065258,5.836579693224954,10.166414102400108,5.439592948571294,-13.159865570297324,27.33421836889359,6.040889923754969,6.496731283556456,6.206332557012638,-3.337501490765002,15.884116203267821,17.499982463961505,17.432538769452037,39.803909444655986,43.94805250351631
warm_days,40729,Zanjan,12.183523817016798,18.275415912911896,33.96928768278235,21.78576386576556,-1.9999991394030616,29.166667219498542,13.024212226536171,28.142462036532503,12.777786760835,45.62500050258532,-1.0372196806633054,40.96448431434646,200,31.166666358901605,15.118249809996332,32.84721374175032,42.00170399500976,34,400,11.58370789688528,9.332427822873191,9.47368368798557,0.7083339902015703,29.16667271700699,18.269954427003512,4.561550967475478,17.090039721565677,12.272747996692328,28.13240088725332,34.37628186508734,7.034128206958444,34.73684295830155,24.166664620001963,45.62500044055486,22.792573968202063,10.225854800185889,24.038460880849254,-0.9848270679476863,38.13634645173361,16.106327438083834,6.664677285802912,16.34683144911527,4.79818504548181,28.248899786533585,6.686246530118232,8.79134806428911,9.447262606494242,-13.004165655878996,18.573044030693865,28.45833872680542,15.85965289056099,21.458335820552893,39.12117351968129
warm_days,40730,Khorramdareh,8.439672004070417,12.172457764464012,23.641183003387585,15.20151099931717,-4.166638103197014,17.499999344654185,4.281511729503793,17.32090657937518,5.500000968644831,40.666666127394286,-5.309544124590298,33.82604752630072,200,21.6666374478512,13.039394849871385,35.16666515874945,39.135591650891016,34,400,8.73367018348722,5.219947995019552,8.333334777036914,-2.2222220121740555,17.49999862553842,12.202660815415925,3.734087254123238,12.50000061795036,4.982143609793852,16.926470453104322,24.102047159067784,9.027665622298295,24.030802227822356,5.500001370221424,40.66666614279959,15.368376975580563,10.07595164763408,15.242967357490429,-5.309544124590297,35.41665546102668,11.899386343651853,9.277788108689718,12.861205147693122,-4.685216809404473,32.02141129039675,3.4689906319287047,4.634401682482716,3.916495107924431,-5.518755256741842,11.77630954020217,19.722220637712475,11.94432684331047,35.166664772578166,40.726199585616975
warm_days,40731,Qazvin,6.964251726130672,12.11144300530858,18.839138580841286,11.874886854710615,-6.666664440575643,12.805001927009728,2.941191037809185,17.87071440525656,7.140754412606437,27.3333325628204,-2.801428622594969,28.00554281936636,200,19.47166636758537,14.929523367447375,20.19257815021396,30.80697144196133,34,400,7.084505220079438,5.544642711795569,7.916667148998288,-9.999995773143187,14.002944317761818,11.655115141988112,4.200440561439103,11.739131998361724,2.9411764954425355,18.499997904137306,18.920978165302007,5.758903801412316,20.434783297319314,7.08272088400314,27.333332516251613,11.83647294522257,8.065432883770255,11.15384954865554,-4.398700406697548,28.363688961771153,7.265863023313894,6.364745492585487,7.742475988639355,-4.17112776143141,22.8178225863974,4.570609921908674,5.816908592248932,4.1421573053969105,-5.789473010198243,19.723218454487036,24.002940090905007,15.55882140869477,20.25061163224847,32.7623893684687
warm_days,40732,Ramsar,8.059588374208975,13.428825817675929,19.81622986311969,11.756641488910718,3.52941157598622,11.499999594997371,7.9999986087623105,18.09597480764428,3.846154146470765,27.897377138450587,-1.6185676865433651,22.186151445385555,200,7.970588019011151,10.095976198881967,24.05122299197982,23.80471913192892,34,400,8.087814982490038,2.7752751427783466,8.571428204926491,3.5294085908308204,11.50434033848105,13.585277194270393,2.1662085098048,14.090911130041198,8.000000602962247,17.785712159712453,19.422944004461236,6.099046692861522,16.956517801002917,3.84615530020897,27.89473615690005,11.335129021971197,6.457094756419451,11.021983476187852,-0.4833905217265332,21.95461417987187,5.837666810190845,6.7890358056696245,3.8801081814680307,-10.364361045942509,17.86147616738909,5.4974622117803555,3.2611395967604078,4.999999983740929,-1.648783905348751,11.35338233820992,7.9749317476502295,9.785711556750206,24.04858085669108,22.438004701598405
warm_days,40734,Nowshahr,6.452478995657981,11.052497332588295,17.484767494575273,11.032288498917294,3.684213901430845,8.891678443349567,2.7708379888084718,15.000000375621648,12.11956643271622,27.33332784142201,3.586238693227896,21.6452299452775,200,5.207464541918723,12.229162386813176,15.213761408705793,18.058991252049605,34,400,6.602512218316383,1.7856035911852068,7.058823830150864,3.68421201652091,9.000000023462004,11.228061571206233,2.28352842318963,11.602560904032085,5.325000417335302,15.000000375621648,17.53870848766469,4.5480870435454195,19.09090643681764,10.000125819782216,27.333332130534654,10.936196269348306,4.5886281315628565,11.051846441049609,2.8687199789579667,21.631259232984505,6.310646916458455,5.131557902533356,6.568421016039098,-1.303404916533735,17.354166554578534,4.625549352889849,2.3243724602751312,4.674993629608225,-1.0351811284528754,8.864952516429932,5.315788006941094,9.674999958286346,17.333206310752438,18.76253925402654
warm_days,40736,Babolsar,3.4449812896044056,8.680340705696224,13.609078554952037,10.164097265347628,-4.999990870862874,7.058822039656008,-4.130090581695529,15.717261940558576,-2.5336510768240266,40.6666626811226,-6.122024049543475,35.49997192357578,200,12.058812910518881,19.847352522254106,43.20031375794663,41.621995973119255,34,400,3.6400146282681387,2.59948439263136,4.090910424656618,-4.9999867154782285,7.082354990554409,9.051562959433879,4.924379480549246,10.312499277409398,-2.0125018941341004,15.717261940558574,14.132261164078251,12.206552385116947,10.434782188161345,-1.4553604073720534,40.6666649089892,10.492246535810114,12.129620733850485,6.549605015374665,-6.082108197899168,36.98243927978273,5.0806982046443725,12.243525290214054,2.6440345706948065,-9.336665383524656,35.68055041306432,5.41154833116574,4.686160388539265,6.333334624833639,-5.866574907821197,12.551140347664997,12.082341706032636,17.729763834692676,42.12202531636125,43.0645474776819
warm_days,40737,Gharakhil,7.311707022251785,10.916594747857356,14.214535370381018,6.902828348129231,4.719725057754593e-07,21.818181676423357,5.000001469780778,13.898794487733587,7.500000527908853,27.272725696929733,-4.5426437357315335,17.213148605852478,200,21.818181204450852,8.898793017952809,19.77272516902088,21.755792341584012,34,400,7.066710494994533,4.6980747255004225,6.363639574564192,1.8474753863737673e-07,21.818180999196457,10.765451476885689,2.2793132106855505,11.111107706798055,5.000001469780778,13.703702000668743,14.157648308726117,4.728942904564598,13.750000397333764,5.0000012111543475,25.312495690673014,7.090937813731582,5.75325924769577,7.114592990736935,-4.683442162010261,17.77864072188795,3.392196831840425,4.621468265320449,2.721978378815707,-3.7586744187110575,14.513894594633756,3.6987409818911567,4.387959467613632,3.9285716507793818,-9.599241984756684,10.951823337684738,21.81818081444892,8.703700530887964,20.312494479518666,22.462082883898212
warm_days,40738,Gorgan,7.109355026207602,11.190687007029268,16.579458709599784,9.470103683392184,-1.8227159559992128,11.7321424520195,3.5621440588872053,15.999998414733936,9.235384270051725,25.38420648824448,1.2914426564104593,23.70980831750827,200,13.554858408018713,12.437854355846731,16.148822218192755,22.41836566109781,34,400,7.045646112173915,3.060784858116916,7.368424203806021,-0.04166636523352932,11.732142452019428,11.32901713191016,2.6089383298291713,11.538480028834282,4.705882771283633,15.999998551814341,16.89883705220814,4.672640480873679,17.69230780657759,10.000000423599817,27.368411569752016,9.853190940034224,6.157835375665912,9.292308374635827,1.5963649734416516,23.909375775812098,5.569819920297981,5.215441470074125,6.113367070579366,-3.7499969275398146,15.899996734833804,4.283371019736243,3.0930872244730763,4.090749751992011,-2.6746139566155,10.213519748543403,11.773808817252958,11.294115780530708,17.368411146152198,22.313010802370446
warm_days,40739,Shahrud,2.9403482285387184,4.748639325069787,5.257931640210257,2.317583411671539,-13.99995321410836,10.917613000701332,-3.571426410064436,13.639203902861906,-6.874997921660233,17.999998062774175,-12.113309102917189,16.66431953313788,200,24.91756621480969,17.21063031292634,24.874995984434406,28.77762863605507,34,400,2.8509463362714724,5.035339844500457,4.482761031192957,-13.999953211028139,10.90909026750097,4.590965388006537,4.479025400508634,4.705868538407328,-3.571426410064436,12.499999237907497,5.388222198622753,6.173764815496124,6.086953228916213,-6.874998377587257,17.999998050326138,2.5372758623512808,7.046808505836742,2.4553682573307727,-10.592197690813546,16.631531847293964,0.7972568106162157,6.34854256917973,0.31774788381755226,-10.23806521193387,15.023026860841178,1.7400190517350642,4.6355748798709975,1.37380963071761,-6.669871806176913,10.933333301440832,24.909043478529107,16.07142564797193,24.874996427913395,27.22372953810751
warm_days,40740,Quchan,3.6789371604268393,7.860061752516531,9.465349694354115,5.786412533927277,-7.9999975097085585,11.818179845711011,-0.5263152762993111,14.28726786314663,3.962492548142216,14.499997459654775,-2.3343413700242253,17.62499632615549,200,19.81817735541957,14.81358313944594,10.53750491151256,19.959337696179716,34,400,3.6197393247372234,4.994561651904739,4.666666052319551,-7.9999985939023555,11.818180343850862,7.542922026989704,4.5917836435796175,7.142857499998694,-1.25000003545293,14.444427459863116,9.386966350526983,2.514476200362136,9.615384799235404,3.4538047338924884,14.00000008938263,5.76722702578976,5.09229490503868,5.488067612960446,-3.934915280676365,18.333315133807076,1.8440443235372777,4.662109312476164,2.3214870845569413,-6.999995859711543,10.867775523718986,3.9231827022524817,5.5859718425147875,4.229620443380708,-6.828542918174361,13.391671009543229,19.818178937753217,15.694427495316045,10.546195355490141,22.26823041448344
warm_days,40741,Sarakhs,7.322852515842035,11.018988490515476,15.478010199235769,8.15515768339373,1.0000001172224635,14.705881980536148,7.264813678887768,15.909088760426563,6.428584180585102,20.00000045114557,-1.0740284786977738,14.80729109605106,200,13.705881863313685,8.644275081538794,13.57141627056047,15.881319574748833,34,400,7.563022069081183,3.40213260539837,7.037036935045699,1.0000001220836219,14.705882394867679,11.084707397650364,2.119332695964776,11.333332643006347,7.494319383213849,15.424105488566575,15.555362661078172,3.440514581709524,15.600001694315958,8.935714691927009,20.000000623242574,7.992340591996989,4.83007427590513,8.57142588754784,-1.2812497982779103,14.877422014912792,4.470655263427809,3.823847880754889,5.529417546572096,-3.578296325219671,9.524601830732054,3.5216853285691796,3.226255824913049,4.139426487551379,-3.2624091347727298,9.001648161438112,13.705882272784057,7.929786105352726,11.064285931315565,16.1586718131907
warm_days,40742,Biyarjomand,1.0426442472747153,7.671132962500125,11.439889321535915,10.3972450742612,-7.499997909214832,10.384614691560706,2.10526311530484,14.444443647063837,1.886920916871503e-06,16.499998627756955,-3.436756209656174,22.55069789553293,200,17.88461260077554,12.339180531758997,16.49999674083604,25.987454105189105,33,400,0.8129579619230292,4.951248031537014,1.538468612782232,-7.499996441556308,9.619611005481822,7.4388748423947915,3.7361171181156183,7.368417901048897,-0.9090887673438203,14.444444377157408,11.091280996082157,5.061092619244752,12.666666469573997,7.110040596468367e-07,16.499998627756955,10.278323034159127,7.104125705124786,10.883189117924779,-3.4367562096561732,22.49999313485193,3.6524061536873647,5.737196541620682,4.2857145268035985,-8.095229316559005,11.01304562279203,6.625916880471762,4.99174310596889,6.321427025282505,-3.3418799825492553,16.075201448052482,17.11960744703813,15.35353314450123,16.499997916752896,25.936749344508105
warm_days,40743,Sabzevar,3.771318152110282,7.18238582468533,6.061825860403866,2.290507708293584,-10.666666398976142,17.999999858426776,1.5407304674026705e-07,13.333330659785524,-2.8309602689538207,12.033332497746512,-14.476952243310116,18.99998380832053,200,28.666666257402916,13.333330505712478,14.864292766700332,33.476936051630645,34,400,4.254910311994382,7.2370046764472615,6.428569850802304,-10.666665343652015,17.999999586068373,7.459429557417064,3.365813955028809,8.000002300195057,7.419287296870323e-07,12.817190931223829,6.289552980345957,3.8645935676568737,6.0714284015377755,-0.7692299250026627,11.999998746772464,2.0346426683515744,8.005598270569552,0.8994708196890766,-14.42856995291102,18.9999747504869,-1.1698765770711073,4.7601324781311005,-1.4263888265263158,-10.00151153666286,8.576884569701857,3.204519245422682,5.967148886479854,2.5188008848424057,-7.837497606946168,16.24999235020287,28.66666492972039,12.817190189295099,12.769228671775126,33.42854470339792
warm_days,40744,Golmakan,7.066609695304407,9.45177826004612,12.815289504232744,5.748679808928337,-2.4999987057873394,13.471145740719486,5.7894737291632605,16.687498646402503,6.1521692013763145,21.24999938424934,-4.541973339711511,18.772261793076137,200,15.971144446506825,10.898024917239242,15.097830182873025,23.314235132787648,32,400,6.987728355323973,4.944131829557347,8.88888946224294,-3.333332895738134,13.471145740719475,9.384423212598957,3.212699226266843,9.230769977369377,3.1647936333548454,17.503506192066773,12.825604869147897,4.739329614894982,13.846152141596502,3.125000819471141,21.538460613557454,5.837876513823925,7.320224284270425,4.877185048325684,-3.6588463930659367,21.24997099172691,3.4411816565489404,5.2444353782740585,3.7581160210264297,-6.6666677517554955,12.30765319921164,2.3966948572749844,5.199850105655476,1.0818718002150032,-6.009093176771367,13.056093162665126,16.80447863645761,14.338712558711928,18.413459794086315,24.908817384792847
warm_days,40745,Mashhad,5.329532058452207,10.7965742835564,13.722002292281232,8.392470233829023,-3.76048465145121,17.27271722629036,2.47321276271448,17.52679393588015,4.545466425327171,24.285709178078637,-7.146097621598083,21.179166619746383,200,21.033201877741572,15.05358117316567,19.740242752751467,28.325264241344467,34,400,5.5232995830485985,4.543435508232576,4.615384497041654,-4.166644482526717,17.27272527436906,10.764429405964501,3.672632884552012,11.176469121712698,2.4732127627144807,17.526793935880118,13.907551964345991,4.942753140800721,13.999999860665863,7.077924862885608,24.285713411356273,8.384252381297392,7.3312087299677575,8.113290492393567,-7.272725543536151,22.41087764260599,3.1431225583814886,5.556473349797035,2.6032393060513934,-6.649415965411705,17.01040577800653,5.241129822915903,5.209318366643847,5.930937564849615,-6.427743838334144,14.047568742129753,21.439369756895776,15.053581173165638,17.207788548470667,29.68360318614214
warm_days,40746,Neyshabur,4.430515115508812,8.483728881263715,9.876616507956893,5.446101392448082,-8.333332095262348,11.666665121765227,-0.5263164056958227,16.111111198499177,1.764706238706346,19.99999844503836,-4.374998102758741,18.001924894995483,200,19.999997217027577,16.637427604195,18.235292206332016,22.376922997754225,34,400,4.451572959550723,4.598375763951553,5.454545630338359,-6.666666798456736,11.666666366636651,8.569071829452357,4.464476582488587,9.523808516273306,-0.5263140269625364,16.002772926525587,9.845958278549714,5.237127049209474,9.4999944766336,1.645833447916755,19.9999961059402,5.394385318998992,5.934353714148212,4.5295341018719215,-4.523804949810249,18.33332409286084,1.2768864490973582,5.642206126212551,0.8377193380675121,-8.749992044140615,12.142824091874294,4.117498869901633,4.962431005256372,4.0137726853479405,-5.142974694686494,14.187505492417614,18.333333165093386,16.529086953488125,18.354162658023444,22.857129042671087
warm_days,40747,Sanandaj,10.890167783135182,17.290226780022568,22.650507747817187,11.760339964682004,6.000006386996537,15.206362569927268,11.327777084531588,22.17511961136134,1.534094901035063,40.18058005542028,-12.205035177744753,31.182321903413342,200,9.206356182930731,10.84734252682975,38.64648515438522,43.38735708115809,34,400,11.021970142642203,2.3727950535852127,10.967741512254314,6.000086321356559,15.454545900941962,17.126397647073787,2.520075741919696,17.000001832025475,10.769235800887476,21.99999794100028,23.03289989330473,9.557709781433296,24.999999176018903,7.354155115014425,40.18057885619296,12.01092975066253,9.811149475256654,13.032261538961492,-8.018700507235291,31.118280246444552,5.906502246230945,9.640202997773088,6.778657626056166,-11.524997532050675,26.722247881193226,6.104427504431585,2.9429079128753672,6.285715249618083,-1.4303557501684276,11.33571256517839,9.454459579585404,11.230762140112805,32.82642374117853,39.13698075367984
warm_days,40748,Bijar,8.706996292406568,14.722360190219764,25.121618530099497,16.414622237692928,-0.7142862173901353,17.07500099137051,7.269479467840295,21.54166622982298,7.458333477367208,45.333323042653824,-3.3568210456623904,36.034519721612405,200,17.789287208760644,14.272186761982685,37.87498956528662,39.3913407672748,34,400,8.586413178893286,5.881009992399363,8.461538988484882,-0.7214291938759739,17.340908035829784,14.53379500013715,3.6440113031144135,14.50000033268974,7.272726479185874,21.539999508088464,25.1224231988787,9.117952487645828,24.210526192443247,4.706011230079084,42.8177072860607,16.536010019985415,9.665309846013859,17.360028672192392,-3.8328881641056523,36.03035314635282,10.588628198741551,9.073571868950584,10.887680146500536,-7.499988972353936,29.298180565460584,5.947381821243863,5.4826245010302825,6.755849544313664,-8.367023135855751,14.034316995011062,18.062337229705758,14.26727302890259,38.11169605598162,39.86324131045848
warm_days,40749,Zarrineh,9.219250137505194,16.34504592938785,25.456798973402677,16.237548835897478,-0.0166653308290811,20.667857143630957,8.888894859945522,25.71428316326948,6.500001984900793,39.14035489060843,-8.85294113574659,34.74314732991525,200,20.68452247446004,16.82538830332396,32.64035290570764,43.59608846566184,34,400,9.742940266433374,6.120732972364754,7.857145738060687,-9.859188387674796e-08,20.73214257351762,16.455016823335985,4.511723713461228,15.454545847111014,8.57145274108664,25.714283999449925,25.118351034335006,9.783733280973482,27.999998805901875,6.50000110088453,38.947367732240124,15.375410767901629,12.162814779681778,16.323983003370756,-8.823525679107602,34.57236803735639,8.663334210999018,10.903245019812935,10.285972787956252,-9.982102467605642,24.66866927895037,6.712076556902611,6.803034801267835,8.387094190642589,-7.930253138874537,17.872618129497496,20.732142672109504,17.142831258363287,32.44736663135559,43.395893716463995
warm_days,40751,Tehran (Shemiran),12.097713438046902,18.29533222829828,28.571377937406893,16.473664499359995,5.990625245350798,21.770587681937755,13.093172962951964,23.708769633258317,10.588235381607996,43.88887402708932,-1.0784287841731444,32.13594921950238,200,15.779962436586956,10.615596670306353,33.30063864548133,33.21437800367552,34,400,12.081200630744158,3.6373133328878233,11.666665720739338,6.900000100531053,21.999997429229133,18.088274210110768,2.975529880349646,18.461538253537725,12.344115146230841,23.34001196332719,28.065602131968344,8.83400646356144,29.130435313418047,10.573381731565695,43.88888278605454,15.984401501224186,9.574214262809024,17.46376808868081,-2.10416200378786,33.347226099449905,9.977327921857574,8.530176167985742,10.77734214576521,-5.8974355369938545,26.56123066682075,6.007073579366608,3.747881172733491,6.085855262327266,-3.266420635456517,12.370577678342967,15.09999732869808,10.995896817096348,33.31550105448884,35.45138810323777
warm_days,40752,Karaj,8.44256171987817,14.112032337232485,17.23172714404819,8.78916542417002,-1.856059117172394,15.555555435601876,4.97727763288023,21.126811511399996,9.411764888739611,30.66666359870604,-3.0590283329368155,26.08957939324681,200,17.41161455277427,16.149533878519765,21.25489870996643,29.148607726183627,34,400,8.911933315457492,3.989905019318867,9.615383598898312,0.8333663168454698,15.555555709125308,14.550258197894268,3.8844202817419404,15.454544054836262,6.625001215071127,21.11458309613292,17.136120715667047,6.016000863939633,17.391306745809068,9.37647079619349,30.83332022405662,8.224187400209553,7.217485988495347,8.191307331956928,-3.7317044832759585,25.40350788598093,2.58586251777278,6.913824427319335,1.7527928827287838,-9.114312695541708,19.509932927651597,5.638324882436774,3.7036105651012625,5.839172064766067,-1.8218302206542114,12.827400213872581,14.722189392279837,14.489581881061795,21.456849427863133,29.135212369256887
warm_days,40754,Tehran (Mehrabad Airport),3.5688241495081225,3.02637187433891,4.372602389459064,0.8037782399509423,-8.155211144287955,10.000000010989249,-8.171870564212012,12.562497632345943,-4.218180283350369,20.666665734661223,-12.077268989018496,19.99979083233657,200,18.155211155277204,20.734368196557956,24.884846018011594,32.077059821355064,34,400,3.8514383140573365,4.692580316000427,5.925922601579806,-8.125000952764259,10.000000159733641,3.124441170931052,4.853030647396454,3.5999723289555674,-7.499997054701795,13.076922723349696,4.572769575285083,7.469785458497633,2.6086956971575104,-3.9999993957633153,20.666665825758024,0.7213312612277472,7.945197047648747,-0.604397079794134,-12.061171407437516,18.142849749965237,1.4483284043540317,7.548306406041423,0.1640876833429823,-12.544370496322795,20.671920872229514,-0.7269971431262845,4.181405889512669,-1.4430282696580956,-8.174039431776318,9.458329075762485,18.1250011124979,20.57691977805149,24.66666522152134,30.204021157402753
warm_days,40755,Abali,8.668191726879682,9.482715556070003,16.891503314725522,8.223311587845837,-1.7968743731967345,14.692850392241589,-3.684207345490565,15.492094404682296,-4.999996721524962,47.99999526780859,-13.114204800220609,36.90833118837936,200,16.48972476543832,19.17630175017286,52.99999198933355,50.02253598859997,34,400,8.463280701278615,5.730295266223186,9.600025909560397,-6.874991037514338,17.49999671519699,9.27650163119873,4.5667059037895195,9.44444499897925,-3.684207326772992,15.861410814351851,15.306741792181,14.015829108323636,13.913044651662698,-5.882351396368861,47.999995227125225,6.843461090902384,14.801262721465498,6.829711752332856,-17.05058876843902,40.208291563314404,6.030240160982272,13.24074556144747,6.086956311250544,-13.628416345925572,37.444429076738636,0.8132209299201126,6.123188814837901,0.6442592266743636,-10.284069412101863,14.397297082170924,24.374987752711327,19.545618141124844,53.88234662349409,57.258880331753424
warm_days,40757,Semnan,7.069232868096695,9.560508465086318,12.976298405923998,5.907065537827305,-3.124970147997868,16.190473600197848,2.8412703123402827,20.71428361375065,-6.153845474811377,33.999998267653545,-14.5043089010168,25.72416023635753,200,19.315443748195715,17.873013301410367,40.15384374246492,40.22846913737433,34,400,6.861105577076651,4.275149474351846,7.777778317827263,-3.124996584599453,14.285713624744,9.575486296564245,4.223001194995366,9.99999938897648,2.939075921111012,18.916662700271797,13.179802350797553,10.437488694128174,13.47826031310839,-6.153845309222597,33.999998204147204,6.318696773720903,10.592393667610736,7.324397161412441,-13.333331405611576,26.504164810885477,3.60431605423331,10.056446750103914,5.384620101858522,-14.29394828932269,23.999735410113225,2.714380719487592,4.022906422413999,2.2222204277517315,-3.8539442108957465,12.735979385804182,17.410710209343453,15.977586779160784,40.1538435133698,39.83749621649705
warm_days,40758,Garmsar,1.031146350599436,2.895266778891507,-0.2672609890218972,-1.298407339621333,-9.391663901346584,9.166666299618836,-9.411763827150413,10.744966060996871,-19.99999952755497,20.066665985699995,-17.225831996061853,16.315093986637144,200,18.558330200965422,20.156729888147282,40.06666551325496,33.540925982698994,34,400,0.9737620045964047,5.362827851274561,2.5000039405004353,-9.333309006324601,9.166666299618836,2.7173652150464047,5.157236948443641,3.5000007592127043,-9.443152630200528,10.744966060996866,-0.7922470960694735,8.892722968064945,-9.50366794438669e-07,-19.99999952755497,19.999966657261897,-1.7660091006658782,8.3466848567221,-2.030638689234232,-16.854661215883155,15.802310479364424,-3.5096123111158777,7.646025435221364,-4.444453062749988,-15.230687149033471,13.189880480119035,1.7436032104499999,4.4670425555964774,1.8055514922419178,-7.167010568691559,9.631483191582435,18.499975305943437,20.188118691197396,39.99996618481687,32.65697169524758
warm_days,40762,Torbat-E Heydariyeh,7.773223577729619,12.4839973202924,17.753604575652634,9.980380997923016,-5.999997792425108,13.850649484112788,4.782629575183562,17.90049561374341,3.979546160487861,24.66666448743787,-5.041029662880197,24.85426921349652,200,19.850647276537895,13.117866038559846,20.68711832695001,29.895298876376714,34,400,7.6842535025058565,5.851652057218209,8.333332369442894,-5.999738039220309,17.23701609316982,12.339421831100294,3.64973741624727,12.727272678853478,4.78260904358842,18.62068779115651,17.658937727702963,5.045336706370313,19.59998857438054,7.971866653325025,24.666666731348545,9.974684225197109,6.8619829034349475,9.874399228982998,-3.558237240572247,24.840409362245158,5.31951589660267,5.051140500453222,5.400266434087118,-4.869261550867475,14.361894068306281,4.655168328594439,5.347158273422866,3.978022524346969,-5.398810757594082,16.673159534026514,23.23675413239013,13.83807874756809,16.69480007802352,28.398646602817404
warm_days,40763,Kashmar,4.797051134481946,10.688544027345952,15.168649172058537,10.371598037576586,-10.681257410247266,14.444443923180886,1.2450658449771086,16.428571403060342,4.701871646351529,22.02954644361373,-0.124969162387515,20.74554756441708,200,25.125701333428154,15.183505558083233,17.327674797262198,20.870516726804595,34,400,4.999279865058967,5.74621211568076,6.363634478644229,-10.666667803420482,14.444443928954714,10.66742025209807,3.8282786466501606,11.66664627820683,1.2500024518731518,16.666651010005083,15.138566454225803,3.9967888836429966,16.111076762809265,4.531818502618371,23.18560558403857,10.139286589166835,5.526397304747986,9.51567297169961,-0.14088443154785332,20.600739356259613,4.4711462021277315,3.568746355191726,4.353972237472981,-2.0196955207167346,12.807703165667416,5.668140387039103,4.952484281848482,5.669514182364068,-4.799719222978129,16.57803757225896,25.111111732375196,15.41664855813193,18.653787081420198,20.741623787807466
warm_days,40764,Ravansar,9.27571618780376,14.136690126858513,23.481319355740908,14.205603167937149,-0.7692012327855424,26.363635236704955,6.000000233296742,24.624999063892663,-3.9999782769024272,37.061111049138965,-8.705878909111421,32.29303482565375,200,27.132836469490496,18.62499883059592,41.06108932604139,40.99891373476517,34,400,9.341998334524373,6.717576375705404,7.000030209860735,1.8750051096051508,26.363635227115537,13.97914927171022,5.305454800474172,15.303309707654023,5.992854402636895,24.999998702047318,22.5603858223868,11.704476467176235,27.27272279394454,-3.9999866109476163,36.99999898742811,13.218387487862426,12.362501608370263,15.980262811277505,-12.767157238088101,31.92700747581429,8.581236550676579,11.353625278790648,11.149504515944718,-13.865320883254993,24.930022445781365,4.637150937185846,7.622790491978778,5.235048598054038,-16.66758233831525,16.421665975407947,24.488630117510386,19.007144299410424,40.99998559837572,44.69416471390239
warm_days,40765,Sarpol-E-Zahab,10.363996444908537,10.692925208336158,20.944836217438663,10.58083977253013,7.470391128812207,15.005440231344362,4.924999416380005,14.62615567846595,-2.144838386534408,40.588087583329866,-12.811623095751363,29.6132244083852,200,7.535049102532155,9.701156262085945,42.732925969864276,42.424847504136565,34,400,10.168344437470218,2.3270115841424337,10.588236834679787,3.5714296026013277,15.000005637912311,10.813234368489761,2.375583414868058,10.999997737166536,5.000002968525629,14.583332873828674,21.63729479793209,7.941806544136683,21.33333306964311,1.0000004602598174,40.588087071899146,11.468950360461875,8.61012744866774,11.1227044365725,-10.476180269581329,29.963232309607967,10.824060429442326,7.999249791654066,10.142855702369243,-7.44618039650818,28.67156343797984,0.644889931019546,2.5732417959939107,0.6195105163047492,-4.964153031131658,7.144212521279906,11.428576035310984,9.583329905303046,39.588086611639326,40.439412579189295
warm_days,40766,Kermanshah,5.357595915944748,3.634812080859409,4.55421485447815,-0.8033810614665974,-2.9107138936533765,11.249995799989154,-7.504837979326418,15.814073355204105,-15.294119008222903,20.038547987219264,-23.29411583194133,16.45914800682295,200,14.16070969364253,23.318911334530522,35.33266699544217,39.75326383876428,34,400,5.260969398144993,4.2934533182173915,7.083332176636057,-4.999997725577509,11.24999769762187,3.49742501490515,6.5007212184753325,1.9047650842029005,-7.6481844066162905,16.11111149182287,4.526466542433271,10.860458724437654,7.692310135813473,-15.294118564915122,20.03854798721922,-0.7345028557117219,10.144619823282893,1.5454315208142066,-23.293993213706234,16.255206245455412,1.029041527528121,9.74732099065209,1.9595962742804685,-18.81772724948141,17.79792567063823,-1.7635443832398432,5.686250930530526,-2.352947652744443,-12.388392981259848,8.31967651342951,16.24999542319938,23.759295898439163,35.33266655213434,39.54919945916164
warm_days,40768,Hamedan (Airport),6.44423081738335,9.98183595789351,21.574807761043576,15.130576943660223,-1.874972948530593,12.72726924321598,3.750000367276233,17.146102343264218,6.000000684131183,36.69232198158912,0.6829367550523003,34.631883836975874,200,14.602242191746573,13.396101975987985,30.692321297457934,33.94894708192357,34,400,6.521528250107815,3.598098266679297,6.785702954250379,-1.6666671105933353,12.12081341097936,10.134781354254612,3.6280194207864183,9.999999712693175,3.843749899447805,17.283208049645022,21.231226611509364,9.188608406374257,21.33333378346814,6.000000408789517,36.666673351565294,14.70969836140155,10.132493268012011,13.969777906275333,-1.57829547181339,34.56129566212159,11.096445257254752,9.606959206066062,10.215345690759861,-5.776112698521159,30.97023801814476,3.613253104146798,4.04626000702546,3.0434809731440167,-3.3606658691605746,11.766374441458892,13.787480521572697,13.439458150197218,30.666672942775776,36.13959113393498
warm_days,40769,Arak,9.97296498330182,15.599769515957725,16.116033263337297,6.143068280035476,6.640642836260122e-08,14.800000001448913,8.592858747602511,19.63055417509876,2.8007110436324317e-06,34.80590395862547,-10.93670500854449,25.35711827999697,200,14.799999935042484,11.037695427496248,34.80590115791443,36.29382328854146,34,400,9.89889904341921,4.0164618068193185,10.909090389218076,-5.3384996050477794e-08,14.999999782321026,15.455130831250564,3.3206317408147417,16.190476634271025,5.7142864458241345,19.361352192326716,16.00983506317251,8.498875189223707,18.181818218549083,1.1111078763864606,31.511277891288895,6.1109360197532965,9.543738836994077,7.229452571354948,-10.02272650488478,24.578780981483618,0.5547042319219443,9.1645645873085,1.7261914559763447,-15.811954482137706,18.430920727958103,5.5562317878313525,3.686404410217769,5.763891316003324,-0.9363648146300902,12.943275211971375,14.999999835706022,13.647065746502582,30.400170014902436,34.6015074863684
warm_days,40770,Qom,8.222570558028863,14.708588861232233,21.132995273374963,12.910424715346096,-2.499999739959174,16.666666691335536,7.616071818252143,23.33750015238661,8.000003192087986,35.999997054213,-3.813918214932907,32.875196263131016,200,19.166666431294708,15.721428334134467,27.99999386212501,36.68911447806392,34,400,8.400047558944916,5.188373826976577,9.287499658934692,-2.4999994849515574,16.666666691335536,14.907609752563308,4.44316002441884,16.470587144934953,7.50000192918209,23.33333344192397,20.958898814637543,7.103693769643528,20.86956747357918,9.090909460126852,35.999997054213,12.558851255692625,8.323808943770034,12.500000413178864,-2.858445824524483,32.84199348623956,6.0512890620742334,7.683810217855129,6.190476789832416,-7.621749399373059,22.666650332121325,6.507562193618392,5.299992745216084,6.830136476146717,-3.7705891021704807,18.0555496306883,19.166666176287094,15.833331512741879,26.909087594086145,35.70043931076404
warm_days,40771,Kangavar,8.670347561276865,15.5359989860804,17.763972830641002,9.093625269364138,2.3055568882712363,12.830001062083848,6.470590424800375,21.678569085327748,9.2454102885969e-07,33.157889803811834,-9.318185589152334,31.699986549252724,200,10.524444173812611,15.207978660527374,33.15788887927081,41.018172138405056,34,400,8.680154719506515,3.787750985323966,8.66672086160269,2.3055569290716025,18.999999630416767,15.181346117687621,4.503652546407948,14.999999706562875,7.138185157816733,22.147618592148948,17.893894860403126,8.578272467654731,20.999999487876487,9.245410288596902e-07,33.15788972682167,9.213740140896611,9.407367272091108,12.016486606022717,-9.448911408819326,26.68729502799698,2.712548742715506,8.877736764254468,3.4848452264551693,-12.308473461958284,20.938001597430656,6.501191398181106,4.470784721147789,6.048329878672025,-1.3024373597828829,14.504590697908258,16.694442701345164,15.009433434332216,33.157888802280645,36.13620643681631
warm_days,40772,Qorveh,11.02525280372338,16.069483277206032,25.1329809078392,14.107728104115818,1.3208315103660122,20.83333832731501,10.000023489357902,23.333331719137483,10.588234072944202,39.333329372774834,-7.886761098455341,32.46354013858345,200,19.512506816948996,13.33330822977958,28.74509529983063,40.350301237038785,34,400,11.203429251285502,6.013167806595469,10.000006343763928,1.3333354508462032,21.42856978627861,15.948799142761473,2.6533812485434667,16.470586249401308,10.000023521612784,21.11109483774001,24.56106868994675,9.44714559138069,28.499995239131977,5.500002202237901,39.333329372774834,13.357639438661247,10.299622435293077,13.84615312820999,-10.300381312361214,32.22811620367125,8.612269547185274,8.948991711662673,10.879117621576807,-8.115054616632795,22.83602980531097,4.745369891475973,5.474926462688277,6.005571183861555,-5.9751403990952,12.836305322898392,20.09523433543241,11.111071316127225,33.83332717053693,42.52849751603246
warm_days,40774,Borujerd,8.3446339289185,14.854722618823743,21.2577524435766,12.913118514658104,-4.458333373198638,12.999999243194008,5.294120300285004,18.85227194009016,-1.9999987968276236,40.78186136043272,-9.277090737248257,38.179761972749965,200,17.458332616392646,13.558151639805153,42.78186015726035,47.45685270999822,34,400,8.581497476730643,3.7016806504642594,9.416669067279091,1.250001463872267,13.02115408860825,14.843256167101377,3.4372260129728387,15.294117422757182,5.819852649532408,18.752410064496413,22.085354296593025,10.423159708024478,25.66662458648219,2.329825412068532,40.78186017202479,13.503856819862378,11.189996377630655,15.845213044386544,-9.197753079484018,38.17976197274995,7.242098129491644,10.453715514452584,9.49656387512002,-15.152741805443911,30.611739028556066,6.261758690370734,4.03284641701657,6.0987603650235975,-2.8905037505532762,13.96168060490408,11.771152624735983,12.932557414964005,38.45203475995626,47.37751505223397
warm_days,40778,Gonabad,2.915858854116837,10.342052638894836,12.605695508384107,9.689836654267271,-11.999996234168398,18.008331867309483,3.328941290410631,16.4819020659902,3.927778341048279,19.054762589454057,-2.1656807209531834,21.24998884267448,200,30.00832810147788,13.15296077557957,15.126984248405778,23.415669563627663,34,400,2.8004168804354306,6.02573014641259,2.1428917515253625,-11.999996234168398,18.33328625259356,10.419363500446902,4.125888266384049,11.333332438248158,2.5000305165160808,16.944442831433392,12.632435358761068,4.4198013260751,13.076922459886895,3.9277783410482816,19.047618834139417,9.832018478325638,5.905638338398999,10.11395923470996,-2.7856681612822802,21.052675557705015,2.213071858314167,4.196437776836531,1.9069564059317314,-5.808717215343798,11.016574854207729,7.618946620011473,5.1830326763354275,7.643027538688859,-2.4531260784129856,18.499996559426876,30.33328248676196,14.444412314917312,15.119840493091136,23.838343718987296
warm_days,40779,Eslamabad-E-Gharb,6.524210076895952,9.216542916481549,13.818559521935004,7.294349445039054,-1.7500010802310366,10.74074023773709,3.8791312513478246e-06,16.521738727616288,-3.578685971573167,42.88245409820972,-11.235292108194654,39.23739492802203,200,12.490741317968126,16.521734848485035,46.461140069782886,50.47268703621668,34,400,6.720103193952832,2.6995443034515323,6.538462075091104,-1.6666653822238886,10.668520840141037,9.555272001065397,5.132168124426231,10.500000122109839,7.152197317854048e-07,17.083317798313747,13.713114351947347,11.285678445533641,16.666670288094302,-5.587499884880995,36.815784794439324,6.993011157994515,11.395764954499674,9.339828673383849,-12.20201467230938,34.396275447635205,4.157842350881951,11.612142969283978,3.8681456123275746,-15.001696725943576,34.00756555254689,2.8351688071125647,4.514682342517779,3.413461292970779,-5.005090839113129,10.694903230489038,12.335186222364925,17.083317083094016,42.40328467932032,46.598290119944586
warm_days,40780,Ilam,16.22857292858373,22.10803591861908,33.39695748169499,17.16838455311126,4.705884999126741,35.478897593164625,15.790445562647747,28.18181067156025,23.636365840789,43.84614547742209,-2.3720884374623803,35.29408629396754,200,30.773012594037883,12.391365108912503,20.20977963663309,37.66617473142992,34,400,16.90365725033704,8.318354869434087,14.999996258065636,4.705885018495446,39.99999285956045,22.065787613626608,3.527700554573027,21.57894581839508,14.117650605620902,28.832088548438765,33.640056550377345,4.8876378955631985,34.000000163031274,23.63636597948095,43.752402884899205,16.736399300040304,9.621150483510876,17.78787737748653,-6.24237429961264,33.12498646868485,11.574268936750734,5.713195985316166,12.115131949983423,0.5780635442352539,23.385292247305788,5.16213036328957,6.967277306486763,6.2000206677308745,-14.314421513887183,15.605553887952219,35.294107841065006,14.714437942817863,20.116036905418255,39.367360768297495
warm_days,40782,Khorramabad,11.533583768029487,16.37115638221297,24.91084014210129,13.377256374071797,2.307722251681635,27.142841374145902,9.367898031674564,23.637559528279844,5.78947386674582,45.33333024296245,-6.771545058378888,36.86936150590743,200,24.835119122464267,14.26966149660528,39.543856376216624,43.64090656428632,34,400,11.685260006567049,5.436851426697432,11.428574354872477,4.991657172058162,27.142857239795624,16.43292888529844,3.690064979707667,16.470587854027354,9.375000291047938,23.68417368184506,23.837178995008326,9.88577853318564,23.03030505360219,5.78947187149793,45.33332107166378,12.151918988441276,10.78439713661592,13.659395956859996,-10.221478538635314,34.62082392102818,7.404250109709885,9.799136341431304,7.666664330350734,-11.630941725252814,25.367482637961,4.74766887873139,5.266100050392133,5.387965733204834,-9.185513343320661,12.950589702397417,22.151200067737463,14.309173390797122,39.54384920016585,44.8423024596635
warm_days,40783,Aligudarz,6.364374752149995,12.645112187454952,18.474758438492284,12.110383686342288,-0.9999937101989737,11.428571100053455,2.6034786439253845,18.181808504988062,-4.117624817990928,41.99999276823458,-8.488357177966163,32.99998452965655,200,12.428564810252428,15.578329861062677,46.117617586225506,41.488341707622716,34,400,6.641238413933819,3.5452931452929004,7.037037974111721,-0.6343740313585524,11.428571100053455,12.580636280224835,3.542261088653919,13.124996252453919,2.60869642409664,17.85808091406624,18.77009211780112,9.685699553127241,16.153842149927584,0.999992600259232,41.999985806246954,12.128853703867303,10.202064418427664,11.666670209649933,-8.33663608375864,32.99998452965655,6.189455837576286,9.161853339440782,5.034324328609963,-12.124992462774303,24.606980985102172,5.939397866291016,3.832101735547302,5.899014507510823,-1.937040979321177,13.906060292228565,12.062945131412008,15.249384489969598,40.99999320598772,41.33662061341519
warm_days,40785,Kashan,7.595148550505723,12.83803115261584,19.40442838950985,11.809279839004123,-5.025002892474108,18.46153409760708,6.00000194118298,20.505353174427555,-1.333332437256432,30.9523566258469,-8.399895139017612,25.952377249481177,200,23.486536990081184,14.505351233244575,32.285689063103334,34.35227238849879,34,400,7.95978798170717,4.782906486404048,7.999999546782933,-5.000003336805671,18.461537053950835,12.938265073934822,3.789775682871427,12.727272727272275,6.649999237921566,20.69015928774625,19.67312542891573,9.1953840394792,20.714285548601552,-1.3333326670627592,30.9523566258469,11.713337447208556,8.806163873577601,12.490844164901164,-8.009803286034753,25.952377249481177,6.734860354980904,7.889965153351353,7.324674144126057,-10.136622190386298,18.250855094573478,4.978477092227652,4.377634192486807,4.788463367646022,-2.2222140174756273,14.48295163030979,23.461540390756504,14.040160049824685,32.28568929290966,33.96218053551593
warm_days,40787,Daran,5.319626350977201,11.65261311597434,22.312285305635047,16.992658954657845,-3.999982807693233,14.444442284455617,2.8571435942930923,20.83332520521693,-4.666665904629265,42.06363596861664,-11.096292658548466,44.000291017669774,200,18.44442509214885,17.976181610923838,46.7303018732459,55.09658367621824,33,400,5.309363921929355,5.651021256163913,4.545455113256944,-3.999979244370512,15.000001107054985,11.910727524579842,5.069871369308669,11.578948024406607,2.857144794632567,23.021155063022213,22.29658777133048,13.709509535519425,21.05262717314843,-4.666666136597387,41.99999970819433,16.987223849401126,13.689072587257783,16.36363843481318,-9.167779067456442,40.65347909039464,10.385860246750635,13.741950887734934,9.93252016000201,-14.677636627657186,35.03349800557346,6.6013636026504905,5.549542991712471,6.802146879260114,-5.555966433778141,16.668867014265444,18.999980351425496,20.164010268389646,46.666665844791716,49.821258157851084
warm_days,40789,Khur-Va-Biabanak,7.41968766185612,8.995572080461185,16.484063903517885,9.064376241661764,-1.3187496058900112,12.737216328020038,2.996423389209913,20.41666679179385,-3.529411513222462,29.04761572172182,-10.818540022705886,23.89163394016578,200,14.055965933910048,17.42024340258394,32.57702723494428,34.710173962871664,34,400,7.412139714613574,4.866836925226084,7.9999950804857995,-3.9999980302099747,12.94577188184706,8.869008888959295,4.106687621513664,8.333333293864769,3.923719408127198e-06,20.74073574405383,16.547742903786553,10.415666804626532,17.69229495120001,-3.529411377779521,29.374982607322114,9.135603189172977,10.347592711566646,10.454902123547026,-11.478011807432804,24.390530513618792,7.678734014827259,8.934567556217706,8.107446698744944,-10.196071517179373,20.418154751970537,1.4568691743457192,5.088912866706169,1.1904720709858672,-6.510853884294094,12.87107343423558,16.945769912057035,20.74073182033442,32.904393985101635,35.86854232105159
warm_days,40790,Robat-E-Poshtebadam,3.4246746099011904,6.182694181487396,8.731385970031173,5.3067113601299845,-11.428568867580292,12.402499782189269,-1.217686751472349e-06,13.333323758598413,3.6363636369676895,17.28734022927889,-5.261833950192504,20.201379360466422,200,23.831068649769563,13.333324976285164,13.6509765923112,25.463213310658926,33,400,4.071627881952014,5.545911097956768,5.2000015325182005,-9.2499993998081,12.402500846017265,6.29616347859319,4.146714603450044,5.714280314946636,-5.102454885865276e-07,13.333323758598413,8.624908185687826,2.926976952186991,8.333321722679038,3.6363636369676895,15.028845147619396,4.553280303735811,6.040756773774498,3.33334302579289,-5.636487710233956,18.928569312606683,2.328744707094635,4.135945904114072,2.5000005772680964,-5.058345892759763,9.285711753803588,2.2245355966411755,5.155678492759267,2.333439306068912,-6.0645400922003025,11.99998070742982,21.652500245825365,13.333324268843901,11.392481510651706,24.56505702284064
warm_days,40791,Tabas,9.092789405814766,13.828753614694522,18.28920121681597,9.196411811001203,-3.33293988488005,14.285713688019452,3.325000463837415,24.37374585128801,2.9527786675920216,30.027779738793683,-5.700475971994811,21.906746445674624,200,17.618653572899504,21.048745387450595,27.07500107120166,27.607222417669433,34,400,9.02953547233928,5.525293055055501,9.999999955526132,-3.3333310409519665,14.446969488536478,13.751146768092585,5.794185631247274,14.285712780162696,3.7499999780843614,23.57589210040846,18.108828978449637,7.510058359153762,21.15384561192749,3.0000050794458923,31.11111100511295,9.079293506110357,8.146391225390303,10.413115782293978,-6.48381860466759,21.71813257986625,4.357682210357053,6.374374995834666,5.227741270205371,-9.013226074790794,15.032777314637006,4.721611295753303,6.6565349134776195,4.857140984119086,-6.428566847714407,17.213901670136014,17.780300529488443,19.8258921223241,28.111105925667058,28.20195118453384
warm_days,40792,Ferdows,1.298130229604452,3.251267926903389,3.831540810269221,2.5334105806647687,-15.02499823511022,6.931815202973284,-5.299264563692967,11.819603877998976,-12.666661195752251,13.04347855345407,-11.411457050519289,20.83568114818908,200,21.956813438083504,17.118868441691944,25.71013974920632,32.24713819870837,34,400,1.6753854076786903,5.579255597650203,3.3333332869040984,-14.999993512215658,6.923051026334234,3.4347958906194402,4.392393634682277,3.2000015397414803,-5.499999943183735,11.818183582307324,4.120158596927834,6.151890596096187,4.800000074222231,-12.666661195752251,13.043478704186771,2.444773189249144,6.554572648484329,2.0512836615539944,-11.393341271433192,17.39444357737403,0.6853627063083942,5.278959687330369,1.5054992575291535,-12.358914160786522,9.501629631616613,1.7594104829407502,5.568943724237773,1.039138434016704,-6.575312135869353,15.478892733155234,21.92304453854989,17.318183525491058,25.710139899939023,28.78778484880722
warm_days,40793,Qaen,9.519655934231317,13.631101605038134,18.22387660927074,8.704220675039423,-2.54464092619186,15.013889575625296,5.286780234209848,20.041665900447445,4.117662403388583,26.666663639759538,-3.034101364889572,18.936329743230853,200,17.558530501817156,14.754885666237596,22.549001236370955,21.970431108120426,34,400,9.312877551535367,4.3534684208301595,9.56522155195738,-1.687498990699419,15.00000016607442,13.411183052806937,3.899220516766888,14.800000460471672,5.549019679186716,19.174340602650833,17.77276106010951,5.21568628526449,18.799992004002725,4.117648564597624,26.66665588481952,8.459883508574142,5.282839168265384,8.50213397283499,-1.0506295848677258,19.999989575417903,4.361578007302572,4.886169487448624,3.888887086265388,-5.0494589458901755,13.75347291905706,4.098305501271572,4.099264996013877,4.166671954123824,-4.254197920496016,11.806118149878762,16.68749915677384,13.625320923464116,22.549007320221897,21.050619160285628
warm_days,40794,Safiabad (Dezful),8.458965584590338,13.472610433853976,20.83309587092109,12.374130286330749,6.42857151843054,12.920672810505208,6.656248479567755,22.29591372683881,-15.999996962012125,36.72222082878016,-22.676466588161794,28.437102243106096,200,6.4921012920746675,15.639665247271054,52.722217790792286,51.11356883126789,34,400,8.389027715558141,1.6735419875729225,8.148149035470524,6.428571260770986,12.857142087897174,13.522794227309538,4.916842348003638,12.00000056410856,6.656248479567755,24.49998856259356,20.66879494396372,12.613814361367414,22.727273604919787,-15.999996962012123,36.96429033442991,12.279767228405577,12.338270113631527,15.555554580895837,-22.676466588161794,27.84781591424108,7.14600071665418,11.888448459463024,9.909089661506114,-19.178571320945927,22.81898697379387,5.133766511751396,4.793531583656419,3.452744695161208,-1.1176733908797427,15.133357579571564,6.428570827126188,17.843740083025807,52.96428729644204,50.524282502402876
warm_days,40796,Dehloran,15.465528737214855,18.99487620257964,31.58528000862241,16.119751271407548,4.166666093245878,27.1517872487383,8.731249428909917,28.003125334692463,7.978571846834064,46.331246071575016,-5.911611015840592,31.538438434962163,200,22.985121155492422,19.271875905782544,38.35267422474095,37.45004945080275,34,400,15.175867261001576,7.540839328833453,14.687491940338639,4.166666679205435,27.15178724873829,18.761399034394827,4.4890782664617355,18.571428737484382,7.9999999454890505,28.124995614647233,31.262935256788214,9.225532735984164,30.869566009503068,8.000002949648609,49.49999835885849,16.087067995786644,10.076861307352537,16.42262021360321,-7.052621483585736,31.59521704916821,12.501536222393389,9.312897138573243,13.281295911608726,-7.92312973140536,28.627449164827826,3.5855317733932512,6.215018718439175,4.855403660368069,-9.159162724878062,12.695806903805016,22.985120569532857,20.12499566915818,41.49999540920988,38.647838532753944
warm_days,40797,Kuhrang,8.856375439245026,17.225435746163768,27.69085240113264,18.834476961887617,-3.333313067956885,25.714284572843457,7.029414871039499,30.020830961486396,6.6666681247873605,44.14339829911921,-4.769227900515108,41.67045333097367,200,29.04759764080034,22.991416090446897,37.47673017433185,46.43968123148878,34,400,9.16308879322589,8.532251972801365,6.666660999343463,-3.3332294042135184,25.71428561922647,17.665047491436408,6.779210677727589,17.599999440660433,7.032355946033159,31.538450494346158,27.887573648926477,10.18642336158931,27.916672550761916,6.521739446741662,44.1433979527242,18.724484855700588,11.321026789718916,18.14246923135864,-3.2531621199169685,38.75623331572753,10.22252615749007,9.70137074068954,10.343798209551135,-8.705880172038743,28.83911529595015,8.501958698210519,7.3214828842526405,8.79166642920503,-5.715656111208105,22.389810895673655,29.04751502343999,24.506094548312998,37.62165850598254,42.00939543564449
warm_days,40798,Shahrekord,6.930712266833605,16.336742341209824,23.82350314120561,16.892790874372007,-2.8571413571576083,22.72727220182075,4.383332097580085,23.875028183477347,7.500001197413376,39.99999353061481,-0.462478326314143,35.57444849189169,200,25.58441355897836,19.491696085897264,32.49999233320143,36.03692681820583,34,400,7.319248624893819,6.6358955518710125,6.363636168941072,-2.8571426079265017,22.72727220182075,16.219197439889232,5.422875084629327,17.77777778549398,1.7622533434602992,27.777778054008312,23.464943840809514,9.823419663886833,23.913040707890985,7.499998737501939,40.99999934649634,16.145695215915694,10.741379073159369,15.97041368254952,-5.562498492345174,35.566061006516435,7.245746400920277,9.513370534998181,6.742423884474174,-10.333931669994321,26.31416050485773,8.899948814995417,6.330768589296018,9.423071407472335,-4.706428327882549,20.501229646265426,25.58441480974725,26.015524710548014,33.5000006089944,41.128559498861605
warm_days,40799,Ardestan,3.862293519575977,7.447266940890914,11.552433351088249,7.69013983151227,-8.124996002268876,10.000000680532027,-2.671428221321779,18.460526008546093,-1.557859983355468e-07,17.69229032611712,-5.634373539924479,17.581956198710884,200,18.124996682800905,21.131954229867873,17.692290481903118,23.216329738635363,33,400,4.24385780102351,4.915502297567051,5.454544915669302,-8.83627637606141,10.399994453910272,7.318367346176753,5.669247132282006,6.842105618996442,-2.360783269583946,18.888886474792354,11.897862569334047,5.195491390678452,13.478263968517354,-7.353983121825794e-08,17.69230636173531,7.654004768310537,5.647900441056371,8.218135396332848,-5.624996274502379,17.58195619871087,4.579495223157295,5.984705770322602,5.208332040245686,-6.666664282805224,16.00212251808059,3.0745095451532425,6.349006829421986,1.9461691719582017,-7.681029256863661,17.0512310632464,19.23627082997168,21.2496697443763,17.69230643527514,23.20695247321325
warm_days,40800,Esfahan,7.848458068660028,14.551023670316034,28.44031675927516,20.59185869061513,1.9499898969259712,16.36363591450246,6.666674511693834,39.65955873795423,-3.99999939769056,56.89772763608143,-11.147615048905452,46.70714680767216,200,14.41364601757649,32.992884226260394,60.897727033771986,57.85476185657761,33,400,7.751623809465834,4.296555249821718,7.777778133871141,-1.4285534080086482,16.377627062354666,13.962271670402295,7.854451380090287,11.99999666550114,6.642856996634733,37.40652432873778,27.979234177883527,19.101959150068442,34.48028026107501,-3.9999990003797805,55.81519130066529,20.227610368417697,18.05010281135289,26.970971219125644,-12.274234662632416,43.03610952281824,14.016962507481235,16.60666651597221,19.855678564893527,-14.477437561588593,34.50594986776123,6.210647860936461,7.242474977784256,4.523809898810402,-3.0378739919143665,27.671144402167116,17.806180470363316,30.763667332103047,59.81519030104507,55.31034418545066
warm_days,40801,Naein,4.547173274679079,8.859712992363045,10.186951553215636,5.63977827853656,-5.882345779544863,11.92308010890786,1.9999962471050907,14.389117962745898,-6.315778244419926,17.69229907416808,-9.445585931821128,17.669220925862604,200,17.805425888452724,12.389121715640806,24.008077318588008,27.114806857683732,33,400,4.459278387766677,4.837391318194584,4.500004845754795,-5.882242703353536,11.923077238390222,8.953784085320217,3.3515507560849915,9.411773376011773,1.3928575804650347,15.20333508272518,9.410330304487427,7.027516344527773,11.999988938751352,-6.315789359629948,17.699999725049892,4.9510519167207505,6.998909438299282,6.0519291799513,-9.445585931821128,16.5495525143209,0.4565462191672113,6.9970037395892986,1.325572344307718,-14.291072221728232,11.208162366645118,4.494505697553539,4.047200430116051,4.140235654700948,-2.513583151795055,12.024980253283257,17.805319941743758,13.810477502260145,24.015789084679838,25.99513844614203
warm_days,40802,Esfahan (Airport),5.067138047726712,10.422351397514644,12.149460547672756,7.082322499946044,-2.520832571303019,11.48792265171247,4.162500749016609,16.666665563871312,7.491598876793251e-07,23.74999946610459,-8.337498946625903,20.656512793392324,200,14.00875522301549,12.504164814854704,23.749998716944702,28.994011740018227,34,400,5.27972997421858,3.5859158070707635,5.9259268515043395,-2.500000016580175,13.33333298432569,10.399470351922123,2.7490127012786956,10.322583206085726,4.166666922444728,16.666664331733305,12.44015417409488,6.720202740463416,13.63636355945853,-3.723328742992826e-07,23.749999452348995,7.160424199876299,7.182419683644634,8.043038070784856,-7.845835631357533,20.63628643214818,2.0406838221727552,7.017357202094228,3.5315923381051224,-14.070171708371848,13.575890039171135,5.119740377703543,3.4931583588640374,4.916465245600836,-2.495911228397017,12.701781848162925,15.833333000905865,12.499997409288577,23.74999982468187,28.482122063505713
warm_days,40803,Kabutarabad,7.898808667480903,16.137395852711226,21.553013314453093,13.654204646972186,-0.6666600009775844,13.749994849871484,6.656247506782669,22.3566136728436,-1.3588242988533072,37.09443345200759,-10.898547572260718,28.7538504798076,200,14.416654850849069,15.700366166060931,38.4532577508609,39.65239805206832,33,400,7.810529466897882,3.0422363942470305,8.333333165509497,-0.6666685493901771,11.866477113357536,16.066272083237894,4.644027343156079,16.961535218177655,5.999999707376314,23.99999828087256,21.659034992089573,12.199667000099488,23.478261275580287,-1.3333344414286772,39.333332399510184,13.848505525191694,11.677015303317752,15.268531397876258,-10.089586182606121,33.615632524112584,5.592762908851682,10.060817922202805,7.2769644497682044,-17.44444548959512,19.805715927897733,8.255742616340012,4.014348482156024,7.91666658490359,0.9982822469082266,16.78331882569769,12.533145662747714,17.999998573496246,40.66666684093886,43.7052187067187
warm_days,40809,Birjand,6.795445030900435,13.207496219215072,14.01101999430916,7.215574963408726,-0.088236963365737,11.66667044312426,-0.0178549098303881,20.714283640383098,2.857151544528762,21.428570946771917,-4.950386829034547,17.536225466900532,200,11.754907406489998,20.732138550213485,18.571419402243155,22.48661229593508,34,400,6.493436740278695,4.7690552787977545,6.666666465447831,-6.666629613109577,11.666670443124259,13.016155648461561,4.932422451626293,13.333331956018357,-0.017854909830387518,20.714284803806358,13.712776017597548,5.465694582646858,14.444427344101271,2.8571442171645356,21.428570301595844,7.219339277318855,5.858500892452339,6.714967284863311,-4.950386829034546,18.008288825430885,0.6966203691359896,5.8848447949533504,0.49418723998538816,-10.668381652525508,11.483515421965775,6.522718908182864,5.980242140158972,5.9769703344823615,-5.380940988414709,17.919511436729888,18.333300056233835,20.732139713636744,18.57142608443131,22.95867565446543
warm_days,40810,Bostan,7.356878178907652,15.41239951038622,28.558785051076008,21.201906872168355,5.00000036644201,10.000000371157787,3.333339007094946,25.7380950546332,12.785720888320464,37.06111065837917,2.6973194278324857,30.52135163225036,200,5.000000004715777,22.404756047538253,24.27538977005871,27.824032204417875,34,400,7.323475885366106,1.7452702085423712,7.08333269580705,5.374997253183231,11.428557228848497,15.446075137526725,6.492959062727266,16.36363663223038,3.1785720119475904,26.690475963400083,27.908673931923804,8.533771192888425,29.1304392065116,6.65625044292053,36.67593755437464,20.585198046557696,8.84585321165208,22.608785674141487,-0.00679649500663976,30.456061660555857,12.462598794397081,9.325095118268155,14.387826445761712,-5.6462575530822905,27.51760332591716,8.122599252160619,6.4659939351359235,8.781510632869816,-6.958331312722977,19.390928365056965,6.053559975665266,23.511903951452492,30.01968711145411,30.462858155562497
warm_days,40811,Ahvaz,7.308571903318889,13.072598457046546,23.605653298036856,16.297081394717967,1.950000550955929,16.275557939624218,-0.0192284206788812,23.74439501784612,3.2500000196924126,38.06136230639186,-5.1519647607109205,32.45265527954145,200,14.325557388668289,23.763623438525002,34.81136228669944,37.60462004025237,34,400,7.35267757802168,3.93678919742375,6.818182841532265,1.9500005860243705,16.24998964105586,13.244497152535033,5.938202623632738,13.043483075609043,3.3333420016291067,23.722173547114455,24.03422468576754,10.76963311406924,24.28571451479185,4.701737624677223,37.99999504590628,16.681547107745857,9.572452129368997,17.458370046396855,-3.9347813651836816,31.964276629696784,10.789727533232503,9.219584890172825,11.24223531587008,-7.3327095291374205,27.714280074541538,5.8918195745133515,4.559037082802538,6.166666280853101,-1.753864308515817,14.259134593783928,14.299989055031489,20.38883154548535,33.29825742122906,35.899057994880465
warm_days,40812,Masjedsoleyman,13.589821054034488,15.155161806993712,17.365226151186434,3.775405097151948,3.978126634865616,18.571428894611937,9.1666682983622,20.76923075073868,-4.210526173117376,42.14285292474791,-22.543858540536498,35.08730985848176,200,14.593302259746322,11.602562452376478,46.353379097865286,57.63116839901826,34,400,13.274256756819682,4.30894173846238,13.5714280122563,2.6666694886967752,18.571411195702,14.940138549681997,3.31964521156205,14.999994667283058,7.500001163416796,20.769231184912204,17.135213970294195,12.420329497438125,16.500008542547995,-4.210526960770843,42.14285468211611,3.8609572134745123,13.295448652406126,4.691450942680195,-22.21885932903416,35.263291028081625,2.195075420612198,11.815975927516517,2.7499951807213616,-22.210525725146297,27.14284908548289,1.6658817928623149,4.670349926742751,1.5294118731123287,-6.88810244311542,11.637112084607828,15.904741707005225,13.269230021495408,46.35338164288695,57.482150357115785
warm_days,40813,Ramhormoz,11.004605043502524,15.302874313133843,22.57280802238831,11.56820297888578,4.285715784837035,16.999962551981188,7.611903128901543,30.07142788189156,-0.5710781593864243,33.40000056057652,-10.756120103977794,24.46342437589523,200,12.714246767144154,22.459524752990017,33.97107871996295,35.21954447987302,34,400,11.161309501837628,2.5980191403431325,11.48148106716895,4.285723549022281,16.99998946959538,15.349478312759857,5.5732396289245925,13.68420920486238,7.619048469192435,27.539771330587318,22.758275737323867,10.688490456108648,25.23808852674287,-0.5555546356409915,35.9999930440903,11.596966235486237,10.087105024268974,13.756613049837213,-9.388219027501444,23.66661626893367,7.408797424564009,11.469745412818428,11.190474078688784,-18.947365165396164,21.428563029034628,4.188168810922226,5.502654301012602,2.852716893906627,-4.143190451657501,17.19046748178959,12.7142659205731,19.920722861394882,36.5555476797313,33.054835296435115
warm_days,40818,Abadeh,7.703773140103113,14.454452156231444,15.319906810059294,7.61613366995618,-3.7499954350555487,25.62373866655796,4.285716829610418,21.2499966660775,0.833333892395184,31.81818161498177,-7.839928119941177,19.012152845733315,200,29.373734101613508,16.96427983646708,30.984847722586586,26.852080965674492,34,400,7.3491978484041365,7.49517988302954,5.789474858713342,-3.749999601192252,25.45454480584577,14.207310864563137,4.769594747016749,15.000003302581455,4.241071161815501,21.254465697502567,14.826155972390502,7.560266557537528,15.652174728124722,-1.4285709322568132,28.3998548138046,7.476958123986366,8.099382672861006,8.204332767271792,-9.74166515259996,19.94185051323813,0.6188451078273656,6.173203286905225,0.6521775116000663,-12.777776583598767,12.116379001080537,6.858113016159,6.499314787841977,7.857141972272063,-6.707797607905583,17.782889861026668,29.20454440703802,17.013394535687066,29.828425746061413,29.68351566583809
warm_days,40821,Yazd,6.568637924289216,11.172847676316604,14.11261411018299,7.543976185893776,-2.4999998070049028,14.810217192255353,4.429469798824959,15.938497682648482,5.333333830279131,27.85713848386416,-2.9798520152040457,21.756812622515326,200,17.310216999260255,11.509027883823522,22.523804653585028,24.73666463771937,34,400,6.537622368104374,4.7401767248542885,6.818181583031955,-2.6666625239717865,16.260417296986613,10.971623824503183,3.1698653852029657,11.000000028993249,3.8461782113932528,16.434522708167712,13.897438067550084,5.560836214428039,14.166666465062974,5.333334738289202,27.857140047190825,7.35981569944571,6.232676902847089,7.1818178432080915,-2.9924187575727155,22.17657420590811,2.9258142430469007,5.439008756840527,2.4856568369941865,-5.200434615711085,15.006256958040657,4.43400145639881,3.9583644071997695,4.579816602589627,-3.577625714436362,11.478648518923661,18.9270798209584,12.588344496774459,22.523805308901622,25.168992963480825
warm_days,40827,Nehbandan,5.954703870936226,11.765272467804447,11.330903025315026,5.376199154378803,-3.3333250943904598,15.555562038237133,6.514945565216331,18.189772518811903,2.5000015271187874,23.464287934059605,-6.355626008524046,18.439351587268877,200,18.88888713262759,11.674826953595574,20.96428640694082,24.794977595792922,34,400,5.775315041263517,5.078745552467728,6.428571380385472,-3.3333286758729375,15.555555291152007,11.782736256165405,3.4189983517821916,12.307692685366595,5.833333820451999,18.503016904752904,11.08982345371,6.630602560991506,9.999999458811342,2.500000989769948,22.869047053151736,5.314508412446485,6.688076903790481,5.888884056517078,-6.355626008524046,18.739098785396195,-0.6929128024554047,5.814838105102413,-1.3333198157036454,-10.558084314774277,9.512502307256446,6.007421214901887,5.441479881747803,5.925925134625938,-3.747017077771899,15.828690145350297,18.888883967024945,12.669683084300905,20.369046063381788,25.094724793920243
warm_days,40829,Zabol,8.019383050533376,19.048403983559545,17.657395781790555,9.63801273125718,1.3608039054300185,14.613636250028604,13.304348650447071,24.85272517266055,3.3333332258878285,24.705882161219243,-5.333331778166845,18.727779954184605,200,13.252832344598586,11.548376522213477,21.372548935331416,24.06111173235145,34,400,7.818185198512476,3.7909948275265037,8.66666642894885,1.1909752890435863,14.545454453205146,19.009211255568204,3.3692916682706096,19.333334135739918,12.169573460940533,24.800688897594398,17.35846586988129,5.694299022976276,18.947369476659517,3.3124589664271253,24.707282941366742,9.540280671368816,6.501567837809006,10.259254913698134,-6.6666532439952455,20.948230054805506,-1.6507453856869116,5.189821413322931,-0.34557484019241613,-14.52291631740552,5.000633595049005,11.191026057055728,4.186008517157369,11.066664072797302,3.0335247280446076,18.841666907033986,13.35447916416156,12.631115436653864,21.394823974939616,27.614883298800752
warm_days,40831,Abadan,9.456844085479194,13.163291434538005,25.63803710991888,16.18119302443968,4.166669238880642,13.33332050768127,6.189557579787451,19.270833700440036,9.033944167657872e-07,41.00624968277964,-6.1904774156978535,31.862758858696303,200,9.166651268800628,13.081276120652586,41.006248779385224,38.05323627439416,34,400,9.574881092118265,1.951183592808659,10.000018014873607,5.272871213195956,12.857144061269631,13.282873126761247,3.688642861261465,13.157893213242087,6.142857576035778,20.416665149226496,25.877910168029956,7.750113373471574,27.619046211620436,3.7916648916900852,40.999998532742666,16.30302907591169,7.136314202768425,17.202375617499584,-5.3005837899859785,29.832368984347355,12.595037041268709,7.907422208284643,14.089636363301661,-9.268968483690038,26.327364231148717,3.707992034642983,3.6484022352375938,3.240463256801756,-2.432978049773323,12.036346610277768,7.584272848073675,14.273807573190718,37.20833364105258,35.13295277433333
warm_days,40832,Bandar-E- Mahshahr,7.9736528205250945,11.884021587743309,20.29706498139855,12.323412160873454,1.7384444146312337,12.28943795033978,5.392369176874335,18.333333304062016,-0.0526220355182802,33.17922737165203,-8.478815749416343,26.97604801459285,200,10.550993535708546,12.94096412718768,33.231849407170316,35.45486376400919,34,400,7.8616092272188,3.1375940664874507,8.333332854934845,0.0001218440753422501,12.272725888987871,11.544970115871422,3.8447924668492517,11.500000784638246,4.255494115796369,18.333333001711893,18.924607737282145,10.443590408444944,19.444445700101447,-2.1052609635108817,33.124999149874576,11.062998510063347,11.107324216303395,11.278412706919395,-11.201979363508144,27.59261477525009,7.3796376214107235,10.46163013769209,7.652690594146028,-14.021426008565857,23.90295737106888,3.6833608886526226,4.590326401409579,3.633333458452598,-3.9999625989278487,13.897495313787296,12.272604044912528,14.077838885915524,35.230260113385455,38.794594138758235
warm_days,40833,Omidiyeh (Aghajari),10.252424841429384,14.273560243057403,21.211092487872147,10.958667646442764,5.000008374552959,19.230768915516112,6.92308362511567,20.825454286336782,-4.999999145026608,32.78408970391137,-11.681818190927588,20.97857226009498,200,14.230760540963153,13.902370661221113,37.78408884893798,32.66039045102257,34,400,10.066313886145135,3.6508144673792255,9.999999176907338,5.0000005834643275,19.999992607143447,14.361441107954112,3.9653601375439016,14.736841825945742,6.916666519385968,21.818181092647524,21.456348921248487,9.243096759493271,25.555555994514556,-4.9999988035305405,32.72726937767637,11.39003503510335,8.885862442191192,14.705883047318311,-12.223486515702154,22.143016705188558,7.094907813294373,8.47793694092648,10.39725400504171,-13.548327095437124,16.66911314363014,4.295127221808976,3.6903185555249,4.336713247969417,-3.167535105074303,11.397553862465616,14.99999202367912,14.901514573261556,37.72726818120691,34.36650322089071
warm_days,40835,Dogonbadan,14.96073421968287,18.25176083632886,26.497323114261956,11.536588894579086,8.181817857100041,26.249999462586704,11.751823107203258,28.654018940251845,9.025401116315996,45.99998864561189,-6.886901454690192,23.420273520628616,200,18.068181605486664,16.902195833048587,36.974587529295896,30.30717497531881,32,400,14.946165720955207,4.209161525365242,14.999998649026047,8.181817862859695,26.24999926026494,18.05559479928189,5.353704643354739,18.095236373549145,10.909091463375404,31.874996386779475,26.887359326880247,9.054618080698374,29.999996932928,10.518939635536704,45.999998419339285,11.941193605925038,9.628739994086795,14.70586830810581,-7.922692804253265,30.63199586541827,8.831764527598354,9.769908100647607,10.160631270943178,-12.13875215053552,25.547543173020703,3.1094290783266842,5.06694703384319,3.3116876452820794,-6.984883286637208,14.7321429832006,18.068181397405244,20.96590492340407,35.48105878380258,38.554688669671535
warm_days,40836,Yasuj,6.97570214505806,14.117883041957077,17.703671325116776,10.727969180058716,0.0003321388744456,11.333327707701075,7.821611329545996,18.12500099522891,-5.294101312778955,52.35291205676624,-11.17475383202264,41.90974166020008,200,11.332995568826629,10.303389665682914,57.6470133695452,53.08449549222272,33,400,6.804116642658819,3.3465455238919013,7.000001596357784,-1.9999946501984711,11.333327646503689,13.98480263255957,3.185246734168366,14.347825213637778,7.597501846584543,18.33333055329949,17.85674741869705,16.127705632069343,17.777777444257524,-7.499999097927009,52.35293979266831,11.052630776038232,16.58833625284309,10.62492922159936,-15.166053397847428,48.911009535436094,3.87194478613748,15.99556287064019,3.868661687159869,-23.852089227511506,36.01200536947851,7.180685989900751,4.149288132264799,7.046158366578977,-0.999987684712963,17.003917947902256,13.33332229670216,10.735828706714948,59.85293889059532,64.07706293328351
warm_days,40839,Anar,6.472080752910237,9.60932706073533,14.83355479094124,8.361474038031002,1.9884626960238196,11.913594271139562,2.4930694694765148,14.09090705737647,9.166666952126926,23.03750003699339,-0.913597644361271,17.22930669320947,200,9.925131575115742,11.597837587899955,13.870833084866463,18.14290433757074,34,400,6.3482759724496205,2.6193131554367444,6.000000355557501,1.9884627964075574,11.874999873629536,9.634390684771597,3.5693192399437623,10.76923216096695,2.493069469476515,14.090905265627276,14.61889693744915,5.1555921267051374,12.500001385945467,9.166666795139438,22.999997872947233,8.27062096499953,4.7456197672244285,7.656857651003097,0.5425035033776398,17.22930456460284,4.984506252677555,4.419277573891458,5.1552797325608735,-2.499993450923159,13.333303894512062,3.2861147123219765,3.076362386840009,3.6158997065952883,-3.901599339528838,8.336687986927183,9.886537077221979,11.597835796150761,13.833331077807795,16.686801061225204
warm_days,40841,Kerman,6.555716374664073,11.631408655691512,14.124126015483151,7.568409640819079,0.6666675108768657,11.77058736658236,-1.5454348518935483,20.81571237575534,5.000003126281229,24.54545379699537,-0.913700917206738,18.255303852463715,200,11.103919855705493,22.36114722764889,19.545450670714143,19.169004769670455,34,400,6.167443230252592,3.332195264024655,4.9999996084445755,0.6499999749448018,11.764705023628805,11.214686769716018,6.063280293508973,11.698573639437132,-1.5454524461064696,21.16071324293874,13.617084341250642,6.8062376360870465,11.250000235900524,4.347832733159851,24.545453796995375,7.44964111099805,6.546858824050773,6.8499955108248685,-2.037614955433856,19.678608253816567,2.402397571534623,6.612093930662006,2.1613195030092966,-8.768055848196854,13.073071157168382,5.047243539463426,5.704497366601109,5.599998380563472,-6.1291648587284,14.350241958552807,11.114705048684003,22.70616568904521,20.197621063835523,21.716223209250423
warm_days,40844,Dorudzan,9.960946026064684,16.700317605697155,23.062164365869805,13.101218339805122,4.968751146368084,17.151786388350548,8.324999971530367,22.1469946867884,1.1111116247378745,40.47618973518232,-6.388885021253672,30.476179369838988,200,12.183035241982463,13.821994715258032,39.36507811044444,36.86506439109266,34,400,10.23403935537701,3.33490677752136,10.322580699231377,3.7500547436637426,17.517045192050787,16.652842093565507,3.58791098846297,17.27272713498419,7.000006304894278,22.142857625273166,22.835958759168598,10.52780513909347,22.000000021296195,1.1111116247378743,40.476190646616516,12.601919403791591,10.256089223475579,12.613499858866774,-7.141988918336292,30.476179369838988,6.183116665603094,9.883386237287935,6.000848066478198,-13.008330862937315,22.10044714901949,6.4188027381884964,4.000759509153277,6.466166180062065,-2.222938913206546,13.754730989153828,13.766990448387045,15.142851320378888,39.36507902187864,37.61816828817528
warm_days,40847,Zarqan,10.787930428382788,17.95970372332699,20.568807155823585,9.780876727440797,7.142862089663347,18.999999789514163,12.848214531148368,23.854167437919887,12.22222313893626,34.374997809034305,-3.202612291024638,23.745749692009,200,11.857137699850817,11.005952906771519,22.152774670098047,26.94836198303364,34,400,10.97382915956372,3.376259434010361,10.50000113382162,7.142861185200541,19.333332429654085,18.172331816200373,2.929950489780934,18.095238062168804,12.857143044049982,24.187498425826092,20.665107949975745,7.604733860537544,18.88888571606067,12.222223145660761,34.40848116850537,9.69127879041202,7.81480082589486,8.88887907546879,-5.078188155215988,24.572840455671145,2.4927761337753704,7.255728849043108,1.581196444037431,-8.5834175878974,17.668493098157768,7.198502656636651,3.439538626865831,7.058825287349137,-0.4452382503337792,13.112168136388707,12.190471244453544,11.33035538177611,22.186258022844605,29.65102861088713
warm_days,40848,Shiraz,7.680892187475797,15.160099789643423,21.593532077760727,13.91263989028493,1.075388653702179e-06,17.80833361615967,3.32142669816566,22.738638786839225,3.333334165744601,37.52678580754881,-3.577381107765403,31.330126789169192,200,17.808332540771016,19.417212088673566,34.19345164180421,34.9075078969346,34,400,7.549000505396998,3.6192174481454416,7.083334860339039,5.111888908119457e-07,17.505681852484656,15.184223599066293,4.679662082227703,15.999990982384663,3.32142669816566,23.846153414232976,21.717776266552274,9.696898929529068,21.249989665490947,3.333334002468926,38.571419990284184,14.168775761155278,9.506135065820331,13.30627583325933,-2.5012239443791078,31.629411957963967,6.5335526674859805,8.285074681190808,5.376574529859866,-9.456465292928991,21.954091130425788,7.635223093669295,4.722944764174126,7.854877058453069,-2.9366749003326262,16.23855449495813,17.505681341295766,20.524726716067317,35.23808598781526,34.13063590234307
warm_days,40849,Shahrebabak,8.846344578079409,13.983496566011368,20.7666967488136,11.920352170734189,1.811190275405277,17.272727717816064,2.0000048437259803,24.003448600581613,3.325001260425044,30.512502311464928,-1.3233055045214015,23.670616221358696,200,15.461537442410787,22.00344375685563,27.187501051039884,24.993921725880096,34,400,9.039628279272023,4.765001602374346,9.161147056273045,1.9954464414158153,17.337500260919676,14.56166725611141,4.599516175976602,14.615383299424703,2.3076954551193753,24.598482803256967,21.01292926696476,6.484305082212327,21.578946684435813,3.3250012604250445,28.571428052212024,11.973300987692733,7.047265062868717,12.116400048244655,-1.3233055045214002,22.757348624507795,6.451262010853347,5.695980691220333,7.112108562695915,-5.753010288777856,15.981572726726302,5.5220389768393865,4.899435642558854,5.956959384870618,-6.252084435160996,14.234522510542991,15.34205381950386,22.29078734813759,25.24642679178698,24.080654129029195
warm_days,40851,Sirjan,8.359560315906942,15.131752206432534,15.446659032085616,7.087098716178674,-0.024995812215524,19.999999255786,5.533335008134022,21.56818045145669,-0.8720142858736034,31.051923321935305,-7.880713978576646,21.016394121728453,200,20.024995068001527,16.03484544332267,31.92393760780891,28.897108100305097,34,400,8.461264103715743,3.782799718020763,8.333334091779665,2.4875371321961827e-05,18.17187494236811,15.313404420668698,3.17484855210664,15.384621744176872,8.86110306449991,21.56818177869988,16.022272510727507,7.978441826898561,16.086956632292143,-0.8720142858736021,30.77499778623005,7.561008407011764,7.3222427917545625,7.6794489761941165,-7.857139811601786,19.80385536529442,0.708868090058809,7.217608110739743,1.6167090673905982,-16.190472258562586,11.57142597121501,6.852140316952955,3.633339188544954,6.666669908767508,-1.315217549413294,14.597352119162846,18.171850066996786,12.707078714199971,31.64701207210365,27.660995176896208
warm_days,40853,Baft,9.372458646663835,15.985300588080989,22.561830949926325,13.18937230326249,0.9071977890889812,20.01562522547687,6.636363998692129,25.384614590952083,13.436755721789792,30.09090693891914,-0.0321580250263552,24.06196899574786,200,19.10842743638789,18.748250592259954,16.654151217129346,24.094127020774216,34,400,9.392234643614565,4.262918794110997,9.41176415921973,0.9090991180929718,20.624969635797317,16.080360108278104,5.052941428904835,15.714285867347309,6.6666752958520785,25.384616310512744,22.28253855740779,5.891033615215428,24.000000306353115,11.744950312096979,30.009997633820326,12.890303913793227,6.684683734879384,13.571388069772855,-1.314888942459719,23.745315578416665,6.202178449129687,5.879173007306687,7.000000071015923,-5.526313364526238,15.744160457169063,6.68812546466354,4.670251260283532,6.485718024898687,-1.8778304590452175,17.207772580302333,19.715870517704346,18.717941014660667,18.265047321723348,25.060204520876383
warm_days,40854,Bam,10.513669461748416,16.023229290848075,20.83659963741442,10.322930175665997,6.666670269297858,15.566666544588545,10.000015584505707,20.715658526366724,11.000000229479127,26.666666231481017,1.688791018773578,19.008326042386717,200,8.899996275290686,10.715642941861017,15.66666600200189,17.31953502361314,34,400,10.698333906955353,3.337828883067401,9.285715362236981,6.666667564851868,16.666643658981716,15.95873954981495,3.063458464137828,16.66666594663789,10.000002844746396,20.71565852636672,20.967175765777448,5.073204437526213,22.39999898331613,11.000000047643036,28.571347991122803,10.268841858822089,4.806119647848641,10.281382913417614,0.6715699097215806,19.33332040767183,5.008436215962494,4.759484111475888,5.454543382979738,-3.6071400448023403,14.859626285688483,5.260405642859597,3.4730590630333107,5.376512069333306,-1.3522482834479796,10.457479472873262,9.999976094129849,10.715655681620325,17.571347943479765,18.66175049795025
warm_days,40856,Zahedan,3.464655291166539,9.358837300742328,10.41570279015938,6.951047498992841,-4.293949148415585,10.55555554307549,-0.5801306897217832,15.499998087980408,0.609375618517243,26.033362364392683,-1.6648491460335848,20.00777558869008,200,14.849504691491076,16.080128777702193,25.42398674587544,21.672624734723666,34,400,3.1326346973104378,3.7579444742764063,3.333332916466933,-4.615381058323746,10.555553542146887,9.14246816480944,3.5678421059475465,9.285712894671414,-0.5555583778212758,15.499996822055275,10.3173800680652,6.238317820567784,9.565217920174131,0.6250015834025102,26.000000161111053,7.184745370754761,5.431355093417609,6.666709939363436,-2.36030899064254,20.004875109262493,1.174911903255759,6.169205505424889,0.166665040510539,-8.836362626981497,15.907135125459424,6.009833467499002,3.4274295522252687,5.5555070320175,0.11884625304350162,13.16964385767991,15.170934600470634,16.05555519987655,25.374998577708542,22.365184099905033
warm_days,40857,Bushehr (Coastal),14.48692368589616,22.587501391393744,28.49665337918372,14.00972969328756,3.6363657870272528,44.61535387924735,8.571429538267193,33.076921487774,16.099637209789776,44.99999852481994,-10.10398682187084,30.03095409276472,200,40.9789880922201,24.50549194950681,28.90036131503016,40.134940914635564,34,400,15.280802867160242,11.117532310263561,9.444460849952,3.6363649580370816,42.55288471033311,22.874120067052896,6.308844871671473,23.913046628417966,8.74999985563419,33.08333452186406,28.24136743305957,7.727372219204558,27.45370094073354,15.6521815266431,44.999994649059126,12.960564565899325,10.570474947968135,14.819425703177117,-11.979796703880995,29.846149298661086,5.367247366006671,6.3194183028563975,4.697773365968847,-5.767036778414889,16.43697442871406,7.593317199892653,8.987952935539692,8.634377406444585,-14.004260644838771,20.057364736943295,38.916519752296026,24.33333466622987,29.347813122416028,41.82594600254208
warm_days,40858,Bushehr (Airport),3.1889480572076603,-0.2528164218114219,-6.584159429597508,-9.77310748680517,-7.195053153730025,13.63636339591762,-16.92305301811079,8.573813718130571,-18.69047539943344,5.835214162903654,-24.10118578815992,6.168981279253114,200,20.831416549647646,25.49686673624136,24.525689562337092,30.270167067413034,34,400,3.2569228275632587,5.147137452909071,3.0000006892215354,-5.04165821195472,13.636361411470517,0.3834965085371891,5.307437369841394,1.1538491594671767,-14.171874635462375,8.130212991529024,-6.698933932117213,7.138959921475936,-5.652175192995221,-16.885339241173146,5.789308798209601,-9.95585675968047,7.198999396779077,-9.652170939189222,-23.416269378631362,3.6704524823938387,-7.082430440654402,7.104676995784634,-6.911110961370201,-18.814223652023088,8.726974219315252,-2.87342631902607,4.959016877415338,-2.204376825484238,-13.396463552950141,5.16819660485812,18.678019623425236,22.3020876269914,22.674648039382745,27.0867218610252
warm_days,40859,Fasa,5.852844172672175,10.192842958509988,14.13772576550029,8.284881592828114,-1.4285688125361344,11.599999890068496,4.756495291102383,15.015623502352868,-2.941181166203343,29.99998299954944,-12.453617923598284,24.666666807667312,200,13.02856870260463,10.259128211250484,32.94116416575278,37.1202847312656,34,400,5.888857765956946,3.949108626170119,5.882365440552954,-1.428568102085261,11.76470555052747,10.334085520980699,3.3372896142425565,10.384615315783197,4.756495291102384,14.999998910636606,13.830571287131251,9.03931111449892,12.857142893990925,-3.0065446063176955,24.929997705034292,7.941713521174306,10.141573622776061,7.761908172816445,-12.941130182217154,24.666659820281474,3.496485766150552,8.874922203881873,3.619710682429126,-14.881649487951966,17.988882993777672,4.445227755023755,3.9027844780948286,3.951956781671979,-2.249615891488277,13.050736565755779,13.193273652612731,10.243503619534222,27.93654231135199,37.60779000249863
warm_days,40870,Khash,3.966047630604564,11.36284299372951,14.292239540842,10.32619191023744,-0.4347825983311907,11.116666239501694,4.278570753776436,16.81817735237567,-1.4285698209052395,22.30965693560096,-4.446424822584832,20.42272974525137,200,11.551448837832885,12.539606598599235,23.738226756506197,24.8691545678362,34,400,3.803084779610442,3.7395246429286795,2.3529414208722965,-0.43478259833119076,11.529223601947624,11.355250925551932,3.2104858632836195,11.66666641141347,5.584998671305026,17.346425041226926,14.07380006696129,5.895071425169606,14.583332922999375,-1.4284701809403946,22.309656935600916,10.27071528735085,5.919805581676068,10.14706305001134,-2.5749043636059565,19.925025832635473,2.71854914140936,4.972137853801066,3.0504242446771563,-6.941544449820739,10.626176530820826,7.55216614594149,3.571412212150971,7.857144386274333,-0.6260380864154261,14.550196913953709,11.964006200278815,11.7614263699219,23.73812711654131,22.49993019624143
warm_days,40873,Lar,7.855611933234115,12.598464658778369,16.981427591985508,9.125815658751389,0.7692315569607228,14.54545989641604,3.333335920560238,17.999992000897123,-2.892856117912741,31.66666159151364,-10.741882309972969,28.53815520316452,200,13.776228339455317,14.666656080336885,34.55951770942638,39.280037513137486,34,400,8.206141617112802,4.430736486529157,9.999998630725804,0.7692329019814297,17.14284401217301,12.501116778592227,3.1867101950243755,12.999999771874442,4.958329743568859,17.9999967751686,16.910092012560064,9.068638297210928,18.571422963847077,-1.0526315190232807,31.666659489060724,8.70395039544726,10.298526313243086,8.571420279612461,-10.741882309972965,27.72501395148749,4.408975233967834,7.6415329524811915,4.717392460209926,-9.3445353065002,17.38095098411028,4.294975161479425,4.86318415834668,3.8888844541243195,-4.927009002810914,12.963403363404074,16.373611110191582,13.041667031599742,32.71929100808401,38.466896261460455
warm_days,40875,Bandarabbas,7.496720605568137,10.681294272521251,6.473661449715724,-1.023059155852413,-3.6411583951334983,16.228023140983286,1.139348869154741e-05,15.4545366450935,-14.117646433086716,22.77777479292733,-19.76517748276317,21.56016476318901,200,19.869181536116784,15.454525251604808,36.89542122601405,41.325342245952186,34,400,7.484752156561696,5.932386915488,8.33333326586272,-2.499999972063757,16.1904763733321,10.62863902301797,3.594554280268604,11.538462259281726,1.5384631011231504,15.462920212628946,5.822879023555952,11.151012357819688,2.2727281238066546,-14.117646433086717,21.57894405896661,-1.6618731330057446,13.092348247551815,-3.352309141780326,-20.93386247379623,20.651704264132796,-4.805759999462017,10.53109669241321,-7.272728537343914,-21.904765206911748,12.907326914901688,3.143886866456273,5.780036399019907,3.259806422924287,-7.905367004795013,14.335218449335786,18.690476345395858,13.924457111505795,35.696590492053325,41.58556673792903
warm_days,40876,Minab,8.403963568287677,14.998568303177116,19.95166952681373,11.547705958526054,-15.45453014159563,17.499999491318725,-4.166664878838732,20.02778188641498,-3.529401382769201,33.33333199319932,-10.681817931791638,33.368750769095094,200,32.95452963291436,24.194446765253716,36.862733375968524,44.05056870088673,34,400,8.997141909295014,7.347060071464427,9.999999331133996,-10.136361802279133,17.85184941979752,15.58213494018532,5.117640327701258,17.00000080741681,-2.0000020000003134,21.119047288122136,20.0763526880657,9.238990124763445,22.50000116289013,-2.0521314603625847e-06,30.45454587572968,11.079210778770685,10.111578009285525,12.500011520842477,-10.636211905614754,27.51704245054578,4.49421774788038,7.469197391315974,6.111110069586282,-13.816079644952115,15.964619748900125,6.584993030890306,7.0635760661390465,6.388886946375603,-6.955442613666151,21.43306344637098,27.988211222076654,23.11904928812245,30.45454792786114,38.15325435616053
warm_days,40877,Kahnuj,3.3914414020576293,8.384863098332831,8.946377139087161,5.554935737029532,-3.5163036930140423,14.28571397929494,-0.604775229846771,17.199999834389896,-5.8333296810702056,20.909081741850663,-9.833329476968816,17.591917535836956,200,17.80201767230898,17.804775064236665,26.742411422920867,27.42524701280577,34,400,3.688060671663178,4.864187238148003,3.062498076556324,-3.8095222251803866,17.618974369338122,8.473967678514798,5.469754603723552,8.888887835983306,-5.999994617645969,18.181816909263514,8.739208292022878,6.363185802224361,9.285711437501412,-5.833332999176763,20.909089938770204,5.0511476203597,7.260161302764435,5.344528135855653,-9.834028977228243,18.22223014865663,0.2652406135080805,5.947535701283659,0.08048336687294455,-11.394158058777302,11.683554717610605,4.785907006851619,5.7710345772817435,5.176629809836864,-5.980880778022003,15.828988911366702,21.42849659451851,24.181811526909485,26.74242293794697,28.056259125884875
warm_days,40878,Saravan,2.95501557983104,9.667042998280028,12.128000081541488,9.172984501710449,-5.555553139714156,14.999998162035396,-0.7692275572687746,19.53571154109662,-1.176470171877191,25.29410924294557,-7.835889983860429,24.499998146150062,200,20.555551301749553,20.304939098365395,26.470579414822762,32.33588813001049,34,400,3.1461811356648393,5.4421406113098865,3.5000004177115547,-4.5263919055723845,14.999998937011167,10.241716988334952,5.261374712224527,10.000000117284491,-0.01923263265740448,19.99999914670741,12.417595847714123,7.343261530541332,12.500000893570236,-1.111110406076461,25.294113368051473,9.271414712049285,8.64950799999374,9.779588216411735,-7.727052818923326,26.434522443543162,2.1758788593791722,7.906851601041946,2.257577132178098,-12.501041119989665,17.72726559172988,7.095535852670113,6.0551642643687735,6.777776295852712,-3.9772692328249444,19.667603135228394,19.526390842583552,20.019231779364816,26.405223774127933,34.161575262466485
warm_days,40879,Iranshahr,7.058941988881323,12.048622893413658,9.892547614827796,2.8336056259464715,-4.444439616900406,12.759091890438503,-2.499994768097959,17.164283488903745,-5.894396512405487,24.706653795055427,-13.699187585864069,17.375129230115224,200,17.20353150733891,19.664278257001705,30.601050307460916,31.074316815979294,34,400,7.096521735599838,4.31384560354711,7.391304293478237,-4.444439616900406,12.759091779334078,11.7311398125287,5.454851506087879,14.000000652010065,-2.499999215932643,18.341662014502752,9.20062085113024,10.192532963292095,10.999997332449553,-6.475494135619157,23.92857143827943,2.1040991155304027,10.451315669034924,3.6376766945936643,-15.001382271551773,16.73439892254486,-2.530518961398458,9.172120141540667,-1.0606090894018694,-20.261777523490057,10.526685438387775,4.63461807692886,5.981081531078479,5.8939428595881145,-8.668110566552864,13.609019043479108,17.203531396234485,20.841661230435395,30.40406557389859,31.73578119409663
warm_days,40882,Kish Island,9.17704304224016,10.217816125799184,3.626992235155023,-5.550050807085135,5.0000005585249445,11.818182378154187,0.6964298511599228,15.60999707727471,-26.53501280492349,15.882351029040302,-36.5613198403688,8.749998186358974,200,6.818181819629243,14.913567226114786,42.41736383396379,45.311318026727776,34,400,9.107989167734143,2.1184049286824944,9.99999843129007,5.0000005585249445,11.82272791752324,10.174699275546445,4.230295831014943,11.53846172045128,0.7142871405098217,15.502499650614592,3.659284178495844,12.750695872675779,6.363635813854586,-26.470587037364,15.882351029040302,-5.4487049892382995,13.058118365371103,-1.53409179506047,-35.92505082686163,8.74999162438454,-6.5154150970505995,12.624355043029126,-2.8853736009908086,-36.51367326606476,9.134616628099776,1.0667101078123016,4.476285062482858,1.9753643022458434,-8.751839564062667,8.284662644633714,6.8227273589982955,14.78821251010477,42.352938066404306,44.67504245124617
warm_days,40883,Bandar-E-Lengeh,8.653594621454209,11.113710002665025,9.140789951596238,0.4871953301420286,0.5882367241601136,14.999999750639969,3.6337738512036086,17.49999940017444,-0.4774445259444321,20.035714454237823,-13.081454752114556,13.652780994437926,200,14.411763026479855,13.86622554897083,20.513158980182254,26.734235746552482,34,400,8.661883575367554,3.913971568747345,9.999999891975296,0.5882370478394564,15.19997684089966,10.993211488412467,4.524625562406367,12.500000937551107,-3.749986834262418,17.39402222942943,9.193786522370281,6.5092436985362925,8.63636354625804,-2.3529409128700847,19.99999529326366,0.531902947002727,7.515052658796432,-0.1055492291910114,-13.35312587448054,13.641260874319785,-1.799424966042186,6.371941957673309,-1.3636315029168893,-14.999996793859147,8.577973164839433,2.3313279130449134,5.322834929130753,2.9492320963120235,-10.839597727439267,11.04240813079509,14.611739793060204,21.14400906369185,22.352936206133744,26.994386748800324
warm_days,40889,Siri Island,7.002119238126593,7.744739202141783,9.138776948088186,2.136657709961593,-3.0769221473758623,14.004166147798957,0.4625022676108347,14.057402467349675,-8.823528760996703,20.1125000470279,-16.378480779762867,15.541065672415378,200,17.08108829517482,13.59490019973884,28.936028808024602,31.919546452178245,34,400,6.777318621097464,4.263118416948302,6.2500009527609475,-3.0769224853282795,13.333333123167563,7.710869886796511,4.123613911012676,8.181817453729746,0.4624991124119617,16.305546026447093,9.122569092357544,8.665733402877251,10.000000169661792,-8.823528301598124,19.999999104253252,2.3452504712600803,9.014134723007624,4.781608214078697,-16.31578652398048,13.210618590161008,1.4116992055610342,8.51840045834263,3.932825889552346,-17.576210862530463,11.97891687404632,0.9335512656990466,4.452028325057053,0.9908839532528102,-7.519166456269239,10.576916687905381,16.41025560849584,15.843046914035131,28.823527405851376,29.52640511414149
warm_days,40890,Abumusa Island,8.457640685658227,17.739772237625502,22.929422236676217,14.471781551017989,0.7142883565839014,41.66666599523442,3.995239662944594,35.41666474643993,-3.3333329856614573,45.83333181823731,-10.312710046450116,34.33956163859743,200,40.95237763865052,31.421425083495333,49.16666480389877,44.652271685047545,34,400,8.125621815079466,9.06748206777939,4.705925089525117,0.7142879005171983,39.99999883379097,17.782129471430125,7.351703326675338,17.222222460614788,3.8452375306539044,36.68749883737988,22.139874835860006,13.54130728686318,22.499998569778995,-3.333329141560787,45.52404596762001,14.014253020780538,12.820743319933257,13.263157728751878,-10.72049076803489,34.59172548403254,4.357745364429878,10.00521981904791,5.228940081697448,-16.341657822829003,20.00332606320328,9.656507656350659,7.7590805702554535,10.742744705766654,-9.697353711861272,22.112126279106782,39.28571093327377,32.84226130672597,48.8573751091808,45.31221625206743
warm_days,40893,Jask,1.1546139632711618,-3.504282355057035,2.097798641953965,0.9431846786828036,-7.142856455086116,5.789473270592943,-10.416644129068082,5.000000211748689,-6.842103458382771,10.985391971511746,-10.48610785002701,16.666662506677383,200,12.93232972567906,15.41664434081677,17.827495429894515,27.152770356704394,34,400,1.2202782164442538,3.951759786329079,1.8518551701786448,-7.1428564550861156,5.8166130403050715,-3.522292985376258,4.105116891639726,-4.444441077176365,-11.249997973965424,5.333333196960527,2.1240637201678148,5.5078004677459,1.2500001924275441,-6.842103380532213,13.124991867859693,0.903785503723561,7.069003454638784,-0.37037142273943546,-10.784289633818295,16.67194564240238,5.646356705544074,5.816830461683442,5.481481580541419,-6.116668007594971,17.900998844417167,-4.742571201820513,5.617498866512672,-5.495649929185378,-13.693181816400976,7.1740084365905705,12.959469495391186,16.583331170925952,19.967095248391907,27.456235276220674
warm_days,40898,Chahbahar,4.598806138393211,8.750320153755741,14.194758871354669,9.595952732961456,-9.99998272051405,22.14284622859445,-2.229163990482152,21.69078785924212,-9.333329079718348,28.499995986262345,-11.920887582801168,29.999980644965213,200,32.1428289491085,23.919951849724274,37.833325065980695,41.92086822776638,34,400,4.634793012402961,6.9409206263952,3.9999994177455664,-5.821430412087071,22.14284622859445,8.903732881052631,6.172500596713341,8.750000945171427,-2.2222195573838337,21.666662805243714,14.77553836730654,9.428698569474841,18.500004692470036,-5.968627792704732,28.49999642363238,10.14074535490358,9.526529713259965,10.977779781160223,-8.988264937774332,28.645446469171105,5.87180548625391,7.218003266580102,6.16881744504815,-9.35143133604219,19.33757053245043,4.26893986864967,6.404387593707946,4.324868228103915,-8.6910721303138,15.232716939562582,27.964276640681522,23.888882362627548,34.46862421633711,37.63371140694544
warm_days,88187,Jam,11.951939498334614,15.666618107498389,23.93401904475748,11.98207954642287,5.000002399619878,24.99999857978147,5.000018538842327,29.43608388388376,1.5000019647317562,54.29621846312104,-10.662271063673458,35.72082983589201,200,19.99999618016159,24.436065345041435,52.796216498389285,46.38310089956547,33,400,11.823586719593932,4.589988034671097,10.58823518134045,5.000001675137884,23.781248594270064,15.53512255924607,6.192012623563676,15.555554261593564,5.000018538842327,30.769226401306096,23.627852203176033,12.127612925892457,21.764706371342633,1.5000019647317562,48.567669560472524,11.804265483582107,12.837184386443509,11.176473041616834,-11.67841184357206,36.81188815630524,8.09272964392997,10.627196263103349,7.888894496481066,-10.830431346761394,27.082348564792404,3.7115358396521376,6.028169180494464,3.861111798399068,-8.642673288399287,15.361432502654429,18.78124691913218,25.76920786246377,47.067667595740765,48.490299999877294
warm_days,99331,Tehran (Geophysic),10.057628452593946,14.394215127498526,18.92840389104145,8.870775438447506,-0.7692258965251361,13.333169641179802,6.666517585781608,24.61538421075276,8.523809462116112,33.333326870286875,-5.593915329914949,26.643743458648338,200,14.102395537704938,17.948866624971153,24.809517408170763,32.23765878856329,33,400,10.22070620171213,3.963655386668535,11.818181626105597,-0.7692248237581082,13.333169641179802,14.36258123881793,4.218137857162568,13.333336492753844,6.666672134719776,24.615384210752758,18.659086689299393,6.684773483047488,20.773761332242913,6.5416674834439315,33.33332530891879,8.438380487587262,8.34972905886928,8.934074830118604,-10.152355627425095,24.552562196699853,4.29650545048146,7.357443347926057,4.0824989966302905,-11.82316027425039,20.516446173513813,4.1418750371058,5.636835118973547,3.136566353683155,-2.0696307688114945,17.45856616264051,14.10239446493791,17.948712076032983,26.791657825474857,34.70491782412495
warm_days,99407,Boshruyeh,3.821577514049308,7.435857819623525,11.983325848941424,8.161748334892117,-2.307691899087864,10.666670161830316,0.8125002580021207,13.756239841829323,2.49632417254775,18.948685738909266,-1.7868372737631817,15.706715129026868,200,12.97436206091818,12.943739583827202,16.452361566361517,17.49355240279005,34,400,3.714747330932106,3.7409032593578013,4.090908848527787,-2.4999897976433574,10.55833162027681,7.582008210955549,3.890211382208905,8.090919083132068,0.8124992638015945,13.636363573418668,11.789109381180356,4.906530341702925,11.538461703450832,3.333333247149726,18.94736840901039,8.07436205024825,4.960432858189188,8.028985146911136,-0.6761896332878494,17.145955383785182,4.2071011702248065,4.781844818103696,3.425927026590956,-4.473939069517731,14.029491102829903,3.867260880023444,3.5440843095396817,3.62213109579742,-2.5133686810203457,10.843749174791705,13.058321417920167,12.823864309617074,15.614035161860665,17.82214501707303
warm_days,99421,Natanz,5.7965789904953375,8.547476783405841,16.40982912997781,10.613250139482467,-8.000001636410088,19.99999890277756,-3.333735395663229,19.99999753597495,2.85237898435661,29.99999917373529,-4.773748030776754,25.154911809939158,200,28.000000539187646,23.333732931638178,27.14762018937868,29.928659840715913,33,400,6.008019866297741,7.0536244178872884,6.818181876634375,-8.000001636410088,19.999998902777556,9.204536455965501,5.701610169081181,7.91665336328616,0.5131587399038869,20.012500173181397,17.25339011051411,8.428760712118171,18.928570227627432,2.85714071117459,30.00000032164733,11.24537024421637,8.552493284864441,12.662820525398551,-4.352023541972193,26.576601847559374,8.048853654548608,7.110636012637557,8.100658226184713,-4.335393946912485,20.54836485628646,3.19651658966776,6.694735270680381,2.915034135634011,-8.520492840516756,16.737257899248753,28.000000539187646,19.49934143327751,27.14285961047274,30.928625389531568
warm_days,99459,Borujen,7.9190216851625,19.32589919425557,29.07700911831692,21.15798743315441,-2.1428555872684467,25.45454504764693,9.999998116344836,28.33552511158144,7.362782609371878,53.00833208337415,-0.5259406065065638,45.08574451422502,200,27.597400634915378,18.335526995236606,45.64554947400227,45.611685120731586,34,400,8.248748020867346,8.86084547355333,5.000002176769701,-1.3535708820878298,25.45454522440352,19.315546234677146,4.4121565876619195,19.285715111337836,10.00000064921003,28.486104307585062,29.484539818599696,11.408753774701186,28.695656672122258,7.36842176911577,53.008333121949235,21.235791797732347,11.148146531376394,20.740737726764166,-0.5130225168143093,45.06429716413987,10.168993583922548,10.036313234720554,8.806792267143257,-8.66248328105035,27.99998305954903,11.066798213809797,7.72480024973332,12.24747556224612,-5.0040030606403,22.369142138746906,26.80811610649135,18.486103658375033,45.639911352833465,45.57731968095418
warm_days,99623,Zahak,6.70447789097195,16.114415316833174,13.178923541391068,6.474445650419118,-0.9598212462198308,23.33333081770477,6.666675702368579,20.000000067153344,0.9749913819903636,25.79364412971307,-10.177739514720807,16.036783592086184,200,24.2931520639246,13.333324364784765,24.818652747722705,26.214523106806993,32,400,6.617356188863428,5.110146561529465,6.499999830745018,-0.9598211220501575,23.333327662038986,16.072993935283463,2.9754399848827187,16.521742374278112,6.666675702368579,19.999998333696638,13.46455457224642,7.454015661499775,15.555496159107808,6.293937330817337e-06,22.49999817123021,6.847198383382993,7.7811373238315795,8.246763202430612,-10.162806719858642,16.036783592086184,-2.6084393630370437,6.5973912541147826,-1.3562706213968951,-14.890616791645865,6.971989953102256,9.455637746420036,4.91799162195624,10.151515178480759,-3.333334781886742,17.85712660643438,24.293148784089144,13.333322631328059,22.499991877292878,26.199590311944824
warm_nights,19996,Bahookalat,5.1663429785394,4.743347060666392,17.182414998374952,12.016072019835557,-1.3333323873206293,10.714285237229245,-5.384615248809021,18.85293649910881,-1.1111109413578162,24.166664065039303,-5.05090711260518,23.10391897271596,200,12.047617624549874,24.23755174791783,25.277775006397118,28.15482608532114,32,400,5.412289406918371,3.559411150031665,5.999997205333452,-1.3333322654844035,10.559516738120456,4.78501596180588,5.592658174429503,4.000000056296716,-5.384609297522415,18.345589206942797,16.81146712286426,7.5167994696418114,19.999997597158952,-1.1111109413578162,24.166664391804975,11.399177715945893,7.995279142314638,13.333332756064195,-5.0300735390467315,22.57745022371907,12.026451161058384,7.987184204240576,11.297059579738209,-3.1190313321757417,25.009613846593915,-0.6272734451124915,4.638374230861321,-1.666676180013264,-9.090905633011872,11.467002551783024,11.892849003604859,23.730198504465214,25.27777533316279,27.6075237627658
warm_nights,40700,Parsabad,10.041501138051734,10.727687744641733,13.20892957784859,3.1674284397968564,5.714285775550663,14.374998365351388,4.088636453928029,14.831875277049406,-6.666667035365688,25.75892868998931,-15.072576174046254,16.545449136841526,200,8.660712589800724,10.743238823121377,32.425595725354995,31.61802531088778,34,400,10.060582858218702,2.3389346337227606,10.000056505115406,5.714286335317982,14.37499984068477,10.649685732939599,2.9775224529720252,11.052632356381617,4.000001981913501,14.827564712211428,13.864085823385835,7.099121871680468,11.818180753329319,-6.666653820017598,27.499999037974273,3.803502965167134,6.957042810574771,3.1000128051147886,-14.848482819385678,17.536463657573027,3.2144000904462353,7.440925442508597,2.4655933186930463,-16.666634594440957,16.339892005338783,0.5891028747208986,2.208673247839822,0.9188702766672954,-4.1424918703380795,4.16693606813019,8.66071350536679,10.827562730297927,34.16665285799187,32.3849464769587
warm_nights,40701,Maku,7.37971641906226,12.016641873807224,20.542105146636377,13.16238872757412,-2.85714337860383,13.352272629137197,3.5446442060761654,18.20227090240725,11.250000431155376,31.65057983549896,0.1995057949048343,29.91594422195425,200,16.209416007741027,14.657626696331084,20.40057940434358,29.716438427049415,34,400,7.377070687160728,4.104104486689777,8.214286174239334,-2.857143604038494,14.090907500041011,12.272185583008374,3.2501624328023015,13.124999421605148,4.444443173242921,16.847720487282135,20.336416966686876,6.326718623379181,21.111103221469044,11.250000431155375,31.209471929646924,12.959346279526148,7.56409852608826,13.737740978891054,0.19950579490483444,27.555555624531703,8.064231383678502,6.23098330263228,7.751643559338871,-3.044088995817053,19.11872169504102,4.895114895847645,4.310820826038757,5.256536079958275,-3.8835046944264415,13.599960062813011,16.948051104079504,12.403277314039215,19.95947149849155,27.35604982962687
warm_nights,40702,Jolfa,11.791659850190657,16.413312284660513,19.360272259654177,7.568612409463522,7.368422842749603,18.33333161856449,10.453602941439998,24.374999156577715,9.3250000690844,24.11764554181771,-2.163458754586614,15.562767880382252,200,10.964908775814887,13.921396215137717,14.792645472733309,17.726226634968867,34,400,11.946842672480603,2.6936117709006786,11.428571442034407,7.5000083081070645,18.339289123523592,16.420515774477437,3.573879149131724,16.666665332111187,10.406255530286868,24.444440303299633,19.060991159757783,5.101706457202124,20.333332295017847,9.333332474673579,24.177883008571673,7.114148487277183,5.0636792910177,8.46153326621805,-2.6342896148769768,15.47835486643214,2.640475385280348,4.717476746928028,3.214286166474084,-7.501972024133306,10.58432937861503,4.473673101996836,3.418961037597945,5.005178591617923,-2.7729665118580193,11.047157815750367,10.839280815416528,14.038184773012764,14.844550533898094,18.11264448130912
warm_nights,40703,Khoy,12.432782665174637,15.553396864926745,22.905350359891496,10.472567694716858,8.999999880833643,17.146103706367505,9.518359518965708,22.240197279198767,8.962500167004132,37.14284102440639,-2.5125071486689867,21.835223493050712,200,8.146103825533862,12.72183776023306,28.180340857402257,24.3477306417197,34,400,12.583773181429963,2.2336892884930832,12.72727265151429,9.000000655801276,17.27269323013296,15.634246007052706,3.1502809040998696,15.714267643057905,9.999999358461869,22.005552920817994,22.96710402502081,7.313226919254,24.99999890876228,9.000000343139837,34.566073199265404,10.383330843590848,6.338346042292299,11.977734009657917,-2.5049678093251297,19.91662998997976,7.332858017968103,5.5591274021309625,8.818184795139832,-3.7547877147668034,15.984075905468101,3.0504728256227427,2.3352599969172365,3.0000017266026404,-1.2755948931354815,7.372114688698244,8.272692574331682,12.005553562356125,25.566072856125565,22.42159779930489
warm_nights,40704,Ahar,9.466039337092871,9.627473187926835,14.477973958590605,5.011934621497729,2.9555542943051845,13.008334318490691,2.776515182726386,15.833299946001665,8.1439398378186,22.105249100377268,-4.009846043704593,14.790091912311189,200,10.052780024185507,13.056784763275278,13.961309262558668,18.799937956015782,34,400,9.27448045921472,3.534333851955473,9.375001200720451,2.6625000642352123,13.333332610489732,9.47021889643467,3.313361907617435,9.090910003458434,2.727272388426509,15.599999554854119,14.620842593700836,4.257086627338186,14.999999331993976,6.666670397746545,22.10526155065789,5.346362134486119,5.35077531326869,5.625000045916723,-4.109827115889362,15.744010895965621,5.150623697266169,5.095224416278461,4.999992233553165,-3.3333229753770905,15.438588116985832,0.1957384372199488,3.8378385341949617,0.11510210378937735,-5.842106516136106,6.737326144702347,10.67083254625452,12.872727166427609,15.438591152911345,19.853838011854982
warm_nights,40706,Tabriz,7.999794682377655,9.156362794456998,12.466691630292395,4.46689694791474,0.5263171212699885,11.111111118934495,2.199999090837346,15.65217345619396,5.992857120196593,20.416661653441768,-3.111109771483517,13.490962869078064,200,10.584793997664507,13.452174365356614,14.423804533245175,16.60207264056158,34,400,7.975736307016141,3.2463682846314015,9.44444442531443,0.5263171212699885,11.111111092564311,9.097174368852473,3.9959544335950876,9.999999373007398,1.3312638501983218,15.652172915557198,12.520539858785282,3.5906755596380324,13.749994836850526,5.999999884753114,19.011841575023833,4.5448035517691405,4.60355792751117,4.422996933922226,-3.111109771483517,13.473638410263632,3.4233654899328085,4.207056796218667,3.333330324711742,-4.845237276053472,11.669444720480255,1.1214380618363315,4.857647149085308,1.3745921708651616,-8.61804406480555,10.085434073152069,10.584793971294323,14.320909065358876,13.01184169027072,16.58474818174715
warm_nights,40708,Ardebil,12.628765576049918,17.00166999189724,20.612174180373515,7.983408604323599,4.0000055628891165,19.99999806337657,11.000001993890944,21.670455635561694,16.642851817781285,28.333332175294203,-1.6049425108604305,18.694755763466382,200,15.999992500487453,10.67045364167075,11.690480357512918,20.29969827432681,34,400,12.76487979610854,3.829522116764933,14.000000272593804,3.9999998114872133,21.81817944782744,16.796761384207695,2.7660736331832885,17.4456451027582,10.907197811872187,21.85184798965033,20.300784003383345,3.0157621013294262,20.000000182188895,11.81820519690934,28.33333153214528,7.535904207274806,5.12821162723454,6.821789615284776,-2.645532822497713,19.761821263731484,3.504022619175654,3.546242506923016,3.051787884240266,-3.1838618224828137,11.8511330256508,4.031881588099152,4.0063167691018915,3.8260831592285456,-4.458335383389251,12.824101083129658,17.818179636340226,10.944650177778144,16.51512633523594,22.407354086229198
warm_nights,40709,Astara,13.120608138981307,14.754564735944596,18.59134753801466,5.470739399033352,7.058839803586399,18.237744019371483,11.538461761344106,16.666656837160716,11.874999088667732,36.111103025880574,-4.512846847266076,24.317442471893678,200,11.178904215785085,5.12819507581661,24.236103937212842,28.830289319159753,34,400,13.092379531220534,3.0897685242276385,13.660289004175006,7.05882671962399,18.23774401937148,14.728700916696702,1.566646262049105,15.000000275657452,11.538461761344106,16.666664545093337,18.72244639211693,5.903185541242091,17.85714246031708,11.874999402440382,36.111103025880574,5.630066860896395,7.122899183139541,4.835506100148676,-4.778411918138728,24.317440966070926,3.9937454754202264,5.89206777866421,3.7500042951817463,-3.6245457288290415,19.8635091176529,1.6363213854761693,3.277767977557923,1.6228053478819753,-4.999955518711117,7.978598947203414,11.17891729974749,5.128202783749231,24.236103623440194,29.095852884209656
warm_nights,40710,Sarab,9.153994643806174,12.37647422113794,14.17279080871889,5.018796164912716,3.636363395798479,14.28571578394896,8.333336878052316,17.52500006097863,7.465275940942732,21.66666761045567,-4.779514842629692,16.84465895376174,200,10.649352388150481,9.191663182926314,14.201391669512937,21.624173796391432,34,400,9.156439141077968,3.22263762925557,8.400000587049009,3.6363632120571108,14.285654751729282,12.367659926135971,2.6964409292433498,12.000001372644903,8.33333694444378,18.462490352440334,13.753688783089842,3.4588414647624695,14.09091254409405,7.499998516018711,21.666661098476993,4.597249642011873,5.290421286508599,4.571727118093392,-5.997991701370438,14.851107623136135,1.38602885695387,3.5143355535163567,1.2121210966336555,-5.086957420526629,7.899589811092427,3.2112207850580035,3.8571395896690643,3.204383727437251,-3.1298154896125103,11.36363782732001,10.649291539672172,10.129153407996554,14.166662582458283,20.849099324506575
warm_nights,40712,Orumiyeh,7.837633341952405,5.206055425671995,0.2992045573247502,-7.538428784627654,-2.142856815867712,12.959752726382412,-5.328431750053103,10.714284535565248,-11.1369122142539,17.08326503136637,-20.07148280596335,8.34054293622343,200,15.102609542250125,16.04271628561835,28.22017724562027,28.412025742186778,34,400,7.850064538311769,3.766764287824086,8.82352609158075,2.6086958968252154,12.95975272638239,5.062059253613046,4.619899137176213,6.00000126926425,-6.6818177929436,10.714284535565248,0.267940356865813,8.035644398318604,-0.4999973992438732,-11.130215867414584,15.185184039508494,-7.582124181445956,8.02367156312449,-8.928571219009793,-19.45670500364502,6.809811359248622,-4.794118896747233,7.0268395360516225,-5.428572828682525,-17.173206925566458,7.392342600510105,-2.7880052846987233,4.0503722588028035,-2.2727248995587797,-12.2801557028851,2.308332510557153,10.351056829557175,17.39610232850885,26.315399906923076,26.26651636289364
warm_nights,40713,Maragheh-Synoptic,10.33904508211974,13.201691052104689,17.941737486918154,7.602692404798415,7.142855241098126,13.339283862281624,4.992644932093006,20.62499779785033,8.241848337078258,27.895086346741543,-2.408152110799446,17.86309212619283,200,6.196428621183498,15.632352865757325,19.653238009663283,20.271244236992274,34,400,10.246840315668333,1.61214533409017,10.526315451104427,6.996875459218142,12.602777710946926,13.696383716959541,3.8638978274026474,13.92857212282327,5.552083281948112,20.624970512012016,17.603379744322275,5.287544163953146,16.66666705706549,7.500003315412471,27.85713777589778,7.356539428653942,5.690432081086605,7.935014449997728,-2.499997690069748,17.86309212619282,3.9069960273627338,5.819900559965406,3.328167392964552,-6.056108468071445,16.33997570492567,3.449543401291209,3.703403819191598,3.8742476926114824,-4.0049000185366825,10.63516343689328,5.605902251728784,15.072887230063905,20.35713446048531,20.36308981626257
warm_nights,40716,Mianeh,10.109039029197582,11.817444191397078,16.786981938948507,6.677942909750924,6.470588753549209,14.49999777730153,7.679997786357329,15.005952878799617,8.593751955487825,29.999997742644418,-4.675001068861712,17.872766376559348,200,8.029409023752322,7.325955092442288,21.406245787156593,22.54776744542106,34,400,9.935596960939435,2.2245656020716056,9.999999745779522,6.470586286795002,14.007146133840488,11.708328279851335,2.1076030159014514,11.666681803644408,7.272747409897934,14.374998522200826,16.611283205106965,5.869818873518963,16.999998474886,8.59375195548783,29.9999985083797,6.6756862441675295,5.957600186604421,7.320153640864088,-4.668962973740274,18.888885194076625,4.902954925255633,5.86917492354284,6.105794039164352,-5.2142808537020215,16.428571945217715,1.7727313189118976,2.5049847122793842,1.8388666057311243,-2.870534645185945,5.99999365872301,7.536559847045486,7.102251112302892,21.406246552891872,23.5578481678169
warm_nights,40717,Khalkhal,9.333813769644603,12.375799363720477,18.467412350830884,9.133598581186275,4.102206379991712,16.875002246273876,8.694926793679985,16.87499947920935,14.34783108988326,25.78947057663931,-1.8797119611124564,21.50429163618978,200,12.772795866282165,8.180072685529366,11.441639486756051,23.384003597302236,34,400,9.216657684909535,3.6170332719017892,8.39743208212252,3.4999988516573795,16.874999770887566,12.449689730985797,2.4181406491920283,12.247473011322661,8.57142884489405,17.084819562230436,18.921901253297175,4.390389334877825,16.666665964759275,13.999999909894864,25.789472225837805,9.705243568387637,6.077959239036003,8.928558652663817,-1.1674127222553512,20.80649625089757,6.47221152231138,4.797419952510297,5.3372995675091595,-1.0130426162093904,15.289283891693021,3.2330320460762594,3.6554477160068712,3.325353296430322,-4.00454821169025,10.309440068500423,13.375000919230187,8.513390717336385,11.789472315942941,21.973908973152923
warm_nights,40718,Bandar-E-Anzali,12.842301287973203,12.447556701166992,9.864730039274503,-2.9775712486987,-1.666660857659819,23.63635693688509,8.125000312215908,18.003700635922936,1.5000000724856888,31.42856891375065,-17.132327341030976,22.01678933540089,200,25.303017794544907,9.878700323707028,29.92856884126496,39.149116676431866,34,400,12.91978230136057,5.0763318288126165,13.000000365689555,-1.66666050120394,23.63636323334573,12.476186201113585,2.7477413205564076,11.875001103957494,7.3077423808361175,17.59999913180214,9.970678490469645,8.256523154522506,10.62499948020951,1.499998493430172,31.428571590582827,-2.9491038108909247,10.504529373665632,-4.966061570048463,-20.43636066160043,23.348044299279294,-2.505507710643939,7.975504951898216,-3.638890794535997,-13.000753194269384,18.355652369968443,-0.4435961002469858,5.17472982121256,-0.31674317786007933,-12.374053666568631,10.004870649710458,25.30302373454967,10.292256750966022,29.928573097152654,43.784404960879726
warm_nights,40719,Rasht,11.451398282543014,18.814357011873472,21.35476520503288,9.903366922489866,3.0769231391357525,23.333331932531603,12.35294397328291,21.8750025473788,13.500000936216992,33.69047555153644,-2.822328589787337,31.095081846576505,200,20.25640879339585,9.522058574095889,20.190474615319445,33.917410436363845,34,400,11.894324567879416,6.166084203278223,11.333334100160412,3.0769231391357525,23.999998787776686,18.979254001930116,2.179568089341602,19.37498309988345,12.352944693278062,24.166666843762926,21.45383333597051,5.985553658340354,20.909090886134074,13.500000056545112,33.57142775820022,9.5595087680911,8.965955101308886,9.392724194912818,-3.1729866396746678,30.723201768358912,2.4745793340403965,6.538224846168603,1.4646459007942543,-5.195968793240135,21.2682396736453,7.084929434050703,5.3836789313814535,7.701853332531738,-3.5315587966086,16.001989852662142,20.923075648640932,11.813722150484864,20.07142770165511,33.89618840803358
warm_nights,40723,Bojnurd,4.992983121513484,8.320570616971006,12.951849418250006,7.958866296736524,-3.3333334231907736,11.999999257362784,3.5294119784942253,13.162278711661424,6.991667931723191,19.9999983635204,-2.145103064645105,19.75545517675926,200,15.333332680553557,9.632866733167198,13.00833043179721,21.900558241404365,34,400,5.267254134181071,4.170560768057148,6.089328162213315,-3.333334889375934,12.499987216217445,8.465758356732872,2.2697146978528715,8.750002705363869,3.75000156407603,14.002941028121912,12.821471961414563,4.911349312447925,10.833348214539816,6.999999980588761,19.999998606114584,7.554217827233492,5.872200948976775,6.749997030793728,-2.145103064645105,20.392149159991735,4.355713604681691,4.53812437405325,3.7894707204508364,-3.2572169184161432,11.83733062197171,3.198504222551801,3.266989207371801,2.636739284806322,-2.2356634785584633,9.803925575241564,15.833322105593378,10.252939464045882,12.999998625525823,22.53725222463684
warm_nights,40724,Piranshahr,12.847129740393592,17.684284303038527,23.283101368776038,10.435971628382442,8.565475241138403,18.4210536133137,13.750000384497358,21.11110178010308,11.147059055672702,32.23809470694366,-2.18965023454472,20.91754719434229,200,9.855578372175296,7.361101395605722,21.09103565127096,23.107197428887012,34,400,12.692427127993632,3.3381855452252482,11.875090658099394,8.322369089464015,18.421052715297048,17.793730161339813,1.9141905450477887,18.000000872411373,13.70201895092252,21.111101780103077,23.08008211107246,4.738810066599948,23.076923230879068,11.176537505007927,30.941921382184937,10.387654983078825,6.422025924989793,11.20192305031562,-1.7952322057153396,20.908901410439896,5.286351949732645,5.089231492835116,5.6000011831019485,-5.777772969829787,14.707175830571831,5.101303033346181,3.3480140039305657,5.600003628650891,-0.8091392554496291,9.554504205911359,10.098683625833033,7.409082829180557,19.76538387717701,22.704133616155236
warm_nights,40726,Mahabad,8.24412224818359,12.10419175059917,13.028474577531387,4.784352329347798,1.5729739181899212e-06,14.210523402626691,1.6369039918055113,17.088064550796684,4.538961176813507,23.57936877854176,-7.009312790037721,16.953639544224252,200,14.210521829652773,15.451160558991173,19.04040760172825,23.962952334261974,34,400,7.6439924232538825,3.9120623523032036,8.947342486924686,-2.0124967822428776,14.210522449578571,12.0130092104407,3.8406171752623375,12.631578405457308,1.6634607953406277,17.272725448910123,13.047927819616794,6.233841913647272,14.210526047416469,4.285714205393375,23.571428635699682,5.40393539636291,6.858614227102302,6.4242933963453455,-6.924972416503015,17.571424643694627,1.034918609176095,6.412722198159392,1.7897869242981272,-9.999993753509143,14.486254093418966,4.369016787186816,4.1993115447948695,4.313186570270722,-3.7534766635194092,13.770583918350061,16.22301923182145,15.609264653569495,19.285714430306307,24.49639706019764
warm_nights,40727,Saqez,11.418974003794949,11.883057851671907,13.455372009131974,2.036398005337025,4.545456292065837,19.999998818712445,5.454549057529775,16.666638695510585,2.857145644858743,16.874994828123814,-7.855676320745236,8.830214610198766,200,15.454542526646609,11.21208963798081,14.01784918326507,16.685890930944,34,400,11.385874367604574,3.54649383498244,10.869563031833842,4.545454357647518,18.78124728832213,12.142613165187932,2.746065456103082,12.390476867049994,5.555565384134906,16.673075186991873,13.55179121084947,3.8248324854054183,14.999996654370815,2.7629865538468645,18.571416626200254,2.165916843244894,4.899055250799626,2.8805532514846997,-11.499868617471343,9.091194024809937,1.409178045661535,4.398686973455085,1.6233692514124574,-11.966250405415952,8.745754952380526,0.756738797583359,3.585881087639405,1.0279444647984715,-6.822731105948536,7.331047526498168,14.235792930674613,11.117509802856969,15.808430072353389,20.59106264228128
warm_nights,40728,Takab,7.567339536139888,8.980261331393912,10.877714875796542,3.3103753396566526,2.2222226218593244,14.16666674779352,4.282724933637912,14.169642163815585,8.571426688269067,13.99999933816997,-3.266418566792996,9.215165066631249,200,11.944444125934197,9.886917230177673,5.428572649900902,12.481583633424245,34,400,7.529382881301778,2.9595824650780873,7.500000369992122,2.2222225537098934,14.16666674779352,8.957864558215384,2.6278625423368616,8.571428737247112,4.5454622698338145,13.999997960181426,10.9519742064711,1.5910769793770134,10.909090910202845,8.571423251990822,13.999999910181153,3.42259132516932,3.401837947679737,3.409086214581328,-3.2784080383148324,10.130718163109883,1.9941096482557155,2.9966721268943104,2.105797429023621,-3.769746136587328,7.377301587939369,1.428481676913605,3.069003860193654,1.6666720175245793,-4.9523787783981605,7.0548522084269,11.944444194083626,9.454535690347612,5.42857665819033,13.409126201424716
warm_nights,40729,Zanjan,8.191811209631503,13.756875840495308,21.0632405352695,12.871429325637996,2.666667750748675,13.124985691963698,3.3333359174485877,27.731458457954957,7.391305572318808,30.526307678142395,-0.5170539481042495,25.471874718799047,200,10.458317941215022,24.39812254050637,23.135002105823588,25.988928666903295,34,400,8.2052981083812,2.867955819996677,7.499999925411892,2.6666690153012933,13.571428526739616,14.150785541191999,6.796345137824,12.727272461832587,3.33334684315435,27.27569233975406,21.255530197199516,7.366772672094644,22.39999998666663,7.391305765484574,30.526313507636466,13.050232088818312,7.430244866597759,14.17892239274027,-0.5147043147087388,26.222099695708984,7.104744656007511,7.2309909932867935,7.28900291306457,-5.381419338112163,21.68055487284889,5.945487432810802,6.216942435764327,4.205126677103638,-3.750366679320965,18.639342852370795,10.904759511438323,23.94234549659971,23.135007742151892,26.73680401041772
warm_nights,40730,Khorramdareh,8.138242771452482,14.164117131186808,24.77211833097257,16.633875559520092,1.083334199826176,15.861412837599058,5.000004786411097,18.78124900189309,18.26087007965355,29.25000666023224,6.933824821554087,25.790498188939765,200,14.778078637772882,13.781244215481994,10.989136580578691,18.856673367385678,34,400,8.134112832947155,3.101868602966009,8.399998496595323,1.3333320427475428,13.0000011900447,14.246489402255714,3.3597507596474103,14.999999277703647,5.000002445550896,18.42105213167898,24.772096443755416,3.611263486046405,25.62500004340278,18.260869855892015,29.999999634764976,16.637983610808263,4.534988857345427,17.224993105606693,7.129604429884674,25.24334164942184,10.525607041499706,4.072908942989943,10.263204658345703,3.3315215287909465,20.499988540538826,6.112376569308557,2.987903835304041,6.2692338913818935,-1.8627452281060382,10.706072105979743,11.666669147297156,13.421049686128084,11.739129778872961,18.113737219537164
warm_nights,40731,Qazvin,4.821168040104308,8.361327451674923,15.079532739026886,10.25836469892258,-1.8995525884628144,10.010415543280754,2.487499957818014,14.249995854330145,9.000000774182595,20.588234569295476,1.3749996675756408,17.529402352735655,200,11.909968131743568,11.762495896512132,11.588233795112881,16.154402685160015,34,400,4.733669155635611,3.255209622897539,5.384612504769715,-3.999995801353034,10.41666644222713,8.597741396338968,3.369954962420483,9.130438182778903,2.500001997189727,13.679166368892037,14.629025152006728,3.8130320765161896,14.500003049555726,9.000000249581525,19.99999914685505,9.895355996371116,4.73233525348774,10.445330091643832,0.9968842603858621,17.500016350194436,6.031283755667759,4.48563975413764,6.318188282474339,-1.3527356667421473,14.887185956894212,3.864072240703357,3.323782231505398,4.0293038484575625,-3.0866004022928037,10.085574492526263,14.416662243580165,11.17916437170231,10.999998897273525,16.503132089808574
warm_nights,40732,Ramsar,13.45488344019436,14.419949775147195,24.16854980944768,10.71366636925332,3.636363749143128,21.538461359465465,7.598741362652468,20.624999193796167,13.56547520883219,36.66666308087003,-1.5462953235675732,27.111091615031636,200,17.902097610322336,13.026257831143699,23.10118787203784,28.65738693859921,34,400,13.570384739586743,4.558460405012931,12.380952264119099,3.840908988848345,21.53846152666634,14.586071601581857,3.871438567143209,15.714288220437687,5.830357129726649,20.624999193796167,23.667052378312157,5.787593007810792,25.000000030096338,10.58823554855504,36.66666547407616,10.096667638725416,7.901293512716627,9.742653035169436,-4.59678189396581,25.72141356380789,9.080980776730305,7.593164183017901,8.999998844900375,-2.343186080760715,26.60450578600451,1.015686861995111,4.560135510897682,0.9999960486345412,-9.767854080676054,9.252432631193187,17.697552537817995,14.794642064069517,26.07842992552112,30.318195457773697
warm_nights,40734,Nowshahr,11.779377125299844,16.27032162042936,22.663499471494543,10.8841223461947,5.401514698637405,22.307692013490577,4.93055040404577,26.25833298090616,15.333333933177949,30.624975851347084,-2.84996290210343,24.15545787848458,200,16.90617731485317,21.32778257686039,15.291641918169136,27.00542078058801,34,400,12.14893282858754,5.781126495298051,9.999999966750334,3.565478642655953,22.307692014206424,16.353668550039906,4.46300627505019,16.6666656884397,5.609373956542289,25.454544342937222,22.471742305508045,4.438050540021658,22.500000140904202,15.333333933177949,30.624719929413796,10.322809476920508,7.067070933289223,11.37254825753689,-4.194909641730864,23.337052443828277,6.11807375546814,6.24816509451872,6.428573245851096,-7.395615095185957,19.32185878130473,4.2047357214523675,4.790746191442424,5.4124576640568,-5.758637641834806,11.999996129852976,18.74221337155047,19.845170386394933,15.291385996235848,27.53196208555914
warm_nights,40736,Babolsar,9.255033712407856,12.311161775193364,21.941877117197414,12.686843404789563,3.990910196546835,13.809386615226424,7.218138762315045,19.09090893742321,11.041940724003764,34.37499997252748,-2.0890635124724244,24.92148999104346,200,9.81847641867959,11.872770175108167,23.333059248523718,27.010553503515887,34,400,9.296308976720056,2.7428119085952907,9.473684735064069,4.000042494650631,13.793102015001587,12.443469088598611,2.554416363803244,12.499990070079889,7.5000037611676245,19.374997274330195,21.539304174468153,6.735296306466736,22.99998830536103,7.000021809821576,34.37500001135653,12.242995197748092,6.858115830972116,11.874991973627681,-2.7657009540173183,24.901314250911874,9.095835085869538,6.615100512872623,9.1987156452002,-4.25580595797963,23.374996336568227,3.1471601118785544,2.8734241551253197,3.1881218964458116,-2.146939263539118,9.444445398366211,9.793059520350955,11.87499351316257,27.374978201534958,27.667015204929193
warm_nights,40737,Gharakhil,7.644176371966619,12.631526829830772,14.261244706922104,6.617068334955484,3.495831805169729,12.000001159580885,4.538961214605629,17.391704840906993,4.000001812492422,20.04687630880905,-2.301825101838041,15.93054325282742,200,8.504169354411156,12.852743626301365,16.04687449631663,18.23236835466546,34,400,7.734948807126841,2.8173671350133085,8.23529730923578,3.1158465228393895,12.000001159580883,12.756640099403583,3.1912902831081524,13.125001366521671,4.545455869729585,17.391704840906993,14.879560068970463,5.379383947337632,13.750003575341267,7.337447288903231,21.874998536311825,7.144611261843623,5.3021515885954535,7.592584912789706,-1.8970496448672942,16.198208769485603,2.1229199695668823,5.592532043992021,1.908412124298147,-8.143391924743748,13.196022682470073,5.02169129227674,3.003300842653552,5.076352411786456,-2.222208274624758,11.019803399655832,8.884154636741494,12.846248971177408,14.537551247408594,18.095258414352898
warm_nights,40738,Gorgan,4.813397825154135,5.047321216660697,3.320350853723206,-1.493046971430929,-5.000001195322712,18.816963136427898,-4.999998942995497,12.592591924228731,0.8125008940202745,13.571424014172097,-18.484685121101307,8.392494186455348,200,23.81696433175061,17.592590867224228,12.758923120151822,26.877179307556656,34,400,4.88229777924365,5.243858632071425,5.185185395177598,-5.000001195322712,15.000000057869805,5.0285665746804495,4.385887288203499,5.333334463711413,-4.7132360143542495,12.592591924228733,3.038882613979006,4.097846153421212,2.727277670756213,-2.0000039661200772,12.520833905213834,-1.8434151652646449,6.589385943535694,-2.142334975483202,-16.26826587796579,8.392494186455341,-1.9896839607014436,4.429961726383781,-2.539681531449593,-9.278664666645897,6.904755402330443,0.14626879543679905,5.465090806387619,0.7682394696919546,-12.745553559764575,9.142990617440304,20.000001253192515,17.305827938582983,14.520837871333912,24.66076006442113
warm_nights,40739,Shahrud,3.1685660875153925,3.268629189382302,7.459067778467429,4.290501690952036,-8.358332400697002,9.199997880430658,-2.675000674018297,10.07142709907432,-3.537332321556069,17.783334861356128,-9.182955478431492,22.264738606406816,200,17.55833028112766,12.746427773092616,21.320667182912196,31.447694084838307,34,400,3.3422147106093947,4.746478156678113,4.44444505007868,-8.358332249915636,9.458334185679593,3.183434210322982,2.9729060644557967,3.130668624978708,-2.666667268885189,9.208094360707273,7.175938046559281,6.987390028771437,5.882349902709722,-3.537332321556069,19.99997194495058,3.833723335949886,8.22990336726999,2.469583367418947,-9.613283117750582,21.136173572105125,3.992503836236298,6.951945932711221,2.8054311243654233,-8.074837638905148,16.440929919575854,-0.15878050028641255,4.223147938120826,-0.8730181816087321,-6.9235756217699,9.290310358798546,17.81666643559523,11.874761629592463,23.53730426650665,30.749456689855705
warm_nights,40740,Quchan,-3.28315750037596,-4.135237861808872,-2.2818422582020634,1.0013152421738962,-15.38460581281095,1.4331770480592687,-15.386362375600754,5.28874956828894,-24.999995598323597,34.9999859138112,-18.781252648142228,35.36665988470449,200,16.817782860870217,20.675111943889693,59.999981512134795,54.14791253284672,34,400,-3.184899498852768,4.984973577943917,-2.428735669195604e-05,-15.38460581281095,1.4285712767066867,-4.4409412179828935,5.504898466733926,-3.684210039920748,-16.462300748867783,3.083333510636205,-2.9265823058554146,13.135116891842566,-5.294113045942405,-24.999995598323594,34.9999859138112,0.25831719299735373,13.109481061066548,-1.4761945861775978,-23.365383119958118,37.01731071083204,1.5143589121274799,12.442461149318277,-0.478264129027262,-16.249983318524315,38.049987032945076,-1.2560417191301259,4.859114616583919,-0.8297105133560181,-11.59780842561289,7.367941904034657,16.813177089517637,19.545634259503988,59.999981512134795,60.38269383079016
warm_nights,40741,Sarakhs,4.577657515161711,9.20160109787004,11.777046820772377,7.199389305610664,1.6442306872756611,11.428570871871417,4.615389252556692,12.499994280639475,5.375001307697094,19.287441061031213,-0.0107041081725994,16.59090792413219,200,9.784340184595756,7.884605028082783,13.91243975333412,16.60161203230479,34,400,4.734551486102224,2.358317029302564,4.4827646755400465,1.666666697910342,10.035720743369174,9.275154664030248,2.15155505695847,9.523809635299733,4.359377277824372,12.49999258343345,11.751175046501011,4.596107691743196,11.000000245999406,5.000007663632179,19.9999833150275,7.016623560398788,4.6831074274115805,7.15384282942768,-0.7284672579698469,16.590901334208567,2.4760203824707645,3.963115377554868,2.000002581971861,-4.643439199690591,10.2032146618034,4.540603177928023,2.529199194302366,4.841290255453275,-0.8890189575419851,8.756264337276251,8.369054045458832,8.140615305609078,14.99997565139532,17.319368592178414
warm_nights,40742,Biyarjomand,3.2607535860052472,7.914087730894563,8.062653626216443,4.801900040211196,-7.9999999212501,12.30768392793313,3.333334549878576,12.729089827261657,-3.795179382195326,23.33333947912299,-5.343032513632109,19.240258388822784,200,20.30768384918323,9.395755277383081,27.128518861318316,24.583290902454895,33,400,3.347488850367759,5.374160371659306,3.333338214588319,-8.003124994135076,12.307683924175798,7.965301246791744,2.5606391139487226,7.999997505419408,3.2999992951600468,12.592592741087394,8.21223975887967,6.376434554114345,8.461537567141526,-3.749992287510593,24.000000194445523,4.864750908511911,6.687108513679917,4.102195561030317,-7.002624992952211,19.756178999772935,0.24693851208792708,5.780629782310489,0.11904870833141068,-9.562697501829977,16.231018648901042,4.617812396423985,4.57567053186151,4.466669143448402,-3.1201330525937596,14.482065784801925,20.310808918310876,9.292593445927347,27.749992481956117,26.758803992725145
warm_nights,40743,Sabzevar,7.754696949314284,6.876370690097737,8.190756436923756,0.4360594876094728,-17.999999309412736,17.70833304563156,-1.7830922067630477,19.999999391170878,-4.999991596941013,13.945673351315602,-14.378976330858835,22.13390940759701,200,35.70833235504429,21.783091597933925,18.945664948256614,36.51288573845584,34,400,8.257964513475367,7.771019296243962,8.571429061501835,-17.999997591180676,18.333310861160978,6.896979622571418,5.257814295838059,5.909101718562296,-2.526785928178869,18.374999626297242,8.277070723515967,3.815856448447083,9.333316946771788,-4.999991596941013,12.857137192067915,0.0191062100405998,7.89788897840588,-0.4310683157145476,-14.287945048171691,21.676724160056214,1.3800911009445491,4.890238790455969,2.3517776810222437,-9.301971762464737,8.26468547630106,-1.360984890903949,6.876898816882549,-1.8543683921308585,-12.446231128994707,17.89165865306689,36.333308452341655,20.901785554476113,17.85712878900893,35.9646692082279
warm_nights,40744,Golmakan,6.1924406313695295,10.632462152959835,10.237950266701844,4.045509635332314,3.80952466176083,11.190536255178374,7.140213150496489,13.999996458598176,-3.333329949073279,22.160713816376337,-7.83446977512217,13.812618662234607,200,7.381011593417544,6.859783308101687,25.494043765449614,21.64708843735678,32,400,6.213775964092186,2.2762101901341523,6.427648379166039,3.0769295605831863,11.763832469433346,10.641520990511394,1.749789475363372,10.588238433547048,7.000001560735088,13.999998192135587,9.896184603452962,5.485847349114376,9.199999551920008,-3.781248784203165,22.14285485923936,3.6824086393607747,5.29998581361405,3.112083281237809,-8.345237781269336,13.807894351143592,-0.7453363870584334,5.447973108682808,-0.7380934233267471,-15.1164201996974,10.34286173264494,4.427745026419208,2.505997652742891,4.697385771463557,-2.3214267404813893,8.266928650586655,8.68690290885016,6.999996631400499,25.924103643442525,22.153132132412928
warm_nights,40745,Mashhad,9.338375969426345,13.153316489245448,17.594048243973457,8.255672274547113,4.444449392344026,14.867609767154253,8.567670464415267,17.272724209970416,-4.737505414531342,22.835257336960392,-12.191310148947316,16.58449047995514,200,10.423160374810227,8.70505374555515,27.572762751491734,28.775800628902456,34,400,9.182538291790785,2.8655901740422878,8.91168388759438,4.791114178220003,14.827571723654827,13.076078121239794,2.140037819213676,12.50000009765657,8.416417806911843,17.272724196161974,17.90656970752584,6.8802379995304,17.77777957138354,-4.666665767241836,37.333342060569535,8.724031415735055,6.865133134593662,9.16666644321494,-10.331387972004164,26.566364020843697,4.830491586286047,6.95479077794105,5.08094940726274,-16.578147432640392,24.067717601685167,3.893539829449009,3.001011466092263,4.047619380535311,-2.0080099927238066,9.912021353453625,10.036457545434825,8.85630638925013,42.00000782781137,36.89775199284786
warm_nights,40746,Neyshabur,1.8994607454152963,4.949131012363771,6.853929582020153,4.954468836604857,-8.823515779391885,8.829999921527667,1.1111109127678898,10.96774104339457,0.6500009929878978,15.83330436007888,-3.2534486013515616,15.002406122506653,200,17.653515700919552,9.85663013062668,15.183303367090982,18.255854723858214,34,400,1.8153624536407151,4.949467316652747,3.2151077702079416,-8.823515779391885,8.847222209867496,4.9874848719648925,3.1475323750033333,4.210524021904866,0.5555554452757,11.428572234223694,7.0168042971317,3.6158987148947523,7.500001912130701,0.8291574763819062,15.83330436007888,5.2014418434909855,5.427067885868949,4.404762907277698,-3.183158199731039,15.841005097451566,2.0293194251668076,4.538437979001833,2.230813543674955,-6.87165561227118,10.374074388178053,3.1721224183241774,4.579868721676826,3.4378886597798726,-4.9999986546576825,11.81181453519144,17.67073798925938,10.873016788947993,15.004146883696974,19.024163297182604
warm_nights,40747,Sanandaj,6.967886951389569,9.188748477902402,8.184042593938427,1.2161556425488598,1.111114842207877,20.71428071999592,5.498865780546156,12.352940908460493,4.809829283914928,14.285713815758935,-12.26586424922784,8.899990692905,200,19.603165877788044,6.854075127914337,9.475884531844008,21.16585494213284,34,400,6.958795762621188,4.987093581670036,7.2727631149744365,1.0833331577326015,18.75000609253804,9.12375114756859,1.871117672673054,9.047618921764169,5.5000043401532865,12.352941083396152,8.305586869109943,2.7333985382197503,8.181820225611085,4.80979729071281,13.999999425748326,1.3467911064887568,5.4966071182276,1.7894766359416356,-12.087575932903087,10.498996089217533,-0.8181642784586464,3.3938164958171138,-1.1538854083398382,-5.476157975357874,5.446723622048347,2.164955384947403,4.672226278602734,2.378445429936186,-9.830662950152211,9.166666562221804,17.66667293480544,6.852936743242865,9.190202135035516,22.58657202212062
warm_nights,40748,Bijar,8.442823236514583,14.901504762797124,18.59334199204214,10.150518755527555,2.3076944384011626,14.013634965125489,9.999992746212635,22.857129863701545,7.000007993845615,28.823519858524417,-1.0011351834304634,20.381303513670424,200,11.705940526724326,12.857137117488909,21.823511864678803,21.382438697100888,34,400,8.291306587542183,2.975175914921215,8.39991379130969,2.307728321226523,13.57142834385486,14.911655740537363,3.266751538006166,14.999999972363934,9.61389277946355,21.826258284721415,18.715735296534113,4.07110313444528,18.49999978131625,9.090927221628545,28.823527691981756,10.424428708991927,5.245690815951872,10.500001420553893,-0.3573902420887932,21.92554663914051,3.804079555996748,5.221047028851526,3.5989526051786047,-5.907352848015712,15.837497527943547,6.620349152995179,3.8292810819274736,6.599997488689267,0.15486827777472226,16.153802032390377,11.263700022628337,12.212365505257866,19.732600470353212,22.282936881229304
warm_nights,40749,Zarrineh,5.817076141363484,8.780454396279731,11.903282295398505,6.086206154035022,-1.999981159393368,12.405789756183175,5.55556711974488,14.550863280885885,2.173913427064628,23.68420520422881,-5.610823788092761,19.89105575695278,200,14.405770915576543,8.995296161141006,21.510291777164184,25.50187954504554,34,400,6.1168027503566575,3.937580420670104,6.428572637687499,-0.05000930193974365,14.285713987851938,8.7807100247836,2.30483444900536,8.500002205463431,5.452798883112968,13.526136882538443,11.926502061108176,6.117949081503983,12.380952375283465,2.119565423635579,23.684209189199716,5.809699310751517,6.7085385211029855,5.653846759063657,-5.97423422050596,19.473682485763494,3.1457920363245746,6.0510282248125264,2.930890585482918,-7.68382010146694,14.952744238921781,2.6639072744269425,3.65153884324225,2.6663909763319036,-3.479166385532816,11.230710877582105,14.335723289791682,8.073337999425476,21.56464376556414,25.447916706269453
warm_nights,40751,Tehran (Shemiran),1.9309133945649333,7.028593317198556,6.682698244524426,4.751784849959493,-3.363635513069516,10.020835003740496,1.42858453027329,11.438318898197434,-6.135714138582933,18.666664309319604,-11.697186993399583,18.66664555709756,200,13.384470516810012,10.009734367924143,24.802378447902537,30.363832550497143,34,400,1.7865814710007084,3.6857527037266085,1.5000000800813968,-4.545450187313295,10.000000669239185,6.9240463291284815,2.985630766656267,7.199999496826699,0.6250150920861617,11.428571748364384,6.686799015450881,5.871993318747987,7.647018159165938,-11.428571624716563,18.666664948399184,4.900217544450174,6.599757011963474,5.511363030450752,-12.261906339278324,18.666663125791803,-0.23724731367759883,6.814534624145271,-0.5342828325892279,-18.42856888371538,15.095232665022284,5.137464858127774,3.81367898534877,5.530303189462428,-3.7232651104983785,11.693014996207026,14.545450856552481,10.803556656278221,30.09523657311575,30.928569465070126
warm_nights,40752,Karaj,5.418313608805356,10.531197303462775,15.162978187237126,9.744664578431772,-3.1818079887198154,12.866359519004815,0.7678576102085642,17.00681711573311,7.058825365280017,19.52380763755387,-1.22539675788264,21.32352838884058,200,16.04816750772463,16.238959505524544,12.464982272273852,22.548925146723217,34,400,5.342431535509968,4.550626811649016,5.769238454560489,-3.1818167608228,12.857142668951788,10.30861312085768,4.1506991590217,10.714266301947278,0.6964277815839176,16.249999127118212,15.162195792197911,3.4910211797851467,14.999989181733648,7.058827112080218,21.4814795036367,9.819764256687943,5.700724264982783,9.519231660894821,-1.2045759454665637,21.323529056980615,4.853582671340231,4.616212308834534,4.240940797574556,-2.2222957542773663,15.61039570737786,4.966181585347713,4.930577254294092,5.386424849797425,-5.902767657472543,13.420445745839205,16.038959429774586,15.553571345534294,14.42265239155648,22.528105002447177
warm_nights,40754,Tehran (Mehrabad Airport),3.24026436697914,2.849987433492702,0.3537213024083682,-2.8865430645707715,-5.00000134750277,7.8607368227824574,-7.453441018537864,10.835229890956946,-9.230768625739282,12.857142585106583,-13.25000037277035,9.960631196757124,200,12.860738170285227,18.28867090949481,22.087911210845867,23.21063156952747,34,400,3.031239795970091,3.992975931852984,4.285715284054988,-6.2499990204457765,7.857142457780616,2.839939718161654,5.515432280971822,2.9999980580192718,-8.362501991902647,10.835230828742041,0.12558364928899843,5.5522273249988,-3.0828863505220633e-07,-9.230768720160365,12.857143181810095,-2.9056561466810926,5.707994995582059,-3.0756828071649913,-14.685307528308593,11.548690551378852,-2.714356068872655,5.425265348627907,-2.6315779676735,-11.725128517064357,10.163753089100632,-0.19130007780843786,4.176613654909406,0.2884539178136727,-8.706836582649679,7.33478225444604,14.107141478226392,19.19773282064469,22.087911901970458,26.233998079687446
warm_nights,40755,Abali,3.283309842008773,6.317998020600408,5.846156098455778,2.5628462564470063,-5.879774513321911,10.446639087905975,-1.1333329364207816,12.142850438484912,-3.5536810585049574,14.37500010217282,-9.189523672276769,18.336726988015343,200,16.326413601227884,13.276183374905694,17.928681160677776,27.526250660292114,34,400,3.364330432208702,4.15825924830928,3.529417736103925,-5.879774513321909,10.446639087905961,6.380160862897413,3.9271661472058876,6.875000917186605,-3.333322359281209,12.142850438484912,6.028909524898583,6.90464746135794,5.8333330794240155,-4.499999299121053,21.99999830125536,2.6645790926898805,7.521759194528614,2.374582103235228,-10.206328044613603,20.126672266060574,-0.3512513379988307,7.315374107050737,-0.07285619981945812,-13.52938637357109,15.003946075322022,3.015830430688711,3.655630946113719,3.312697734947484,-5.100707684594482,9.872046306919055,16.32641360122787,15.476172797766122,26.499997600376414,30.333000310674176
warm_nights,40757,Semnan,3.1181733362616466,4.558314254191079,5.1281874731228125,2.0100141368611664,-10.0000053062832,12.49999968370162,-3.621030920339663,13.339284237031372,-6.750032802561742,11.250000706051448,-11.323723879018786,13.690383835301928,200,22.50000498998482,16.960315157371035,18.000033508613193,25.014107714320716,34,400,3.1800964102458362,5.263555799043238,4.074082481778865,-9.99999692552007,12.499999717523975,4.690772705697149,4.886805467051369,4.999997587963046,-3.5714123865567933,13.1622805366274,5.259002424191573,4.407365282891651,6.086956598928795,-6.666661750371883,12.333333559951841,2.078906013945737,5.085666068628474,2.006438816256096,-9.103708834860745,13.666644865562489,0.5682297184944248,3.833079728778609,0.811770113965003,-6.669443066240185,6.675000287861063,1.5106762954513122,4.527393497407677,1.4272526617200376,-6.687326129521799,10.418743906800183,22.499996643044046,16.733692923184194,18.999995310323726,22.770353700423236
warm_nights,40758,Garmsar,17.071472309794355,21.677610967157925,25.88697417498543,8.815501865191074,7.1428580893830205,28.888886739971657,17.14291848461736,27.3375001540265,17.170828964813808,45.366664288413325,-7.395832472438603,28.272318556362237,200,21.746028650588634,10.19458166940914,28.195835323599518,35.66815102880084,34,400,17.078824996128947,4.471848017767765,17.058823732168772,7.142855358004843,28.888885968033488,21.63948201347689,3.237564715365361,21.428571436764898,15.904226644800021,27.337500154026497,25.16630052257845,7.84811405786742,24.117646101839824,10.833333481966877,45.333319201159526,8.087475526449504,8.818347776416239,7.886029210289941,-11.620830113097055,25.87043444255378,3.526818509101561,7.884853866288403,3.5935262220444084,-11.433332325914987,19.81457224029864,4.560657017347944,4.572050754752469,4.727268038943237,-5.012499305809312,12.222471970921747,21.746030610028647,11.433273509226476,34.49998571919265,37.49126455565084
warm_nights,40762,Torbat-E Heydariyeh,2.858518512321404,10.0006252704409,11.641399207616391,8.782880695294986,-5.384614072141049,12.526787200613512,6.14583341768202,13.342112475174035,5.975000187159038,20.71428428761853,-4.68253156023967,18.94957810281036,200,17.91140127275456,7.196279057492015,14.739284100459491,23.63210966305003,34,400,2.266379971758147,4.213534912849746,2.2222209930213768,-5.384614129356614,12.500000089985377,9.983228605243788,2.2775995095186357,10.000000395493032,5.833343759659477,13.533279014408835,11.376879594241236,3.96283393548493,11.176470084749468,4.99999631411688,20.714284287618526,9.11049962248309,5.055229756987217,9.393236227240966,-3.1692269775292816,18.94957810281036,1.3936509889974482,4.375871158862766,1.176468515219307,-6.285543506660964,12.088221885109066,7.716848633485641,3.8292188415162554,7.499996100721602,-0.684558242833253,15.40555164242765,17.88461421934199,7.6999352547493585,15.714287973501644,22.11880508033964
warm_nights,40763,Kashmar,0.9843221751651704,8.29253147198548,8.484392357558486,7.500070182393315,-6.250000598917346,9.009379618227356,2.6624990209936943,12.15178887727826,-0.6249985958456388,12.142857017248456,0.1967789728193567,13.312323534014531,200,15.259380217144702,9.489289856284566,12.767855613094095,13.115544561195176,34,400,0.9705862237451478,3.8132190932745464,1.4285714535394647,-6.666615012419211,8.076922707722968,8.176197849754264,2.7373001005166344,8.823529222318587,2.666668159148119,12.500001116480012,8.537930064947885,3.1967760243140493,9.166665544644633,-0.624998215718823,12.142857012047202,7.567343841202736,3.9375626131576587,7.772550897534957,-0.4496551699508643,14.419641195469335,0.36173221519362087,3.4519213292854736,0.07732614738772625,-7.648193951865752,5.751486990707797,7.205611626009115,3.364463884381324,7.215683029998154,1.2634243922830226,13.44373148224749,14.743537720142179,9.833332957331894,12.767855227766024,14.8692963654202
warm_nights,40764,Ravansar,8.414779487185353,9.849200076303555,9.02306841106208,0.6082889238767261,-2.9107137868918507,15.083333369216971,3.125008585732843,15.555554794437072,4.583420502392335,18.57142623929003,-9.288681094744376,14.35510848944334,200,17.99404715610882,12.430546208704229,13.988005736897694,23.643789584187715,34,400,8.493522911165032,4.165923148367013,8.999998780894575,-2.857142270596711,18.333326859595417,10.003665518475314,3.073336428539689,10.499999993750823,3.125008585732843,15.555555027236409,8.967814712822097,3.2171286859213213,9.374991656936887,4.583334743600092,18.571061395316594,0.4742918016570654,5.701672788560827,-0.1948051086914644,-8.239700325884883,14.285700489177405,-1.0358508056532179,4.450601449401747,-1.7307785229702293,-7.922808126479237,9.278281283617329,1.5101426073102835,4.435055091688823,1.6940950762732734,-7.013335884450677,9.811687954388724,21.190469130192128,12.430546441503566,13.987726651716502,22.525400815062287
warm_nights,40765,Sarpol-E-Zahab,11.377041371621704,12.75177224355688,13.476808839659862,2.099767468038159,5.454547927462892,17.609999625631126,8.742771126710217,16.923070798230068,8.898676350626522,19.024982979424543,-6.068749999000653,10.83565349271172,200,12.155451698168234,8.180299671519851,10.126306628798021,16.904403491712372,34,400,11.270830955501795,3.137947195668267,11.600000042666771,5.454546516601486,17.599996532729325,12.748452129031874,2.1406746226360984,12.777776566836822,8.333368011607112,16.923075160170768,13.403060933209947,3.0020141913331977,13.999998522457537,8.898676350626523,19.277777120017408,2.1322299777081524,3.9233645019332446,1.9480502438840537,-5.013888106819163,10.091988108740898,0.6546088041780748,3.207454882671745,0.6170880482047076,-4.996293720062178,6.623357767698462,1.477621173530078,3.55111064442031,1.1586109631395276,-4.609644511870955,7.857679878410002,12.145450016127839,8.589707148563656,10.379100769390885,15.10587621556006
warm_nights,40766,Kermanshah,6.234167938581384,8.735888457780657,13.75243517250652,7.518267233925137,-1.1111120221860489,13.333331477982046,1.6607142175946776,12.404760770295882,4.265625505728425,21.34166710230086,-2.477076364624184,17.371710916737143,200,14.444443500168095,10.744046552701205,17.076041596572434,19.84878728136133,34,400,5.802656556908184,4.091500161008579,5.714279718739796,-1.1111111200588697,12.94117624480444,8.672441730461328,2.7341782231040432,9.999985492659851,1.6666668141425156,12.383927186920472,13.318369767251909,5.015589472939634,13.636363117378437,-0.03571165771774656,21.333333186701566,7.515713210343723,5.303544418882559,7.922112451893174,-3.4366058760162645,17.202322830368722,4.645928036790578,5.6609741681597825,4.230774518426926,-7.593253592821037,15.983636934974399,2.8697851735531446,4.507255365988607,2.994030314122983,-6.865635893890642,11.125014192093934,14.05228736486331,10.717260372777956,21.369044844419314,20.638928706384988
warm_nights,40768,Hamedan (Airport),3.5940242115634065,4.692940863035288,8.53854208986476,4.944517878301354,-3.0500001047290275,8.181817208284802,-1.2604160758564509,9.33863402937611,-1.2499999501192571,16.250000119506826,-5.475582638600968,15.47618949483388,200,11.23181731301383,10.59905010523256,17.500000069626083,20.951772133434847,34,400,3.427295693755192,2.651545932907467,4.2857148969619185,-4.9999944819326,8.000000338516271,4.59079582460652,3.032736074073263,5.217391258671657,-1.260416998744564,9.54543453291975,8.538455095072027,4.726242203265238,8.499999938799727,-1.2499998439828661,16.260421390943378,5.111159401316836,5.243294730915414,4.680553019767604,-4.2114022997815885,15.8611095908811,3.947659270465508,4.132559520573739,4.404764128497715,-3.4616635898200077,10.848213012335009,1.1635001308513282,3.406355695052613,1.1844668289033362,-4.583329496860412,8.419100677596369,12.99999482044887,10.805851531664313,17.510421234926245,20.07251189066269
warm_nights,40769,Arak,5.314584966575186,9.5055699456539,12.338518827352754,7.02393386077757,-3.346159378723128,12.222225830408068,2.2714649113265057,15.866067737740604,7.560000809479805,17.85714194654558,0.311704091616553,14.337808825592496,200,15.568385209131195,13.594602826414098,10.297141137065774,14.026104733975943,34,400,5.153464544136828,3.848485012748123,5.294118842390432,-3.3333357532782424,11.249999839363797,9.4931895999129,3.4529755141125036,9.999995473015181,2.2714649113265057,15.263152808812903,12.258506009293479,2.9707179511771598,12.222222321673893,7.600000838698597,17.87878326219088,7.105041465156652,3.8144306799120424,6.840353268243609,0.3117040916165532,14.512809073674061,2.765316409380578,3.7306772980213534,2.8371202304093464,-3.6666587405367985,10.052272154604648,4.339725055776074,3.253888351381997,4.445374705946591,-2.299999515052954,11.363231452199608,14.58333559264204,12.991687897486397,10.27878242349228,14.201104982057508
warm_nights,40770,Qom,7.21551075317466,11.4426358057922,14.994040145734036,7.778529392559376,-0.0277783304197893,13.61372168175839,-0.027777776806774,16.00625303477826,4.971154267575326,26.25000056761445,-1.2021428557930005,17.02374731348852,200,13.641500012178179,16.034030811585037,21.278846300039124,18.22589016928152,34,400,7.1251275762839885,3.572113290874489,7.407417314179602,2.3508649672407236,13.57142876530587,11.496991948811822,3.762415096349035,12.499999888392374,2.4374947656653587,15.999999823133205,15.018258249686301,5.952041901166631,15.833332341457945,3.785713177976334,26.25000052346458,7.893130673402312,5.149055526810214,8.333328135459496,-2.098211703836068,17.92409812433879,3.521266300874479,4.818322004495799,3.5714313337176646,-5.2655057008732395,13.749991534182056,4.371864372527833,3.0370108324499756,4.406824913052516,-1.4370741800868307,10.33501914563536,11.220563798065147,13.562505057467845,22.464287345488245,20.02230982817486
warm_nights,40771,Kangavar,4.065805802836551,6.03694796373713,9.217525296615747,5.151719493779199,0.9958316109587032,6.428570812056799,1.7469054383129106,10.000000461438026,2.792500003004543,14.705882375864965,-0.4235716596322456,10.200572019088554,200,5.432739201098096,8.253095023125114,11.913382372860422,10.624143678720799,34,400,4.001172664378973,1.5191559940338955,4.166666980903075,0.8333329823648109,6.428570812056799,5.782225683383436,2.754403287592308,4.9999945103837025,-0.013900874223382993,10.016672732350857,9.272962133078066,2.6778649243873454,9.545403522657981,2.5000356868216707,14.705882375864965,5.271789468699093,2.8942021050716598,5.259719115945742,-0.7973245886980814,12.749982947987194,3.490736449694629,2.9364745860749477,3.504453482488224,-2.2707130265245126,9.752281846502573,1.7810530190044636,3.055364956772051,1.5384581967107887,-4.293268070421448,7.425220682023397,5.595237829691988,10.03057360657424,12.205846689043295,13.547307536685276
warm_nights,40772,Qorveh,10.554650092443929,16.39356671554037,19.974420423932106,9.419770331488175,7.499996821892802,14.000000406479176,10.000001977784413,20.700000328385308,13.33333885010832,26.00000019241389,2.8492388951315504,14.692103469162372,200,6.5000035845863735,10.699998350600895,12.66666134230557,11.842864574030822,34,400,10.461266080413685,1.4768796443917225,10.384614984811817,7.333357886096328,13.999999535555167,16.29688782626931,2.609873426235182,16.818181761363313,10.000000351724482,20.00000492439928,19.726166507253087,3.59480436561306,19.99999659113567,13.000086437198538,25.01042168662227,9.264900426839402,3.483159815985871,9.2592562987648,2.4178038640875132,14.999989832496102,3.4292786809837774,3.655657884397648,3.1293752813503772,-2.5873044442809503,10.771728579103577,5.835621745855624,2.500073409495335,6.282053287654183,0.5000015512582953,9.999953746383513,6.666641649458839,10.000004572674799,12.010335249423731,12.582185968408588
warm_nights,40774,Borujerd,11.436130117805424,17.204419699785007,19.497201755293464,8.06107163748804,5.833336628797722,16.42857130452781,10.95238271563518,28.1468743433815,14.11764502460133,26.11742557607649,-0.3759648615274969,16.19804368581279,200,10.595234675730088,17.194491627746324,11.999780551475158,16.574008547340288,34,400,11.622296001735478,3.4652732228076,11.66666784456016,5.833373974157104,16.517858678911555,17.42371339211235,3.9822526063166026,17.999976477066696,10.952382559658876,24.563398345453297,19.65940369860038,3.623764448395885,20.909091120467124,13.902736401917158,26.392042663692777,8.037107696864899,4.235821142696436,8.103179516831986,1.006244735359024,16.608694238270356,2.235690306488024,4.236777795430265,2.331878951293321,-4.682272540436346,9.863497430545042,5.801417390376875,3.9419608563449877,5.795800114627965,-2.294098630042275,12.955823943529316,10.68448470475445,13.611015785794422,12.489306261775619,15.602449502911332
warm_nights,40778,Gonabad,5.699985456026136,9.301150290735183,13.37598078925529,7.675995333229152,-2.504171052811111,13.333321542915217,3.983333574591516,15.298125936185034,6.000002119502759,16.111108192749775,0.3682147510656089,16.786531236120396,200,15.837492595726328,11.314792361593518,10.111106073247015,16.41831648505479,34,400,5.713865339603366,3.578747050263474,6.666665643114411,-2.6666542411590606,12.033333828088884,9.260181553034867,2.8587785634967897,9.37499785584787,4.117646067213149,14.999991569166564,13.418987959871881,2.2244369123637093,14.0909021787507,7.487515353521362,16.111106589074748,7.705122620268514,3.984196104809274,7.450981524113285,0.9396939541931069,16.78571331352209,4.158806406837012,3.1502798033748727,3.8139256332319453,-1.4849258498027498,10.882350252418927,3.5463162134315023,4.067734319360387,3.3936001448533846,-2.969900230160673,12.053120972631561,14.699988069247944,10.882345501953415,8.623591235553386,15.846019359328984
warm_nights,40779,Eslamabad-E-Gharb,10.720290953742824,9.871858339264154,6.214495438159172,-4.505795515583652,6.874999143659247,13.49130402286896,1.4155821861137194,16.305551302493033,-0.5555548577198514,15.416665317293518,-12.378029565845344,5.627230087584114,200,6.6163048792097126,14.889969116379314,15.97222017501337,18.00525965342946,34,400,10.82083130150928,2.048392425126095,10.999999526564707,6.875000536234251,14.009375313945927,9.426921822396407,3.66515093384567,9.999991654125356,0.9090929450641578,15.419183052093846,5.639211984266501,4.685307352916921,4.782609566019263,-1.450549433194342,14.000000342749981,-5.181619317242779,4.755610567406057,-5.838745343375333,-13.545705652966989,5.335400320504682,-3.787709838129906,4.160165706484806,-3.975007988416626,-11.51735389840074,4.29812419848247,-1.3939094791128732,3.8809333780589648,-1.3333302568510268,-10.833329845954344,4.999967294287508,7.134374777711677,14.510090107029688,15.450549775944323,18.88110597347167
warm_nights,40780,Ilam,-4.0928315152296415,-8.007882978363147,-19.65850833984476,-15.565676824615116,-20.833330634837065,5.025015939002171,-22.338232843958508,6.183333654907681,-39.32630466115805,-2.495841502161076,-31.72777312159985,0.984728498828392,200,25.858346573839235,28.52156649886619,36.83046315899697,32.71250162042824,34,400,-3.7241015251677148,8.305161826373444,-1.3333332786732626,-20.833329849796378,6.666660485420226,-7.562878225103624,7.9275430802918,-6.956521791885987,-23.52941044455241,8.104395756468474,-19.677407930679166,9.896939747957886,-18.181818432577295,-39.32631049550394,4.54545461592402,-15.953306405511453,9.447908296016195,-16.41710713452612,-34.32440670665073,1.5134838686712555,-12.114529705575542,7.187033712514866,-11.963934792660346,-28.04643748043178,1.2510472601618148,-3.83877669993591,7.6941045302457125,-4.854836946629527,-18.338226073361177,11.249988645181583,27.499990335216605,31.633806201020885,43.87176511142796,35.837890575321985
warm_nights,40782,Khorramabad,9.488266099986742,10.950855868591027,10.664720857324705,1.176454757337965,-0.0277772841550028,14.23863617801905,2.000000622480319,15.200432029187615,5.500000261977185,17.142856885676345,-8.119060246495106,9.359846991268016,200,14.266413462174052,13.200431406707295,11.64285662369916,17.478907237763124,34,400,9.634318211916225,3.2865611169964937,9.999999787357218,5.86546244816613e-07,14.556818198341334,11.074220347265845,3.315046960017186,11.85185173889741,2.000023568766198,15.217388682680838,10.623988870801284,3.3630427400253247,11.578946742231402,5.5000001850583455,17.142856885676345,0.9896706588850591,4.580598479760644,1.5167818069023147,-8.21736103543065,9.294192311769455,-0.4502314764645617,3.6702330352965675,-0.36937736716183434,-7.693179043571253,6.21857075437788,1.4399021353496209,3.794756811697499,2.1484982486673676,-7.056802421998777,6.8357216605985265,14.55681761179509,13.21736511391464,11.642856700618,17.511553347200106
warm_nights,40783,Aligudarz,7.951625283632466,11.829556796848204,10.209965362956062,2.258340079323595,-0.0625025668417678,12.500002983797444,3.173701574091562,18.97368467133274,3.478260196029088,15.91137194460161,-5.790087074032591,11.342930351839922,200,12.562505550639212,15.799983097241178,12.433111748572522,17.133017425872513,34,400,8.107806845308858,3.0653459198905413,8.619019973665605,3.128299661827824e-07,13.99999984850779,12.052558780919913,3.822731408861442,12.222221493059006,3.1818186222940152,20.014704833549576,10.357502872054857,4.53564724149052,10.000002719906629,3.4782601960290878,15.999999362198894,2.2496960267459993,4.615029995879605,2.2618982870027464,-5.780994412342371,10.31785652804113,-1.695055908865054,4.8417809589235645,-2.0489556982319552,-9.215837164574078,8.349609376920275,3.9447519356110536,3.871161319772919,3.878108418784807,-3.756249065473422,12.8354107046676,13.999999535677823,16.832886211255563,12.521739166169805,16.0988509403835
warm_nights,40785,Kashan,7.547019020199475,13.700445699387776,14.934559321690616,7.387540301491144,-4.666665841512277,17.69230661914866,-0.7191557149355924,19.63886326591425,6.666668573777247,21.27226726183157,-4.375637668108654,17.35454395765135,200,22.358972460660937,20.35801898084984,14.605598688054322,21.730181625760004,34,400,8.111414618966739,5.032445040505618,7.999999538549613,-0.038461692346899265,17.69230739028606,13.860574885431932,4.963520806542634,14.814813753466536,-0.01785731048052967,20.078124710766208,15.309331888948769,4.343559862800317,16.249999992162948,7.500001088267927,22.160713779552648,7.197917269982026,5.301497001095011,7.697189181222454,-3.3593418515534332,16.820098354800763,1.4487570035168358,4.322289917998792,1.5151504255333244,-6.877371337171257,9.506247827925979,5.749160266465192,4.642755830769019,5.714267772924247,-4.169308288079931,14.785187084039244,17.73076908263296,20.095982021246737,14.66071269128472,20.179440206354197
warm_nights,40787,Daran,3.331591375105253,10.53748046042064,12.83358932007004,9.501997944964788,-8.333328672456528,16.96428507233523,3.044543781927477e-05,16.697369116795855,0.5882361887846215,17.391302966832566,-11.166662230526343,23.578116215976408,200,25.297613744791757,16.697338671358036,16.803066778047945,34.74477844650275,33,400,3.3244988871465306,7.248429604847902,3.333325268472738,-8.333328637305543,16.66666592644015,10.321782154632825,4.430691736415396,11.176469780542295,1.7351698154890674e-05,17.391301771564358,12.621711105325465,5.404581762672507,14.615386601387776,0.5882361887846215,17.39130056285395,9.297212218178936,8.223526201066857,9.206888050929965,-11.166654282953516,23.5781162159764,2.2999289506926432,5.5182162130946955,3.0769222588616882,-8.889421650987654,11.765350074528966,6.997283267486292,6.524340502068466,6.455797663484347,-4.673614989505775,21.190474830483772,24.999994563745695,17.391284419866203,16.80306437406933,34.74477049892992
warm_nights,40789,Khur-Va-Biabanak,9.87822219389249,16.993120992058493,16.603689888722275,6.725467694829783,5.833334278033534,15.999999747553572,13.999998589793744,20.727687661802477,13.744478960922264,18.57142426002733,1.1341256004940177,11.104160418127798,200,10.166665469520037,6.727689072008733,4.826945299105068,9.97003481763378,34,400,10.112838987079636,3.0826621592908965,9.999995334233098,5.833337003863326,17.158730164351756,16.94016345983742,1.9818711413734729,17.27272752066356,13.333339157766327,20.727687661802456,16.70310322273298,1.2482265503565833,17.05881901829142,13.744478044096892,18.74999857231964,6.590264235653344,3.1258689661773924,7.197863878829992,-0.33823500696818737,11.089737004760476,-0.23706023710444277,1.7266881284090891,-0.3999991175415545,-3.17444212169673,2.892150432052595,6.827324472757787,3.289677327285234,7.280689611989452,-0.8848413625378939,11.251493269853015,11.32539316048843,7.394348504036129,5.005520528222748,11.427972011728663
warm_nights,40790,Robat-E-Poshtebadam,1.2313106704615375,5.335509757653206,6.320613198023117,5.089302527561578,-6.708333408875218,9.33333316833329,1.079137178863709e-07,9.42646823935436,1.2379815542040855,12.857144886971184,-4.092000145959564,12.860715538863742,200,16.04166657720851,9.426468131440643,11.6191633327671,16.952715684823307,33,400,1.2567566388776723,4.438571795609168,0.43478264845014414,-8.3593738516532,8.394086138585443,5.336157161068249,2.6564457164740425,5.714285204078582,-0.022733634488440246,10.017851409148697,6.303538065721482,3.034637799458371,5.714286165299263,1.237980476882347,10.952379881857093,5.0467814268438085,4.396546143025564,4.888889678745155,-2.7465127084655174,13.001917722556408,0.9673809046532327,3.6780778950263504,0.6904767824589735,-5.459311487935199,7.865258108452719,4.079400522190577,4.568399465299122,3.640841054870614,-4.545454901564541,13.458968771215723,16.753459990238643,10.040585043637138,9.714399404974746,15.748430431021927
warm_nights,40791,Tabas,8.150285992541265,13.38838908954942,17.86461950416383,9.714333511622565,0.6250108922785338,15.008333922871577,10.588245128673051,17.49998843926006,8.82352951304355,24.99999429581975,-1.3761923586608191,19.562921261399403,200,14.383323030593044,6.91174331058701,16.1764647827762,20.939113620060223,34,400,8.116193716457124,3.7975682609146357,8.571434224262976,0.6250108922785338,14.17791804112941,13.242674138934612,1.8988902722575982,12.999999887499973,10.000005457787887,16.874998807331984,17.477945285129298,4.581941956266719,19.41175480525995,8.814475492165087,25.024998293177045,9.361751568672172,5.582877333611701,9.970995757145836,-1.376192358660819,19.854900501317637,4.235271146194683,4.043875568169829,5.034631049810627,-3.903740166282953,10.348451211171522,5.1264804224774885,3.7441150794934646,4.7862654711123085,-0.8541673381065915,13.504248635727206,13.552907148850876,6.874993349544097,16.210522801011958,21.231092859978457
warm_nights,40792,Ferdows,8.443332104612018,15.991385772357342,20.63620935765156,12.192877253039544,4.729533208345451,16.79999994390335,13.661540149273453,19.99999953818876,7.500050260563049,27.144839746555306,-0.5231639932334412,18.554531330934456,200,12.0704667355579,6.338459388915307,19.644789485992256,19.077695324167898,34,400,8.40219352714419,2.864701828666011,8.181815871874349,4.000000065168251,16.799999549622033,16.076577265768698,1.7186512503015792,15.71428308630463,13.461539785201536,19.999999744415558,20.800328228819318,3.6766564492861757,20.99999410263291,9.937498550426783,27.222171289038872,12.398134701675128,4.929432189769459,12.853885849914086,0.47500034195867324,20.146101446620822,4.72375096305062,3.6925888980219788,5.1737988162621456,-5.321666933630721,9.217761029215739,7.674383738624508,3.405990376436245,7.532466321087998,0.032676009042825624,16.006954149929243,12.799999484453782,6.538459959214022,17.284672738612088,19.67110110466215
warm_nights,40793,Qaen,4.512418162137911,10.770679340223632,13.879646998988896,9.367228836850986,-0.5232162044225228,11.43698296999311,4.000009438605591,19.9999898434502,5.833334542576903,19.99999973909637,1.321430849474911,17.67444951624796,200,11.960199174415633,15.99998040484461,14.166665196519467,16.35301866677305,34,400,4.536913657867891,3.1064605983309277,4.736841574369691,-0.5000007812629809,11.436982969993101,10.604686251840794,3.146897212308012,9.999999837277759,4.285714694292207,19.999989703541793,13.66311818089247,3.8359859529452454,12.857139342127596,5.833334542576903,20.000000144362446,9.12620452302458,4.5453425898127255,8.23529243912568,0.8446501024728142,17.654508322237323,3.0584319290516784,4.174206991733027,2.6666718613664226,-4.2999980029964116,10.499996091753987,6.067772593972902,3.336738207129369,6.280694008064357,-0.42808473932020935,13.99999053232765,11.936983751256083,15.714275009249587,14.166665601785542,16.809858219764507
warm_nights,40794,Safiabad (Dezful),9.477327792467689,8.630168503152632,12.631953471675033,3.1546256792073444,5.787503105108493,12.520834302169035,0.6666704867206511,13.689327420619604,-0.0468751803724548,24.736821521275807,-10.019097353881197,14.736836276546518,200,6.733331197060543,13.022656933898952,24.783696701648264,24.755933630427712,34,400,9.616147580394797,1.6671172669986838,9.999998205263935,5.833348943881153,13.601197230754224,8.900613322412278,2.6613260751007983,8.750002052717676,1.6441627617091745,13.888886799563329,12.76771236988251,6.574154897877996,13.529399474554317,-3.9999996385070515,26.363631140589998,3.1515647894877135,6.7634583955499465,3.529409740240226,-14.000006595844013,16.363573857108943,3.867099047470232,6.758945188870176,4.178392446779537,-12.968653091415113,16.666621521059582,-0.7155342579825184,2.5239838849203133,-0.7318369525607293,-6.2093768079801706,4.1715848493777274,7.767848286873071,12.244724037854155,30.36363077909705,30.363580452952956
warm_nights,40796,Dehloran,7.842043789672757,10.64351770075924,15.063953893350195,7.221910103677439,1.0000016672890053,13.124999526522052,7.857155434428235,14.309003722590926,4.210526408715461,25.000003749801326,-5.903122543511789,18.54118009837428,200,12.124997859233046,6.451848288162691,20.789477341085863,24.44430264188607,34,400,8.065324503476154,2.4400003595865436,7.7272732388022565,4.761905867161556,13.125002422150938,10.698064309682762,2.1070740097154315,10.000002586007481,7.89473644823382,14.28571221769906,15.8428842626835,6.561067495674457,18.461537380600543,4.210526467342589,33.15786228384958,7.777559759207346,6.396249414270677,9.666668791906883,-5.37024399944413,19.735551003669592,5.14481995300074,6.172777540304869,5.80962173629419,-6.680446982807629,18.76644421907282,2.6327398062066063,2.4720608690665196,2.484848123100199,-2.9566972829180496,7.3981026644625265,8.363096554989383,6.390975769465241,28.947335816506993,25.10579500311372
warm_nights,40797,Kuhrang,3.957275915466781,10.216675465664526,8.68547635712852,4.72820044166174,1.052641770288578,7.142856572744621,5.19634563044171,12.380952903833377,6.153846109421187,12.520832218316992,0.4761930594937621,11.19999916259162,200,6.0902148024560425,7.184607273391666,6.366986108895804,10.723806103097859,34,400,4.094952448705367,1.6690140894436682,4.230769592767286,1.111121641811785,7.727272453568753,10.085393443892356,1.9448891361308045,11.000000675001427,6.288332500650551,12.3866465066957,8.549358715530971,1.932920363841483,8.7500000698415,5.714285573226893,12.499999524948322,4.454406266825604,2.927484047141397,4.2200874572831335,-0.16852349045480552,10.7626823514674,-1.5360347283613844,2.5676903184159117,-2.140873191396458,-5.323990078710666,4.333294073679893,5.990440995186989,2.2356888585686217,6.227082384616224,1.6762386261528557,9.780211243558428,6.6161508117569685,6.098314006045149,6.785713951721429,10.931205841922207
warm_nights,40798,Shahrekord,-2.4573747078328,-3.2391545129639563,-7.15620932661859,-4.69883461878579,-16.428545438439812,13.33330760661399,-13.099999006039129,4.999996427232055,-21.999983410094654,-1.8749975885006036,-17.09908711126356,6.049185630281476,200,29.761853045053805,18.099995433271182,20.12498582159405,23.148272741545036,34,400,-2.084390573512517,6.411068714838321,-1.5384621808006351,-16.2544753041016,13.33333249794568,-2.93525329967186,5.381301327813083,-2.6923075607116886,-13.100000802608271,5.000006860760019,-6.52506144033742,5.924153747162656,-5.882361039093432,-17.18235959209248,7.784091248048179,-4.4406708668249015,6.107228854841263,-4.343889284574493,-16.375296337621858,7.385785180597464,-3.5898081406655593,4.794462992313346,-3.4960324520961086,-12.775342337224057,5.559517282169849,-0.8508627261593431,5.718433464460718,-0.7443141298891288,-10.939085340122022,10.014866048835346,29.58780780204728,18.100007663368288,24.96645084014066,23.76108151821932
warm_nights,40799,Ardestan,3.8651460987360338,9.152465410443709,9.224402674202048,5.359256575466013,-2.531247093643277,11.45285638779142,3.988234917093336,12.631572787421678,5.50001156582121,12.499992829522617,-2.493463986148617,13.508328396556925,200,13.984103481434696,8.643337870328342,6.9999812637014065,16.001792382705542,33,400,3.7916443267353257,4.113595040755573,3.333341819332183,-4.285712846422937,12.39997957003996,8.953871612752613,2.8101920445447357,9.13043670137736,3.496731881320785,12.66664295917961,9.208811016667589,1.896966519920772,9.411768086468925,4.261905274251852,12.105263572084175,5.417166689932262,4.475628432834965,5.5555502374946375,-2.9696796531259055,13.700841095326844,0.2549394039149774,2.9731850679905634,-0.31024575730957604,-4.407248390109,6.794658351253663,5.162227286017286,3.749206543759877,5.500001189521758,-2.678403370599992,11.641013346688958,16.6856924164629,9.169911077858824,7.843358297832323,16.67052074845275
warm_nights,40800,Esfahan,13.22980857673025,14.736968748499132,18.06222875236082,4.8324201756305705,6.842106260124211,23.136363432806004,10.654725569473058,21.4383128833176,11.76470200762052,23.846041447228817,-4.757811218202195,15.294107528222506,200,16.294257172681792,10.783587313844542,12.081339439608296,20.0519187464247,33,400,12.93394333284196,5.125554605284609,11.666665782073846,6.842105923811147,23.076922842948704,14.69010572827341,2.7382588405323145,14.500001304009203,10.352944793480814,21.428570060181517,17.861537633029034,3.2045352696635816,17.708332079765285,11.764704855232392,23.684202736541234,4.927594300187076,5.748109770695596,5.533312425453029,-5.3160551028179075,15.294107439725096,3.1714319047556243,3.153607471804345,2.788888021733537,-3.238788841967049,10.487658895635711,1.7561623954314514,5.5230307745782,2.777786411558651,-9.099491873591445,11.531617135224865,16.234816919137558,11.075625266700703,11.919497881308843,20.610162542543
warm_nights,40801,Naein,6.126180587668325,11.201895491926638,13.291143962872145,7.164963375203815,-1.6666668284776798,11.260414427382766,7.141370045825631,14.583333611714544,9.99999996968667,19.374990023728863,0.2366717401478176,18.044631143150948,200,12.927081255860447,7.441963565888913,9.374990054042193,17.80795940300313,33,400,6.058668816102661,3.613020334794752,6.250009023038189,-1.687500737601792,11.72413461938926,11.124103127987441,2.0869059940117856,11.250000719828659,6.976906723598416,14.583334000588085,13.11837926359118,3.1988249735341348,12.857139855531194,9.60000052206889,19.37498060289132,7.059710447488518,4.950217430909929,6.11111497382156,-1.683079918690501,17.428287859583914,1.9942761356037368,4.018737223899215,1.5333384524773876,-3.688270334922934,10.136906578527107,5.065434311884782,3.3818572324004146,4.698695000660515,-0.7692319283563778,12.501873676031849,13.411635356991052,7.606427276989669,9.774980080822429,19.111367778274417
warm_nights,40802,Esfahan (Airport),3.8871808424015057,3.1193241999058308,3.088912987794057,-0.7982678546074482,-7.14284898454441,9.374996792454606,-3.58214270611392,14.374997947946548,-14.673076476281224,18.12499872688418,-15.872886071047084,12.63014700872879,200,16.517845776999017,17.957140654060467,32.7980752031654,28.503033079775875,34,400,3.747308746169082,3.6466397305612395,4.6153835429956604,-7.142854669014836,8.339285706783675,2.787809307248665,3.7665069560866398,2.3076896443362074,-4.7058821422502355,12.520835992997352,2.6110012793751105,8.172516313713526,0.7417462965883338,-14.645833322979046,18.124998720522296,-1.1363074667939717,7.643140821032858,-3.031582341464913,-15.833332774810602,12.830942261566113,-0.17680802787355446,6.990174600762789,-2.062778558652753,-13.51642611171628,14.733958308120377,-0.959499438920417,3.5773730865689606,-1.4050709951883693,-6.535444524992807,7.376921398097807,15.482140375798512,17.226718135247587,32.77083204350134,28.664275036376715
warm_nights,40803,Kabutarabad,11.731850452977676,16.62699507547376,20.863719303346883,9.13186885036921,7.966664241957385,16.000000274123945,5.992877423041233,21.006249221529405,8.571430094136899,33.79918071117801,-1.1637248539162437,19.71427847236625,200,8.03333603216656,15.013371798488173,25.22775061704111,20.878003326282492,33,400,11.798929341663632,2.8961156213897357,12.173912952610914,6.153849913509367,18.999998903717064,16.787230938910117,3.8836156052621913,17.85714833485521,6.494121700749067,21.53611502685046,20.771463676850946,4.863192235267692,19.999999704514583,8.571432596541193,32.80208307405495,8.972534335187312,5.1559153678917005,8.99999896350917,-3.510725671885275,19.71464218882966,3.9842327379408276,4.559194541863141,3.273812431096454,-3.7362621615267124,14.424486326285482,4.988301597246485,3.724190261756219,5.690101258228185,-3.576349191394687,10.478200993453815,12.846148990207697,15.041993326101395,24.230650477513755,23.225367860714936
warm_nights,40809,Birjand,0.6997657380113783,4.714843335877273,7.050252021448989,6.350486283437613,-12.499981416397864,6.671929479057703,-4.615382255182005,10.352777730328487,-2.860711386986695,16.24999910901966,-1.9395705071278797,18.57187342751951,200,19.171910895455568,14.968159985510493,19.110710496006355,20.51144393464739,34,400,0.645964963048653,4.167945500815647,0.4166709289189767,-12.499998097866145,6.666666668501211,4.724332596467247,3.2225404298577094,5.624999677735277,-4.615360858372638,9.663791484771634,6.646228804636598,5.041085183935428,6.666667132039352,-3.35714220759862,16.2499987197123,6.000263841587946,5.311475845945954,5.844006315835955,-3.954641605060227,18.565177073810947,1.9218962081693505,5.025179567953803,1.6600799021870916,-7.528797454907397,11.905288230471326,4.078367633418595,3.217759198015208,4.047619442155449,-2.1005485872998366,11.84305737795724,19.166664766367354,14.279152343144272,19.60714092731092,22.519818678871175
warm_nights,40810,Bostan,11.7784484017257,18.832748894439536,24.1927492353968,12.414300833671096,4.000025402133141,29.999999577779484,14.375001915817313,20.416666088716998,17.07812510045104,34.999998947778174,-7.284111303027943,25.013643260585965,200,25.999974175646344,6.041664172899685,17.921873847327134,32.29775456361391,34,400,11.735511165727942,5.5537354611077525,10.000000624824892,4.000077690213253,29.999999664443546,18.81445779521086,2.1047902142068624,19.594151856003357,14.375000075683719,20.416666767950456,23.858632179292698,6.695339005850954,23.636364265001802,11.91666712894302,34.99999812401039,12.12312101356476,8.470492394381145,13.179093246689579,-13.685855834061734,24.999999162116705,5.04417438408184,7.06738078614711,5.238095539043529,-7.31362999538703,17.9095299074556,7.078946629482918,5.569991220247599,8.64034686922076,-10.836309196110548,15.449058072830404,25.999921974230293,6.0416666922667375,23.08333099506737,38.685854996178435
warm_nights,40811,Ahvaz,13.203043945652512,13.69348159237694,18.407881647710184,5.204837702057671,6.666670318075862,17.506944759766817,9.999999810469443,18.88888605048456,11.093750579720371,28.85293212985797,-4.818452109412278,18.096602038661004,200,10.840274441690955,8.888886240015118,17.759181550137598,22.91505414807328,34,400,13.291400273661614,2.783877414530138,12.727273365286457,7.692332665647997,17.50000014382974,13.628496764655731,2.4404508834023146,12.500002822617994,10.000001220994866,18.57142853351061,18.290612612353932,4.63279322246487,18.885455878010195,11.093750631693815,26.903134913791263,4.999212338692317,5.6908178858874585,5.267079742000206,-4.784142194222385,17.279431563408583,4.662115847698202,5.218181862312265,5.5000044678382745,-5.717436120545398,13.749995275351239,0.33709649099411526,3.140485294957901,0.19672110817238853,-5.416667414417785,6.2508915119747686,9.807667478181745,8.571427312515743,15.809384282097447,22.06357375763097
warm_nights,40812,Masjedsoleyman,11.293618312538571,11.912149022313857,12.336983345938355,1.0433650333997844,6.6500011534217,14.650000211011356,3.0749890698393854,19.187534202258988,6.660714426041221,27.375000227435983,-7.399805006299405,15.68214299620622,200,7.9999990575896565,16.1125451324196,20.714285801394762,23.081948002505627,34,400,11.291884694197861,2.3907930757291744,11.785713686903566,7.142861395400189,14.615384393491109,12.33106732386544,4.260978546279904,12.727273936736815,3.07692516056642,19.166668249658265,12.535064484620998,6.216943237849678,10.999999845630743,6.428572280550478,26.683334266529403,1.2431797904231379,6.4576386250142255,0.2070376651998007,-7.399805006299403,15.677472726591754,0.20399716075555696,5.878686562321262,-0.6596341695358099,-9.167625454534498,11.980534409538363,1.039182629667581,4.530070319544532,1.5227710266734142,-8.49999519173901,8.858922874738047,7.47252299809092,16.089743089091847,20.254761985978924,23.077277732891158
warm_nights,40813,Ramhormoz,13.176639829332908,16.224647114162114,19.605483218827047,6.428843389494141,9.090907949394898,17.619045316423346,10.476192434318206,23.333333691763023,1.9999996633007209,32.00000118930351,-8.976901920857548,17.900919020513342,200,8.528137367028448,12.857141257444818,30.00000152600279,26.877820941370892,34,400,13.15362076304071,2.326139333148065,14.000000704641543,9.090908460170958,17.619044983149557,16.28030696113474,3.4398408397702163,16.086980192013947,10.476191109108003,23.333333240162574,19.781638465366836,6.838154313956014,21.428571392038243,2.00000016722244,32.065386727691596,6.628017702326124,6.271880334936123,7.384615201923839,-7.851041923258513,18.340622731449685,3.5013315042320925,5.695948850324849,4.739626434897193,-9.509803375064806,11.29808129262438,3.126686198094032,3.326779668092289,2.8637578479656627,-3.6147181559019104,10.614732355039296,8.528136522978599,12.857142131054571,30.065386560469157,26.191664654708198
warm_nights,40818,Abadeh,8.706230700799743,14.62060159505782,15.945336093434111,7.239105392634371,3.333334303982765,13.749999731933352,8.28676909849594,18.339283333848176,10.609373326014683,19.99999921680735,1.3906256859254211,14.194851992991865,200,10.416665427950587,10.052514235352236,9.390625890792666,12.804226307066443,34,400,8.801856164587946,2.4326122945609945,8.999997096198847,3.333334303982765,13.74999991319428,14.764111223383614,2.785705789842468,15.555553978550897,8.565470273916414,18.579364156349232,15.883491719699272,2.341159443480104,15.714283276453395,10.624999128345014,19.999999250795433,7.081635555111327,3.194056570377934,6.7647509179406,1.39423193031866,13.888879658562267,1.1193804963156586,2.835189338319212,0.6250003788114444,-3.136647094169234,8.574211748008935,5.962255058795669,2.7801213669727525,6.272767930476338,-0.07734046060059811,10.571429108987298,10.416665609211515,10.013893882432818,9.37500012245042,12.494647728243606
warm_nights,40821,Yazd,9.088940724244331,15.274812576211296,17.077771762758836,7.988831038514502,1.5384913598112475,14.54545313980914,11.666668211221314,22.869046748332348,12.400000084443352,23.846143286543438,1.6650015725363336,16.187500003248786,200,13.006961779997892,11.202378537111034,11.446143202100085,14.522498430712453,34,400,9.167192388618691,3.2231505283362485,9.090909111570276,1.5384710802386008,14.545453892964957,15.696486755698944,2.9663199145110073,15.4999991739078,11.66666963101401,23.33333375247573,17.280665799362804,2.3231168351213753,17.05882296544855,12.400000626270021,23.849999993532023,8.113473410744113,4.138293425093804,7.65297348165265,1.6852366144362965,19.80699103389532,1.5841790436638619,3.4304223054206497,1.5986107223617019,-5.530064831341447,8.291549146537934,6.529294367080252,4.734748016128546,5.909091927923639,0.20069574847387922,18.63635790277226,13.006982812726356,11.666664121461721,11.449999367262002,18.121754419459023
warm_nights,40827,Nehbandan,4.697601781022155,5.980363034645741,6.1283607374432565,1.4307589564211016,0.6200076955459463,13.333331603428771,1.1071419319019684,10.564428058242664,-6.666665000308368,20.000000267886108,-13.858757842358,12.5208364994812,200,12.713323907882826,9.457286126340694,26.666665268194475,26.3795943418392,34,400,4.8023931640549655,2.907744462334925,4.285628032662011,0.833336291791906,10.08333922223704,6.090715806388858,2.79615516695298,6.206896894357412,0.9010714312032948,10.909077830101529,6.174969972563924,5.932259987944677,6.666673321109064,-6.666666674241329,20.020831460880807,1.3725768085089585,7.321522764460315,2.5000038474082293,-16.6666686397681,13.979146140443936,0.08425416617506504,6.545209993516366,0.3741231476011815,-13.337717457163487,14.556813165520307,1.2883226423338934,3.6728742497473412,1.6666678043019783,-7.194034309958995,6.818239480844761,9.250002930445135,10.008006398898234,26.687498135122134,30.645814780212035
warm_nights,40829,Zabol,6.927085813305435,12.733016668159088,16.92789669436116,10.000810881055724,-0.9999911780206392,12.857146816409143,5.256615483376156,17.415403417017124,-0.9999999107639772,27.02501801873842,-11.002779148778089,20.51401717697498,200,13.857137994429783,12.15878793364097,28.0250179295024,31.51679632575307,34,400,6.825483392978777,3.552011126083395,7.333332769728442,0.9035718305701019,12.999996632433195,12.694100469877785,2.978246006427574,12.173912786313196,6.4200290242159515,17.205185682486587,16.419355027337552,6.915086688214651,17.85714287922809,-1.0000000597200758,27.00771021321034,9.593871634358777,7.688228042126438,10.690469124123826,-10.999992837749987,19.520819003917325,3.7252545574597695,6.415763210170244,4.315482870820848,-13.333332119067316,13.398077810070236,5.868617076899007,4.311436154591936,5.299241509044471,-1.193101236558218,15.002962085186605,12.096424801863094,10.785156658270635,28.007710272930417,30.52081184166731
warm_nights,40831,Abadan,16.79425122200269,17.79886046581126,19.786785883960263,2.992534661957575,10.76923771758906,24.18137219333601,11.818180482139498,25.333333400355446,4.875002749232738,32.499996934214934,-12.356248146900851,18.151804753069523,200,13.41213447574695,13.515152918215948,27.624994184982196,30.508052899970373,34,400,16.724514885811843,3.126473858990077,16.666666435161623,8.333345866205116,24.181372134982155,17.854805025281358,3.236908918268247,17.272739426428284,11.818187421208167,25.333333699453018,19.439717532506123,6.19865172659841,19.411664033136418,4.875002749232743,32.499998092206354,2.7152026466942814,6.935520985174127,2.2943719448304094,-13.2710252257326,18.142867292183915,1.5849125072247647,6.865172314842642,0.7411875225132523,-14.189679796015358,17.53174538443324,1.1302901394695168,2.9076419954201973,1.0930850716284084,-4.464960279120187,6.670453323279447,15.848026268777039,13.51514627824485,27.624995342973612,31.413892517916516
warm_nights,40832,Bandar-E- Mahshahr,12.748217506263032,17.247458755926623,21.435390854377538,8.687173348114506,10.000000198166044,17.083332714220923,9.565222542781251,21.43447873448389,15.584374400550674,32.49999197598006,1.4839485693453411,20.020848214452933,200,7.083332516054879,11.869256191702638,16.915617575429387,18.536899645107592,34,400,12.70236932167149,2.1359788309732077,12.222223964014052,9.999999983445989,17.05882356885658,17.36007262799719,3.140945255226341,18.18181769000225,9.999999970600669,21.18039436518118,21.356731842490884,3.8050773693016815,20.714285078471704,14.2785731364235,30.939935459503268,8.654362520819394,3.928096063061943,8.235294894110837,1.4839485693453416,17.1623166988991,3.9966592144936914,4.6331416020926,4.0476205612030824,-3.908074387464175,13.809517587983967,4.6577033063257005,3.353132886270113,4.959067355701545,-2.4999040161436814,10.020901417237788,7.058823585410593,11.18039439458051,16.661362323079768,15.678368129553759
warm_nights,40833,Omidiyeh (Aghajari),9.428074575468642,14.875918266192617,16.63785883738394,7.209784261915299,6.666667262235883,16.42857230834785,6.666668111127734,21.88075582923315,7.750000193303725,29.999997724195207,-5.009617645308074,19.171806173092037,200,9.761905046111966,15.214087718105414,22.249997530891484,24.181423818400113,33,400,9.769646079418466,3.227602840616067,8.421052695957608,6.666667622669433,17.14285671468902,15.134420397879945,3.89603668218363,15.999996886194467,7.211304445308355,22.11513072827638,16.279425772597452,4.73420418475167,14.73684696074526,10.000000143087982,29.999991708020875,6.509779693178984,5.248173647135901,6.386554976957959,-3.717325712269246,18.57684123935936,1.1450053747175057,4.747603340436142,1.3354376396262708,-6.881735942626707,10.119568359135348,5.364774318461478,3.6410151600044967,5.511926492546507,-1.2499983724236448,11.878124444989982,10.476189092019588,14.903826282968026,19.99999156493289,22.294166951628608
warm_nights,40835,Dogonbadan,7.992270167865471,9.213363974077993,15.361500688439572,7.369230520574103,-0.0714288717052365,18.587911900791426,0.6499998525565687,22.514427246828884,-6.000000552363806,27.33333241738536,-10.479713715179752,22.89681238460279,200,18.659340772496662,21.864427394272315,33.333332969749165,33.37652609978254,32,400,7.803515136598191,4.634589923516932,8.1250002128104,-2.857141645080777,15.714283969766273,9.50213267857635,5.559398144317673,8.888890815510944,0.5416796630521581,23.636357629676624,15.315981235444301,8.670678037606969,16.666652890357284,-6.000000552363806,27.353192148079366,7.512466098846107,9.112237416617504,7.947368089847893,-12.083326576296706,24.51060329794966,5.813848556867949,7.766149068767483,5.888547059044705,-9.595653152691877,17.165644666757615,1.6986175419781586,5.482260671915869,1.410249979463913,-6.680551733839669,13.084979009279458,18.57142561484705,23.094677966624467,33.353192700443174,36.59392987424637
warm_nights,40836,Yasuj,1.3796828035979465,-1.7790966948123563,-10.389168742832318,-11.768851546430264,-19.99998343753804,12.307691369515716,-23.750011812787108,16.15384467143201,-36.66666269332046,1.4925184655042882,-31.37474564798644,3.553211930714167,200,32.30767480705376,39.90385648421912,38.15918115882475,34.92795757870061,33,400,1.953368623197551,7.3767507715246055,1.363641772993371,-8.884191582841185,12.307692132652905,-1.7238677642942155,8.384937727192682,-1.6666654398115117,-21.86648601165441,16.15384590383885,-9.965644738839059,10.011557091240217,-8.636363358941756,-30.86365034744193,2.052249659156096,-11.91901336203661,9.256684838981702,-12.289857924018643,-29.429391160564624,4.457145353693045,-8.241776974544843,7.615322431812477,-7.408454239799184,-22.784101618798434,4.281989524853984,-3.6772363874917664,7.241353417724971,-4.108928061587919,-20.06902941032195,10.08219724327649,21.19188371549409,38.02033191549326,32.91590000659802,33.88653651425767
warm_nights,40839,Anar,9.220962458324932,8.908509915077046,12.134158173865206,2.913195715540273,0.513158071034584,19.09090930211228,2.666667971052848,15.017855966349158,7.120537468775225,17.333331804890474,-7.790909995564106,12.379165886845072,200,18.577751231077695,12.35118799529631,10.212794336115248,20.17007588240918,34,400,9.605871692394086,4.348914454664666,8.421053201136855,1.9666685285503693,19.090909667516524,9.004599711191224,2.9931659921452614,9.258238178298946,2.6625011517249186,15.714285449191003,12.090415365954314,2.983063864159705,11.333335310943784,5.9090908776471975,17.333331804890474,2.484543673560227,4.720917804461382,3.032580680172836,-8.178568906028243,10.959762387276927,3.0858156547630893,3.2410590390821334,3.10302086943406,-3.1131143472545992,9.13206230463713,-0.6012719812028618,3.6342024153989536,-0.37434618331583014,-9.091366812305704,6.284861210828938,17.124241138966156,13.051784297466085,11.424240927243275,19.13833129330517
warm_nights,40841,Kerman,7.532123880235719,9.688392137070084,8.486216197798,0.954092317562282,2.497001729949084,13.465909676142203,1.9856951528836173,13.999997130317816,4.545454685585777,17.391304621715097,-5.932899450374771,9.532772396045065,200,10.96890794619312,12.014301977434199,12.84584993612932,15.465671846419836,34,400,7.37851065578328,3.6854158728791826,8.095238120003037,-0.6735264999472282,13.461538475880841,9.50673433529774,2.841104385887577,10.000003573854734,1.4285734154990362,13.888889085429765,8.332333725159206,2.998581078138634,7.619047983528132,4.444531342266194,17.39130093301382,0.9538230693759263,4.178983073487746,0.6625255314200871,-5.932899450374771,10.58140496141715,-1.1744006101385334,3.374149295539245,-1.4430512809209373,-7.451079140275289,6.655710702437475,2.12822367951446,3.4950148525457405,2.3211571783319256,-4.877726977618323,9.069158964815532,14.135064975828069,12.46031566993073,12.946769590747627,16.51430441179192
warm_nights,40844,Dorudzan,-5.555242066257058,-6.051284717304562,-5.347580548082701,0.2076615181743569,-15.053570421905016,3.571427767988022,-19.166665784427018,4.002940710736269,-10.624999903524763,-1.999998055954431,-10.858541834344312,12.953554601013874,200,18.624998189893038,23.169606495163286,8.625001847570331,23.812096435358185,34,400,-5.167875873734411,5.997595317360072,-6.249998125916841,-14.999999990399118,3.5714280277631576,-6.432280286037597,6.0016903308335765,-5.294118271233618,-19.166665733286308,3.6100004079983252,-5.376423040017496,3.138294546852301,-4.500000138889678,-10.625001522837081,-1.9999974597789494,-0.2085471662830858,5.98959387447533,-0.2833113803343722,-11.645445318528393,11.754328098591367,1.0558572460201006,4.865422250208381,0.325876680784982,-7.522433166494201,11.548211743598324,-1.2644044123031863,6.264003231186407,-1.2719391812613088,-12.77975645733873,11.007047310343586,18.571428018162276,22.776666141284633,8.625004063058132,23.39977341711976
warm_nights,40847,Zarqan,8.953780196156744,14.593190942131464,16.011927973142907,7.058147776986163,-1.999992771112179,26.467857252864214,0.8125008582944008,23.333335196780997,9.07517576345428,21.428571681346213,-7.247114207463483,17.19177455667351,200,28.467850023976393,22.520834338486598,12.353395917891934,24.438888764136994,34,400,9.039093322190014,5.421646375253711,9.090909504146627,-1.000004229561999,25.03571480161107,14.773304456978952,5.004952997026878,15.357144172004002,1.6607162556048412,23.162282379061637,15.891312278356331,3.4813161629034752,15.454545554406618,9.367901072381303,21.307455843773557,6.8522189561663165,4.992540925954501,7.297982338318456,-6.895223817753135,15.128986063185938,1.1180078213773783,3.551368406946776,0.8152122548275162,-5.537854241464129,8.465288291436385,5.7342111347889375,4.8254432154414255,6.44807620185658,-7.483552041864603,13.430344192025615,26.03571903117307,21.501566123456797,11.939554771392254,22.024209880939072
warm_nights,40848,Shiraz,-0.049022349900845,-5.482588505030469,-14.126197132125654,-14.077174782224809,-16.681819181017307,7.36842272790668,-26.666664467320107,7.512497326981615,-24.885109831365583,-0.2955835285980854,-25.465961521903075,-0.7472937628069664,200,24.050241908923987,34.17916179430172,24.589526302767496,24.71866775909611,34,400,0.5532881375420301,5.576436605109056,1.1111119581953464,-11.111110092786346,8.125579440971574,-4.875782499911475,8.140001361234047,-3.684214644673793,-24.303583259821046,7.999999182630031,-13.78814715471362,7.339435541250818,-15.185184616057201,-24.705879927078808,0.4958131918617381,-14.341435292255648,6.665350224310741,-14.168411372995322,-26.24373435293361,-1.4241065943081288,-8.912364654802143,6.254101936717591,-8.779755510348494,-21.43035230777651,3.275325879636676,-5.4290706374535045,5.7591518013423295,-4.761907642233059,-19.551605008327748,4.627775330804942,19.236689533757918,32.303582442451074,25.201693118940547,24.819627758625483
warm_nights,40849,Shahrebabak,3.249160063672402,2.6116124064018784,6.404679237865967,3.1555191741935653,-5.714285161898828,6.190475607001004,-3.636362408635011,7.777774840063361,-2.85714181644688,11.335709358024738,-5.9800582270713525,11.00277668927507,200,11.904760768899832,11.414137248698372,14.192851174471619,16.982834916346423,34,400,3.133520351678269,3.319595523852226,4.2307698161997465,-6.000000504143029,6.191963868655291,2.464076758884863,2.8413382608983464,2.0000004463186465,-3.7562485516722077,6.881696560824452,6.127011048664108,3.8334614435812036,6.842107269144115,-3.333330207489484,11.428571844190332,2.9934906969858393,4.352800573280475,2.878799525345616,-5.537475008514056,11.665178247634936,3.6629342897792445,3.403554640270502,3.8333342792562,-4.442611743064517,9.999876640566429,-0.6694435927934056,3.112127783782259,-0.5555573139563992,-5.914140920258941,6.472884572807914,12.19196437279832,10.63794511249666,14.761902051679815,17.20265325614899
warm_nights,40851,Sirjan,7.223573572802316,11.544855621474431,11.92947816512966,4.705904592327342,-7.647054325377216,17.08827658123056,3.529419678655841,17.69229900093581,-0.0227267028135625,20.649864475916168,-8.69886615218739,18.452413006494343,200,24.735330906607775,14.16287932227997,20.672591178729732,27.15127915868173,34,400,7.355571756279669,6.422139834185685,7.777779740340515,-5.55555641666158,17.083333616641674,11.52184699184441,3.3611800096930144,12.307694325194117,3.529419678655841,17.0848197162364,12.148721497115744,5.267772631926496,11.304348165123315,1.3122963037910688e-06,20.645161081601092,4.793149740836077,6.667935496821437,5.2380821182513015,-8.340276871019784,18.32076137954915,0.6268745052713363,4.201442174742887,0.5384608146149219,-7.7777186365588165,7.447569638875103,4.166275235564741,5.331370605393574,4.340928032096998,-5.786295407462267,15.502943536336243,22.638890033303255,13.555400037580558,20.645159769304787,26.661038250568936
warm_nights,40853,Baft,12.597100831039151,12.863691337767827,17.386523428524026,4.78942259748487,9.999999831556693,17.692307490918818,8.88888734829275,17.060923953345178,12.777777841897016,23.33331421328878,-1.8888847115800171,13.3336904197468,200,7.692307659362125,8.172036605052428,10.555536371391764,15.222575131326817,34,400,12.500298464225017,2.6697002864120063,12.91666731355457,8.63181476547755,17.692307464190275,12.94160108822819,2.127798455557493,13.20000056022563,8.888888507321804,17.14280287845738,17.320968954774976,2.8382251286942304,17.499998587271733,12.777777841897015,23.333332313101106,4.82067049054996,3.735452566155481,4.730770650755253,-1.888885575219797,13.3336904197468,4.379367866546784,2.774444583443359,4.422221674949698,-1.3533811590286575,9.613111786424485,0.4413026240031763,3.4616939266043483,0.5435829863571193,-6.78321621595466,6.942921883761835,9.060492698712725,8.253914371135577,10.555554471204092,15.222575994966597
warm_nights,40854,Bam,10.164582956420295,14.36319305418384,21.167495942806763,11.002912986386466,8.521863943936724e-05,15.209401981408238,6.666667308642481,21.25284138822428,9.999999408198356,34.99994558249544,-0.8401394131359421,23.48482080084448,200,15.209316762768799,14.586174079581799,24.999946174297087,24.324960213980425,34,400,10.44138754703044,3.9245606602644973,10.000031597910143,8.521863943936731e-05,18.607142696034334,14.26954709547023,3.597323719045007,14.482757577250808,6.666667308642481,21.363637399669717,21.06491726859588,6.334785542770554,21.034482853330545,9.988093634735018,34.99999729939173,10.623529721565443,6.629100155061934,10.384646565272131,-1.7582399938317157,23.640606625155634,6.795370173125654,5.718299761628887,6.551727522044524,-3.576929175915138,20.56666943399787,3.8281595484397895,4.308715287733091,3.7941947282657464,-4.743068901131877,12.137690979830145,18.607057477394893,14.696970091027236,25.011903664656714,25.39884661898735
warm_nights,40856,Zahedan,4.810516121314109,5.848506871525401,7.081515966831485,2.270999845517376,2.102797262548516,8.095237869639904,-3.333318710417628,10.959821365055872,1.1041668700388343,12.727273280628369,-3.842755437294752,7.205542545475475,200,5.992440607091388,14.293140075473499,11.623106410589534,11.048297982770226,34,400,4.797460178915455,1.8226658696763318,4.000000513893546,2.0000220169278284,8.095237866914832,5.677488061910478,3.299327290976964,5.811670021026444,-1.9999999782150175,10.714289277925461,7.068005838611196,3.0243549061124972,7.692301365370703,0.8333339531260212,10.833333626988514,2.27054565969574,3.049077943808661,2.5249982613039683,-4.864186486797848,7.151783742306551,1.390517776700717,3.2369920844578948,1.1239854618373741,-4.6249925196405375,8.218619187396596,0.880027882995023,2.988319202811281,1.08694503642123,-5.8500168805908,6.249986406759326,6.095215849987004,12.714289256140479,9.999999673862494,12.0159702291044
warm_nights,40857,Bushehr (Coastal),11.080649169717278,12.673155665602202,11.225753703304164,0.1451045335868821,4.100960983233255,21.999999303901436,5.0000078433632495,20.526279666540027,-0.5263098347608527,22.499976165244547,-14.465904026341642,10.118333130519822,200,17.899038320668183,15.526271823176778,23.0262860000054,24.584237156861462,34,400,10.961099497094906,4.681073668141631,10.000000872550432,1.5227223545695725,21.999996877383865,12.865012774108363,3.633090972131257,12.49999242253464,5.000004968748339,20.62499968590225,11.306591055618792,6.2015501450881,13.181816182859398,-1.0805862377409398e-06,22.499988556530223,0.34549155852388375,6.85142421574896,1.4930992069505349,-13.846152223654476,12.174999518151798,-1.5584217184895732,6.196854350040019,-0.8712072448486134,-14.09220902535168,8.984210184620958,1.9039132770134568,4.205724032942645,2.2835511960732022,-6.678739081000878,9.496534732889774,20.47727452281429,15.62499471715391,22.49998963711646,26.021151741806275
warm_nights,40858,Bushehr (Airport),17.588234721271455,19.606252370051507,21.71217094658271,4.123936225311249,12.727310211372936,20.679412281098536,15.787593325660408,24.292207348321583,17.55999677457044,27.14249001645208,-1.6501815581089128,11.50733427412267,200,7.9521020697255995,8.504614022661174,9.58249324188164,13.157515832231581,34,400,17.629038785229913,2.600301726911904,18.69565193895729,12.727284829325098,21.182804475112775,19.60687103898761,2.2428451891707195,18.888888930397535,15.882358545206696,25.555555370366903,21.611191947980256,2.974179266778969,21.666666473758315,16.66666668318612,27.142852267904576,3.9821531627503424,4.253537084631443,3.2539680996531626,-2.2268518689856136,12.121501139962392,2.0043209089926437,2.9368955886575465,2.2692322049291906,-2.653587517282263,7.550828313766354,1.9778322537576989,3.1362203048755792,1.3231369662344807,-2.73700730803344,9.351173453441891,8.455519645787676,9.673196825160208,10.476185584718458,14.348353008948006
warm_nights,40859,Fasa,10.756074518872662,15.866675027593413,19.93601819766068,9.179943678788014,4.0000085761334185,23.124999305537187,8.565479152464585,24.0153840154914,12.85714581430611,28.836273242673613,0.9989654380915312,17.761368612266384,200,19.12499072940377,15.449904863026815,15.979127428367503,16.762403174174853,34,400,10.962494808847005,4.014826140333522,10.000000374502605,4.000173831551272,23.12498735223957,15.814801792031185,3.273341367319885,15.909091006671183,8.81722614586453,22.505680155003084,19.612390178219066,4.182593111769117,18.46153835234145,12.307692282789356,28.8362732426736,8.64989536937206,4.324708820326001,8.461522267364778,1.1041438829245729,17.621742250258393,3.79758838618788,3.8493954450056154,3.181821726365664,-2.7824603695994807,12.274239964853601,4.852306983184182,3.4011312833373797,5.2857189783792915,-3.340907922672135,11.11096501940896,19.1248135206883,13.688454009138555,16.528580959884245,16.51759836733382
warm_nights,40870,Khash,7.93179330622587,8.775091827047497,12.388656509270405,4.456863203044533,1.1041675179442814,14.39999966635594,2.319123523926585,13.18181438285162,5.294118313524829,21.999997987767507,-5.287287418399788,14.43154692201993,200,13.295832148411659,10.862690858925035,16.705879674242677,19.71883434041972,34,400,8.079601910760166,4.1931506156916845,6.6666670095954785,1.1111119414021244,14.39999970395063,8.74032617737522,2.913376871443874,8.888888267119569,2.3529468277722043,13.182272529642722,11.96516798664877,4.4428604543596135,11.499999552219347,5.271137475681038,21.9999879012322,3.8855660758886064,5.361393172971789,4.210526600428732,-6.579166105892063,13.284211563595754,3.224841809273552,4.143026031592852,2.813724607757894,-4.084414730880351,12.001560247959167,0.6607242666150546,3.6418773279639014,0.6909057282507467,-5.147722612051378,6.9249990173769564,13.288887762548505,10.829325701870518,16.728850425551162,19.863377669487818
warm_nights,40873,Lar,7.716931186551863,10.800586066497424,13.22470165940564,5.507770472853776,1.2187499666332304,15.714284447694853,4.109951356704752,15.0096190604763,6.666671174057973,20.61982400344273,-2.291665681098044,15.697331746926304,200,14.495534481061622,10.899667703771549,13.953152829384756,17.988997428024348,34,400,7.253097842712832,3.7709208888837824,6.95652417548375,-1.1110825788028509,15.714280367202438,10.829877785606339,2.837838001669162,11.333333333919814,5.286765156894763,15.501387978265408,13.465931668235504,4.664543101642674,13.666667368808758,6.666664182308264,22.72727324319282,6.2128338255226705,5.46628072420397,5.238096365955594,-2.2916667924653877,19.10396252475869,2.636053882629164,4.780734482942131,2.380949901620615,-6.69642426932854,13.934637765492356,3.5767799428935065,3.634939068139251,3.5626761287994464,-4.617838830998587,10.491616514161647,16.82536294600529,10.214622821370645,16.060609060884556,21.395629317224078
warm_nights,40875,Bandarabbas,7.941206594033252,6.952058226064962,9.381511986178902,1.440305392145651,-2.000001178774325,17.160130451091145,4.545454741490932,9.99999981627396,-1.907142386208516,21.21371133344116,-14.237499530499358,16.424975429759744,200,19.16013162986547,5.454545074783027,23.120853719649677,30.662474960259104,34,400,7.8069491394302215,4.589821105432433,7.307691734340427,-2.0000016902571565,17.058823420812455,7.011897841922934,1.619032357103464,7.000010784282239,4.5454541629885,9.999999327832537,9.641340700198208,6.183095051599456,10.625000080837694,-1.904760409984868,21.153837889252173,1.8343915607679881,7.307102347099326,2.9365067267673552,-12.534728742034991,16.424975429759726,2.6294428582752754,6.115257779851341,3.6684749538200356,-9.127958511267021,13.678849588599366,-0.7950512975072871,4.5794579055680265,-0.3511690224231434,-11.131105638058205,9.222205352824,19.058825111069613,5.454545164844037,23.05859829923704,28.95970417179472
warm_nights,40876,Minab,8.70248394789028,10.094765847505217,16.367520158133843,7.665036210243561,1.5789505162643651,18.23529387537037,0.9928598517069523,18.636360593526888,9.05000061185403,26.357893786578423,-1.818175991296202,17.760402572992035,200,16.656343359106007,17.643500741819935,17.30789317472439,19.578578564288236,34,400,8.857360393813371,4.697971835724942,9.99999864700064,1.8121994443730098,18.27941167548238,10.187922869921703,4.184040569038675,9.999998862357272,1.1764710039180815,18.193180540337995,16.54279227599552,5.506555161586318,15.50000064894994,7.794046557795425,28.24369776584822,7.685431882182147,5.763784610879,7.857140974860679,-1.8181862581877928,19.37887746751777,6.3548694060738145,5.337434697294301,5.944455054774119,-1.5255650839893111,16.739592216069934,1.330562476108333,4.3857672669034615,1.559449248583081,-7.2939332218039254,8.63807433139194,16.467212231109368,17.016709536419913,20.449651208052796,21.197063725705565
warm_nights,40877,Kahnuj,9.198422466137544,9.523972567332358,12.724919114515323,3.526496648377777,3.7187501313837705,14.999998450457058,3.076937670409215,15.559523505117578,3.3333341317059446,20.00000025793838,-7.3333311067583775,13.346155168275583,200,11.281248319073288,12.482585834708363,16.666666126232435,20.67948627503396,34,400,9.326572148106864,2.7397610703165625,9.545451835897296,3.7500067312911836,14.999998444528865,9.424951012265513,2.7938407824733122,9.999999999971006,3.3269186216235958,14.350240703158653,12.353589312051064,5.181942090514834,13.33333254055854,3.3333339305555882,20.000000090780368,3.0270171639441994,5.636453894170594,3.6760048566114754,-7.750751334497095,12.869048139810795,2.9286382997855513,4.585329490581697,3.3333317195483154,-6.20237568037997,10.770839540070735,0.09837886415864826,2.798397644291158,0.26961038070825216,-5.917612248932548,5.816989837289857,11.249991713237682,11.023322081535056,16.66666616022478,20.61979947430789
warm_nights,40878,Saravan,5.554232837641012,5.895511341936854,8.628348279339432,3.074115441698419,0.8303620613201805,9.999999308003778,1.9884655854565867,8.003704819179331,-4.444444286025678,17.777777605252478,-9.848747902973471,13.29498855148918,200,9.169637246683598,6.0152392337227445,22.222221891278156,23.14373645446265,34,400,5.626267646499343,2.895564277456995,4.50001919725193,0.907200237802924,10.014706418386911,6.191414506669491,2.0270700540946125,6.206895611932133,2.2222251292514557,10.775037217730654,8.870514409772317,5.99999077916357,9.655169040420091,-4.444444268632857,19.99998046677514,3.2442467632729746,6.05742758146859,3.9230774173556346,-9.45284186676027,13.567251794973233,2.6790999031028258,5.714003137828877,2.9365599478391973,-11.002774904514427,12.184964795907502,0.5651468601701483,2.9150411815802517,0.8114597764668325,-5.555536747326034,6.558706882530731,9.107506180583988,8.552812088479198,24.444424735407996,23.020093661733505
warm_nights,40879,Iranshahr,7.635403729223749,8.016838453587207,8.773159144692046,1.1377554154682976,1.250007027651506,12.142856717306255,2.155300577441707,11.827075248722242,-0.6666654038559858,23.333329321913705,-9.213303329945902,16.730733452098658,200,10.89284968965475,9.671774671280534,23.999994725769692,25.94403678204456,34,400,7.488776389086954,2.8151370936387776,7.6470613590903405,0.7692397365720061,12.142856767139628,7.918577753254401,2.819536117188595,8.461550305222769,0.9090910418392766,12.222197149711903,8.287306624951333,7.167430147367726,6.190476588406895,-3.3333325697709535,23.333329321913702,0.798530235864376,7.169640811206064,-1.0575866983473055,-9.837495095276807,16.069473290225414,0.36872887169692903,6.374131906614472,-1.2008270464618964,-9.120524773996065,14.172684594974609,0.42980136416744696,2.8834252881883082,0.5948200656339928,-6.589295737895218,5.968012401532105,11.373617030567623,11.313106107872626,26.666661891684655,25.90696838550222
warm_nights,40882,Kish Island,7.626972866517437,14.657451944696923,15.152760853213396,7.525787986695961,1.111110481372929,13.751492931636122,5.714285066322392,18.916670139951258,8.998429456846734e-07,27.70236915566222,-7.144850930434617,19.95354565933789,200,12.640382450263193,13.202385073628864,27.702368255819273,27.09839658977251,34,400,7.653708828834436,3.9497608967592357,7.142868961369784,1.1111110406506022,13.809523456120802,14.688062615427178,4.7787443465746895,15.769231002192196,4.9843771891814175,20.000000344398302,15.381272378743516,6.835756220952243,15.714286921333546,8.998429456846737e-07,27.692295884034916,7.727563549909079,6.467251030035765,8.263879008944738,-7.14485071679679,19.862107272436177,0.6932097633163384,5.786484842595964,1.0267164877024397,-11.575100708858582,11.125470766437155,7.03435378659274,4.222522976383166,8.042566953634417,-2.3834240228209245,12.087050957796652,12.6984124154702,15.015623155216884,27.69229498419197,27.006957989232966
warm_nights,40883,Bandar-E-Lengeh,3.46638180916616,3.593500774805889,2.389160889023109,-1.0772209201430512,-9.999999252505638,10.033332902523792,-9.285700901381846,20.062501488878038,-7.999999805096108,21.538461573418683,-14.999999339274964,17.9057813771528,200,20.03333215502943,29.348202390259885,29.53846137851479,32.90578071642776,34,400,3.4927268560646847,5.59758858360071,3.8095229555004115,-9.4583330621243,9.9999997725559,3.6656766979578697,7.546163549298576,4.2105264642165725,-9.303571457810811,19.999996492133544,2.4692791522586126,8.873053839058603,2.69230770511815,-7.999997801329897,21.538461518984093,-1.0234477038060725,8.439470296891834,-1.568630770745457,-14.080880822982698,18.07142281320825,-1.196397545699257,8.096342033581996,-1.7890137666990045,-15.50163024949077,17.008915089146225,0.1729498418931844,6.520211168141183,1.2962942856986457,-12.284566469077664,10.338828587749292,19.4583328346802,29.303567949944355,29.53845932031399,32.15230363619095
warm_nights,40889,Siri Island,8.89010988879287,7.352263972098968,9.864184082204469,0.9740741934115982,-0.1666636627808843,16.750001021640657,-5.71428523672797,14.458333923947142,-1.0763215708208564,22.802914153025032,-11.623731037382784,12.923419632590988,200,16.91666468442154,20.17261916067511,23.879235723845888,24.547150669973774,34,400,8.998466353436378,4.194761074006031,9.374998373060244,-2.9053138583860687e-08,19.99999180759645,7.263751197055542,4.814892577401141,8.387142891625398,-5.015622066447767,14.999995383917849,9.9582134017433,6.712161204605724,13.99999970159885,-1.9999928897726618,20.069999784465562,0.9597470483069251,6.71437122085459,1.3954417790798979,-11.066528330712426,12.801424230739043,2.6944622046877584,6.369452193926614,3.5499107407557906,-9.869602852805238,14.285711504902935,-1.7347151563808334,4.771684780683624,-1.428585364871557,-13.333327193052435,6.603564981425295,19.999991836649592,20.015617450365617,22.069992674238225,23.867952561451467
warm_nights,40890,Abumusa Island,2.571655945635941,4.280109445278436,11.477737912484312,8.90608196684837,-6.2500004868402295,8.125000650702638,-8.016669010474496,15.515277028091422,-12.631578418287026,27.03703225097633,-15.351016058812624,24.556153348231387,200,14.375001137542867,23.53194603856592,39.66861066926336,39.90716940704401,34,400,2.4481482323426964,3.228209241331883,1.9047622922547853,-6.249999113329347,8.12499964788441,4.4523766512529015,6.877890446792838,4.090909389041835,-7.783330359698798,17.241352248686283,11.884867288680544,11.063244050638435,13.157899553349758,-12.631578411623208,27.037035692089688,9.436719056337845,10.258363499001941,11.616542353433498,-13.180275314376665,23.974746749171697,7.432490637427642,8.641951269081039,8.146125849014547,-10.013262111908135,22.254391952846202,2.004228418910204,5.628009189399022,1.588771149905785,-7.580810042158497,12.79984726974582,14.374998761213757,25.02468260838508,39.6686141037129,37.15502206354836
warm_nights,40893,Jask,4.239327998896211,4.352590382792199,7.952373344735336,3.713045345839123,-7.857141295019136,11.666665290833386,-6.153834879349755,9.09090437152734,-4.669049266981982,16.36363605591238,-13.566668484519123,17.901259993489795,200,19.523806585852522,15.244739250877096,21.032685322894363,31.46792847800892,34,400,4.867405869697423,4.6478444197750655,5.71428345643573,-7.857131502264159,11.666666464795473,4.535370914250662,3.2602286241516594,5.714291970278797,-1.260416590425481,9.130434172126584,8.449274175261298,6.003977697911566,10.714283303521727,-4.666666793580945,16.461038120281,3.5818683055638743,7.706157951289405,3.5416761991623167,-12.935151955588365,17.79382697329719,3.9139032610106357,5.847037222700112,4.920733453433694,-10.215248215524712,13.93078777992943,-0.33203495544676137,4.815642691856663,0.2857114508927858,-11.016667116264873,8.163256477139386,19.523797967059632,10.390850762552065,21.127704913861944,30.728978928885553
warm_nights,40898,Chahbahar,12.212339285606092,16.2625154261742,24.121630899152372,11.909291613546284,8.819607795601483,17.499997115244685,8.000000037106458,26.315781734982703,15.324983445517663,38.2436969882756,2.5714944707522838,26.46814408646637,200,8.680389319643202,18.315781697876247,22.91871354275794,23.896649615714086,34,400,12.128092219568334,2.389496272732992,12.142858711521153,8.666668639739632,17.142857300883772,16.18077887791096,5.233177569432269,14.2588246378106,8.000000037106458,26.315781729497417,24.196851683669365,5.637671012137939,21.999999984876542,14.074158128395895,38.23529373902323,12.068759464101031,5.519279572227289,11.42857137971269,2.723475200769582,26.390803059832727,8.016072805758403,5.831769188291677,8.237422978545474,-2.3941541277104434,21.34165492529961,4.052686658342625,4.391493767262415,3.476310956968427,-2.8571407572180254,12.382100419457247,8.47618866114414,18.315781692390956,24.161135610627333,23.667327859063146
warm_nights,88187,Jam,11.496882038969456,15.603589112874262,19.377207189735312,7.880325150765857,2.9249992349189267,22.307692057078864,1.111120262603618,30.12311000033819,3.5654766832109788,28.749998779124773,-4.285707831266053,25.22058178927132,200,19.38269282215994,29.011989737734574,25.184522095913795,29.506289620537373,33,400,11.334362228380341,6.99588425573951,8.571510794951852,9.233727985849283e-07,22.307692122123505,15.695749378884802,7.102240998076704,16.770839264987544,1.2465281998137074,30.123109871593307,19.386392772152487,4.8419503342622825,18.57142807398837,3.5654766832109788,28.749999221840135,8.052030543772142,7.701480379161081,9.399986484176855,-4.287545208342509,24.756232999770123,3.6906433932676834,6.652207171654766,3.8987952115674176,-9.158910843864328,17.74463508164241,4.361387150504458,5.7156109082907145,4.391011837746955,-7.142852530940249,15.77539915580174,22.307691198750707,28.8765816717796,25.184522538629157,29.043778208112634
warm_nights,99331,Tehran (Geophysic),-2.1556266198479093,-5.589296771434358,-8.842267174253024,-6.686640554405114,-18.33333251707633,7.916664869070609,-15.90908939765364,7.805556915603343,-30.93636326829048,16.999999801110274,-24.130908618411496,15.968956796604823,200,26.249997386146937,23.71464631325698,47.936363069400755,40.09986541501632,34,400,-2.655531895025748,6.422244805802148,-1.0344741048167339,-18.333333425929403,7.916658646447161,-6.202660307741148,6.622793368999965,-5.99999996274809,-15.943181604391503,7.017307665269912,-9.870066513681497,10.987882119906468,-10.909090489928548,-30.936364371768494,16.999999212981926,-7.214534618655748,10.021470102179357,-8.49744361494662,-24.981812364763336,15.69564745721251,-3.66740620594035,8.29801260729335,-5.714284494827387,-18.060647343255624,17.000007791756452,-3.547128412715399,4.940436184456862,-3.607580893364955,-13.215088815848,6.629791589347958,26.249992072376564,22.960489269661416,47.936363584750424,40.677459821975845
warm_nights,99407,Boshruyeh,5.796441735363655,10.24515234136894,15.603265841140992,9.806824105777336,-0.0208259565306518,9.999994640600322,3.0714248986109065,15.652173505692383,9.166666892262398,20.588235347809785,3.368658176742908,18.90041081598139,200,10.020820597130975,12.580748607081476,11.421568455547387,15.531752639238483,34,400,5.7801850244725665,2.3860193085441797,5.416689035823776,-0.02082595653065106,9.335293573423879,10.140461152729735,3.4420825069626977,9.999997629384795,2.5000374976183317,15.652172551898628,15.5663034463232,3.398244772293105,16.11111083465366,9.166666505160624,20.588235347809785,9.786118421850631,3.920971666513624,9.333332717254777,3.1593034459536056,18.365044034157663,5.425842293593462,3.904536585842365,4.91247265473944,-1.27270558614714,14.347121609741404,4.36027612825717,2.680621230943431,4.285716876280896,-1.6253080622531708,9.837325289866136,9.35611952995453,13.152135054280297,11.421568842649162,15.205740588204057
warm_nights,99421,Natanz,5.198320258465444,11.112916810316417,8.707902171958327,3.5095819134928843,-4.32562847772415,11.447540741213103,2.333592182808203,15.555552276861883,-2.668181135558202,19.999996360377267,-8.213382668312688,17.938725052854167,200,15.773169218937253,13.22196009405368,22.66817749593547,26.152107721166857,33,400,5.139393766461661,4.270854607730495,4.736840171436908,-5.8852905652402265,11.999997373237607,11.200029509654092,3.232846152174641,12.000001586850836,2.3335921966363067,15.555552276861883,8.789673392974585,4.8437795310745795,7.49999671596869,-2.6681809494647077,19.999996360377267,3.6502796265129245,6.076554408783335,3.145802427972004,-8.181817597181801,17.742886177609407,-2.410356116679505,5.651834532314197,-3.3333235433500388,-15.885262742018437,11.555555083963869,6.060635743192429,3.7263678096360593,6.324116387318586,-1.6479163120276727,13.600003862500996,17.885287938477834,13.221960080225577,22.668177309841976,25.924703774791208
warm_nights,99459,Borujen,9.166626218340047,11.974866705011356,15.276661632370246,6.1100354140302,3.3333333103570397,26.66665062475308,8.333332355025718,16.666664630565172,12.083336358368788,22.857142441931195,-9.642856186767798,15.040181528773212,200,23.333317314396037,8.333332275539455,10.773806083562407,24.683037715541012,34,400,8.719001301473483,6.135146350864714,7.00000059604292,-1.2499787784445613,24.999999951593306,11.797961601718313,2.6870943668448874,11.052642901274943,7.479165696628884,17.72723088141729,14.9660796009386,2.2666588043109357,15.178568459214436,12.083333913682607,19.999999011075992,6.2470782994651195,6.116103642847019,7.583333648460652,-8.97916904211428,15.07906771705044,3.1681179992202884,3.0287498347826616,3.3612656198735724,-2.702644239894383,8.264108797962876,3.0789603002448316,5.36688693479097,4.117644839776425,-8.800799795115916,12.084234536470866,26.249978730037867,10.248065184788407,7.916665097393386,24.05823675916472
warm_nights,99623,Zahak,4.330404554407073,6.54466820367212,13.02896860007981,8.69856404567274,-6.68749566222118,12.173912601475749,-2.963800228715538,14.3810097125481,-11.666662787986462,27.39699786894283,-11.53844833201452,31.59534756323314,200,18.86140826369693,17.344809941263637,39.063660656929294,43.13379589524766,32,400,4.5769600877574845,5.947882678596107,4.6666694090180805,-7.499996320449087,12.857139690586514,6.981009853371582,4.98809661584594,7.500001303809605,-2.9411758156819565,15.011367591304666,14.115083116110926,10.71662833810518,18.09523874927745,-9.391665965279666,28.79999242567681,9.53812302835344,11.590627015586008,11.114373909413477,-9.892443760586456,31.59534756323313,7.134073262739345,8.764746232204372,8.076924436440498,-10.433207677058153,22.1334313810535,2.4040497656140967,5.845111191338872,1.5706557818704807,-7.681194298395693,18.36110576617862,20.3571360110356,17.95254340698662,38.191658390956476,41.487791323819586
cool_days,19996,Bahookalat,-5.419170791461031,-7.7640274157458835,-15.356749187915964,-9.937578396454931,-9.583331611038473,1.1764701928757628,-19.63888698463245,1.0000030820254666,-31.49999919281193,11.208333321434926,-24.169444193720445,14.208217497388214,200,10.759801803914236,20.638890066657915,42.708332514246855,38.377661691108656,31,400,-5.5195212903443425,3.398603525430244,-6.875001695035985,-9.593750849060402,1.1764673372828627,-7.8720597427445,6.311251601810525,-5.714286563608199,-19.24074060540542,1.0000004523931332,-15.706774752657234,8.82275063963928,-17.499996160581645,-27.50000186189916,3.3333147915669605,-10.18725346231289,8.922287377709392,-10.645836461246956,-24.477796336274917,8.17186946668966,-7.834715009912734,8.085022164800652,-7.813597733700325,-21.574645275697765,8.69493194519733,-2.352538452400158,6.722294792750686,-1.3043479963156628,-15.418038036839285,8.287985163800705,10.770218186343264,20.240741057798555,30.83331665346612,32.64966580296458
cool_days,40700,Parsabad,-0.0662321751482652,-1.8549398083336976,-4.826026940088867,-4.759794764940602,-6.272321616565519,3.7562498853177138,-8.260869718336696,3.46195486440474,-16.666665194810662,12.749998218184455,-15.482640236862416,14.64277604861992,200,10.028571501883233,11.722824582741437,29.416663412995117,30.125416285482338,34,400,-0.3827469127649609,2.9406644268963116,-3.133409562549451e-06,-8.181812693950544,3.7499999127290122,-2.207065664867386,3.1132035348494647,-1.6666635814318265,-8.262681479270896,3.3365386479119032,-5.709609290488622,8.563149998726294,-9.615384103854929,-16.666666159665308,12.14285511767997,-5.326862377723661,8.733654616130108,-8.204368297375474,-15.785711181494,14.185633049515868,-3.5025436256212354,7.487878022386147,-5.956819339287765,-12.557862716518722,13.666620993624019,-1.8243187521024251,3.502189500231061,-1.7445718725216461,-8.694577887667736,5.135998893992792,11.931812606679557,11.599220127182798,28.809521277345276,29.971344231009866
cool_days,40701,Maku,-4.728594127968526,-10.063454515739572,-15.793300613264472,-11.064706485295948,-7.333331425084014,-1.828124574593744,-18.1960220670717,3.832705332038214,-28.749995968230014,7.526784151284104,-24.76785386255247,10.708499489341886,200,5.50520685049027,22.02872739910991,36.276780119514115,35.47635335189436,34,400,-4.640566907953338,2.0216205235607076,-4.21052542592376,-7.333331528862097,-1.1259189043926851e-05,-9.598039319903123,7.271026207622812,-11.111111496913825,-18.1960220670717,3.8095223710856505,-15.764514728306544,12.732322284655007,-22.500000954864724,-27.78920147943182,7.526783067303753,-11.123947820353205,12.257587048828714,-18.39919275442726,-24.53985330038793,10.707431360283138,-6.1664754084034215,10.84012563853535,-9.466669786886873,-24.49232114930334,18.136159139324427,-4.957472411949784,6.510286782260224,-6.818169437211331,-13.247799701887047,8.009422263940722,7.333320269673052,22.00554443815735,35.31598454673557,35.24728466067107
cool_days,40702,Jolfa,-2.472367826342359,-6.717962562069968,-13.898370830352764,-11.426003004010408,-8.148149079367789,1.7647003964732997,-17.805554918458952,7.6481895183386355,-30.99999953082699,9.499997642948983,-28.91666573774527,10.8384535924325,200,9.912849475841089,25.45374443679759,40.499997173775974,39.75511933017777,34,400,-2.3055264395544035,2.6208800621455506,-2.592591892331015,-8.148149079367789,1.7647022886048862,-6.400816059649398,7.390543331601202,-4.9002855131919265,-18.11507940410123,7.692307735680678,-13.354449539967632,10.975332651621056,-16.038962207984728,-30.99999935843578,9.499997542257448,-11.04892310041323,10.678153414511517,-12.525623393722586,-27.671299688225407,9.99999704895733,-6.953633480318234,9.433612967777291,-7.806853613783785,-25.372745905472243,11.115549197825251,-4.095289620094996,6.41718943202902,-2.824078149012498,-15.677075707390882,8.401786154508997,9.912851367972674,25.80738713978191,40.499996900693226,37.671296737182736
cool_days,40703,Khoy,-5.744678150038587,-8.988511071773857,-14.890560582891226,-9.145882432852638,-11.481480853140628,-1.5779356052166555,-19.99999884626449,8.461535549280807,-30.450229475341036,2.85713939866614,-26.78334285430582,9.322726471189416,200,9.903545247923972,28.461534395545296,33.307368874007174,36.106069325495234,34,400,-5.482387110570267,2.374556937542135,-5.555555843468435,-11.48147873570485,7.178687595436671e-06,-8.240609976377,6.918413625960277,-10.00000005527222,-18.60714350707763,8.571426350009549,-13.660421284453133,12.133447268584773,-14.99999877072777,-29.999999886242026,2.99999912295298,-8.178034173882864,12.011562086837461,-10.1851864323714,-26.430187545197132,9.318177871342137,-5.41981130807613,10.674278300195601,-6.639256261956904,-24.53917261969362,15.252497920850745,-2.7582228658067334,6.631829546192245,-3.656088283441963,-13.254893810793043,13.77578362781489,11.481485914392444,27.17856985708718,32.99999900919501,35.74836541653927
cool_days,40704,Ahar,-4.21828043283937,-6.423844256892661,-11.76799587428346,-7.54971544144409,-14.013618212083614,0.5555458530592758,-10.66665021778646,-0.6964316476549525,-26.08695408675809,4.285714083867354,-21.99604697396808,9.285710455424342,200,14.569164065142889,9.970218570131507,30.372668170625445,31.28175742939242,34,400,-4.1191441617484665,2.6293589585063266,-4.090911884539091,-10.00000573588087,0.5555458530592758,-6.431054034966869,2.5137766847204204,-6.666666634777396,-10.66665017182916,-1.538460754886434,-11.722980561448036,10.05650984863696,-14.6428571715563,-26.086956046550792,4.285714229986543,-7.603836399699571,10.285752601260722,-9.443971260438364,-25.00937462071495,9.29220797670018,-5.291926526481168,9.298749060725267,-6.250016545187364,-19.075663802526577,9.809868085679785,-2.3119098732184025,3.028935487664312,-2.575757914439756,-7.897362887853428,3.8818166632848117,10.555551588940146,9.128189416942725,30.372670276537335,34.301582597415134
cool_days,40706,Tabriz,-4.869934921687668,-5.707034021084104,-11.761876570553536,-6.891941648865867,-12.504166273420246,2.992647067985987,-9.999986431997868,4.545449937550151,-26.190477277502207,3.339285784421327,-21.586454797741567,10.012674859275135,200,15.496813341406233,14.54543636954802,29.529763061923536,31.599129657016704,34,400,-4.7673008891756234,3.9146264896780014,-4.117647064590795,-12.666654781051944,2.941176338040672,-5.751451025569105,3.9457790311979593,-7.647068371513435,-9.99999989188101,4.545438928729272,-11.21186849368894,10.423677288463873,-6.666654345880132,-26.190480801072685,7.520801122894445,-6.444567604513313,10.199889445481276,-5.759249390948019,-21.501633253878,11.2633911336184,-5.460417468119833,8.586124106867427,-5.609592627275479,-18.72219018887011,9.897715864181958,-0.9841501363934814,4.529982839713217,-1.1111133541781415,-9.007143360479178,9.258746783597246,15.607831119092616,14.545438820610283,33.71128192396713,32.7650243874964
cool_days,40708,Ardebil,-1.7869434853782555,-6.483754782440827,-13.885889612325146,-12.09894612694689,-11.281248444397155,3.680070019370977,-13.482208789936578,-0.5000021788957643,-27.99999934836488,0.0249992487537315,-24.38162723895002,2.7405556123815407,200,14.961318463768132,12.982206611040814,28.02499859711861,27.122182851331562,34,400,-1.3580941096166574,3.631356922183385,-1.0714285941043662,-6.6666697858829655,3.636363837325945,-6.543756380490761,3.5459098511394878,-6.499999818749371,-13.333330020382174,-0.5000021788957643,-13.856538441216939,9.039204131639561,-10.769229741609815,-27.99999818647173,-3.491568572409768e-07,-12.498444331600282,8.604126381238702,-11.467374683589794,-25.503707761552523,0.9999843773446361,-7.312782060726179,7.04465999967434,-5.907097035425551,-18.88510624000125,3.506494795333352,-5.185662270874103,4.082400921247117,-5.428571837805884,-12.528779086623013,3.146317905878558,10.303033623208911,12.83332784148641,27.999997837314872,26.503692138897158
cool_days,40709,Astara,-5.358943366380575,-6.581721934073598,-14.064592038841598,-8.70564867246102,-8.888886825416204,-2.222222634953466,-16.96120582798038,-0.4762090331716836,-27.91165368055475,9.486836151089085,-21.666658919498506,14.973663326335398,200,6.666664190462738,16.484996794808694,37.398489831643836,36.6403222458339,34,400,-5.25204902757735,2.111124247555378,-5.500000214389338,-8.888892450810813,-1.9954545263817647,-6.795398838181933,4.428696862639438,-5.714285633504046,-17.15428634917592,-0.9042208854823888,-14.284037515321716,9.719896505310608,-16.896552271242584,-27.89473595626809,9.486836151089069,-9.031988487744364,9.381684085337277,-11.392734632308878,-22.224999553073047,13.916007708461658,-7.4886386771397815,8.457824129047617,-9.753093791078975,-19.707493161235455,11.337496881008256,-1.5433498106045829,4.053248926375591,-1.111112899314811,-11.169381679695157,5.023790965056468,6.8934379244290485,16.25006546369353,37.38157210735716,36.1410072615347
cool_days,40710,Sarab,-3.386791804823535,-2.4950177882335653,-9.94997693757527,-6.563185132751735,-9.426470341490026,1.260416284253945,-9.016070083579663,3.874995726113173,-22.39434430603499,6.678571014618518,-20.5153227159204,8.297624005950771,200,10.68688662574397,12.891065809692837,29.072915320653507,28.81294672187117,34,400,-3.360301045417641,2.988548144521251,-2.6136356085443535,-9.999980156865455,1.6666609367740262,-2.4266808865106375,3.8871468921132384,-1.428571250003065,-9.000000695459317,3.846152053715976,-10.335550294471531,8.486337193786866,-14.44444292881314,-22.916647913245512,3.5661623635555384,-6.975249249053891,8.706043690965469,-7.772827471541408,-20.742750136814482,8.963920830950295,-7.9088694079608945,6.789592387375338,-8.809526545577933,-18.970221596493868,4.007145524024061,0.9336201589070033,4.29817693089052,0.8695661334159288,-6.826085454799007,9.418122754630387,11.66664109363948,12.846152749175292,26.48281027680105,29.70667096776478
cool_days,40712,Orumiyeh,-5.008915780047552,-8.605069658650201,-20.39613214877283,-15.387216368725277,-16.666611793253303,-2.458112762727447e-07,-15.714285986492929,-3.1014952950093115e-05,-37.91666526927179,-0.6250012048821417,-32.001564035908146,4.390624181818449,200,16.666611547442027,15.714254971539978,37.29166406438965,36.3921882177266,34,400,-4.8158547939630765,4.761321382427414,-2.0000047126733462,-16.315788634454123,-1.4195879172575746e-07,-8.042249551675367,4.496633665445869,-8.46153732613027,-15.71428462864638,0.911363681808756,-19.019453877301203,12.634985042865804,-21.428571771542458,-37.91666526927179,1.2499975724325738,-14.203599083338126,11.718541197149703,-13.916704837723348,-32.68451853595678,7.508935529421509,-10.977204325625834,11.065761404535277,-10.354159908638907,-29.63689950936137,6.006249237595519,-3.226394757712291,6.269849933355871,-3.9826975614706344,-13.751503795788114,9.61665706455197,16.31578849249533,16.625648310455137,39.166662841704365,40.19345406537828
cool_days,40713,Maragheh-Synoptic,-10.106779761600086,-13.36407505200514,-25.098100258074314,-14.991320496474229,-18.78125003831108,-3.3333326027474945,-19.738883294473084,-4.436268272697418,-49.99999951522989,-4.278572385078953,-40.30190290416352,8.037194165689655,200,15.447917435563584,15.302615021775665,45.721427130150936,48.339097069853175,34,400,-10.115914482911894,4.398202889494375,-8.999999629794189,-20.880659493910514,-3.333332934606363,-13.410104191693618,4.52155279056243,-13.749998357148092,-21.119048820176783,-4.43626814482688,-24.784630302118238,13.537858014979701,-26.129032200254258,-49.99999978626159,-3.9833322350783695,-14.668715819206348,12.763946070909975,-12.30769031375767,-40.30190290416352,11.967123450452087,-11.374526110424624,11.963511359335635,-10.12464338174447,-37.567015433362634,9.287339623692052,-3.2941897087817233,4.890015633068993,-4.014882842304658,-10.839995807695976,7.506945266217626,17.54732655930415,16.682780675349903,46.01666755118322,52.269026354615605
cool_days,40716,Mianeh,-5.962202255029736,-10.17128333509205,-19.63510749177588,-13.672905236746145,-10.928025859057328,-3.846267369986009,-16.666660690104585,-0.6250013224073395,-36.84211094127173,-3.076922780757862,-30.866880652009165,3.875000198575764,200,7.081758489071319,16.041659367697246,33.765188160513866,34.74188085058493,34,400,-5.937362661798565,1.8957448217155566,-5.21739171805091,-10.909089352238869,-3.846267369986009,-10.335064003325101,3.7853637926379147,-10.526315699445323,-16.673076469104235,-0.6250174548795298,-19.678037443146966,10.762831213037774,-20.294131750096323,-36.84211135477475,-2.1428606697881016,-13.740674781348403,10.631156733915018,-14.8913021940971,-32.17543865838242,3.8461532086203936,-9.342973439821867,9.19293747243691,-11.269228633459512,-23.337717959714084,8.010576285901466,-4.397701341526536,3.5445828640838504,-4.766282929034178,-11.669558960153758,4.140036638429121,7.06282198225286,16.048059014224705,34.69925068498665,36.02159186700281
cool_days,40717,Khalkhal,-6.591871934548102,-9.003646448607512,-12.7445315979014,-6.152659663353295,-11.725001871897485,-3.941666750879292,-13.64069719501098,-1.5720994633975087,-23.75000504551548,-2.5000219328824715,-18.48681208287663,6.904828262691064,200,7.783335121018192,12.06859773161347,21.249983112633007,25.391640345567694,34,400,-6.483234532415552,2.246311463423808,-6.500000062152859,-11.666664635190372,-1.9916650055015703,-9.214361010782747,2.9615692461724783,-8.888887664604344,-13.809524120860194,-2.9411829434452033,-12.610803471207777,6.469927950449102,-12.589282873409124,-23.749999335376426,-2.5000219328824715,-6.127568938792226,7.0164584007122714,-6.423335795074843,-18.48829211271074,6.666661604100312,-3.39644246042503,5.585930471439284,-3.580578500651411,-13.751529306201958,5.633443899988749,-2.731126478367196,3.63026048499363,-2.782604751627156,-9.39063143737334,5.3562211031733336,9.674999629688802,10.86834117741499,21.249977402493954,25.154953716811054
cool_days,40718,Bandar-E-Anzali,-3.558555219120689,-7.23232213094308,-19.70559772703657,-16.14704250791588,-9.99999843553974,-1.6666670405470745,-20.43707087027713,3.333334524808736,-39.01534920497858,-1.9999997574082315,-37.16969637852426,2.0948474347565185,200,8.333331394992666,23.770405395085866,37.015349447570344,39.264543813280774,34,400,-3.5711954330402786,2.39411471824683,-2.6666603707127186,-9.999999848416776,-1.491911881589287,-7.703429551779914,5.349690867384225,-6.18055723302217,-21.51011901062591,-1.4285733599198718,-19.90372962768254,10.223423277884976,-19.999999943391167,-39.01536665291328,-1.9999997574082315,-16.332534194642264,10.529320054365904,-16.38888962595238,-37.16969637852425,2.4458235425565498,-12.20030007590263,7.85253136981451,-12.892855797617676,-28.220431168751457,2.5041655524282938,-4.132234118739635,5.434436718633624,-3.0000080283470156,-18.897625416053433,4.213372282125942,8.508087966827489,20.08154565070604,37.015366895505046,39.615519921080804
cool_days,40719,Rasht,-4.234264068156507,-8.021369366923459,-11.82003963360707,-7.585775565450567,-8.461538125580235,5.899764397592064e-07,-13.076918925027076,-2.5000025122197997,-22.66665794681844,-4.444444298465862,-19.06743371586693,1.4446967400071724,200,8.461538715556674,10.576916412807277,18.22221364835258,20.5121304558741,34,400,-4.16835830149951,2.092777199666092,-3.478260408019062,-8.500000242142209,5.899764397583864e-07,-7.897636359719269,2.6099697653856335,-8.000000724397147,-13.07691688456345,-2.5000025122197993,-11.764158148281835,5.5145840204741905,-11.7647043176125,-22.316664335200713,-4.421558210853169,-7.595799846782328,6.177097758679006,-6.923069897116449,-19.06743359150184,1.7291660427609674,-3.866521788562568,4.4700513116000025,-3.846154522080373,-12.636049889770277,3.753471534781407,-3.7292780582197596,3.760295297242949,-3.846159299425949,-9.598659231625883,5.129083490952259,8.500000832118648,10.576914372343651,17.895106124347542,20.796599634262805
cool_days,40723,Bojnurd,-7.199369683220816,-8.000593333995136,-7.251530699190932,-0.0521610159701148,-13.083333473587404,-1.578949726087178,-13.333240320993925,-4.285751357090627,-18.18179399078954,2.3529374129008693,-14.711887514303328,13.394343246250257,200,11.504383747500226,9.047488963903298,20.534731403690408,28.106230760553586,34,400,-7.525215534810563,3.276843824409434,-6.818182124294666,-15.555552016674584,-1.5789500336762432,-7.950032121459305,2.204844575011842,-7.333333516669395,-13.076922615629986,-4.615383093139788,-6.972014442573929,5.780646435080373,-8.124997852819638,-17.083332486845126,3.333334321011308,0.553201092236634,6.511200054814473,-0.09482387000782921,-12.318839267394294,13.501262071776457,0.9780176788853752,4.988563745676825,0.6060582994710182,-9.334129922890229,10.98463357679153,-0.42481658664874083,3.4648040660440835,-0.5004893828090418,-6.384917069290119,6.462498212113528,13.976601982998341,8.461539522490199,20.416666807856434,25.82010133917075
cool_days,40724,Piranshahr,-7.190919557494308,-7.358323086701472,-15.858574674045164,-8.667655116550856,-17.02499948614984,0.5993554563733487,-15.394231905229011,1.4345244113081717,-42.41826165741448,-2.452237662192025,-33.53026406920485,10.005678492396664,200,17.62435494252319,16.828756316537184,39.96602399522246,43.53594256160151,34,400,-7.04186457895424,5.5172250606277355,-5.909093485185011,-17.999991363245808,2.3076909643171706,-7.54989430572733,5.133174404836328,-8.076921323185195,-15.774999288504834,1.4285719083599417,-15.44655419884205,11.698789348937105,-8.888888186331712,-42.592589188473276,-6.490349833785208e-06,-8.40468961988781,11.194151498110175,-5.865885930215784,-35.61904094556117,10.248482179224697,-7.89665989311472,10.04550520544205,-5.73138322334334,-31.760462390856244,6.671568828463308,-0.5080297267730891,7.621962729576902,-1.1717823344039338,-13.586758765407316,16.43221101483615,20.30768232756298,17.203571196864775,42.592582698123444,45.86752312478586
cool_days,40726,Mahabad,-6.308252109502646,-8.749715854383746,-14.250225357980444,-7.941973248477797,-21.66665917687104,0.9488621384163302,-17.037035691215962,2.250016325779101,-28.12500017682269,4.285712135967331,-23.776432185211668,11.27083166505111,200,22.61552131528737,19.287052016995062,32.410712312790025,35.04726385026278,34,400,-5.891047011843845,5.129778747332738,-4.285711760369566,-21.66665902353526,0.9332371471647531,-8.991997602465272,5.337484049800076,-9.999978032713075,-17.037035691215962,3.333331595534501,-14.54620283483598,7.64223564726677,-15.555539140257686,-29.166659228165713,0.9090907537621018,-8.655155822992135,8.548007220810057,-8.517786303756413,-23.77643141287442,9.047842490582985,-5.554205232370711,5.96235815714939,-5.758772827549208,-16.785714412728545,8.749992287392544,-3.1009505906214256,6.210980388849278,-3.767519379361861,-12.777934215431166,11.666665230983904,22.599896170700013,20.370367286750465,30.075749981927814,32.8242739034574
cool_days,40727,Saqez,-5.582778085396556,-8.179902016685192,-14.34123841300922,-8.758460327612665,-11.999999997457143,-2.352941164049095,-15.013887368676988,2.857139841928712,-41.39016111530724,0.0208323189309231,-34.23211383062098,4.924997334951612,200,9.647058833408048,17.8710272106057,41.41099343423816,39.157111165572594,34,400,-5.317533656974875,3.554881205224907,-4.999992729895135,-11.999997945665532,2.7272693705142252,-7.80549654051184,3.964964709014324,-8.500028804753995,-14.62499844251953,3.0789478634507588,-14.10171694585173,10.64819416576798,-10.740740770461548,-41.90475532140211,-1.2500001707896786,-8.784183288876859,10.388347240048203,-6.4407854093019585,-34.17584696174077,3.938298094716232,-6.296220405339893,10.011852908163508,-3.097797846968125,-32.83740978210825,5.178861200985969,-2.4879628835369654,5.244117868394154,-3.1230622818284446,-11.643893354514807,11.076924492028951,14.727267316179757,17.703946305970288,40.65475515061243,38.114145056457
cool_days,40728,Takab,-8.38188542919632,-9.445044845869946,-16.43756188859001,-8.055676459393695,-14.844860825982144,-4.913462376047904,-14.999994640798455,-1.3460409382900766e-05,-45.263152176142455,1.4285606618315592,-33.30976052871277,10.053571490516676,200,9.931398449934239,14.999981180389073,46.691712837974016,43.363332019229446,34,400,-8.324228693156378,2.581753216790135,-7.50000149422439,-14.737984727090126,-2.638460489292069,-9.246771072468128,3.4415131948226336,-9.99999220127043,-14.999992553117096,-4.406191732062213e-06,-15.98294364266382,12.407834682708682,-17.291662737670993,-43.098984285815774,1.4285606445633403,-7.658714949507444,11.814070018084902,-8.430945641690666,-33.74275643061382,9.999990052050217,-6.736172570195694,10.819832620510114,-7.183219049666849,-31.528691383927903,9.123017079799707,-0.92254237931175,3.112607730890264,-1.3235304917272481,-6.107281770951932,6.126254540786082,12.099524237798057,14.999988146925364,44.527544930379115,43.74274648266403
cool_days,40729,Zanjan,-10.895716012982014,-12.300069376179062,-14.015333469544736,-3.119617456562723,-15.000000097748616,-7.857144213580025,-16.50856148002044,-6.363638331870431,-37.14957215673137,-1.497045465768964e-06,-25.510234333330544,11.818160244943073,200,7.142855884168592,10.14492314815001,37.1495706596859,37.32839457827362,34,400,-11.148051668603138,2.31062143985476,-11.818180433070783,-15.714285664086276,-7.999999734445522,-12.274360830922415,2.995346662536609,-12.857129270214095,-16.865497071393797,-5.706846058969554,-14.364129204146124,10.986245470819025,-12.222225526618171,-39.47368205550792,-1.4970454657690336e-06,-3.2160775355429836,10.535532936669279,-2.446689073577966,-26.14887693287735,11.818168642201115,-2.089768373223709,9.924835933430806,-1.2244674749782645,-24.482214221601534,11.999993733522679,-1.1263091623192745,2.850718458577084,-1.4583439078378477,-5.88888658059044,5.507689992495356,7.714285929640754,11.158651012424244,39.473680558462455,37.967045575078465
cool_days,40730,Khorramdareh,-6.5125611880268846,-6.287184917119539,-9.86399996179928,-3.351438773772395,-11.999982403245514,-4.000001584806369,-13.920056238444412,0.5882293368452532,-27.69230524754634,0.5488729223718135,-20.80086475880435,7.113846465745879,200,7.999980818439146,14.508285575289666,28.241178169918154,27.91471122455023,34,400,-6.265857363839125,2.2175422906734434,-6.0000007853873605,-11.549998883619297,-0.9090954624137004,-6.098658022164895,3.8876181484655254,-5.999989532121594,-13.754084338629246,1.1764585319711662,-9.405813493194012,7.940748399175374,-8.333333393253156,-27.620893872635055,1.666665354434624,-3.139956129354887,7.528340096995405,-2.2941986449754443,-20.800865108946788,8.396742931210069,-3.307155471029115,7.061850168083146,-2.717800955591791,-20.513831581927967,8.544796078253764,0.16719934167422848,3.6758637723665872,0.037881938528042,-7.3753544423461745,7.643058393379112,10.640903421205596,14.930542870600412,29.28755922706968,29.197608040156858
cool_days,40731,Qazvin,-7.417183792757267,-10.955609048689274,-15.050848916784725,-7.633665124027456,-11.99991410796762,-2.9411767682190115,-17.34998577143469,-1.8750005733578312,-40.43478157946269,-6.847474560744896e-07,-32.79796204135111,10.645831625186329,200,9.058737339748607,15.474985198076858,40.43478089471523,43.443793666537445,34,400,-7.326977434781719,2.31105552977363,-7.6923068427339025,-11.99991410796762,-2.94117669057438,-10.993699778264194,3.8447748124957344,-11.666665470045313,-17.3341965414094,-1.8656104157385667,-15.279872050783224,10.677309396671589,-14.28585247300872,-40.434781589432646,-7.814861284628313e-07,-7.952894616001505,10.778881241521926,-8.347825445407363,-34.18477991759495,8.904165096010308,-4.2861722725190265,10.369624021281837,-4.513889340893839,-28.102016354408935,13.845847163742654,-3.666722343482479,3.5718520037235426,-4.020468244590915,-9.96387190623152,3.9499978652393626,9.058737417393239,15.468586125670834,40.43478080794652,43.08894501360526
cool_days,40732,Ramsar,-3.6020826632490253,-8.228331927912793,-16.07005825467369,-12.46797559142466,-6.67741681538702,-1.5000008958948416,-20.802727049640385,-2.85389550007936,-33.12500086405006,5.263155094487847,-29.479352737690668,7.789315906503615,200,5.177415919492178,17.948831549561024,38.38815595853791,37.268668644194285,34,400,-3.7666642543443465,1.5648062850675333,-3.7500078836871955,-7.391301731790822,-1.50000353258598,-7.9511968958441654,5.038550890763764,-6.000000149996136,-20.333322780690843,-2.716786730605169,-16.15795377183006,8.228414603864604,-15.769232201760282,-33.12499728925981,3.5892809597458153,-12.39128951748571,8.229722104805685,-12.161938998181212,-29.33666757910919,6.113721705795425,-8.20675687598589,6.476222453835369,-8.529409056551605,-19.749916595450834,6.666664431730685,-4.184532641499818,5.1095908359449185,-2.5926000249354275,-16.316224698671405,1.9052862963346437,5.891298199204842,17.616536050085674,36.71427824900562,35.45038928490462
cool_days,40734,Nowshahr,-5.340446269898169,-8.617197556986838,-12.446879189429136,-7.106432919530969,-10.526314221191807,-1.785714451172293,-17.830434793685964,-1.25000119903645,-25.55555498626152,7.526785325218251,-21.28392574122439,12.96816287114522,200,8.740599770019514,16.580433594649513,33.08234031147977,34.25208861236961,34,400,-5.0170217950918,3.258122694258904,-4.603173045302114,-10.01315614551465,-1.4814842359491702,-8.57779776765909,4.778423841822209,-7.333322017206436,-18.148146130480548,-1.4241081258369037,-13.170834855475123,7.70671782628179,-13.529411483485356,-25.555555024007987,3.3999987637424596,-8.153813060383323,9.060039237906881,-8.758749575967615,-22.888889274820052,11.029541189056033,-4.593037087816034,6.0434444712621,-5.124392246577332,-15.971819688152157,9.714280231650685,-3.5607759725672885,5.900225178769755,-2.8241487057383794,-15.171596823045874,7.113737013342824,8.53167190956548,16.724038004643646,28.955553787750446,33.918430463876085
cool_days,40736,Babolsar,-1.8313538652544927,-6.305347121275782,-13.431748051282597,-11.600394186028105,-7.541666408976919,1.8181809681681576,-18.64545423022196,-1.4285724087470155,-22.947916467596343,2.4999669774159377,-24.456887806290595,4.8105973300471225,200,9.359847377145076,17.216881821474946,25.44788344501228,29.26748513633772,34,400,-1.6201472892351985,2.768480574154542,-1.1764708419837788,-8.895830650776201,1.8906248390197942,-6.286210236458793,4.198726515154083,-5.55556464226554,-19.024999777287963,-1.481868340869313e-06,-13.711534973753796,7.521142332213278,-15.238095493396058,-24.00417001833507,2.4999668139223394,-12.091387684518596,7.906219327707297,-13.569128020117432,-24.837507669867875,5.6229995685047,-7.4253247372950035,6.530510930153492,-8.443521869448603,-17.91875319806136,6.249999193811269,-4.666062947223595,5.037545093359792,-4.065215567711371,-17.00531712595902,3.9539984471600422,10.786455489795996,19.02499829541962,26.50413683225741,30.460507238372575
cool_days,40737,Gharakhil,-3.914207334828447,-7.666991701790718,-12.134856677790284,-8.220649342961838,-8.33333358686695,2.3880501564281206e-06,-21.428571265329342,0.7692292414359818,-21.57893771119805,-0.8124998935826689,-19.47147665715144,6.141828297943327,200,8.333335974917105,22.197800506765326,20.766437817615383,25.61330495509477,34,400,-3.8113519303591206,2.138526009457462,-4.444437359215527,-8.333334000201955,-1.3599439870301733e-06,-7.428581888154215,5.3842616133578804,-6.666675837486473,-21.176470262944964,0.840915508527827,-12.291026356538744,6.714297680938504,-15.882341161975624,-19.655171809661457,0.043476766181706816,-8.479674426179622,7.538037317739111,-10.916080808335762,-18.95694240535345,7.299815032189953,-4.8624444683845285,5.82484416574916,-5.7049661272118595,-14.336115362093697,6.228930050086195,-3.6172299577950935,5.937343515992879,-2.636113732136806,-14.682516710463448,5.144235703626494,8.333332640257968,22.017385771472792,19.698648575843166,26.2567574375434
cool_days,40738,Gorgan,-5.5386625113017365,-8.435948733852454,-12.974356039685706,-7.435693528383967,-10.01923094052482,-2.935829361402009,-15.555556074215351,-4.11765047374471,-21.73897594969993,0.4545379360896633,-14.748107159917923,4.268831021591238,200,7.08340157912281,11.437905600470641,22.193513885789596,19.01693818150916,34,400,-5.57060659886718,1.9184444496951207,-5.527771496006947,-9.999996217206702,-2.939075150877092,-8.606230071386873,3.2726264988052773,-8.399998069339741,-17.20000316351567,-4.114705961952362,-12.88629787061785,5.839842733623345,-14.444442536618023,-20.823473743995347,0.45454470238172623,-7.315691271750671,5.5153451778595315,-8.290612862553196,-14.926132382753917,4.621201932532288,-4.280067799230977,5.0129916597632,-4.814817078563772,-12.433153746939865,6.9762756330175915,-3.035623472519694,3.361103507890671,-2.976185455913982,-10.312228794129231,3.927968094370068,7.06092106632961,13.085297201563309,21.27801844637707,19.547334315286204
cool_days,40739,Shahrud,-2.479095690209421,-5.260030365880126,-10.717838465148212,-8.238742774938792,-8.666665252053296,-5.756161233155356e-07,-15.059209993285414,0.7242326699140057,-30.043099065235385,4.99999881365243,-25.37346856733456,8.45976247617522,200,8.666664676437172,15.78344266319942,35.043097878887814,33.83323104350978,34,400,-2.539590195917676,2.677256733491903,-1.428571192095597,-8.666666793333421,-8.43746739356339e-07,-5.172426838888704,4.334962013827959,-4.166667014410812,-14.999999641216014,1.1145835318346966,-10.233324580615504,10.343687892050983,-11.249999011927663,-29.349999179230064,5.384591813067811,-7.693734384697828,9.49952935068125,-8.092949437060266,-24.878432479777043,8.619857528750037,-5.0608977417268015,7.8007966357514995,-5.077449365162631,-19.891668480191214,7.839131239520321,-2.6328366429710273,3.94258384252482,-2.663459622880761,-11.49255765751245,4.464289318562959,8.666665949586681,16.11458317305071,34.734590992297875,33.49829000852708
cool_days,40740,Quchan,-2.030251564878488,-3.509348543749589,-5.095993208006616,-3.0657416431281286,-6.204538942682191,2.857140457699317,-8.304345736816664,2.9426482236524314,-16.666665419917837,7.810605277229264,-14.011101916357465,9.103410841757263,200,9.061679400381507,11.246993960469096,24.4772706971471,23.114512758114728,34,400,-2.2130259870425646,2.190791032556777,-2.29020973067121,-8.181810914969295,1.8441520792508912,-3.5888061433335485,3.609006710066078,-3.8461537426035193,-9.999997773656672,2.8592444856119075,-5.41619056048706,6.7936703297582,-6.315789588270878,-16.66666635109062,7.49999979734694,-3.2031645734444947,6.23690020170753,-4.497608047496899,-13.965806908625774,8.486890853893968,-1.82738441715351,5.535405532734173,-2.880954193651506,-10.632941575973826,8.789233510287449,-1.3757801562909844,3.367192293407385,-1.5790187207964967,-6.787945793459011,4.43545510712963,10.025962994220187,12.85924225926858,24.16666614843756,22.45269776251974
cool_days,40741,Sarakhs,-7.544091494576387,-10.558776735718313,-10.344677941963578,-2.80058644738719,-12.314395187380793,-0.769231381508949,-14.775210441642356,-8.181823590779436,-19.99999740391633,1.4285700728619308,-12.024561551023428,7.514875789628269,200,11.545163805871844,6.59338685086292,21.42856747677826,19.5394373406517,34,400,-7.723740056824238,2.7723864413273325,-7.058821795129664,-15.63210237083394,-0.769231943086815,-10.606432728415673,1.7426006742771099,-10.000001140718311,-15.00000049348896,-8.333336698202034,-9.650831287090602,6.316465794772925,-10.31250350132722,-19.99999740391633,1.4285700893582416,-1.9270912302663645,5.961539885789233,-2.273807685679927,-11.754547293609392,8.487392791655683,0.9556014413250721,5.745034490214888,-0.15347290763181043,-7.476462389046748,11.428562021170894,-2.8826926715914363,2.6504475405312045,-3.007251453697476,-8.800499962077764,2.2562502760261447,14.862870427747124,6.666663795286926,21.42856749327457,20.241940085265075
cool_days,40742,Biyarjomand,-5.1202667893554645,-7.144491144472358,-9.215347173616786,-4.095080384261323,-9.999999694872976,-2.848216735748566,-14.99999812291894,-1.4178565418466929,-18.65192941279765,-7.330877912008156e-07,-13.527581449552946,5.010750124633299,200,7.15178295912441,13.582141581072248,18.651928679709858,18.538331574186245,33,400,-4.979712054845561,1.8726001931797045,-4.999998783831581,-9.999999033884258,-2.5000001646773757,-7.333988558650938,3.4255136116982303,-7.007672733110191,-15.013891906315573,-1.4285723963019796,-9.158062368570059,5.794079494261789,-8.23529117591059,-19.285589256782213,-7.785561225557201e-07,-4.178350313724497,5.2579409048152375,-3.5978895179136647,-14.349699618671472,4.999998430250644,-1.8240738099191207,4.982408209286183,-1.3134825875336866,-11.433175852439938,6.923821980527441,-2.3542765038053766,3.2865847837812843,-2.341134819192599,-9.33557586742475,3.572462787094877,7.499998869206882,13.585319510013594,19.285588478226092,19.349698048922114
cool_days,40743,Sabzevar,-4.393833884058221,-6.135520811719561,-11.111261137173615,-6.717427253115395,-9.444443896377674,-2.222223923269356,-12.500000361002911,-2.5000054862806578,-21.17934718521683,-0.7386360599760371,-16.08140189666839,3.6231297439881054,200,7.222219973108318,9.999994874722253,20.440711125240792,19.704531640656494,34,400,-4.433982591033213,2.0654692929735243,-3.8461538542352596,-9.458334439378675,-2.2222226388228754,-6.152173174610144,2.463226743750207,-5.833334341668634,-12.66666631861154,-2.500000971741627,-11.244866950859588,6.187906981058072,-11.85185299255658,-20.472029289967377,-0.7386363162391917,-6.810884359826377,5.597805809783245,-7.575768857192447,-16.079544933036715,3.7920341325605835,-5.092693776249447,5.631849029209705,-5.576922857480648,-15.454544474445209,6.187290706527952,-1.7181905835769304,2.702323310821824,-1.9139494303160338,-7.886266314191505,3.8611002162130066,7.236111800555799,10.166665346869912,19.733392973728186,19.8715790655973
cool_days,40744,Golmakan,-5.418845852751272,-5.292909030097382,-6.568600895380729,-1.149755042629457,-9.45833343185502,-0.6250005975783666,-12.22222190727828,-2.299996980215845,-17.69230520102246,2.222220197033668,-12.33119175391212,9.166960589619874,200,8.833332834276654,9.922224927062436,19.914525398056128,21.498152343531995,32,400,-5.532408454593476,2.311069166516949,-5.839139232107733,-9.999991850749518,-0.6250006346431962,-5.358448007598489,2.8151523550137307,-3.846154082840309,-12.22222183586781,-1.9047815532470629,-6.311144520522589,5.0903715691414115,-6.000000123878937,-17.692294862519276,2.2222229139609984,-0.7787360659291138,5.4954838221366,-0.6905399796052247,-10.888329164789008,9.16665626719956,-0.9526965129241008,4.920328480681064,-1.0828664846032323,-10.232430396605174,6.077581325158701,0.173960446994987,2.917034654353002,0.21367009511732604,-6.153773631459621,5.094848564089916,9.374991216106322,10.317440282620748,19.914517776480274,20.05498543198857
cool_days,40745,Mashhad,-3.414655637710895,-4.374664062002273,-10.938456580050454,-7.523800942339559,-5.555552607975502,-1.764705936683258,-12.81911051361698,2.6086940013073936,-20.495541791438534,-0.4431816316147577,-16.982310108574463,2.632406630776249,200,3.790846671292244,15.427804514924373,20.052360159823778,19.614716739350712,34,400,-3.360952877539313,1.3250116781214114,-3.1818200072694522,-5.555555414120933,-1.2500014213278086,-4.563770866237536,4.328297471772408,-4.444443411339015,-13.076923167900166,2.5027199579994934,-11.235369313719776,6.842488828472134,-12.731468853467664,-22.233974161449833,1.1249951123822592,-7.874416436180461,6.576743933577248,-8.402409604051325,-18.765224797006965,3.031435327881332,-6.671598447482238,5.48294227915203,-6.288257621328889,-16.388863741150786,1.6666613061931146,-1.2028179886982229,3.9422117577517395,-1.2339627664031227,-8.254349534106524,5.079016186344634,4.305553992793125,15.57964312589966,23.35896927383209,21.796660124888298
cool_days,40746,Neyshabur,-7.51626392628669,-7.175117918952817,-10.888148669615248,-3.3718847433285566,-14.166666771422204,-1.8750009928809337,-11.862725474992612,-1.8750143493679776,-23.125004855977046,1.999974595019612,-15.81271141274903,7.712419289995505,200,12.29166577854127,9.987711125624633,25.12497945099666,23.525130702744534,34,400,-7.414557556080974,3.23868167125119,-7.272730680268216,-14.166660684602588,-1.8750030322853732,-7.329132971313641,2.7069282869711757,-7.152779067466314,-12.73601149946735,-1.8750143493679778,-10.783642092734574,6.8117708358355085,-10.740742111422733,-23.12499963956633,1.9999887286371587,-3.3690845366535997,6.46302752508445,-3.5242001428222216,-15.812711412749028,7.729618239921081,-3.454509121420933,6.127514638285289,-3.0000083010351424,-15.01162501382341,8.200987349719448,0.0854245847673339,3.3138894720007115,-0.5085282035323342,-5.0916259360000735,6.669232525187284,12.291657652317214,10.860997150099372,25.12498836820349,23.54232965267011
cool_days,40747,Sanandaj,-10.131367988489975,-10.738275733985084,-14.899887704567282,-4.768519716077304,-14.99996621788024,-6.923076748519521,-14.230759288825608,-4.538960391849455,-43.35833271728865,-5.333330942914719,-32.33452283977009,6.860837020736847,200,8.076889469360719,9.691798896976152,38.025001774373926,39.19535986050693,34,400,-10.25089729327848,2.205041355619701,-10.476186853424029,-14.999996983171895,-7.058822020096662,-10.790819362199144,2.3767406661133013,-11.499998944303655,-13.99999865804673,-4.272325165123267,-15.008642063322874,9.78025962742594,-13.636361392631773,-43.333332728818355,-5.384612447474807,-4.757744770044391,9.393756337851519,-2.777766647089914,-32.86904250067204,6.729998089447576,-4.217822701123728,9.120712627674589,-2.80749445449289,-31.071815793794528,6.362319043410082,-0.539922068920663,3.0622608330896615,-0.8778757334855714,-5.8285019588946225,5.870523657717346,7.941174963075233,9.727673492923461,37.94872028134355,39.599040590119614
cool_days,40748,Bijar,-12.295495320922267,-10.77779224458347,-14.754352373672695,-2.458857052750429,-18.125000408902505,-8.125004251383304,-17.9635276236025,-4.157743871867064,-40.00001165047401,-3.709822603048426,-27.577064624836048,10.696007637034432,200,9.9999961575192,13.805783751735435,36.290189047425585,38.27307226187048,34,400,-12.086781281638384,3.198562133726133,-12.105253017961436,-18.124999908275,-5.454551681891928,-10.952559990842943,3.818284713732217,-11.739130870286951,-19.230767868505183,-4.166672476853373,-14.218164296393438,10.230473140637164,-11.48148375218733,-40.000003643046476,-3.6363707828282745,-2.131383014755053,10.112799692720687,0.6237821194688467,-27.500005584572165,10.593577522956483,-3.265604305550494,9.413259250634699,-0.5662426499442885,-30.582295806740827,7.25208168159911,1.1342212907954408,4.9271430947932995,0.4166691806823968,-6.7328233691736665,12.125000306583154,12.670448226383073,15.06409539165181,36.3636328602182,38.093583107528644
cool_days,40749,Zarrineh,-11.002995897798357,-12.35536327695938,-16.378667470857845,-5.375671573059488,-16.06875277356304,-4.666668782241796,-15.724207516695822,-6.113648437462322,-38.14814764590674,-5.429293573978706,-27.60435771792307,6.526792992501789,200,11.402083991321245,9.6105590792335,32.718854071928035,34.131150710424855,34,400,-11.155643367020225,2.912352613452095,-10.555554403762098,-18.94736428621156,-6.848966941549393,-12.46039598625287,2.6002356818867964,-12.800000254099345,-16.11111087328503,-4.663638301509574,-17.0971038386394,9.034238946622969,-16.296298535313724,-38.19445056405207,-5.4545498124968566,-5.941460471619175,8.63485722155494,-4.571383321691891,-28.0767188704083,5.885981228719458,-4.636707852386532,8.656301577377162,-3.636360624501979,-27.383051720846254,6.112367520113956,-1.3047526192326437,3.4553963722108954,-1.6958726935775204,-6.586668274884737,6.883609284578049,12.098397344662168,11.447472571775453,32.73990075155521,33.96270009912776
cool_days,40751,Tehran (Shemiran),-12.193461708618717,-11.720973857542027,-19.050072547978104,-6.856610839359389,-18.461538021131908,-5.000000039279771,-20.90908337503276,-3.636364532461628,-35.00000080307807,-1.8750055541923816,-24.388132812467614,9.183326144857269,200,13.461537981852135,17.272718842571134,33.12499524888569,33.57145895732488,34,400,-12.097041336381814,3.9873757600832853,-12.142856331386643,-19.999995220691503,-4.999999205621391,-11.726047186826245,4.691275104204235,-10.942982978962075,-20.909083311962444,-3.6830132454891715,-18.886920898826396,9.612456142999664,-17.7777772129704,-37.85919092682131,-1.875007433577205,-6.789879562444582,8.798616915893211,-6.657144028517797,-25.867418333796095,9.12603543470766,-7.160873712000153,6.974363908501153,-6.3636416842420065,-23.33653803811561,4.752799788611204,0.3709941495555709,4.494717720424084,0.3787897630650754,-7.430546122587684,9.533264149610787,14.999996015070112,17.226070066473273,35.98418349324411,34.993453768503755
cool_days,40752,Karaj,-10.225032335816705,-10.99057155721237,-14.62664217995644,-4.401609844139733,-17.000000200851968,-5.878151401510854,-13.333333549479269,-5.82814016725646,-30.000006007235665,-3.125000549562821,-20.960831988102623,8.09409064545255,200,11.121848799341114,7.505193382222809,26.875005457672845,29.054922633555172,34,400,-10.294331926224578,3.1406767333718166,-9.999999229026697,-16.999999991828584,-6.00000092222231,-11.098560915013477,2.0803594110523056,-11.81818921220416,-14.287947360579189,-6.239579767070339,-14.748991892585805,8.032211334926252,-13.66667662814466,-31.334986681872934,-3.125004223021275,-4.454659966361227,7.913542360426861,-3.1746290831946737,-21.299726844952186,7.282869934237506,-3.6504309775723267,7.234807156847207,-2.747536095613886,-20.007473514709293,7.129538281497978,-0.8042289887889004,3.66828941457787,-1.578947565425815,-6.381846112649594,7.778560790602744,10.999999069606275,8.04836759350885,28.20998245885166,28.582596779189693
cool_days,40754,Tehran (Mehrabad Airport),-4.749728489243962,-3.603139152632938,-9.293541548830024,-4.543813059586062,-9.071419910544783,-0.5000004348403766,-10.015626744561873,2.6666529581392027,-28.387081740492874,5.835231060070586,-21.31447709096223,10.772944691696422,200,8.571419475704406,12.682279702701075,34.22231280056346,32.08742178265865,34,400,-4.718839560347629,2.190937649109898,-4.800000300241543,-9.999998736407917,-0.5000003993020413,-3.542811021527415,3.7113153263971594,-2.7777827445319616,-10.000002738055697,2.669443037780705,-9.474286088934758,9.68701115506891,-9.999999008975342,-31.739125394733417,5.909062319842265,-4.75544652858713,9.20301219233773,-5.000003791626536,-23.03910322289035,10.709090241633517,-5.931475067407343,7.924378369013976,-6.229437684206157,-22.499996484531295,8.763892851251642,1.1760285388202125,2.9952892232491113,1.4513895289788898,-4.615382228500537,6.625646931766778,9.499998337105875,12.669445775836401,37.648187714575684,33.748193464523865
cool_days,40755,Abali,-9.2777690210352,-10.427679765496976,-14.521149879016784,-5.2433808579815855,-15.555543877738208,-5.671427914081855,-15.000000233447778,-1.300000806971577,-42.118745362748925,0.5952380943576092,-27.79575432011584,9.764283681494,200,9.884115963656352,13.699999426476202,42.713983457106536,37.56003800160984,34,400,-9.185157673015382,3.792809667914549,-7.619046983605285,-15.454547394474716,-5.714285798777522,-10.588061101475482,3.932870932990415,-11.111102577973899,-14.99999990736116,-1.3333340718568127,-14.21119406862235,11.477508841193105,-12.105267226435174,-42.083328765367824,0.01388905697949519,-5.026036395606967,10.507897225201534,-3.2592596092204356,-28.917846753172284,9.864986096995715,-3.623132967146869,9.5808977755533,-2.106765149525093,-28.49999190718951,9.261973198782353,-1.4029034284600987,4.124589679261312,-1.8181975618840172,-7.610210277849912,6.671876901076438,9.740261595697195,13.666665835504347,42.09721782234732,38.782832850168
cool_days,40757,Semnan,-7.356181937346273,-8.374828613144814,-15.3155221103479,-7.959340173001626,-13.33333337117273,-3.071421399369047,-17.272725628617025,-3.295455727156711,-28.14815942816556,-2.777777953561967,-21.02244761472847,5.79364380204284,200,10.261911971803682,13.977269901460314,25.370381474603594,26.81609141677131,34,400,-7.123117072695685,2.656746893920624,-6.666663667711668,-13.333333404012444,-2.857147048131387,-8.31835693983198,3.72181365534799,-7.777777592591832,-17.006817459294428,-1.8181856319589604,-15.06450815787581,7.951155087249869,-16.50000008377266,-28.14815364081206,-2.7777779672491785,-7.941391085180124,7.40481988949612,-8.798078307401758,-21.288722177321887,5.411032398602527,-6.746151218043829,5.737328576019335,-6.693112035323686,-17.19576803399014,3.8916680801358154,-1.1952398671362956,3.706775129586388,-1.088888567340394,-7.559373629788871,5.24816677425965,10.476186355881058,15.188631827335467,25.37037567356288,26.699754575924413
cool_days,40758,Garmsar,-3.244978300961358,-1.6531153600749724,-8.97003349647686,-5.725055195515502,-6.363632934110389,1.2499992480303492,-10.0166682501388,3.888889059831116,-27.343746623521504,13.333332774750083,-24.3360897272566,16.978789639888934,200,7.613632182140738,13.905557309969915,40.67707939827159,41.31487936714554,34,400,-3.290898056527473,2.0207864413901415,-3.9999847388031164,-6.363634874778792,1.2812502290312389,-1.804752123274348,3.789328492762727,-0.6896568568607662,-10.000000675282674,3.8916768763461618,-9.581314765223436,10.75398587006209,-9.375001317759416,-28.78123208833878,13.333328648916375,-6.290416708695964,10.660222933293143,-7.750274768111618,-24.32786236624058,16.9696965855484,-7.776562641949088,9.073752137395793,-9.37500382532972,-23.782838734534668,11.584343757968645,1.4861459332531246,3.418571106797602,1.1363642300680115,-5.2193449796590725,7.525249810666522,7.644885103810031,13.891677551628836,42.114560737255154,41.297558951788986
cool_days,40762,Torbat-E Heydariyeh,-8.0477575410878,-10.309046912115614,-13.331784044497704,-5.284026503409902,-12.105263137151924,-1.8750055972963025,-16.006264393180796,-5.961111552594929,-27.99999761962857,-2.111691023668485e-07,-20.981148853330318,7.763256001086377,200,10.230257539855621,10.045152840585867,27.999997408459468,28.744404854416693,34,400,-7.976342707179385,2.375853273073831,-8.181819793670016,-12.499999708413128,-1.8750025444176002,-10.23712070315663,2.209189719674646,-10.476190131644515,-15.625001115020691,-4.736844450205697,-13.284495945599922,8.75631207111043,-13.749999681481414,-27.99999754195802,-6.2272759679600985e-06,-5.308153238420536,8.55109464167889,-5.151514366787441,-20.836971951647705,7.750755293734168,-3.04737524244329,7.964462686211277,-3.3184533614310023,-17.499998671939945,9.286766846758391,-2.2607779959772456,2.2038437639184427,-2.019243513536516,-7.499994092157433,1.7275685405600343,10.624997163995527,10.888156664814993,27.999991314682052,28.587727245381874
cool_days,40763,Kashmar,-7.988579654233445,-8.62996693904728,-10.873095147225929,-2.884515492992484,-12.499999323531542,-5.000000312191942,-13.157893715233149,-2.969118091597841,-24.49999418077457,4.54544717430541,-16.74496655699068,10.760342557079952,200,7.4999990113396,10.188775623635308,29.04544135507998,27.50530911407063,34,400,-7.884460760198822,2.4649723830229258,-7.64705698333122,-12.500000128040481,-3.3333334821090324,-8.591054856752411,3.0212022623024883,-8.888889336260718,-13.162279821508106,-3.0000001199147097,-11.147915382975349,9.587075388457679,-11.481483111375496,-24.500006322143424,4.549463960047805,-3.2634546227765258,8.91103520234892,-3.5325827474252565,-18.499998678375018,11.125312833062926,-2.556860526222937,8.211739624158003,-1.8251352065279987,-16.222220423878472,12.218916754595307,-0.7065940965535882,2.887739809456612,-0.8239000371126197,-5.4255767813146685,4.64992777763686,9.16666664593145,10.162279701593397,29.04947028219123,29.625311511437943
cool_days,40764,Ravansar,-7.249908585265245,-8.956884465757469,-17.796300892945993,-10.546392307680746,-15.925923321718532,0.5643961317791797,-15.8915394830894,-0.5131587202119815,-43.20395037759855,7.058820987762832,-36.784782893731816,12.85714310689971,200,16.490319453497712,15.378380762877418,50.26277136536139,49.64192600063153,34,400,-7.1723744744788265,4.920557986588518,-8.095234488072656,-15.666656286345003,0.9090907945295753,-9.009712837402235,3.314969018178071,-9.285715191037239,-15.007353343971243,-0.9090929185385691,-17.03228332428997,14.000752350875542,-13.913042998850365,-44.99999668189411,3.3333278263106516,-9.859908849811143,13.29864688462944,-7.137173724504231,-40.73586897763904,12.857143759244915,-8.022570486887737,12.990442838639604,-5.174483697058202,-35.72037135825274,12.862107307658057,-1.8373383629234072,4.248777269344906,-1.8181812347792894,-9.566010541515254,6.340443930730299,16.575747080874578,14.098260425432674,48.33332450820476,53.593012736883956
cool_days,40765,Sarpol-E-Zahab,-7.278905399087501,-8.972023833743542,-22.432249255140363,-15.153343856052864,-11.999999456306428,1.0526310219692692,-12.503287482367348,-3.993751702576137,-36.6922991106604,-2.099552419250013,-27.055639386015145,4.575446742741752,200,13.052630478275697,8.50953577979121,34.59274669141039,31.6310861287569,34,400,-7.451846780450028,3.7662623796522143,-8.095235299845537,-15.555547076681167,1.0526310219692692,-8.971713754428832,2.7572554754407377,-9.500000214052363,-12.499999391603714,-3.3043424146133757,-21.90871456731259,8.978746592630973,-24.399999728630142,-36.66666014114031,-1.7781283191828539,-14.456867786862567,8.622799303536581,-15.989510718191761,-28.979604991621454,5.218867272052948,-12.937000812883763,8.306709519768015,-14.999997674306726,-26.23359188950032,5.343743238676371,-1.5198669739788033,3.6086392742998505,-1.3636379980592688,-9.134486794684005,5.515245609739323,16.608178098650438,9.195656976990339,34.88853182195746,34.198472263674404
cool_days,40766,Kermanshah,-4.651956404470414,-4.121159737658763,-16.142675172130083,-11.49071876765967,-10.433332959179626,4.54545444108496,-9.999996269208362,2.033333267766318,-41.86607011646291,10.909091191599568,-41.50472632624183,14.31493312858324,200,14.978787400264586,12.03332953697468,52.77516130806248,55.81965945482507,34,400,-4.3314308665883745,4.954951531788214,-4.999999971608746,-12.333330001229852,6.363636002870358,-4.202721553581639,3.7905563969348104,-4.361412399573676,-11.111108146360783,3.342105001831165,-15.794613761121251,14.66191141492382,-15.71428929869276,-41.785712981516276,10.909090873621167,-11.46318289453288,13.755666934552528,-9.538467702527463,-41.48612497285602,12.123791425597474,-11.591892207539614,12.833874169296013,-11.19730107194657,-37.391771882041766,10.003788354605035,0.12870931300673522,3.9557303910337724,0.5863251013946458,-8.07933769349627,7.003034045963508,18.69696600410021,14.453213148191947,52.694803855137444,53.60991639845349
cool_days,40768,Hamedan (Airport),-10.173528407709837,-8.9150606189125,-13.847305606240786,-3.673777198530951,-12.85713937017219,-6.666668787201536,-15.005433097265662,-1.5779466725898386,-53.913034809547696,-2.727272697466642,-41.69181341550921,8.108725307832046,200,6.1904705829706534,13.427486424675823,51.18576211208105,49.800538723341255,34,400,-10.118913374657014,1.5835764265246728,-9.999999981709976,-12.857139340309319,-6.666665951319054,-8.667696897883067,3.5485147054864408,-8.947368701151987,-14.99999793881152,-0.8303586232731401,-13.335335985142473,12.42903098658232,-9.999999935379305,-50.09783422410339,-2.7272745245799443,-3.2164226104854605,12.076095083315465,-0.04543980938294023,-41.43512680039427,8.450468676506297,-4.667639087259408,11.775083943133957,-0.9870120149279722,-40.66917188827764,5.218466437514187,1.451216476773948,3.176731543895589,1.4267799610526763,-4.531441552149177,7.952611364215378,6.190473388990265,14.16963931553838,47.37055969952344,49.88559547690057
cool_days,40769,Arak,-6.599770673205671,-9.55066548474377,-17.659674250881473,-11.0599035776758,-13.342104786538949,-2.2222221968950997,-15.008335426097592,-1.2481617084419756,-37.04659833805265,-5.333335845434492,-31.326717013869114,0.2222256007375494,200,11.119882589643849,13.760173717655617,31.713262492618156,31.548942614606663,34,400,-6.704449794459861,2.559237536134982,-6.842106845097286,-12.172618963569427,-2.8571426162566587,-9.794605974198792,3.7920125102766873,-10.000004875648774,-15.333333154256094,-1.2500000908206985,-17.895229994225463,7.992992527100374,-17.777780498830058,-38.260868187376374,-5.333335860564397,-11.190780199765605,7.69341393509651,-9.924242643242813,-31.48428743576797,0.2222256007375494,-8.100624020026675,7.009177960468569,-6.947361736907795,-26.608391890993776,2.5235518498483245,-3.09015617973893,3.353449703855814,-3.216997172103622,-8.832192361653098,3.541477781052733,9.315476347312767,14.083333063435395,32.92753232681198,31.70651303650552
cool_days,40770,Qom,-6.703176430647838,-8.813240903066603,-16.240978723254717,-9.537802292606877,-13.47499866670917,-2.000002603572613,-16.24999976833085,2.8571420074394305,-31.49999827988694,1.1145874066814714,-23.17940693066629,7.527777946455935,200,11.474996063136558,19.10714177577028,32.61458568656841,30.707184877122224,34,400,-6.607856217232228,3.5598336713161602,-6.315794470760062,-13.999998378906636,-2.0000010879313037,-8.950303704379449,5.27415429916963,-10.000000674489268,-16.25284207215324,2.8571420074394305,-16.660132179714335,8.81017513261319,-18.518517648390375,-31.49999827988694,1.1111120826642094,-10.052275962482106,8.397112527321276,-10.564100526557299,-23.902549431677667,7.263797699362794,-7.709828475334884,7.200681540393196,-8.101891471990777,-19.507064872292762,5.388385203374811,-2.342447487147221,4.9272237579147475,-2.500000239137209,-10.838954541077277,7.89940410461845,11.999997290975331,19.10998407959267,32.611110362551145,31.16634713104046
cool_days,40771,Kangavar,-8.1107714727406,-9.11877703369178,-16.29496375892202,-8.18419228618142,-13.571428383667424,-1.4285730717410194,-14.386594255064,-1.9916688653990924,-41.21379111114338,-2.3055560077900754,-34.098588221346624,5.1512684728386855,200,12.142855311926404,12.394925389664909,38.908235103353306,39.24985669418531,34,400,-8.22814019783249,3.6223927874784008,-8.421040812224124,-14.374997685626177,-1.575190556898074,-9.241235043188505,3.4935164932697673,-9.999997334424984,-14.999986840165368,-1.66666932237821,-16.150506840673405,10.408755419735654,-16.25000011935692,-45.21738707709272,-2.3076938789337023,-7.922366642840916,9.857012130801651,-6.035715119451417,-33.35042624896119,5.6730221163440415,-6.9092717974849,9.941192307271539,-4.751088064662593,-33.422226830279,4.819153855005062,-1.013094845356016,3.890431258521872,-0.9539625187527072,-8.452833707825762,6.876056860873234,12.799807128728103,13.333317517787158,42.90969319815901,39.023448365305235
cool_days,40772,Qorveh,-10.800771159022569,-12.80007850520176,-16.43915413025601,-5.638382971233446,-16.249999607177692,-4.267839031900058,-17.1428177562776,-6.666667146485027,-38.88888804057282,-3.6842111363536416,-28.00562569495116,10.002773030684002,200,11.982160575277634,10.476150609792574,35.204676904219184,38.00839872563516,34,400,-10.784991696351662,3.1903171335345206,-10.952380907239622,-16.249999607177692,-3.5714365010520384,-12.578999538139302,3.0922273935317177,-13.684202165177101,-16.928570104094636,-5.789480072497786,-16.26011853352185,10.463346993573527,-14.285691489248736,-38.91666846825789,-2.0000031365512463,-5.475126837170193,10.147970061744525,-3.4873931150894855,-29.89321002863654,11.252081942857387,-3.681118995382552,9.947880265785525,-1.4194105782065902,-25.907036280354387,9.867619844274305,-1.79400784178764,3.9426952450467585,-2.22999085384905,-9.288405014341427,5.665134967113328,12.678563106125655,11.13909003159685,36.91666533170664,41.145291971493926
cool_days,40774,Borujerd,-5.751691397463695,-10.17628638379751,-15.925020991320238,-10.173329593856543,-12.500001747602823,-0.6964293909154887,-16.03333827763687,-1.083331239003542,-48.001919024445634,-2.500000756010366,-39.17515357345737,3.137154874256228,200,11.803572356687335,14.950007038633327,45.50191826843527,42.3123084477136,34,400,-6.329718606428413,4.342408686799161,-5.000000402061648,-14.545451396111847,-1.9368462644813785e-06,-10.208149825651141,4.108687538867072,-11.249999468494135,-17.33333290299185,1.0160949005081086e-09,-15.432662200501877,10.478171314741896,-14.230770374546182,-45.48386894111925,-1.9916741766863735,-9.102943594073462,10.46349814621378,-7.793965917443087,-39.289670666138655,4.1684730376520776,-5.224512374850735,9.841674323528025,-3.041544028348996,-34.92975984169325,7.337497900923794,-3.8784312192227275,5.019238301206477,-4.778007328698475,-11.43452262658417,6.745431390013915,14.545449459265583,17.333332904007943,43.492194764432874,43.45814370379073
cool_days,40778,Gonabad,-12.478818802769442,-10.657820168011458,-8.878555387563035,3.6002634152064075,-16.521731832152888,-9.977272630099804,-15.454546439370995,-6.3157905521746045,-18.749989357597578,2.356617184628018,-6.846434459975582,16.10660886692085,200,6.544459202053083,9.13875588719639,21.106606542225595,22.953043326896434,34,400,-12.457460384216631,2.136177270956276,-12.499999597885068,-16.521732491083995,-9.99999447629672,-10.808245001607935,2.3888035740111104,-10.499999837072718,-16.249999811672645,-6.315794314006259,-9.200456856225584,6.07794325995985,-9.272484368281727,-18.399179306565312,2.3529399462209684,3.2570035279910483,5.694560011133842,2.500005757364252,-5.007576492982654,15.739066964054981,1.6077881453823488,5.135816626899971,1.4434568910592676,-7.091439534841049,10.072462263927953,1.6492153826086997,2.6100894695152603,1.5984100272732995,-3.529410245493076,7.437643215085005,6.5217380147872746,9.934205497666387,20.75211925278628,20.746643457037635
cool_days,40779,Eslamabad-E-Gharb,-5.846568164727873,-6.743995343251397,-14.8666544520167,-9.020086287288828,-13.636359936441533,4.117646803409308,-12.00555516755028,0.0178685064588577,-36.78914830099769,-6.153847865859103,-31.63437640519834,4.079446176313931,200,17.75400673985084,12.023423674009138,30.635300435138586,35.71382258151227,34,400,-5.476017230138621,5.7459720563708,-7.727268296400025,-13.63635988459503,4.117647018838892,-6.594460784730803,3.0813014443514826,-6.999998991262464,-11.674999835553956,0.7142852609687613,-15.072863264681382,7.929389991197447,-12.727274895841346,-36.78571360950786,-6.250000324628883,-9.59684603454276,8.961849455970631,-8.529408884632165,-33.89537339493395,3.346430188591347,-8.47840247995058,7.948203813310312,-6.291125820089045,-30.785713409440515,0.9355752561282673,-1.1184435545921825,4.848852861489623,-0.7936525424407259,-9.355738406904003,6.646737946208906,17.754006903433922,12.389285096522718,30.535713284878977,37.2418035835253
cool_days,40780,Ilam,-8.857152243393347,-15.00264440884052,-24.333302725770796,-15.476150482377443,-19.272724723528217,-3.333334264802666,-19.500000759987717,-7.98749892168506,-48.27446725181712,-15.992858089827244,-41.01145760314879,-2.85966242813756,200,15.939390458725551,11.512501838302658,32.28160916198988,38.15179517501123,34,400,-8.850434058701783,4.73046414737245,-8.499990958181002,-19.230768715499313,-3.3333357105317174,-15.175202598453433,3.2060156054792133,-15.882349163799692,-19.999982466066804,-8.000000352112185,-23.964934698159304,8.512494146473315,-21.538461709123155,-48.14814621412636,-16.00000073430468,-15.11450063945752,8.644255806120967,-13.64486843199973,-39.3788763596838,-4.565959672337534,-8.789732099705871,7.613394920045287,-6.438426818219953,-30.377975094331667,-1.4679394309860068,-6.324768539751651,4.428031771679513,-5.917369401620041,-14.569147190768975,1.5384612245749545,15.897433004967596,11.99998211395462,32.14814547982168,34.81291668734627
cool_days,40782,Khorramabad,-7.776784539443944,-8.978245954644285,-19.503827305327277,-11.727042765883333,-15.185183393029394,9.411763031417156,-15.00961595952107,-6.016339537712446e-06,-46.95651804977714,-4.573529656809759,-35.12617617231674,3.3571724625497823,200,24.59694642444655,15.009609943181532,42.38298839296738,38.48334863486652,34,400,-7.592935735880808,6.461066441928464,-9.230767774403526,-15.000000257984892,9.426469728246174,-9.13573996678931,3.772795133303827,-9.999998416869504,-14.999998528056103,-1.6250023924932786,-18.988826303984943,11.237028221428792,-17.00000424728254,-46.9565176585766,-5.000001231193961,-11.395890568104132,11.532935721712413,-10.540317219718546,-36.61502850634112,4.8894750318118705,-9.853086337195629,10.361472106052611,-8.98529488308583,-36.956520013868875,3.335500351097293,-1.5428042309085033,5.179774686114976,-1.000002158857883,-12.495915992523793,6.1704460485151715,24.426469986231066,13.374996135562824,41.95651642738264,41.50450353815299
cool_days,40783,Aligudarz,-5.155553946784144,-11.1759533760147,-15.01259585811088,-9.857041911326736,-15.333324559422152,-1.392849619894165,-17.72727140138329,-1.818191204208204,-41.95376271631821,-1.9968749610255216,-31.807730016722523,3.504167214028571,200,13.940474939527988,15.909080197175086,39.95688775529269,35.31189723075109,34,400,-5.703163931333129,4.0157628445310785,-3.636363853648187,-15.333324778644748,-1.4285717053769824,-11.456063036403707,3.85952960656632,-12.400001834906154,-17.72727248088471,-1.8181912042082038,-14.993435486985348,10.387561352524301,-13.74999974089253,-41.93548184739886,-2.344112980980004,-9.290271555652218,9.920791749414409,-8.067055166179163,-32.61903344786516,5.833323605422688,-3.5373724505816404,9.266419016651422,-1.5842449190938037,-28.235087464727513,8.613365798051646,-5.752899105070578,4.4345377694533,-6.363637418646699,-12.55836536253359,3.5227276097563163,13.904753073267766,15.909081276676506,39.59136886641886,38.45235705328784
cool_days,40785,Kashan,-4.626936003342454,-6.331709936574291,-17.075634228985763,-12.448698225643309,-12.352934247066562,1.2499994113006716,-15.781250316048956,0.645083473553285,-32.69791337233496,-1.2675301829945431e-05,-32.28835261956932,5.473139615073329,200,13.602933658367235,16.42633378960224,32.69790069703313,37.761492234642645,34,400,-5.077939104271405,3.703070749531422,-5.217408511963786,-12.352934214301154,1.249997715734029,-6.643275822820533,4.247739064903313,-6.499999337211286,-15.462405465137188,0.5287838319036199,-17.694283845595955,7.982823311913174,-17.407415052027297,-32.98435706746737,-2.307693276527908,-12.616344741324548,8.441075292423424,-12.312994192236616,-31.83534236001575,4.84470883731095,-11.05100802277542,6.52356673651813,-10.688997345514672,-25.019172113460336,1.7998907283382695,-1.5653367185491276,4.148151576051422,-1.416668897550057,-9.380112576910767,5.740729442912744,13.602931930035183,15.991189297040808,30.676663790939465,36.680051197326705
cool_days,40787,Daran,-4.841552242645149,-9.352909488650766,-14.010140439189213,-9.16858819654406,-15.05833358870072,-0.7142837865270983,-17.312955755364726,-1.2414668711358454,-31.693181758253267,1.436975730948835,-28.01346642700313,5.327776637268971,200,14.344049802173622,16.07148888422888,33.130157489202105,33.3412430642721,33,400,-5.082408321639979,4.376168272912151,-3.9130321242362185,-15.058331670356049,-0.7142837865270983,-9.794675030900104,4.726450144162723,-9.444442682341617,-17.27272510883124,-1.2465173727436902,-14.59495477978543,8.372797603798222,-13.333332739579411,-32.72727167278557,1.428569940199238,-9.512546458145453,8.371924009477318,-8.380958276561273,-27.861049893185193,4.183346978177745,-4.800279748885328,6.794436441234765,-3.7134542355400333,-19.534978204128745,5.8718417276269985,-4.712266709260125,4.803532913920843,-5.0171680735297395,-13.037393284388928,3.6537575541857548,14.344047883828951,16.02620773608755,34.15584161298481,32.044396871362935
cool_days,40789,Khur-Va-Biabanak,-4.882156279319238,-7.678421283321414,-13.872445861341234,-8.990289582021996,-11.30434725940842,2.5089287225785912,-12.66818133071253,-3.8095482006126256,-24.54536549303405,-0.9906227492843628,-21.75978542895116,4.301590714078245,200,13.813275981987012,8.858633130099903,23.55474274374969,26.061376143029406,34,400,-4.928700396069302,3.716513685344658,-3.8095242167136245,-11.305072752803019,2.5000002197504885,-7.8661221112163755,2.3337788996182645,-7.39129701125589,-12.666666176661217,-4.117648160392062,-14.251571115784264,6.4662627562567385,-14.166662304634727,-24.54536549303405,-1.0000002433665476,-9.322870719714963,6.518758112945835,-10.264547504338823,-22.5000024607299,5.20658971076456,-6.38544900456789,5.904948656050721,-7.407419420654531,-15.859932555863173,8.523795337449917,-2.937421715147073,3.4297270284878243,-3.0654714367925626,-9.41176153060045,3.9137661021567998,13.805072972553507,8.549018016269155,23.545365249667505,27.70659217149446
cool_days,40790,Robat-E-Poshtebadam,-4.184450180173061,-5.569147060398491,-8.532144964657673,-4.347694784484611,-9.24999958546181,-1.111110783814073,-11.439731392253108,0.01788326748928,-17.692305450155104,2.6041670404285964,-13.900640943380882,7.156782074413077,200,8.138888801647736,11.457614659742388,20.2964724905837,21.05742301779396,33,400,-4.119043272533718,2.2756098965126,-3.3333328181109882,-9.168271004938129,-0.9999993615806855,-5.605269549487061,3.2220496871553808,-5.789473313292302,-11.874993984119886,0.7142833020895673,-8.986443949728109,6.862784130204382,-10.000000066261055,-17.729166549637075,2.499999845932519,-4.867400677194391,6.50514051541015,-5.876886470398241,-14.894020241965345,6.3680086857859,-3.381174400241048,6.309728342625932,-3.750000068708097,-14.55803868563974,7.968177982461048,-1.486226276953343,3.2752758722585518,-1.5751916105306116,-7.461293723042074,5.020087197173131,8.168271643357443,12.589277286209454,20.229166395569592,21.262028927751246
cool_days,40791,Tabas,-9.545719523895476,-10.326823511480397,-13.580487987914358,-4.034768464018883,-17.858086097765664,-4.166667613137877,-15.058339498664376,-3.845240597202781,-23.167255715994585,4.999981057494238,-15.010598719151185,10.634390524223406,200,13.691418484627787,11.213098901461596,28.167236773488824,25.64498924337459,34,400,-9.182461951203454,3.9048117194942935,-8.66666628456852,-17.85711726632534,-4.166667613137878,-10.270275275579383,3.610599599465322,-10.000001841077387,-16.363633651643376,-4.2747255887103774,-13.61737258834111,6.916949774227318,-13.333335768448013,-24.81481381997705,0.7142786984043032,-4.434910637137658,6.604407820648162,-4.666667827386624,-14.669787126594745,9.16666705701586,-3.3470973127617274,5.205237469739127,-3.787877600335978,-12.505946959210034,7.17051819033854,-1.0878133243759296,3.6725044761274224,-1.3083543456289761,-7.442451763869794,5.7819312103403195,13.69044965318746,12.088908062932997,25.529092518381354,23.836454183610606
cool_days,40792,Ferdows,-2.183027283180431,-5.179960842508918,-2.333838237117671,-0.1508109539372392,-8.555555233538051,3.5034059418109256,-12.27272071897877,2.0249991115146133,-16.538461086816106,13.333327369422964,-13.205126082817648,13.899989279736095,200,12.058961175348976,14.297719830493383,29.87178845623907,27.105115362553743,34,400,-2.4110985970258416,3.1392353374112214,-2.2727278029042832,-8.666662647223239,3.636362774112944,-5.137795910871192,3.6880893016632075,-5.000001507644702,-12.22222772708203,2.999998409084689,-2.357738209888292,7.848062127436783,-2.5925921248842476,-15.64783606032575,13.33332878005348,0.053360387137550126,7.197983016640951,-0.14261350846307175,-13.069569068664189,14.583332899130555,2.7800577009829004,6.773618802340756,2.2125090226739,-9.297876881133643,16.249969877426288,-2.72669731384535,3.5558122068589237,-2.7631604649454378,-8.947910184652196,4.2876623462808405,12.303025421336184,15.22222613616672,28.98116484037923,27.652901967794744
cool_days,40793,Qaen,-9.713796817704068,-11.298647319061638,-14.543044127595117,-4.829247309891048,-15.022732577225913,-6.500008751162151,-18.78124980503305,-6.307896439228897,-22.500001143638062,-3.333338633303025,-14.39838995001784,6.0514354009456826,200,8.52272382606376,12.47335336580415,19.166662510335037,20.449825350963522,34,400,-9.467123256023028,3.6796723847093036,-8.947367280687654,-15.915210315615045,-4.991666028785488,-11.25222435529548,2.920337632973429,-10.5263188242884,-18.445341742198263,-6.362441628346802,-14.447276078766116,6.041822362234637,-15.925923595849184,-22.52083705139546,-4.145834259354227,-4.980152822743089,6.108303951293834,-5.874126306073967,-14.375275564633672,5.387497601848872,-3.1950517234706375,5.302968383702374,-3.925926204193809,-11.194181053636337,7.079814309231239,-1.7851010992724508,3.185474600278577,-1.6903080560083623,-7.147617106754397,2.9999947397366227,10.923544286829557,12.082900113851462,18.375002792041233,19.762773166482543
cool_days,40794,Safiabad (Dezful),-5.583224905713113,-7.833542859491031,-15.504883921722277,-9.921659016009164,-13.907051289403574,4.047057443370606,-13.691289186116007,-0.4431829829407918,-30.714285579921185,0.0416661646029693,-26.714829093440635,6.111115277551477,200,17.95410873277418,13.248106203175215,30.755951744524154,32.82594437099211,34,400,-5.810858831762771,4.268653055990963,-5.909089307807953,-13.888888844435817,-0.6249988165094126,-8.076285616406787,3.545632394288418,-8.333331450702474,-15.020833563183867,-0.7077923741066703,-15.848348125050922,10.15284748523654,-17.99999899345972,-31.428569105322477,-2.730167159547781e-07,-10.03748929328815,9.504022373544739,-11.428558011886729,-27.727268339499364,6.969956844188112,-7.772062508644135,7.87538007548362,-8.851451920843424,-20.917382736885514,6.4993933709462794,-2.265426784644015,3.7106931695065977,-2.305899220959457,-10.615909231538497,4.574198054535941,13.263890027926404,14.313041189077197,31.42856883230576,34.69722518368748
cool_days,40796,Dehloran,-10.05435228412946,-15.567404695387433,-19.74428083966916,-9.6899285555397,-16.94998034509765,-2.8571445663534027,-18.75853647144626,-11.812728017490498,-42.85714110505451,-6.360796469172308,-32.98744812750883,5.835338442265294,200,14.092835778744247,6.945808453955761,36.4963446358822,38.822786569774124,34,400,-10.334936985465365,3.6977926444450993,-10.00000019016001,-16.928571369943707,-2.8571445796399875,-15.68416157993299,1.9640281640496609,-15.714285833357575,-18.74999733868594,-11.90259799263244,-20.136722762131683,10.064535081933146,-19.677421908784954,-42.857143946126634,-6.360796616322411,-9.801785776666316,9.374056045660943,-8.888890335590197,-32.69642686132503,5.83533991348215,-4.452561182198694,9.381859497290508,-3.7060234663220752,-26.15475980602063,10.137632545584838,-5.349224594467623,2.905857839092154,-5.238079856738471,-11.78195043511525,0.09025082128007549,14.07142679030372,6.8473993460535,36.49634732980422,38.53176677480718
cool_days,40797,Kuhrang,-8.946439183171941,-13.892127835215712,-23.675484763685645,-14.7290455805137,-18.67728522369628,-4.545455070982749,-18.399999229658043,-10.00000020012936,-47.27272901602581,-12.178031802858012,-35.805183773698445,-3.000670541326907,200,14.131830152713531,8.399999029528683,35.09469721316779,32.80451323237154,34,400,-9.142650073852705,4.752985466058124,-8.8888904166151,-19.090905452305446,-1.8181825990018148,-13.89687772841336,2.6947545795010237,-14.11764707155012,-18.399999229658043,-9.000018984717144,-23.878965807207802,8.226296868085399,-24.117644234877687,-43.43183639546161,-9.362847267108068,-14.736315733355095,8.617058784639108,-13.809521958134432,-33.75347151029408,0.4588006953979789,-9.982088078794439,8.096925715748585,-9.686752314044849,-30.801781899802453,2.5525331381915444,-4.7542276545606565,4.955999387564288,-5.4969078873307495,-11.96404773169943,5.772028375815286,17.27272285330363,9.399980244940899,34.06898912835354,34.21227220569205
cool_days,40798,Shahrekord,-7.252044302250328,-13.52075944712906,-17.968506286644065,-10.716461984393735,-16.36363577883475,-2.491071071250561,-18.6704516110619,-5.250017295928047,-35.45451846101129,-7.058823475191508,-29.4549663080644,4.6194024609863495,200,13.872564707584191,13.420434315133853,28.39569498581978,34.07436876905075,34,400,-7.551136260232968,3.7235167355573684,-6.499999969791729,-16.363635866794613,-2.500000007542466,-13.584475593419917,3.589431193247414,-14.333338352408255,-18.947337658628058,-4.761266250677425,-18.06449049622696,8.360934897155863,-15.185227089002542,-35.45454529785522,-7.058827333225149,-10.513354235993994,8.618018760899371,-8.859126210669814,-29.45454538369566,4.51612086249762,-4.480014902807043,7.728101332905564,-3.111100627555688,-20.457356477106117,6.617422808146356,-6.03333933318695,4.145170057698161,-6.295783816865563,-13.0592824619172,1.6732280346642405,13.863635859252147,14.186071407950633,28.39571796463007,33.97066624619328
cool_days,40799,Ardestan,-7.070322316368381,-7.338696570605133,-14.466048465298208,-7.395726148929828,-13.333308861508012,-3.12500019937069,-12.875000017746116,-0.1649090208218739,-28.33333312958233,4.999999509912157,-21.41735062443373,10.739120273740244,200,10.208308662137322,12.710090996924242,33.333332639494486,32.15647089817398,33,400,-7.0031366364677865,3.58470759957801,-6.499998612505131,-13.333330933772723,-3.118301377167833,-7.227394132140255,3.3413019226452705,-7.499999546695014,-13.774674173387924,-0.9090915978502662,-13.706953594540648,8.664691901101092,-13.33333820993614,-28.33333338465382,4.999999071671365,-6.703816958072863,8.250204966718591,-7.1428600062638905,-20.957173540144556,11.0869560571024,-6.4795594624003945,7.696236865517607,-6.85965437418546,-19.567618487818592,8.893934594571553,-0.22425749567246847,3.3156620125218574,-0.41486907957232244,-5.168450975800671,6.295365403820032,10.21502955660489,12.865582575537658,33.33333245632518,32.04412959724696
cool_days,40800,Esfahan,-6.483552469656388,-11.000249156328016,-18.26476387108525,-11.781211401428868,-15.454546679684606,1.2794610582875363,-20.292942720345295,1.1111120579104996,-31.923076450910383,-4.381947567116062e-09,-26.113638758477823,3.747383394680059,200,16.734007737972142,21.404054778255794,31.923076446528434,29.861022153157883,33,400,-6.449475858154256,4.626344886328606,-6.742424807426046,-15.536933201781839,0.7142182811577447,-10.934976069815184,5.894307535599034,-11.818183176388777,-21.001104855585577,1.1111139698282884,-18.666402996982953,7.619493753458304,-18.695652160435383,-32.505679296139846,-8.084350780552289e-06,-12.216927138828698,7.082893440993591,-12.072726442423008,-26.113638758477826,3.512083948568641,-7.731426927167767,5.842652308653452,-7.609526470789814,-18.327137275420046,3.008331250503857,-4.48550021166093,4.598544535242597,-4.733797068306766,-13.009618472923462,4.367042999349851,16.251151482939584,22.112218825413866,32.505671211789064,29.625722707046467
cool_days,40801,Naein,-6.810862508001678,-5.4194465527961775,-9.568536354348511,-2.7576738463468344,-13.366665861022376,-3.571428998034477,-11.803576398480482,1.66666456724344,-15.999999717961485,5.049634707324577,-10.368871413402603,11.680125268710956,200,9.795236862987899,13.470240965723923,21.04963442528606,22.04899668211356,33,400,-6.7361344721231875,2.7270981127469294,-6.666663759898796,-11.428571438845859,-3.571428998034477,-5.450748878111637,3.7740456386320513,-5.384615405325606,-11.785714889842776,1.6666583746460584,-9.315784741534054,5.502794917309037,-10.416669132122479,-16.538454440038713,4.30363208636376,-2.579650269410868,5.309854053510735,-3.6363643418719835,-10.842623241850662,10.970150155269039,-3.8650358634224187,4.412787562695314,-4.224791505278723,-11.342733594012088,5.500008864865626,1.2853855940115515,3.194643993660303,0.9523798490612636,-4.503047560684416,7.777771809750516,7.857142440811382,13.452373264488834,20.842086526402472,21.8127733971197
cool_days,40802,Esfahan (Airport),-6.205357360842974,-6.973029817831227,-13.589148083142852,-7.383790722299877,-16.879385309541103,-1.1111112606264424,-17.85713849442453,2.8571378460691434,-23.18181744721733,-1.6666663368042989,-18.240992619111918,4.722199803836763,200,15.76827404891466,20.714276340493672,21.515151110413033,22.96319242294868,34,400,-5.9589052964740175,3.454145868946741,-5.454546077172143,-12.531249278092819,-9.788542953275474e-06,-6.579071994466892,5.108724498040134,-6.602561348957936,-14.999999319679835,2.8690481946966155,-13.230477972143934,5.97476335306929,-15.624964109303775,-23.181816352475707,1.9999992371628192,-7.2715726756699155,6.099222152200689,-8.12507536459,-19.431816889484438,6.257386496224529,-6.651405977677041,4.935431745022476,-6.902777086287317,-15.624967756469939,3.152571761215552,-0.6201666979928742,4.006121164638068,-0.594455957442261,-7.880951708503394,7.748514179157007,12.531239489549865,17.86904751437645,25.181815589638525,25.689203385708968
cool_days,40803,Kabutarabad,-6.365860772649688,-11.55991527706748,-21.0161237391346,-14.65026296648491,-17.54326955768429,0.6666645503227526,-20.000000491062725,-1.8614567424538704,-30.74073680558188,0.6249998448663252,-26.024769037752733,5.877622378760072,200,18.209934108007044,18.138543748608853,31.365736650448206,31.902391416512806,33,400,-6.652198784893397,6.397477898149621,-6.1111105959969585,-21.727943682264723,0.6666662071168822,-11.740197925535035,5.172648801171493,-11.428562659998157,-20.79999863093354,-1.8750003332440017,-20.96630058228581,8.949526728606312,-22.4999993402741,-31.069790502244167,0.6250004642838051,-14.314101797392418,8.452405906012807,-15.695129889722715,-26.520785565780645,5.716072058222348,-9.22610265675078,6.5425883532055495,-9.841953754878013,-20.50535579101094,5.911862477172106,-5.087999140641639,5.243607038685272,-5.307541299324754,-14.117876657849347,4.24233328855448,22.394609889381606,18.924998297689537,31.69479096652797,32.236857624002994
cool_days,40809,Birjand,-6.964227280204187,-10.003183585431229,-7.435097608543378,-0.47087032833919,-17.172618705857793,2.52083918132364,-16.24999706328664,-1.8750009958870797,-17.519017544143423,7.272726663158239,-14.9358365640028,16.3353046608254,200,19.693457887181435,14.37499606739956,24.79174420730166,31.2711412248282,34,400,-7.064750222245576,5.666730269101253,-6.6666666351493635,-17.142853959877666,2.5208402321213805,-10.32601113959415,4.667271793851942,-11.052632121632007,-16.334090682320515,-1.8750045510995965,-7.7539259117964425,7.489120167286019,-6.250007344829945,-18.26086914607689,7.357578089205901,-0.689175689550866,8.121070447675361,-0.34091481025131554,-15.021875942518172,16.36673487682178,2.572085227797708,6.4122513522805225,2.3680544013574023,-10.439230965846312,14.452650948841754,-3.261260917348574,4.941896315387563,-3.817196040884551,-10.914846086127458,6.103551928325779,19.663694191999046,14.459086131220918,25.61844723528279,31.388610819339952
cool_days,40810,Bostan,-7.799622257182334,-12.784484233907683,-21.956223562499428,-14.156601305317094,-30.64508913094245,1.8181704639792455,-28.03747097242041,-0.9999980897882,-44.6931829343416,7.000001217138352,-34.623209908880135,11.752915510380785,200,32.463259594921695,27.037472882632212,51.693184151479954,46.376125419260916,34,400,-7.386962131596851,7.395615989410495,-6.499998621225829,-19.303568468736216,1.8181830470370528,-12.741560966872967,6.321914680269192,-11.538442255720664,-26.202380196488086,-1.1720589574341749,-21.291277115131525,13.588199351130594,-21.3333348687703,-43.82967423298116,7.008348797931511,-13.904314983534674,11.854868342007412,-14.237850140434798,-36.10813134897126,11.752915510380781,-8.549716148258558,9.602615993957174,-8.980936382332425,-25.768571855473247,10.229165167176069,-5.354598835276115,6.060461837240835,-5.043039529816438,-17.23461815598342,4.529604997794432,21.12175151577327,25.03032123905391,50.83802303091267,47.861046859352044
cool_days,40811,Ahvaz,-6.048653020319291,-9.831529839640488,-16.73286346057089,-10.6842104402516,-16.428571990258536,3.1249998720349,-20.999999669472466,-2.496322733561514,-35.99999986961266,6.250000151671206,-30.90909012744141,8.283313177332989,200,19.55357186229344,18.503676935910953,42.25000002128387,39.1924033047744,34,400,-5.617806904768665,5.419245292924544,-5.454540886671938,-16.428571513614454,3.1250000125245023,-9.267934513906443,5.187817161228629,-7.6923067867381585,-20.00925982409744,-1.2481580628991182,-15.78907900874102,11.855154376071477,-14.285716428757958,-36.00000005115805,10.999998757519094,-10.17127210397235,11.048845420362257,-9.074839586382613,-32.275435431797106,12.434038427467323,-6.521144494834576,9.11909354405983,-6.634175102025417,-23.94012011898373,13.814258246833349,-3.650127609137777,4.618477544950519,-3.2034063248720916,-12.500540560424884,3.884020320932505,19.553571526138956,18.761101761198322,46.99999880867714,44.70947385926443
cool_days,40812,Masjedsoleyman,-4.242328734721155,-8.78178291541262,-16.80879996436575,-12.566471229644597,-10.053581864487263,-0.3643047794656943,-18.027272992777068,-2.141914721471576,-41.030851822197945,-2.817839176438481,-38.13739893205064,1.8295769674460696,200,9.689277085021569,15.885358271305492,38.21301264575946,39.96697589949671,34,400,-4.158324983439829,3.634161398734439,-2.9999999056713973,-12.142784798417333,3.9999889811955684,-8.697935959464411,4.357988532941319,-7.5000005165875105,-18.57142290924029,-2.105273357736149,-16.283184549851978,11.222866270145477,-15.999998485985191,-44.09090081649418,3.8988082991058883,-12.124859566412146,10.364507214604751,-10.227281901869105,-39.14676645377105,4.754646705453456,-7.585248590387564,8.613698557468908,-6.361865111688694,-28.955860363793853,7.300698217271111,-4.5396109760245835,3.8990039710849023,-4.058818444058526,-13.291346142025885,2.432923862307632,16.142773779612902,16.46614955150414,47.989709115600064,43.901413159224504
cool_days,40813,Ramhormoz,-6.978662590865908,-11.550501375500462,-19.432695092812324,-12.454032501946417,-12.777779059423606,-0.6250000378580698,-20.557275032685585,-4.375002235593477,-34.61537997367465,-6.000003754535874,-27.145449757662533,0.6450957662646255,200,12.152779021565536,16.182272797092107,28.615376219138774,27.790545523927157,34,400,-6.951604346943242,4.003112152980987,-6.499998906630895,-12.777777737568549,-0.625015795426163,-11.371942656215218,5.28163424578026,-9.999985394905828,-20.476189910847552,-4.353123670175289,-19.120414082350013,8.283765077086759,-18.076940905696308,-33.36539313863454,-8.253446270236905e-07,-12.168809735406773,8.193959716444125,-11.57692222974704,-27.78197786431343,1.4484062932140882,-7.748471426134797,6.984758762421575,-7.922706968373792,-18.88887566393494,6.800331969259186,-4.420338309271976,4.16890604202085,-4.09721846353846,-14.072856324719847,2.3839364363015494,12.152761942142385,16.123066240672262,33.36539231328991,29.230384157527517
cool_days,40818,Abadeh,-0.3683638836194458,-4.4981425003893385,-11.701481180695232,-11.333117297075788,-22.60416493182845,6.428571199964515,-10.869563944097196,7.506938906258893,-20.50601758185029,1.2500029981305525,-20.723283372469147,7.5291655669044655,200,29.032736131792966,18.37650285035609,21.75602057998084,28.252448939373615,34,400,-0.0013093253941822524,5.599739565514512,0.9090903309966196,-17.52678348576716,6.42857365543674,-4.964922152428813,4.600413070547816,-6.153847072534914,-10.869560415841274,4.666665911786171,-11.804467816923998,5.764926792661181,-12.631557446379876,-20.49999647606197,1.2499914324838197,-11.803158491529816,6.118472458523682,-13.139104458803967,-20.878792998738373,4.096584195978938,-6.839545664495185,4.642341944300502,-6.631588392980687,-14.899136230016968,3.9354599549233615,-4.9636128270346305,5.170980610130217,-6.555553470203849,-11.927714733774977,7.833337151017137,23.9553571412039,15.536226327627446,21.74998790854579,24.97537719471731
cool_days,40821,Yazd,-3.4930372609189844,-4.867757244182064,-9.70780891719628,-6.214771656277296,-16.333333346281183,5.555553918348169,-12.151784868578286,6.260416340637551,-22.083330491828004,3.3499947325082053,-19.061310636738508,9.895832208379598,200,21.888887264629354,18.412201209215837,25.43332522433621,28.957142845118106,34,400,-3.676065746651866,5.5367060992749995,-1.578947643126662,-23.333332797839162,5.555530405788401,-5.13913526140992,4.267869850293174,-4.400016027644806,-12.352934168814514,2.0214271190000965,-9.974434594016852,6.701196136792423,-11.666666536137326,-23.043463748350035,2.727271086501238,-6.298368847364986,6.533799048919051,-6.688311851401316,-19.001349360532842,7.211344687571417,-4.835299332606931,5.022193651738266,-4.528984727676191,-13.890625098927785,4.840573145004404,-1.4630695147580541,4.569448285814252,-2.1428357146143155,-9.16171047256201,9.787613356358957,28.888863203627565,14.37436128781461,25.770734834851275,26.21269404810426
cool_days,40827,Nehbandan,-5.438195650935017,-12.927846230385944,-12.075584263221458,-6.637388612286441,-16.404545270131933,-0.664697870376506,-19.444442565832603,-3.750001380466618,-20.909090000226435,4.177888294534243,-16.64815087048089,8.925536887769125,200,15.739847399755428,15.694441185365985,25.086978294760677,25.573687758250017,34,400,-5.322791300755809,5.29414484527801,-4.0909091422432855,-16.366310029433922,-0.6666580412136283,-13.160776485942588,3.9124771496540447,-13.999999735053532,-19.44443990078245,-5.0000005674487715,-12.577381270704768,6.03857587412334,-12.500000885839334,-20.9090677435945,4.1666660866870115,-7.254589969948959,7.155972774594342,-7.992419852835097,-17.6143790769001,8.711156161558442,0.5833952152378196,4.809562334472352,0.6985284558646407,-8.344193480950373,11.671872685093378,-7.837985185186779,4.633601800737007,-8.187894775396126,-14.86219466625641,1.117425112597976,15.699651988220294,14.444439333333676,25.07573383028151,26.325535238458542
cool_days,40829,Zabol,-6.136722799973069,-10.804197281324091,-16.476836146904706,-10.340113346931638,-27.49997723872152,0.6120057267082705,-20.000001185946303,-3.3333327761822718,-28.42104735543868,4.090908415640637,-25.090727308471877,5.957740268214414,200,28.111982965429792,16.666668409764032,32.511955771079315,31.048467576686292,34,400,-6.1266697915615556,5.4809079461640655,-4.5000005282584725,-23.437502194022603,0.6120057267082435,-10.621084516127626,4.465141820337986,-9.999999901877691,-19.333333102162875,-3.3333335947719074,-16.457641076704725,9.204461574777184,-18.351640762128632,-28.421048951774193,4.090907552730915,-10.33097128514317,8.581464559295096,-11.433985378646899,-24.27888175544856,6.627037174271375,-5.836556560577101,7.573865561005756,-7.360715217958539,-16.865940517241864,9.590119729055877,-4.49441472456607,4.779669398974103,-4.590911722367565,-13.75148947454279,11.08839262472301,24.049507920730846,15.999999507390967,32.51195650450511,30.905918929719935
cool_days,40831,Abadan,-5.867132728775968,-8.426471541176788,-20.846649607650743,-14.979516878874774,-12.97817573597374,1.7706360672557089,-18.322891867764564,-2.307704077278894,-43.80952219234816,2.7513940457439456e-06,-37.06681113728792,3.0215911118004564,200,14.748811803229449,16.01518779048567,43.809524943742204,40.088402249088375,34,400,-5.5916105176222395,3.749700573533063,-6.666665831386581,-12.96296245128957,1.7647058244907032,-8.220072946119807,4.324127955466924,-8.18181897029362,-18.235288890531596,-1.9976157937280303,-20.565037597195396,11.050086210273795,-17.272727315217914,-43.809523661769454,4.334822041417141,-14.973427079573154,10.339229948302444,-12.544430500338347,-37.115151287310944,4.504474876107044,-12.344964651075589,8.958416676560306,-11.35408637975047,-31.082251370051075,6.62301685791471,-2.6284624284975666,3.9442729412286828,-2.247476062488046,-11.112163591329624,3.0681818946192925,14.727668275780273,16.237673096803565,48.144345703186595,41.61962616341799
cool_days,40832,Bandar-E- Mahshahr,-6.78910633425458,-9.045286666443287,-15.71914698478809,-8.930040650533508,-13.107135803565455,-2.2222225590910805,-15.007349564421991,-3.309525622207656,-29.999998335461616,-6.111111445058901,-23.11687528117213,0.5686544535737481,200,10.884913244474376,11.697823942214335,23.888886890402716,23.68552973474588,34,400,-6.760646028964811,3.1101527836353893,-7.000001075443139,-13.076921725016991,-2.2222225615514657,-9.152707092855554,3.161996004759713,-8.947373267319943,-15.45452903282019,-2.378250561869128,-15.622711586583828,6.086120121539896,-14.482757864065803,-30.38461104855672,-4.444445065086996,-8.862065557619017,5.8897469710219985,-7.824713606322809,-22.786248158275686,2.223287856491135,-6.470004493728275,4.793249099594145,-5.93406494149869,-18.571421404432538,0.6411262238271329,-2.392061063890743,3.042081444139235,-2.4802542184160985,-8.341344326043034,3.554047529888879,10.854699163465526,13.076278470951062,25.940165983469726,25.009536014766823
cool_days,40833,Omidiyeh (Aghajari),-7.5391858488452,-9.755623722797012,-17.40874607293303,-9.869560224087827,-13.59326156734897,-0.9090916447258646,-17.510416275097022,-3.593333922164274,-33.70370355706746,9.999861462880506,-26.630815334074068,10.981605631356318,200,12.684169922623106,13.917082352932749,43.70356501994797,37.61242096543039,34,400,-7.491041919835072,3.024732541313563,-7.000000024999592,-13.571429828779783,-0.9090917965105558,-9.666398777485165,3.5983989313509497,-9.99999851585127,-17.499998593551854,-3.600000332581039,-17.23136323802113,9.23393481060738,-15.38461670779802,-33.70371237486274,4.149998477905288,-9.740321318186057,8.48704340729819,-8.566427543453077,-27.381149104798983,10.329618236199263,-7.564964460535964,7.539591383403211,-7.548521147596522,-22.265865988517927,13.40000349277074,-2.1753568576500935,3.1366127816721847,-2.142851131668323,-9.0293537066658,3.442638153442878,12.662338032269227,13.899998260970815,37.853710852768025,37.710767340998245
cool_days,40835,Dogonbadan,-6.875268461453346,-12.543279568085632,-19.71646905863096,-12.841200597177613,-17.8857117009169,0.0441188488142,-21.007605862761334,-7.777793447910851,-28.235292346817968,-5.555557031374221,-24.4868236279786,2.301737654843257,200,17.9298305497311,13.229812414850484,22.679735315443747,26.788561282821856,32,400,-7.053042897967039,5.559006707419436,-7.0000004749541525,-17.85714088598498,0.03128010664054687,-12.755930589983135,4.355771627746155,-11.578943948768634,-20.9999971118252,-7.77778479034458,-19.822653311807922,5.140443877446864,-21.24999986022289,-28.23529162489894,-5.5555585714324325,-12.769610413840885,7.143192799385591,-12.451943266192435,-25.26063542056098,1.1968178320799716,-7.066722721824789,6.029293663374519,-7.255657140655967,-16.194917615976287,5.277773003456391,-5.702887692016097,4.0159317833970025,-6.28280403288149,-13.33333074901951,2.142852504050507,17.888420992625527,13.222212321480619,22.67973305346651,26.457453252640953
cool_days,40836,Yasuj,-6.3097406684181125,-9.673474433049629,-18.074946513997794,-11.76520584557968,-18.01666643762411,-1.0000034605631978,-19.13043446711496,-3.328125982255827,-45.2173896091774,-8.66666677534796,-36.9330792086003,1.1175502868627512,200,17.01666297706091,15.802308484859132,36.55072283382944,38.05062949546305,33,400,-6.196924949970189,4.472442256021918,-5.714285208925636,-16.70000580812346,-1.000001303608239,-9.618204215031467,4.169746758293407,-9.23076834397878,-19.111757202131937,-2.50000342474638,-17.627795318717272,9.713251220857323,-15.769230480927668,-44.56227135239475,-8.666666598403955,-11.430870368747083,9.207240220862504,-9.769253121276218,-37.33007378040948,2.449982507917243,-8.009591103685805,7.663981147043265,-6.187720923590465,-31.10267587729538,0.836228296416756,-3.421279265061278,3.948464499458415,-3.689218578590906,-11.504956890013823,5.6249944588234415,15.700004504515222,16.61175377738556,35.895604753990796,39.78005628832672
cool_days,40839,Anar,-5.856244472166334,-6.445243790871243,-12.62953672692876,-6.773292254762425,-17.504809044984825,1.4285713125697714,-10.714283870203362,0.7321446499693955,-21.111110013838456,-1.5000004834833838,-19.050322043075305,5.838139716713141,200,18.933380357554597,11.446428520172757,19.611109530355073,24.888461759788445,34,400,-5.638714539997616,5.092682588523706,-4.9999994806281025,-17.50000092220671,4.9999884137389055,-6.531098476897274,3.2043622553903517,-7.142856264152105,-10.717268564159017,0.7214302847316302,-12.705431699977844,4.662412737653581,-13.33333326781521,-21.11110914431593,-1.500001333045592,-7.066717159980227,5.945646762302756,-6.964294836955997,-18.351185324834695,4.888182268996599,-6.174333223080569,4.26560092531812,-5.952382733855949,-15.486103807888469,2.504166625914322,-0.8923839368996584,4.688617444114761,-1.0770573260090655,-9.224279807318977,8.931317452913692,22.499989335945614,11.438698848890647,19.611107811270337,23.239367593831293
cool_days,40841,Kerman,0.0269615865106858,-5.468048203303677,-7.39319927504135,-7.420160861552035,-12.23484841737822,6.8421042884364685,-13.571428007452337,5.721430156837988,-18.46428640102049,11.545836136381498,-19.772987694448243,13.293150404862136,200,19.07695270581469,19.292858164290323,30.01012253740199,33.06613809931038,34,400,0.07397560163408916,5.05045830630977,1.0800451195222878e-06,-12.23484937509912,6.842104290768822,-5.3577105575385415,5.875479490230887,-7.692307593686695,-14.005262271811965,5.714286582991619,-6.982143744183583,9.356362021613618,-10.833333677940765,-18.888888033086328,20.017859717324722,-7.056119345817672,9.410415164420636,-10.22222626994283,-22.114586384654746,15.997282234459547,-1.624433186645041,7.182027038846773,-3.198052162576422,-14.109039162259554,14.287904738702476,-5.4316861591726315,5.6604283420340495,-6.429156897169305,-16.615728946288275,5.169852974501226,19.076953665867943,19.719548854803584,38.90674775041105,38.11186861911429
cool_days,40844,Dorudzan,-6.472537239494578,-9.27633792735391,-15.91060389143487,-9.438066651940291,-17.77777838886608,-2.117059822848971,-17.692289789859863,-0.5000029750361477,-39.27777973208047,-2.000003212358724,-32.47285339246943,2.870649940174355,200,15.660718566017108,17.192286814823717,37.27777651972174,35.343503332643785,34,400,-6.266549935941041,4.97714758689746,-4.444445765906793,-15.765873978368196,-1.1111115666163829,-9.156669484001169,4.428580850608941,-9.41176041327628,-17.69230517227495,-0.4999992565445742,-15.937925670546228,9.290175262939158,-14.39999998798405,-43.63636176181609,-2.0000018683074807,-9.671375734605187,8.55144849230146,-9.784616451546285,-32.857826665464415,3.1060661333891564,-6.7812561865450585,7.89286058170865,-5.000004229455008,-28.645094890031608,2.3589581310078107,-2.8901195480601287,4.530462321119284,-3.4732066693195645,-9.999989660691723,7.669493464617943,14.654762411751813,17.192305915730376,41.63635989350861,35.96389279885357
cool_days,40847,Zarqan,-8.096477523621385,-12.24182261453097,-17.637949814353306,-9.54147229073192,-21.111105946645804,-3.0416666384382265,-25.45454421888719,2.639327015663286,-31.617646508591065,-4.999998951463345,-24.052274919389628,2.338973463294164,200,18.069439308207578,28.093871234550477,26.617647557127718,26.39124838268379,34,400,-7.797214139540159,5.649595166958892,-5.500000101388997,-20.000001077814506,-0.9942314799322628,-12.117937569201558,7.796753645178068,-13.076924621040654,-25.00000136986085,2.639327015663277,-17.52356442594543,7.39577031680129,-16.250000872170098,-31.121829739026715,-4.999999896506215,-9.726350286405271,6.689489507000556,-9.522733781951214,-24.052274919389628,2.338973463294153,-5.405626856743874,6.15382436727516,-5.143543559867524,-16.47842024333065,5.511522142889831,-4.320723429661397,6.166288319514581,-3.9999971663493272,-15.020097961434109,6.891496538898588,19.005769597882242,27.639328385524127,26.1218298425205,26.39124838268378
cool_days,40848,Shiraz,-5.173953028561694,-9.772046006297964,-15.4613830774017,-10.287430048840008,-16.70454420304612,4.444444568416404,-19.999993264568342,1.5833266978593912,-26.297979267868776,-4.824998132360406,-24.98765836270473,5.6383105437316745,200,21.148988771462523,21.583319962427733,21.47298113550837,30.625968906436405,34,400,-5.303139974042563,5.222392350719886,-4.999998745624913,-16.666665378006147,4.444444176676074,-9.774871581292361,4.701705602555004,-9.999998215417417,-19.99999667166898,0.9113636355172617,-15.898721718673562,5.961101888849431,-15.000001053992536,-26.66666337333373,-4.999997230857883,-10.595581744631,6.895213010592133,-10.454543153414395,-24.985975366116776,4.458321432023874,-6.123850137381201,5.407474142065306,-5.871215371523131,-16.536340682822754,4.000001146711332,-4.471731607249799,4.99057181529863,-4.483850276685432,-14.517119008819101,5.457473783729879,21.111109554682223,20.911360307186243,21.666666142475847,29.44429679814065
cool_days,40849,Shahrebabak,-2.245993392978472,-9.46964484399298,-13.6674335309896,-11.421440138011128,-12.857142100323298,5.053571744135359,-17.727261325243266,6.332894669906645,-22.023541363070883,-6.183034255200341,-24.94576819936269,-1.2792777691012367,200,17.910713844458655,24.060155995149913,15.840507107870543,23.66649043026145,34,400,-2.5260251282963906,6.047951245130094,-1.9999982212058405,-15.294115085671129,5.000001750995223,-9.3109447083976,6.384819242786514,-10.166698037225888,-17.999982216859628,6.315780704606939,-13.65579520036893,5.197469775597899,-14.16666842524821,-23.10527412308037,-3.571429091199464,-11.12977007207254,6.611523270109337,-11.43939107618225,-24.925217943202856,0.9191149642365296,-4.344850491971331,5.106108185729012,-3.8636446671070495,-14.98099827185835,4.146449808153274,-6.784919580101208,6.642041318718132,-7.182542209698955,-18.132912177147332,5.141692078571697,20.29411683666635,24.31576292146657,19.533845031880908,25.844332907439387
cool_days,40851,Sirjan,0.3543643548596092,-4.895602993153552,-8.52089587374031,-8.875260228599918,-9.999991052109513,10.63715347944639,-14.681590060580731,7.919590724162861,-15.643485735244225,4.999999750367923,-23.12499826484968,6.07176826401104,200,20.637144531555904,22.60118078474359,20.643485485612146,29.19676652886072,34,400,-0.23106674986511802,5.968278382956696,-1.0526251174044785,-9.999993639182463,10.625000734222992,-5.580204198338435,6.728555480081456,-6.153844534251992,-15.278135350524229,7.857142109553809,-9.029085907710403,5.586953854660513,-10.000000287738047,-16.666666286770372,4.999998698466839,-8.798019157845284,7.188132581281989,-9.261839605347182,-22.223124581899675,6.052621481529303,-3.448881709371968,5.487545508776242,-3.124999855053142,-14.504371317580496,6.68476828550872,-5.349137448473316,5.86019298846745,-5.357584973385861,-16.666665705768516,6.328943267524274,20.624994373405457,23.135277460078036,21.66666498523721,28.27574606342898
cool_days,40853,Baft,-2.883870878848682,-6.027740994279243,-13.366394306057266,-10.482523427208584,-9.130417632301889,2.2222133459365736,-17.339261534289456,6.716661939685181,-25.55555599776537,8.499996248106108,-23.30779241991015,9.02207804417748,200,11.352630978238462,24.055923473974637,34.05555224587148,32.329870464087634,34,400,-2.711978301375016,3.36446598620716,-2.8571448012065797,-10.062499063877672,2.4999998817491975,-5.7231475965384835,7.213337923080464,-4.6153849566377625,-18.571423461665667,8.66666259105266,-12.643816354893733,9.193507964223226,-13.913041508581905,-25.624996049032376,6.7124983527710045,-9.931838053518717,8.620187417035504,-10.89286389317396,-22.829028138092344,8.756519854768536,-6.920668758355251,8.005627817314764,-6.999998175169322,-23.654922644055883,7.001781671547686,-3.0111692951634677,5.958738536112818,-2.2023870616658803,-14.316899438690239,8.607288220466655,12.562498945626869,27.238086052718327,32.33749440180338,31.58554799286088
cool_days,40854,Bam,-8.02811081999117,-11.511320504797078,-16.213280863630793,-8.185170043639625,-21.750000381833605,-2.6666655387292724,-18.58629718424324,-3.500002912042288,-24.331352391996138,-1.6666706083064282,-18.297511701282268,6.14346115444491,200,19.083334843104332,15.086294272200952,22.66468178368971,24.44097285572718,34,400,-7.962092733328145,4.4523831247614645,-7.0000012676020305,-17.312498588426546,-2.6666667226017005,-11.715020472363967,4.317800567606613,-12.105260106486949,-18.582142071477744,-3.5294115558464974,-16.576470696112914,5.727456688891242,-17.999999910969265,-24.29813986978761,-1.6666863249970005,-8.614377962784769,6.171414907773228,-9.460225755127471,-19.67152730438078,4.699995811113136,-4.861450223748948,4.878867029279146,-4.55549282665761,-15.357140565126262,4.577644753052594,-3.7529277390358207,4.1792566661171655,-4.047604500265184,-10.001263920533235,5.020831351467616,14.645831865824846,15.052730515631247,22.63145354479061,24.37152311549392
cool_days,40856,Zahedan,-6.386893821682347,-10.183743532101396,-11.553667328038989,-5.166773506356639,-29.99997733694877,2.499999505151813,-18.85294167691381,0.046880932336203,-22.68823986458534,5.570836321093982,-18.985285616010604,11.663471313143932,200,32.49997684210059,18.899822609250016,28.259076185679323,30.648756929154537,34,400,-6.413475858949498,6.672098513500268,-4.999999399703376,-26.750002628248943,2.499999671311635,-9.87526818418921,5.682416198871881,-11.176469474690816,-19.21999922322869,1.8749999526687189,-11.400657221399587,7.68649019994432,-10.588237931183237,-22.666666771738967,5.500001176625054,-4.987181362450091,7.7883143855988495,-5.992027857658807,-18.985285616010604,11.663471313143923,-1.5253890372103802,6.24771887430217,-2.3353625048594786,-12.941175041913091,12.33978201898962,-3.4617923252397107,6.005516982080088,-4.095239631101622,-13.879109204707298,13.03266810930571,29.250002299560578,21.09499917589741,28.166667948364022,30.648756929154526
cool_days,40857,Bushehr (Coastal),-7.117206576353822,-18.165195586538267,-35.50747640451327,-28.39026982815945,-17.14285723961253,-1.099134050077539e-05,-31.434523851815403,-6.649999771055816,-53.59880940470707,-15.0000000041426,-47.124963962156265,-11.984308904408326,200,17.14284624827203,24.78452408075959,38.59880940056447,35.140655057747935,34,400,-7.287302425174828,5.646608654415007,-6.666666990013101,-17.142857392554625,-0.5535654746384092,-18.540955049882527,6.825897722564919,-19.230767796525804,-31.42857099081256,-7.058825420380844,-34.97953572991369,10.654470591212606,-35.92592565098641,-54.679998386177054,-14.977941091482766,-27.69223330473887,10.444358684429613,-26.97030844870456,-46.19047583639344,-8.096526302667431,-16.43858068003117,8.687437214937134,-16.71190277555754,-33.00395176380013,-1.4282132447231013,-11.2536526247077,6.189918645711941,-11.067248551583376,-22.45222061800212,-0.7062371888694722,16.589291917916217,24.369745570431718,39.702057294694285,38.093949533726004
cool_days,40858,Bushehr (Airport),-3.051485281236809,-8.610849796110148,-20.27354395420544,-17.222058672968632,-13.736110312344907,2.6729335410282244,-14.201389627460705,-0.464287363118863,-27.93698061314221,3.7499909676376113,-27.89675517296914,4.666346660397503,200,16.40904385337313,13.737102264341841,31.686971580779822,32.563101833366645,34,400,-2.750689684501005,4.880793383297846,-0.9523817152561849,-12.307692121602772,8.235294940321257,-8.416489073499779,3.2464415414360177,-9.130433818135927,-13.888888364899547,4.949684121667867e-06,-19.60453696657798,7.991474504241184,-21.818180951488046,-27.894736510291505,3.749998934878608,-16.853847282076977,8.06263963239589,-18.677256060677337,-27.777767864204836,4.999984801872588,-11.188047893078203,7.427402643632754,-12.811444002742924,-21.818181767656682,10.416663967575762,-5.6657993889987734,4.259955339094632,-6.052634593081626,-12.404426408756116,4.040407395888954,20.54298706192403,13.888893314583669,31.644735445170113,32.777752666077426
cool_days,40859,Fasa,-3.2647853537035,-4.069038153866191,-8.284401687139903,-5.019616333436403,-13.589284067744464,4.713235214774894,-12.229164468447404,9.999999328146464,-27.40740499167244,3.499987639263469,-24.247301461320127,7.896650508961729,200,18.302519282519356,22.229163796593866,30.90739263093591,32.143951970281854,34,400,-3.444829544035447,4.219061279603063,-2.500001202089929,-13.571427727234292,4.705881834235739,-4.258977883335888,5.458422602458626,-6.250000731591189,-12.222196605335586,9.349997646123489,-8.351016485183449,7.9051647349106435,-5.714302980290547,-29.199995971411834,2.687501851246609,-4.906186941148003,7.427106533579056,-3.6090228546577134,-25.016430716246308,7.234758380251453,-4.092038601847562,7.500933097908644,-2.7723942547691847,-22.399998976540566,6.541494081396152,-0.8141483393004417,5.025112980426998,-1.1671861216623058,-8.970268095217639,9.885958935594092,18.27730956147003,21.572194251459074,31.887497822658442,32.25118909649776
cool_days,40870,Khash,-5.23581002174129,-8.595352803258352,-11.959065367973272,-6.723255346231979,-14.448716305746522,-7.086792945560561e-09,-17.069853563569982,0.8268716975903213,-26.99999937874543,9.99999839011521,-20.118651860984645,10.07692264307791,200,14.448716298659729,17.896725261160302,36.99999776886064,30.195574504062556,34,400,-5.1111686754658,4.414342365341514,-5.2173914416428655,-14.63043496135049,6.168886545290396e-07,-8.316814356107956,4.884335039967358,-8.708339457947506,-16.923074177761425,1.8749990535275298,-11.31440445217328,9.479004433073767,-11.739130454513685,-26.999998921862268,9.99997805427871,-6.203235776707482,8.71063201354839,-6.416666554781219,-19.729677479722774,11.443295852344987,-2.9975900960653235,7.5380336963691175,-2.814007976935798,-16.59995491933706,11.184209005978834,-3.205645680642157,4.228558226062111,-3.4834550687951893,-10.62560508522294,5.33332418785517,14.630435578239144,18.798073231288953,36.99997697614098,31.172973332067762
cool_days,40873,Lar,-4.480520021704226,-8.244004049003745,-12.69787642690032,-8.217356405196092,-15.792016653468552,2.8592470582398506,-20.500001521632527,1.8352270040048504,-23.89427696600712,7.1484958926721305,-18.174866593068856,7.385191666708993,200,18.651263711708403,22.335228525637376,31.04277285867925,25.560058259777847,34,400,-4.860949199566529,4.954863094435513,-4.285714214852733,-17.36841363566147,1.0358689324703628e-07,-8.895530518333134,7.432088615143876,-6.93751525997708,-20.91579390796501,2.5056817227592667,-12.442523766027664,7.166881211329046,-13.888887775040327,-23.809514933487907,7.36841964008778,-7.581574566461132,6.562727250546073,-8.848861404459079,-18.497018013861933,7.385191666708974,-3.5469932476945285,7.219151028476306,-4.489946506481809,-16.39869965035923,9.305548291310783,-4.034581318766604,5.849875465946524,-3.6237191848080563,-14.86158569985565,6.313241950525592,17.36841373924836,23.421475630724277,31.177934573575687,25.882209680570906
cool_days,40875,Bandarabbas,-5.972109548629909,-8.908746726082251,-21.48349409518709,-15.511384546557183,-8.695640884366522,4.90789412552296e-07,-19.02499967083848,3.00833304911104,-35.909088632682725,4.448718235208765,-30.73588749470291,9.281249355395625,200,8.695641375155935,22.03333271994952,40.35780686789149,40.01713685009854,34,400,-6.018620170836989,1.9691282953074543,-6.923071879478734,-8.6956514194064,-1.4145888267346254,-9.296160158859704,6.595873055147671,-10.000000127603656,-18.99997415653958,2.857132826096387,-21.76417804972272,12.194159794227545,-25.000000797720347,-38.12499826021528,4.615376282707608,-15.745557878885728,11.986802231682525,-19.166667050090155,-31.20190984238711,9.767617307466217,-12.468017890863013,11.430996584662918,-14.37500289746653,-31.365258327199367,15.168420484005619,-3.2775399880227156,6.012980173291002,-3.3854533814329604,-13.088083534444761,7.9015100340739135,7.281062592671773,21.857106982635965,42.740374542922886,40.96952714985333
cool_days,40876,Minab,-10.016490530521237,-13.10262364488405,-24.41196823253072,-14.395477702009485,-18.33332351677064,-6.000000054057714,-21.99998590486046,-2.2222483759053464,-41.73912554636021,-3.6919651587259583,-30.570466248636027,2.599154325982705,200,12.333323462712926,19.777737528955114,38.04716038763426,33.16962057461873,34,400,-10.107937548793302,3.7915295954549455,-9.090907789968362,-19.999989211436272,-5.999998128552072,-13.316221803523627,5.272362940353455,-11.76470647163642,-22.000000228704145,-2.4930557614720152,-24.14617613486582,9.965771329245824,-27.14285682681256,-40.50776315360082,-3.7500008772662126,-14.03823858607252,9.516196186916774,-15.115167133824524,-31.113342808215478,4.1447362032006065,-10.829954331342194,9.598321302521713,-11.361964672493947,-30.001029198698195,6.428570412125176,-3.2082842547303243,4.061317900311196,-3.1666635017253952,-11.051339414676807,6.240855930262203,13.9999910828842,19.50694446723213,36.75776227633461,35.258079011416086
cool_days,40877,Kahnuj,1.0810349752953272,-5.224902017077809,-8.57902336163324,-9.660058336928568,-4.705882267639356,5.99999363824018,-15.01134891028357,2.857141311699354,-18.74999958163621,11.11111009370982,-19.637565440760543,6.128969761643913,200,10.705875905879536,17.868490221982924,29.86110967534603,25.766535202404455,34,400,0.7322475994443112,2.6174450507079254,0.9090699334924845,-4.713235313432152,5.624997937983575,-5.241444940472508,4.3205272533589465,-4.999999334907288,-14.76190395353517,2.8571423563148803,-8.541435758504512,6.8097115153276375,-8.26087571983146,-18.74999908019948,11.111107984239277,-9.273683357948823,6.592631467093696,-10.250625532332478,-19.63756492572788,6.831843794129159,-3.2999908180320046,6.2323846557346325,-3.783209323388839,-15.008924743905249,11.111105254822663,-5.9736925399168195,4.236799150200542,-5.911340137286366,-14.782195459740462,1.0106969301828326,10.338233251415726,17.61904630985005,29.861107064438755,26.46940871985704
cool_days,40878,Saravan,-3.8566164723929592,-7.11413832391545,-11.138687581870194,-7.2820711094772355,-10.249997899245548,2.8571416883406267,-15.93162799002073,2.4999922473793363,-19.999981494311783,0.8333322755380447,-17.78332762510775,6.502924983456732,200,13.107139587586175,18.431620237400065,20.833313769849827,24.28625260856448,34,400,-3.9567310243527185,4.2717901414253205,-4.166665269978383,-14.104544381282805,2.8571416883406267,-7.2118605619009974,5.649135319217551,-5.882354955599363,-17.4999430474857,3.0031248851022903,-10.943730838680501,5.249618622918532,-12.173893402910245,-19.999993666308196,3.6071422676152767,-6.98699981432778,5.186169527839039,-7.928628989473419,-16.341666176462002,7.017854923749016,-3.7318702767795027,5.271337281745983,-3.7990409549774498,-12.508097006019291,6.8452312857727895,-3.255129537548279,5.203010162387641,-3.416666881251522,-12.499990710413375,7.807610665957663,16.961686069623433,20.503067932587992,23.607135933923473,23.35952110021102
cool_days,40879,Iranshahr,-0.8022562909745165,-7.329856360720651,-14.850403501908952,-14.048147210934436,-8.888887656094834,4.999999624980326,-22.000000453444905,8.333332707887905,-26.25000679510058,2.392858978143739,-27.199493411118212,4.142746649815424,200,13.88888728107516,30.33333316133281,28.64286577324432,31.342240060933637,34,400,-1.2542931377252353,4.193995741016371,-0.557269273405866,-9.999999890925842,4.9999993243920695,-8.015922052486445,8.676559006668382,-7.000000275001153,-22.01250196114758,6.371213296603328,-15.428825986819742,7.604953112121441,-16.785723734157965,-28.99999815818857,2.392858978143642,-14.174532849094508,7.333230666244174,-14.68239637750436,-28.249991111439805,4.135334619030023,-7.412903934333298,7.819541846741719,-6.973158401201199,-23.456158319681908,6.11956216260699,-6.76162891476121,7.142527910411879,-6.7184504637134115,-19.77857113584441,5.340609355472456,14.999999215317912,28.383715257750907,31.392857136332214,32.38532573046983
cool_days,40882,Kish Island,-6.6035083094565685,-7.308380571191781,-23.19874013131461,-16.59523182185805,-16.42856701621912,3.749991693622072,-13.749999108637462,-3.913079507016647e-06,-44.09085423544842,-1.3636370254066794,-37.13294310374086,3.3715289072505947,200,20.17855870984119,13.749995195557956,42.72721721004174,40.50447201099145,34,400,-7.066088131126142,4.462900161686659,-7.857144938530238,-16.42855012405224,1.20124638126932,-7.438360778626694,3.5000143441258964,-8.076922867878373,-13.749999083592595,-6.605123467065368e-06,-22.623977166294864,11.015742083973548,-23.200013255232015,-42.539770871488244,-1.363636967131668,-15.557889035168722,10.877505455250091,-15.941772876482075,-37.129181439121524,6.151623275343019,-15.18561638766817,10.052646839531343,-16.428792527260004,-33.89240149135375,4.350650878417896,-0.372272647500553,4.4989085966588425,0.0630823298985943,-9.722196295003043,8.632935887326095,17.62979650532156,13.749992478469128,41.176133904356575,43.280804714464544
cool_days,40883,Bandar-E-Lengeh,-9.909993653061091,-13.89753594307279,-30.01482055499688,-20.104826901935787,-22.499996205467014,-5.000004520595315,-25.25991785686552,-3.323525597192701,-60.03125092642188,-2.360941566542515,-46.97058000609431,4.861280750713458,200,17.4999916848717,21.936392259672818,57.67030935987937,51.83186075680777,34,400,-9.548117882253234,4.881706569134682,-7.857142756519415,-22.499996205467014,-4.604167268207746,-13.52424634365892,6.475280119726724,-13.809526633506358,-24.74342028435425,-2.9411938119825876,-29.45262700955237,14.48783287314957,-27.857135883121202,-57.659999560193924,-2.3609415665425377,-19.904509127299136,13.37552526323475,-18.194439651256815,-44.865389211605546,3.680551754509255,-15.928380665893451,11.306221890773443,-12.769898483564615,-36.71666971912666,2.2657214654521107,-3.9761284614056844,5.453809463046286,-3.680542126483744,-14.463508556847803,4.334377703729392,17.895828937259267,21.802226472371665,55.29905799365139,48.5459409661148
cool_days,40889,Siri Island,-8.3635010395762,-12.737326964929592,-24.069093059593712,-15.705592020017512,-16.44176898007538,-0.9091061370674556,-21.4814758887584,-4.615385165680774,-40.064803658205015,1.835227942524624,-30.91313718447932,7.282956796551075,200,15.532662843007925,16.866090723077626,41.90003160072964,38.196093981030394,34,400,-8.157477026042011,4.769191334715199,-7.391304012740161,-16.428567395581613,-0.9091061370674555,-12.299155630355235,4.517268616615359,-11.764705230794872,-21.90714523122006,-4.583334341419368,-23.25271213398443,10.58391110903446,-23.199996107979032,-39.41176096344117,3.970236048519463,-15.095235107942425,9.874373476192403,-16.19792336789184,-31.072604947099293,10.672267274523522,-10.9535565036292,9.08177315912527,-12.27272943155095,-24.309344018731867,13.001406994274396,-4.141678604313225,4.175728244517337,-4.009568648340794,-11.51497312899342,3.4674914486673756,15.519461258514157,17.32381088980069,43.38199701196063,41.74487222162281
cool_days,40890,Abumusa Island,-8.924417162874184,-16.61493288502173,-29.97362987609961,-21.049212713225423,-25.741881158239728,-0.5263163002596316,-29.458333988863405,-5.549998082792781,-42.2759085668546,-9.89583127111476,-31.68749103652444,-0.100446773406124,200,25.215564857980098,23.908335906070626,32.380077295739845,31.58704426311832,34,400,-8.742847938681265,7.49596774718657,-7.499999456976978,-25.7142804202128,-0.5263221636847207,-16.699221632871453,6.831317410397854,-14.545443638316906,-29.999980465673897,-5.555562612042231,-30.20336562336739,6.603486494137634,-30.400000308198663,-42.27272664289085,-12.083882080580546,-21.460517684686124,8.323270171876546,-22.878569159768162,-33.91593209008483,-1.9580252621049579,-13.504143990495937,6.097453618806884,-14.73278437318812,-22.90000186835799,0.4832147567046694,-7.95637369419019,6.613159548191634,-8.373011568484527,-19.619311225866277,7.669442532385073,25.187958256528077,24.444417853631666,30.188844562310308,31.957906827979873
cool_days,40893,Jask,-7.225036035756439,-7.186101689723113,-20.89641729792791,-13.671381262171476,-12.222217129268383,-2.0000003231989574,-16.475490864663755,0.5270445607360454,-41.3636340066348,-6.428572823699359,-35.46666584766634,0.4790263697813389,200,10.222216806069426,17.0025354253998,34.935061182935435,35.94569221744768,34,400,-7.341275238945594,2.0171776633788197,-7.199997761054262,-12.222217085362162,-3.1783600231686573,-6.9523031023055815,4.3636648303206105,-6.315788640214583,-16.47058856021459,0.5555386693396784,-21.187129934577907,11.293230908507587,-16.81818174204087,-42.91875035463127,-4.166686264398785,-13.845854695632315,11.555317523352837,-9.399999262579824,-36.37121279079327,3.334555941248913,-14.234826832272326,11.559374918386895,-9.908085742915954,-37.54787313013206,2.0828225126547135,0.3889721366400116,4.421130878900493,0.3589743865075672,-8.63533221236538,7.858044062278345,9.043857062193505,17.02612722955427,38.75206409023249,39.70576873204219
cool_days,40898,Chahbahar,-2.788026124306631,-2.906842462902121,-24.357589393503744,-21.569563269197104,-7.999996928594931,5.000000202600139,-13.78124969467439,7.016177221850458,-39.16666640122745,13.804811160014737,-38.50831454547121,17.690230054356576,200,12.99999713119507,20.79742691652485,52.97147756124219,56.198544599827784,34,400,-2.5063005316631632,3.4828083273064943,-3.4782609170341754,-7.999996897327078,5.333331887029353,-2.863276546126745,6.718127312259733,-1.2878812522524168,-12.53124771340522,7.664215809562527,-23.966868379952494,14.962320951204411,-28.181817764296056,-39.19999981517079,13.666176000104002,-21.46056784828932,14.300863623848228,-25.046583416199823,-38.83714122228243,17.64553331406269,-21.10359183382574,14.756007219526294,-24.354165533398202,-39.545201146529095,16.668299509029552,-0.3569760144635816,5.901702221374035,-1.0531276211089846e-06,-10.173153748094677,10.022910909154529,13.333328784356432,20.195463522967746,52.866175815274794,56.48267453634512
cool_days,88187,Jam,-5.590618028403664,-12.99951970720586,-15.662332132946435,-10.071714104542773,-15.555555100156608,-0.9090953818957735,-19.52380739735585,-4.988634260006247,-27.50000078047768,1.4285709543744245,-22.84613600219942,6.90548533899533,200,14.646459718260834,14.535173137349602,28.928571734852106,29.75162134119475,33,400,-5.525592913231684,4.03784413875291,-4.736840027710683,-15.555555375682733,-0.909094650862712,-12.874369195842348,3.577031578028485,-12.871794928269479,-19.130434623261515,-4.98863426000626,-15.42442517556833,6.868319570144588,-18.333334931477452,-27.500000320316293,1.4285740311957937,-9.898832262336645,7.147400619845082,-10.541125336748962,-22.84241175753075,5.557683059543797,-2.5500559797259803,6.226454917376899,-2.500003050163091,-14.218897378330116,8.944385728107228,-7.3487762826106655,4.281834033924015,-7.787884436187307,-14.593185694976027,2.4791656370432493,14.64646072482002,14.141800363255253,28.928574351512086,28.40009481707455
cool_days,99331,Tehran (Geophysic),-13.567149509273811,-14.328540007527495,-15.788275835959274,-2.221126326685459,-21.818181991154702,-7.708334538433996,-18.260865898924187,-8.177269716733582,-39.999993456338494,1.1111104769730078,-22.830178361726453,12.11601999415047,200,14.109847452720707,10.083596182190606,41.111103933311504,34.94619835587692,33,400,-13.32350292361451,3.6186535852263346,-12.788466711705272,-21.818181510416746,-6.6249997857537455,-14.35700999351862,2.661596760502709,-14.736840756991853,-18.333333214473,-8.181818612894741,-15.42026011324228,10.272733630467242,-13.913043285888744,-39.47369249692573,1.1111104748960519,-2.0967571896277684,9.387310446601232,-1.8803531249103038,-21.98406033239579,12.779170435060024,-1.0632501197236595,8.67075390910434,-0.8458124388346677,-21.97600695757971,14.505146274834877,-1.033507069904109,3.5012857231695644,-1.1052626982033287,-8.34722369613828,6.36725827734054,15.193181724663,10.15151460157826,40.58480297182178,34.76323076745581
cool_days,99407,Boshruyeh,-6.773381163675785,-6.970554430578248,-10.163631356263052,-3.3902501925872697,-10.648849151502946,-1.428571631144813,-13.895833185691805,-2.3076947177167293,-22.24613398726204,6.470587306225462,-14.85228446421287,10.851951282938956,200,9.220277520358133,11.588138467975075,28.716721293487502,25.704235747151827,34,400,-6.636665774201615,2.7607335277988967,-7.499998341898287,-10.625000107855724,-1.4285715210065617,-6.815250104901,2.5862560019881387,-7.142854321461561,-12.49999745748362,-2.3076929314410943,-9.697505411997362,7.6674399116374,-11.818176853772652,-23.181818036397303,6.4705848807199615,-3.060839637795748,6.8418246094904935,-4.318168897764894,-15.068165941297972,10.848716108683641,-2.8822553070963615,6.328967357788659,-3.7828290433571805,-14.187685476475155,9.805214962527096,-0.17858433069938592,2.662623196000417,-0.01748320545282933,-5.624989588576072,5.175849941535414,9.196428586849162,10.192304526042525,29.652402917117264,25.916882049981613
cool_days,99421,Natanz,-8.77765058729172,-8.06679981722352,-14.13175124009783,-5.354100652806108,-15.333328175664896,-0.5555564059036504,-15.000000212997277,-2.7272729342108786,-23.49038476811904,-3.3362872764107256e-06,-17.40827974331441,6.199399060981176,200,14.777771769761245,12.272727278786398,23.490381431831764,23.607678804295585,33,400,-8.889056155739532,4.361018384159363,-9.523806557207202,-15.333331140434735,-0.5555567899097901,-7.933442029646488,3.2935701121307517,-8.333334824971036,-15.000000004882748,-1.8956050324968285,-14.093747283997459,5.852894259306478,-15.000000352013291,-27.999997594952365,3.844897515547599e-07,-5.204691128257926,6.016367970747211,-5.476183862732422,-16.929176979004406,6.925003211653731,-6.160305254350971,5.261184557585574,-6.428572279196761,-15.337387824486887,5.556163389910543,0.9556141260930443,3.8544847716471415,0.9090930089307445,-5.772629530351695,8.249971165141302,14.777774350524945,13.10439497238592,27.999997979442117,23.854180190658138
cool_days,99459,Borujen,-7.580899355565321,-14.605855863653565,-23.583318747132434,-16.00241939156711,-16.666662321458745,-3.1345031765311444,-20.04545809932442,-7.84492519778564,-36.92307525634193,-12.4910757039506,-30.29953494492477,0.5639573058646246,200,13.5321591449276,12.20053290153878,24.431999552391332,30.863492250789392,34,400,-7.3202759848969325,4.095138931703446,-6.6666659246498625,-16.666663735045244,-2.2222238422152043,-14.425251273612735,4.222394812612204,-15.769230898385622,-19.999999091719012,-7.368421424472517,-22.846943661012048,7.176824955770512,-22.85713250778457,-36.9230752410849,-4.979167179890912,-15.526667676115117,7.710499552116581,-15.425324469308535,-30.25640566718186,0.8928570133208862,-8.421692387399311,6.452329096527064,-7.3538092337606535,-20.659340056816355,2.937584605155963,-7.104975288715805,4.449421239517492,-8.291673516481067,-13.642975606163827,0.40932269735110655,14.44443989283004,12.631577667246495,31.94390806119399,31.149262680502744
cool_days,99623,Zahak,-1.9776352315520496,-7.3078339049568095,-12.433704959364164,-10.456069727812112,-11.739130513564795,3.74999882760004,-15.499997923964356,-5.599191934430791e-06,-23.33333323456789,11.919640946198792,-25.83333263162052,11.919640194227876,200,15.489129341164835,15.499992324772421,35.25297418076668,37.752972825848396,32,400,-1.5119185284946763,4.057172381534212,-8.193744350203884e-07,-11.739129614901634,3.7499988245890115,-7.14380525970422,4.2190510116963305,-6.201925740401499,-15.499997923964356,-2.0591140317684864e-06,-11.901297367420812,11.71438213892838,-17.500001689821254,-23.333333206327435,11.904760081867183,-10.389378838926136,11.344791667009428,-13.3333029961195,-25.83333192536163,11.904757102303302,-4.757492107716591,10.078074062170248,-7.9853141549676225,-17.79979751458667,15.086577805146582,-5.631886731209542,3.806290108409752,-5.277773505676748,-13.44901314655357,0.8449904660066985,15.489128439490646,15.499995864850325,35.23809328819462,37.738089027664934
cool_nights,19996,Bahookalat,-1.926982124741054,-7.202363400019492,-15.33582548580864,-13.408843361067586,-9.999995805552707,8.181817943066958,-18.499999874773792,7.074661149475772,-28.571427184326065,-4.899998014515299,-32.38163152629035,0.5447337057849099,200,18.181813748619668,25.574661024249565,23.671429169810764,32.926365232075256,32,400,-2.1678734358054457,5.119479479144689,-1.9999998379712407,-10.666665562545193,8.181816511971993,-7.777217113596448,8.284582873906427,-8.333332530864,-20.0238092283805,7.074661051028493,-15.724487841131845,7.630845984804169,-17.08333823448433,-28.5714269138236,-1.000001883232372,-13.5566144053264,8.765920746355404,-13.333344037948219,-32.92324706073828,0.7947364225215914,-7.947270727535397,6.10242368665192,-7.4476229483456375,-20.672724465452422,3.599984775431879,-5.609343677791003,7.544417294376159,-5.47832350657205,-22.04089706516864,8.607991360534507,18.848482074517186,27.098470279408993,27.57142503059123,33.71798348325987
cool_nights,40700,Parsabad,0.5224214082621079,-1.8423393962132557,-5.235243712009913,-5.75766512027202,-5.999991793521307,6.281249656479441,-6.99998813203904,3.021138251683914,-14.999999656300425,9.999994378339435,-15.36689365398969,9.11101938943254,200,12.28124145000075,10.021126383722955,24.99999403463986,24.47791304342223,34,400,0.4942144022469334,2.7401896111689648,7.777814417437523e-07,-5.999991793521307,5.727679674095132,-2.0516327096160576,2.792222007658226,-1.7029076975449104,-7.504799059872766,2.9638885618047173,-5.135514295729658,7.250206515081484,-4.494945807748391,-15.599999250459422,10.01471452241772,-5.629728697976591,7.12561091101395,-5.65219540212799,-15.985593351310516,9.999991990960742,-3.0838815861136,6.330440520590538,-3.388870975298839,-11.91691798206833,11.1219008414683,-2.545847111862991,2.9929424833627145,-2.9047580756883304,-8.44927569367972,3.5062476107901186,11.727671467616439,10.468687621677482,25.614713772877142,25.985585342271257
cool_nights,40701,Maku,-7.858148535078446,-4.686838860963792,-16.58948004941627,-8.731331514337823,-10.68571180204534,-3.0568182243187696,-12.863838495717255,3.015910001082305,-35.71428536234483,-3.74999998844436,-28.585747177644325,5.730589292739676,200,7.62889357772657,15.87974849679956,31.964285373900474,34.316336470384,34,400,-8.112582121245632,2.751472671041001,-8.88888840235314,-11.76821213733846,-3.0576925413317277,-4.801050008139173,3.614309823885246,-4.782608882101024,-13.124998314282584,3.000000970017559,-16.848392940919194,9.128743990101503,-16.833338904428107,-35.71428067660562,-3.749996883811005,-8.735810819673562,9.269012003145532,-10.439358278510394,-26.8445782471108,6.249940493742213,-12.04734293278002,9.049240962257151,-11.759394196635151,-30.714283845542703,1.1919635069591243,3.3115321131064595,3.800235560202963,3.6296303910493473,-5.921364517290413,12.148108955330907,8.710519596006733,16.12499928430014,31.964283792794614,33.09451874085301
cool_nights,40702,Jolfa,-4.6443385423079295,-8.005117940598668,-14.083966188046132,-9.4396276457382,-8.89583277928001,1.593045115760786,-18.607124287463662,5.498730816085366,-24.426379335056303,-2.142866250936705,-22.47212786770106,2.473213846017566,200,10.488877895040796,24.10585510354903,22.283513084119598,24.945341713718626,34,400,-4.746182819359608,3.2399356714339693,-4.999999999647986,-9.177883036866035,1.59304511576077,-8.156090803876152,6.384799213559291,-8.181817327677585,-19.999998208982298,5.461032580767234,-14.28486976980998,6.531350569634928,-12.50000136852563,-25.454543979551573,-2.142866310627423,-9.538686950450371,6.814136017397826,-8.795553065689289,-22.676202742332794,2.4725213535901354,-6.128778965933828,6.722731055918939,-5.416667449384466,-19.7255213184048,6.0084597470336325,-3.4099079845165443,5.313337586745983,-3.518504516333644,-11.956823445781563,7.524680627526828,10.770928152626805,25.461030789749532,23.31167766892415,25.14872409592293
cool_nights,40703,Khoy,-10.13502749639305,-10.837610392969218,-21.23770647444184,-11.10267897804879,-16.66666730106143,-4.117650217519655,-18.823529390138525,-1.405355336531876,-38.09523894655087,-4.974998752741141,-29.44444429770372,5.877271312747137,200,12.549017083541775,17.41817405360665,33.12024019380973,35.32171561045085,34,400,-10.04568208525988,3.4062951055081587,-9.999997377603755,-16.666666133947576,-4.117654104867999,-11.025161129722733,4.313739986823009,-11.870633639097164,-18.823529390138525,-1.4053553365319025,-22.244596785555686,10.817824480874663,-22.72727312004038,-38.13363334866575,-7.1428593988987945,-12.198914700295807,10.372366699792618,-13.4199157124044,-29.45139385674055,4.980370700094625,-11.219435655832953,9.487482937372272,-11.109166669225282,-26.536663469115812,2.2276937600798625,-0.9794790444628529,4.101790957091878,-1.3297029590960512,-7.857139197051217,8.696051114898381,12.549012029079577,17.418174053606624,30.990773949766954,34.43176455683518
cool_nights,40704,Ahar,-4.050713350588366,-6.226954555003451,-9.826675615887137,-5.775962265298769,-9.655170591297662,8.48602420771453e-08,-10.560896826609005,-1.6666667623688476,-18.03077094060345,7.910701667717316,-16.906065218610063,11.738303535713484,200,9.655170676157903,8.894230064240157,25.941472608320765,28.644368754323548,34,400,-4.282147368670665,2.9180028361865062,-3.500000275900284,-9.655171124284834,-6.644386336921675e-08,-6.177375041660007,2.014295531502047,-6.538457201949419,-10.000000591666108,-1.6666697866975437,-10.102407210808854,7.551963059036994,-12.105283712624082,-19.230763583677017,7.508923457263646,-5.820259842138191,7.287812537941315,-7.344829891392287,-17.142855482504228,11.041453901227685,-3.925032169148848,7.317178719946843,-5.582615769317112,-13.787611442487826,12.146843372430233,-1.8952276729893425,2.856997982073017,-2.0119235526122945,-7.174081093899433,3.4627749187083983,9.65517105784097,8.333330804968565,26.739687040940662,28.184309383731915
cool_nights,40706,Tabriz,-2.195400053824235,-0.7770795521607803,0.171255449578201,2.366655503402436,-6.956522122315032,6.235772965899497,-9.187500195113708,10.04166674310051,-14.999999617426768,21.000000006178738,-12.987714403277062,24.896117438487984,200,13.192295088214529,19.22916693821422,35.999999623605504,37.883831841765044,34,400,-1.8964264218487374,3.8813739782495587,-3.7499997039928497,-6.956521206643986,7.999942923749959,-0.458730156972335,4.648612651554443,-1.1111103395059898,-9.166666176565393,8.571426705667557,0.21806932300227147,9.746998835527162,0.4999957995126776,-15.714282839589789,21.00000048190772,2.114495744851009,9.900355050458012,1.1805550546342816,-13.97929068826242,21.340852370173756,0.6767994799746064,8.698693320396185,-0.5461948223212271,-12.02193984425916,23.110956744156997,1.437696264876402,5.36580964695331,1.3003164599932358,-8.454091514396225,12.011504793564121,14.956464130393945,17.738092882232948,36.714283321497504,35.32014305843617
cool_nights,40708,Ardebil,-7.601112769018898,-14.571019062945524,-19.263693158772544,-11.662580389753645,-13.636363618151243,-4.97915724065142,-22.499995757312117,-9.999982333028436,-26.538461033334904,-4.000001680856902,-19.596681261537025,1.5102274709940149,200,8.657206377499822,12.500013424283681,22.538459352478004,21.10690873253104,34,400,-7.6752145436179395,2.7179347269913827,-7.272727235994306,-14.44443415820883,-4.999994780394266,-14.632428257416274,3.9358626823211815,-13.999999883336438,-22.499995757312114,-9.582386175586716,-19.45688025526463,4.898296147475917,-19.499998730940213,-26.302350230408685,-4.000001680856902,-11.781665711646689,4.594767402997848,-12.083333341699205,-19.97583650633679,1.4999979147158782,-4.824451997848353,3.7137579732867336,-5.333346896908549,-10.632347544058,6.672055747247389,-6.957213713798336,3.360802197180654,-6.66667654648124,-14.625002079526993,-1.5357060964205174,9.444439377814565,12.917609581725397,22.302348549551784,21.475834421052667
cool_nights,40709,Astara,-2.059354923087765,-5.621581308119798,-15.088872819832028,-13.02951789674426,-5.33333153245973,0.9677412768108,-16.85500106006102,3.846152473350478,-21.53846165865943,0.029413284283812,-20.94917673926519,1.4805922563852498,200,6.30107280927053,20.7011535334115,21.56787494294324,22.42976899565044,34,400,-2.1373237385163693,1.855138935334027,-2.4999945205733707,-5.333331452664556,0.9677375199324734,-5.593910820900083,5.780187580835638,-5.624997184169414,-17.70312514668599,3.928573243204214,-14.857433459472944,5.588704306481145,-16.66667443239615,-21.544128369262783,1.185519632713293,-12.72010972095657,5.808890565800058,-14.410638581350781,-21.195651360893457,2.4106711177373374,-9.263522638572859,6.3598088615046295,-9.275367360956608,-20.769712085068317,2.333306863454794,-3.4565870823837144,5.973496086329249,-3.055556390982796,-17.32631543199131,8.18181384306574,6.3010689725970295,21.631698389890204,22.729648001976077,23.606322478630794
cool_nights,40710,Sarab,-6.3638190024710415,-6.403973083474487,-7.459582452158127,-1.0957634496870852,-12.49999480832354,-1.3636373760215,-13.571429938815829,-1.2999979382292426,-14.173608119137208,2.2291678457897883,-11.153678840330484,9.645374013246244,200,11.136357432302042,12.271432000586586,16.402775964926995,20.799052853576725,34,400,-6.500540074567901,3.05208111874148,-6.842105473991751,-13.478259516367816,-1.3043608161274654,-6.894185062450463,3.776791111541196,-7.0588254623418845,-14.499999982740436,-1.0000008410180616,-7.477274715383977,3.770122365181638,-7.777777191746033,-13.354227853245797,2.2222234934604175,-0.9767346408160755,5.219455539988895,-0.5797289753358261,-11.153695473839647,9.645374013246242,-0.583089652933515,4.644302706174514,-0.7067943341394622,-7.9405494411525135,9.729166105003205,-0.3936449878825604,4.214205986990531,-0.18598300497585107,-9.57733711724193,7.306701369359849,12.17389870024035,13.499999141722373,15.576451346706214,20.799069487085887
cool_nights,40712,Orumiyeh,2.581365251180161,1.4688339465902942,-1.8245945210520995,-4.4059597722322605,-4.999984636962507,16.159096103502154,-10.909087395719784,14.999987195096546,-32.0000000587969,20.767856998702957,-29.26682181965394,18.61808078862993,200,21.15908074046466,25.90907459081633,52.76785705749985,47.884902608283866,34,400,2.342735451930763,5.284153954454185,2.1052604194299347,-7.149067174232126,16.153847426415968,1.2039197741909016,5.507722970036388,0.7142856590147126,-10.020833023365268,14.999991990377794,-2.1664177354439986,12.648413642178577,-2.4999998148147347,-30.000000260025015,22.85713873509518,-4.5091531873747615,11.41728597985634,-5.661760209308277,-28.37565956850532,18.609019387045695,-3.370337509634901,10.34981098869169,-3.5011395378759116,-25.008332548888852,18.71427677172104,-1.1388156777398613,4.57502187690979,-1.1833414109157618,-10.21776216420858,8.756131936076763,23.302914600648094,25.020825013743064,52.857138995120195,46.98467895555102
cool_nights,40713,Maragheh-Synoptic,-6.410733106513633,-8.9167928400861,-15.084815154674317,-8.674082048160685,-13.268933302616244,0.5555545458245247,-15.518749843234067,-2.991632777186635,-31.99999510810593,5.142858116782139,-30.682827484445696,14.06012105460794,200,13.824487848440768,12.527117066047431,37.14285322488807,44.742948539053636,34,400,-6.494873830051307,4.214355980930932,-7.00000608719848,-13.26893992759559,0.5555545458245247,-9.041375373987064,3.4879925293731104,-8.88888841162581,-15.518749804218887,-2.7966678855156593,-15.111977422255798,11.267581026425608,-14.000001217024455,-31.99999784228034,3.571419803025778,-8.617103592204492,10.881683416605526,-7.379031385296785,-29.46685215257835,13.892678194165535,-6.070602048268734,9.833210988406195,-4.70046335877319,-24.086402677771865,11.999997112586895,-2.546501543935757,3.900386946949893,-2.4999926894792814,-10.305060193724502,4.125834997045078,13.824494473420113,12.722081918703228,35.57141764530612,43.35953034674389
cool_nights,40716,Mianeh,-8.129229304834789,-10.36914480090518,-13.51358041586792,-5.384351111033132,-13.575875526254288,-1.6624995168895025,-16.687500021122744,-4.999999057951944,-32.4999978700741,-2.285704021513123,-20.57866974328496,7.705464348814485,200,11.913376009364786,11.6875009631708,30.214293848560974,28.284134092099443,34,400,-8.15869749467311,3.3715563043985037,-7.391305366246079,-14.011077699252287,-1.5000009668830698,-10.573737359065369,3.0700074172733576,-10.416667122923366,-17.148497201079067,-4.9999990579519435,-14.203794939278648,7.414926190124207,-12.30769215215896,-32.499999670364964,-2.307693708892385,-6.045097444605538,7.324296848221617,-5.083336398639004,-23.354165295682073,7.700533646663857,-3.6300575802132795,6.455640184875128,-2.609173584435754,-19.160241688903064,7.8528257003119135,-2.4150398643922597,3.4725478980629676,-2.0679741962843536,-9.684750741394573,3.192976372285394,12.511076732369217,12.148498143127124,30.19230596147258,31.05469894234593
cool_nights,40717,Khalkhal,-9.66090379037379,-11.289512488020916,-17.85972216847193,-8.19881837809814,-15.55555501009799,-7.000008923866854,-18.67500071553175,-4.542926124833292,-31.785698454575986,-2.142860007800405,-22.28568867547192,7.144843629344174,200,8.555546086231136,14.132074590698457,29.64283844677558,29.430532304816094,34,400,-9.75537248191997,2.2398071567614766,-9.375013165434787,-16.482135165166678,-7.000006802952613,-11.345866162306349,3.9298978801574926,-11.035726061511262,-18.67059676922429,-4.54291297432087,-18.128562402383356,8.64934033501997,-16.250002580190213,-31.785712557422354,-2.142859883212757,-8.373189920463386,8.089913219643702,-7.008935539748607,-21.789700595187565,7.224698981822421,-6.782696240077006,6.697749217440646,-6.550729893202412,-17.846204948036775,4.2938280904093435,-1.5904936803863792,3.5752126738364134,-1.7647059755537686,-8.666666243402519,5.086312335124701,9.482128362214066,14.127683794903419,29.642852674209596,29.014399577009986
cool_nights,40718,Bandar-E-Anzali,-1.5146607977249542,-3.8283721957966033,-12.778067516300466,-11.263406718575512,-8.429269936490696,2.671558103948912,-13.156813402101829,5.017849402180084,-24.9999962323736,2.500000278452981,-22.58819830651788,3.0865380296136298,200,11.100828040439609,18.174662804281912,27.49999651082658,25.67473633613151,34,400,-1.5416031613672416,3.193759300906604,-0.35714732028406915,-8.421041431509325,4.230768575598958,-3.7027311268968908,4.6694121285787125,-3.1250003808594844,-13.91302916971017,5.017860801682559,-12.336402060304872,7.328458908680387,-13.124997603575235,-22.549999830664866,3.0769020081126395,-10.794798898937628,7.712318055185451,-11.61161966444411,-22.665579909402876,4.499996936139159,-8.633670933407982,6.424386283562847,-9.364850473462447,-19.368054073242856,4.42885586603775,-2.1611279655296487,4.955270517608242,-2.1428573400445297,-12.751543902020604,7.144839948724312,12.651810007108283,18.93088997139273,25.626901838777506,27.165576845542034
cool_nights,40719,Rasht,-6.596203109533315,-12.714398063106696,-20.27032409226629,-13.674120982732973,-11.111109145336831,-4.654164602729945,-16.521738129876805,-10.39001855201179,-27.916665358785444,-6.666667665797877,-23.11203916878595,0.2630707554945385,200,6.4569445426068866,6.131719577865015,21.249997692987566,23.37510992428049,34,400,-6.645399616017078,1.8089917478418027,-6.666665956790025,-11.111106167946238,-4.166677708483618,-12.668362017697792,1.927166351393406,-12.608684747946146,-16.521739106043448,-10.000001221101469,-20.571062420331682,6.4599979961431915,-21.904762834152958,-27.916664791917572,-6.666668261928693,-13.925662804314607,6.635859415338389,-14.905533585723736,-23.002801412452353,0.5228633477240329,-7.902700402633894,5.786691355422622,-9.772732059638656,-15.189740158069107,4.771743689436796,-6.022962401680713,2.644045891395891,-6.21212328335319,-10.867093472655721,-0.5451683480543587,6.944428459462619,6.521737884941979,21.249996529988877,23.525664760176387
cool_nights,40723,Bojnurd,-2.887281761131033,-1.93157593381282,-2.9095119573740704,-0.022230196243037,-9.42646899472624,5.555553370232351,-8.339283821079553,3.333334636040528,-15.199916194738202,5.294069687189177,-9.854166185764878,11.314011151674991,200,14.982022364958592,11.67261845712008,20.49398588192738,21.16817733743987,34,400,-2.7591575252431877,3.774892787004558,-3.499999607359226,-9.411762244078641,5.555553370232351,-1.6470951613610043,3.1120449341426117,-1.8181800595985045,-7.791674308769989,3.3333347372843156,-2.820429183974665,5.577473586261953,-1.9230769939747476,-14.000001809985207,5.294116774309303,-0.0612716587314778,5.163966825489912,0.400000128938911,-9.99999740584248,9.816466439648494,-1.1733340226136602,5.1028034419314,-0.507454299054672,-11.984119544499864,7.963634639429426,1.1120623638821825,3.1432684216144575,1.0862060247426386,-6.015788806539313,6.753847788956007,14.967315614310992,11.125009046054304,19.29411858429451,19.816463845490972
cool_nights,40724,Piranshahr,-10.163984127996308,-14.92431999284922,-28.88671535296988,-18.72273122497357,-22.526784688310304,-3.104567547085957,-29.625009814253037,-9.411764543064518,-61.24999412937246,-6.073527689982472,-44.66771698962138,3.5373304929223592,200,19.422217141224348,20.21324527118852,55.17646643938999,48.20504748254374,34,400,-10.07979060708745,5.190042800120661,-7.272731655104563,-23.571395287761785,-3.1093750261453774,-15.064052073698209,5.45941062631574,-12.999980657023137,-29.99999395290502,-9.41176735294245,-29.150152650365076,12.657981796677905,-28.500003693639197,-61.249994103634144,-3.0735308797505088,-19.070362043277626,12.126234711383669,-19.132761737107298,-49.1303405137178,3.5373306329189402,-14.08610057666687,10.085151161659033,-14.468469143011049,-36.931241187671056,7.19117316693501,-4.984261466610759,5.050032781058034,-4.533933104835455,-15.918224949138937,4.022036355496152,20.46202026161641,20.588226599962567,58.17646322388364,52.667671146636735
cool_nights,40726,Mahabad,-3.2085971003071005,-6.509461525960939,-15.962323489719342,-12.753726389412243,-8.14814789481884,4.37499968581822,-15.80207618865491,4.686369299082235,-32.59259186792893,3.116659331167813,-28.60696329607484,6.260598683916674,200,12.523147580637058,20.488445487737145,35.70925119909674,34.867561979991514,34,400,-3.296092289575088,2.3579349427529177,-3.1818181818182225,-8.148148204594518,2.881867416179645,-6.729926776365919,6.145397641955921,-7.000000575003253,-15.7750000075881,6.666665232974144,-16.532007906328964,8.254800770494647,-15.999996997564953,-32.91666557602569,3.0769157326350896,-13.235915616753875,7.965486562200657,-12.7447579280033,-30.17605167411057,6.260598683916672,-9.802081129963044,6.980673743803863,-9.473692080547224,-23.285061719365302,4.122950445748761,-3.433834486790831,5.920890382463753,-3.579964982309477,-12.439685937819023,8.21211941031734,11.030015620774163,22.441665240562244,35.99358130866078,36.436650358027244
cool_nights,40727,Saqez,-11.838436017018864,-11.881838871903089,-16.647537320354086,-4.809101303335226,-19.411763244249947,-7.200000217550318,-14.54544458812315,-8.998215402586252,-25.92592597153657,2.2222207151339526,-18.10572184028807,20.79653688510176,200,12.211763026699629,5.547229185536898,28.148146686670525,38.90225872538983,34,400,-11.796655261170397,3.069002379808782,-11.999999361429529,-19.41176372182105,-7.2000001733629,-11.904841272332996,1.4007951207391305,-11.999998078485024,-14.545453813396602,-9.162499561230213,-16.570211004264905,7.579884433280215,-16.436780895109777,-25.931625676141547,2.2222205703070994,-4.773555743094513,9.328641360202061,-5.952376706626307,-17.3862350983587,20.91711216142129,-4.6653697319319125,7.77242503130271,-5.403731048002885,-14.98857517081651,15.568180851755477,-0.10818601116259982,2.9784981372282933,-0.23010752646874,-4.8014192164140415,7.192490021030052,12.21176354845815,5.382954252166389,28.153846246448644,38.30334725977999
cool_nights,40728,Takab,-7.037629577510906,-7.049714532914603,-13.059307970222203,-6.021678392711299,-10.499996410024616,-1.4937505079437292,-10.773808150437082,-2.7215905120629293,-25.263071300119687,10.99999229123056,-19.46666516123809,17.028125482931653,200,9.006245902080888,8.052217638374152,36.263063591350246,36.49479064416974,34,400,-7.022199416942874,2.919501436946946,-7.692307527229316,-10.499982998189557,-1.5000007490068965,-6.911901847461586,2.2290588304006853,-7.3076678605883245,-10.773810568332093,-2.4999997609728832,-13.413814588473496,8.034139565893028,-14.000000177776212,-25.263157383139255,2.5000023049369355,-6.3916151715306215,7.843341166547805,-6.75322471594834,-19.47221191326404,11.365432544053705,-6.50191274101191,7.288345711603889,-6.980586109165071,-17.589268994987602,10.025007596135675,0.11029756948128906,2.8805554987505357,0.7058846822580906,-5.902760086266302,4.584658883720394,8.999982249182661,8.27381080735921,27.76315968807619,30.837644457317744
cool_nights,40729,Zanjan,-11.440927458679704,-13.258112505230145,-16.428872690429657,-4.987945231749952,-19.999989987622072,-4.999999876502797,-20.718128057803227,-6.998913913450612,-29.6428566607694,-2.5000002210938126,-18.403271259508955,9.426467376916952,200,14.999990111119274,13.719214144352616,27.142856439675587,27.82973863642591,34,400,-11.582301820807693,4.5670650116868705,-11.249999921875464,-19.999989987622072,-4.988630523582835,-13.573679948339791,3.779695421951541,-13.57142285655923,-20.877812840254887,-7.000001077128935,-17.12838847754911,7.0147344606914634,-18.119658508754632,-33.80952247645726,-5.479166748263892,-5.546086656741417,7.07884109113591,-4.9642850702386685,-21.116890058123143,6.99999629017833,-3.554708529209318,5.497448903760118,-3.118064839940817,-15.313688976639265,6.573465056886295,-1.9913781275320992,3.7596709699271473,-2.2727320519305705,-8.92596350149596,5.455083076768182,15.011359464039238,13.877811763125951,28.330355728193368,28.116886348301474
cool_nights,40730,Khorramdareh,-10.913547262463618,-11.987891963135466,-16.530613617410875,-5.617066354947253,-23.34615382896536,-7.333333174439174,-19.99999947520161,-4.992642201934888,-38.5659713736099,-3.9714008610761375,-27.144790390953247,11.028569689850404,200,16.012820654526188,15.00735727326672,34.594570512533764,38.17336008080365,34,400,-10.927833516198273,4.021148780884103,-9.166667305868712,-23.641607660372443,-6.666667048239646,-12.216349283421113,4.233602177968027,-12.142856445052825,-21.442857479068227,-4.705885312159185,-16.87595676065143,9.0167990320386,-15.555555684765064,-40.799999502655965,-4.0000007556643595,-5.948123244453156,8.453971136955921,-5.464157073927496,-26.277036961648538,10.40735930682638,-4.659607477230317,6.51387650223654,-3.1918977979206646,-23.07787495692125,5.24166516053572,-1.2885157672228404,4.353424747378013,-2.064392033672994,-9.534198561120261,9.306286664218641,16.974940612132798,16.73697216690904,36.799998746991605,36.68439626847492
cool_nights,40731,Qazvin,-8.734078604933867,-8.999701635597626,-11.293288295550408,-2.559209690616543,-18.888889705452407,0.7142808399195533,-17.619046560276267,-4.162490436328112,-28.00161256655731,6.923068357390977,-20.552975377274677,19.04993199170585,200,19.60317054537196,13.456556123948154,34.92468092394829,39.602907368980524,34,400,-8.707880632331133,4.589695607196827,-7.333332869269329,-18.888891922317978,-3.333333441718935,-8.896816115091582,3.514411261410019,-8.399999365233858,-17.619046560276267,-4.166682797016315,-11.28020365886587,8.822213736840474,-10.434780398708046,-29.99999264540762,1.5178676220956953,-2.5723230265347405,9.365572504865534,-2.275586549466674,-20.510647207831155,18.944386301233745,-2.3833875437742913,6.953103256939042,-1.4673919875818,-17.96670225672783,10.352240532598364,-0.18893548276044947,4.800463205951781,-0.476194889049645,-9.93892248599055,10.838150959409147,15.555558480599043,13.452363763259953,31.517860267503316,39.455033509064904
cool_nights,40732,Ramsar,-11.150282782011018,-11.87363349890615,-20.936120537292947,-9.785837755281928,-17.512500330490987,-6.153846296762027,-18.99999912570369,-6.862216367837816,-50.446246709885706,-6.66666542052445,-37.57554193094225,9.333322751847424,200,11.35865403372896,12.137782757865875,43.77958128936125,46.90886468278968,34,400,-10.868566194737069,4.0437947367132425,-9.666664720729237,-17.999997549179202,-6.153846194375992,-11.746000659887445,3.663170298567811,-11.176458537957048,-18.675004058838297,-5.000006095344887,-20.40752823247811,9.466677247419685,-19.629629332484527,-50.416611454688386,-6.666670677102306,-9.538962037741046,9.910012953077972,-9.171287116318602,-37.23883729875573,6.813722719729405,-8.661527572590666,7.84717700164865,-7.981481936572404,-31.752220627194188,3.958335475650273,-0.877434465150377,4.724086376151458,-1.375007885862746,-10.150860438540656,8.33750244058816,11.84615135480321,13.67499796349341,43.74994077758608,44.05256001848514
cool_nights,40734,Nowshahr,-10.839263660755629,-13.27820613284739,-22.134248870551545,-11.294985209795916,-19.999995432277736,-7.350877836319329,-20.00000042442933,-9.990739870490687,-33.75694122412252,-6.6666808768306245,-21.816785494657672,1.4461759590930214,200,12.649117595958407,10.009260553938644,27.090260347291895,23.262961453750695,34,400,-10.912869138057374,3.6177752175855096,-9.99999649946375,-19.99999783556651,-6.00000133055395,-13.442017149144652,2.6077596808383072,-12.777777682612214,-19.99999915292618,-9.990739870490696,-23.18950341326091,6.294950377477705,-24.61538513364828,-35.83333301023916,-6.6666808768306245,-12.276634275203532,6.21759394255668,-13.549371320770124,-22.877984786142083,1.4345092091356089,-9.747486264116256,5.531874161193571,-11.027244934535002,-20.331083531895526,3.9329204644959606,-2.529148011087278,3.924032851300276,-3.1052611448102985,-9.197109617589923,7.333329278391911,13.999996505012561,10.009259282435483,29.166652133408533,24.31249399527769
cool_nights,40736,Babolsar,-9.530366450646364,-9.559421287170778,-18.15580206834211,-8.625435617695741,-18.374998117038366,-0.8327921577809394,-21.24999861661294,-4.975001825619063,-34.58327821549613,-5.71428883887853,-23.765221920097986,5.793846661544763,200,17.542205959257426,16.274996790993878,28.8689893766176,29.559068581642748,34,400,-9.648690556804144,3.6698958750280357,-9.130435149355725,-18.3333315580109,-0.9090923270022285,-9.60146693698374,3.467325925930986,-8.999999865477484,-19.54617032292373,-4.992648628591418,-17.92187263837222,7.533325215358025,-19.999995354160944,-34.583305635283374,-5.714290229373068,-8.273182081568073,7.612608127086644,-9.392782510461357,-22.773306864258306,5.3414263845050165,-8.320405701388477,6.053862200108214,-8.750007265836915,-20.538124187420465,2.5720837682382047,0.047223619820404045,3.785837764720212,0.4848556061595053,-9.460415917874137,7.5178545844981555,17.424239231008674,14.55352169433231,28.869015405910304,28.114733248763322
cool_nights,40737,Gharakhil,-5.517813028782076,-0.9449715688346784,-8.532546459192439,-3.014733430410361,-13.076923921920022,4.285713760208936,-8.75743956144932,3.503407041885929,-20.65104607641084,0.9585743519187684,-14.809556379559762,10.579163493086536,200,17.36263768212896,12.26084660333525,21.609620428329606,25.3887198726463,34,400,-5.582130017208906,4.902248684172799,-6.499999904491066,-13.571355814863503,5.717259767294635,-0.9097595634593284,3.1164243665052904,-0.5882368543826932,-8.846150909595385,3.499996914954653,-8.664192140162566,5.807811264307339,-8.846153791776253,-21.666665408603663,1.199999801198553,-3.0820621229536598,6.524635997990347,-2.5925930847542435,-15.338999043881813,10.014422926400036,-7.754432576703237,4.625368286769892,-8.275862840677545,-17.232145080706093,1.4523807953795813,4.672370453749577,4.336577711349895,5.071429070551698,-3.776594555815363,12.612105549320408,19.288615582158137,12.346147824550037,22.866665209802218,25.35342197028185
cool_nights,40738,Gorgan,7.482295888956538,7.488104420500917,6.575147572737019,-0.9071483162195192,-11.250001228762804,19.23076836349007,-2.7777577580682733,17.697368600296763,-6.956520891733604,19.13043356615904,-14.447898096168428,16.67373654387159,200,30.480769592252877,20.475126358365035,26.086954457892645,31.12163464004002,34,400,6.842212277840465,7.618274676319566,7.777776572856359,-11.24999979708517,19.230761676394387,7.3566838783428965,4.906748356654723,8.125006377665287,-2.777775460326598,17.499997934750336,5.87432627760016,7.389459086973278,5.0793260302523535,-7.502495535631858,19.15217394281787,-0.9678860002403059,9.099286652479638,-1.3636489164135916,-19.41842277609372,18.146430144836696,-1.4823576007427368,6.21363757998143,-1.3961095102097703,-12.838888278947097,11.093099928493476,0.5144716005024312,7.812767414182931,0.20310394237392893,-14.12930018146617,21.299523252210914,30.480761473479557,20.277773395076935,26.65466947844973,37.56485292093042
cool_nights,40739,Shahrud,-2.777184437933762,-3.685410766397928,-6.57262099908457,-3.7954365611508094,-11.701923031235903,1.6666667065758505,-8.6487145733286,2.4999994855180026,-23.487072095083157,4.285697845277689,-21.917622178445235,7.529175058840013,200,13.368589737811753,11.148714058846604,27.772769940360845,29.44679723728525,34,400,-2.668093492195212,3.91475465282711,-1.5789468429908533,-11.666662216638393,1.9999999785802507,-3.6983801975444752,3.3549261742005574,-3.8461521312207836,-9.23809578220501,3.7499994147558304,-6.435777255341917,7.702216728347357,-6.273146575536466,-24.999994592571415,4.285711042311262,-3.7676837631467053,7.304352092727202,-2.885740320077142,-22.25287250896861,6.91964382437436,-2.737397057797442,6.2684036896015405,-1.714912733214676,-18.452897914817665,5.716637107726908,-1.0302867053492633,4.052147636601019,-1.523810667431563,-7.434363954681617,8.351192211910368,13.666662195218644,12.98809519696084,29.285705634882678,29.17251633334297
cool_nights,40740,Quchan,13.365157184454938,13.866192118362363,14.375883421266169,1.0107262368112309,-2.238096054986211,22.012500032079732,-6.363636116943457,31.64363975154174,-3.333338507950549,38.65714351333816,-21.25714897600991,25.5528266535608,200,24.250596087065944,38.007275868485195,41.99048202128871,46.80997562957071,34,400,12.988366413612338,5.589565065215645,12.499999287068558,-2.2222179786668677,21.81818175659,13.798651961589972,7.287149630263624,13.333334132239568,-4.059092042118195,29.044230316844352,13.448188463599227,9.885690152735291,11.999999240409936,-3.400079308636063,34.1778847698957,0.4598220499868906,11.517789275016034,-0.08235182976890787,-21.257152187840852,24.18474630281884,-0.350463497990744,9.98718735531304,0.7443261628807747,-23.756685733562446,19.642742447350553,0.8102855479776346,7.306955645173043,-2.7466404723952564e-06,-12.938491271769319,18.812186779354327,24.04039973525687,33.103322358962544,37.577964078531764,45.441898490659696
cool_nights,40741,Sarakhs,-7.901704742287629,-6.816056034681516,-7.204235714711377,0.6974690275762525,-12.999998676279352,-2.500000556513173,-11.006248403137231,-1.664472056685177,-16.00476187194256,0.7692308855146949,-8.358764604652745,7.728144506565195,200,10.499998119766179,9.341776346452054,16.773992757457254,16.08690911121794,34,400,-7.691310692630368,3.426287934265304,-7.647059053379543,-12.734074493763544,-2.500000556513173,-6.79432802660807,2.4462825830272164,-7.000003455062837,-11.249999283202618,-1.578948843257532,-7.416122881072575,4.030244691337508,-7.003198119083098,-16.004762492603422,0.7692311685500497,0.2751878115577931,4.776134584158963,0.8332984641575223,-9.641127337216128,7.649050118279199,-0.6217948544645046,4.012592533541274,-1.4042561096161421e-06,-9.171866476251731,6.454517258916048,0.8969826660222975,3.048698202654973,0.9999993240906546,-4.722332464800164,6.134570654279633,10.23407393725037,9.671050439945086,16.773993661153472,17.290177455495325
cool_nights,40742,Biyarjomand,-6.736794716623063,-7.468195845819557,-11.153530178084331,-4.416735461461271,-14.090902797378808,-1.7647276102567062,-15.384604618608272,2.9411713887475988,-22.51642981781774,-6.611616779969273e-07,-16.682879912048712,5.738967984282737,200,12.326175187122102,18.32577600735587,22.516429156656063,22.42184789633145,33,400,-6.456168694837926,2.6179070762189256,-7.277777325300221,-12.85714301011012,-1.3928578096424176,-7.579156024662543,4.881339209309776,-8.540611678413793,-16.24999953749944,2.941174335281441,-11.053214391532483,6.4170905162885585,-9.285714903876956,-22.499999655814406,-1.720581352048535,-4.597045696694557,6.1936515016035125,-3.323076827135935,-16.68293787987003,5.735287351737159,-3.47405836686994,4.867935441429682,-3.0000004287368833,-13.551335150751406,4.336912783978266,-1.1229873298246165,4.462450944474444,-1.9722173251012687,-8.610693281447041,8.219958355004906,11.464285200467701,19.191173872780883,20.779418303765873,22.418225231607188
cool_nights,40743,Sabzevar,-0.8553110451512105,-4.4588778451335465,-13.77096424214244,-12.91565319699123,-5.562500322287791,4.009375293207227,-28.74411719600141,1.29227996605712,-61.25445113843959,37.6874995715811,-59.3283103939027,37.10078886222618,200,9.571875615495017,30.03639716205853,98.94195071002069,96.42909925612888,34,400,-0.7771249119050171,3.0989294217396517,-0.9523753317087176,-5.837499887918194,4.675000829117888,-4.73716402507767,9.029479916121941,-3.5714416304258734,-28.96078282386625,2.7326200070326796,-14.371293771162787,25.73353251825982,-14.9999990690116,-61.249997566583176,44.999978038772085,-13.59416885925777,25.33013389041625,-14.75297597120764,-59.05267613761108,42.09068856960396,-9.634129746085115,23.692759684179105,-10.249039727211363,-48.04305582940422,37.022368018943155,-3.960039113172653,8.619258797132828,-3.510738647884743,-24.742291824049385,3.846725814646426,10.512500717036083,31.69340283089893,106.24997560535526,101.14336470721504
cool_nights,40744,Golmakan,-5.303955160543534,-5.367465596620177,-9.335398970555584,-4.031443810012051,-9.09090869701734,1.0685417951985135e-06,-11.666665705141597,-0.7142850156739468,-16.86605333352578,3.333332763092734,-13.81845404613514,8.4803596830273,200,9.090909765559136,10.95238068946765,20.199386096618515,22.29881372916244,32,400,-5.27041040998859,2.77684014677903,-6.250009904279681,-9.090909443720298,0.014707042725575003,-5.516931782729156,3.081443289504687,-5.000000210498081,-11.874996915946985,-0.6250009464724698,-9.023850174523751,5.711875324046612,-8.888908939399723,-16.669666909042338,3.337500040899201,-3.7534397645351603,5.54032639004694,-3.5256415381252135,-13.80951981084158,9.214260443907149,-3.5069183917945947,5.42767277200715,-3.497475492939296,-14.165984320530077,7.269853100541364,-0.24652137274056568,3.0470710992252523,-0.3747221868886954,-5.859124751035607,5.463903600817093,9.105616486445873,11.249995969474515,20.00716694994154,23.02378025474873
cool_nights,40745,Mashhad,-8.40726062378499,-9.53749575135919,-13.5200344700649,-5.112773846279908,-15.23806791293964,-3.624401661538502,-13.926329969147892,-4.615385007340576,-20.025010592954587,-5.307143199463704,-13.015906819086744,3.174120041226129,200,11.613666251401138,9.310944961807316,14.717867393490883,16.190026860312873,34,400,-8.31224489770653,3.030121227463921,-7.142857174035399,-15.238059040324469,-3.3289458587235394,-9.341287998475964,2.437788675457827,-9.19999986996864,-13.913045488281144,-4.285719745233502,-13.223781662466964,3.8179783382522907,-14.28571310204419,-20.000000007236313,-4.28571546262382,-4.911536764760436,4.085326078411464,-4.76190698534485,-13.015906819086744,4.399984975777019,-3.8824936639910006,3.409738008035549,-3.8690455230949006,-10.795567043522645,3.2148750991762536,-1.0290431007694358,2.938787844068794,-1.3333372065943587,-6.7241212911413655,5.384581686119129,11.90911318160093,9.627325743047642,15.714284544612493,17.415891794863764
cool_nights,40746,Neyshabur,-2.382067526345092,-3.104886554403354,-1.2816568262144028,1.1004107001306889,-6.363628502763999,7.290907647258345,-8.461538398657503,5.714274506163948,-14.446967431631537,9.235297922311233,-14.742565250289324,11.925584089821724,200,13.654536150022345,14.17581290482145,23.682265353942768,26.66814934011105,34,400,-2.432922618088073,3.1951431724749235,-2.22222407610308,-7.216428463811733,2.999996074221728,-3.0542704093553095,4.041159616091044,-4.347826568194069,-8.461538165774748,5.7142735019870985,-0.9611975892950219,6.335717254020158,-0.588235143266199,-11.774788502181892,9.230769837908984,1.4717250287930517,6.504810881133076,2.714285318007154,-11.973753876219629,11.905742812603561,2.093072820060288,5.474777864667511,2.9464273380920765,-9.129735400185139,10.469230166316553,-0.6213477912672365,3.9369421599511236,-0.8562548849881172,-7.003555393584401,7.215727016450149,10.216424538033461,14.175811667761845,21.005558340090875,23.87949668882319
cool_nights,40747,Sanandaj,-7.530430536743123,-9.859352144157434,-14.09368004616923,-6.563249509426107,-12.50000001777668,4.716266978294709e-06,-16.785712711814483,-2.1445837870234903,-35.19999824086263,-1.1111087440668304,-28.69701787329242,10.138884298158716,200,12.500004734043658,14.641128924790992,34.088889496795794,38.83590217145114,34,400,-7.57861134914979,5.132739506596231,-11.24999821179075,-12.515642136350797,2.044473304812268e-05,-9.666316129321183,4.0506383158139325,-9.999996727324394,-16.785712694016006,-2.1536564521432235,-14.732511552257936,10.211747336433515,-13.870969139982744,-35.199999567643125,-1.1111099222192173,-7.153900203108146,10.426959460947359,-4.380951990237366,-28.59852995859433,10.138884298158715,-5.066195422936752,8.93686643822389,-3.7126049086905124,-24.486942836914594,11.03173946089395,-2.0877047801713937,5.655241159572,-2.2213347082242683,-13.548360473149872,8.592020595780722,12.515662581083845,14.632056241872782,34.088889645423905,38.73741425675304
cool_nights,40748,Bijar,-7.821608956653996,-8.1114212070565,-11.52638434724631,-3.704775390592313,-14.615383970271436,-2.500000294458925,-13.575891930582454,-3.500037467490046,-33.103447707055764,-0.6666672523194334,-24.86815237185472,6.624213483990219,200,12.115383675812511,10.075854463092409,32.43678045473633,31.492365855844938,34,400,-7.838822688806365,3.839674100102714,-7.60000044365372,-14.615384990086541,-1.8750000049372193,-8.099717036774653,3.179398843268535,-7.272739078691086,-13.82291603292385,-3.3333433335879836,-11.46694564665053,7.714815808599619,-10.000000663967256,-33.730675688013775,-0.6666667114876613,-3.628122957844164,7.7876840400777185,-2.3999997827667694,-24.868152270429214,8.686768916717371,-3.367228609875876,6.530478697108624,-2.4107023057136883,-21.304764589283373,5.857980860556703,-0.26089434796828775,3.9206393339422405,-0.39999713562117956,-7.830686332024497,8.901097868034013,12.740384985149323,10.489572699335866,33.06400897652611,33.55492118714658
cool_nights,40749,Zarrineh,-5.613105331887109,-4.501346153419327,-8.592269520061777,-2.97916418817467,-10.83749910971217,0.5263108871084643,-10.384597187797992,3.9999997649998495,-22.655789299890145,4.328571858366148,-16.076351017243244,10.655860350617743,200,11.363809996820633,14.38459695279784,26.98436115825629,26.732211367860987,34,400,-5.813723329674741,2.6402148424800242,-6.277058215313365,-10.83749910971217,0.5263130348660049,-4.46790326586395,3.6934720181257457,-4.444444799695592,-10.009618304978156,3.333335192065089,-8.289595449299934,6.678624628816685,-7.894738129774995,-22.17391176315467,4.328573183735111,-2.4758721196251936,6.823750863287798,-2.2318957100401664,-15.303669706860907,10.911361591511579,-3.8216921834359847,6.678660629825385,-3.5381618389899163,-16.859050089477,7.433333162433851,1.3458200638107911,3.5037034457615945,1.0980783508545529,-3.900058585687485,8.379546375407134,11.363812144578175,13.342953497043245,26.50248494688978,26.215031298372487
cool_nights,40751,Tehran (Shemiran),-9.07188150353192,-10.294440525794055,-11.205355010166835,-2.133473506634913,-18.33332605819125,-2.50000197232773,-13.141702018036767,-7.489583269526758,-28.42105164974269,1.670451760474338,-20.2535998100702,12.671384759373248,200,15.83332408586352,5.652118748510009,30.09150341021703,32.924984569443446,34,400,-8.88973701246699,3.3117393524901986,-8.23529543427438,-18.333326058191254,-3.312500468049774,-10.181049085110843,1.6047811197790725,-10.526327603558482,-12.941176061960187,-7.057373627526422,-10.622821711561466,7.975447294474405,-9.285713897297239,-28.421053936790358,1.6666575261815435,-1.733084699094477,8.126762142205457,-0.3588741546744618,-20.253599726938987,11.428864184904777,-0.4417726264506232,7.340587925329629,0.8730153674907548,-17.520801535163745,9.872805155520581,-1.291312072643854,3.4026070422009425,-1.7647073852518522,-8.091666205463234,7.777767678924663,15.02082559014148,5.883802434433765,30.087711462971903,31.68246391184376
cool_nights,40752,Karaj,-7.055764295110626,-7.803054547108275,-12.241558395517648,-5.185794100407022,-14.999995022878764,-1.4965913426207835,-14.44444323616538,-1.0833368388694358,-25.4545198763012,-3.333333674897144,-17.627041288934493,6.333394330126906,200,13.50340368025798,13.361106397295945,22.121186201404058,23.9604356190614,34,400,-7.085307402410209,3.987092758249182,-6.956521341702562,-15.185183374229101,0.03571388873096934,-7.78504830090783,3.7380369843776267,-7.075765050667534,-14.44444322725014,-1.1111160602932268,-12.750298319462194,6.940333979788729,-10.500001125623978,-25.454519811578084,-1.3333355215454095,-5.664990917051984,7.074366369691364,-4.959240112907346,-18.984961508065993,6.696663322451974,-4.965250018554364,5.595456244227427,-4.543563573399759,-17.502313901754782,5.433379720282735,-0.6997408984976216,4.320827612077943,-0.7562996932334922,-9.83749808022505,8.206433241249742,15.22089726296007,13.333327166956913,24.121184290032673,25.68162483051797
cool_nights,40754,Tehran (Mehrabad Airport),-6.212252115196297,-7.881991646402882,-10.357475155303264,-4.145223040106966,-15.416666144197444,1.2572111229991414,-15.333332136772665,0.7321496524145793,-23.33327782304035,1.4153861075072551,-20.192446070394904,12.564568585630637,200,16.673877267196588,16.065481789187245,24.748663930547607,32.75701465602554,34,400,-6.35465469456748,4.480142250070906,-5.7894736903664885,-15.384615029715723,1.2499991962324106,-7.792435287596281,3.998142422825482,-7.801939759272608,-15.238095125959678,0.7142863860145633,-9.88851975945301,7.937604792040869,-11.53846404977508,-23.333318769594797,1.4153858204685226,-3.5338650648855277,8.096977401320045,-4.672040638774689,-18.934210469755758,13.783322110074876,-2.0960844718567273,6.466873248686538,-1.8080273262091522,-14.925067090098018,8.1249951992258,-1.4377805930288003,5.1330287845853455,-2.210523823424665,-9.54385854379625,10.591106694690119,16.634614225948134,15.952381511974242,24.74870459006332,32.71753257983063
cool_nights,40755,Abali,-4.549791373691472,-3.654625852417673,-5.223633836611993,-0.6738424629205206,-9.374861314715934,0.6249996822551157,-7.272721637193313,3.7514889779127145,-30.69166608604502,5.555554721956097,-27.005531611656178,11.228327471131294,200,9.99986099697105,11.024210615106028,36.24722080800112,38.233859082787475,34,400,-4.675241458137899,1.870721799512365,-4.444444436950671,-9.390625719051055,-2.047986809140748e-05,-3.606337042487757,2.605011471525864,-3.8461606660583625,-7.779758959191922,2.5208311674669717,-5.197292429492674,9.442773323634448,-2.7777778399508444,-31.66666351022335,4.999999811278291,-0.5220509713547743,9.536674055052154,1.8308854788667575,-27.222221633113932,10.57166636979899,-1.590955387004917,8.946413803271456,0.793650453711634,-26.677380179147523,8.769059286141552,1.0689044156501424,3.3683694766784846,0.4444426791716405,-4.031246787831394,10.710249723606978,9.390605239182964,10.300590126658893,36.666663321501645,37.79388800291292
cool_nights,40757,Semnan,-3.368574417031847,-4.654875980947405,-11.919118710734462,-8.550544293702616,-7.499998830913479,-1.1764727320026085,-14.121849313807967,4.285714449392398,-20.833302751180103,13.107143991705565,-17.951281706652683,15.008334149023858,200,6.323526098910871,18.407563763200365,33.94044674288567,32.95961585567654,34,400,-3.2765048367997793,2.7144056893373496,-2.8571426532346784,-7.531248933918518,1.1333406008971585,-4.595051117103522,4.80596707872903,-3.9999999040006697,-14.121849313807967,4.285714414541784,-11.789830567587696,8.123143662270557,-12.941189435743421,-21.114582322598185,6.718744293052611,-8.513325730787916,8.529593713474242,-10.294022637277497,-19.229998707088736,13.158034569296715,-7.194779450484173,7.464953644002189,-8.589740421603892,-20.0602090065723,10.566670608283362,-1.3185462803037435,4.5909546394313825,-1.0162654052486007,-9.28694821879774,9.170836731235445,8.664589534815677,18.40756372834975,27.833326615650797,32.38803327638545
cool_nights,40758,Garmsar,-21.108835467746395,-21.831823471728967,-26.574129695891653,-5.465294228145261,-35.83333334116134,-5.165432460847543e-07,-36.66666495032145,-14.994999859987251,-45.464285357591066,-16.81773083814101,-21.666649812158525,11.512789025612191,200,35.8333328246181,21.671665090334194,28.646554519450056,33.17943883777072,34,400,-20.789693828840555,10.09836553717348,-18.82353209527742,-35.83333298022726,-2.9250003574312435,-21.425809263348675,4.28862787422549,-20.909090740944976,-31.83522587465649,-14.994999601842343,-26.49869828300386,6.75216092812541,-24.99999837208736,-45.38461165183851,-18.328124780437182,-5.709004454163307,9.661645544259954,-5.882351432337201,-21.670451372558837,10.808710879304687,-5.072889019655191,4.63516522615632,-4.406208437430186,-17.571969315832565,1.8836613871389187,-0.6361154345081164,8.837535579935848,-1.1764725231588375,-15.021472882306774,13.763886812276722,32.90833262279602,16.84022627281415,27.05648687140133,32.47916225186353
cool_nights,40762,Torbat-E Heydariyeh,-7.148563576808421,-7.876915843815742,-10.03710272745042,-2.8885391506419995,-11.622579584072218,-3.3214286962754014,-14.01111257815976,-2.353873496647909e-05,-17.006820442150865,0.0227274584169303,-10.458334778209684,6.666653781856175,200,8.301150887796817,14.011089039424794,17.029547900567795,17.12498856006586,34,400,-7.13052372903636,1.805973185447716,-6.666667869156948,-11.080357172317854,-2.3529421223371685,-7.816774986499811,3.979205757614606,-9.16666491041091,-14.458333181376501,-2.9985010856350623e-06,-9.837338874596774,4.158512326425404,-10.000001867147244,-16.999991694579805,0.9090912283075694,-2.706815145560412,4.199798310246607,-3.181822198437377,-10.606933405207576,6.761866377725006,-2.0205638880969627,3.8175264143685745,-1.464463942369509,-9.680002534950447,4.039506502439384,-0.6862512574634487,3.738652756971645,-1.3103496889906103,-7.636990267037419,6.667116668194056,8.727415049980685,14.458330182875416,17.909082922887375,17.368799782932584
cool_nights,40763,Kashmar,-6.292958450131701,-6.203328799923244,-10.929948773029592,-4.63699032289789,-13.641609377738044,2.142848521812194,-11.818181282744732,-2.126784133945498,-27.319446919868817,-2.721590523688536,-19.581270793583077,8.732197317189387,200,15.784457899550238,9.691397148799233,24.59785639618028,28.31346811077246,34,400,-6.3681810898329205,3.8770757607707993,-5.714286173913235,-13.846151647294295,1.2544640757664247,-6.141337844577853,3.0045983351520866,-5.555556091405526,-12.222221007150118,-1.111113083200514,-10.841362162296193,6.968721593275636,-11.42856070216311,-27.783333155661047,-0.583333700838864,-4.473181072463272,7.522144581890065,-3.802269542617789,-19.503897104123418,12.95881468780172,-4.70002431771834,6.526386813358616,-3.9924375669697354,-17.25952894609097,8.49494784677144,0.22684324525506763,3.063077254787421,0.3282845137485424,-5.7509533796330725,5.642015730395249,15.10061572306072,11.111107923949604,27.199999454822184,32.46271179192514
cool_nights,40764,Ravansar,-7.788260644813968,-14.41683770298061,-18.010008072275795,-10.221747427461828,-12.3655498406267,-3.600004646751196,-19.41330129086877,-8.177272571199127,-29.99999926194264,-10.71429288969885,-22.23626407923575,-1.447369061522752,200,8.765545193875504,11.236028719669642,19.28570637224379,20.788895017712996,34,400,-7.9187014055155664,2.8675391552541107,-8.125014695729424,-14.545452514115347,-3.600006992352354,-14.382420237027896,3.0434780048665098,-14.615382258350937,-19.999972858754713,-8.000005246189165,-18.05864056405599,4.7973728864375484,-17.913003712143286,-29.99999974990664,-10.71429281294741,-10.139939158540425,5.2905150962337535,-9.739116812346156,-22.617039211129978,-1.4468990548615168,-3.6762203270280964,5.023111817625668,-3.3307629651173034,-13.999997409972098,4.5498523262576835,-6.463718831512329,3.5221356442542042,-6.842106401765858,-11.97747025063232,0.01704360566022893,10.945445521762993,11.999967612565548,19.28570693695923,21.17014015626846
cool_nights,40765,Sarpol-E-Zahab,-11.112771040089733,-16.250484707868768,-24.296846390561903,-13.184075350472172,-21.12499968849442,-2.6086967390897478,-27.281384116692383,-9.56310165026393,-32.17391346207285,-9.74999704228611,-26.35953866191423,8.800483362934319,200,18.516302949404672,17.718282466428455,22.423916419786742,35.160022024848544,34,400,-11.21352831829687,5.554143418690232,-13.124990108537304,-20.840277853180016,-2.6086967537181254,-16.685361361977186,4.608545696146359,-15.454547055793896,-27.67857171336045,-9.333337359473905,-25.136003403623057,5.736648652380583,-26.206896551656506,-32.38094973459556,-12.499999872740515,-13.922475085326191,7.627497417307451,-14.16666613641769,-26.014297361203635,4.681942392321497,-8.450642041645875,5.475831774028233,-9.791667602476442,-16.266233749738074,3.758337713770647,-5.471833043680317,5.417797101763766,-4.861614680648029,-18.14007112778819,3.5735191706940284,18.23158109946189,18.345234353886546,19.880949861855044,30.696239753525134
cool_nights,40766,Kermanshah,-11.54734713609159,-13.539299669114962,-19.013320158370835,-7.465973022279247,-17.272727434643695,-2.222223550447686,-17.857144264249,-6.000000708689126,-24.230768150672716,-3.3333392175383803,-15.693158076860836,6.305058999019988,200,15.050503884196008,11.857143555559876,20.897428933134336,21.998217075880824,34,400,-11.40893442799706,3.691836771066149,-12.307689740418354,-17.272727434643695,-2.2222227647928783,-13.613005869163652,3.225910991811591,-13.00000015000029,-18.48807108016071,-6.000000658045191,-18.878477654710295,4.656130357853385,-19.999995587275812,-24.230768487506282,-3.000058344855844,-7.469543226713236,5.580399096935044,-8.40908839391458,-16.358784465941312,8.575891352727435,-5.265471785546641,5.2859631314221005,-5.798329024181669,-14.662612489412131,9.686168617071703,-2.2040714411665934,4.875000437601821,-2.321981065905506,-11.787880480495769,7.1291663995868735,15.050504669850817,12.48807042211552,21.230710142650437,24.934675818668747
cool_nights,40768,Hamedan (Airport),-3.808914553978558,-5.598898901874801,-11.302376577289914,-7.493462023311358,-12.502315797387398,4.000000903208673,-16.709999607749026,3.5294100244296365,-30.03000033025547,3.8229153094418464,-26.753245045185047,5.3601666521294415,200,16.502316700596072,20.239409632178663,33.852915639697315,32.11341169731449,34,400,-3.5225472002244116,5.2741499069708535,-2.1980669769814947,-15.71428061272952,5.0249998160148746,-5.281296350224237,5.183220713056657,-4.66666803677634,-14.11764458597085,3.5294100244296365,-10.849845684968166,8.633852018215077,-9.999999212436819,-29.999999606767865,6.696436115704276,-7.3272984847437534,7.950485978257331,-6.452525208777475,-27.09423358343014,5.360166652129438,-5.5685493347439285,6.515096841091283,-4.95652247566356,-21.152369752576668,5.565473558222303,-1.7587491499998256,5.396658369203375,-1.6416131683449673,-12.105570872077246,7.286094936401488,20.739280428744394,17.647054610400488,36.69643572247214,32.454400235559575
cool_nights,40769,Arak,-6.551831220961095,-6.691304941222443,-14.329075629722924,-7.777244408761828,-13.71527643440904,3.3333288730536874,-14.549465117290058,0.0374994783132931,-35.01630670066752,-4.000002437008514,-27.42189181195811,5.488954153202604,200,17.048605307462726,14.586964595603352,31.016304263659006,32.91084596516071,34,400,-6.426467499563763,3.942086013924432,-6.818194795514036,-13.34258886212499,3.3333333624987076,-6.632846868909971,3.6182690982164227,-7.27272739392388,-14.01111596463076,1.4999994260955245,-14.605700717299781,9.127872716404616,-12.083333838345236,-34.99999858569517,-4.000002437008514,-8.179233217736016,9.268585729053958,-5.654947572783279,-25.91691177579068,4.114508478068485,-7.972853848389807,7.841239552247787,-5.356910438623467,-24.09911755420426,3.5005727665236432,-0.20637936934620849,4.333169324282984,-0.058820456535030985,-10.704431325918392,8.88987817558505,16.675922224623697,15.511115390726284,30.99999614868665,30.031420253859167
cool_nights,40770,Qom,-8.799413480998947,-11.21541656486028,-15.0470781430621,-6.247664662063153,-24.545454567778823,-3.125000314315203,-17.833333129858012,-2.7272736701636267,-29.999999717302185,-5.882353134391474,-19.268420822851848,5.006309650057237,200,21.420454253463618,15.106059459694386,24.11764658291071,24.274730472909084,34,400,-9.181529526234469,6.2104124014289805,-6.66667218383717,-25.0249997265313,-3.1204042259985756,-11.27250882137228,3.565267255228663,-11.538459626882327,-17.49999565395118,-4.618182249137418,-15.548282324044676,6.321945030233497,-15.384597179244672,-30.026787683039334,-5.882354309582564,-6.366752797810208,6.9058661687705145,-6.49350602341195,-20.84944718668028,6.402954945724785,-4.275773502672397,5.623502357736073,-3.619720207629612,-16.36800817413402,3.8699796102045214,-2.0909792951378106,5.320220332733439,-3.291927282934981,-11.126025906759676,11.553921672775079,21.90459550053272,12.881813404813762,24.14443337345677,27.252402132405066
cool_nights,40771,Kangavar,-12.02945586462531,-11.060230317593373,-15.349556991892143,-3.3201011272668337,-15.33333096109761,-8.421053473070861,-16.00000056105125,-7.368419790187992,-25.555551250568715,-8.750001170207549,-12.530935833560378,2.782461885539938,200,6.912277488026749,8.631580770863259,16.805550080361165,15.313397719100315,34,400,-12.077019965455406,1.929813160118424,-11.818180065813301,-15.333331643065524,-8.421053273753591,-11.013151265565812,2.706062015833244,-10.416674086995275,-16.521730206161486,-7.368419639721022,-15.439990776152058,4.02178674254713,-15.806460445310798,-25.555551250568715,-8.750001994527334,-3.3629708106966505,3.8726611152948087,-3.210344133533245,-11.35391559336644,3.0017156479457014,-4.426839510586247,3.4701197461246434,-4.523796354510442,-11.26530051454607,1.669986669283518,1.063868699889597,2.3871986985228526,1.2950188347017697,-4.04259703727229,4.995417938989953,6.912278369311933,9.153310566440464,16.80554925604138,14.35563124131214
cool_nights,40772,Qorveh,-12.74635551174199,-14.302903213323036,-15.998314787875266,-3.251959276133276,-24.99999909496945,-2.500000935357807,-18.58082519227598,-9.999999944214071,-35.23809311241051,-5.443181595001017,-22.374966279584925,10.091100146383836,200,22.499998159611643,8.58082524806191,29.794911517409492,32.46606642596876,34,400,-13.062849131788346,4.789076453393905,-11.57894726177944,-24.99999909496945,-2.5000027510067193,-14.369869761224235,1.9110321168726747,-14.500001118008807,-18.58082513205869,-9.999999944214073,-15.773167971184446,7.146198257316963,-14.54545412695309,-35.23809317419192,-4.951923088325097,-2.7103188393961015,7.3368279944217685,-2.23811708742055,-22.16587538843783,10.074828896914992,-1.4032982099602103,6.27923520475829,-0.23810533646840693,-18.99852094259181,8.467696135332414,-1.307020629435891,3.92967310481727,-1.992484717148984,-10.66227482852674,7.781249557338518,22.49999634396273,8.580825187844615,30.28617008586682,32.24070428535282
cool_nights,40774,Borujerd,-12.357252366382395,-17.593447040210922,-22.975117777162176,-10.617865410779782,-23.89285012248767,-6.666667025505699,-22.003571775697647,-13.3333350463225,-29.99999998002849,-12.641666700681196,-18.770386997029,0.5312487576870231,200,17.22618309698197,8.670236729375148,17.358333279347296,19.301635754716024,34,400,-11.985292542279844,2.997765489614024,-11.250000363766272,-21.18872493338403,-6.666667665722568,-17.46788165154205,2.434275724089347,-16.923075699292003,-21.999998277153484,-13.739582264074196,-23.025157411621556,5.216808854664721,-23.333333931917046,-31.111111493273686,-11.66668111573276,-11.039864869341713,5.683619340045682,-11.590949553629416,-21.720196464914633,0.4190702148803341,-5.557275760079508,4.663120715718127,-6.338381284983433,-14.368176249789176,3.891652673917925,-5.482589109262205,3.0185170652525364,-5.2592593383765545,-10.570786206592404,1.8024292516714828,14.522057267661463,8.260416013079288,19.444430377540925,22.139266679794968
cool_nights,40778,Gonabad,-2.2428422714168166,-7.494330435432023,-12.3437593273346,-10.100917055917783,-15.999993318914036,0.840275736556388,-15.90196477782671,-0.6212818711727687,-18.636321655850704,-6.250000456252104,-17.350008362471268,2.891910027271297,200,16.840269055470426,15.28068290665394,12.386321199598601,20.241918389742565,34,400,-1.9558583928595548,3.7460284365706396,-1.176471270331883,-11.642857352914836,1.111108115897583,-7.544390822323655,4.033785167200878,-7.777775954383985,-15.882351717062932,-0.47619110166474404,-12.745009007215076,4.2586249534847225,-12.142857126913295,-20.000000562499388,-4.9000004540427895,-10.789150614355522,5.276141333910737,-10.766662063385919,-19.35063226027172,0.9999968424549692,-5.200618184891421,4.512561146395289,-5.396825301642007,-14.11838761579355,4.146225501268271,-5.588532429464101,4.218266271037038,-5.789473215807958,-13.180302202842604,3.677734859280848,12.753965468812419,15.406160615398187,15.100000108456598,20.35062910272669
cool_nights,40779,Eslamabad-E-Gharb,-9.368439919226995,-11.237687198710836,-16.631188270564557,-7.262748351337561,-16.470587171826885,-2.727273133639573,-20.00961644800727,-4.272333533576503,-27.600007657067128,-6.054490076924284,-17.639411692775088,4.576189709374467,200,13.743314038187313,15.737282914430768,21.545517580142842,22.215601402149556,34,400,-9.474959621747686,3.855234325668125,-10.000001452482715,-16.470587412428912,-2.7272738004004093,-10.95422279130018,4.819057626701711,-11.052629282245537,-19.99999964833302,-3.4448763005111336,-16.829017303941345,6.021707918575593,-15.714284718923478,-27.600005403217235,-5.000000981482219,-7.354057682193655,6.184302897214986,-7.37499998000335,-19.930554077991417,4.765079059901062,-5.87479451264116,5.579865714264756,-5.999999321599291,-17.60444097740841,4.951377426246835,-1.479263169552495,5.496783342959699,-1.6473817870986314,-10.848212325574268,9.08879410565145,13.743313612028503,16.555123347821887,22.600004421735015,24.69563313789248
cool_nights,40780,Ilam,6.3915904763670826,6.835019337992105,7.990960462173732,1.59936998580665,1.475694083341274,16.265624291660455,-18.375000042623338,27.40000251248241,-27.737012897597843,45.294109891408965,-35.71912961089916,36.405083153661046,200,14.78993020831918,45.77500255510574,73.03112278900682,72.12421276456021,34,400,6.431356888820171,5.3775315011047,5.500002595806681,1.481482623493526,21.249998530381365,7.089490210819184,11.141739921599376,8.181818684705643,-19.07142711587558,29.999999361119624,8.39727073038061,22.440253889304902,15.999990120202202,-27.142857096564523,45.294113547819855,1.96591384156044,20.8479535541709,6.7078897632317,-33.3291411489504,36.405083153661,1.3077805195614252,19.36547309280625,4.666660502026242,-35.350646295218745,33.322624535504616,0.6581333219990149,9.432341672713711,2.5571404368806974,-23.757501679809394,19.699959845726035,19.76851590688784,49.0714264769952,72.43697064438437,69.73422430261141
cool_nights,40782,Khorramabad,-6.16026366546399,-12.557541570521757,-20.425968258734702,-14.265704593270712,-11.260416826873673,0.6249461315062045,-19.999997842966664,-2.549287327804857e-06,-39.58331486751561,8.571428855727055,-30.361787190555937,13.707669660028923,200,11.885362958379877,19.999995293679337,48.15474372324267,44.06945685058486,34,400,-6.019987658634935,4.204663914184494,-6.428571520691731,-11.666653978172658,2.3076922777650797,-12.093768831322569,5.717783268379213,-12.799999478068969,-19.999998995023745,0.03124916722138706,-20.59089054677908,13.180619597484243,-24.838711409492785,-39.583330842257894,8.571428622731675,-14.570902888144147,12.01925511816843,-17.568487155105565,-31.73399170329512,10.687204184481423,-8.497121715456512,9.831986952828895,-10.99999964642205,-23.00154705534391,12.105864442511969,-6.073781172687634,4.396858571720111,-6.521744131705135,-12.96817974432822,2.162947380586408,13.974346255937737,20.03124816224513,48.15475946498957,42.42119588777655
cool_nights,40783,Aligudarz,-8.457870820471683,-10.645159507604928,-19.521468303934704,-11.063597483463022,-15.62722920625322,-4.578125121606508,-21.875001558722325,-1.0513175202023322,-32.5208342088891,-7.000000225231435,-24.007142768930397,2.860716857276952,200,11.049104084646713,20.823684038519993,25.520833983657663,26.86785962620735,34,400,-8.348018266358716,2.6795009650099484,-7.894736702322419,-14.999999440328779,-4.6153854562805146,-10.326736019706123,4.588704886790691,-9.41176572699683,-21.671875582298977,-2.6666678872365703,-19.514735642207697,5.961768466330445,-18.7858350324285,-33.33333198017737,-7.139285176511081,-11.16671737584898,6.233739392454079,-10.83874291565829,-25.214094573710735,0.5906383058414305,-9.18799962250157,6.469727230668346,-8.023086120422256,-24.717811040831005,1.3605481832294255,-1.978717753347409,4.690927163526504,-1.4523821346659016,-11.818182893861202,7.506406788306391,10.384613984048265,19.005207695062406,26.19404680366629,25.804732879552166
cool_nights,40785,Kashan,-7.5217940134313315,-11.811285712197106,-22.12705303600364,-14.60525902257231,-24.999986772301707,-2.827292408767737e-06,-21.11110462510088,-1.9307692280570616,-45.20636329346731,-0.729168788034043,-36.25912708127128,6.1614492592650825,200,24.999983945009298,19.180335397043816,44.47719450543327,42.420576340536364,34,400,-7.200214356666658,4.936407650942287,-6.499999607242964,-16.67500155205552,-0.5131628226099476,-11.557635235109792,5.375184969529041,-11.339284352470699,-20.416665980884375,0.7727291982219235,-21.577677278965957,11.551360329921476,-21.956898759231976,-45.19999385643345,3.33333094701726,-14.377462922299301,10.273405626507353,-13.115471107339703,-35.68124785952021,7.083323249103467,-10.020042043856165,8.928631513421106,-8.366672317505225,-29.69210276948558,6.5342217055717935,-4.3574208784431345,4.985251551966442,-4.886330549730701,-13.502242558686305,4.584133848422146,16.16183872944557,21.1893951791063,48.53332480345071,42.76457110862368
cool_nights,40787,Daran,-7.127092495775826,-6.001518901034521,-10.311771343073636,-3.1846788472978096,-13.74999841081542,4.374996227696033,-12.30768867783634,1.2499984279018943,-29.99999967521277,-2.2115417184389137,-21.846672265530213,9.06623672423974,200,18.124994638511453,13.557687105738236,27.788457956773858,30.912908989769953,33,400,-6.9749619156780565,4.739181046990821,-7.000004045088689,-13.74999861267391,4.444442142196345,-6.084227893152491,2.8862391186411824,-6.666665826261319,-12.307688575066418,1.0062522052307978,-10.74848591993213,7.433760708694941,-10.52631585054004,-30.10156358769331,-2.307693566551194,-3.7735240042540728,7.8162553763386775,-3.50112491865921,-23.767235089520344,8.682289993439475,-4.664258026779638,6.909728630708364,-3.6465305568126953,-23.853172154339447,4.251246514254852,0.8907340225255651,3.9050834034392254,1.3043425940441438,-8.435975769074698,7.5775310640492295,18.194440754870254,13.313940780297216,27.793870021142116,32.44952508295982
cool_nights,40789,Khur-Va-Biabanak,-9.86934017212574,-13.474658355198136,-18.9965223121298,-9.12718214000406,-18.749994681854428,-6.400000088959457,-21.254461863606096,-7.391307734473297,-34.37563017086762,-8.177275725018884,-22.400000441500367,0.1674250836861644,200,12.349994592894971,13.863154129132798,26.19835444584874,22.567425525186533,34,400,-9.976534818921136,3.4378959193771017,-8.888887844707437,-19.99999820368251,-6.400000280335402,-13.398461418002139,3.761335780829519,-13.333333504629763,-21.428569300054928,-7.391307734473297,-18.857747373358215,6.211878985150984,-19.9999980321468,-34.374988846987634,-8.181817757114729,-8.881212554437077,5.847419362613115,-8.480769050177983,-21.515270536202944,0.0033069520022421042,-5.459285955356075,4.897929281783719,-4.6504981507902174,-16.553524726084234,2.9810559995554895,-3.421926599081004,3.141591770468883,-3.605548358404979,-10.167012158142485,2.4187421031931806,13.599997923347107,14.03726156558163,26.193171089872905,21.518577488205185
cool_nights,40790,Robat-E-Poshtebadam,-0.7637718280597402,-3.157396264756722,-6.350184654092624,-5.586412826032883,-8.489568095144788,4.130090894348753,-10.027774984575467,2.353640174118739,-14.024999868154795,6.666664568643508,-13.558033622369924,6.716667252475999,200,12.61965898949354,12.381415158694207,20.691664436798305,20.274700874845923,33,400,-0.893477125315259,3.4284387285835174,9.635293570491976e-08,-8.489568095144788,4.117647079152074,-3.321479251335308,3.3252403399732375,-3.5428001753955547,-11.133331341944324,1.558823692660783,-6.43577786300413,5.401510822350376,-7.1428572552629905,-13.999998090116874,6.666666809478475,-5.542300737688871,5.236862950010089,-6.0303018458556,-13.756979903771258,6.202372276941632,-3.1142986116688216,5.441755043480166,-3.468251716172337,-12.168819354898591,8.3037491966519,-2.428002126020049,2.977847374501414,-1.904766470977763,-8.787872264060818,3.5002219224156574,12.607215174296861,12.692155034605106,20.666664899595347,19.95935218071289
cool_nights,40791,Tabas,-4.870988216027684,-9.501543342966448,-14.5547241695269,-9.683735953499216,-11.26682688906406,-1.9047890793073967,-16.19047101799396,-1.0263155454573083,-21.66666605635762,-2.727272472075017,-16.442079251579077,1.9859620647022287,200,9.362037809756663,15.164155472536653,18.939393584282602,18.428041316281305,34,400,-4.840837203106566,2.457457031643116,-4.7058781585336025,-11.24999967021654,-1.9047630330718188,-9.443660171814805,4.877460760993637,-9.843732258549696,-16.19480535654956,-9.91121190634608e-06,-14.156685686500484,5.909475422841839,-15.555575652914548,-21.666666384301358,-2.7272712365779457,-9.31584848339392,5.848812773195375,-10.580287573197047,-17.069043256921773,2.937498575696645,-4.713025514685679,5.179099942176104,-4.727011848763017,-14.532342696519745,7.238091021950897,-4.602822968708241,4.12501621407619,-5.139925700490971,-11.58368894692729,2.8054925113641134,9.345236637144723,16.19479544533765,18.939395147723413,20.006541832618417
cool_nights,40792,Ferdows,-10.929772121200498,-14.26759240559294,-20.87324152871525,-9.943469407514751,-33.333331671812104,0.8332902075422651,-28.33749260427824,-5.999999803288327,-35.25867865410404,-10.000009589962298,-23.66843394226517,5.438595283621183,200,34.166621879354366,22.337492800989914,25.258669064141742,29.107029225886354,34,400,-11.284197615543603,7.589044302116768,-11.250000298032475,-30.54440677039749,0.8332902075422651,-14.870358737289685,5.9698577411134846,-14.444439454247593,-27.999999286601685,-5.992855139908293,-21.338775540772367,6.887120976298077,-22.50000126784971,-38.18181234730401,-10.000001754152564,-10.054577925228763,7.92701620919965,-9.976957743021444,-23.743933293133196,5.448467052532264,-6.468416803482685,5.540025726483215,-6.250001508247761,-16.192344892300216,5.155261852803662,-3.586161121746079,6.1441586793375516,-3.188130704137345,-16.501785612350588,8.375596004328036,31.377696977939756,22.007144146693392,28.181810593151447,29.19240034566546
cool_nights,40793,Qaen,-9.924011935939594,-10.600371296510922,-13.603689944859587,-3.679678008919994,-24.03888751355605,-5.281764860275865,-17.866665517617236,-3.29167174402086,-25.025068580297724,-2.3357846376226585,-15.357141657043224,7.674504503148635,200,18.757122653280184,14.574993773596375,22.689283942675065,23.03164616019186,34,400,-9.848361016789642,5.393120916568301,-7.777777773646108,-23.999997185250475,-4.000005038701218,-10.635833882311173,5.349746370272092,-10.00000213509069,-20.919697285536845,-1.3333335492895573,-13.639929857281453,6.3447286509010725,-14.285710414821809,-26.00384558374162,-2.3529410695880646,-3.79156884049181,6.558501031772561,-3.549539488598238,-15.130764184449772,9.495399300724474,-3.0040959749702782,4.798814500367511,-2.7777782269776283,-14.76709528479019,5.006402151099119,-0.7874728655215324,5.6177275951244185,-1.5812188022846296,-8.80410188485401,12.858621859905032,19.999992146549257,19.58636373624729,23.650904514153552,24.626163485174246
cool_nights,40794,Safiabad (Dezful),-12.216498841412498,-14.30819884587976,-17.89621407159386,-5.679715230181361,-22.74242346120096,-3.2500006009191544,-27.164286498093123,-6.097228643174494,-32.99999458389415,-5.919875609773546,-18.183709493265937,8.469690623699206,200,19.492422860281806,21.06705785491863,27.080118974120605,26.653400116965145,34,400,-11.959565797608516,4.275571051220365,-11.111111119348234,-22.727270176969398,-3.250000647947902,-13.973290135792181,5.975723554191649,-14.285707254484073,-25.646145070676116,-6.084783356474896,-17.31742850368185,6.596170785270229,-17.49996488262967,-29.220832912361317,-5.919875609773763,-5.357862706073332,6.659180679601143,-6.05769578764243,-16.447525140036152,10.850959014141376,-3.3441383678896663,7.08001089221777,-5.023239831573491,-11.34870026853326,13.23165810112253,-2.013724338183666,5.249513265121532,-1.7575765270793093,-11.765008581913419,7.111091645623791,19.477269529021495,19.56136171420122,23.300957302587555,27.29848415417753
cool_nights,40796,Dehloran,-7.104708729473546,-11.011289468021978,-12.75704800134532,-5.652339271871774,-18.57142305680744,-0.7142982116880636,-19.166666579860983,-1.8676002859194047,-32.08333016129958,8.189740480699822,-22.301319351361443,16.124995686285807,200,17.857124845119376,17.29906629394158,40.2730706419994,38.42631503764725,34,400,-6.941588631259541,3.929284123785565,-7.749972545036673,-13.388889330963105,-0.6964287702646176,-10.986345842801125,5.067301738369284,-12.66666708346098,-19.166666579860983,-6.018222049301908e-07,-12.663045085939515,10.223275087595827,-12.142857545476065,-32.08333294785125,8.499993075727906,-5.721456454679976,9.68273586365559,-5.728739787127754,-23.437619391654266,16.124994813277297,-1.676699243138392,8.78841868794335,-1.1830067682486822,-17.18475313275252,19.431115263155522,-4.044757211541584,4.406487957556017,-4.53333175923148,-11.674767290621855,6.197804540383017,12.692460560698487,19.16666597803878,40.583326023579154,39.56261420493156
cool_nights,40797,Kuhrang,-3.919083451285315,-3.53540455577064,-4.999188982044991,-1.080105530759676,-6.36363818887814,0.66666646518533,-7.4999916702856835,-9.406693742294337e-06,-23.19750875281726,2.857143501700851,-20.899985263741375,6.385095361286491,200,7.030304654063469,7.499982263591941,26.05465225451811,27.285080625027867,34,400,-4.008362979637447,2.461161776154242,-4.99999705898668,-6.363636626406503,0.666666674629739,-3.511639713915845,1.9294795687267685,-3.750001351525279,-7.151784572406135,0.7227374091747304,-5.33638215754533,7.037752428438868,-3.52941242724551,-23.181817826686867,2.857143501700851,-1.3280191779078843,7.695447434324484,1.3247806494255872,-20.899985263741378,7.49175753040937,-1.8247424436294855,7.081235171006658,0.3504888572746808,-20.32467875946116,6.666668172017725,0.4967232657216012,2.7155871119192256,0.9999950482093904,-4.940771887707728,5.138910044310556,7.030303301036242,7.874521981580865,26.038961328387717,28.391742794150748
cool_nights,40798,Shahrekord,4.660758663329821,14.696394943003774,9.938001713813245,5.277243050483422,-8.916666840988459,25.62499998734385,-2.1062030807781387,27.499972400096443,-3.74999970034005,28.4999928183411,-18.017544622403975,28.093648823642123,200,34.54166682833231,29.606175480874583,32.24999251868115,46.1111934460461,34,400,4.646101078139352,7.597655016236297,4.772234042368326,-3.7499947494356536,25.62499990619877,14.581327858539224,7.274563056286386,15.599998285522847,-1.9999973177126187,27.52499993845922,9.930091895170579,8.309369600106649,8.399995338142677,-3.7499999378616566,27.8732139554161,5.283990817031227,11.070547824953017,5.274979013256096,-16.814025801233655,27.335054018411125,-4.651235963368645,7.689656460120489,-5.501230550318367,-18.645535162440662,10.159054745089795,9.935226780399871,8.25582417053208,10.817387357588865,-8.669565209189972,25.409277021448528,29.374994655634424,29.52499725617184,31.623213893277757,44.14907981964478
cool_nights,40799,Ardestan,-6.986563427554184,-8.731183140922786,-10.57435668675089,-3.5877932591967068,-12.666655644554725,-3.125000520665284,-13.706354731174288,-3.5000000495162857,-25.000000554590592,-1.250000784375653,-18.958322371741,5.490183442128982,200,9.541655123889441,10.206354681658002,23.749999770214938,24.448505813869986,33,400,-7.085901198283375,2.2842370004302603,-6.666666739506648,-12.666665760485945,-3.0769242685281153,-8.76563849066487,2.4818644850744267,-8.823525602100704,-13.814287068471964,-3.32812375500743,-11.09531219907739,6.867983405921307,-10.769231255999902,-28.333332711954196,-1.250000784375653,-4.009411000794017,7.135138836573396,-2.841668312978716,-22.0895864883194,8.666629440499865,-2.329673708412523,6.302678585725211,-1.3333336565992617,-18.34064960939708,7.083331574251657,-1.6797372923814948,3.3873044506272434,-1.9999973026191298,-7.687049009951817,5.849095165311352,9.58974149195783,10.486163313464534,27.08333192757854,30.756215928819266
cool_nights,40800,Esfahan,-8.232215746211297,-14.007638540105502,-25.589282244558536,-17.35706649834724,-19.99999631133601,6.66666590498989,-17.499996720656743,-7.142858027030552,-31.764703860074206,-18.571433340316613,-34.44444586377192,-1.7581098531212305,200,26.6666622163259,10.35713869362619,13.193270519757593,32.686336010650685,33,400,-7.725115756621102,8.192047228547368,-9.999989656662365,-19.999996577480317,5.81140475365106,-14.093722484081018,2.268932021363451,-14.444448371300075,-19.02499974173363,-7.761904247703561,-25.67252140933228,3.0983690621216224,-25.9999998074154,-31.76470500511444,-19.000000727547686,-17.94740565271118,9.281725584558703,-16.664403694867566,-34.44444393186297,-1.8548509757771994,-11.578798925251265,3.5644854532828227,-11.63942162381582,-19.424171694780107,-4.555562640950333,-6.368606727459914,7.207907276097474,-5.43055838856999,-18.101189255042023,4.9999972648699895,25.81140133113138,11.263095494030068,12.764704277566754,32.589592956085774
cool_nights,40801,Naein,-5.903284242030013,-8.279657012085323,-12.927149189279548,-7.023864947249533,-10.833332951469716,1.8749983022923415,-15.004998316795689,1.445507034374245,-21.11111026107179,4.071549864764639e-06,-17.839606448976987,6.343740217586507,200,12.708331253762058,16.450505351169934,21.111114332621653,24.183346666563494,33,400,-6.011480192246979,3.328367168258539,-6.190476218191273,-10.856623584715164,1.021872779923732,-8.247114853058099,4.704269579943359,-9.282297326173083,-14.625000120721909,1.7647062434129004,-13.057059811100034,6.708824139159678,-13.101500906364805,-21.11509412568467,5.667755834677306e-07,-7.045579618853054,6.85824628275316,-7.4407592072279725,-18.004552341284114,7.03332843216597,-4.809944958041934,5.721961180490882,-5.019159953038917,-14.809522690628778,8.358325725660364,-2.2356346608111197,4.579537356935187,-2.646275179115072,-9.869255144280176,8.02321432320322,11.878496364638895,16.38970636413481,21.115094692460254,25.037880773450084
cool_nights,40802,Esfahan (Airport),10.390729215941796,10.372057331159937,11.132945220767745,0.7422160048259454,-8.750000207406682,29.16662828509865,-5.048076899086564,24.007141633054097,-7.880434435405195,29.013654623989492,-19.862470283284264,18.825953630215675,200,37.91662849250533,29.05521853214066,36.89408905939469,38.68842391349994,34,400,9.8413764339724,8.526015630041554,9.166670263958231,-9.999998854381577,27.27272718640933,9.743854308297871,6.986169247174461,9.473680604014412,-7.058822962875003,21.675008085175815,9.950892541298895,10.472032414221209,9.722262862929584,-11.851851091242095,28.823522813334442,0.10951610732649528,10.383449856161985,0.5971447066860058,-22.873727527638003,18.71490481800852,0.20703823300102278,8.297405709616323,0.6179221080113662,-16.111106759049452,15.563518522927893,-0.09752212567452757,7.394504774262657,0.1961229648906655,-14.422610734513025,14.814351359476237,37.27272604079091,28.733831048050817,40.67537390457654,41.58863234564652
cool_nights,40803,Kabutarabad,-7.288310445135973,-12.179361967847804,-12.483414186951457,-5.19510374181548,-14.99999719509054,-4.196170051685812,-17.50480690245673,-2.200758380189841,-25.99999926055948,-1.5175991472106269e-06,-18.40874925668717,6.207554671867442,200,10.803827143404728,15.304048522266887,25.999997742960332,24.61630392855461,33,400,-7.2184510670798145,2.4835456949805077,-7.303059881243921,-14.99999719509054,-4.1961700516858285,-12.114387507232525,3.8162398225825362,-12.500002903262972,-17.499989504924677,-2.222227656809407,-12.65959525780971,6.410667752247947,-9.52381490901955,-25.99999919499794,-5.833333068967565,-5.441144190729895,6.509805333369132,-3.749999861013886,-18.804858192281543,4.358626827462427,-0.5452077505771851,5.854575340294995,0.5555316649943043,-12.452820690901676,8.180563948873306,-4.895936440152711,3.6559756684425535,-5.325646127319979,-10.688026874042881,4.187507076728739,10.80382714340471,15.27776184811527,20.166666126030375,23.16348501974397
cool_nights,40809,Birjand,-2.1084249894842078,-2.3128456613691,-7.96065887027725,-5.852233880793044,-7.916665793634826,2.548610410079076,-7.500000387979513,4.624995362699782,-14.426360163762103,1.4595991553319252e-07,-13.103637765577044,0.7550565258197748,200,10.465276203713902,12.124995750679297,14.42636030972202,13.85869429139682,34,400,-1.9666012439847902,3.033892595059294,-2.3126835773472147,-7.916663585288009,4.4444447213085665,-2.2624007230229157,3.6984937421629733,-3.125001515516118,-7.692296002523371,4.499996740659989,-7.820906321002865,4.01025468784887,-9.230768446507007,-14.426364214161868,4.222503550128913e-07,-5.854305077018076,4.184072137871358,-5.7142766979900825,-13.486433545707294,1.2520797578176122,-5.5585055979799485,3.4840489230302834,-5.511362196905139,-12.333806103627003,2.0821259951080684,-0.2957994790381261,3.4312982451815124,-0.2857162228182972,-6.347339698693328,6.399335014549872,12.361108306596575,12.192292743183359,14.426364636412224,14.738513303524906
cool_nights,40810,Bostan,-13.101566217609916,-17.699443076471375,-22.60454573695252,-9.502979519342604,-23.08333343182342,-7.387501601620465,-22.308823737010325,-12.307710122702805,-35.769229327083366,-10.000013684925742,-20.41025935223623,4.449268981352132,200,15.695831830202955,10.00111361430752,25.769215642157626,24.859528333588365,34,400,-13.254972956872228,5.1027817692654995,-12.307692384122378,-23.343745597491555,-7.407739011119626,-17.5695653113658,2.8221180277224107,-17.64705869230106,-22.308823737010325,-12.222225527148371,-22.846840871429677,5.905548215617785,-21.290322498843935,-34.99999793318448,-10.000016214413106,-9.59186791455745,6.352443709751169,-9.856528635586553,-20.965914392446507,3.7944407376480243,-5.277275560063877,5.532347732843774,-4.885592818158736,-16.52148961297045,5.697367467579428,-4.314592354493573,4.645381300612363,-4.888596126764305,-11.247625704763122,5.00446185879973,15.936006586371928,10.086598209861954,24.999981718771373,24.76035513009453
cool_nights,40811,Ahvaz,-3.804755443103205,-5.864587823368449,-9.41807785941159,-5.613322416308385,-19.999991809732137,3.4999997030255887,-14.66567391757778,-0.609377340145918,-27.91666558977963,6.587500194887191,-22.985069100091287,12.716759867490474,200,23.499991512757724,14.056296577431862,34.504165784666824,35.70182896758176,34,400,-4.152217932688,5.937184815288695,-4.210526899322739,-19.999998874866833,3.4999990846295974,-5.990619340605811,4.363295659123025,-5.600000204919923,-15.583319761126189,-0.4642890379779773,-9.91413718445931,8.750723355427823,-5.714286594435711,-27.9166662412236,6.499999708441445,-5.761919251771312,8.510389381624995,-6.521658054152278,-21.26931908200603,11.173207401003792,-3.923517843853501,6.642150903992505,-2.6086979360466334,-16.42921002959413,8.499998470317115,-1.838401407917811,5.025037512899551,-2.1052616783312326,-10.594278550532575,9.59373483752271,23.49999795949643,15.119030723148212,34.416665949665045,32.44252648300982
cool_nights,40812,Masjedsoleyman,-6.246199324413681,-7.856754094199937,-12.10176741208362,-5.855568087669939,-12.50892879932382,2.499999313725969,-15.212857053873453,1.1996853402522325,-23.84600515750337,15.555551967550969,-17.738346266430916,19.84124204512887,200,15.00892811304979,16.412542394125687,39.40155712505434,37.57958831155979,34,400,-6.2299585827255735,3.3930803137056977,-5.333338281782375,-12.860713592260481,2.4999991963351196,-7.929991563516642,4.490510581144611,-7.857142846619169,-15.725274083520347,1.1764653929640767,-12.528076822418793,7.795146938923701,-12.916667200867696,-23.84600515750337,4.375000315690602,-6.29811823969322,8.198460850603778,-7.403507677192829,-17.738346266430916,15.26368314580114,-4.59808525890215,7.056492685847893,-5.488172273229867,-14.758006330583218,13.336647323464936,-1.7000329807910697,4.76746104454055,-2.0879873100111146,-10.194931723433584,7.7514921547498625,15.3607127885956,16.901739476484423,28.221005473193973,33.002029412232055
cool_nights,40813,Ramhormoz,-7.880014581540068,-13.625975754241022,-20.887273076720437,-13.007258495180368,-14.285713999080372,-4.395832302565607,-34.18749913260556,-6.11111137538592,-40.000002991060015,7.526785683616261,-31.057565610522023,14.839810171874095,200,9.889881696514765,28.07638775721964,47.526788674676276,45.89737578239612,34,400,-7.832762031633035,2.8612147122806366,-7.999998991424665,-14.285712931795036,-4.090910272894537,-13.0744956634556,6.971634146056116,-10.540935846240838,-32.85713961755078,-5.000051924327376,-20.11476031374186,11.98822191123051,-21.66666660780892,-39.99999976647817,8.571417401618781,-12.28199828210883,11.6294574638524,-13.244141276337256,-31.052629795662526,16.254934672829464,-7.040264650286262,10.563809580511224,-9.694847378041644,-24.83345368552204,17.76423584497106,-5.241733631822567,6.237603260711458,-3.226820986721198,-20.50745952835573,2.6470068989402873,10.1948026589005,27.857087693223402,48.57141716809695,47.30756446849199
cool_nights,40818,Abadeh,-7.572335594146852,-7.719830659115292,-14.409018156923034,-6.836682562776179,-13.333328793570017,-1.4625006785272212,-12.142857828392453,-3.762282521076833e-07,-31.07464209218733,-3.333332143456305,-22.12072741006888,2.255221102317172,200,11.870828115042796,12.1428574521642,27.741309948731022,24.375948512386053,34,400,-7.383874952026104,3.469014121424297,-7.307692104151826,-13.333332286863284,-1.0833315407043942,-7.533754132638128,3.531651807753118,-8.888884122915343,-12.142857828392453,-1.1760901227080467e-06,-14.291351125318872,7.371995903322185,-16.25000053723744,-31.19999682105717,-2.499999151781598,-6.907476173292768,6.833351804174609,-6.3498979344774575,-23.569763460173732,2.746322685732539,-6.757596992680743,5.947446051332846,-6.284821944222024,-21.080586260004246,2.2102980227640963,-0.14987918061202493,3.5445171731358687,-0.5756610628542551,-6.222915868720962,7.666671438489952,12.25000074615889,12.14285665230233,28.69999766927557,26.316086145906272
cool_nights,40821,Yazd,-7.437226933201527,-14.038689745282682,-23.105458590704387,-15.668231657502863,-17.142854556743725,-2.1428588582978927,-20.48928596266091,-7.391304870436856,-39.00714275323037,-14.999999622242358,-31.1096310461526,-4.011704301382353,200,14.999995698445833,13.097981092224057,24.007143130988013,27.09792674477025,34,400,-7.593243136363149,4.5834519008300765,-7.272727333754256,-18.461502035581706,-2.142858759791773,-13.975317165143538,3.9034946798015926,-13.50000676814686,-20.476191283003804,-7.3913044423439995,-23.065399210788147,6.367566218687034,-21.428571274245854,-38.35000026640245,-15.000000033032695,-15.472156074424992,6.556116812172779,-14.155843880666865,-31.105143837680572,-3.6419210752143294,-9.090082045644605,5.12423189609543,-8.21772836653167,-20.04695529953752,-0.6866347377644713,-6.382074028780389,4.300632883717319,-6.359596723702089,-14.017854735249191,0.7022558729625401,16.31864327578993,13.084886840659804,23.35000023336976,27.46322276246624
cool_nights,40827,Nehbandan,-3.623361075797604,-4.8955572014158095,-4.947062326017537,-1.3237012502199337,-12.222221903806156,3.1622834337004835,-9.999998818621036,2.1151324389250075,-11.250000150497316,0.8333346707878683,-8.287221156786694,7.461549556558516,200,15.38450533750664,12.115131257546043,12.083334821285185,15.74877071334521,34,400,-3.587986836708689,3.4946738191730704,-3.0769228764139536,-12.222217495969096,3.157894806105297,-4.8651256174949955,3.0668924410693243,-5.3333335466799685,-10.419410225882789,1.2713846965634619,-4.923868348190439,3.2042506641312674,-6.1111078512946655,-11.25000105172362,0.8333323552782017,-1.3358815114817497,4.027029796004817,-1.6666837674105301,-8.192816918050994,7.3497240892084,-0.05874273069544358,3.046614852267575,0.2750324475499716,-6.825387913147498,5.660515245165803,-1.2771387807863062,3.4811473228706773,-1.6043111474142757,-7.032361533798953,5.454537458271153,15.380112302074393,11.690794922446251,12.083333407001822,15.542541007259395
cool_nights,40829,Zabol,-6.69843534384859,-4.622929205605598,-3.873083615809679,2.825351728038912,-13.913043090933815,-0.4545459325196955,-8.965514790040205,3.340932872130158,-13.008333232818744,4.736841664534826,-6.10856262027404,11.024828964560925,200,13.45849715841412,12.306447662170363,17.74517489735357,17.133391584834964,34,400,-6.665504382482639,3.6124383474582453,-6.4285675354959455,-13.913043224121651,-0.45454316276629303,-4.5439007101683275,3.68277854322985,-5.833337866287563,-9.999995149979009,3.3333389025500053,-3.7638639450619507,5.13899450253572,-3.15789588593805,-13.008333232818742,4.736843089101516,2.9016404374206877,5.002426272304179,3.210786169135404,-8.477904814809715,11.667502005407103,0.780036765106376,4.985818767900869,1.380949837238819,-10.504540724689617,7.460861012641542,2.1216036723143112,4.1074894001366165,2.500000507635725,-6.0609192476702605,8.65581277142075,13.458500061355359,13.333334052529015,17.74517632192026,20.14540682021682
cool_nights,40831,Abadan,-11.538086796741634,-17.155459487723935,-22.324226825696627,-10.786140028954994,-19.99999754295502,-7.494307660573597,-23.333333412168432,-11.52501573835101,-32.528408998752845,-9.411766286295704,-21.906998457091014,3.115008425926479,200,12.505689882381422,11.808317673817422,23.116642712457143,25.022006883017493,34,400,-11.650253230718166,2.741799047169481,-11.363630265433624,-19.999999380032325,-7.500000179746522,-16.999730440245035,3.525793711325112,-17.14285653510181,-23.33333562422914,-8.88540030764117,-22.903132777514628,7.220018660715167,-23.91304343284367,-32.528408998752845,-10.000000412833991,-11.252879546796462,7.124385365476532,-12.222216601818953,-21.888816594348917,2.8571516596385202,-5.903402337269594,6.479225122452727,-6.726179222342218,-15.310267445282854,7.194454679741258,-5.34947720952687,3.566030425321216,-5.792885123580669,-11.969617337585868,1.2513603219280438,12.499999200285803,14.44793531658797,22.528408585918854,24.74596825398744
cool_nights,40832,Bandar-E- Mahshahr,-11.38410871474556,-17.620204070198,-17.71874781786419,-6.334639103118632,-20.624995638680574,-5.000000032633969,-21.42856813855839,-9.527405768595097,-24.60336480565969,-11.87357379736762,-14.761906704291366,1.4285752037396824,200,15.624995606046603,11.901162369963293,12.729791008292072,16.19048190803105,34,400,-11.451533734836767,3.89373442829338,-11.666663396550812,-20.625000093256318,-4.999998180792289,-17.669888465527837,3.7333072401429677,-18.846155321774887,-21.432330727883315,-8.664286916302355,-17.5619564505541,3.902478399393244,-16.875000664223762,-24.603404880740403,-11.818182438724625,-6.110422715717337,4.217201684035915,-6.409090946924197,-13.967942269078952,1.790705809159171,0.10793201497373488,4.105605170548634,-0.06410395085379683,-7.598558248693384,8.124995406132316,-6.21835473069107,3.928726546697347,-6.33696200783226,-13.857140667883899,1.9288261918093244,15.625001912464029,12.76804381158096,12.785222442015778,15.758648078238123
cool_nights,40833,Omidiyeh (Aghajari),-15.7311446792569,-14.011440705229449,-16.355699117604455,-0.6245544383475544,-23.333329887048645,-8.957729571129075,-22.49999822103982,-9.5178664829182,-23.333334373696857,-1.111149383012856,-10.917270232740824,15.168747770760698,200,14.37560031591957,12.982131738121621,22.222184990684003,26.086018003501522,33,400,-16.04278806664853,4.5067084179025665,-16.49999844987701,-23.333295591473277,-8.95772957112927,-14.284425841853967,3.060071857269831,-13.529413720926744,-22.49999754401918,-9.951039914900386,-16.41127035376706,6.221576448457738,-17.000001227818736,-23.34824676297387,-1.1111141894766992,-0.36848228711853026,7.424845930731211,-1.394733415751121,-12.777776513947096,15.412325053898876,-2.126844511913091,6.235753495919913,-3.841450252826851,-10.003787892571598,12.431990530156241,1.7583622247945612,4.270190422255639,2.2469946279274158,-7.2351573347108324,7.835708187537374,14.375566020344007,12.548957629118794,22.23713257349717,28.19010156784597
cool_nights,40835,Dogonbadan,-6.645086786396185,-4.130818910876778,-11.745470268249328,-5.100383481853144,-12.666661130463709,-0.8333345726253243,-14.210527998306077,2.6170083910031123,-35.19999929146648,12.766656196226489,-28.49402792381313,18.104698433077644,200,11.833326557838385,16.827536389309188,47.966655487692975,46.59872635689078,32,400,-6.448247373368096,3.8537464903262526,-7.272727529696528,-12.666661130463709,-0.47619093291978765,-3.98120168073997,4.814706386061778,-3.7980768137555376,-14.238377842727832,3.8461517306905995,-11.155933737741229,12.26491543025402,-12.777777665625129,-35.19999810847355,12.749999301300738,-4.707686364373135,11.803935800272493,-5.27272332749198,-28.755056095978038,19.688904358963896,-7.174732057001259,9.576049175100247,-7.777778319998513,-25.122029646703115,13.36666495211127,2.4670456926281252,4.451663658078583,2.5227292225882216,-7.4695688546743755,10.390595990532013,12.19047019754392,18.084529573418433,47.94999740977429,48.44396045494193
cool_nights,40836,Yasuj,3.153371832144769,6.711652792371171,-4.536674149423788,-7.690045981568556,-4.2105262470746885,13.781247390384214,-14.334821303774202,20.03124936823788,-22.85713959447946,34.23743052107644,-27.115113174721305,26.243750921429942,200,17.991773637458902,34.366070672012086,57.0945701155559,53.35886409615125,33,400,3.3342407628631827,6.229142713432131,4.374999265856836,-4.210526257448836,20.045454314723877,6.928805388108019,8.327110671219328,6.666669321882381,-16.275567054712113,21.25000097117246,-3.1861772888705118,15.372309814649082,-6.818181349028038,-22.857141839716753,37.000000073560706,-6.520418051733696,15.008297713752444,-10.35417897580465,-27.22487682828776,30.706247694342114,-10.114982676978531,13.109700625132032,-13.395613613829362,-28.637622690096645,23.18346624568129,3.594564625244837,7.484465737129147,4.052324208140572,-17.14063481797763,16.211486641542937,24.255980572172714,37.525568025884574,59.85714191327746,57.93112452262987
cool_nights,40839,Anar,-6.441672641596333,-9.44704445738376,-15.795859144773486,-9.354186503177154,-11.442858320338951,0.0441218374804504,-16.666660287262637,-2.8214240934789423,-26.772727646630823,-0.909102612090018,-21.94654672634111,4.845665704029561,200,11.486980157819401,13.845236193783695,25.863625034540807,26.79221243037067,34,400,-6.430653578207037,3.2855956060792177,-6.666666663999472,-11.080356850851336,-1.493143707824082e-06,-9.577445390195127,3.614858542564433,-10.000010247763207,-16.475490364724717,-2.843401517449198,-15.852627756277053,6.082323101860548,-17.499999233372257,-26.66666634040785,-1.250001526305586,-9.421974178070018,6.096456633287539,-9.543105949874077,-21.908938532931902,4.528893904405567,-6.275182366081928,4.861874131899595,-6.590903086440613,-15.640149693895312,6.25163539715481,-3.146791811988089,3.2512020887405466,-3.005847833966886,-9.415206787696839,3.045497133889127,11.080355357707628,13.632088847275519,25.416664814102266,26.43783243733747
cool_nights,40841,Kerman,-6.637652208857633,-10.194699591222534,-16.277936712152655,-9.640284503295025,-12.525000976562657,-1.666668328968026,-17.786469372693862,1.1190457344639422,-24.999996013264877,-6.111121842392212,-17.62379920607355,0.7619041026422338,200,10.858332647594631,18.905515107157804,18.888874170872665,18.385703308715783,34,400,-6.708982192209354,2.867462036736833,-7.000000429051404,-12.499999009543794,-1.6667467558582179,-10.287714960318747,4.909931218919256,-10.52631531543746,-18.124975446478572,-1.6666679297201892,-16.004343778281903,4.723199346048211,-15.833338475714125,-24.71326319118155,-5.238096302324241,-9.295361586072547,4.614182988298264,-9.722715016534497,-17.619666912833452,0.8347163617329593,-5.716628817963156,4.838151383338063,-4.962949146947837,-15.867918278723513,1.050322889274963,-3.5787327681093926,4.043695759794997,-4.065009402327811,-11.442302480564488,4.583317378085643,10.833252253685576,16.45830751675838,19.47516688885731,18.45438327456641
cool_nights,40844,Dorudzan,6.192323725523801,14.02697948296892,14.22905199477164,8.036728269247838,-3.3333301945706384,26.153846989104583,-5.860579516307544,35.00833372129318,-12.500002837459398,36.68757688302414,-17.035717499195044,25.328420277569016,200,29.48717718367522,40.86891323760072,49.18757972048354,42.36413777676406,34,400,6.064285293775044,8.213764121337192,5.999999055597641,-3.3333241429336233,26.15384566781722,13.951626441467765,10.0479279219749,12.857141758317766,-5.860579489821734,38.33332738131064,14.570738860804902,12.760113757255663,21.111111017277047,-7.999996959652954,35.04166694451947,8.506453567029858,12.425649553898818,11.410255136137984,-16.948046675390582,25.736974008136063,0.6191124193371359,10.920007496686129,1.715686170004454,-20.06250029404457,16.794671447113508,7.8873411476927195,7.388878342457152,8.528135162334543,-9.749997722149413,21.888807906990927,29.487169810750842,44.19390687113237,43.041663904172424,42.685020683526645
cool_nights,40847,Zarqan,-11.477760927055131,-12.221429295814287,-17.459630966299414,-5.9818700392442805,-15.263158053359378,-8.666666783668528,-14.74342601868068,-8.12500200747761,-34.55334040422225,-7.500001027803283,-25.215589592332467,6.032387765411694,200,6.5964912696908495,6.61842401120307,27.053339376418965,31.247977357744162,34,400,-11.471074253774907,2.2693448082567245,-10.833333669455389,-15.263157763026316,-8.666666570396451,-12.198926609377827,1.997919529833758,-12.799994188024879,-14.99999947881974,-8.12500200747761,-17.6368402873403,7.637508704897845,-15.714287051128885,-38.799997269217855,-7.500001914295692,-6.165766033565391,8.321747791352747,-3.949583208681875,-26.819570845304213,6.032387765411694,-5.437913677962472,7.893590982696872,-3.2930765397478403,-25.30475923785839,3.949317388299902,-0.7278523556029194,2.581643768683363,-0.59523790793929,-5.00092444993688,4.444444631014023,6.596491192629864,6.87499747134213,31.299995354922164,32.851958610715904
cool_nights,40848,Shiraz,10.289570102328064,13.275024980738747,3.889720535278398,-6.3998495670496665,3.3125021840503157,30.98636229756938,-3.788536475192069,32.52083074327998,-23.9999989966304,35.05675900306235,-45.74643239250903,23.634738634419257,200,27.673860113519062,36.30936721847205,59.05675799969275,69.38117102692829,34,400,10.328870211179101,6.257561076895149,9.000005181293417,5.379999709180801,30.98636229756929,13.196222477465945,9.230311349556326,12.173914892179035,-5.071421660635362,33.375000036459326,4.741243366639669,17.911154799224555,12.666660487632193,-23.809522914217226,35.05675900306229,-5.587626844539431,17.980438166181827,-0.2847215496609756,-38.38367992087604,23.34002636683842,-8.454979110826276,15.942891236535642,-4.450317815245308,-40.04090411741262,18.559645301082718,2.867352266286845,8.034871593994893,2.7836240426646888,-16.19720030279927,17.50734805801362,25.60636258838849,38.44642169709469,58.866281917279515,61.723706287714464
cool_nights,40849,Shahrebabak,-2.858731144543805,-2.707751207412934,-1.2280621423536275,1.6306690021901775,-14.99999738424414,2.683340004004876,-7.619047690899335,1.6704573572519097,-10.027799574662035,8.666666602335583,-7.915441715770399,11.51805128788357,200,17.683337388249015,9.289505048151245,18.69446617699762,19.433493003653968,34,400,-2.738169126966404,4.38677205548356,-1.5000141231690334,-14.999995970524463,4.374999565809483,-2.525525761472659,3.1504947875953353,-2.0000007022653348,-7.61904665570143,1.6704568656323622,-0.967027013562737,4.761123080683645,-1.1764580170279286,-9.999999911029729,8.66666680862122,1.7711421134036676,4.860705043769817,1.4536348672496793,-7.324402518315584,12.158492802098891,1.558498747909922,4.089860613909389,1.499995184561977,-6.671588447256232,9.7925116000418,0.2126433654937454,4.794381718210276,-0.12287488657299728,-8.822926922355629,11.709543422261026,19.374995536333945,9.289503521333792,18.666666719650948,19.482895320414475
cool_nights,40851,Sirjan,-5.098025330397352,-2.8742143010242427,-5.548920534337437,-0.4508952039400853,-13.33333218909012,4.727037578920345,-9.285713175061218,7.499998918900002,-12.799915990886904,5.501515949161347,-10.579508058535788,11.97023440653678,200,18.060369768010464,16.78571209396122,18.30143194004825,22.54974246507257,34,400,-4.986684722443681,4.781013997563263,-6.000000048611047,-13.333332839120008,5.555555142297184,-2.612084214638717,4.022989690181267,-3.333329629630791,-9.285711423786926,7.499999751631298,-5.606609654931072,5.824568818739091,-8.095219869725387,-12.669986487402792,7.333330456442565,-0.6199249324873911,6.159955144573832,-1.428569394253652,-11.546153813367807,11.366837623665514,-2.994525440292356,4.39701676034978,-3.848078783647858,-11.686754188614985,7.351188466766334,2.3746005078049643,4.357134722184562,2.520147773230789,-5.562344077237464,10.8352298794071,18.88888798141719,16.785711175418225,20.003316943845356,22.91299143703332
cool_nights,40853,Baft,-11.333190448416865,-12.013968338280929,-17.023032659855602,-5.689842211438738,-18.69565205840076,-5.000002013198388,-18.571425526835387,-1.108332722964464,-32.977598267409114,-4.282738557531548,-20.6709728147048,6.914141514331454,200,13.695650045202372,17.463092803870925,28.694859709877566,27.585114329036255,34,400,-11.225097642277046,3.4707284106899827,-10.909091167355417,-18.695652254366237,-5.0000006972848245,-12.201560861237304,4.718950114936544,-13.076923588300716,-18.464282354484812,-1.0000035517669446,-16.98917580444502,6.352851241168697,-17.14288384148979,-32.40000003305311,-4.285715738670982,-5.764078162167973,6.322486545914544,-5.70952438314341,-20.642263344130043,6.9141415143314475,-4.787614943207717,5.656165524833546,-3.8611147243768675,-19.20510979469935,4.330938748143332,-0.9764632189602562,4.396486367553497,-1.498896860389208,-7.2636898662464935,9.10392621496478,13.695651557081412,17.464278802717867,28.11428429438213,27.55640485846149
cool_nights,40854,Bam,-8.973096121340948,-13.391070118964858,-18.97911950766873,-10.006023386327788,-17.784090037143695,-3.516176391181914,-17.40094951702222,-6.18571465568829,-25.624998044569868,-2.2222226272455528,-18.22930694330787,2.7878728376976945,200,14.26791364596178,11.21523486133393,23.402775417324314,21.017179781005563,34,400,-8.738300086097771,4.161529638358505,-8.666667859452444,-16.286931642719516,-1.8750008522570558,-13.424895890727434,2.9434734124561115,-13.333333854168892,-17.777749585892558,-6.312654420467204,-18.83434601972119,4.9828008171414355,-19.16666481786271,-25.624994263545894,-2.4930574796654885,-10.096045933623415,5.183827117265555,-10.49999873080127,-18.823353817907307,3.18560501598423,-5.409450128993756,4.242330391733779,-6.144785943281709,-12.504592918221858,5.120678253013807,-4.686595804629659,4.3069846954596835,-4.6023304532992135,-11.770332474038884,1.818709067460339,14.41193079046246,11.465095165425353,23.131936783880406,22.008958833891537
cool_nights,40856,Zahedan,-6.255369367111591,-8.247526826494061,-10.699686737001398,-4.444317369889808,-14.285709580905488,-0.5416566431429779,-14.40842057169191,-2.000003204834611,-21.24999963930677,3.9999890922489696,-15.139690232075653,8.295676663284986,200,13.74405293776251,12.408417366857298,25.24998873155574,23.435366895360637,34,400,-6.184665789548335,3.8218642428238505,-5.833332483512574,-15.717259587112856,-9.59467995522683e-05,-8.268431655775787,3.821062983198907,-8.000000123051176,-14.736843097335347,-0.6218746165141037,-10.895174705907467,6.267460468595574,-10.00000835078541,-21.249999569786265,3.5821428662828967,-4.710508916359131,6.318106625537756,-4.509479648769233,-15.865382602850815,7.86785708534484,-2.6267430501316777,5.297162361617601,-2.041560939637772,-12.461314189662051,7.115616863283288,-2.083765866227453,3.481416706888899,-2.0833361091235347,-8.893937564464544,5.074505861573811,15.717163640313304,14.114968480821243,24.832142436069162,23.733239688195656
cool_nights,40857,Bushehr (Coastal),-6.022423208343515,-11.227804830639649,-24.95418984570426,-18.93176663736074,-13.392858307090254,-1.2500000282120387,-18.60714191489432,-3.071429080541873,-43.38461985578309,3.670452183623335,-37.921879195701045,8.461858007340794,200,12.142858278878215,15.535712834352449,47.055072039406426,46.38373720304184,34,400,-5.786040167334238,2.9213910963631116,-5.000000955835478,-13.333332038310079,-1.2319074669313523,-10.977358814815286,4.119383477249151,-10.625001263381685,-17.947043448749003,-2.8571450470993707,-24.793488288996286,10.741960738349137,-25.00000500734501,-42.00681740182808,3.3333299737819844,-19.007448121662048,10.069803398717575,-20.21739006843399,-37.06764196953244,6.366826048253597,-13.816129474181002,9.122774093634353,-14.684732120551317,-30.242631681398578,9.53571187156844,-5.191318647481048,3.863427341801095,-5.3603705420970975,-12.223939014028248,3.26315732201088,12.101424571378727,15.089898401649632,45.340147375610066,43.43446801778604
cool_nights,40858,Bushehr (Airport),-7.368311959489474,-13.328615570314884,-19.459790649578125,-12.091478690088652,-15.384614277902152,-1.6666727051924022,-17.000001549348738,-5.621881131178033,-32.02142835401244,-13.793103640217538,-25.84792954878457,-3.4569429433495307,200,13.71794157270975,11.378120418170706,18.228324713794905,22.39098660543504,34,400,-7.354416394179834,3.4707819992899496,-7.505181437186399,-13.573054403256691,-1.6666811994187642,-13.487941428822433,2.935359096453075,-13.846156780057754,-17.000004091644012,-5.621881131178037,-19.30068382164088,4.900192952912293,-17.499999395661472,-31.999998195003037,-13.461539437798521,-11.946267427461049,5.525755086369069,-10.724636627260775,-24.88198483347873,-3.4569429433495356,-5.81274239281845,5.414038128789881,-4.4126238196396725,-18.471542771744886,0.889489417008769,-6.133525034642599,3.536933892353123,-6.161618226188292,-12.478486504516376,0.1714303182172624,11.906373203837926,11.378122960465976,18.538458757204516,21.425041890129194
cool_nights,40859,Fasa,-11.294782200917316,-14.79305508388085,-19.62028904487196,-8.32550684395464,-20.624999803502263,-5.000000602501647,-19.99999961654204,-9.999999537489762,-46.26411758736354,-4.430552434975278,-28.540831318921494,3.1441170735844226,200,15.624999201000616,10.00000007905228,41.83356515238827,31.684948392505916,34,400,-11.554889151402563,4.753608609325898,-11.818171816912741,-20.624999803502266,-5.000000880118408,-14.915556612807704,2.863401142044203,-15.178573232614648,-19.999998530687495,-9.988085831737706,-19.95848101257022,9.684154799461371,-19.230767419509473,-44.399993930321095,-4.444445052698016,-8.403591861167659,8.936683560232844,-6.420460711532863,-28.945625233508032,3.4437299524916973,-5.042924399762517,8.584594237580554,-3.339474143104897,-26.936922372145343,6.555873890864301,-3.360667461405141,4.106985132655408,-3.7089915529494393,-10.2155927954584,4.263839245152383,15.624998923383858,10.01191269894979,39.95554887762308,32.38935518599973
cool_nights,40870,Khash,-16.084899202889165,-13.189180122150866,-18.37633809282767,-2.291438889938504,-19.99998179618133,-11.111111138536783,-17.648198614530628,-6.250002155196439,-34.736840809753105,-7.500001245846622,-17.46502252321368,8.008147968502351,200,8.888870657644548,11.398196459334189,27.236839563906482,25.473170491716033,34,400,-15.832111862498182,2.5565156003658434,-17.272615527499436,-19.999995157418155,-11.111111138536785,-13.066369581293744,2.623624216758765,-13.749998523127966,-17.149068713459293,-5.714297719127454,-18.343303735834603,7.394133260309481,-17.142862026676234,-34.736840809753105,-7.500000785654756,-2.5111918733364194,6.893374676777581,-1.3227546281424178,-17.49998533868246,8.614581830610401,-5.276934154540856,6.520741857681632,-4.037605363993936,-20.380215822369426,4.853728898315621,2.7657422812044365,3.1372029644688544,2.727286643259932,-2.791458354491245,9.83749657658456,8.88888401888137,11.434770994331839,27.23684002409835,26.11456716929286
cool_nights,40873,Lar,-7.34616300973449,-9.198466896168044,-18.0223038411692,-10.676140831434704,-13.099999536905516,-4.986107450682557,-15.4444523432533,0.0227300095918602,-43.57142804311487,3.333337310160876,-35.38960447152995,11.039639694214978,200,8.11389208622296,15.46718235284516,46.90476535327575,46.429244165744926,34,400,-7.534532352986332,2.061520660029248,-6.858539142979296,-14.000000531668594,-4.999998138504556,-9.694129663892419,3.7986013305492468,-9.999999611501657,-15.384615885661805,-0.5735405539724944,-18.95196505123634,12.361286225610364,-22.49999972584419,-41.204024625289605,3.3333300445259293,-11.417432698250003,11.808701601185994,-13.41667018262051,-32.84427213916155,10.336668793965025,-9.25783538734392,9.95123067682956,-10.83333777047425,-27.844976123678798,8.867852502755305,-2.159597310906085,3.5544157582221887,-2.0962705693391745,-8.585755770342955,6.130212896287782,9.000002393164038,14.811075331689311,44.537354669815535,43.18094093312658
cool_nights,40875,Bandarabbas,-2.382653202069511,-3.619714008665864,-2.69852740614565,-0.3158742040761391,-15.18750167754031,8.149165763553611,-10.43545380632919,3.185604289628928,-22.222221667211038,14.16665674496912,-16.696023988712707,16.19637641880434,200,23.336667441093923,13.62105809595812,36.38887841218016,32.892400407517044,34,400,-1.933132719814369,5.833262155117918,-1.4285711329853705,-13.333332320202752,8.125007313263145,-3.3351774081968495,3.5505641262070933,-3.888889104030091,-9.999995210642732,3.1818145192013296,-2.382773013880541,9.841053620161803,-1.9047631907683922,-22.222220803237487,14.166656744969119,-0.44964029406617173,9.327759815406312,-0.48809258717277715,-18.965518017028305,15.654540514547184,0.9524043943163089,7.98452623896462,1.472630226458704,-15.43273684051558,13.383709466945124,-1.4020446883824809,4.956185045077059,-1.3786515990677155,-9.676041021575783,8.00454194152733,21.458339633465897,13.181809729844062,36.38887754820661,34.62005853157549
cool_nights,40876,Minab,-7.182413235837281,-7.138393489412749,-6.316356150783403,0.8660570850538774,-20.031249086343067,-1.1673824532408896e-06,-18.42105300796636,2.0055557999188096,-22.138392698947357,11.428570749511168,-16.519787560475947,19.76785633021733,200,20.031247918960613,20.42660880788517,33.56696344845852,36.287643890693275,34,400,-6.984982777897935,4.61430483060089,-6.999999935894319,-17.99999961092545,2.450399860898825e-06,-6.899749216472096,4.809760922810891,-6.66666765174868,-18.42105300796636,2.0055556520499165,-6.074180130928553,9.379695889949922,-6.666665761073503,-22.083333044321826,12.307687672566418,0.9108026469693828,8.935183161423156,1.4285691817013717,-16.299992266996785,19.767856330217327,0.8255690855435429,7.972810433003923,2.013882517230627,-15.068661563087561,14.643554825592801,0.0852335614258396,5.252488307998182,-0.15476476240672632,-9.926994869263941,11.446445063803257,18.00000206132531,20.426608660016278,34.39102071688824,36.06784859721411
cool_nights,40877,Kahnuj,-2.538046401214312,-6.505559753594348,-6.010284216395105,-3.4722378151807924,-18.57141978787712,3.333319321059429,-14.303569757916447,1.11110547215426,-19.44444272221517,8.571432480148957,-16.518858031427172,10.511537282075777,200,21.904739108936546,15.414675230070706,28.01587520236413,27.03039531350295,34,400,-2.257393078871425,4.947410625885279,-1.8749940673990686,-16.66666504031182,5.714282507617113,-6.637845884470761,3.6541529161350956,-6.363635996165761,-14.169643258407007,4.062891292019994e-06,-6.250386294878252,7.760553320630939,-9.090911584083315,-18.036111762520093,8.571431447676067,-3.9929932160068278,7.792695947734047,-5.669649867392209,-16.367241560463402,12.382285949746036,0.3874595895925087,5.957158246572167,-1.0396908353437868,-8.197607515422108,12.748117415655457,-4.380452805599337,4.206484038931735,-4.6428598263644965,-11.666666256922218,7.144836273333702,22.380947547928933,14.1696473212983,26.607543210196162,28.74952751020944
cool_nights,40878,Saravan,-6.213340071053433,-8.435733571589783,-10.011034907019337,-3.797694835965904,-14.02499981916188,-1.3333352380245878,-16.153844845262675,-3.5654815314459576,-15.23809418794579,-4.261904370167117,-10.366068141413145,7.726032064313204,200,12.691664581137292,12.588363313816718,10.976189817778675,18.092100205726346,34,400,-6.3766136710615084,3.839367516917869,-6.428572078947996,-15.00000044869967,-1.6583333475419901,-8.497391916028551,3.3997487597460956,-8.333332662031903,-14.48718384985553,-2.5000025763568385,-10.191087377471236,4.235644665483494,-10.71430131698582,-15.238094415673535,-4.261903442596773,-3.8144737064097285,5.0510712139128,-4.9333527513059146,-10.71753833770563,8.623609868135114,-1.6936954614426867,3.7148822065939417,-1.8269239987940264,-8.083326514615147,7.162201248321776,-2.120778244967042,3.7535255910025733,-2.3725845198344873,-8.864540089528276,4.5352576929366,13.341667101157679,11.987181273498692,10.976190973076761,19.341148205840746
cool_nights,40879,Iranshahr,-1.3251288467107654,-4.762600945244268,-7.250591254292774,-5.92546240758201,-9.486842329964825,2.857142575136599,-9.132173132083606,1.6826948930314762,-19.99999885884941,7.999997709480008,-18.88888401005033,9.203329980728624,200,12.343984905101424,10.814868025115082,27.999996568329415,28.09221399077895,34,400,-1.4048007130487576,2.965946257791065,-1.111111446063251,-10.020833476930145,2.857142655234021,-4.619263814090461,2.8753789097640494,-5.454544814939371,-9.090909597124416,3.7499990554240896,-7.059988399215309,8.21051273212496,-7.000000375001468,-19.999995176363893,7.999998810313228,-5.655187686166553,7.497656044866512,-5.888888785909971,-18.46237846232114,9.113329266228163,-2.440724585124849,6.775115085578394,-1.8860015737904705,-13.461534692278326,10.61489904094277,-3.2144631010417033,3.0114195580547602,-3.769746031421416,-8.312225315985906,4.221682070928009,12.877976132164166,12.840908652548505,27.99999398667712,27.575707728549304
cool_nights,40882,Kish Island,-3.7566611917060255,-14.029107312659102,-30.50678066663223,-26.7501194749262,-32.37744214618254,1.176470671988637,-41.17948518497227,1.0526291611966776,-74.6299985830948,16.254465246621912,-70.52891667826286,16.80056997535713,200,33.55391281817118,42.23211434616895,90.88446382971671,87.32948665362,34,400,-3.5341923319961324,7.673386681010936,-0.7176964627409743,-27.189281176189414,1.1764696133483308,-15.128165247403986,11.691912322189001,-14.166666414930493,-39.16663282091505,1.0526215634984988,-33.14881979258066,22.19810295098149,-32.49999880540986,-74.6299985830948,16.36525816696314,-29.614627460584526,21.33387797195245,-27.687972482462552,-71.77005548727115,17.274349131763458,-18.020654545176672,16.091586159436158,-15.321572300482197,-51.346147395003186,15.57291640711023,-11.593972915407855,10.357855515783818,-11.089898425116438,-32.431966893502654,1.5841119313890255,28.365750789537746,40.219254384413546,90.99525675005795,89.04440461903461
cool_nights,40883,Bandar-E-Lengeh,-2.970193986900388,-8.86112825751153,-17.00601353768012,-14.035819550779728,-17.633920504167744,2.222221924037155,-22.548610224072608,1.2499979072348937,-41.61289426283778,8.181816274498184,-39.09090903375928,10.346574569545522,200,19.856142428204897,23.7986081313075,49.79471053733596,49.437483603304806,34,400,-3.119709255760613,6.563215712460304,-1.9999994351759096,-22.85714315388863,2.222222370726229,-8.913245228986808,7.735876527215455,-8.168894767729128,-24.771567909146484,1.4285640261889785,-17.27266873543025,13.821127582388785,-18.39999981950737,-48.46153554948316,9.047614124048879,-14.15295947966964,12.998262887860097,-15.257462103597046,-40.04017066230237,10.210303294940617,-8.359423506443445,9.992301888745734,-7.690478137307954,-29.267597909030158,9.419641095980438,-5.793535973226196,6.240331949497112,-5.330302290631237,-18.140422426073027,4.44960001809994,25.079365524614857,26.200131935335463,57.509149673532036,50.25047395724299
cool_nights,40889,Siri Island,-5.387647709987437,-6.165213090631262,-17.83664574168329,-12.448998031695856,-19.999989748881784,0.5882138153820018,-19.999998361959097,1.3333254455973556,-42.77021316979904,12.649040116953673,-35.50486076076597,16.594505584895778,200,20.588203564263786,21.333323807556454,55.41925328675271,52.09936634566175,34,400,-5.15410085170555,3.849344357535941,-4.999998912458716,-15.666667251577364,-1.5312470862056817,-6.082018154264106,5.801873197870303,-4.761905304782006,-20.015630853838697,4.692857673391718,-17.726787646696035,13.359462705935469,-16.08695567296885,-44.44444343526698,14.99999952442641,-12.572686794990481,12.477490248673828,-11.848491894039308,-36.73143841864858,16.584935666253816,-11.644769492431928,10.397923792892298,-12.153807913011043,-32.73824687523029,12.529171304878597,-0.9279173025585553,5.214736742088126,-0.33984664908481954,-12.148381951037724,10.707466400482932,14.135420165371682,24.708488527230415,59.44444295969339,53.31637408490239
cool_nights,40890,Abumusa Island,-2.317450092125339,2.419520010061168,-9.20123990027699,-6.883789808151648,-7.04861038077322,7.50892735132143,-4.782606568544973,12.142856135711634,-41.78570993366397,20.740545933682984,-40.00524237460017,25.980473544987845,200,14.55753773209465,16.925462704256606,62.52625586734696,65.98571591958802,34,400,-2.2859669336857578,4.53395506092048,-3.6363542715807435,-7.278408753027315,8.586308921016824,2.2966571342665985,3.505554029843374,2.1052634388237323,-4.505919659403082,10.848224101104163,-8.416514758543398,21.836815144927563,1.0526259842676309,-41.78571462428855,20.714285288928586,-6.13054782485764,21.212108381561187,1.739131010565694,-39.31525336041948,25.65074947103197,-10.713171892809996,20.25526561750684,-0.8571402611004988,-43.667717348900986,16.05436611028435,4.582624067952356,4.468519319995654,5.267865257637417,-4.5568223312838025,12.513523421430378,15.86471767404414,15.354143760507245,62.49999991321714,64.96600283145145
cool_nights,40893,Jask,-8.286165729037235,-11.358624015031124,-17.107331997404852,-8.821166268367618,-15.294115815129771,-3.250000726750486,-17.028124940428633,-4.278577867178528,-30.00000790346429,0.0499980405883319,-19.55870418575531,7.812502360697572,200,12.044115088379286,12.749547073250104,30.05000594405262,27.371206546452882,34,400,-8.058080728948008,3.279612257099964,-7.142858172032073,-15.294116352843632,-3.333334234373753,-11.266867930311948,2.9575261469143834,-11.818180378097416,-16.483824271668077,-4.278577957801894,-17.038100214245315,7.61755802662479,-17.916670902518547,-29.999999135060524,0.04999707340671147,-8.980019485297307,7.297430143449996,-11.16905339609862,-19.29220612270449,8.168314858533165,-5.771232283933369,6.786314518151669,-7.065214286703653,-15.714283601372838,9.707804596877741,-3.2087872013639394,3.5446638454425408,-3.6842127896244947,-9.172499393485825,4.894636970154889,11.96078211846988,12.205246313866184,30.049996208467235,27.460520981237654
cool_nights,40898,Chahbahar,-15.148837051967885,-15.10241526523509,-27.303545418384957,-12.154708366417069,-18.33334478358088,-11.525005806822897,-22.66665729013077,-10.62500077101318,-46.52536141899402,-11.000001295376002,-28.84168656949456,3.999994861914647,200,6.808338976757984,12.041656519117591,35.525360123618015,32.84168143140921,34,400,-14.943695970359359,2.0656449969732535,-15.000000081742135,-18.333341257228135,-11.000000649653163,-15.122319831630865,2.9675541856611636,-14.705883224665698,-22.666657290130775,-9.000001141218135,-26.686184935666887,9.773398834975474,-28.14814733426622,-45.038046176688,-9.375002127883912,-11.74248896530753,8.791332371639367,-13.14814525318696,-28.192028246935482,5.064839458668379,-11.563865104036026,8.326782116291117,-13.045862146838886,-25.97223109438675,4.734499943396331,-0.1786238612715043,2.6820236614217343,-1.5435227735949297e-06,-5.6711420132681205,5.334374689405498,7.333340607574971,13.66665614891264,35.66304404880409,33.25686770560386
cool_nights,88187,Jam,-9.73553795445698,-13.428791742046288,-8.8812577949199,0.8542801595370806,-16.66666753003106,0.9090929279720124,-23.07812611645728,-2.857143390709947,-20.78846521674645,6.272321738749671,-15.605015284063306,20.27880026416067,200,17.57576045800307,20.220982725747334,27.06078695549612,35.88381554822398,33,400,-9.828884916937083,4.795813034011961,-9.545456613835324,-16.66666926476457,0.9090907937187153,-13.527519266796027,4.790139946143201,-13.928571680567336,-23.078126116457277,-2.857150316127768,-9.607737843250758,10.61768257574072,-11.111404625032852,-22.144839266332145,7.142851517850115,0.22114707368632694,10.377642185743563,-1.008411026070041,-15.92729433641575,20.27880026416065,3.9197814235452686,9.229992253219738,2.578351468033463,-10.79515133657274,21.811796845271992,-3.6986343498589416,4.054961247034346,-4.0909151218516735,-10.407313733845605,5.283326584661632,17.575760058483283,20.22097580032951,29.28769078418226,36.2060946005764
cool_nights,99331,Tehran (Geophysic),-1.8195198622723967,-2.7570948004832343,-1.816452383375598,0.003067478896799,-12.63157728095429,2.000000596902178,-10.767843804436051,1.6666665958203943,-24.347825282204703,18.333332681284475,-22.721781628333,16.694447738111965,200,14.631577877856467,12.434510400256446,42.68115796348918,39.416229366444966,34,400,-1.569031394827398,4.331761856045738,2.035644890908215e-07,-11.5657928666518,2.505681376874807,-2.395329051734747,3.1891619340141903,-2.083333156082493,-9.002281130684263,2.950975932625012,-1.5013130163639143,10.116335074116998,-2.608695610691069,-21.78971732746235,19.44444237366443,0.06771837846348339,9.097716006505502,-0.6250000353864966,-21.66809038919619,17.87719210357786,0.8940160353708323,8.568995426709533,0.248021789458982,-17.321432674962576,17.777778996076602,-0.826297656907349,3.5302715928460633,-1.045027120400651,-6.8297612424704965,7.252743802246711,14.071474243526605,11.953257063309275,41.23415970112678,39.54528249277405
cool_nights,99407,Boshruyeh,-8.552644309891448,-10.3141768804397,-9.493438292743418,-0.9407939828519706,-11.81818219739088,-3.9999995823915846,-15.909090461535593,-3.990909674442805,-15.784410182168498,1.8282825819255928,-8.380838062767054,9.515739639683252,200,7.818182614999296,11.918180787092787,17.612692764094092,17.89657770245031,34,400,-8.592794831578322,2.1163488490167954,-8.421053103236403,-12.857141750253485,-3.9999999634736922,-10.371556170994785,3.46358283575602,-10.70196966831835,-15.909091559983086,-2.785715173397182,-9.343944009119879,5.868560208477165,-11.111110799039395,-20.769229225306123,2.2221918751167067,-0.751149177541558,5.606763183956323,-1.3186802522635075,-11.46428992536887,10.086884452954212,1.0276121618749057,5.381895598710863,0.5012522492548053,-7.924690215589278,13.362917091012864,-1.7787613394164634,3.2351732068759658,-2.1990666837868416,-6.666666632329953,6.87499593597831,8.857141786779792,13.123376386585903,22.99142110042283,21.551174378323083
cool_nights,99421,Natanz,-6.975155802486568,-8.540373033003103,-12.248930299107654,-5.273774496621087,-13.846152925560215,-2.281250003864438,-13.499996110832974,-3.3214285313049623,-29.9999890120114,-4.972223023179667,-22.380941521042796,4.008327226999983,200,11.564902921695777,10.178567579528012,25.027765988831735,26.38926874804278,33,400,-6.715435752834571,3.1570172801625977,-5.882352490087173,-13.84614887218736,-1.2500017528081004,-8.524101117570615,2.4073890877941917,-8.750001827791824,-13.337500986046113,-3.3214281287437815,-12.07218950473181,4.972929316361111,-11.111113102395333,-29.31034043538908,-5.909091505650658,-5.356753751897238,5.1486283107486885,-4.534320560899138,-19.671380789789243,2.7395821370724938,-3.5480883871611955,4.520504192549154,-2.55296114583539,-16.00987541440491,1.8717250182997267,-1.8086653647360427,3.455253200894434,-2.3809522526287177,-7.328409121250682,7.341627655304838,12.59614711937926,10.016072857302332,23.401248929738422,22.410962926861735
cool_nights,99459,Borujen,-11.899522085512563,-12.65271460081079,-16.778656271409396,-4.87913418589683,-19.58333073520799,1.0526299246345387,-18.749997948786223,-8.000000981674638,-26.363635858416423,-9.27415923391119,-18.424161007938363,3.459585493882629,200,20.635960659842528,10.749996967111585,17.08947662450523,21.88374650182099,34,400,-12.080267060985898,5.352981680460785,-13.000034932626658,-18.753479549857254,0.4545442351870701,-12.568469295639721,2.410246974544068,-12.608694101469709,-17.350000655498366,-8.000000230006462,-16.81727767204819,4.416912892014083,-16.923076917871064,-26.363641836496782,-8.82352992729639,-4.737010611062294,6.102108572704129,-3.2962947622742886,-18.424161007938363,3.5674003313440035,-4.248808376408473,3.457225372518441,-3.749995265870626,-12.139233184942784,1.3032897099025424,-0.4882022346538214,4.996480941098256,0.7843446994568168,-11.067337925134124,6.249993320838702,19.208023785044325,9.350000425491904,17.54011190920039,21.991561339282367
cool_nights,99623,Zahak,-4.533408470497763,-3.507180055809976,-11.33527308429447,-6.801864613796707,-11.111104422820604,1.9999937344784724,-15.714284489793986,5.009618738221822,-16.67187402828227,-2.000002816519148,-15.087660870366568,1.699340743366335,200,13.111098157299077,20.723903228015807,14.671871211763124,16.787001613732905,32,400,-4.634205177588426,3.1041714534933638,-4.199563525032109,-11.17423657542327,1.5384616820078916,-4.011780439183577,4.849030118337188,-3.0000014509550987,-15.721430043920694,5.0096187036638,-11.335028967774901,3.549190158762798,-12.083333223799084,-16.87499957323564,-2.0000118826888182,-6.700823790186474,4.572678297568552,-6.583348938277031,-14.876260516329465,2.927074023529594,-7.323248528591323,5.362456454729646,-7.916665941261085,-16.890625903835335,5.7142730168028235,0.6224247384048492,4.079041375948197,0.9182795803333295,-8.876569503062578,8.07356302846336,12.712698257431162,20.731048747584495,14.874987690546822,17.80333453985906
