index_name,station_id,station_name,boot_mean_0.10_base,boot_ci_low_0.10_base,boot_ci_high_0.10_base,boot_mean_0.90_base,boot_ci_low_0.90_base,boot_ci_high_0.90_base,boot_mean_0.10_alt,boot_ci_low_0.10_alt,boot_ci_high_0.10_alt,boot_mean_0.90_alt,boot_ci_low_0.90_alt,boot_ci_high_0.90_alt,comparison,alternative
warm_days,19996,Bahookalat,-1.6904485822775146,-11.016669282051568,4.303575957220978,0.0338085506409137,-6.666655047752015,13.46153367841169,-0.6587014518957528,-2.372341945004848,3.5206957345434153e-06,1.7981927605292063,0.012444591809193167,10.413271714055416,bootstrap_method:meboot,meboot
warm_days,40700,Parsabad,4.731618311915103,-5.353861579349054,19.999997819884346,8.935642873968465,-3.749999076140876,19.99999968909096,4.306402136828629,1.4069416853073813,6.46717105925225,11.793141115138173,5.848919172307212,16.03414286060762,bootstrap_method:meboot,meboot
warm_days,40701,Maku,7.915718804743157,-5.999999427355329,28.050000268391965,16.622145585810888,-5.88234854374574,45.71426462188363,6.252998145044526,1.2998296294722491,10.874728746595274,20.73932896969955,14.254257781193514,25.941823330698174,bootstrap_method:meboot,meboot
warm_days,40702,Jolfa,11.019434234736693,-2.6666665677839188,27.27272602060086,19.60837656311308,2.2142861810959857,34.54545405379361,10.350727435459824,4.2781789209910555,13.904589829656967,20.91932182940195,13.942202363702735,25.937083114270397,bootstrap_method:meboot,meboot
warm_days,40703,Khoy,10.175279642278742,0.6499935893842321,16.521738046014505,20.36905511259199,2.565789627381513,47.22222091340582,10.753767566829161,6.8784463104875195,14.499698181002936,21.081825466143673,11.157531893138271,27.574955198395315,bootstrap_method:meboot,meboot
warm_days,40704,Ahar,7.588669877978692,-3.34999944012948,17.27272724127642,20.89695207235665,7.368548554542864,47.7777695263766,6.4636264634084775,3.87610049674162,8.638893200539245,17.32748326707428,6.339688199625926,27.025413630298143,bootstrap_method:meboot,meboot
warm_days,40706,Tabriz,7.6783329822815,0.7692310920175391,14.13008832428156,11.528326582489235,-0.541668257749195,46.70587650944434,7.568949204311037,3.8221222168543205,10.403184740076165,12.705732129333523,4.007014581804786,24.85197668601154,bootstrap_method:meboot,meboot
warm_days,40708,Ardebil,8.748325321974441,-1.8749972324225248,13.333331400281152,15.00000506106106,-19.090893768835915,44.66665299284399,8.553092314820933,5.089848047100402,11.088290882713991,16.549162350731425,6.507708382153727,28.669081530347636,bootstrap_method:meboot,meboot
warm_days,40709,Astara,6.489813347133337,5.648889385276412e-05,11.818181695152242,12.482961938762667,-4.166643069725483,22.471433175832587,7.600360706513089,5.680697408794632,9.61823612196266,13.948994136337955,8.492361817120035,18.701132172231468,bootstrap_method:meboot,meboot
warm_days,40710,Sarab,6.968004933128009,-2.499983964457553,12.021428903495549,11.059264808387509,-7.777777830862918,40.66662996123854,7.965221945227338,4.37580111688402,11.387571683166057,15.021035081596105,6.990873909736157,21.958460207644958,bootstrap_method:meboot,meboot
warm_days,40712,Orumiyeh,9.827441284720498,4.643749775617885,18.006896574762706,23.67079860547032,12.94117668240227,46.11110813234298,9.32780889289154,6.488862411175167,12.223940212063157,22.036941003286802,14.972589213211487,27.746308745438025,bootstrap_method:meboot,meboot
warm_days,40713,Maragheh-Synoptic,14.25433815295743,8.947368639198553,27.27272724127673,34.27888756389969,18.23529172817569,52.505681549744345,11.489796921001165,5.913584200169623,18.600062995883857,28.487924397715542,21.051971986211726,42.03545318680963,bootstrap_method:meboot,meboot
warm_days,40716,Mianeh,7.889346703492468,-5.294109244465057,21.111109506508026,21.182382367337095,6.875000014959949,37.33331604706586,8.681153565936416,4.6957755072145835,12.681052199444654,21.639574824848022,10.75584892897785,31.558178653454497,bootstrap_method:meboot,meboot
warm_days,40717,Khalkhal,11.536569636251096,-1.8995519791792157,24.99999985940345,24.68090646492301,10.000000272327265,36.88771796634964,9.844503654078192,5.78181557841945,14.44671613434459,24.47506227314515,17.278165402862914,32.216637581569145,bootstrap_method:meboot,meboot
warm_days,40718,Bandar-E-Anzali,7.651210045794119,3.7500006175435927,25.771428642000146,30.82237360773805,8.000040980269702,45.83332826096009,6.395316290291731,3.98863721593084,8.711594217970543,31.668383517006596,19.028185724278202,38.973751559925304,bootstrap_method:meboot,meboot
warm_days,40719,Rasht,2.4017865574195785,-4.615359162369416,6.540513337712136,6.628164305411547,3.620451639720938,11.666664926075624,4.317691397995168,2.262848396269416,6.269629350670675,4.962455775662484,1.0108016737563266,7.057443430863265,bootstrap_method:meboot,meboot
warm_days,40723,Bojnurd,4.188714102892762,-4.015386645448881,11.818179252165004,12.349592758065636,8.62826109670311,16.4285705289445,5.20760924433547,2.204676938051599,9.70122337491077,10.396701989505848,4.157529400370354,15.258519550461239,bootstrap_method:meboot,meboot
warm_days,40724,Piranshahr,10.605103650080675,2.4829621860138382,19.250001339104276,23.81628358443463,-11.818128252907115,56.11106761241501,10.21918310882522,5.490323100543726,14.309462728692019,21.78650952711036,13.606278256482332,29.735652697231373,bootstrap_method:meboot,meboot
warm_days,40726,Mahabad,11.02835010381133,7.058825365939304,16.66666456853872,20.880259978643544,1.0000006261114198,38.391665667760414,10.30080570125234,6.935073067724448,13.822629950409068,23.65513857578744,10.268222753810916,32.261914719661554,bootstrap_method:meboot,meboot
warm_days,40727,Saqez,10.105083379226096,-3.350000553677427,14.556818818461169,20.1864839461516,3.964930624309862e-06,45.3333252829216,10.774745192790434,6.522787537070467,14.725906959979403,15.84568320775533,4.888855500887799,25.64848978863622,bootstrap_method:meboot,meboot
warm_days,40728,Takab,8.51574680926333,-0.0625000880907992,14.99998528762233,21.269881695306168,5.263161917526245,43.33333029231559,9.701583298603932,6.3428731944125385,13.441329935262644,23.178021279730473,12.820567044144488,29.326037253311068,bootstrap_method:meboot,meboot
warm_days,40729,Zanjan,12.183523817016798,-1.9999991394030616,29.166667219498542,33.96928768278235,12.777786760835,45.62500050258532,9.048698363335713,4.231736241835223,15.278865618962836,33.123569584854316,22.722341447028974,38.80776955790898,bootstrap_method:meboot,meboot
warm_days,40730,Khorramdareh,8.439672004070417,-4.166638103197014,17.499999344654185,23.641183003387585,5.500000968644831,40.666666127394286,8.803017287971587,5.132197624860671,12.380858030609758,24.39613938916069,10.154430504489818,31.328734769636874,bootstrap_method:meboot,meboot
warm_days,40731,Qazvin,6.964251726130672,-6.666664440575643,12.805001927009728,18.839138580841286,7.140754412606437,27.3333325628204,8.703221083387724,4.708705614332033,12.67022848302025,17.867928256524802,9.201660383293609,25.12108742799915,bootstrap_method:meboot,meboot
warm_days,40732,Ramsar,8.059588374208975,3.52941157598622,11.499999594997371,19.81622986311969,3.846154146470765,27.897377138450587,8.681661062365828,4.932336647314334,12.085920933554128,14.051876614346627,8.11773198989385,17.645346976064097,bootstrap_method:meboot,meboot
warm_days,40734,Nowshahr,6.452478995657981,3.684213901430845,8.891678443349567,17.484767494575273,12.11956643271622,27.33332784142201,7.204777430100328,3.8618008652837417,9.609644333433566,17.223591711201287,11.999747405355135,21.410443391383772,bootstrap_method:meboot,meboot
warm_days,40736,Babolsar,3.4449812896044056,-4.999990870862874,7.058822039656008,13.609078554952037,-2.5336510768240266,40.6666626811226,4.126151070831449,1.609486804569014,5.829216593651161,14.291832762342064,3.5802824131180495,22.928716031339178,bootstrap_method:meboot,meboot
warm_days,40737,Gharakhil,7.311707022251785,4.719725057754593e-07,21.818181676423357,14.214535370381018,7.500000527908853,27.272725696929733,7.334377309990414,4.129533849960346,9.427021659473214,17.43000961162613,7.89401042671516,29.711462341968165,bootstrap_method:meboot,meboot
warm_days,40738,Gorgan,7.109355026207602,-1.8227159559992128,11.7321424520195,16.579458709599784,9.235384270051725,25.38420648824448,7.7508029667552,4.831655460872825,9.83123641567806,16.90698217155808,11.739014999899505,20.931153894845288,bootstrap_method:meboot,meboot
warm_days,40739,Shahrud,2.9403482285387184,-13.99995321410836,10.917613000701332,5.257931640210257,-6.874997921660233,17.999998062774175,4.919345272181917,1.3808211116728581,8.81551601149207,4.533313171432352,0.6950673336595777,8.39383619097209,bootstrap_method:meboot,meboot
warm_days,40740,Quchan,3.6789371604268393,-7.9999975097085585,11.818179845711011,9.465349694354115,3.962492548142216,14.499997459654775,6.686536431627976,3.434135058715469,8.68823112157882,8.606898635249339,3.9570499478569783,12.070094175519372,bootstrap_method:meboot,meboot
warm_days,40741,Sarakhs,7.322852515842035,1.0000001172224635,14.705881980536148,15.478010199235769,6.428584180585102,20.00000045114557,6.8004894610196684,4.252706374740919,9.680466944777935,16.309241826381538,9.129352917389408,21.54901671575197,bootstrap_method:meboot,meboot
warm_days,40742,Biyarjomand,1.0426442472747153,-7.499997909214832,10.384614691560706,11.439889321535915,1.886920916871503e-06,16.499998627756955,2.9775802989641136,0.9446642864125124,5.8374891200191055,12.335895403793547,6.800082925357163,16.88555089297524,bootstrap_method:meboot,meboot
warm_days,40743,Sabzevar,3.771318152110282,-10.666666398976142,17.999999858426776,6.061825860403866,-2.8309602689538207,12.033332497746512,6.570351017032773,2.704360726251206,9.577876777241418,7.229407029536463,2.597445367142895,11.415504057389253,bootstrap_method:meboot,meboot
warm_days,40744,Golmakan,7.066609695304407,-2.4999987057873394,13.471145740719486,12.815289504232744,6.1521692013763145,21.24999938424934,9.047925366648673,5.379485782779841,12.027943069461402,12.020738682539756,6.784826491983534,16.43266486780667,bootstrap_method:meboot,meboot
warm_days,40745,Mashhad,5.329532058452207,-3.76048465145121,17.27271722629036,13.722002292281232,4.545466425327171,24.285709178078637,5.044181323946215,2.8195673658660723,7.296093241885264,10.98030548982573,4.061736611763597,16.61431011258622,bootstrap_method:meboot,meboot
warm_days,40746,Neyshabur,4.430515115508812,-8.333332095262348,11.666665121765227,9.876616507956893,1.764706238706346,19.99999844503836,5.446992537825484,2.4695064318700233,9.044320499597204,7.927172050975765,2.7586150133987197,12.00214588830043,bootstrap_method:meboot,meboot
warm_days,40747,Sanandaj,10.890167783135182,6.000006386996537,15.206362569927268,22.650507747817187,1.534094901035063,40.18058005542028,10.295805207468488,6.1637964604,13.330188231174075,22.76351190022448,11.847736097259805,28.818041759237026,bootstrap_method:meboot,meboot
warm_days,40748,Bijar,8.706996292406568,-0.7142862173901353,17.07500099137051,25.121618530099497,7.458333477367208,45.333323042653824,7.837810605021933,3.4420773415010983,11.38086063599,27.828201211042188,19.350377071533487,33.4798383739507,bootstrap_method:meboot,meboot
warm_days,40749,Zarrineh,9.219250137505194,-0.0166653308290811,20.667857143630957,25.456798973402677,6.500001984900793,39.14035489060843,8.112265930804119,4.6364356627126755,13.280557995032657,24.64472251556997,17.249986323187617,30.001305539881017,bootstrap_method:meboot,meboot
warm_days,40751,Tehran (Shemiran),12.097713438046902,5.990625245350798,21.770587681937755,28.571377937406893,10.588235381607996,43.88887402708932,12.052848718640874,7.781574988603209,16.01918648098255,26.717430975778267,18.24690317247838,33.31099682628457,bootstrap_method:meboot,meboot
warm_days,40752,Karaj,8.44256171987817,-1.856059117172394,15.555555435601876,17.23172714404819,9.411764888739611,30.66666359870604,9.788709272482576,6.821837483843354,13.0673132989935,16.132471276911854,8.831119316882825,20.153377348630897,bootstrap_method:meboot,meboot
warm_days,40754,Tehran (Mehrabad Airport),3.5688241495081225,-8.155211144287955,10.000000010989249,4.372602389459064,-4.218180283350369,20.666665734661223,6.597495307449577,2.680280449125606,8.688965669170987,3.3905157640836983,0.2514433772545257,9.981155546556488,bootstrap_method:meboot,meboot
warm_days,40755,Abali,8.668191726879682,-1.7968743731967345,14.692850392241589,16.891503314725522,-4.999996721524962,47.99999526780859,10.702776990934753,7.150296320677476,13.348637586150993,11.8562506258714,1.175157226726029,23.484430698924008,bootstrap_method:meboot,meboot
warm_days,40757,Semnan,7.069232868096695,-3.124970147997868,16.190473600197848,12.976298405923998,-6.153845474811377,33.999998267653545,8.403183029733604,5.0638062752848185,10.88612576324508,9.132831519360364,1.7222919101195249,15.101303808286403,bootstrap_method:meboot,meboot
warm_days,40758,Garmsar,1.031146350599436,-9.391663901346584,9.166666299618836,-0.2672609890218972,-19.99999952755497,20.066665985699995,4.0124278454349644,1.2869865521887232,6.162299314191255,-1.4119399923610723,-4.5363463274896,-0.0769644533939667,bootstrap_method:meboot,meboot
warm_days,40762,Torbat-E Heydariyeh,7.773223577729619,-5.999997792425108,13.850649484112788,17.753604575652634,3.979546160487861,24.66666448743787,9.683513880566379,6.872562984556306,12.572001683592255,18.602120966257583,14.091672392814052,22.8718016112289,bootstrap_method:meboot,meboot
warm_days,40763,Kashmar,4.797051134481946,-10.681257410247266,14.444443923180886,15.168649172058537,4.701871646351529,22.02954644361373,6.590771320782866,3.639753899739729,9.315044918063343,13.777455342864327,9.159037891053037,18.5042086063518,bootstrap_method:meboot,meboot
warm_days,40764,Ravansar,9.27571618780376,-0.7692012327855424,26.363635236704955,23.481319355740908,-3.9999782769024272,37.061111049138965,7.409332312255716,4.228651295780144,12.71941712912875,27.385382300232724,15.742906950528578,34.29486207359604,bootstrap_method:meboot,meboot
warm_days,40765,Sarpol-E-Zahab,10.363996444908537,7.470391128812207,15.005440231344362,20.944836217438663,-2.144838386534408,40.588087583329866,9.917398484658733,6.2218638202867975,13.948117630162448,18.35337400062605,7.1448222312025,25.054102292996802,bootstrap_method:meboot,meboot
warm_days,40766,Kermanshah,5.357595915944748,-2.9107138936533765,11.249995799989154,4.55421485447815,-15.294119008222903,20.038547987219264,6.62367588753287,3.2185296558815257,9.225024957420532,9.116039892545292,1.9700122035800807,17.066625554601977,bootstrap_method:meboot,meboot
warm_days,40768,Hamedan (Airport),6.44423081738335,-1.874972948530593,12.72726924321598,21.574807761043576,6.000000684131183,36.69232198158912,7.603297142249431,4.885755185969853,10.860319755298505,19.754897085799712,9.425878164932916,27.020547922839707,bootstrap_method:meboot,meboot
warm_days,40769,Arak,9.97296498330182,6.640642836260122e-08,14.800000001448913,16.116033263337297,2.8007110436324317e-06,34.80590395862547,10.50975460656531,7.046859116748446,15.100794989331424,18.359110694685498,11.381641228444794,23.341770121703966,bootstrap_method:meboot,meboot
warm_days,40770,Qom,8.222570558028863,-2.499999739959174,16.666666691335536,21.132995273374963,8.000003192087986,35.999997054213,8.691032672005512,4.555766729056178,13.169768492548783,21.390716460700467,14.2326146032755,26.496391221238557,bootstrap_method:meboot,meboot
warm_days,40771,Kangavar,8.670347561276865,2.3055568882712363,12.830001062083848,17.763972830641002,9.2454102885969e-07,33.157889803811834,8.664178405680017,5.883616590528458,11.436047207674392,19.22816349362786,13.34927638624916,22.917764966132356,bootstrap_method:meboot,meboot
warm_days,40772,Qorveh,11.02525280372338,1.3208315103660122,20.83333832731501,25.1329809078392,10.588234072944202,39.333329372774834,8.939663891492467,5.137810088084925,14.590888234591167,24.354736661168946,16.912649173465347,31.022278300561045,bootstrap_method:meboot,meboot
warm_days,40774,Borujerd,8.3446339289185,-4.458333373198638,12.999999243194008,21.2577524435766,-1.9999987968276236,40.78186136043272,9.535140339867057,5.657284915462826,13.723608219199342,21.12379249236631,13.377786295347365,27.177736520924913,bootstrap_method:meboot,meboot
warm_days,40778,Gonabad,2.915858854116837,-11.999996234168398,18.008331867309483,12.605695508384107,3.927778341048279,19.054762589454057,3.143268016230691,0.9829689579127944,6.086100610396225,12.043713050722845,7.727160269298243,16.312349570398247,bootstrap_method:meboot,meboot
warm_days,40779,Eslamabad-E-Gharb,6.524210076895952,-1.7500010802310366,10.74074023773709,13.818559521935004,-3.578685971573167,42.88245409820972,7.1831695852066915,3.8818603746701035,9.928717351884664,15.035465143049478,5.613908402266463,25.599274810797322,bootstrap_method:meboot,meboot
warm_days,40780,Ilam,16.22857292858373,4.705884999126741,35.478897593164625,33.39695748169499,23.636365840789,43.84614547742209,14.077298543689524,8.027605117194367,21.36772590095525,30.099936874692588,21.88471392484752,36.36262621983435,bootstrap_method:meboot,meboot
warm_days,40782,Khorramabad,11.533583768029487,2.307722251681635,27.142841374145902,24.91084014210129,5.78947386674582,45.33333024296245,11.436665231758644,6.461643423969565,18.106267243152825,22.722287316537695,14.214108291352476,28.526585663903127,bootstrap_method:meboot,meboot
warm_days,40783,Aligudarz,6.364374752149995,-0.9999937101989737,11.428571100053455,18.474758438492284,-4.117624817990928,41.99999276823458,7.242785841882794,4.108996373883816,9.601331803651123,13.729438742844815,9.09207312008152,20.982993800274436,bootstrap_method:meboot,meboot
warm_days,40785,Kashan,7.595148550505723,-5.025002892474108,18.46153409760708,19.40442838950985,-1.333332437256432,30.9523566258469,7.806737994575761,3.348810523300753,11.212878165995845,23.553758970883546,16.100633018575653,30.229742986164073,bootstrap_method:meboot,meboot
warm_days,40787,Daran,5.319626350977201,-3.999982807693233,14.444442284455617,22.312285305635047,-4.666665904629265,42.06363596861664,6.51653929051799,3.4111086936083788,10.488304132111544,30.83398143570449,18.104328382871955,36.524241463944925,bootstrap_method:meboot,meboot
warm_days,40789,Khur-Va-Biabanak,7.41968766185612,-1.3187496058900112,12.737216328020038,16.484063903517885,-3.529411513222462,29.04761572172182,8.621327445469248,5.059380992990714,11.690810104917022,21.410692902145946,5.233619363637452,29.001790163758162,bootstrap_method:meboot,meboot
warm_days,40790,Robat-E-Poshtebadam,3.4246746099011904,-11.428568867580292,12.402499782189269,8.731385970031173,3.6363636369676895,17.28734022927889,7.700999687057072,3.0691392106171937,9.642060513692485,8.909986094825667,3.4184769476246117,13.923315638980721,bootstrap_method:meboot,meboot
warm_days,40791,Tabas,9.092789405814766,-3.33293988488005,14.285713688019452,18.28920121681597,2.9527786675920216,30.027779738793683,9.703846234600476,4.588705546308643,13.371551957252793,20.358732464932842,10.860533628056743,26.418185229788413,bootstrap_method:meboot,meboot
warm_days,40792,Ferdows,1.298130229604452,-15.02499823511022,6.931815202973284,3.831540810269221,-12.666661195752251,13.04347855345407,4.455257422755795,1.511262228394373,7.339714737425863,8.690176239516829,3.662335320395218,12.316607829468282,bootstrap_method:meboot,meboot
warm_days,40793,Qaen,9.519655934231317,-2.54464092619186,15.013889575625296,18.22387660927074,4.117662403388583,26.666663639759538,9.783541834257646,6.38305194032907,14.51755632128126,16.333048692083345,10.318399011397178,20.76536323370928,bootstrap_method:meboot,meboot
warm_days,40794,Safiabad (Dezful),8.458965584590338,6.42857151843054,12.920672810505208,20.83309587092109,-15.999996962012125,36.72222082878016,9.053266808628047,6.045908231522947,12.817000391157357,23.93335601356078,7.371931388437212,32.991107363363476,bootstrap_method:meboot,meboot
warm_days,40796,Dehloran,15.465528737214855,4.166666093245878,27.1517872487383,31.58528000862241,7.978571846834064,46.331246071575016,10.845156043836903,5.348130369020329,21.460214908945414,28.143597770088345,17.153050063491992,39.771788846186325,bootstrap_method:meboot,meboot
warm_days,40797,Kuhrang,8.856375439245026,-3.333313067956885,25.714284572843457,27.69085240113264,6.6666681247873605,44.14339829911921,5.3642117304840555,1.6602545150883063,9.141198221491937,20.84403898128002,10.657064835263972,33.432831608230735,bootstrap_method:meboot,meboot
warm_days,40798,Shahrekord,6.930712266833605,-2.8571413571576083,22.72727220182075,23.82350314120561,7.500001197413376,39.99999353061481,6.290979328516758,3.354655903084054,8.313309199203138,18.256524782368565,11.204175664294528,25.938381779773184,bootstrap_method:meboot,meboot
warm_days,40799,Ardestan,3.862293519575977,-8.124996002268876,10.000000680532027,11.552433351088249,-1.557859983355468e-07,17.69229032611712,7.776528739535001,5.205864736805889,10.505365319592011,13.235133032972582,4.635559529167226,16.648370758450184,bootstrap_method:meboot,meboot
warm_days,40800,Esfahan,7.848458068660028,1.9499898969259712,16.36363591450246,28.44031675927516,-3.99999939769056,56.89772763608143,7.498828436648871,4.468089264830988,11.436463107084073,37.74694979572552,12.17553694550803,48.67238500413864,bootstrap_method:meboot,meboot
warm_days,40801,Naein,4.547173274679079,-5.882345779544863,11.92308010890786,10.186951553215636,-6.315778244419926,17.69229907416808,7.940851375821694,4.954876786838943,10.92351545051911,9.253434838470037,3.8890406450037354,13.776476367247966,bootstrap_method:meboot,meboot
warm_days,40802,Esfahan (Airport),5.067138047726712,-2.520832571303019,11.48792265171247,12.149460547672756,7.491598876793251e-07,23.74999946610459,6.2628047380432585,3.298595551229919,9.702003358512147,10.302992794020048,1.6667747846816114,16.98827800941127,bootstrap_method:meboot,meboot
warm_days,40803,Kabutarabad,7.898808667480903,-0.6666600009775844,13.749994849871484,21.553013314453093,-1.3588242988533072,37.09443345200759,8.284847768972917,4.597892585653366,11.232913162644737,28.30811910578005,9.803841465795022,41.07765125866406,bootstrap_method:meboot,meboot
warm_days,40809,Birjand,6.795445030900435,-0.088236963365737,11.66667044312426,14.01101999430916,2.857151544528762,21.428570946771917,7.117073745548319,4.338414921036864,10.466135612702459,15.208173726545965,8.24751082709857,22.46797235413499,bootstrap_method:meboot,meboot
warm_days,40810,Bostan,7.356878178907652,5.00000036644201,10.000000371157787,28.558785051076008,12.785720888320464,37.06111065837917,7.492938660999713,4.522339781797509,10.998810947805026,26.035531386130252,14.274952607366847,37.53685235561715,bootstrap_method:meboot,meboot
warm_days,40811,Ahvaz,7.308571903318889,1.950000550955929,16.275557939624218,23.605653298036856,3.2500000196924126,38.06136230639186,7.900613103773099,3.5782678242768684,11.140794119478114,24.59100989560094,11.819860194623976,35.80876871298316,bootstrap_method:meboot,meboot
warm_days,40812,Masjedsoleyman,13.589821054034488,3.978126634865616,18.571428894611937,17.365226151186434,-4.210526173117376,42.14285292474791,13.401451671393925,8.995604141922241,19.572557990151044,22.209948333457074,15.5427424759671,26.727705017441078,bootstrap_method:meboot,meboot
warm_days,40813,Ramhormoz,11.004605043502524,4.285715784837035,16.999962551981188,22.57280802238831,-0.5710781593864243,33.40000056057652,11.010188607157245,6.245665888255872,16.601104066901712,23.832875169341904,13.173392054222708,35.98995204801289,bootstrap_method:meboot,meboot
warm_days,40818,Abadeh,7.703773140103113,-3.7499954350555487,25.62373866655796,15.319906810059294,0.833333892395184,31.81818161498177,5.735380486293161,1.4238703707133924,8.78961811608104,16.409504808669368,7.612831498825879,22.0913453718069,bootstrap_method:meboot,meboot
warm_days,40821,Yazd,6.568637924289216,-2.4999998070049028,14.810217192255353,14.11261411018299,5.333333830279131,27.85713848386416,7.262833018132511,2.9416670305023405,11.467505669108155,14.56242007660845,10.00605376529698,18.790563748452378,bootstrap_method:meboot,meboot
warm_days,40827,Nehbandan,5.954703870936226,-3.3333250943904598,15.555562038237133,11.330903025315026,2.5000015271187874,23.464287934059605,6.388861108404974,2.5907921319922296,9.674781388665695,14.972887945080807,4.2398119902448945,23.243880398201,bootstrap_method:meboot,meboot
warm_days,40829,Zabol,8.019383050533376,1.3608039054300185,14.613636250028604,17.657395781790555,3.3333332258878285,24.705882161219243,8.685383576941637,4.915254804794942,15.382341624218972,20.76369970588397,12.894000547615653,25.84312966013429,bootstrap_method:meboot,meboot
warm_days,40831,Abadan,9.456844085479194,4.166669238880642,13.33332050768127,25.63803710991888,9.033944167657872e-07,41.00624968277964,10.119797005705703,7.250971461662432,12.992850479637381,24.062436743324923,13.969297844088896,31.618849898707698,bootstrap_method:meboot,meboot
warm_days,40832,Bandar-E- Mahshahr,7.9736528205250945,1.7384444146312337,12.28943795033978,20.29706498139855,-0.0526220355182802,33.17922737165203,8.797675334419345,5.180950118676117,12.61649424323996,23.085831265789764,12.968206642919926,30.33550159980852,bootstrap_method:meboot,meboot
warm_days,40833,Omidiyeh (Aghajari),10.252424841429384,5.000008374552959,19.230768915516112,21.211092487872147,-4.999999145026608,32.78408970391137,9.502812239222235,6.106797404253347,13.715277248297095,22.911303295904546,14.352593900324706,29.96975577600358,bootstrap_method:meboot,meboot
warm_days,40835,Dogonbadan,14.96073421968287,8.181817857100041,26.249999462586704,26.497323114261956,9.025401116315996,45.99998864561189,12.980301220343945,7.917191643320154,19.134866819911483,28.20971095948247,20.609115711055715,33.729443648264215,bootstrap_method:meboot,meboot
warm_days,40836,Yasuj,6.97570214505806,0.0003321388744456,11.333327707701075,17.703671325116776,-5.294101312778955,52.35291205676624,8.264188012421348,4.900965556369797,13.857442519554908,10.545257355314556,1.10009186065315,25.54660536561075,bootstrap_method:meboot,meboot
warm_days,40839,Anar,6.472080752910237,1.9884626960238196,11.913594271139562,14.83355479094124,9.166666952126926,23.03750003699339,7.304709319728776,3.0376184055414917,10.496684858422167,13.16277960911118,5.465829963733024,20.926166968207344,bootstrap_method:meboot,meboot
warm_days,40841,Kerman,6.555716374664073,0.6666675108768657,11.77058736658236,14.124126015483151,5.000003126281229,24.54545379699537,6.066946465725741,2.2159259639610447,10.12762140176068,12.969586028812165,6.077797937545125,22.929419079282294,bootstrap_method:meboot,meboot
warm_days,40844,Dorudzan,9.960946026064684,4.968751146368084,17.151786388350548,23.062164365869805,1.1111116247378745,40.47618973518232,9.75837296358192,5.108239308546077,16.524845720382324,24.209825642248106,13.328562904340048,34.3835235153335,bootstrap_method:meboot,meboot
warm_days,40847,Zarqan,10.787930428382788,7.142862089663347,18.999999789514163,20.568807155823585,12.22222313893626,34.374997809034305,10.57135824171618,6.605726036147557,15.960229382422781,25.515314340736197,13.888915589908233,37.53834420521324,bootstrap_method:meboot,meboot
warm_days,40848,Shiraz,7.680892187475797,1.075388653702179e-06,17.80833361615967,21.593532077760727,3.333334165744601,37.52678580754881,8.046868156687024,3.406412001950722,13.105175893920556,21.72391948767327,12.805618678061514,31.268837904376337,bootstrap_method:meboot,meboot
warm_days,40849,Shahrebabak,8.846344578079409,1.811190275405277,17.272727717816064,20.7666967488136,3.325001260425044,30.512502311464928,9.353428434256706,4.97085618508789,15.16401771422209,21.542184272438465,15.135917394636662,25.775244922840063,bootstrap_method:meboot,meboot
warm_days,40851,Sirjan,8.359560315906942,-0.024995812215524,19.999999255786,15.446659032085616,-0.8720142858736034,31.051923321935305,7.700279473937854,4.5850457829156825,12.235944115147596,16.162374310511883,8.633103296689889,22.298562621598535,bootstrap_method:meboot,meboot
warm_days,40853,Baft,9.372458646663835,0.9071977890889812,20.01562522547687,22.561830949926325,13.436755721789792,30.09090693891914,8.417247535920872,3.922266110777478,14.180736657065601,22.613887943010177,13.34495457305311,29.030895442664477,bootstrap_method:meboot,meboot
warm_days,40854,Bam,10.513669461748416,6.666670269297858,15.566666544588545,20.83659963741442,11.000000229479127,26.666666231481017,10.172427214369346,6.627235383942094,14.336967114330694,20.51434479973568,13.60895902096042,25.726586873648436,bootstrap_method:meboot,meboot
warm_days,40856,Zahedan,3.464655291166539,-4.293949148415585,10.55555554307549,10.41570279015938,0.609375618517243,26.033362364392683,4.858307625504745,2.136724046190422,7.943836712698215,9.097286446022746,4.371438063121178,13.49399858379692,bootstrap_method:meboot,meboot
warm_days,40857,Bushehr (Coastal),14.48692368589616,3.6363657870272528,44.61535387924735,28.49665337918372,16.099637209789776,44.99999852481994,12.44870013617338,5.450957957289773,25.490643650699166,27.496155124609924,20.809692107515133,34.37908933584415,bootstrap_method:meboot,meboot
warm_days,40858,Bushehr (Airport),3.1889480572076603,-7.195053153730025,13.63636339591762,-6.584159429597508,-18.69047539943344,5.835214162903654,4.352570365566761,1.8020773586227947,7.0955516390735,-7.779707965719052,-16.458653114024642,-1.9233925069093631,bootstrap_method:meboot,meboot
warm_days,40859,Fasa,5.852844172672175,-1.4285688125361344,11.599999890068496,14.13772576550029,-2.941181166203343,29.99998299954944,7.205207962599068,3.3695306955067994,10.954281461767755,14.273432455227958,7.865566935504347,19.846846625643636,bootstrap_method:meboot,meboot
warm_days,40870,Khash,3.966047630604564,-0.4347825983311907,11.116666239501694,14.292239540842,-1.4285698209052395,22.30965693560096,3.5585875302238894,1.562165782680033,7.962724773841832,14.115383652125537,6.742561713431592,19.087741835556788,bootstrap_method:meboot,meboot
warm_days,40873,Lar,7.855611933234115,0.7692315569607228,14.54545989641604,16.981427591985508,-2.892856117912741,31.66666159151364,8.502558094063316,3.093073591762721,12.481389470966949,12.674981613700957,4.6081891441064675,21.998598360614093,bootstrap_method:meboot,meboot
warm_days,40875,Bandarabbas,7.496720605568137,-3.6411583951334983,16.228023140983286,6.473661449715724,-14.117646433086716,22.77777479292733,5.678810471099353,2.2594698756881293,11.083019187964151,1.379297510689837,0.061063707397087,4.068911052530621,bootstrap_method:meboot,meboot
warm_days,40876,Minab,8.403963568287677,-15.45453014159563,17.499999491318725,19.95166952681373,-3.529401382769201,33.33333199319932,7.60173901108124,3.5076550271896796,12.029089178348865,21.324271622138895,11.07586074891006,30.888874783226893,bootstrap_method:meboot,meboot
warm_days,40877,Kahnuj,3.3914414020576293,-3.5163036930140423,14.28571397929494,8.946377139087161,-5.8333296810702056,20.909081741850663,2.6072606915412946,0.5193785018695268,5.606318699871212,10.671816127856031,5.133066508393909,15.271724560720441,bootstrap_method:meboot,meboot
warm_days,40878,Saravan,2.95501557983104,-5.555553139714156,14.999998162035396,12.128000081541488,-1.176470171877191,25.29410924294557,3.580617105748865,1.1172614386679507,6.196374551693256,11.8440101275168,5.402024033939773,18.277885805165948,bootstrap_method:meboot,meboot
warm_days,40879,Iranshahr,7.058941988881323,-4.444439616900406,12.759091890438503,9.892547614827796,-5.894396512405487,24.706653795055427,7.593320143072938,2.664274073238434,11.979999822555673,12.181257619460062,6.270815465913693,17.87762031684036,bootstrap_method:meboot,meboot
warm_days,40882,Kish Island,9.17704304224016,5.0000005585249445,11.818182378154187,3.626992235155023,-26.53501280492349,15.882351029040302,8.682376485583285,5.239955409658828,11.872566522221014,9.483646449335973,3.764808927602428,18.944321007504925,bootstrap_method:meboot,meboot
warm_days,40883,Bandar-E-Lengeh,8.653594621454209,0.5882367241601136,14.999999750639969,9.140789951596238,-0.4774445259444321,20.035714454237823,8.742787608644816,4.2234026597597945,13.63573136566275,9.971233188343808,4.5149775292647325,16.114835043315132,bootstrap_method:meboot,meboot
warm_days,40889,Siri Island,7.002119238126593,-3.0769221473758623,14.004166147798957,9.138776948088186,-8.823528760996703,20.1125000470279,6.634667267882073,3.5034874497824124,11.941215422281147,12.115534570074908,8.381296464035524,15.040482510449978,bootstrap_method:meboot,meboot
warm_days,40890,Abumusa Island,8.457640685658227,0.7142883565839014,41.66666599523442,22.929422236676217,-3.3333329856614573,45.83333181823731,4.85510983205718,2.1865397199826675,7.7750118365895995,30.05236135751321,13.138121980109851,40.33083602481242,bootstrap_method:meboot,meboot
warm_days,40893,Jask,1.1546139632711618,-7.142856455086116,5.789473270592943,2.097798641953965,-6.842103458382771,10.985391971511746,1.4918481711080958,0.14921203496107735,3.3706748829506616,1.8038848664065221,0.19847118727980667,4.723903877250292,bootstrap_method:meboot,meboot
warm_days,40898,Chahbahar,4.598806138393211,-9.99998272051405,22.14284622859445,14.194758871354669,-9.333329079718348,28.499995986262345,4.782093749816492,0.7289943996205496,9.321896402917549,16.756871571667837,8.447287606652319,23.033649114970384,bootstrap_method:meboot,meboot
warm_days,88187,Jam,11.951939498334614,5.000002399619878,24.99999857978147,23.93401904475748,1.5000019647317562,54.29621846312104,9.557558439978388,6.261489416569154,13.848374959782923,22.296238665123347,12.770802018934337,34.855657430280914,bootstrap_method:meboot,meboot
warm_days,99331,Tehran (Geophysic),10.057628452593946,-0.7692258965251361,13.333169641179802,18.92840389104145,8.523809462116112,33.333326870286875,11.150115333877102,6.852369951092335,15.16713738026706,19.44885623872506,12.029262149109785,25.21398617647243,bootstrap_method:meboot,meboot
warm_days,99407,Boshruyeh,3.821577514049308,-2.307691899087864,10.666670161830316,11.983325848941424,2.49632417254775,18.948685738909266,5.286661244873387,2.926851793815697,7.52381914196364,11.850670031964984,6.586556815695387,17.50048647672198,bootstrap_method:meboot,meboot
warm_days,99421,Natanz,5.7965789904953375,-8.000001636410088,19.99999890277756,16.40982912997781,2.85237898435661,29.99999917373529,8.311895905769688,3.2796724186823867,12.033357516061633,20.232295277718507,8.079232035339825,28.548740219171528,bootstrap_method:meboot,meboot
warm_days,99459,Borujen,7.9190216851625,-2.1428555872684467,25.45454504764693,29.07700911831692,7.362782609371878,53.00833208337415,5.597609159420318,2.2918829565131458,9.582517695752609,24.14834242821457,14.02099734769982,36.420171781956306,bootstrap_method:meboot,meboot
warm_days,99623,Zahak,6.70447789097195,-0.9598212462198308,23.33333081770477,13.178923541391068,0.9749913819903636,25.79364412971307,7.303797591299367,3.375395182619397,11.768880339940226,15.33129205546426,6.595126399208956,20.561412437881945,bootstrap_method:meboot,meboot
warm_nights,19996,Bahookalat,5.1663429785394,-1.3333323873206293,10.714285237229245,17.182414998374952,-1.1111109413578162,24.166664065039303,5.436616258413318,2.463078282368693,7.4823343254246275,16.346064071631993,6.689829800540548,23.955943863128812,bootstrap_method:meboot,meboot
warm_nights,40700,Parsabad,10.041501138051734,5.714285775550663,14.374998365351388,13.20892957784859,-6.666667035365688,25.75892868998931,9.415880439465706,6.134835199826702,12.093934122833849,12.754155277518771,6.889519289622473,18.899990034323014,bootstrap_method:meboot,meboot
warm_nights,40701,Maku,7.37971641906226,-2.85714337860383,13.352272629137197,20.542105146636377,11.250000431155376,31.65057983549896,7.665448289969367,2.839253338556748,10.901359618397956,18.01885447322208,8.547387474434817,27.23007959966153,bootstrap_method:meboot,meboot
warm_nights,40702,Jolfa,11.791659850190657,7.368422842749603,18.33333161856449,19.360272259654177,9.3250000690844,24.11764554181771,11.251099118712373,7.917459369542,14.729806895475361,18.568204421153887,12.27810039327187,22.59336722127789,bootstrap_method:meboot,meboot
warm_nights,40703,Khoy,12.432782665174637,8.999999880833643,17.146103706367505,22.905350359891496,8.962500167004132,37.14284102440639,12.3325188529013,7.448952592502793,17.757249028747136,23.13168807748014,13.496195647004008,29.46405694168624,bootstrap_method:meboot,meboot
warm_nights,40704,Ahar,9.466039337092871,2.9555542943051845,13.008334318490691,14.477973958590605,8.1439398378186,22.105249100377268,6.705811797680099,2.947355399047273,10.876375163521333,14.734957746663937,8.518641221958614,20.820509318957043,bootstrap_method:meboot,meboot
warm_nights,40706,Tabriz,7.999794682377655,0.5263171212699885,11.111111118934495,12.466691630292395,5.992857120196593,20.416661653441768,8.397683415039644,3.7247483324471578,11.161018155076619,11.52198061328529,6.7809956021327205,15.269495247263928,bootstrap_method:meboot,meboot
warm_nights,40708,Ardebil,12.628765576049918,4.0000055628891165,19.99999806337657,20.612174180373515,16.642851817781285,28.333332175294203,10.845226378440346,7.220087586198988,14.506436188918915,19.08396270467871,13.842131344738116,24.118923963893725,bootstrap_method:meboot,meboot
warm_nights,40709,Astara,13.120608138981307,7.058839803586399,18.237744019371483,18.59134753801466,11.874999088667732,36.111103025880574,10.888735645631805,8.08132391854611,14.257319179723238,17.28811294254895,11.181980442687728,22.34885506968744,bootstrap_method:meboot,meboot
warm_nights,40710,Sarab,9.153994643806174,3.636363395798479,14.28571578394896,14.17279080871889,7.465275940942732,21.66666761045567,8.578649922999931,5.772132029845911,12.138753411760671,11.755982112469763,7.9561979935881615,15.215161538352005,bootstrap_method:meboot,meboot
warm_nights,40712,Orumiyeh,7.837633341952405,-2.142856815867712,12.959752726382412,0.2992045573247502,-11.1369122142539,17.08326503136637,8.237888050555135,4.703749918021812,11.648130748843682,-2.0803710621365847,-5.434275794629506,-0.060738714843557924,bootstrap_method:meboot,meboot
warm_nights,40713,Maragheh-Synoptic,10.33904508211974,7.142855241098126,13.339283862281624,17.941737486918154,8.241848337078258,27.895086346741543,10.877546207441426,7.100865129367893,15.329878600042026,18.70201511451117,13.403200943601949,22.362252512951574,bootstrap_method:meboot,meboot
warm_nights,40716,Mianeh,10.109039029197582,6.470588753549209,14.49999777730153,16.786981938948507,8.593751955487825,29.999997742644418,9.530776805810705,6.638104724349208,12.810041783501084,16.20080656564851,11.062803283984554,21.070935957351605,bootstrap_method:meboot,meboot
warm_nights,40717,Khalkhal,9.333813769644603,4.102206379991712,16.875002246273876,18.467412350830884,14.34783108988326,25.78947057663931,7.804044839117853,5.576156640067343,10.699332602059215,17.635421551902425,12.499489858641073,23.903403833107365,bootstrap_method:meboot,meboot
warm_nights,40718,Bandar-E-Anzali,12.842301287973203,-1.666660857659819,23.63635693688509,9.864730039274503,1.5000000724856888,31.42856891375065,11.827303830792351,8.347464288537466,15.032410309652915,11.099280772138027,7.387932023515661,16.695681007793283,bootstrap_method:meboot,meboot
warm_nights,40719,Rasht,11.451398282543014,3.0769231391357525,23.333331932531603,21.35476520503288,13.500000936216992,33.69047555153644,11.093979198121342,6.855495876786127,15.837116362615294,18.047274281492463,13.550634193385669,21.45026925819327,bootstrap_method:meboot,meboot
warm_nights,40723,Bojnurd,4.992983121513484,-3.3333334231907736,11.999999257362784,12.951849418250006,6.991667931723191,19.9999983635204,6.781338822248516,4.194863929608352,9.114518566184758,11.749071861543381,6.792179446926706,17.990249760390604,bootstrap_method:meboot,meboot
warm_nights,40724,Piranshahr,12.847129740393592,8.565475241138403,18.4210536133137,23.283101368776038,11.147059055672702,32.23809470694366,12.185298113632411,7.980063487691605,17.09216510377545,20.5598693343362,10.391278109197973,28.432868821214704,bootstrap_method:meboot,meboot
warm_nights,40726,Mahabad,8.24412224818359,1.5729739181899212e-06,14.210523402626691,13.028474577531387,4.538961176813507,23.57936877854176,8.169136170972159,4.857637935285984,11.41145710208307,12.295665552652908,6.6244810922072,18.335954809514266,bootstrap_method:meboot,meboot
warm_nights,40727,Saqez,11.418974003794949,4.545456292065837,19.999998818712445,13.455372009131974,2.857145644858743,16.874994828123814,10.368702206298408,6.460316169364528,13.925407154648699,13.69750803095508,9.82042141695261,17.547426038488,bootstrap_method:meboot,meboot
warm_nights,40728,Takab,7.567339536139888,2.2222226218593244,14.16666674779352,10.877714875796542,8.571426688269067,13.99999933816997,6.7625099159739195,3.6074796353817953,9.181490448545455,9.654425374896222,7.103995417765856,12.405509636491153,bootstrap_method:meboot,meboot
warm_nights,40729,Zanjan,8.191811209631503,2.666667750748675,13.124985691963698,21.0632405352695,7.391305572318808,30.526307678142395,6.9651466235533,4.800013271147553,8.658677645211027,21.64453720865632,16.012004997612852,26.161512936092134,bootstrap_method:meboot,meboot
warm_nights,40730,Khorramdareh,8.138242771452482,1.083334199826176,15.861412837599058,24.77211833097257,18.26087007965355,29.25000666023224,8.262695223166565,5.370642146357972,11.321036878422857,22.69403162616456,15.215770269494492,28.714267474752454,bootstrap_method:meboot,meboot
warm_nights,40731,Qazvin,4.821168040104308,-1.8995525884628144,10.010415543280754,15.079532739026886,9.000000774182595,20.588234569295476,5.011056647318765,2.506657680633615,7.6780730363567775,12.645122386557093,6.441296021603316,17.083390578884615,bootstrap_method:meboot,meboot
warm_nights,40732,Ramsar,13.45488344019436,3.636363749143128,21.538461359465465,24.16854980944768,13.56547520883219,36.66666308087003,11.63164456746586,7.009712621975556,17.971333599979097,21.599103019386508,15.590152140237901,25.962731971254602,bootstrap_method:meboot,meboot
warm_nights,40734,Nowshahr,11.779377125299844,5.401514698637405,22.307692013490577,22.663499471494543,15.333333933177949,30.624975851347084,9.596949818349541,5.975448194419211,15.726861079877844,20.854789347994878,12.175073443434181,26.616698193211555,bootstrap_method:meboot,meboot
warm_nights,40736,Babolsar,9.255033712407856,3.990910196546835,13.809386615226424,21.941877117197414,11.041940724003764,34.37499997252748,10.53677677318067,7.3679966365251115,13.46723950063559,21.698595733602296,15.381398720963986,24.71668647871212,bootstrap_method:meboot,meboot
warm_nights,40737,Gharakhil,7.644176371966619,3.495831805169729,12.000001159580885,14.261244706922104,4.000001812492422,20.04687630880905,6.51525626451382,2.949946196393399,9.933383796075203,14.744243561712784,9.612051626543153,19.827516884423698,bootstrap_method:meboot,meboot
warm_nights,40738,Gorgan,4.813397825154135,-5.000001195322712,18.816963136427898,3.320350853723206,0.8125008940202745,13.571424014172097,5.536173026909912,2.8483067756619453,8.275026200566016,2.58839762322487,0.8561943788303064,5.278553928739468,bootstrap_method:meboot,meboot
warm_nights,40739,Shahrud,3.1685660875153925,-8.358332400697002,9.199997880430658,7.459067778467429,-3.537332321556069,17.783334861356128,5.576310060807157,2.6412352579511285,8.606630752296597,5.004339897618744,1.2042005390406907,10.15424529081518,bootstrap_method:meboot,meboot
warm_nights,40740,Quchan,-3.28315750037596,-15.38460581281095,1.4331770480592687,-2.2818422582020634,-24.999995598323597,34.9999859138112,0.6932580563126446,-3.6459532853693785e-07,2.6044468800968676,-4.437937983804164,-11.041695416716443,-0.47306520394059076,bootstrap_method:meboot,meboot
warm_nights,40741,Sarakhs,4.577657515161711,1.6442306872756611,11.428570871871417,11.777046820772377,5.375001307697094,19.287441061031213,5.486284114332952,2.97254214498962,8.255084139343683,14.535316358619333,6.802710418622775,21.199664138740957,bootstrap_method:meboot,meboot
warm_nights,40742,Biyarjomand,3.2607535860052472,-7.9999999212501,12.30768392793313,8.062653626216443,-3.795179382195326,23.33333947912299,6.900821887356715,4.085427041615884,9.512646027798393,8.116594707786364,5.050261435996469,10.704506741529629,bootstrap_method:meboot,meboot
warm_nights,40743,Sabzevar,7.754696949314284,-17.999999309412736,17.70833304563156,8.190756436923756,-4.999991596941013,13.945673351315602,9.160806514616908,4.188273389058931,15.128792439358449,9.789348650722784,5.388657727079447,13.562866559235234,bootstrap_method:meboot,meboot
warm_nights,40744,Golmakan,6.1924406313695295,3.80952466176083,11.190536255178374,10.237950266701844,-3.333329949073279,22.160713816376337,6.292613387957051,3.932769374478485,10.03726448879419,10.588551315681077,4.9317495962396745,15.06238576203925,bootstrap_method:meboot,meboot
warm_nights,40745,Mashhad,9.338375969426345,4.444449392344026,14.867609767154253,17.594048243973457,-4.737505414531342,22.835257336960392,9.869320384643482,5.831197980606146,14.381652858575764,17.873760753163246,12.964163678661027,22.303514994454545,bootstrap_method:meboot,meboot
warm_nights,40746,Neyshabur,1.8994607454152963,-8.823515779391885,8.829999921527667,6.853929582020153,0.6500009929878978,15.83330436007888,4.339407518877514,0.8457095917516867,7.436097764943623,6.867772538174103,2.5054808694009543,9.163604188797285,bootstrap_method:meboot,meboot
warm_nights,40747,Sanandaj,6.967886951389569,1.111114842207877,20.71428071999592,8.184042593938427,4.809829283914928,14.285713815758935,7.562939721814771,4.656962855751674,10.87926931568469,7.77750984860517,5.448347339052376,10.301917765365316,bootstrap_method:meboot,meboot
warm_nights,40748,Bijar,8.442823236514583,2.3076944384011626,14.013634965125489,18.59334199204214,7.000007993845615,28.823519858524417,8.391440707549382,5.785159096435128,12.081573559608023,18.760388728224285,11.451536513122981,23.965663368015928,bootstrap_method:meboot,meboot
warm_nights,40749,Zarrineh,5.817076141363484,-1.999981159393368,12.405789756183175,11.903282295398505,2.173913427064628,23.68420520422881,7.079604588216426,2.789683623664144,11.12168971653594,11.553340096160982,4.369084432826055,16.690648593056043,bootstrap_method:meboot,meboot
warm_nights,40751,Tehran (Shemiran),1.9309133945649333,-3.363635513069516,10.020835003740496,6.682698244524426,-6.135714138582933,18.666664309319604,2.122647615067296,0.3713933929681303,4.239529500805904,7.417194761793716,2.951838437074676,13.016420491844173,bootstrap_method:meboot,meboot
warm_nights,40752,Karaj,5.418313608805356,-3.1818079887198154,12.866359519004815,15.162978187237126,7.058825365280017,19.52380763755387,6.632805170504624,2.8665868808377906,8.596159675198923,13.325712556454718,7.6083124364667425,17.585919584539635,bootstrap_method:meboot,meboot
warm_nights,40754,Tehran (Mehrabad Airport),3.24026436697914,-5.00000134750277,7.8607368227824574,0.3537213024083682,-9.230768625739282,12.857142585106583,4.377216255716465,1.5870534842829493,6.197303930463015,1.3979898720864268,0.0620743261844027,3.2730849794561836,bootstrap_method:meboot,meboot
warm_nights,40755,Abali,3.283309842008773,-5.879774513321911,10.446639087905975,5.846156098455778,-3.5536810585049574,14.37500010217282,5.08291607308066,2.6005181548676655,8.035209957295285,7.889539846794296,2.3254338974323465,12.812342459607882,bootstrap_method:meboot,meboot
warm_nights,40757,Semnan,3.1181733362616466,-10.0000053062832,12.49999968370162,5.1281874731228125,-6.750032802561742,11.250000706051448,4.975093939583953,2.7199595649010635,7.950661630067246,7.30418223083571,3.6589946833643037,10.905589419906356,bootstrap_method:meboot,meboot
warm_nights,40758,Garmsar,17.071472309794355,7.1428580893830205,28.888886739971657,25.88697417498543,17.170828964813808,45.366664288413325,14.183881929515332,5.089137320393782,20.9986059364738,23.88391367178297,18.325481209519705,30.441217467507617,bootstrap_method:meboot,meboot
warm_nights,40762,Torbat-E Heydariyeh,2.858518512321404,-5.384614072141049,12.526787200613512,11.641399207616391,5.975000187159038,20.71428428761853,3.4455991312008285,1.0676862563156742,6.492806742539114,10.37896551688383,5.3651819779361665,16.063300754279652,bootstrap_method:meboot,meboot
warm_nights,40763,Kashmar,0.9843221751651704,-6.250000598917346,9.009379618227356,8.484392357558486,-0.6249985958456388,12.142857017248456,3.1052224767385836,0.30806562012367505,5.625134636349554,9.793510448130833,6.479112478981323,12.725100460974547,bootstrap_method:meboot,meboot
warm_nights,40764,Ravansar,8.414779487185353,-2.9107137868918507,15.083333369216971,9.02306841106208,4.583420502392335,18.57142623929003,9.773776366131074,6.134452684266541,13.254992025082407,8.447683684516578,4.400407210997166,12.024294392566032,bootstrap_method:meboot,meboot
warm_nights,40765,Sarpol-E-Zahab,11.377041371621704,5.454547927462892,17.609999625631126,13.476808839659862,8.898676350626522,19.024982979424543,11.01932612046455,7.849724963859306,14.985211975511168,12.544946285179787,7.523097814837474,16.579117573516285,bootstrap_method:meboot,meboot
warm_nights,40766,Kermanshah,6.234167938581384,-1.1111120221860489,13.333331477982046,13.75243517250652,4.265625505728425,21.34166710230086,8.55242274067361,5.122479471507439,12.456310136859578,12.732088034882873,5.896595010755521,17.67428504530333,bootstrap_method:meboot,meboot
warm_nights,40768,Hamedan (Airport),3.5940242115634065,-3.0500001047290275,8.181817208284802,8.53854208986476,-1.2499999501192571,16.250000119506826,3.9110261827159176,2.345631414556677,4.870180007059345,7.952575017840411,2.941384295882416,13.20933633204579,bootstrap_method:meboot,meboot
warm_nights,40769,Arak,5.314584966575186,-3.346159378723128,12.222225830408068,12.338518827352754,7.560000809479805,17.85714194654558,6.032793466055199,3.0167533867104583,9.517586801067523,12.852779462005687,6.7290345805410645,17.988929493174886,bootstrap_method:meboot,meboot
warm_nights,40770,Qom,7.21551075317466,-0.0277783304197893,13.61372168175839,14.994040145734036,4.971154267575326,26.25000056761445,8.007356186170655,4.216495433003177,11.24814724764231,14.874777801610257,10.095666359181624,19.077639569904296,bootstrap_method:meboot,meboot
warm_nights,40771,Kangavar,4.065805802836551,0.9958316109587032,6.428570812056799,9.217525296615747,2.792500003004543,14.705882375864965,3.560683383225777,1.131399451811173,4.651991708373132,8.363597808316372,5.084465158192974,10.82556815630652,bootstrap_method:meboot,meboot
warm_nights,40772,Qorveh,10.554650092443929,7.499996821892802,14.000000406479176,19.974420423932106,13.33333885010832,26.00000019241389,10.669760887349755,6.58623451442295,15.715984902209415,17.490001100749236,13.081843529137599,20.718873055106613,bootstrap_method:meboot,meboot
warm_nights,40774,Borujerd,11.436130117805424,5.833336628797722,16.42857130452781,19.497201755293464,14.11764502460133,26.11742557607649,11.767088858974326,5.32628384745317,16.870200789719878,18.425032952549277,14.570381198955202,21.40301680524328,bootstrap_method:meboot,meboot
warm_nights,40778,Gonabad,5.699985456026136,-2.504171052811111,13.333321542915217,13.37598078925529,6.000002119502759,16.111108192749775,6.383620572696443,3.9315358709117927,9.585695764019414,12.579417150092068,7.566367969448265,16.257725846030834,bootstrap_method:meboot,meboot
warm_nights,40779,Eslamabad-E-Gharb,10.720290953742824,6.874999143659247,13.49130402286896,6.214495438159172,-0.5555548577198514,15.416665317293518,10.833930257778034,7.044984784378048,14.86699574273072,5.172150944417101,2.4952293431022894,8.450921436134633,bootstrap_method:meboot,meboot
warm_nights,40780,Ilam,-4.0928315152296415,-20.833330634837065,5.025015939002171,-19.65850833984476,-39.32630466115805,-2.495841502161076,0.5033422751918303,-2.3519184067387584e-07,1.9156205520219647,-15.196753587987029,-23.068796431773777,-5.389430137955479,bootstrap_method:meboot,meboot
warm_nights,40782,Khorramabad,9.488266099986742,-0.0277772841550028,14.23863617801905,10.664720857324705,5.500000261977185,17.142856885676345,8.991527884561247,6.452839800606807,11.733064380508619,10.568840541835753,5.448703095541495,15.434667444275048,bootstrap_method:meboot,meboot
warm_nights,40783,Aligudarz,7.951625283632466,-0.0625025668417678,12.500002983797444,10.209965362956062,3.478260196029088,15.91137194460161,8.277780886367568,4.204149247760577,12.876981837562104,8.431066777398906,4.335053822755836,12.09170461539177,bootstrap_method:meboot,meboot
warm_nights,40785,Kashan,7.547019020199475,-4.666665841512277,17.69230661914866,14.934559321690616,6.666668573777247,21.27226726183157,8.896108580833022,5.141048037999016,13.120273987837377,17.288496252216575,11.104535312917307,22.49566242931252,bootstrap_method:meboot,meboot
warm_nights,40787,Daran,3.331591375105253,-8.333328672456528,16.96428507233523,12.83358932007004,0.5882361887846215,17.391302966832566,6.799205347349402,2.836246001431596,10.070797958428193,14.776183494006691,10.08063682449283,18.63723662530024,bootstrap_method:meboot,meboot
warm_nights,40789,Khur-Va-Biabanak,9.87822219389249,5.833334278033534,15.999999747553572,16.603689888722275,13.744478960922264,18.57142426002733,9.828569338744728,6.875190423754715,14.203860490898931,17.00626000836959,12.322132392091753,20.306057971803206,bootstrap_method:meboot,meboot
warm_nights,40790,Robat-E-Poshtebadam,1.2313106704615375,-6.708333408875218,9.33333316833329,6.320613198023117,1.2379815542040855,12.857144886971184,3.953333174329779,1.1386999016310135,6.579654715469666,5.027106125651244,2.2596342803337692,7.775014730137397,bootstrap_method:meboot,meboot
warm_nights,40791,Tabas,8.150285992541265,0.6250108922785338,15.008333922871577,17.86461950416383,8.82352951304355,24.99999429581975,9.420724160104928,6.06893013576872,13.403701169887897,21.094446074182834,11.91117895124295,29.85586647739799,bootstrap_method:meboot,meboot
warm_nights,40792,Ferdows,8.443332104612018,4.729533208345451,16.79999994390335,20.63620935765156,7.500050260563049,27.144839746555306,7.645027818709042,4.36251191104415,12.653129382972041,20.444640880033607,15.436994464037403,23.759910223202287,bootstrap_method:meboot,meboot
warm_nights,40793,Qaen,4.512418162137911,-0.5232162044225228,11.43698296999311,13.879646998988896,5.833334542576903,19.99999973909637,5.731741851377528,2.7966652548790654,9.717486700117494,15.214088868306467,7.77057256491376,22.154958610676033,bootstrap_method:meboot,meboot
warm_nights,40794,Safiabad (Dezful),9.477327792467689,5.787503105108493,12.520834302169035,12.631953471675033,-0.0468751803724548,24.736821521275807,9.896087374015833,7.00774327604728,12.825975993263558,10.568097704493006,4.842390318962957,16.248181720307223,bootstrap_method:meboot,meboot
warm_nights,40796,Dehloran,7.842043789672757,1.0000016672890053,13.124999526522052,15.063953893350195,4.210526408715461,25.000003749801326,8.091798605282595,5.474800204133252,10.468451596822309,12.288230103715245,2.71078742127613,21.082799293969646,bootstrap_method:meboot,meboot
warm_nights,40797,Kuhrang,3.957275915466781,1.052641770288578,7.142856572744621,8.68547635712852,6.153846109421187,12.520832218316992,3.9612346947538457,2.7522110727233295,5.5873141450090875,7.8186619646968465,4.862001404965139,10.697217812050779,bootstrap_method:meboot,meboot
warm_nights,40798,Shahrekord,-2.4573747078328,-16.428545438439812,13.33330760661399,-7.15620932661859,-21.999983410094654,-1.8749975885006036,-1.6804679618853802,-4.425889374556755,-0.27640200476680843,-3.6960869966173346,-7.485665677936151,-1.3542304238085767,bootstrap_method:meboot,meboot
warm_nights,40799,Ardestan,3.8651460987360338,-2.531247093643277,11.45285638779142,9.224402674202048,5.50001156582121,12.499992829522617,5.800004049977689,2.622284285369734,8.88486721191712,8.966207186800743,5.695503564951715,11.813455679574393,bootstrap_method:meboot,meboot
warm_nights,40800,Esfahan,13.22980857673025,6.842106260124211,23.136363432806004,18.06222875236082,11.76470200762052,23.846041447228817,11.519975715972329,7.188261825196972,17.45921861376862,15.649229981696735,11.834625259341806,19.026146849949964,bootstrap_method:meboot,meboot
warm_nights,40801,Naein,6.126180587668325,-1.6666668284776798,11.260414427382766,13.291143962872145,9.99999996968667,19.374990023728863,7.421384376892788,4.833736437745479,9.550662256062425,14.087454071768603,10.194628197358037,17.636220152157836,bootstrap_method:meboot,meboot
warm_nights,40802,Esfahan (Airport),3.8871808424015057,-7.14284898454441,9.374996792454606,3.088912987794057,-14.673076476281224,18.12499872688418,4.273583550413977,1.416344385929829,7.610101437268429,0.6789869809246748,0.011536767250622765,3.9458009393372944,bootstrap_method:meboot,meboot
warm_nights,40803,Kabutarabad,11.731850452977676,7.966664241957385,16.000000274123945,20.863719303346883,8.571430094136899,33.79918071117801,10.953434573211089,6.839863437117867,15.677153835714211,19.468964915258915,13.032893093201906,24.24778446664004,bootstrap_method:meboot,meboot
warm_nights,40809,Birjand,0.6997657380113783,-12.499981416397864,6.671929479057703,7.050252021448989,-2.860711386986695,16.24999910901966,2.592191309907625,0.5782474657844174,4.936417707944726,6.715245444084422,3.1875614258727585,10.242464328347257,bootstrap_method:meboot,meboot
warm_nights,40810,Bostan,11.7784484017257,4.000025402133141,29.999999577779484,24.1927492353968,17.07812510045104,34.999998947778174,9.851410879216715,6.47958632330763,13.522043814800806,21.896509292376596,16.78501085330038,25.864280021285307,bootstrap_method:meboot,meboot
warm_nights,40811,Ahvaz,13.203043945652512,6.666670318075862,17.506944759766817,18.407881647710184,11.093750579720371,28.85293212985797,13.304509575955104,8.766393314440947,18.872578459950113,16.971375752603613,12.004160653877882,21.162384419504384,bootstrap_method:meboot,meboot
warm_nights,40812,Masjedsoleyman,11.293618312538571,6.6500011534217,14.650000211011356,12.336983345938355,6.660714426041221,27.375000227435983,9.775423342512331,6.732127974576117,13.018696203564673,10.721876367321482,5.951057667812347,15.881536391817946,bootstrap_method:meboot,meboot
warm_nights,40813,Ramhormoz,13.176639829332908,9.090907949394898,17.619045316423346,19.605483218827047,1.9999996633007209,32.00000118930351,13.720340445037422,8.838858759805415,18.892791478578168,19.7646400530985,12.168735641674978,24.173900903078305,bootstrap_method:meboot,meboot
warm_nights,40818,Abadeh,8.706230700799743,3.333334303982765,13.749999731933352,15.945336093434111,10.609373326014683,19.99999921680735,9.13990882553069,6.728562855449474,13.145633771004617,15.510997217348029,12.125061328457283,18.251028036139427,bootstrap_method:meboot,meboot
warm_nights,40821,Yazd,9.088940724244331,1.5384913598112475,14.54545313980914,17.077771762758836,12.400000084443352,23.846143286543438,9.004504923069074,5.068703213299623,13.145215279045454,18.564974869742883,12.485602047857329,25.150646894836154,bootstrap_method:meboot,meboot
warm_nights,40827,Nehbandan,4.697601781022155,0.6200076955459463,13.333331603428771,6.1283607374432565,-6.666665000308368,20.000000267886108,4.199199849394272,2.012223846751001,6.2795326452758715,6.72719152162631,1.8851715106195712,10.008867425520506,bootstrap_method:meboot,meboot
warm_nights,40829,Zabol,6.927085813305435,-0.9999911780206392,12.857146816409143,16.92789669436116,-0.9999999107639772,27.02501801873842,6.7704938390527625,3.0757285390336393,10.781187382649897,17.69540435775832,9.643460578815878,22.112596500526397,bootstrap_method:meboot,meboot
warm_nights,40831,Abadan,16.79425122200269,10.76923771758906,24.18137219333601,19.786785883960263,4.875002749232738,32.499996934214934,15.55068434168731,9.06710268502415,21.060861032192058,16.28484332749008,12.082812831118078,18.871555261487185,bootstrap_method:meboot,meboot
warm_nights,40832,Bandar-E- Mahshahr,12.748217506263032,10.000000198166044,17.083332714220923,21.435390854377538,15.584374400550674,32.49999197598006,12.116333033908614,7.467721585435944,17.232056925461603,20.453488757322965,15.88921546280674,25.500391437676058,bootstrap_method:meboot,meboot
warm_nights,40833,Omidiyeh (Aghajari),9.428074575468642,6.666667262235883,16.42857230834785,16.63785883738394,7.750000193303725,29.999997724195207,8.312489980617993,4.91581483271522,12.043029111854413,15.423372106836377,9.041138251539376,19.559549231763683,bootstrap_method:meboot,meboot
warm_nights,40835,Dogonbadan,7.992270167865471,-0.0714288717052365,18.587911900791426,15.361500688439572,-6.000000552363806,27.33333241738536,7.171392413558108,3.2310218546232217,11.263231664069822,10.48533275358987,2.0052368709413746,18.70438700394895,bootstrap_method:meboot,meboot
warm_nights,40836,Yasuj,1.3796828035979465,-19.99998343753804,12.307691369515716,-10.389168742832318,-36.66666269332046,1.4925184655042882,3.1669432723108866,0.5253770545110203,7.949973152722797,-6.018569359552721,-12.53508730251057,-1.5101475178975308,bootstrap_method:meboot,meboot
warm_nights,40839,Anar,9.220962458324932,0.513158071034584,19.09090930211228,12.134158173865206,7.120537468775225,17.333331804890474,8.613780887164797,5.084193511753844,12.10625659712926,13.357327231808473,7.853134988245668,18.74774702197756,bootstrap_method:meboot,meboot
warm_nights,40841,Kerman,7.532123880235719,2.497001729949084,13.465909676142203,8.486216197798,4.545454685585777,17.391304621715097,8.095832669197922,4.740905801325759,10.943430557541335,9.74453662559634,5.0584139724357735,18.893977512820488,bootstrap_method:meboot,meboot
warm_nights,40844,Dorudzan,-5.555242066257058,-15.053570421905016,3.571427767988022,-5.347580548082701,-10.624999903524763,-1.999998055954431,1.597427764985896,0.2566849551615339,3.667698339021477,-4.1615476204718895,-6.55011506342078,-2.203663412972852,bootstrap_method:meboot,meboot
warm_nights,40847,Zarqan,8.953780196156744,-1.999992771112179,26.467857252864214,16.011927973142907,9.07517576345428,21.428571681346213,9.115780177243241,4.779340326542069,16.171680334078125,14.156266682396609,10.628797277358125,16.70220395236824,bootstrap_method:meboot,meboot
warm_nights,40848,Shiraz,-0.049022349900845,-16.681819181017307,7.36842272790668,-14.126197132125654,-24.885109831365583,-0.2955835285980854,3.689850662726259,1.3137349273984753,6.629575427224496,-12.454576433156426,-17.126762851239558,-5.138221028595057,bootstrap_method:meboot,meboot
warm_nights,40849,Shahrebabak,3.249160063672402,-5.714285161898828,6.190475607001004,6.404679237865967,-2.85714181644688,11.335709358024738,3.8743640775489423,0.9305649565059547,5.814668750997098,7.331867004986404,3.030617364349874,11.579547573631856,bootstrap_method:meboot,meboot
warm_nights,40851,Sirjan,7.223573572802316,-7.647054325377216,17.08827658123056,11.92947816512966,-0.0227267028135625,20.649864475916168,7.828114766619746,3.5440537878481164,12.183128771387805,15.062617654016028,7.432624511049913,19.66991058255928,bootstrap_method:meboot,meboot
warm_nights,40853,Baft,12.597100831039151,9.999999831556693,17.692307490918818,17.386523428524026,12.777777841897016,23.33331421328878,13.037228041497933,9.141535747059581,16.472028118292734,16.494224244345517,11.201987522137665,20.076429705345703,bootstrap_method:meboot,meboot
warm_nights,40854,Bam,10.164582956420295,8.521863943936724e-05,15.209401981408238,21.167495942806763,9.999999408198356,34.99994558249544,9.59860020760145,4.278636604958451,13.570254460304328,20.62013968337671,12.419586327160511,26.350458665715443,bootstrap_method:meboot,meboot
warm_nights,40856,Zahedan,4.810516121314109,2.102797262548516,8.095237869639904,7.081515966831485,1.1041668700388343,12.727273280628369,4.913214951449581,2.5398975603305516,7.812267736638693,6.942034190970293,3.4977821259964204,10.25452578202969,bootstrap_method:meboot,meboot
warm_nights,40857,Bushehr (Coastal),11.080649169717278,4.100960983233255,21.999999303901436,11.225753703304164,-0.5263098347608527,22.499976165244547,9.17494760661539,5.843522918113489,16.671235069639383,14.682612189722517,8.322107963931666,19.45639095369664,bootstrap_method:meboot,meboot
warm_nights,40858,Bushehr (Airport),17.588234721271455,12.727310211372936,20.679412281098536,21.71217094658271,17.55999677457044,27.14249001645208,16.299096887969934,10.895730007185632,21.07719119998041,19.36272572622052,15.261286120153365,22.813888517628186,bootstrap_method:meboot,meboot
warm_nights,40859,Fasa,10.756074518872662,4.0000085761334185,23.124999305537187,19.93601819766068,12.85714581430611,28.836273242673613,11.200056668078675,5.323633188894451,22.35425931516558,19.783658896009992,14.205330641121403,23.95614782712685,bootstrap_method:meboot,meboot
warm_nights,40870,Khash,7.93179330622587,1.1041675179442814,14.39999966635594,12.388656509270405,5.294118313524829,21.999997987767507,7.675199019901288,2.500511836873147,13.129870740094349,15.181476634921564,6.478967158138207,22.608640861941655,bootstrap_method:meboot,meboot
warm_nights,40873,Lar,7.716931186551863,1.2187499666332304,15.714284447694853,13.22470165940564,6.666671174057973,20.61982400344273,6.668372715076463,2.2749831096739577,9.218948421741597,17.458246502956754,9.810070329840633,23.67199132099045,bootstrap_method:meboot,meboot
warm_nights,40875,Bandarabbas,7.941206594033252,-2.000001178774325,17.160130451091145,9.381511986178902,-1.907142386208516,21.21371133344116,6.998486809289625,4.055206733609621,9.928194447502406,17.137513278966818,5.572957610014668,29.545197942054294,bootstrap_method:meboot,meboot
warm_nights,40876,Minab,8.70248394789028,1.5789505162643651,18.23529387537037,16.367520158133843,9.05000061185403,26.357893786578423,7.820122108610605,3.66696836222633,12.613371837656656,19.388446719844993,12.130628139972652,26.255203598769544,bootstrap_method:meboot,meboot
warm_nights,40877,Kahnuj,9.198422466137544,3.7187501313837705,14.999998450457058,12.724919114515323,3.3333341317059446,20.00000025793838,9.878794944471588,6.766166557546762,13.7640167893679,13.161660169218358,6.929938062644982,18.09255570421162,bootstrap_method:meboot,meboot
warm_nights,40878,Saravan,5.554232837641012,0.8303620613201805,9.999999308003778,8.628348279339432,-4.444444286025678,17.777777605252478,5.1327517456647165,2.8096675830992317,8.209366107928947,11.99302983787485,4.500530149092686,16.63858458600554,bootstrap_method:meboot,meboot
warm_nights,40879,Iranshahr,7.635403729223749,1.250007027651506,12.142856717306255,8.773159144692046,-0.6666654038559858,23.333329321913705,7.445043242809036,4.306383383826395,10.216121247770431,17.88996245924435,4.717866728869291,28.582476948661693,bootstrap_method:meboot,meboot
warm_nights,40882,Kish Island,7.626972866517437,1.111110481372929,13.751492931636122,15.152760853213396,8.998429456846734e-07,27.70236915566222,6.865637338339277,2.635102083111457,10.667116949712579,19.337986668411514,9.20260398184745,30.7931396250072,bootstrap_method:meboot,meboot
warm_nights,40883,Bandar-E-Lengeh,3.46638180916616,-9.999999252505638,10.033332902523792,2.389160889023109,-7.999999805096108,21.538461573418683,3.1200448984983145,1.2501703708191723,5.692024742802588,3.9524729127587186,0.4725147931720836,7.36993122476849,bootstrap_method:meboot,meboot
warm_nights,40889,Siri Island,8.89010988879287,-0.1666636627808843,16.750001021640657,9.864184082204469,-1.0763215708208564,22.802914153025032,9.05275935437373,5.621850243333351,12.270251864107504,15.447280253085506,4.538660794513557,26.398472512375342,bootstrap_method:meboot,meboot
warm_nights,40890,Abumusa Island,2.571655945635941,-6.2500004868402295,8.125000650702638,11.477737912484312,-12.631578418287026,27.03703225097633,4.412957342552789,1.2913808001546618,6.993557513541436,13.384230027684477,5.471232277291808,21.566158107898453,bootstrap_method:meboot,meboot
warm_nights,40893,Jask,4.239327998896211,-7.857141295019136,11.666665290833386,7.952373344735336,-4.669049266981982,16.36363605591238,6.327860577118454,2.5636886249429924,9.951723097150847,9.869442745784692,3.328696236169267,15.286390202460742,bootstrap_method:meboot,meboot
warm_nights,40898,Chahbahar,12.212339285606092,8.819607795601483,17.499997115244685,24.121630899152372,15.324983445517663,38.2436969882756,11.188261696027594,6.902587406520186,16.78176387451504,25.534414840043695,15.542047623678869,38.122856045250224,bootstrap_method:meboot,meboot
warm_nights,88187,Jam,11.496882038969456,2.9249992349189267,22.307692057078864,19.377207189735312,3.5654766832109788,28.749998779124773,7.106346316112722,3.5956461846393304,11.565927128187429,17.35321388901869,12.123282931000833,21.003540301735473,bootstrap_method:meboot,meboot
warm_nights,99331,Tehran (Geophysic),-2.1556266198479093,-18.33333251707633,7.916664869070609,-8.842267174253024,-30.93636326829048,16.999999801110274,1.06121077899886,0.12122527803776176,2.8562186153287232,-7.360045970986431,-14.86900068427104,-0.8541395172820447,bootstrap_method:meboot,meboot
warm_nights,99407,Boshruyeh,5.796441735363655,-0.0208259565306518,9.999994640600322,15.603265841140992,9.166666892262398,20.588235347809785,6.5469175114463996,2.8503741260147177,9.261414995450684,16.519822247105086,11.15756959362806,20.316384561847332,bootstrap_method:meboot,meboot
warm_nights,99421,Natanz,5.198320258465444,-4.32562847772415,11.447540741213103,8.707902171958327,-2.668181135558202,19.999996360377267,7.225470251998823,3.5406316003706686,10.689519543792157,7.496429476299519,2.2385039594001888,13.241132152075098,bootstrap_method:meboot,meboot
warm_nights,99459,Borujen,9.166626218340047,3.3333333103570397,26.66665062475308,15.276661632370246,12.083336358368788,22.857142441931195,6.94539538409132,4.033052770237259,10.298666076433339,13.87530367587121,10.036897562730879,17.10228158036288,bootstrap_method:meboot,meboot
warm_nights,99623,Zahak,4.330404554407073,-6.68749566222118,12.173912601475749,13.02896860007981,-11.666662787986462,27.39699786894283,5.234451524475795,0.780455694708735,9.803322038873535,20.53281793586912,8.344390233377531,28.28865332784502,bootstrap_method:meboot,meboot
cool_days,19996,Bahookalat,-5.419170791461031,-9.583331611038473,1.1764701928757628,-15.356749187915964,-31.49999919281193,11.208333321434926,-5.406491220043375,-8.131494499713595,-1.7287639907861052,-12.711176451779034,-18.878398787208223,-6.439191054758892,bootstrap_method:meboot,meboot
cool_days,40700,Parsabad,-0.0662321751482652,-6.272321616565519,3.7562498853177138,-4.826026940088867,-16.666665194810662,12.749998218184455,-0.8765314069295964,-2.782713076350675,-0.02878199268042005,-10.028863863622785,-14.608303447255015,-4.649547560488788,bootstrap_method:meboot,meboot
cool_days,40701,Maku,-4.728594127968526,-7.333331425084014,-1.828124574593744,-15.793300613264472,-28.749995968230014,7.526784151284104,-4.51953510198171,-7.634971573335282,-2.222893166007509,-20.380317786970714,-27.281586039330833,-4.415286770294655,bootstrap_method:meboot,meboot
cool_days,40702,Jolfa,-2.472367826342359,-8.148149079367789,1.7647003964732997,-13.898370830352764,-30.99999953082699,9.499997642948983,-2.242206183786406,-4.02981030060696,-0.6123971741315779,-16.753116526356596,-27.085752742034053,-5.154281941462623,bootstrap_method:meboot,meboot
cool_days,40703,Khoy,-5.744678150038587,-11.481480853140628,-1.5779356052166555,-14.890560582891226,-30.450229475341036,2.85713939866614,-5.677800922952729,-8.464707844624598,-2.939485598266934,-16.261238172483104,-28.267677309537756,-2.1710763391089816,bootstrap_method:meboot,meboot
cool_days,40704,Ahar,-4.21828043283937,-14.013618212083614,0.5555458530592758,-11.76799587428346,-26.08695408675809,4.285714083867354,-3.7534073420060547,-6.0141478257870675,-1.8033212956957323,-14.86262001641167,-24.77826971224687,-2.71315057171696,bootstrap_method:meboot,meboot
cool_days,40706,Tabriz,-4.869934921687668,-12.504166273420246,2.992647067985987,-11.761876570553536,-26.190477277502207,3.339285784421327,-2.934879178294312,-5.715739322971451,-0.5516599711730737,-14.618242161188345,-26.26475981086213,-2.420274926453384,bootstrap_method:meboot,meboot
cool_days,40708,Ardebil,-1.7869434853782555,-11.281248444397155,3.680070019370977,-13.885889612325146,-27.99999934836488,0.0249992487537315,-1.8765488236759074,-5.455399379249393,-0.020892077021909913,-16.860140502807457,-23.162672103917334,-5.076744692546673,bootstrap_method:meboot,meboot
cool_days,40709,Astara,-5.358943366380575,-8.888886825416204,-2.222222634953466,-14.064592038841598,-27.91165368055475,9.486836151089085,-5.25109340768973,-7.47516319553722,-3.162753581104414,-18.349824344041217,-24.047481947116353,-9.894146558177935,bootstrap_method:meboot,meboot
cool_days,40710,Sarab,-3.386791804823535,-9.426470341490026,1.260416284253945,-9.94997693757527,-22.39434430603499,6.678571014618518,-4.406167803593125,-6.237905232691453,-1.5677555614731735,-14.457641537469339,-23.464831181092343,-3.323180385883166,bootstrap_method:meboot,meboot
cool_days,40712,Orumiyeh,-5.008915780047552,-16.666611793253303,-2.458112762727447e-07,-20.39613214877283,-37.91666526927179,-0.6250012048821417,-3.483127393296809,-8.322143253827099,-0.8807957834124621,-23.31658904205265,-36.02779570825983,-6.569343702617597,bootstrap_method:meboot,meboot
cool_days,40713,Maragheh-Synoptic,-10.106779761600086,-18.78125003831108,-3.3333326027474945,-25.098100258074314,-49.99999951522989,-4.278572385078953,-8.63148228761083,-12.224206482193036,-4.886517243067873,-28.669736358773275,-50.71317510090171,-12.182908825951698,bootstrap_method:meboot,meboot
cool_days,40716,Mianeh,-5.962202255029736,-10.928025859057328,-3.846267369986009,-19.63510749177588,-36.84211094127173,-3.076922780757862,-5.366344322338116,-7.931703449404554,-2.7765634289775285,-21.36532796134611,-33.388425575952326,-6.306758560323293,bootstrap_method:meboot,meboot
cool_days,40717,Khalkhal,-6.591871934548102,-11.725001871897485,-3.941666750879292,-12.7445315979014,-23.75000504551548,-2.5000219328824715,-5.890436480793787,-8.160978813635712,-2.9211242477466026,-16.1012206039742,-24.40326862129495,-5.923645738095017,bootstrap_method:meboot,meboot
cool_days,40718,Bandar-E-Anzali,-3.558555219120689,-9.99999843553974,-1.6666670405470745,-19.70559772703657,-39.01534920497858,-1.9999997574082315,-3.1083360990197004,-5.779786095622157,-1.2745767756077206,-22.48162641967344,-34.37488074093532,-10.961246200148514,bootstrap_method:meboot,meboot
cool_days,40719,Rasht,-4.234264068156507,-8.461538125580235,5.899764397592064e-07,-11.82003963360707,-22.66665794681844,-4.444444298465862,-2.1755642410101332,-4.12779039036719,-0.7085536161820057,-13.035462246392012,-21.365332123736952,-5.3416284112112,bootstrap_method:meboot,meboot
cool_days,40723,Bojnurd,-7.199369683220816,-13.083333473587404,-1.578949726087178,-7.251530699190932,-18.18179399078954,2.3529374129008693,-7.463015123683806,-10.616421014773117,-3.9354620134782206,-8.922991508910536,-14.351438509668286,-3.38320882156704,bootstrap_method:meboot,meboot
cool_days,40724,Piranshahr,-7.190919557494308,-17.02499948614984,0.5993554563733487,-15.858574674045164,-42.41826165741448,-2.452237662192025,-4.513829017666391,-7.391563132751675,-1.6206215032519657,-20.564129954094934,-45.61716253157082,-5.259495939095066,bootstrap_method:meboot,meboot
cool_days,40726,Mahabad,-6.308252109502646,-21.66665917687104,0.9488621384163302,-14.250225357980444,-28.12500017682269,4.285712135967331,-4.430509441390964,-7.567734819157407,-2.1447338301557446,-19.155802158453174,-31.057877962050235,-7.5010842892021365,bootstrap_method:meboot,meboot
cool_days,40727,Saqez,-5.582778085396556,-11.999999997457143,-2.352941164049095,-14.34123841300922,-41.39016111530724,0.0208323189309231,-4.688046529293308,-8.090727314175831,-2.007081755898974,-19.735882297826574,-40.66487167419855,-5.859611324007768,bootstrap_method:meboot,meboot
cool_days,40728,Takab,-8.38188542919632,-14.844860825982144,-4.913462376047904,-16.43756188859001,-45.263152176142455,1.4285606618315592,-7.839344782125568,-10.94619694032417,-4.2309632169072,-21.622886903450123,-40.87539462740206,-5.81976684873234,bootstrap_method:meboot,meboot
cool_days,40729,Zanjan,-10.895716012982014,-15.000000097748616,-7.857144213580025,-14.015333469544736,-37.14957215673137,-1.497045465768964e-06,-10.040824373657335,-13.625530414595884,-5.8554551099745575,-21.062998101859225,-35.867762450923614,-5.717662185071273,bootstrap_method:meboot,meboot
cool_days,40730,Khorramdareh,-6.5125611880268846,-11.999982403245514,-4.000001584806369,-9.86399996179928,-27.69230524754634,0.5488729223718135,-5.774196248315711,-9.015417093844459,-2.4352737052949602,-13.582496527251873,-26.82480257537832,-2.962989816025571,bootstrap_method:meboot,meboot
cool_days,40731,Qazvin,-7.417183792757267,-11.99991410796762,-2.9411767682190115,-15.050848916784725,-40.43478157946269,-6.847474560744896e-07,-7.90950381471015,-11.10997445723877,-4.858191369565176,-19.330739946933427,-34.624333367135286,-6.398470484406859,bootstrap_method:meboot,meboot
cool_days,40732,Ramsar,-3.6020826632490253,-6.67741681538702,-1.5000008958948416,-16.07005825467369,-33.12500086405006,5.263155094487847,-3.950835802248955,-6.326452829850979,-2.3349568271543384,-17.560008324764976,-27.06008978312687,-7.457256705884701,bootstrap_method:meboot,meboot
cool_days,40734,Nowshahr,-5.340446269898169,-10.526314221191807,-1.785714451172293,-12.446879189429136,-25.55555498626152,7.526785325218251,-5.379148573522907,-8.89138543293316,-1.94900432330906,-14.309835185978905,-23.120836841255198,-6.654059027458599,bootstrap_method:meboot,meboot
cool_days,40736,Babolsar,-1.8313538652544927,-7.541666408976919,1.8181809681681576,-13.431748051282597,-22.947916467596343,2.4999669774159377,-1.9914999726158311,-3.478463304772534,-0.42953572513377003,-15.798771968402253,-20.999962146870473,-6.188452887332233,bootstrap_method:meboot,meboot
cool_days,40737,Gharakhil,-3.914207334828447,-8.33333358686695,2.3880501564281206e-06,-12.134856677790284,-21.57893771119805,-0.8124998935826689,-4.759669044796815,-7.718691889626934,-2.405967094378441,-14.276642443331234,-19.47053044634093,-4.313521677150276,bootstrap_method:meboot,meboot
cool_days,40738,Gorgan,-5.5386625113017365,-10.01923094052482,-2.935829361402009,-12.974356039685706,-21.73897594969993,0.4545379360896633,-4.933532002629425,-7.633434633558634,-2.3382217383405766,-12.474054190794206,-17.107039207099415,-4.004092469541325,bootstrap_method:meboot,meboot
cool_days,40739,Shahrud,-2.479095690209421,-8.666665252053296,-5.756161233155356e-07,-10.717838465148212,-30.043099065235385,4.99999881365243,-1.2996808811286777,-2.7808683846235023,-0.1764093884025478,-14.672359993413911,-28.564045282792957,-4.385129423684527,bootstrap_method:meboot,meboot
cool_days,40740,Quchan,-2.030251564878488,-6.204538942682191,2.857140457699317,-5.095993208006616,-16.666665419917837,7.810605277229264,-3.303263705933131,-4.610681704806589,-1.8682106140781252,-9.818415244358423,-15.477639095218404,-4.634205600616574,bootstrap_method:meboot,meboot
cool_days,40741,Sarakhs,-7.544091494576387,-12.314395187380793,-0.769231381508949,-10.344677941963578,-19.99999740391633,1.4285700728619308,-7.863673222007562,-12.858995473845887,-4.282206088295688,-12.67570131002733,-16.131560552301607,-5.318956463548761,bootstrap_method:meboot,meboot
cool_days,40742,Biyarjomand,-5.1202667893554645,-9.999999694872976,-2.848216735748566,-9.215347173616786,-18.65192941279765,-7.330877912008156e-07,-4.641653856742919,-7.368086522208795,-2.1836827862059676,-12.973392183275019,-21.98025193406419,-5.507124433250508,bootstrap_method:meboot,meboot
cool_days,40743,Sabzevar,-4.393833884058221,-9.444443896377674,-2.222223923269356,-11.111261137173615,-21.17934718521683,-0.7386360599760371,-3.784049021875365,-6.578394306445952,-1.5966862855417672,-12.873510840999204,-18.68220599820131,-5.168813435231935,bootstrap_method:meboot,meboot
cool_days,40744,Golmakan,-5.418845852751272,-9.45833343185502,-0.6250005975783666,-6.568600895380729,-17.69230520102246,2.222220197033668,-5.458155065842696,-7.267844883632297,-2.6804343192564253,-7.094140066222496,-9.887073608497625,-2.9820669201141263,bootstrap_method:meboot,meboot
cool_days,40745,Mashhad,-3.414655637710895,-5.555552607975502,-1.764705936683258,-10.938456580050454,-20.495541791438534,-0.4431816316147577,-3.27003057693904,-4.980418494593377,-1.6085945928554388,-11.246862823915576,-17.31681102794198,-5.388351832861846,bootstrap_method:meboot,meboot
cool_days,40746,Neyshabur,-7.51626392628669,-14.166666771422204,-1.8750009928809337,-10.888148669615248,-23.125004855977046,1.999974595019612,-7.411745953086492,-10.211032476456342,-4.5570601968269,-11.771480091764978,-18.590035863926175,-5.2946708611339455,bootstrap_method:meboot,meboot
cool_days,40747,Sanandaj,-10.131367988489975,-14.99996621788024,-6.923076748519521,-14.899887704567282,-43.35833271728865,-5.333330942914719,-8.58360185241242,-12.37831233231438,-5.7403408851861295,-22.691064507202885,-48.121870979533654,-7.682896419012336,bootstrap_method:meboot,meboot
cool_days,40748,Bijar,-12.295495320922267,-18.125000408902505,-8.125004251383304,-14.754352373672695,-40.00001165047401,-3.709822603048426,-9.36029454863031,-12.77097570160327,-3.852903973213306,-20.15950217835914,-43.28681882273105,-6.869088007628949,bootstrap_method:meboot,meboot
cool_days,40749,Zarrineh,-11.002995897798357,-16.06875277356304,-4.666668782241796,-16.378667470857845,-38.14814764590674,-5.429293573978706,-10.085431965187185,-12.795969014895245,-7.378892375130883,-20.859864268833245,-38.12668308227906,-8.742933626519829,bootstrap_method:meboot,meboot
cool_days,40751,Tehran (Shemiran),-12.193461708618717,-18.461538021131908,-5.000000039279771,-19.050072547978104,-35.00000080307807,-1.8750055541923816,-10.366877085827873,-14.693029918555819,-6.821975344693038,-20.67583806654012,-40.753284936051436,-6.5500357355968,bootstrap_method:meboot,meboot
cool_days,40752,Karaj,-10.225032335816705,-17.000000200851968,-5.878151401510854,-14.62664217995644,-30.000006007235665,-3.125000549562821,-8.703699380113788,-11.574025964500676,-5.544380528540744,-16.394579817244534,-31.70885598957729,-5.657039001129187,bootstrap_method:meboot,meboot
cool_days,40754,Tehran (Mehrabad Airport),-4.749728489243962,-9.071419910544783,-0.5000004348403766,-9.293541548830024,-28.387081740492874,5.835231060070586,-4.527597479747575,-7.267054596253722,-2.0366539025515134,-14.73613412779413,-28.015052696597383,-3.815602601441561,bootstrap_method:meboot,meboot
cool_days,40755,Abali,-9.2777690210352,-15.555543877738208,-5.671427914081855,-14.521149879016784,-42.118745362748925,0.5952380943576092,-7.071975129561225,-9.733871120051521,-3.796800804141451,-18.05957544388801,-38.876831328623524,-6.528102838193315,bootstrap_method:meboot,meboot
cool_days,40757,Semnan,-7.356181937346273,-13.33333337117273,-3.071421399369047,-15.3155221103479,-28.14815942816556,-2.777777953561967,-5.771954297684646,-7.851886534407587,-3.0786160754694984,-18.105420353024755,-30.533703104097842,-5.9323270426404155,bootstrap_method:meboot,meboot
cool_days,40758,Garmsar,-3.244978300961358,-6.363632934110389,1.2499992480303492,-8.97003349647686,-27.343746623521504,13.333332774750083,-3.2078266739562333,-4.865981775655629,-1.0480465271489605,-15.233588992831887,-25.147336528816876,-6.08766079851813,bootstrap_method:meboot,meboot
cool_days,40762,Torbat-E Heydariyeh,-8.0477575410878,-12.105263137151924,-1.8750055972963025,-13.331784044497704,-27.99999761962857,-2.111691023668485e-07,-8.045438238878928,-11.24714834801611,-4.860778106787049,-15.290963918249794,-22.073450776791205,-7.2938135743993655,bootstrap_method:meboot,meboot
cool_days,40763,Kashmar,-7.988579654233445,-12.499999323531542,-5.000000312191942,-10.873095147225929,-24.49999418077457,4.54544717430541,-7.523215028792722,-10.53925197811284,-4.586271838477977,-14.873054647474259,-21.481580499152994,-5.963603768854145,bootstrap_method:meboot,meboot
cool_days,40764,Ravansar,-7.249908585265245,-15.925923321718532,0.5643961317791797,-17.796300892945993,-43.20395037759855,7.058820987762832,-6.444573303309888,-12.267453679782323,-1.234298633471357,-24.50341693831366,-44.550869080456074,-7.917776326120888,bootstrap_method:meboot,meboot
cool_days,40765,Sarpol-E-Zahab,-7.278905399087501,-11.999999456306428,1.0526310219692692,-22.432249255140363,-36.6922991106604,-2.099552419250013,-6.704804261297409,-10.29490669951395,-3.5349282689032564,-25.680120162367384,-40.20472287765628,-10.72918754375683,bootstrap_method:meboot,meboot
cool_days,40766,Kermanshah,-4.651956404470414,-10.433332959179626,4.54545444108496,-16.142675172130083,-41.86607011646291,10.909091191599568,-5.261483059529456,-8.97612153828583,-2.2374587725111503,-24.387253437710612,-47.98698107257422,-6.661490757317258,bootstrap_method:meboot,meboot
cool_days,40768,Hamedan (Airport),-10.173528407709837,-12.85713937017219,-6.666668787201536,-13.847305606240786,-53.913034809547696,-2.727272697466642,-10.122120053239652,-13.716311566593927,-5.7353209332190636,-21.049374735102745,-58.91497929532962,-6.145918834505373,bootstrap_method:meboot,meboot
cool_days,40769,Arak,-6.599770673205671,-13.342104786538949,-2.2222221968950997,-17.659674250881473,-37.04659833805265,-5.333335845434492,-6.742580333436882,-9.082987715760067,-4.042843593294429,-21.350057367871543,-39.54977022969856,-8.32852756421883,bootstrap_method:meboot,meboot
cool_days,40770,Qom,-6.703176430647838,-13.47499866670917,-2.000002603572613,-16.240978723254717,-31.49999827988694,1.1145874066814714,-6.206022714752533,-8.612271359921785,-2.7615530234198276,-18.46621546959183,-27.834909843858615,-6.7918864402837045,bootstrap_method:meboot,meboot
cool_days,40771,Kangavar,-8.1107714727406,-13.571428383667424,-1.4285730717410194,-16.29496375892202,-41.21379111114338,-2.3055560077900754,-8.275627020002272,-12.513747221531908,-4.361710575352948,-23.166996142086482,-47.59410292519335,-5.3841179045688365,bootstrap_method:meboot,meboot
cool_days,40772,Qorveh,-10.800771159022569,-16.249999607177692,-4.267839031900058,-16.43915413025601,-38.88888804057282,-3.6842111363536416,-10.397368918897842,-16.273522304943462,-5.02892110544251,-21.34804217729037,-39.446343453788074,-5.978374145664538,bootstrap_method:meboot,meboot
cool_days,40774,Borujerd,-5.751691397463695,-12.500001747602823,-0.6964293909154887,-15.925020991320238,-48.001919024445634,-2.500000756010366,-5.505961777919608,-9.503270038132422,-3.0635559233930043,-24.033844011301444,-52.979971128033036,-7.78321222839454,bootstrap_method:meboot,meboot
cool_days,40778,Gonabad,-12.478818802769442,-16.521731832152888,-9.977272630099804,-8.878555387563035,-18.749989357597578,2.356617184628018,-12.132158221333833,-16.001572192461417,-7.900191976931889,-11.386058179873217,-14.4849784503692,-5.879835069967621,bootstrap_method:meboot,meboot
cool_days,40779,Eslamabad-E-Gharb,-5.846568164727873,-13.636359936441533,4.117646803409308,-14.8666544520167,-36.78914830099769,-6.153847865859103,-5.298171434979384,-11.377757245003696,-1.0988626329887976,-21.095820882704242,-45.996499005976005,-5.675253710478848,bootstrap_method:meboot,meboot
cool_days,40780,Ilam,-8.857152243393347,-19.272724723528217,-3.333334264802666,-24.333302725770796,-48.27446725181712,-15.992858089827244,-7.390383921119426,-13.358368718427574,-3.4662692829454764,-28.665601463940316,-50.709809880823656,-15.103849544330478,bootstrap_method:meboot,meboot
cool_days,40782,Khorramabad,-7.776784539443944,-15.185183393029394,9.411763031417156,-19.503827305327277,-46.95651804977714,-4.573529656809759,-7.711823833139245,-10.60861023594273,-3.39584516800199,-23.442659913212264,-45.4343511556629,-7.6093896324673285,bootstrap_method:meboot,meboot
cool_days,40783,Aligudarz,-5.155553946784144,-15.333324559422152,-1.392849619894165,-15.01259585811088,-41.95376271631821,-1.9968749610255216,-4.139599246111391,-8.71728896512831,-1.3084502628991688,-23.019543739026698,-45.603424922575634,-6.331977791679664,bootstrap_method:meboot,meboot
cool_days,40785,Kashan,-4.626936003342454,-12.352934247066562,1.2499994113006716,-17.075634228985763,-32.69791337233496,-1.2675301829945431e-05,-5.006862761601773,-8.181810038597304,-1.828670741527646,-20.828809023086478,-33.45888018240992,-9.974831298110653,bootstrap_method:meboot,meboot
cool_days,40787,Daran,-4.841552242645149,-15.05833358870072,-0.7142837865270983,-14.010140439189213,-31.693181758253267,1.436975730948835,-4.16452894746242,-7.381482793132093,-1.55968058642032,-21.994032536161022,-36.1461354344855,-8.47160819915257,bootstrap_method:meboot,meboot
cool_days,40789,Khur-Va-Biabanak,-4.882156279319238,-11.30434725940842,2.5089287225785912,-13.872445861341234,-24.54536549303405,-0.9906227492843628,-5.287675638682544,-8.992059362801143,-1.9754846637348156,-15.99610631341842,-23.53357416611394,-6.102441146483476,bootstrap_method:meboot,meboot
cool_days,40790,Robat-E-Poshtebadam,-4.184450180173061,-9.24999958546181,-1.111110783814073,-8.532144964657673,-17.692305450155104,2.6041670404285964,-3.56738425093307,-6.704362278888663,-1.5257273972781076,-12.14252593389371,-17.317620250998402,-6.756716965208432,bootstrap_method:meboot,meboot
cool_days,40791,Tabas,-9.545719523895476,-17.858086097765664,-4.166667613137877,-13.580487987914358,-23.167255715994585,4.999981057494238,-7.252299582759263,-11.056288817797677,-4.697014691717259,-17.305815406327007,-24.036920747008537,-8.697088380629294,bootstrap_method:meboot,meboot
cool_days,40792,Ferdows,-2.183027283180431,-8.555555233538051,3.5034059418109256,-2.333838237117671,-16.538461086816106,13.333327369422964,-2.603091882587622,-4.503621064967566,-0.9035448995293537,-6.518549771037367,-12.22415345346233,-1.1164098916689331,bootstrap_method:meboot,meboot
cool_days,40793,Qaen,-9.713796817704068,-15.022732577225913,-6.500008751162151,-14.543044127595117,-22.500001143638062,-3.333338633303025,-8.727181158234794,-11.55707258066964,-5.514986897586243,-13.730063561274733,-16.6674962703119,-8.91487707930886,bootstrap_method:meboot,meboot
cool_days,40794,Safiabad (Dezful),-5.583224905713113,-13.907051289403574,4.047057443370606,-15.504883921722277,-30.714285579921185,0.0416661646029693,-4.413022259546981,-7.932882834315269,-1.0501493044912682,-20.432951268566285,-31.853630519257074,-8.497673826873857,bootstrap_method:meboot,meboot
cool_days,40796,Dehloran,-10.05435228412946,-16.94998034509765,-2.8571445663534027,-19.74428083966916,-42.85714110505451,-6.360796469172308,-10.091943226804592,-14.92601947171002,-6.059288246788993,-24.547561278361123,-44.81451197597508,-11.399806901595882,bootstrap_method:meboot,meboot
cool_days,40797,Kuhrang,-8.946439183171941,-18.67728522369628,-4.545455070982749,-23.675484763685645,-47.27272901602581,-12.178031802858012,-6.958111532194078,-11.073225287633447,-2.8187284069308487,-27.47795688256643,-45.49721623237009,-12.084830316132152,bootstrap_method:meboot,meboot
cool_days,40798,Shahrekord,-7.252044302250328,-16.36363577883475,-2.491071071250561,-17.968506286644065,-35.45451846101129,-7.058823475191508,-5.88481792747068,-10.262994761751136,-3.888027797182954,-20.619758863089015,-35.16789591135212,-8.644197173545358,bootstrap_method:meboot,meboot
cool_days,40799,Ardestan,-7.070322316368381,-13.333308861508012,-3.12500019937069,-14.466048465298208,-28.33333312958233,4.999999509912157,-6.983014479972562,-9.480615379941453,-3.6673946125297157,-20.062542492090913,-29.93430033991371,-8.301542803490069,bootstrap_method:meboot,meboot
cool_days,40800,Esfahan,-6.483552469656388,-15.454546679684606,1.2794610582875363,-18.26476387108525,-31.923076450910383,-4.381947567116062e-09,-6.772396004715949,-9.295021423487281,-2.5313273368039564,-22.835338656623488,-36.88296317627207,-10.906308281073603,bootstrap_method:meboot,meboot
cool_days,40801,Naein,-6.810862508001678,-13.366665861022376,-3.571428998034477,-9.568536354348511,-15.999999717961485,5.049634707324577,-6.419814372828942,-9.262643351260866,-3.546454615438427,-12.40217425857948,-18.02335135920744,-6.177179915370802,bootstrap_method:meboot,meboot
cool_days,40802,Esfahan (Airport),-6.205357360842974,-16.879385309541103,-1.1111112606264424,-13.589148083142852,-23.18181744721733,-1.6666663368042989,-6.149419736506965,-10.151497118175467,-1.7412321531699677,-15.804571447632203,-24.432182357307916,-6.081559462334059,bootstrap_method:meboot,meboot
cool_days,40803,Kabutarabad,-6.365860772649688,-17.54326955768429,0.6666645503227526,-21.0161237391346,-30.74073680558188,0.6249998448663252,-6.205665971967778,-10.035178933277253,-3.7853254256497957,-23.82701852573543,-30.725210244603236,-13.274918820787367,bootstrap_method:meboot,meboot
cool_days,40809,Birjand,-6.964227280204187,-17.172618705857793,2.52083918132364,-7.435097608543378,-17.519017544143423,7.272726663158239,-6.5219681108232885,-10.145033297160367,-3.4520095636943258,-10.834909768005037,-18.197512016665925,-3.3853402525429455,bootstrap_method:meboot,meboot
cool_days,40810,Bostan,-7.799622257182334,-30.64508913094245,1.8181704639792455,-21.956223562499428,-44.6931829343416,7.000001217138352,-5.023668785548754,-8.626275744265813,-1.3605187749695578,-25.499697686917624,-40.754155543086455,-11.62087069245477,bootstrap_method:meboot,meboot
cool_days,40811,Ahvaz,-6.048653020319291,-16.428571990258536,3.1249998720349,-16.73286346057089,-35.99999986961266,6.250000151671206,-4.042152294287944,-7.808737568670428,-0.9976413191504259,-19.2640433024744,-35.45549314016429,-9.402567606301998,bootstrap_method:meboot,meboot
cool_days,40812,Masjedsoleyman,-4.242328734721155,-10.053581864487263,-0.3643047794656943,-16.80879996436575,-41.030851822197945,-2.817839176438481,-3.142471253822125,-5.994838164204459,-1.0505852138061407,-21.43644957795359,-37.59848002223143,-10.254983271563557,bootstrap_method:meboot,meboot
cool_days,40813,Ramhormoz,-6.978662590865908,-12.777779059423606,-0.6250000378580698,-19.432695092812324,-34.61537997367465,-6.000003754535874,-5.336021741109059,-9.992460605107617,-1.8770920980176593,-21.483162885360084,-31.99989000421139,-10.732839337969228,bootstrap_method:meboot,meboot
cool_days,40818,Abadeh,-0.3683638836194458,-22.60416493182845,6.428571199964515,-11.701481180695232,-20.50601758185029,1.2500029981305525,1.228602163844936,0.1282740870785412,3.935384916937261,-13.843056037173534,-21.73124973414044,-4.791278398901838,bootstrap_method:meboot,meboot
cool_days,40821,Yazd,-3.4930372609189844,-16.333333346281183,5.555553918348169,-9.70780891719628,-22.083330491828004,3.3499947325082053,-2.0017043465213975,-4.722289957858153,-0.510901260770406,-12.7883830316901,-22.46790369707921,-5.7588333395715825,bootstrap_method:meboot,meboot
cool_days,40827,Nehbandan,-5.438195650935017,-16.404545270131933,-0.664697870376506,-12.075584263221458,-20.909090000226435,4.177888294534243,-4.118233016703252,-7.025953089315471,-2.1027210882412577,-13.348096297339843,-17.111966800071155,-7.374590564175531,bootstrap_method:meboot,meboot
cool_days,40829,Zabol,-6.136722799973069,-27.49997723872152,0.6120057267082705,-16.476836146904706,-28.42104735543868,4.090908415640637,-4.0504082559678185,-5.770396934425475,-2.2527259469312937,-18.84967288407103,-21.639406092352516,-10.84268684120316,bootstrap_method:meboot,meboot
cool_days,40831,Abadan,-5.867132728775968,-12.97817573597374,1.7706360672557089,-20.846649607650743,-43.80952219234816,2.7513940457439456e-06,-5.218076739739119,-8.19537339302645,-2.512268311513715,-25.20874461316782,-38.46129556212305,-10.86523354162401,bootstrap_method:meboot,meboot
cool_days,40832,Bandar-E- Mahshahr,-6.78910633425458,-13.107135803565455,-2.2222225590910805,-15.71914698478809,-29.999998335461616,-6.111111445058901,-6.399663220342817,-9.109138431994252,-3.6306053194852606,-15.82877734082395,-29.203571596436756,-6.626433248524865,bootstrap_method:meboot,meboot
cool_days,40833,Omidiyeh (Aghajari),-7.5391858488452,-13.59326156734897,-0.9090916447258646,-17.40874607293303,-33.70370355706746,9.999861462880506,-6.615357596890431,-11.207686429665134,-2.432436871938552,-17.195419227388342,-29.818496476814946,-9.096047414728277,bootstrap_method:meboot,meboot
cool_days,40835,Dogonbadan,-6.875268461453346,-17.8857117009169,0.0441188488142,-19.71646905863096,-28.235292346817968,-5.555557031374221,-9.496685139543704,-13.949086517749702,-4.032980019853282,-17.783259718512237,-23.179156482050374,-13.112089756185632,bootstrap_method:meboot,meboot
cool_days,40836,Yasuj,-6.3097406684181125,-18.01666643762411,-1.0000034605631978,-18.074946513997794,-45.2173896091774,-8.66666677534796,-5.528987364257439,-8.085669735986356,-2.753592786151691,-21.86965007311128,-45.8897384189717,-8.375521309312667,bootstrap_method:meboot,meboot
cool_days,40839,Anar,-5.856244472166334,-17.504809044984825,1.4285713125697714,-12.62953672692876,-21.111110013838456,-1.5000004834833838,-3.662781098688423,-7.072488683799846,-0.5010825432007651,-12.865271979365591,-15.503871761744596,-6.514680855945857,bootstrap_method:meboot,meboot
cool_days,40841,Kerman,0.0269615865106858,-12.23484841737822,6.8421042884364685,-7.39319927504135,-18.46428640102049,11.545836136381498,0.35740712014206494,0.003300296147655619,1.2748691216838355,-11.514218080721356,-14.505312924090045,-6.443167940840982,bootstrap_method:meboot,meboot
cool_days,40844,Dorudzan,-6.472537239494578,-17.77777838886608,-2.117059822848971,-15.91060389143487,-39.27777973208047,-2.000003212358724,-3.8900823436805947,-6.188342054234932,-1.6504130218217998,-22.04192904005127,-43.75681787544465,-9.311358644774902,bootstrap_method:meboot,meboot
cool_days,40847,Zarqan,-8.096477523621385,-21.111105946645804,-3.0416666384382265,-17.637949814353306,-31.617646508591065,-4.999998951463345,-5.60227914099469,-8.346858508075027,-3.195830024474113,-21.14305243611717,-34.944925060485694,-9.626485131227701,bootstrap_method:meboot,meboot
cool_days,40848,Shiraz,-5.173953028561694,-16.70454420304612,4.444444568416404,-15.4613830774017,-26.297979267868776,-4.824998132360406,-3.078623866339482,-5.7420404360552615,-0.23796840055611893,-18.012658277783533,-28.233452628075778,-9.586204957668642,bootstrap_method:meboot,meboot
cool_days,40849,Shahrebabak,-2.245993392978472,-12.857142100323298,5.053571744135359,-13.6674335309896,-22.023541363070883,-6.183034255200341,0.34254075706302345,0.008719391224298673,1.3873726341434702,-14.762702685434355,-23.32541143506046,-7.210670646772791,bootstrap_method:meboot,meboot
cool_days,40851,Sirjan,0.3543643548596092,-9.999991052109513,10.63715347944639,-8.52089587374031,-15.643485735244225,4.999999750367923,-0.6850946809171226,-2.2997073422918493,-0.01947814225601176,-11.003825122945722,-15.112610670067054,-5.116476194100128,bootstrap_method:meboot,meboot
cool_days,40853,Baft,-2.883870878848682,-9.130417632301889,2.2222133459365736,-13.366394306057266,-25.55555599776537,8.499996248106108,-3.2330610343275272,-5.389401015557994,-1.3281743913372637,-14.749611117644047,-19.60573492560973,-7.6411653499100165,bootstrap_method:meboot,meboot
cool_days,40854,Bam,-8.02811081999117,-21.750000381833605,-2.6666655387292724,-16.213280863630793,-24.331352391996138,-1.6666706083064282,-6.647376503814154,-9.214508042562157,-4.033694485477291,-16.188239214212814,-18.939710861451754,-11.025555797657471,bootstrap_method:meboot,meboot
cool_days,40856,Zahedan,-6.386893821682347,-29.99997733694877,2.499999505151813,-11.553667328038989,-22.68823986458534,5.570836321093982,-4.318326407283064,-6.173507221483281,-1.8187705628566229,-13.750651610496897,-17.533851567625742,-7.793779596213141,bootstrap_method:meboot,meboot
cool_days,40857,Bushehr (Coastal),-7.117206576353822,-17.14285723961253,-1.099134050077539e-05,-35.50747640451327,-53.59880940470707,-15.0000000041426,-6.316415717570472,-12.027510539161662,-2.262607556714757,-37.1882515717175,-47.67178309151162,-21.079362394971376,bootstrap_method:meboot,meboot
cool_days,40858,Bushehr (Airport),-3.051485281236809,-13.736110312344907,2.6729335410282244,-20.27354395420544,-27.93698061314221,3.7499909676376113,-0.9474869471337425,-3.2799958713853905,-0.01687051251693803,-20.37742069707383,-27.320368650943852,-13.464674648998082,bootstrap_method:meboot,meboot
cool_days,40859,Fasa,-3.2647853537035,-13.589284067744464,4.713235214774894,-8.284401687139903,-27.40740499167244,3.499987639263469,-1.9970265051355227,-4.060151639741194,-0.4998219541394234,-13.921206396299123,-33.48789744651848,-4.418011432514858,bootstrap_method:meboot,meboot
cool_days,40870,Khash,-5.23581002174129,-14.448716305746522,-7.086792945560561e-09,-11.959065367973272,-26.99999937874543,9.99999839011521,-2.614497180649636,-6.602365787978608,-2.203965547578336e-06,-12.374473536847761,-16.86623052189759,-5.157067747827269,bootstrap_method:meboot,meboot
cool_days,40873,Lar,-4.480520021704226,-15.792016653468552,2.8592470582398506,-12.69787642690032,-23.89427696600712,7.1484958926721305,-4.790616809038422,-8.608603187425768,-1.5852519539689616,-15.40169493649585,-23.781011848454444,-6.9537640188406185,bootstrap_method:meboot,meboot
cool_days,40875,Bandarabbas,-5.972109548629909,-8.695640884366522,4.90789412552296e-07,-21.48349409518709,-35.909088632682725,4.448718235208765,-6.601170124864102,-9.27441271226377,-3.8116079951707023,-26.67818695407605,-35.857412721459795,-13.011752968739208,bootstrap_method:meboot,meboot
cool_days,40876,Minab,-10.016490530521237,-18.33332351677064,-6.000000054057714,-24.41196823253072,-41.73912554636021,-3.6919651587259583,-7.860759219224877,-11.29142790812001,-4.103245339764282,-25.23717867544813,-34.52832406398691,-12.844946092899962,bootstrap_method:meboot,meboot
cool_days,40877,Kahnuj,1.0810349752953272,-4.705882267639356,5.99999363824018,-8.57902336163324,-18.74999958163621,11.11111009370982,0.4500329843723506,0.006843841491281404,1.6437500341392957,-7.63214645332408,-13.067141375869948,-2.4495504389385045,bootstrap_method:meboot,meboot
cool_days,40878,Saravan,-3.8566164723929592,-10.249997899245548,2.8571416883406267,-11.138687581870194,-19.999981494311783,0.8333322755380447,-3.3236937305654806,-5.6316766096414375,-0.6313255399262855,-11.12505727791249,-15.107076157582076,-6.661626353969528,bootstrap_method:meboot,meboot
cool_days,40879,Iranshahr,-0.8022562909745165,-8.888887656094834,4.999999624980326,-14.850403501908952,-26.25000679510058,2.392858978143739,-0.3851437849995796,-1.6663301908437897,-0.0073454217448362495,-15.532236075886539,-21.056072015982377,-5.610501509499009,bootstrap_method:meboot,meboot
cool_days,40882,Kish Island,-6.6035083094565685,-16.42856701621912,3.749991693622072,-23.19874013131461,-44.09085423544842,-1.3636370254066794,-7.035765632515974,-11.152183611846842,-2.681114008463056,-26.682256808254824,-39.77930477664238,-7.487300199065795,bootstrap_method:meboot,meboot
cool_days,40883,Bandar-E-Lengeh,-9.909993653061091,-22.499996205467014,-5.000004520595315,-30.01482055499688,-60.03125092642188,-2.360941566542515,-7.578676793285833,-11.426921688510493,-4.753297445470795,-35.5511978707657,-50.57794524554706,-16.991029131207807,bootstrap_method:meboot,meboot
cool_days,40889,Siri Island,-8.3635010395762,-16.44176898007538,-0.9091061370674556,-24.069093059593712,-40.064803658205015,1.835227942524624,-7.29271664445923,-10.22722781368857,-4.880712872911512,-28.44736400861975,-38.1899327024634,-13.801242234532156,bootstrap_method:meboot,meboot
cool_days,40890,Abumusa Island,-8.924417162874184,-25.741881158239728,-0.5263163002596316,-29.97362987609961,-42.2759085668546,-9.89583127111476,-7.69017694168316,-12.358227535695002,-4.429270309768762,-31.325738894320533,-38.28640079384575,-21.350644493211924,bootstrap_method:meboot,meboot
cool_days,40893,Jask,-7.225036035756439,-12.222217129268383,-2.0000003231989574,-20.89641729792791,-41.3636340066348,-6.428572823699359,-6.451934626029493,-8.575992165377768,-3.271077969896734,-26.73463779602885,-39.655858947566614,-8.905975125229151,bootstrap_method:meboot,meboot
cool_days,40898,Chahbahar,-2.788026124306631,-7.999996928594931,5.000000202600139,-24.357589393503744,-39.16666640122745,13.804811160014737,-3.7445889302625086,-6.289136793869928,-0.9523810535632836,-28.337653332373506,-38.75764849812418,-13.882162025464806,bootstrap_method:meboot,meboot
cool_days,88187,Jam,-5.590618028403664,-15.555555100156608,-0.9090953818957735,-15.662332132946435,-27.50000078047768,1.4285709543744245,-4.3494746819648675,-7.8361382360782965,-1.3446226857011767,-16.580223989574083,-21.70098405043642,-8.73401023508109,bootstrap_method:meboot,meboot
cool_days,99331,Tehran (Geophysic),-13.567149509273811,-21.818181991154702,-7.708334538433996,-15.788275835959274,-39.999993456338494,1.1111104769730078,-11.387979269674256,-15.262140350132912,-7.9805188382875984,-18.93946151441712,-36.25524250756674,-5.527740991617454,bootstrap_method:meboot,meboot
cool_days,99407,Boshruyeh,-6.773381163675785,-10.648849151502946,-1.428571631144813,-10.163631356263052,-22.24613398726204,6.470587306225462,-6.902817421880748,-8.98123109387264,-4.427765305431988,-12.176467664019128,-19.226351107285375,-6.186418594589893,bootstrap_method:meboot,meboot
cool_days,99421,Natanz,-8.77765058729172,-15.333328175664896,-0.5555564059036504,-14.13175124009783,-23.49038476811904,-3.3362872764107256e-06,-8.860640190212335,-11.346562108768781,-5.3587035965728536,-19.381679596594793,-31.91036000896578,-7.601258520981902,bootstrap_method:meboot,meboot
cool_days,99459,Borujen,-7.580899355565321,-16.666662321458745,-3.1345031765311444,-23.583318747132434,-36.92307525634193,-12.4910757039506,-5.9826377302032325,-9.45176100217453,-3.3297306949031915,-25.52237930756017,-40.07553633928687,-14.460006878791672,bootstrap_method:meboot,meboot
cool_days,99623,Zahak,-1.9776352315520496,-11.739130513564795,3.74999882760004,-12.433704959364164,-23.33333323456789,11.919640946198792,0.29367505251349846,-4.545598040879049e-06,1.6508768474729658,-15.779400333567521,-20.314925830571823,-8.88867856510824,bootstrap_method:meboot,meboot
cool_nights,19996,Bahookalat,-1.926982124741054,-9.999995805552707,8.181817943066958,-15.33582548580864,-28.571427184326065,-4.899998014515299,-5.3943791030976715,-8.359932976275076,-1.6922245539053147,-17.33388371737777,-22.38048148398999,-8.162326398080307,bootstrap_method:meboot,meboot
cool_nights,40700,Parsabad,0.5224214082621079,-5.999991793521307,6.281249656479441,-5.235243712009913,-14.999999656300425,9.999994378339435,0.5455252387344534,-9.996178082205667e-08,2.4790557249508325,-8.046182228627108,-11.870013652491526,-2.7244185745759077,bootstrap_method:meboot,meboot
cool_nights,40701,Maku,-7.858148535078446,-10.68571180204534,-3.0568182243187696,-16.58948004941627,-35.71428536234483,-3.74999998844436,-8.361395371903946,-10.858657204457224,-4.063793528617408,-19.92353817081945,-36.65965145748435,-5.240351034279042,bootstrap_method:meboot,meboot
cool_nights,40702,Jolfa,-4.6443385423079295,-8.89583277928001,1.593045115760786,-14.083966188046132,-24.426379335056303,-2.142866250936705,-3.7810638904296887,-5.776908896604494,-0.5550173870736294,-18.019546970162505,-26.825184079566714,-7.591754818033499,bootstrap_method:meboot,meboot
cool_nights,40703,Khoy,-10.13502749639305,-16.66666730106143,-4.117650217519655,-21.23770647444184,-38.09523894655087,-4.974998752741141,-8.90764398169366,-14.082838259841276,-4.398177486855286,-24.703999617415406,-37.68679450756453,-7.473652072985719,bootstrap_method:meboot,meboot
cool_nights,40704,Ahar,-4.050713350588366,-9.655170591297662,8.48602420771453e-08,-9.826675615887137,-18.03077094060345,7.910701667717316,-4.537962407581995,-9.535114481140333,-0.7637893437584354,-12.315256882368544,-16.34997544683886,-6.432570672841867,bootstrap_method:meboot,meboot
cool_nights,40706,Tabriz,-2.195400053824235,-6.956522122315032,6.235772965899497,0.171255449578201,-14.999999617426768,21.000000006178738,-2.3112858268030694,-4.525958147445817,-0.26392909839020934,-5.42849736708317,-12.458815577878521,-0.7701658514690647,bootstrap_method:meboot,meboot
cool_nights,40708,Ardebil,-7.601112769018898,-13.636363618151243,-4.97915724065142,-19.263693158772544,-26.538461033334904,-4.000001680856902,-7.390791597112217,-10.470409307955327,-4.983517863300897,-19.092690875850323,-24.695468849317646,-13.091985734908336,bootstrap_method:meboot,meboot
cool_nights,40709,Astara,-2.059354923087765,-5.33333153245973,0.9677412768108,-15.088872819832028,-21.53846165865943,0.029413284283812,-1.2581693572209032,-2.2675654577095323,-0.17003697805614798,-16.285412947801785,-21.77509376924836,-8.613600459118986,bootstrap_method:meboot,meboot
cool_nights,40710,Sarab,-6.3638190024710415,-12.49999480832354,-1.3636373760215,-7.459582452158127,-14.173608119137208,2.2291678457897883,-3.6018831317599886,-7.413301021665199,-0.7866794395367032,-8.70094992610668,-14.045337882598579,-4.067670092159732,bootstrap_method:meboot,meboot
cool_nights,40712,Orumiyeh,2.581365251180161,-4.999984636962507,16.159096103502154,-1.8245945210520995,-32.0000000587969,20.767856998702957,1.2738721260349013,0.16448217088754852,3.4767264751385505,-11.60593036971955,-18.176299321854096,-4.4798904006390625,bootstrap_method:meboot,meboot
cool_nights,40713,Maragheh-Synoptic,-6.410733106513633,-13.268933302616244,0.5555545458245247,-15.084815154674317,-31.99999510810593,5.142858116782139,-6.993860229038701,-10.032238004464224,-3.7540313606923696,-20.63432697978435,-33.214846933007806,-9.384531170465854,bootstrap_method:meboot,meboot
cool_nights,40716,Mianeh,-8.129229304834789,-13.575875526254288,-1.6624995168895025,-13.51358041586792,-32.4999978700741,-2.285704021513123,-7.370634126678849,-11.190995309518255,-3.2788280580415488,-17.676301879240746,-33.913879272484444,-8.997672346797481,bootstrap_method:meboot,meboot
cool_nights,40717,Khalkhal,-9.66090379037379,-15.55555501009799,-7.000008923866854,-17.85972216847193,-31.785698454575986,-2.142860007800405,-9.00692178677154,-11.673086588181514,-6.193294184169305,-22.169685966412136,-33.122216030167344,-9.871785280203333,bootstrap_method:meboot,meboot
cool_nights,40718,Bandar-E-Anzali,-1.5146607977249542,-8.429269936490696,2.671558103948912,-12.778067516300466,-24.9999962323736,2.500000278452981,-2.725220246157787,-4.881568531437285,-0.7270501362440265,-15.585627764360247,-23.314752274305956,-6.130385237189867,bootstrap_method:meboot,meboot
cool_nights,40719,Rasht,-6.596203109533315,-11.111109145336831,-4.654164602729945,-20.27032409226629,-27.916665358785444,-6.666667665797877,-6.465727316081799,-9.241689630082245,-3.5295019634189333,-21.974524692510403,-31.646868706016132,-10.656557409151834,bootstrap_method:meboot,meboot
cool_nights,40723,Bojnurd,-2.887281761131033,-9.42646899472624,5.555553370232351,-2.9095119573740704,-15.199916194738202,5.294069687189177,-2.5775699949314115,-4.996849141682184,-0.44236306758706945,-1.7580250619763935,-4.549811225671161,-0.2953799516790652,bootstrap_method:meboot,meboot
cool_nights,40724,Piranshahr,-10.163984127996308,-22.526784688310304,-3.104567547085957,-28.88671535296988,-61.24999412937246,-6.073527689982472,-7.399402101777671,-10.163417423806566,-4.802668419418421,-34.53983504005103,-59.5599973008281,-16.654727927084124,bootstrap_method:meboot,meboot
cool_nights,40726,Mahabad,-3.2085971003071005,-8.14814789481884,4.37499968581822,-15.962323489719342,-32.59259186792893,3.116659331167813,-2.8459190603845546,-5.2039197276916935,-1.2920516318530897,-20.63656020269424,-35.31161562898333,-8.081675021227461,bootstrap_method:meboot,meboot
cool_nights,40727,Saqez,-11.838436017018864,-19.411763244249947,-7.200000217550318,-16.647537320354086,-25.92592597153657,2.2222207151339526,-9.343825376337026,-13.483439686606662,-6.352334595315241,-19.950166410730574,-27.951972838248228,-10.314658469971798,bootstrap_method:meboot,meboot
cool_nights,40728,Takab,-7.037629577510906,-10.499996410024616,-1.4937505079437292,-13.059307970222203,-25.263071300119687,10.99999229123056,-6.416141264782234,-10.890692044688002,-2.6580944873172356,-15.511402294905768,-26.021238807242195,-8.418057065606174,bootstrap_method:meboot,meboot
cool_nights,40729,Zanjan,-11.440927458679704,-19.999989987622072,-4.999999876502797,-16.428872690429657,-29.6428566607694,-2.5000002210938126,-9.534111812286374,-14.17434067473835,-4.664319884011549,-20.109683900300983,-31.606727285567693,-10.253136728816154,bootstrap_method:meboot,meboot
cool_nights,40730,Khorramdareh,-10.913547262463618,-23.34615382896536,-7.333333174439174,-16.530613617410875,-38.5659713736099,-3.9714008610761375,-9.244609021414448,-12.576285521910329,-5.951526814940877,-21.46379551086954,-38.92214735903646,-10.632409268419968,bootstrap_method:meboot,meboot
cool_nights,40731,Qazvin,-8.734078604933867,-18.888889705452407,0.7142808399195533,-11.293288295550408,-28.00161256655731,6.923068357390977,-6.834168753222014,-10.156601331015155,-4.307071898936863,-16.583340860932662,-30.4171576300987,-7.166742556405143,bootstrap_method:meboot,meboot
cool_nights,40732,Ramsar,-11.150282782011018,-17.512500330490987,-6.153846296762027,-20.936120537292947,-50.446246709885706,-6.66666542052445,-8.660985052328323,-11.748391557444181,-6.074113429130793,-26.42308842076679,-50.98079479466423,-12.062189383191258,bootstrap_method:meboot,meboot
cool_nights,40734,Nowshahr,-10.839263660755629,-19.999995432277736,-7.350877836319329,-22.134248870551545,-33.75694122412252,-6.6666808768306245,-10.256329695342087,-13.556143086785438,-6.562335137018597,-23.561480637603214,-33.33528328495908,-13.970919693400045,bootstrap_method:meboot,meboot
cool_nights,40736,Babolsar,-9.530366450646364,-18.374998117038366,-0.8327921577809394,-18.15580206834211,-34.58327821549613,-5.71428883887853,-9.090291821255738,-12.724855346746462,-5.5767788885360785,-20.204027311234835,-32.46717463209512,-9.618707183466373,bootstrap_method:meboot,meboot
cool_nights,40737,Gharakhil,-5.517813028782076,-13.076923921920022,4.285713760208936,-8.532546459192439,-20.65104607641084,0.9585743519187684,-4.768418547364339,-8.193912101150694,-1.0820495874325609,-9.398010750170805,-19.18753541906667,-3.401662258635987,bootstrap_method:meboot,meboot
cool_nights,40738,Gorgan,7.482295888956538,-11.250001228762804,19.23076836349007,6.575147572737019,-6.956520891733604,19.13043356615904,7.763309066534082,4.179534206963404,12.286897204685854,2.7978506827847194,0.29609704834276324,7.263561346107633,bootstrap_method:meboot,meboot
cool_nights,40739,Shahrud,-2.777184437933762,-11.701923031235903,1.6666667065758505,-6.57262099908457,-23.487072095083157,4.285697845277689,-1.3927212001486082,-2.8910342322683347,-0.28645637905841614,-11.980926390921791,-24.30890513206637,-2.574093118433079,bootstrap_method:meboot,meboot
cool_nights,40740,Quchan,13.365157184454938,-2.238096054986211,22.012500032079732,14.375883421266169,-3.333338507950549,38.65714351333816,9.644173184896278,4.374925309074411,14.14935368991163,10.8831001343608,6.172889289568377,14.977757937263878,bootstrap_method:meboot,meboot
cool_nights,40741,Sarakhs,-7.901704742287629,-12.999998676279352,-2.500000556513173,-7.204235714711377,-16.00476187194256,0.7692308855146949,-7.160822542499376,-9.569780658504458,-4.755314863372193,-5.86620738859682,-8.781747520015715,-2.5004768541442437,bootstrap_method:meboot,meboot
cool_nights,40742,Biyarjomand,-6.736794716623063,-14.090902797378808,-1.7647276102567062,-11.153530178084331,-22.51642981781774,-6.611616779969273e-07,-6.074303104361224,-8.43659179736345,-3.116475387216005,-15.456067489863834,-21.103456662220086,-5.420021909054511,bootstrap_method:meboot,meboot
cool_nights,40743,Sabzevar,-0.8553110451512105,-5.562500322287791,4.009375293207227,-13.77096424214244,-61.25445113843959,37.6874995715811,-0.6070062688127621,-1.8386999427481858,-0.08319680097273434,-22.698653779258702,-36.60930410654442,-7.856067661442683,bootstrap_method:meboot,meboot
cool_nights,40744,Golmakan,-5.303955160543534,-9.09090869701734,1.0685417951985135e-06,-9.335398970555584,-16.86605333352578,3.333332763092734,-5.962158608224392,-8.32701799052735,-2.736551880934373,-9.839450147297677,-14.271795819280923,-4.382610406234513,bootstrap_method:meboot,meboot
cool_nights,40745,Mashhad,-8.40726062378499,-15.23806791293964,-3.624401661538502,-13.5200344700649,-20.025010592954587,-5.307143199463704,-7.750695810335,-11.726289164514002,-4.1065602226316145,-13.418817708669367,-19.150341350549425,-6.5740953081127,bootstrap_method:meboot,meboot
cool_nights,40746,Neyshabur,-2.382067526345092,-6.363628502763999,7.290907647258345,-1.2816568262144028,-14.446967431631537,9.235297922311233,-3.410155315239645,-6.5526763102109875,-0.8370438392648378,-7.8675573600198705,-13.714409154566928,-2.2120965452089854,bootstrap_method:meboot,meboot
cool_nights,40747,Sanandaj,-7.530430536743123,-12.50000001777668,4.716266978294709e-06,-14.09368004616923,-35.19999824086263,-1.1111087440668304,-8.556764726887291,-13.33303418116638,-3.25532647874279,-18.591394343043234,-34.398378990277585,-9.462870440095354,bootstrap_method:meboot,meboot
cool_nights,40748,Bijar,-7.821608956653996,-14.615383970271436,-2.500000294458925,-11.52638434724631,-33.103447707055764,-0.6666672523194334,-7.434298351106536,-10.438665864586415,-4.492286784531943,-17.00573842199823,-34.49497502054458,-7.747548320654005,bootstrap_method:meboot,meboot
cool_nights,40749,Zarrineh,-5.613105331887109,-10.83749910971217,0.5263108871084643,-8.592269520061777,-22.655789299890145,4.328571858366148,-5.360395448875247,-9.50702066187651,-1.2723101979884661,-10.622408499824937,-20.73427724881165,-3.4927345927708204,bootstrap_method:meboot,meboot
cool_nights,40751,Tehran (Shemiran),-9.07188150353192,-18.33332605819125,-2.50000197232773,-11.205355010166835,-28.42105164974269,1.670451760474338,-7.216073477564318,-9.911987936002829,-4.670163389412207,-14.415317340292267,-24.886302259175075,-5.9401199051369264,bootstrap_method:meboot,meboot
cool_nights,40752,Karaj,-7.055764295110626,-14.999995022878764,-1.4965913426207835,-12.241558395517648,-25.4545198763012,-3.333333674897144,-6.537526471696619,-9.521978204234452,-3.5247584562428425,-15.927952928894552,-25.471302708780456,-8.689793070528674,bootstrap_method:meboot,meboot
cool_nights,40754,Tehran (Mehrabad Airport),-6.212252115196297,-15.416666144197444,1.2572111229991414,-10.357475155303264,-23.33327782304035,1.4153861075072551,-5.082084550943311,-7.091604148162774,-0.9647752692132838,-12.735699480496132,-20.108629642036448,-4.697365751347892,bootstrap_method:meboot,meboot
cool_nights,40755,Abali,-4.549791373691472,-9.374861314715934,0.6249996822551157,-5.223633836611993,-30.69166608604502,5.555554721956097,-3.2706462459410113,-4.6041490483177405,-1.4789940110532374,-11.671398603937657,-34.118862226656105,-1.2027445590871941,bootstrap_method:meboot,meboot
cool_nights,40757,Semnan,-3.368574417031847,-7.499998830913479,-1.1764727320026085,-11.919118710734462,-20.833302751180103,13.107143991705565,-2.676498491360214,-4.10434514827365,-1.2817653158537656,-15.155577109101827,-20.436969381609345,-8.77266867789627,bootstrap_method:meboot,meboot
cool_nights,40758,Garmsar,-21.108835467746395,-35.83333334116134,-5.165432460847543e-07,-26.574129695891653,-45.464285357591066,-16.81773083814101,-23.866903303774876,-33.93582613408862,-8.689389885716789,-27.951406713947407,-43.31189018253858,-17.741182062198284,bootstrap_method:meboot,meboot
cool_nights,40762,Torbat-E Heydariyeh,-7.148563576808421,-11.622579584072218,-3.3214286962754014,-10.03710272745042,-17.006820442150865,0.0227274584169303,-6.577117855126025,-9.06297182076203,-3.7647904403899615,-10.25046482267635,-14.492388587426406,-5.3964414009931145,bootstrap_method:meboot,meboot
cool_nights,40763,Kashmar,-6.292958450131701,-13.641609377738044,2.142848521812194,-10.929948773029592,-27.319446919868817,-2.721590523688536,-6.240949055955188,-9.393406189519904,-3.517620992886021,-15.216217982921663,-28.87413086395465,-4.202586997164782,bootstrap_method:meboot,meboot
cool_nights,40764,Ravansar,-7.788260644813968,-12.3655498406267,-3.600004646751196,-18.010008072275795,-29.99999926194264,-10.71429288969885,-4.880359303228136,-7.383895420422179,-2.5176747692538397,-19.082021032437982,-29.970408541741595,-10.084332259773836,bootstrap_method:meboot,meboot
cool_nights,40765,Sarpol-E-Zahab,-11.112771040089733,-21.12499968849442,-2.6086967390897478,-24.296846390561903,-32.17391346207285,-9.74999704228611,-10.669767897880549,-16.907984211823656,-3.381390158387817,-23.517322494703794,-29.385877300828323,-15.083648548204248,bootstrap_method:meboot,meboot
cool_nights,40766,Kermanshah,-11.54734713609159,-17.272727434643695,-2.222223550447686,-19.013320158370835,-24.230768150672716,-3.3333392175383803,-8.326139295143383,-11.634120044226473,-3.5350584539257213,-18.170663958948122,-23.51326560932564,-8.417853316471076,bootstrap_method:meboot,meboot
cool_nights,40768,Hamedan (Airport),-3.808914553978558,-12.502315797387398,4.000000903208673,-11.302376577289914,-30.03000033025547,3.8229153094418464,-2.491884818447058,-5.309803927513382,-0.4198510231933459,-15.15981602496708,-30.68289170178969,-6.189456520650208,bootstrap_method:meboot,meboot
cool_nights,40769,Arak,-6.551831220961095,-13.71527643440904,3.3333288730536874,-14.329075629722924,-35.01630670066752,-4.000002437008514,-6.4597107842712544,-9.192140773479757,-2.6138702955616915,-18.56951822231936,-32.88880624804492,-7.439428166730033,bootstrap_method:meboot,meboot
cool_nights,40770,Qom,-8.799413480998947,-24.545454567778823,-3.125000314315203,-15.0470781430621,-29.999999717302185,-5.882353134391474,-6.821731083531663,-9.86409739206364,-4.192533750149763,-20.01126334572008,-33.157784466894235,-11.542742524325845,bootstrap_method:meboot,meboot
cool_nights,40771,Kangavar,-12.02945586462531,-15.33333096109761,-8.421053473070861,-15.349556991892143,-25.555551250568715,-8.750001170207549,-11.001461085562314,-15.026724218175103,-6.61150517289993,-14.154322769621581,-18.399759434446107,-10.094034885355846,bootstrap_method:meboot,meboot
cool_nights,40772,Qorveh,-12.74635551174199,-24.99999909496945,-2.500000935357807,-15.998314787875266,-35.23809311241051,-5.443181595001017,-11.254301055417063,-15.239308638476958,-7.24312577851025,-17.861927714260375,-30.957218873541397,-9.90740059690178,bootstrap_method:meboot,meboot
cool_nights,40774,Borujerd,-12.357252366382395,-23.89285012248767,-6.666667025505699,-22.975117777162176,-29.99999998002849,-12.641666700681196,-10.846552757053487,-16.12008159774437,-4.8215592726112675,-21.11474218657405,-30.05373033997435,-13.402643593397118,bootstrap_method:meboot,meboot
cool_nights,40778,Gonabad,-2.2428422714168166,-15.999993318914036,0.840275736556388,-12.3437593273346,-18.636321655850704,-6.250000456252104,-1.1240013045890596,-2.9619298176332385,-0.19381447677903435,-13.451487919480396,-18.098746365378606,-8.529231281354106,bootstrap_method:meboot,meboot
cool_nights,40779,Eslamabad-E-Gharb,-9.368439919226995,-16.470587171826885,-2.727273133639573,-16.631188270564557,-27.600007657067128,-6.054490076924284,-9.4913711964754,-14.018191533449729,-4.553449042110344,-16.643721627543098,-26.740625858561213,-6.599483345249482,bootstrap_method:meboot,meboot
cool_nights,40780,Ilam,6.3915904763670826,1.475694083341274,16.265624291660455,7.990960462173732,-27.737012897597843,45.294109891408965,4.514412272251422,1.9804216625884998,7.668172247366298,13.317763419075282,3.326676896631723,23.349745240511222,bootstrap_method:meboot,meboot
cool_nights,40782,Khorramabad,-6.16026366546399,-11.260416826873673,0.6249461315062045,-20.425968258734702,-39.58331486751561,8.571428855727055,-6.518243501978819,-9.88974297811762,-2.5041869704994486,-22.467139285507333,-33.582953645701,-10.35828257891674,bootstrap_method:meboot,meboot
cool_nights,40783,Aligudarz,-8.457870820471683,-15.62722920625322,-4.578125121606508,-19.521468303934704,-32.5208342088891,-7.000000225231435,-7.633572195508764,-11.316364842596982,-3.965574573839635,-20.372511832148756,-31.999516941721904,-11.766267885659845,bootstrap_method:meboot,meboot
cool_nights,40785,Kashan,-7.5217940134313315,-24.999986772301707,-2.827292408767737e-06,-22.12705303600364,-45.20636329346731,-0.729168788034043,-7.101292130817501,-10.555367662164041,-3.7727816027988674,-24.347844952201168,-42.9774891561972,-11.531355962917424,bootstrap_method:meboot,meboot
cool_nights,40787,Daran,-7.127092495775826,-13.74999841081542,4.374996227696033,-10.311771343073636,-29.99999967521277,-2.2115417184389137,-6.4071013850386,-9.932040600122884,-1.905704975006926,-17.03866564392406,-34.09664967790509,-5.217493969197765,bootstrap_method:meboot,meboot
cool_nights,40789,Khur-Va-Biabanak,-9.86934017212574,-18.749994681854428,-6.400000088959457,-18.9965223121298,-34.37563017086762,-8.177275725018884,-9.832952511203423,-13.89182902788128,-6.171597360229676,-20.214200374618237,-30.443159878550848,-11.843291539178754,bootstrap_method:meboot,meboot
cool_nights,40790,Robat-E-Poshtebadam,-0.7637718280597402,-8.489568095144788,4.130090894348753,-6.350184654092624,-14.024999868154795,6.666664568643508,0.6905516733965475,-1.2309195013774991e-06,2.320154445298637,-9.139932118397901,-12.185646277784459,-4.431818746144807,bootstrap_method:meboot,meboot
cool_nights,40791,Tabas,-4.870988216027684,-11.26682688906406,-1.9047890793073967,-14.5547241695269,-21.66666605635762,-2.727272472075017,-4.1114850339256375,-5.610380855635008,-2.3609650786537384,-14.499817794032742,-19.68164628482988,-8.50150347271735,bootstrap_method:meboot,meboot
cool_nights,40792,Ferdows,-10.929772121200498,-33.333331671812104,0.8332902075422651,-20.87324152871525,-35.25867865410404,-10.000009589962298,-8.293092477395493,-17.688185509959098,-1.5378576975395397,-22.855746790261446,-32.775630847728095,-13.797610427403075,bootstrap_method:meboot,meboot
cool_nights,40793,Qaen,-9.924011935939594,-24.03888751355605,-5.281764860275865,-13.603689944859587,-25.025068580297724,-2.3357846376226585,-7.81278684764439,-11.185783364817603,-4.808849061100336,-15.645620581662808,-22.694243121745824,-8.586810184835537,bootstrap_method:meboot,meboot
cool_nights,40794,Safiabad (Dezful),-12.216498841412498,-22.74242346120096,-3.2500006009191544,-17.89621407159386,-32.99999458389415,-5.919875609773546,-10.010271733774243,-12.225064662806801,-5.668308483690435,-18.08523998421565,-25.202375457496302,-12.993438530777102,bootstrap_method:meboot,meboot
cool_nights,40796,Dehloran,-7.104708729473546,-18.57142305680744,-0.7142982116880636,-12.75704800134532,-32.08333016129958,8.189740480699822,-7.396929349476636,-10.052849189198987,-3.721893201892868,-14.278150736867788,-24.203880375303292,-8.288807814286223,bootstrap_method:meboot,meboot
cool_nights,40797,Kuhrang,-3.919083451285315,-6.36363818887814,0.66666646518533,-4.999188982044991,-23.19750875281726,2.857143501700851,-3.6095146895959522,-6.056016224940965,-0.7021293173993263,-6.496862482122234,-11.949450699733644,-1.7531568679223337,bootstrap_method:meboot,meboot
cool_nights,40798,Shahrekord,4.660758663329821,-8.916666840988459,25.62499998734385,9.938001713813245,-3.74999970034005,28.4999928183411,5.669721689935074,2.148003605405077,15.216127722020936,5.661167277620157,2.2937177757758156,9.529064210773749,bootstrap_method:meboot,meboot
cool_nights,40799,Ardestan,-6.986563427554184,-12.666655644554725,-3.125000520665284,-10.57435668675089,-25.000000554590592,-1.250000784375653,-7.963623322272536,-10.29105496810934,-4.962411105153556,-15.482598730836166,-33.30087020533604,-6.742438559690312,bootstrap_method:meboot,meboot
cool_nights,40800,Esfahan,-8.232215746211297,-19.99999631133601,6.66666590498989,-25.589282244558536,-31.764703860074206,-18.571433340316613,0.43051568387966893,0.02359988331883371,1.3650529618250051,-22.74501278038034,-28.296465261154864,-11.536536852826663,bootstrap_method:meboot,meboot
cool_nights,40801,Naein,-5.903284242030013,-10.833332951469716,1.8749983022923415,-12.927149189279548,-21.11111026107179,4.071549864764639e-06,-6.220863382066662,-9.540734255534893,-2.7357459181393304,-17.54378733977494,-22.086767608159608,-10.20348817225449,bootstrap_method:meboot,meboot
cool_nights,40802,Esfahan (Airport),10.390729215941796,-8.750000207406682,29.16662828509865,11.132945220767745,-7.880434435405195,29.013654623989492,8.167569758107764,4.092739592866678,12.171585263576565,9.590356117945824,5.011169714739514,14.855650384343804,bootstrap_method:meboot,meboot
cool_nights,40803,Kabutarabad,-7.288310445135973,-14.99999719509054,-4.196170051685812,-12.483414186951457,-25.99999926055948,-1.5175991472106269e-06,-7.064620856300584,-10.083582768298688,-3.6872171947212937,-19.12281367230285,-30.580181810978846,-8.36876219664415,bootstrap_method:meboot,meboot
cool_nights,40809,Birjand,-2.1084249894842078,-7.916665793634826,2.548610410079076,-7.96065887027725,-14.426360163762103,1.4595991553319252e-07,-0.6530063235802024,-2.518984749265683,-4.9705454595583324e-05,-8.649425476534823,-13.981506481952103,-2.4805279911486946,bootstrap_method:meboot,meboot
cool_nights,40810,Bostan,-13.101566217609916,-23.08333343182342,-7.387501601620465,-22.60454573695252,-35.769229327083366,-10.000013684925742,-13.205352418026509,-19.03121955245759,-8.034456300684761,-22.749907877847864,-31.465040656332885,-13.031809440661156,bootstrap_method:meboot,meboot
cool_nights,40811,Ahvaz,-3.804755443103205,-19.999991809732137,3.4999997030255887,-9.41807785941159,-27.91666558977963,6.587500194887191,-3.691658883576342,-7.177934743525813,-0.941936121338869,-13.72305474641827,-25.780324565667566,-4.1937667126657265,bootstrap_method:meboot,meboot
cool_nights,40812,Masjedsoleyman,-6.246199324413681,-12.50892879932382,2.499999313725969,-12.10176741208362,-23.84600515750337,15.555551967550969,-5.037636025048248,-7.43684787300202,-1.7783752134266988,-13.822402750268033,-18.819288991414297,-8.608038642215725,bootstrap_method:meboot,meboot
cool_nights,40813,Ramhormoz,-7.880014581540068,-14.285713999080372,-4.395832302565607,-20.887273076720437,-40.000002991060015,7.526785683616261,-8.070964050699166,-10.855209582974588,-5.2681653290444155,-24.535555402353566,-36.43466567207399,-14.573280622448646,bootstrap_method:meboot,meboot
cool_nights,40818,Abadeh,-7.572335594146852,-13.333328793570017,-1.4625006785272212,-14.409018156923034,-31.07464209218733,-3.333332143456305,-7.652659676442621,-9.609134472572679,-4.985159590402851,-17.662545702870545,-34.47838365230503,-6.318064547745746,bootstrap_method:meboot,meboot
cool_nights,40821,Yazd,-7.437226933201527,-17.142854556743725,-2.1428588582978927,-23.105458590704387,-39.00714275323037,-14.999999622242358,-7.709039810497436,-12.42197813813239,-3.1411465060512658,-23.692174051451875,-35.97163725442588,-14.222710623597202,bootstrap_method:meboot,meboot
cool_nights,40827,Nehbandan,-3.623361075797604,-12.222221903806156,3.1622834337004835,-4.947062326017537,-11.250000150497316,0.8333346707878683,-3.0328432108110666,-5.901838697261199,-0.978210795617398,-6.112239678632595,-9.820534345311868,-2.1257248272836646,bootstrap_method:meboot,meboot
cool_nights,40829,Zabol,-6.69843534384859,-13.913043090933815,-0.4545459325196955,-3.873083615809679,-13.008333232818744,4.736841664534826,-5.625049347638386,-8.180897461154965,-2.3651100154066116,-4.649948505677278,-7.263303594199208,-1.2659769807033037,bootstrap_method:meboot,meboot
cool_nights,40831,Abadan,-11.538086796741634,-19.99999754295502,-7.494307660573597,-22.324226825696627,-32.528408998752845,-9.411766286295704,-10.521153355648567,-14.728495932686458,-5.800732887318741,-22.396236707001982,-30.955890316549482,-13.699923059979605,bootstrap_method:meboot,meboot
cool_nights,40832,Bandar-E- Mahshahr,-11.38410871474556,-20.624995638680574,-5.000000032633969,-17.71874781786419,-24.60336480565969,-11.87357379736762,-10.934410708795285,-14.9042572885911,-4.845293940326971,-18.109404231511316,-23.065204394066672,-12.37810552697027,bootstrap_method:meboot,meboot
cool_nights,40833,Omidiyeh (Aghajari),-15.7311446792569,-23.333329887048645,-8.957729571129075,-16.355699117604455,-23.333334373696857,-1.111149383012856,-14.302850372608283,-20.209805850184356,-8.2419914690014,-17.915577930538245,-22.489686661372623,-12.672175395078995,bootstrap_method:meboot,meboot
cool_nights,40835,Dogonbadan,-6.645086786396185,-12.666661130463709,-0.8333345726253243,-11.745470268249328,-35.19999929146648,12.766656196226489,-5.541159185516371,-10.11167294551982,-1.3099409460177442,-14.350143888949786,-29.18124560336915,-2.8788218944528516,bootstrap_method:meboot,meboot
cool_nights,40836,Yasuj,3.153371832144769,-4.2105262470746885,13.781247390384214,-4.536674149423788,-22.85713959447946,34.23743052107644,3.286871024301072,0.5330986186178951,6.0757289173986155,-6.919854986821881,-14.725580184989884,-2.424984055972766,bootstrap_method:meboot,meboot
cool_nights,40839,Anar,-6.441672641596333,-11.442858320338951,0.0441218374804504,-15.795859144773486,-26.772727646630823,-0.909102612090018,-7.551819653839027,-11.50530455887981,-4.65895975159568,-15.377659545666402,-21.621414962344886,-7.606457855193178,bootstrap_method:meboot,meboot
cool_nights,40841,Kerman,-6.637652208857633,-12.525000976562657,-1.666668328968026,-16.277936712152655,-24.999996013264877,-6.111121842392212,-6.348130269706466,-10.157706565102515,-2.6089460563884734,-15.196931099546758,-19.63750629418051,-8.848792564955595,bootstrap_method:meboot,meboot
cool_nights,40844,Dorudzan,6.192323725523801,-3.3333301945706384,26.153846989104583,14.22905199477164,-12.500002837459398,36.68757688302414,5.234551816652625,1.6312128490335118,11.024224414513164,3.1370232577162973,0.7010355030692176,7.235394687336687,bootstrap_method:meboot,meboot
cool_nights,40847,Zarqan,-11.477760927055131,-15.263158053359378,-8.666666783668528,-17.459630966299414,-34.55334040422225,-7.500001027803283,-10.92143963175967,-14.060899197035848,-7.95885027755018,-23.319304796221967,-39.43148967500502,-8.580355153049597,bootstrap_method:meboot,meboot
cool_nights,40848,Shiraz,10.289570102328064,3.3125021840503157,30.98636229756938,3.889720535278398,-23.9999989966304,35.05675900306235,7.245037664060244,3.0071945325735974,11.219851799166342,-12.940528419366242,-26.503381048524805,-1.0195562676222676,bootstrap_method:meboot,meboot
cool_nights,40849,Shahrebabak,-2.858731144543805,-14.99999738424414,2.683340004004876,-1.2280621423536275,-10.027799574662035,8.666666602335583,-3.656247470015357,-6.183249254262844,-0.9113197001810186,-3.023959966587358,-5.086573841301977,-0.30434208621441794,bootstrap_method:meboot,meboot
cool_nights,40851,Sirjan,-5.098025330397352,-13.33333218909012,4.727037578920345,-5.548920534337437,-12.799915990886904,5.501515949161347,-5.96781841947975,-10.34831091169102,-1.6031765380570195,-6.671489864675882,-9.810083208932937,-2.0874623013483498,bootstrap_method:meboot,meboot
cool_nights,40853,Baft,-11.333190448416865,-18.69565205840076,-5.000002013198388,-17.023032659855602,-32.977598267409114,-4.282738557531548,-10.935543765293064,-14.126287473929459,-8.11839966945987,-19.911133706623012,-34.29630033903327,-11.23607335189466,bootstrap_method:meboot,meboot
cool_nights,40854,Bam,-8.973096121340948,-17.784090037143695,-3.516176391181914,-18.97911950766873,-25.624998044569868,-2.2222226272455528,-8.752528871550178,-13.106063591966986,-5.414661525685308,-19.113712963654297,-25.828228634899535,-9.619990823339084,bootstrap_method:meboot,meboot
cool_nights,40856,Zahedan,-6.255369367111591,-14.285709580905488,-0.5416566431429779,-10.699686737001398,-21.24999963930677,3.9999890922489696,-4.597605964850862,-8.182367721398892,-2.09422338119636,-11.806802992992806,-18.23735892078619,-5.888871696660916,bootstrap_method:meboot,meboot
cool_nights,40857,Bushehr (Coastal),-6.022423208343515,-13.392858307090254,-1.2500000282120387,-24.95418984570426,-43.38461985578309,3.670452183623335,-6.1297692631199014,-9.434798426331977,-3.5967135779670962,-25.610941421442195,-38.94591613592595,-13.733095854087361,bootstrap_method:meboot,meboot
cool_nights,40858,Bushehr (Airport),-7.368311959489474,-15.384614277902152,-1.6666727051924022,-19.459790649578125,-32.02142835401244,-13.793103640217538,-6.780849588688461,-9.88806970297354,-2.847033838350149,-20.556484618230215,-33.02022538813398,-12.723033324086696,bootstrap_method:meboot,meboot
cool_nights,40859,Fasa,-11.294782200917316,-20.624999803502263,-5.000000602501647,-19.62028904487196,-46.26411758736354,-4.430552434975278,-11.481032227230184,-17.3455194234293,-6.159257709699363,-23.2564708133388,-42.1516458245001,-11.993450386654004,bootstrap_method:meboot,meboot
cool_nights,40870,Khash,-16.084899202889165,-19.99998179618133,-11.111111138536783,-18.37633809282767,-34.736840809753105,-7.500001245846622,-14.897248915491195,-20.0241911417614,-9.020667010342418,-18.096131900017586,-25.429055686018014,-8.140457583915692,bootstrap_method:meboot,meboot
cool_nights,40873,Lar,-7.34616300973449,-13.099999536905516,-4.986107450682557,-18.0223038411692,-43.57142804311487,3.333337310160876,-6.838738479610961,-9.958573562684538,-3.987436798868774,-19.07441534034408,-30.385960374510564,-4.680823969119136,bootstrap_method:meboot,meboot
cool_nights,40875,Bandarabbas,-2.382653202069511,-15.18750167754031,8.149165763553611,-2.69852740614565,-22.222221667211038,14.16665674496912,-4.272320899416278,-7.810864521814271,-1.2892428641458047,-8.926535200739321,-16.696617352984426,-3.007590754383825,bootstrap_method:meboot,meboot
cool_nights,40876,Minab,-7.182413235837281,-20.031249086343067,-1.1673824532408896e-06,-6.316356150783403,-22.138392698947357,11.428570749511168,-7.620847917403996,-11.770059225165896,-3.5734116691494817,-11.701160291446918,-20.811774489412286,-3.24897531781583,bootstrap_method:meboot,meboot
cool_nights,40877,Kahnuj,-2.538046401214312,-18.57141978787712,3.333319321059429,-6.010284216395105,-19.44444272221517,8.571432480148957,-2.0215606470723966,-5.582242182969019,-0.4956588071148274,-11.532138760371083,-17.614966140969187,-6.044241845215149,bootstrap_method:meboot,meboot
cool_nights,40878,Saravan,-6.213340071053433,-14.02499981916188,-1.3333352380245878,-10.011034907019337,-15.23809418794579,-4.261904370167117,-5.708140047745548,-8.950571449015953,-2.1578359883633,-10.917626417924694,-13.14911800089232,-8.497739218257154,bootstrap_method:meboot,meboot
cool_nights,40879,Iranshahr,-1.3251288467107654,-9.486842329964825,2.857142575136599,-7.250591254292774,-19.99999885884941,7.999997709480008,-1.3443582168455002,-3.931445780687238,-0.3119846983124104,-10.994628788180576,-15.599463970011417,-3.2528433265591814,bootstrap_method:meboot,meboot
cool_nights,40882,Kish Island,-3.7566611917060255,-32.37744214618254,1.176470671988637,-30.50678066663223,-74.6299985830948,16.254465246621912,-0.7132908601429616,-2.0895331451299435,-1.579468553757475e-06,-40.78660074099966,-60.93754823051332,-18.60193631945442,bootstrap_method:meboot,meboot
cool_nights,40883,Bandar-E-Lengeh,-2.970193986900388,-17.633920504167744,2.222221924037155,-17.00601353768012,-41.61289426283778,8.181816274498184,-2.885826736395564,-4.775388296757453,-1.1019955830149517,-26.026600616089446,-43.33630568277151,-10.271404137509945,bootstrap_method:meboot,meboot
cool_nights,40889,Siri Island,-5.387647709987437,-19.999989748881784,0.5882138153820018,-17.83664574168329,-42.77021316979904,12.649040116953673,-4.725977675443707,-7.735834056276759,-1.9951399449228833,-25.17454174876701,-41.82722688493141,-5.554209067135183,bootstrap_method:meboot,meboot
cool_nights,40890,Abumusa Island,-2.317450092125339,-7.04861038077322,7.50892735132143,-9.20123990027699,-41.78570993366397,20.740545933682984,-3.1151006411824667,-6.462601589550862,-0.8506348788579339,-23.763869756336916,-42.73703878497763,-4.27133933534375,bootstrap_method:meboot,meboot
cool_nights,40893,Jask,-8.286165729037235,-15.294115815129771,-3.250000726750486,-17.107331997404852,-30.00000790346429,0.0499980405883319,-5.925795261279983,-9.723998608439869,-2.5023081294269236,-20.11392719818787,-28.68964726645163,-7.344063738353593,bootstrap_method:meboot,meboot
cool_nights,40898,Chahbahar,-15.148837051967885,-18.33334478358088,-11.525005806822897,-27.303545418384957,-46.52536141899402,-11.000001295376002,-13.169012616144192,-18.640409673560363,-7.220497934151594,-29.337971721088607,-38.504716303496735,-17.37351026676654,bootstrap_method:meboot,meboot
cool_nights,88187,Jam,-9.73553795445698,-16.66666753003106,0.9090929279720124,-8.8812577949199,-20.78846521674645,6.272321738749671,-7.86460980299458,-11.79070664907687,-3.5183781867647266,-14.409476918602593,-20.81496171301606,-4.84759586799097,bootstrap_method:meboot,meboot
cool_nights,99331,Tehran (Geophysic),-1.8195198622723967,-12.63157728095429,2.000000596902178,-1.816452383375598,-24.347825282204703,18.333332681284475,0.39494398214879495,-1.5556803463125292e-06,1.9048694758837563,-5.393449345881201,-17.068622169482065,-0.8990268665912803,bootstrap_method:meboot,meboot
cool_nights,99407,Boshruyeh,-8.552644309891448,-11.81818219739088,-3.9999995823915846,-9.493438292743418,-15.784410182168498,1.8282825819255928,-7.914809678018915,-10.372768856631073,-4.109292849497792,-11.148373863295987,-14.875361687649965,-6.088655845995307,bootstrap_method:meboot,meboot
cool_nights,99421,Natanz,-6.975155802486568,-13.846152925560215,-2.281250003864438,-12.248930299107654,-29.9999890120114,-4.972223023179667,-5.65921785089552,-7.366849252611482,-3.750209438025803,-13.529387679781044,-28.33065177669693,-5.374877779001691,bootstrap_method:meboot,meboot
cool_nights,99459,Borujen,-11.899522085512563,-19.58333073520799,1.0526299246345387,-16.778656271409396,-26.363635858416423,-9.27415923391119,-11.532669461791288,-15.86604167641081,-6.356220838382539,-18.067854139400556,-27.411166105262794,-10.35984264571627,bootstrap_method:meboot,meboot
cool_nights,99623,Zahak,-4.533408470497763,-11.111104422820604,1.9999937344784724,-11.33527308429447,-16.67187402828227,-2.000002816519148,-4.351620969360023,-7.927357743863919,-1.1382189882836464,-11.096834188809616,-14.589732741016169,-7.090657948491677,bootstrap_method:meboot,meboot
