index_name,station_id,station_name,metric,signal,noise_sd,signal_to_noise,expected_direction,emerged,snr_threshold
warm_days,19996,Bahookalat,0.10,-1.6904485822775146,3.9297955947449257,0.4301619617412284,False,False,2.0
warm_days,19996,Bahookalat,0.50,1.4433875974473835,4.309869491881933,0.3349028549857826,True,False,2.0
warm_days,19996,Bahookalat,0.90,0.0338085506409137,5.19354279140183,0.006509727944648005,True,False,2.0
warm_days,19996,Bahookalat,Delta1,1.7242571329184282,5.492205236107587,0.3139462308477817,True,False,2.0
warm_days,40700,Parsabad,0.10,4.731618311915103,5.541903179777318,0.8537894218688292,True,False,2.0
warm_days,40700,Parsabad,0.50,7.1722470588944045,4.2641113877652135,1.682002744926727,True,False,2.0
warm_days,40700,Parsabad,0.90,8.935642873968465,6.108001008921898,1.4629406349010516,True,False,2.0
warm_days,40700,Parsabad,Delta1,4.204024562053362,5.666574943070154,0.7418986961770628,True,False,2.0
warm_days,40701,Maku,0.10,7.915718804743157,7.3563710971600145,1.0760358198621984,True,False,2.0
warm_days,40701,Maku,0.50,13.248791715569189,5.364585684531099,2.4696765966050966,True,True,2.0
warm_days,40701,Maku,0.90,16.622145585810888,10.13374670848232,1.64027640160944,True,False,2.0
warm_days,40701,Maku,Delta1,8.70642678106773,11.880176931731896,0.7328532925981015,True,False,2.0
warm_days,40702,Jolfa,0.10,11.019434234736693,7.276276020010923,1.51443323541211,True,False,2.0
warm_days,40702,Jolfa,0.50,11.453979127336074,2.538536910667945,4.512039623769851,True,True,2.0
warm_days,40702,Jolfa,0.90,19.60837656311308,7.593164070971578,2.582372299589215,True,True,2.0
warm_days,40702,Jolfa,Delta1,8.588942328376381,9.530999886403125,0.9011585804999664,True,False,2.0
warm_days,40703,Khoy,0.10,10.175279642278742,4.501698009387052,2.2603203549107462,True,True,2.0
warm_days,40703,Khoy,0.50,15.66860560592969,3.300097744136857,4.7479216740678165,True,True,2.0
warm_days,40703,Khoy,0.90,20.36905511259199,10.5819410279123,1.9248883601660534,True,False,2.0
warm_days,40703,Khoy,Delta1,10.19377547031325,11.835683877981216,0.8612747328675677,True,False,2.0
warm_days,40704,Ahar,0.10,7.588669877978692,5.190419038664282,1.4620534144641206,True,False,2.0
warm_days,40704,Ahar,0.50,14.533516605272212,2.9148910223806848,4.985955390332989,True,True,2.0
warm_days,40704,Ahar,0.90,20.89695207235665,10.575599075545862,1.9759591795302671,True,False,2.0
warm_days,40704,Ahar,Delta1,13.308282194377956,12.587525909680693,1.0572595671197746,True,False,2.0
warm_days,40706,Tabriz,0.10,7.6783329822815,2.974108892232422,2.581725572434572,True,True,2.0
warm_days,40706,Tabriz,0.50,15.610467042532107,4.332236945930515,3.603327158085338,True,True,2.0
warm_days,40706,Tabriz,0.90,11.528326582489235,11.964542996672169,0.9635409046292648,True,False,2.0
warm_days,40706,Tabriz,Delta1,3.8499936002077377,11.673963983558918,0.32979317099400807,True,False,2.0
warm_days,40708,Ardebil,0.10,8.748325321974441,3.838207003854597,2.279273971723974,True,True,2.0
warm_days,40708,Ardebil,0.50,10.58319250935368,3.685851070459689,2.8713022601951668,True,True,2.0
warm_days,40708,Ardebil,0.90,15.00000506106106,12.661039166698732,1.1847372765826611,True,False,2.0
warm_days,40708,Ardebil,Delta1,6.251679739086617,12.887992904507232,0.4850778383731309,True,False,2.0
warm_days,40709,Astara,0.10,6.489813347133337,2.467113369587495,2.6305290332962863,True,True,2.0
warm_days,40709,Astara,0.50,9.30837470677266,3.0156255458593475,3.086714369943467,True,True,2.0
warm_days,40709,Astara,0.90,12.482961938762667,6.794941911226482,1.837096196236577,True,False,2.0
warm_days,40709,Astara,Delta1,5.993148591629333,7.450947154271,0.8043472148630079,True,False,2.0
warm_days,40710,Sarab,0.10,6.968004933128009,3.633415454431564,1.9177561774911673,True,False,2.0
warm_days,40710,Sarab,0.50,12.148656379089834,5.916176360137478,2.053464203830382,True,True,2.0
warm_days,40710,Sarab,0.90,11.059264808387509,10.755250112577455,1.028266631889344,True,False,2.0
warm_days,40710,Sarab,Delta1,4.091259875259499,10.587582347560936,0.38642059546313734,True,False,2.0
warm_days,40712,Orumiyeh,0.10,9.827441284720498,2.568436471369884,3.826234907604703,True,True,2.0
warm_days,40712,Orumiyeh,0.50,17.401321276494837,5.179934227205522,3.3593710872044267,True,True,2.0
warm_days,40712,Orumiyeh,0.90,23.67079860547032,8.00385321869346,2.9574253748414336,True,True,2.0
warm_days,40712,Orumiyeh,Delta1,13.843357320749815,8.53162448242844,1.6225933700271635,True,False,2.0
warm_days,40713,Maragheh-Synoptic,0.10,14.25433815295743,5.746514409367688,2.480518995953565,True,True,2.0
warm_days,40713,Maragheh-Synoptic,0.50,21.332750164685685,3.3591552286637087,6.350629462625927,True,True,2.0
warm_days,40713,Maragheh-Synoptic,0.90,34.27888756389969,9.1091978061201,3.7631071685444235,True,True,2.0
warm_days,40713,Maragheh-Synoptic,Delta1,20.024549410942253,9.4052176389546,2.1290894245768888,True,True,2.0
warm_days,40716,Mianeh,0.10,7.889346703492468,5.549866591089615,1.4215380809619673,True,False,2.0
warm_days,40716,Mianeh,0.50,15.7583293804579,4.462217727929261,3.531501675013675,True,True,2.0
warm_days,40716,Mianeh,0.90,21.182382367337095,9.021987686467126,2.347862034783135,True,True,2.0
warm_days,40716,Mianeh,Delta1,13.29303566384463,9.198832493068071,1.4450785655529452,True,False,2.0
warm_days,40717,Khalkhal,0.10,11.536569636251096,6.238686601642463,1.8491984568056128,True,False,2.0
warm_days,40717,Khalkhal,0.50,19.13280840209521,3.42322497191628,5.589118027315889,True,True,2.0
warm_days,40717,Khalkhal,0.90,24.68090646492301,7.050157469727051,3.5007596030161494,True,True,2.0
warm_days,40717,Khalkhal,Delta1,13.144336828671918,9.35142093600868,1.4055978143447907,True,False,2.0
warm_days,40718,Bandar-E-Anzali,0.10,7.651210045794119,5.179880019367769,1.4771017894595921,True,False,2.0
warm_days,40718,Bandar-E-Anzali,0.50,16.660355206229365,10.59597412782908,1.572328792543283,True,False,2.0
warm_days,40718,Bandar-E-Anzali,0.90,30.82237360773805,10.087905688889071,3.055378842576428,True,True,2.0
warm_days,40718,Bandar-E-Anzali,Delta1,23.17116356194393,9.19845652035412,2.519027351020396,True,True,2.0
warm_days,40719,Rasht,0.10,2.4017865574195785,3.092913002649432,0.7765451389554685,True,False,2.0
warm_days,40719,Rasht,0.50,2.667085313857916,3.259344778080944,0.8182887958935899,True,False,2.0
warm_days,40719,Rasht,0.90,6.628164305411547,1.967149025655892,3.3694266265371366,True,True,2.0
warm_days,40719,Rasht,Delta1,4.226377747991967,3.8886250459419545,1.0868565876266423,True,False,2.0
warm_days,40723,Bojnurd,0.10,4.188714102892762,3.997577856241648,1.0478130141612332,True,False,2.0
warm_days,40723,Bojnurd,0.50,6.97384101819864,3.191238729024461,2.1853084680789436,True,True,2.0
warm_days,40723,Bojnurd,0.90,12.349592758065636,2.416945157764846,5.109587496592744,True,True,2.0
warm_days,40723,Bojnurd,Delta1,8.160878655172873,4.354623060608604,1.874072346007442,True,False,2.0
warm_days,40724,Piranshahr,0.10,10.605103650080675,5.01009128934717,2.116748585525784,True,True,2.0
warm_days,40724,Piranshahr,0.50,16.803793346705042,4.418954296284722,3.802662851895298,True,True,2.0
warm_days,40724,Piranshahr,0.90,23.81628358443463,11.311959482336365,2.1054074337539643,True,True,2.0
warm_days,40724,Piranshahr,Delta1,13.211179934353952,13.214748926115105,0.9997299236042162,True,False,2.0
warm_days,40726,Mahabad,0.10,11.02835010381133,2.413758219682544,4.568953929968087,True,True,2.0
warm_days,40726,Mahabad,0.50,15.12740470602874,3.367235707383633,4.492529190296228,True,True,2.0
warm_days,40726,Mahabad,0.90,20.880259978643544,10.04420238372239,2.0788370425990266,True,True,2.0
warm_days,40726,Mahabad,Delta1,9.851909874832211,10.395411855068335,0.9477171286896982,True,False,2.0
warm_days,40727,Saqez,0.10,10.105083379226096,3.8920872596923664,2.596314703392547,True,True,2.0
warm_days,40727,Saqez,0.50,12.990071523614608,3.715409519874088,3.4962691068452747,True,True,2.0
warm_days,40727,Saqez,0.90,20.1864839461516,11.706629146187876,1.7243634947405069,True,False,2.0
warm_days,40727,Saqez,Delta1,10.081400566925504,11.99228866463042,0.8406569295366602,True,False,2.0
warm_days,40728,Takab,0.10,8.51574680926333,3.979419730487319,2.1399468731639657,True,True,2.0
warm_days,40728,Takab,0.50,14.681937035463582,4.290823553483523,3.421706078672005,True,True,2.0
warm_days,40728,Takab,0.90,21.269881695306168,8.070654758872731,2.6354592447313454,True,True,2.0
warm_days,40728,Takab,Delta1,12.75413488604284,8.757129791050689,1.4564286690231396,True,False,2.0
warm_days,40729,Zanjan,0.10,12.183523817016798,9.511600016126858,1.2809121279658218,True,False,2.0
warm_days,40729,Zanjan,0.50,18.275415912911896,4.444864785230856,4.1115797208581935,True,True,2.0
warm_days,40729,Zanjan,0.90,33.96928768278235,8.401325327000613,4.043324875613387,True,True,2.0
warm_days,40729,Zanjan,Delta1,21.78576386576556,11.200849654344466,1.9450099356806856,True,False,2.0
warm_days,40730,Khorramdareh,0.10,8.439672004070417,5.412186942064253,1.5593829434227664,True,False,2.0
warm_days,40730,Khorramdareh,0.50,12.172457764464012,3.952911096607335,3.0793654263844354,True,True,2.0
warm_days,40730,Khorramdareh,0.90,23.641183003387585,9.268616311260336,2.5506701550118307,True,True,2.0
warm_days,40730,Khorramdareh,Delta1,15.20151099931717,10.060766599139082,1.5109694524290018,True,False,2.0
warm_days,40731,Qazvin,0.10,6.964251726130672,5.315643300106186,1.3101427866673359,True,False,2.0
warm_days,40731,Qazvin,0.50,12.11144300530858,3.984252864735274,3.039827896594435,True,True,2.0
warm_days,40731,Qazvin,0.90,18.839138580841286,5.736730499214044,3.283950428457869,True,True,2.0
warm_days,40731,Qazvin,Delta1,11.874886854710615,7.870029624948997,1.508874479590993,True,False,2.0
warm_days,40732,Ramsar,0.10,8.059588374208975,2.758743298062816,2.9214709392745606,True,True,2.0
warm_days,40732,Ramsar,0.50,13.428825817675929,2.2919942935038344,5.859013635303129,True,True,2.0
warm_days,40732,Ramsar,0.90,19.81622986311969,6.341382339334275,3.124906968659458,True,True,2.0
warm_days,40732,Ramsar,Delta1,11.756641488910718,6.752686189597707,1.7410318144239312,True,False,2.0
warm_days,40734,Nowshahr,0.10,6.452478995657981,1.8452546625255437,3.49679593104329,True,True,2.0
warm_days,40734,Nowshahr,0.50,11.052497332588295,2.5748156738198973,4.292539246582741,True,True,2.0
warm_days,40734,Nowshahr,0.90,17.484767494575273,4.804165663753664,3.6395013657613564,True,True,2.0
warm_days,40734,Nowshahr,Delta1,11.032288498917294,4.871529825535162,2.264645582397793,True,True,2.0
warm_days,40736,Babolsar,0.10,3.4449812896044056,2.700806021518152,1.2755382142061222,True,False,2.0
warm_days,40736,Babolsar,0.50,8.680340705696224,5.103857539173259,1.7007411823454417,True,False,2.0
warm_days,40736,Babolsar,0.90,13.609078554952037,11.63429290559713,1.1697383472617282,True,False,2.0
warm_days,40736,Babolsar,Delta1,10.164097265347628,11.616209027597922,0.8749926280768235,True,False,2.0
warm_days,40737,Gharakhil,0.10,7.311707022251785,4.734108560328552,1.544473881212463,True,False,2.0
warm_days,40737,Gharakhil,0.50,10.916594747857356,2.2933700992820207,4.760066746869589,True,True,2.0
warm_days,40737,Gharakhil,0.90,14.214535370381018,4.659874458099393,3.0504116576948834,True,True,2.0
warm_days,40737,Gharakhil,Delta1,6.902828348129231,5.405419943104891,1.2770198098918144,True,False,2.0
warm_days,40738,Gorgan,0.10,7.109355026207602,3.311485770350374,2.1468777217349757,True,True,2.0
warm_days,40738,Gorgan,0.50,11.190687007029268,2.805599916784062,3.9886966563132313,True,True,2.0
warm_days,40738,Gorgan,0.90,16.579458709599784,4.566993852773248,3.6302783064908493,True,True,2.0
warm_days,40738,Gorgan,Delta1,9.470103683392184,6.0364762152835,1.568813219112042,True,False,2.0
warm_days,40739,Shahrud,0.10,2.9403482285387184,5.199495564050435,0.565506440445575,True,False,2.0
warm_days,40739,Shahrud,0.50,4.748639325069787,4.554323208859392,1.0426662990962954,True,False,2.0
warm_days,40739,Shahrud,0.90,5.257931640210257,6.1957552535906855,0.8486344965229344,True,False,2.0
warm_days,40739,Shahrud,Delta1,2.317583411671539,7.360230821472009,0.3148791753799963,True,False,2.0
warm_days,40740,Quchan,0.10,3.6789371604268393,4.864543172866576,0.7562759810514575,True,False,2.0
warm_days,40740,Quchan,0.50,7.860061752516531,4.4381231314946605,1.7710328261824133,True,False,2.0
warm_days,40740,Quchan,0.90,9.465349694354115,2.507213926052585,3.775246139150391,True,True,2.0
warm_days,40740,Quchan,Delta1,5.786412533927277,4.682501527686916,1.2357524070655619,True,False,2.0
warm_days,40741,Sarakhs,0.10,7.322852515842035,3.5187796594483824,2.081077312181006,True,True,2.0
warm_days,40741,Sarakhs,0.50,11.018988490515476,2.3099493853621924,4.77022940863604,True,True,2.0
warm_days,40741,Sarakhs,0.90,15.478010199235769,3.351066098109914,4.6188316631431885,True,True,2.0
warm_days,40741,Sarakhs,Delta1,8.15515768339373,4.431629622845725,1.8402164389714906,True,False,2.0
warm_days,40742,Biyarjomand,0.10,1.0426442472747153,5.272525893182048,0.19775042710040897,True,False,2.0
warm_days,40742,Biyarjomand,0.50,7.671132962500125,3.6566366506431063,2.097865797289696,True,True,2.0
warm_days,40742,Biyarjomand,0.90,11.439889321535915,4.709467882760452,2.4291256690406455,True,True,2.0
warm_days,40742,Biyarjomand,Delta1,10.3972450742612,6.832722114426865,1.521684169228552,True,False,2.0
warm_days,40743,Sabzevar,0.10,3.771318152110282,8.035295882454486,0.4693440300493681,True,False,2.0
warm_days,40743,Sabzevar,0.50,7.18238582468533,3.521264974799513,2.039717509499343,True,True,2.0
warm_days,40743,Sabzevar,0.90,6.061825860403866,4.089928314783337,1.4821349896263378,True,False,2.0
warm_days,40743,Sabzevar,Delta1,2.290507708293584,8.620512064491736,0.2657043678099222,True,False,2.0
warm_days,40744,Golmakan,0.10,7.066609695304407,4.931233403650618,1.4330308701415266,True,False,2.0
warm_days,40744,Golmakan,0.50,9.45177826004612,3.0730565295296137,3.0756929360791436,True,True,2.0
warm_days,40744,Golmakan,0.90,12.815289504232744,3.835789935852279,3.340977925941948,True,True,2.0
warm_days,40744,Golmakan,Delta1,5.748679808928337,6.440392838307583,0.8925976960186461,True,False,2.0
warm_days,40745,Mashhad,0.10,5.329532058452207,4.554381404783946,1.1701988886688406,True,False,2.0
warm_days,40745,Mashhad,0.50,10.7965742835564,3.6792712761069617,2.93443279207731,True,True,2.0
warm_days,40745,Mashhad,0.90,13.722002292281232,5.037967961026928,2.7237176572842214,True,True,2.0
warm_days,40745,Mashhad,Delta1,8.392470233829023,7.028589096384086,1.194047641531157,True,False,2.0
warm_days,40746,Neyshabur,0.10,4.430515115508812,4.493863143779088,0.9859034362544018,True,False,2.0
warm_days,40746,Neyshabur,0.50,8.483728881263715,4.728029489475062,1.7943477087334405,True,False,2.0
warm_days,40746,Neyshabur,0.90,9.876616507956893,5.441560398477439,1.815033884530693,True,False,2.0
warm_days,40746,Neyshabur,Delta1,5.446101392448082,5.826853028866744,0.9346556993058885,True,False,2.0
warm_days,40747,Sanandaj,0.10,10.890167783135182,2.51269186504265,4.334064170240123,True,True,2.0
warm_days,40747,Sanandaj,0.50,17.290226780022568,2.5139192218921,6.877797277435625,True,True,2.0
warm_days,40747,Sanandaj,0.90,22.650507747817187,10.050002554734638,2.2537812925377168,True,True,2.0
warm_days,40747,Sanandaj,Delta1,11.760339964682004,10.370791721140248,1.1339867081419872,True,False,2.0
warm_days,40748,Bijar,0.10,8.706996292406568,5.891524018503553,1.4778852237656066,True,False,2.0
warm_days,40748,Bijar,0.50,14.722360190219764,3.606153434960369,4.082566217923992,True,True,2.0
warm_days,40748,Bijar,0.90,25.121618530099497,8.986023277753755,2.795632478750842,True,True,2.0
warm_days,40748,Bijar,Delta1,16.414622237692928,9.793334879760444,1.676101393368716,True,False,2.0
warm_days,40749,Zarrineh,0.10,9.219250137505194,6.091045941300739,1.513574224583246,True,False,2.0
warm_days,40749,Zarrineh,0.50,16.34504592938785,4.469528462097813,3.6569956021079144,True,True,2.0
warm_days,40749,Zarrineh,0.90,25.456798973402677,10.14145141452477,2.51017314316006,True,True,2.0
warm_days,40749,Zarrineh,Delta1,16.237548835897478,12.729811558897149,1.2755529617049746,True,False,2.0
warm_days,40751,Tehran (Shemiran),0.10,12.097713438046902,3.3776898670223927,3.581653116279636,True,True,2.0
warm_days,40751,Tehran (Shemiran),0.50,18.29533222829828,2.99127880970782,6.116224328177995,True,True,2.0
warm_days,40751,Tehran (Shemiran),0.90,28.571377937406893,8.086156974110471,3.533369192421586,True,True,2.0
warm_days,40751,Tehran (Shemiran),Delta1,16.473664499359995,8.475353424236141,1.9437141644443834,True,False,2.0
warm_days,40752,Karaj,0.10,8.44256171987817,4.545332106992365,1.8574136105237407,True,False,2.0
warm_days,40752,Karaj,0.50,14.112032337232485,4.141613184312261,3.407375751720732,True,True,2.0
warm_days,40752,Karaj,0.90,17.23172714404819,5.959188329072802,2.8916231863290176,True,True,2.0
warm_days,40752,Karaj,Delta1,8.78916542417002,7.223900844840621,1.2166785803057258,True,False,2.0
warm_days,40754,Tehran (Mehrabad Airport),0.10,3.5688241495081225,4.782635516638302,0.7462045010732151,True,False,2.0
warm_days,40754,Tehran (Mehrabad Airport),0.50,3.02637187433891,5.006139581874314,0.6045320600521145,True,False,2.0
warm_days,40754,Tehran (Mehrabad Airport),0.90,4.372602389459064,7.382575119352059,0.5922868807656414,True,False,2.0
warm_days,40754,Tehran (Mehrabad Airport),Delta1,0.8037782399509423,7.65750814553603,0.10496603133481582,True,False,2.0
warm_days,40755,Abali,0.10,8.668191726879682,4.576541333287759,1.8940486047467875,True,False,2.0
warm_days,40755,Abali,0.50,9.482715556070003,4.548828502794888,2.084650047862574,True,True,2.0
warm_days,40755,Abali,0.90,16.891503314725522,13.403354875597442,1.260244429212175,True,False,2.0
warm_days,40755,Abali,Delta1,8.223311587845837,13.218726867547677,0.6220955822935024,True,False,2.0
warm_days,40757,Semnan,0.10,7.069232868096695,4.570379442876797,1.5467496641038212,True,False,2.0
warm_days,40757,Semnan,0.50,9.560508465086318,4.501361840637696,2.123914673727253,True,True,2.0
warm_days,40757,Semnan,0.90,12.976298405923998,10.480514245331651,1.238135658439093,True,False,2.0
warm_days,40757,Semnan,Delta1,5.907065537827305,10.771593481978924,0.5483929139834265,True,False,2.0
warm_days,40758,Garmsar,0.10,1.031146350599436,5.463301397662681,0.18874052071163103,True,False,2.0
warm_days,40758,Garmsar,0.50,2.895266778891507,5.377648178742054,0.5383890285602082,True,False,2.0
warm_days,40758,Garmsar,0.90,-0.2672609890218972,9.124399123990212,0.029290804291890803,False,False,2.0
warm_days,40758,Garmsar,Delta1,-1.298407339621333,8.66290092906556,0.14988135617076578,False,False,2.0
warm_days,40762,Torbat-E Heydariyeh,0.10,7.773223577729619,5.3855092634509205,1.4433590580714555,True,False,2.0
warm_days,40762,Torbat-E Heydariyeh,0.50,12.4839973202924,3.3922564656832743,3.680145486222207,True,True,2.0
warm_days,40762,Torbat-E Heydariyeh,0.90,17.753604575652634,5.172276070578144,3.4324549450563606,True,True,2.0
warm_days,40762,Torbat-E Heydariyeh,Delta1,9.980380997923016,7.011880247517693,1.4233530302312585,True,False,2.0
warm_days,40763,Kashmar,0.10,4.797051134481946,5.834148144066079,0.8222367715089707,True,False,2.0
warm_days,40763,Kashmar,0.50,10.688544027345952,3.733364070062007,2.8629792934093423,True,True,2.0
warm_days,40763,Kashmar,0.90,15.168649172058537,3.881869754423684,3.907562626173306,True,True,2.0
warm_days,40763,Kashmar,Delta1,10.371598037576586,5.6097743144498295,1.848844081099859,True,False,2.0
warm_days,40764,Ravansar,0.10,9.27571618780376,6.717554511072473,1.3808174049819315,True,False,2.0
warm_days,40764,Ravansar,0.50,14.136690126858513,5.452107590384827,2.5928853920251966,True,True,2.0
warm_days,40764,Ravansar,0.90,23.481319355740908,10.713644914768391,2.1917208888800035,True,True,2.0
warm_days,40764,Ravansar,Delta1,14.205603167937149,10.887683437509155,1.3047406502468128,True,False,2.0
warm_days,40765,Sarpol-E-Zahab,0.10,10.363996444908537,2.339963674339911,4.429127066612329,True,True,2.0
warm_days,40765,Sarpol-E-Zahab,0.50,10.692925208336158,2.419040754548354,4.420316271328209,True,True,2.0
warm_days,40765,Sarpol-E-Zahab,0.90,20.944836217438663,8.429893134907807,2.484590952963216,True,True,2.0
warm_days,40765,Sarpol-E-Zahab,Delta1,10.58083977253013,8.958609317454593,1.18108061168767,True,False,2.0
warm_days,40766,Kermanshah,0.10,5.357595915944748,4.123013133103048,1.2994370240854733,True,False,2.0
warm_days,40766,Kermanshah,0.50,3.634812080859409,6.775438637599542,0.5364688952665624,True,False,2.0
warm_days,40766,Kermanshah,0.90,4.55421485447815,10.973930948498268,0.4150030536779871,True,False,2.0
warm_days,40766,Kermanshah,Delta1,-0.8033810614665974,10.154775744350664,0.07911361921641025,False,False,2.0
warm_days,40768,Hamedan (Airport),0.10,6.44423081738335,3.874080868246709,1.6634218635450975,True,False,2.0
warm_days,40768,Hamedan (Airport),0.50,9.98183595789351,3.723264809978581,2.6809363468162593,True,True,2.0
warm_days,40768,Hamedan (Airport),0.90,21.574807761043576,10.074215429055196,2.1415868970619143,True,True,2.0
warm_days,40768,Hamedan (Airport),Delta1,15.130576943660223,11.180882332319294,1.3532542865533965,True,False,2.0
warm_days,40769,Arak,0.10,9.97296498330182,3.7801776605028623,2.6382265276852506,True,True,2.0
warm_days,40769,Arak,0.50,15.599769515957725,3.012602574730308,5.17817041212422,True,True,2.0
warm_days,40769,Arak,0.90,16.116033263337297,8.611305713992614,1.8714970526653305,True,False,2.0
warm_days,40769,Arak,Delta1,6.143068280035476,9.30131484022273,0.6604516012585995,True,False,2.0
warm_days,40770,Qom,0.10,8.222570558028863,5.667751991348595,1.4507640014206709,True,False,2.0
warm_days,40770,Qom,0.50,14.708588861232233,4.547787685901255,3.234229448932018,True,True,2.0
warm_days,40770,Qom,0.90,21.132995273374963,7.083018217070936,2.9836144177127584,True,True,2.0
warm_days,40770,Qom,Delta1,12.910424715346096,8.110193928311329,1.5918762028954654,True,False,2.0
warm_days,40771,Kangavar,0.10,8.670347561276865,3.660423539930396,2.3686733151764545,True,True,2.0
warm_days,40771,Kangavar,0.50,15.5359989860804,4.3471856765420975,3.5738061684170512,True,True,2.0
warm_days,40771,Kangavar,0.90,17.763972830641002,8.912240088364635,1.9932107589687509,True,False,2.0
warm_days,40771,Kangavar,Delta1,9.093625269364138,10.007555853227718,0.9086759447294204,True,False,2.0
warm_days,40772,Qorveh,0.10,11.02525280372338,6.156080804511362,1.7909532304455362,True,False,2.0
warm_days,40772,Qorveh,0.50,16.069483277206032,2.6565933745855563,6.04890587732982,True,True,2.0
warm_days,40772,Qorveh,0.90,25.1329809078392,9.681282993830816,2.596038244502783,True,True,2.0
warm_days,40772,Qorveh,Delta1,14.107728104115818,10.450376750245718,1.3499731580284036,True,False,2.0
warm_days,40774,Borujerd,0.10,8.3446339289185,3.521532806188811,2.3696027804294415,True,True,2.0
warm_days,40774,Borujerd,0.50,14.854722618823743,3.416532961304036,4.347893840647723,True,True,2.0
warm_days,40774,Borujerd,0.90,21.2577524435766,10.95893186012302,1.9397649985331664,True,False,2.0
warm_days,40774,Borujerd,Delta1,12.913118514658104,11.457764063383516,1.1270190626394183,True,False,2.0
warm_days,40778,Gonabad,0.10,2.915858854116837,6.195360442306502,0.47065201149640895,True,False,2.0
warm_days,40778,Gonabad,0.50,10.342052638894836,3.987849398043896,2.593390975087419,True,True,2.0
warm_days,40778,Gonabad,0.90,12.605695508384107,4.69203723673631,2.68661454979253,True,True,2.0
warm_days,40778,Gonabad,Delta1,9.689836654267271,6.17057011362899,1.5703308569276682,True,False,2.0
warm_days,40779,Eslamabad-E-Gharb,0.10,6.524210076895952,3.0059714317036383,2.1704165276109584,True,True,2.0
warm_days,40779,Eslamabad-E-Gharb,0.50,9.216542916481549,5.263627072883452,1.7509870644070273,True,False,2.0
warm_days,40779,Eslamabad-E-Gharb,0.90,13.818559521935004,11.573535865646187,1.193979064164197,True,False,2.0
warm_days,40779,Eslamabad-E-Gharb,Delta1,7.294349445039054,11.82764262906199,0.6167204804713942,True,False,2.0
warm_days,40780,Ilam,0.10,16.22857292858373,7.4225911602643,2.1863756979450653,True,True,2.0
warm_days,40780,Ilam,0.50,22.10803591861908,3.110136099821024,7.108382144399182,True,True,2.0
warm_days,40780,Ilam,0.90,33.39695748169499,5.184084120563685,6.442209791546286,True,True,2.0
warm_days,40780,Ilam,Delta1,17.16838455311126,9.389712559143373,1.8284249326027866,True,False,2.0
warm_days,40782,Khorramabad,0.10,11.533583768029487,5.286862397541336,2.1815555050937583,True,True,2.0
warm_days,40782,Khorramabad,0.50,16.37115638221297,3.643767953910316,4.492919579207626,True,True,2.0
warm_days,40782,Khorramabad,0.90,24.91084014210129,8.7161665075307,2.8580041604963053,True,True,2.0
warm_days,40782,Khorramabad,Delta1,13.377256374071797,9.488917004883511,1.409776939474456,True,False,2.0
warm_days,40783,Aligudarz,0.10,6.364374752149995,3.560015792645684,1.7877377862473487,True,False,2.0
warm_days,40783,Aligudarz,0.50,12.645112187454952,3.698917528015594,3.418598033527619,True,True,2.0
warm_days,40783,Aligudarz,0.90,18.474758438492284,10.21096927450298,1.8093050661335521,True,False,2.0
warm_days,40783,Aligudarz,Delta1,12.110383686342288,10.551650804252942,1.1477240775880382,True,False,2.0
warm_days,40785,Kashan,0.10,7.595148550505723,4.6382089707903225,1.6375175414340066,True,False,2.0
warm_days,40785,Kashan,0.50,12.83803115261584,3.589845168113581,3.5762074828876442,True,True,2.0
warm_days,40785,Kashan,0.90,19.40442838950985,9.235172366736316,2.101144149664347,True,True,2.0
warm_days,40785,Kashan,Delta1,11.809279839004123,9.34480175665126,1.2637271658115963,True,False,2.0
warm_days,40787,Daran,0.10,5.319626350977201,5.730938215188876,0.9282295762460738,True,False,2.0
warm_days,40787,Daran,0.50,11.65261311597434,4.894030632877849,2.380984916132866,True,True,2.0
warm_days,40787,Daran,0.90,22.312285305635047,13.05477688281116,1.7091280460727734,True,False,2.0
warm_days,40787,Daran,Delta1,16.992658954657845,13.26008255217858,1.2814896806103229,True,False,2.0
warm_days,40789,Khur-Va-Biabanak,0.10,7.41968766185612,4.68523691902318,1.5836312634971388,True,False,2.0
warm_days,40789,Khur-Va-Biabanak,0.50,8.995572080461185,3.8346301626933457,2.345877359432996,True,True,2.0
warm_days,40789,Khur-Va-Biabanak,0.90,16.484063903517885,10.577303417666698,1.558437273907208,True,False,2.0
warm_days,40789,Khur-Va-Biabanak,Delta1,9.064376241661764,10.066994467926383,0.900405406056497,True,False,2.0
warm_days,40790,Robat-E-Poshtebadam,0.10,3.4246746099011904,5.78379224596128,0.5921157718437381,True,False,2.0
warm_days,40790,Robat-E-Poshtebadam,0.50,6.182694181487396,4.3684389926733145,1.4153097231887468,True,False,2.0
warm_days,40790,Robat-E-Poshtebadam,0.90,8.731385970031173,3.3191404575979586,2.630616595342887,True,True,2.0
warm_days,40790,Robat-E-Poshtebadam,Delta1,5.3067113601299845,6.502776947068841,0.8160684894046706,True,False,2.0
warm_days,40791,Tabas,0.10,9.092789405814766,3.865211708192607,2.352468659489444,True,True,2.0
warm_days,40791,Tabas,0.50,13.828753614694522,5.912605607522302,2.3388594695206653,True,True,2.0
warm_days,40791,Tabas,0.90,18.28920121681597,7.277854678933884,2.512993460800335,True,True,2.0
warm_days,40791,Tabas,Delta1,9.196411811001203,7.091344023903816,1.2968503262571287,True,False,2.0
warm_days,40792,Ferdows,0.10,1.298130229604452,5.502096308523882,0.23593375266684818,True,False,2.0
warm_days,40792,Ferdows,0.50,3.251267926903389,4.475191020561392,0.7265093069693218,True,False,2.0
warm_days,40792,Ferdows,0.90,3.831540810269221,6.2587415889774585,0.6121902871045377,True,False,2.0
warm_days,40792,Ferdows,Delta1,2.5334105806647687,7.138520993384222,0.35489292291956015,True,False,2.0
warm_days,40793,Qaen,0.10,9.519655934231317,4.807535324058457,1.9801530914587124,True,False,2.0
warm_days,40793,Qaen,0.50,13.631101605038134,3.9971875724175616,3.410173117493666,True,True,2.0
warm_days,40793,Qaen,0.90,18.22387660927074,5.093716778698576,3.5777169012382477,True,True,2.0
warm_days,40793,Qaen,Delta1,8.704220675039423,5.358339831121063,1.62442490573024,True,False,2.0
warm_days,40794,Safiabad (Dezful),0.10,8.458965584590338,1.794122070834582,4.714821651268931,True,True,2.0
warm_days,40794,Safiabad (Dezful),0.50,13.472610433853976,4.757216824073,2.8320362371709376,True,True,2.0
warm_days,40794,Safiabad (Dezful),0.90,20.83309587092109,12.595696387704708,1.6539852366763397,True,False,2.0
warm_days,40794,Safiabad (Dezful),Delta1,12.374130286330749,12.323546859196306,1.0041046159610043,True,False,2.0
warm_days,40796,Dehloran,0.10,15.465528737214855,7.58397151341531,2.0392387695362295,True,True,2.0
warm_days,40796,Dehloran,0.50,18.99487620257964,4.3644675529591215,4.3521634591374285,True,True,2.0
warm_days,40796,Dehloran,0.90,31.58528000862241,9.124062778805143,3.4617561029932666,True,True,2.0
warm_days,40796,Dehloran,Delta1,16.119751271407548,9.43118501507079,1.7091968024854354,True,False,2.0
warm_days,40797,Kuhrang,0.10,8.856375439245026,8.977739181751607,0.9864817032384647,True,False,2.0
warm_days,40797,Kuhrang,0.50,17.225435746163768,6.626657473494803,2.599415439090037,True,True,2.0
warm_days,40797,Kuhrang,0.90,27.69085240113264,10.267299312360006,2.696994755748259,True,True,2.0
warm_days,40797,Kuhrang,Delta1,18.834476961887617,11.883198165001597,1.5849670013379842,True,False,2.0
warm_days,40798,Shahrekord,0.10,6.930712266833605,6.3887700112296,1.084827322732142,True,False,2.0
warm_days,40798,Shahrekord,0.50,16.336742341209824,4.886689008869156,3.343110705747645,True,True,2.0
warm_days,40798,Shahrekord,0.90,23.82350314120561,8.764041243558863,2.718323942018724,True,True,2.0
warm_days,40798,Shahrekord,Delta1,16.892790874372007,10.41366175354491,1.622175875706885,True,False,2.0
warm_days,40799,Ardestan,0.10,3.862293519575977,4.541412968810357,0.8504607588214383,True,False,2.0
warm_days,40799,Ardestan,0.50,7.447266940890914,5.796437578644486,1.2848006797017002,True,False,2.0
warm_days,40799,Ardestan,0.90,11.552433351088249,5.412874561401776,2.1342510749217336,True,True,2.0
warm_days,40799,Ardestan,Delta1,7.69013983151227,5.8312224367234045,1.31878691217161,True,False,2.0
warm_days,40800,Esfahan,0.10,7.848458068660028,4.071430727935887,1.9276904344235273,True,False,2.0
warm_days,40800,Esfahan,0.50,14.551023670316034,8.642444113940643,1.6836699755853315,True,False,2.0
warm_days,40800,Esfahan,0.90,28.44031675927516,19.21769190045367,1.4799028367503266,True,False,2.0
warm_days,40800,Esfahan,Delta1,20.59185869061513,18.07225658624745,1.1394182343717407,True,False,2.0
warm_days,40801,Naein,0.10,4.547173274679079,4.998497222375438,0.9097080727231303,True,False,2.0
warm_days,40801,Naein,0.50,8.859712992363045,3.187781551953353,2.779272308334348,True,True,2.0
warm_days,40801,Naein,0.90,10.186951553215636,6.568953842047216,1.5507722840142335,True,False,2.0
warm_days,40801,Naein,Delta1,5.63977827853656,7.302062687452516,0.7723541305975996,True,False,2.0
warm_days,40802,Esfahan (Airport),0.10,5.067138047726712,3.5733408016952475,1.4180394003624799,True,False,2.0
warm_days,40802,Esfahan (Airport),0.50,10.422351397514644,2.9368646091824604,3.548802135763395,True,True,2.0
warm_days,40802,Esfahan (Airport),0.90,12.149460547672756,7.006816858478288,1.733948637885667,True,False,2.0
warm_days,40802,Esfahan (Airport),Delta1,7.082322499946044,7.63803844812298,0.9272436304227427,True,False,2.0
warm_days,40803,Kabutarabad,0.10,7.898808667480903,2.9339330685134413,2.6922252427125253,True,True,2.0
warm_days,40803,Kabutarabad,0.50,16.137395852711226,4.256822263425811,3.790948941270607,True,True,2.0
warm_days,40803,Kabutarabad,0.90,21.553013314453093,12.11036397453277,1.7797163949636476,True,False,2.0
warm_days,40803,Kabutarabad,Delta1,13.654204646972186,11.536548510090764,1.1835606321101284,True,False,2.0
warm_days,40809,Birjand,0.10,6.795445030900435,3.5469630570115616,1.9158488322756402,True,False,2.0
warm_days,40809,Birjand,0.50,13.207496219215072,4.904736125478315,2.6928046445978913,True,True,2.0
warm_days,40809,Birjand,0.90,14.01101999430916,5.472480002681145,2.5602688337727515,True,True,2.0
warm_days,40809,Birjand,Delta1,7.215574963408726,5.122714637549964,1.408545170663598,True,False,2.0
warm_days,40810,Bostan,0.10,7.356878178907652,1.7758508415035452,4.142734292187999,True,True,2.0
warm_days,40810,Bostan,0.50,15.41239951038622,6.0071418386435935,2.5656793071272515,True,True,2.0
warm_days,40810,Bostan,0.90,28.558785051076008,8.003320966681233,3.568366827966739,True,True,2.0
warm_days,40810,Bostan,Delta1,21.201906872168355,8.290566300665047,2.5573532739817297,True,True,2.0
warm_days,40811,Ahvaz,0.10,7.308571903318889,4.140033805319368,1.765341117246045,True,False,2.0
warm_days,40811,Ahvaz,0.50,13.072598457046546,6.518328496723171,2.005513907993172,True,True,2.0
warm_days,40811,Ahvaz,0.90,23.605653298036856,11.63892897958915,2.0281637029861943,True,True,2.0
warm_days,40811,Ahvaz,Delta1,16.297081394717967,9.990807751987711,1.631207585940746,True,False,2.0
warm_days,40812,Masjedsoleyman,0.10,13.589821054034488,4.250443515569582,3.1972712975138498,True,True,2.0
warm_days,40812,Masjedsoleyman,0.50,15.155161806993712,2.8766001648672543,5.268428331503302,True,True,2.0
warm_days,40812,Masjedsoleyman,0.90,17.365226151186434,11.24856498314959,1.5437725769642292,True,False,2.0
warm_days,40812,Masjedsoleyman,Delta1,3.775405097151948,12.415617797516813,0.30408515780076995,True,False,2.0
warm_days,40813,Ramhormoz,0.10,11.004605043502524,2.853278899768992,3.856827681441685,True,True,2.0
warm_days,40813,Ramhormoz,0.50,15.302874313133843,5.911210524931323,2.588788582066553,True,True,2.0
warm_days,40813,Ramhormoz,0.90,22.57280802238831,10.85861731498104,2.07879211207175,True,True,2.0
warm_days,40813,Ramhormoz,Delta1,11.56820297888578,10.267402680859965,1.1266922452014774,True,False,2.0
warm_days,40818,Abadeh,0.10,7.703773140103113,7.811675455556276,0.9861870457794794,True,False,2.0
warm_days,40818,Abadeh,0.50,14.454452156231444,4.207379262699181,3.435500166190962,True,True,2.0
warm_days,40818,Abadeh,0.90,15.319906810059294,7.225230266018634,2.1203347500371255,True,True,2.0
warm_days,40818,Abadeh,Delta1,7.61613366995618,7.257302047439946,1.0494442177231431,True,False,2.0
warm_days,40821,Yazd,0.10,6.568637924289216,4.235800275085614,1.55074307042403,True,False,2.0
warm_days,40821,Yazd,0.50,11.172847676316604,3.188313892151884,3.504312327534266,True,True,2.0
warm_days,40821,Yazd,0.90,14.11261411018299,5.534336062721534,2.550010326485857,True,True,2.0
warm_days,40821,Yazd,Delta1,7.543976185893776,5.902727422474094,1.2780492213092505,True,False,2.0
warm_days,40827,Nehbandan,0.10,5.954703870936226,4.768708462028313,1.2487036937467686,True,False,2.0
warm_days,40827,Nehbandan,0.50,11.765272467804447,3.4323699995616868,3.427740153103212,True,True,2.0
warm_days,40827,Nehbandan,0.90,11.330903025315026,6.874719295210257,1.6481986447373167,True,False,2.0
warm_days,40827,Nehbandan,Delta1,5.376199154378803,6.295007559521663,0.8540417312520785,True,False,2.0
warm_days,40829,Zabol,0.10,8.019383050533376,3.961425661823013,2.0243679258751826,True,True,2.0
warm_days,40829,Zabol,0.50,19.048403983559545,3.665251231283488,5.197025464715341,True,True,2.0
warm_days,40829,Zabol,0.90,17.657395781790555,5.488531084264985,3.2171441703978623,True,True,2.0
warm_days,40829,Zabol,Delta1,9.63801273125718,6.089417732921249,1.582747834682312,True,False,2.0
warm_days,40831,Abadan,0.10,9.456844085479194,2.134107432711907,4.431287732062277,True,True,2.0
warm_days,40831,Abadan,0.50,13.163291434538005,3.5357024755712905,3.7229635483995613,True,True,2.0
warm_days,40831,Abadan,0.90,25.63803710991888,8.602239031463478,2.9803911535293786,True,True,2.0
warm_days,40831,Abadan,Delta1,16.18119302443968,7.874053911124833,2.055001554101392,True,True,2.0
warm_days,40832,Bandar-E- Mahshahr,0.10,7.9736528205250945,3.1235972638714675,2.552714753835564,True,True,2.0
warm_days,40832,Bandar-E- Mahshahr,0.50,11.884021587743309,3.5201719813815315,3.3759775518352058,True,True,2.0
warm_days,40832,Bandar-E- Mahshahr,0.90,20.29706498139855,9.205369671616912,2.2049157943087137,True,True,2.0
warm_days,40832,Bandar-E- Mahshahr,Delta1,12.323412160873454,9.98681533420228,1.2339681618692728,True,False,2.0
warm_days,40833,Omidiyeh (Aghajari),0.10,10.252424841429384,3.689333163394003,2.778937110683076,True,True,2.0
warm_days,40833,Omidiyeh (Aghajari),0.50,14.273560243057403,3.944046952570159,3.619013773088062,True,True,2.0
warm_days,40833,Omidiyeh (Aghajari),0.90,21.211092487872147,9.652315640382923,2.1975133510066884,True,True,2.0
warm_days,40833,Omidiyeh (Aghajari),Delta1,10.958667646442764,9.02789063587979,1.2138680106391004,True,False,2.0
warm_days,40835,Dogonbadan,0.10,14.96073421968287,4.368068734784814,3.4250226193887685,True,True,2.0
warm_days,40835,Dogonbadan,0.50,18.25176083632886,5.922403606486609,3.0818164463391726,True,True,2.0
warm_days,40835,Dogonbadan,0.90,26.497323114261956,9.549093677728465,2.7748521491691065,True,True,2.0
warm_days,40835,Dogonbadan,Delta1,11.536588894579086,9.786117887151724,1.1788728715117536,True,False,2.0
warm_days,40836,Yasuj,0.10,6.97570214505806,2.887823762834901,2.4155567368176913,True,True,2.0
warm_days,40836,Yasuj,0.50,14.117883041957077,3.044774074490237,4.636758819066313,True,True,2.0
warm_days,40836,Yasuj,0.90,17.703671325116776,13.89527929481664,1.2740781203095919,True,False,2.0
warm_days,40836,Yasuj,Delta1,10.727969180058716,13.802842308243465,0.7772289895430926,True,False,2.0
warm_days,40839,Anar,0.10,6.472080752910237,2.727981289904236,2.3724798908490445,True,True,2.0
warm_days,40839,Anar,0.50,9.60932706073533,3.6713130858721614,2.617408767918394,True,True,2.0
warm_days,40839,Anar,0.90,14.83355479094124,5.143410739093025,2.8839918768682566,True,True,2.0
warm_days,40839,Anar,Delta1,8.361474038031002,4.815939005092409,1.736208458867423,True,False,2.0
warm_days,40841,Kerman,0.10,6.555716374664073,3.2052383305446623,2.0453132337120365,True,True,2.0
warm_days,40841,Kerman,0.50,11.631408655691512,5.869399056113555,1.9817035005613153,True,False,2.0
warm_days,40841,Kerman,0.90,14.124126015483151,6.49319561528376,2.1752195455559074,True,True,2.0
warm_days,40841,Kerman,Delta1,7.568409640819079,6.0208458568134455,1.2570342806990058,True,False,2.0
warm_days,40844,Dorudzan,0.10,9.960946026064684,3.274521287528933,3.0419548848257936,True,True,2.0
warm_days,40844,Dorudzan,0.50,16.700317605697155,3.419982360072167,4.883158989552435,True,True,2.0
warm_days,40844,Dorudzan,0.90,23.062164365869805,11.115791953233856,2.0747207632975226,True,True,2.0
warm_days,40844,Dorudzan,Delta1,13.101218339805122,10.572586922875027,1.2391686571485268,True,False,2.0
warm_days,40847,Zarqan,0.10,10.787930428382788,3.1785460776062515,3.393982709386151,True,True,2.0
warm_days,40847,Zarqan,0.50,17.95970372332699,2.9055240391989017,6.181227028594387,True,True,2.0
warm_days,40847,Zarqan,0.90,20.568807155823585,7.44024720491842,2.7645327620601705,True,True,2.0
warm_days,40847,Zarqan,Delta1,9.780876727440797,7.672754435056267,1.2747543024122692,True,False,2.0
warm_days,40848,Shiraz,0.10,7.680892187475797,3.7163549418434494,2.066781108821051,True,True,2.0
warm_days,40848,Shiraz,0.50,15.160099789643423,4.573201713520903,3.3149860293329767,True,True,2.0
warm_days,40848,Shiraz,0.90,21.593532077760727,8.975195582839842,2.405912147368305,True,True,2.0
warm_days,40848,Shiraz,Delta1,13.91263989028493,9.146537164567974,1.5210827485816134,True,False,2.0
warm_days,40849,Shahrebabak,0.10,8.846344578079409,4.779433535823056,1.8509190496685082,True,False,2.0
warm_days,40849,Shahrebabak,0.50,13.983496566011368,4.743629846563687,2.947847327535704,True,True,2.0
warm_days,40849,Shahrebabak,0.90,20.7666967488136,7.085541446881395,2.930855306471149,True,True,2.0
warm_days,40849,Shahrebabak,Delta1,11.920352170734189,7.671485346125835,1.5538519117101706,True,False,2.0
warm_days,40851,Sirjan,0.10,8.359560315906942,4.147490601476119,2.01557064720815,True,True,2.0
warm_days,40851,Sirjan,0.50,15.131752206432534,3.3915896963651297,4.461551532206179,True,True,2.0
warm_days,40851,Sirjan,0.90,15.446659032085616,8.133864767840953,1.8990553043317644,True,False,2.0
warm_days,40851,Sirjan,Delta1,7.087098716178674,7.249252833422114,0.9776316096335003,True,False,2.0
warm_days,40853,Baft,0.10,9.372458646663835,4.35842344599196,2.1504240610863135,True,True,2.0
warm_days,40853,Baft,0.50,15.985300588080989,5.165473603183667,3.0946437473281585,True,True,2.0
warm_days,40853,Baft,0.90,22.561830949926325,5.862106551444847,3.848758249603201,True,True,2.0
warm_days,40853,Baft,Delta1,13.18937230326249,6.848861444305117,1.9257758987414701,True,False,2.0
warm_days,40854,Bam,0.10,10.513669461748416,3.041751236722377,3.4564527614287632,True,True,2.0
warm_days,40854,Bam,0.50,16.023229290848075,3.075020244770914,5.210771967467743,True,True,2.0
warm_days,40854,Bam,0.90,20.83659963741442,5.026644089661243,4.145230747542073,True,True,2.0
warm_days,40854,Bam,Delta1,10.322930175665997,4.775943419828161,2.161443147087663,True,True,2.0
warm_days,40856,Zahedan,0.10,3.464655291166539,3.950814942617933,0.876946994857408,True,False,2.0
warm_days,40856,Zahedan,0.50,9.358837300742328,3.5732919636940395,2.6191079250818454,True,True,2.0
warm_days,40856,Zahedan,0.90,10.41570279015938,6.728125834929469,1.5480838268638843,True,False,2.0
warm_days,40856,Zahedan,Delta1,6.951047498992841,5.627661680507485,1.2351573164160106,True,False,2.0
warm_days,40857,Bushehr (Coastal),0.10,14.48692368589616,10.78390164618805,1.3433842556434177,True,False,2.0
warm_days,40857,Bushehr (Coastal),0.50,22.587501391393744,6.3738777599544285,3.543761308587637,True,True,2.0
warm_days,40857,Bushehr (Coastal),0.90,28.49665337918372,7.925677598076093,3.595484805753529,True,True,2.0
warm_days,40857,Bushehr (Coastal),Delta1,14.00972969328756,10.159401544728713,1.3789916297339997,True,False,2.0
warm_days,40858,Bushehr (Airport),0.10,3.1889480572076603,5.624970085304664,0.5669271140728098,True,False,2.0
warm_days,40858,Bushehr (Airport),0.50,-0.2528164218114219,6.260629648652426,0.040381948142522626,False,False,2.0
warm_days,40858,Bushehr (Airport),0.90,-6.584159429597508,7.39558579378735,0.8902823404642971,False,False,2.0
warm_days,40858,Bushehr (Airport),Delta1,-9.77310748680517,7.864947367958292,1.2426157518384295,False,False,2.0
warm_days,40859,Fasa,0.10,5.852844172672175,3.864845626066471,1.5143798068408316,True,False,2.0
warm_days,40859,Fasa,0.50,10.192842958509988,3.3461513145686115,3.0461392807109378,True,True,2.0
warm_days,40859,Fasa,0.90,14.13772576550029,9.321111171419425,1.5167425326767547,True,False,2.0
warm_days,40859,Fasa,Delta1,8.284881592828114,10.685020129885851,0.775373512835546,True,False,2.0
warm_days,40870,Khash,0.10,3.966047630604564,3.356336704713069,1.1816596425010997,True,False,2.0
warm_days,40870,Khash,0.50,11.36284299372951,3.1748540385731467,3.5790127217427092,True,True,2.0
warm_days,40870,Khash,0.90,14.292239540842,6.047840033622233,2.363197350026791,True,True,2.0
warm_days,40870,Khash,Delta1,10.32619191023744,6.257685666118266,1.650161491195982,True,False,2.0
warm_days,40873,Lar,0.10,7.855611933234115,4.294209047546917,1.829350142541771,True,False,2.0
warm_days,40873,Lar,0.50,12.598464658778369,3.067764509252676,4.106724822188983,True,True,2.0
warm_days,40873,Lar,0.90,16.981427591985508,9.29511981494509,1.8269186336557,True,False,2.0
warm_days,40873,Lar,Delta1,9.125815658751389,10.42357870025024,0.8754973623917,True,False,2.0
warm_days,40875,Bandarabbas,0.10,7.496720605568137,6.020740084259629,1.2451493505204203,True,False,2.0
warm_days,40875,Bandarabbas,0.50,10.681294272521251,3.5598710762152885,3.0004722204370315,True,True,2.0
warm_days,40875,Bandarabbas,0.90,6.473661449715724,11.142637857444864,0.5809810506755723,True,False,2.0
warm_days,40875,Bandarabbas,Delta1,-1.023059155852413,13.27600541181624,0.07706076670787167,False,False,2.0
warm_days,40876,Minab,0.10,8.403963568287677,7.791341151413129,1.0786286218212169,True,False,2.0
warm_days,40876,Minab,0.50,14.998568303177116,5.716492059050774,2.6237364013180553,True,True,2.0
warm_days,40876,Minab,0.90,19.95166952681373,9.608047705153592,2.076558124926045,True,True,2.0
warm_days,40876,Minab,Delta1,11.547705958526054,10.376470940220331,1.1128741192504947,True,False,2.0
warm_days,40877,Kahnuj,0.10,3.3914414020576293,4.143822162721084,0.8184331443004311,True,False,2.0
warm_days,40877,Kahnuj,0.50,8.384863098332831,5.323153287488124,1.5751684472512077,True,False,2.0
warm_days,40877,Kahnuj,0.90,8.946377139087161,6.184256769514952,1.4466374008252654,True,False,2.0
warm_days,40877,Kahnuj,Delta1,5.554935737029532,7.139162773766885,0.7780934421948392,True,False,2.0
warm_days,40878,Saravan,0.10,2.95501557983104,5.4325676730352095,0.5439445502903518,True,False,2.0
warm_days,40878,Saravan,0.50,9.667042998280028,5.351201406376021,1.8065182496703691,True,False,2.0
warm_days,40878,Saravan,0.90,12.128000081541488,7.183782633286325,1.6882470838337935,True,False,2.0
warm_days,40878,Saravan,Delta1,9.172984501710449,8.678336962010793,1.0569979642257454,True,False,2.0
warm_days,40879,Iranshahr,0.10,7.058941988881323,4.025874920450546,1.753393269379402,True,False,2.0
warm_days,40879,Iranshahr,0.50,12.048622893413658,5.332480043766473,2.259478290499779,True,True,2.0
warm_days,40879,Iranshahr,0.90,9.892547614827796,10.358688397793404,0.9550000188185114,True,False,2.0
warm_days,40879,Iranshahr,Delta1,2.8336056259464715,10.61896262487521,0.26684392120456973,True,False,2.0
warm_days,40882,Kish Island,0.10,9.17704304224016,2.1041271990531336,4.3614487975678795,True,True,2.0
warm_days,40882,Kish Island,0.50,10.217816125799184,4.412495786708082,2.3156545908958543,True,True,2.0
warm_days,40882,Kish Island,0.90,3.626992235155023,12.948659802122217,0.2801056086561621,True,False,2.0
warm_days,40882,Kish Island,Delta1,-5.550050807085135,13.32712001316215,0.4164478748299547,False,False,2.0
warm_days,40883,Bandar-E-Lengeh,0.10,8.653594621454209,3.80870394426775,2.272057568159954,True,True,2.0
warm_days,40883,Bandar-E-Lengeh,0.50,11.113710002665025,4.253827815569289,2.6126374842884137,True,True,2.0
warm_days,40883,Bandar-E-Lengeh,0.90,9.140789951596238,6.394991184447921,1.4293670918305357,True,False,2.0
warm_days,40883,Bandar-E-Lengeh,Delta1,0.4871953301420286,7.354823923086636,0.06624160350225826,True,False,2.0
warm_days,40889,Siri Island,0.10,7.002119238126593,4.388054356964077,1.5957229944095506,True,False,2.0
warm_days,40889,Siri Island,0.50,7.744739202141783,4.146608551103349,1.8677285561669492,True,False,2.0
warm_days,40889,Siri Island,0.90,9.138776948088186,9.465754751483468,0.9654567636728557,True,False,2.0
warm_days,40889,Siri Island,Delta1,2.136657709961593,9.978406321190551,0.214128152450968,True,False,2.0
warm_days,40890,Abumusa Island,0.10,8.457640685658227,9.69137870595298,0.8726973676576147,True,False,2.0
warm_days,40890,Abumusa Island,0.50,17.739772237625502,7.520625467145733,2.358816073892082,True,True,2.0
warm_days,40890,Abumusa Island,0.90,22.929422236676217,13.3998667226457,1.7111679325829132,True,False,2.0
warm_days,40890,Abumusa Island,Delta1,14.471781551017989,12.546211384668156,1.1534782180302603,True,False,2.0
warm_days,40893,Jask,0.10,1.1546139632711618,3.993038106922142,0.2891567604300038,True,False,2.0
warm_days,40893,Jask,0.50,-3.504282355057035,3.974071951353822,0.8817863385345233,False,False,2.0
warm_days,40893,Jask,0.90,2.097798641953965,5.373311935453062,0.39041073124988507,True,False,2.0
warm_days,40893,Jask,Delta1,0.9431846786828036,6.910064853112409,0.13649433091181154,True,False,2.0
warm_days,40898,Chahbahar,0.10,4.598806138393211,7.151939358378288,0.6430152589319489,True,False,2.0
warm_days,40898,Chahbahar,0.50,8.750320153755741,6.24064415074469,1.4021501534759955,True,False,2.0
warm_days,40898,Chahbahar,0.90,14.194758871354669,9.62663193844734,1.474530132876786,True,False,2.0
warm_days,40898,Chahbahar,Delta1,9.595952732961456,9.986062822937178,0.9609345447857917,True,False,2.0
warm_days,88187,Jam,0.10,11.951939498334614,4.785561628387067,2.4974998602960032,True,True,2.0
warm_days,88187,Jam,0.50,15.666618107498389,6.174010859107205,2.537510617492478,True,True,2.0
warm_days,88187,Jam,0.90,23.93401904475748,12.06313230774135,1.984063378746012,True,False,2.0
warm_days,88187,Jam,Delta1,11.98207954642287,12.759735252349191,0.9390539309361339,True,False,2.0
warm_days,99331,Tehran (Geophysic),0.10,10.057628452593946,4.194730101022379,2.3976819033345214,True,True,2.0
warm_days,99331,Tehran (Geophysic),0.50,14.394215127498526,4.209432216133114,3.419514649108996,True,True,2.0
warm_days,99331,Tehran (Geophysic),0.90,18.92840389104145,6.933339033913477,2.730056008866112,True,True,2.0
warm_days,99331,Tehran (Geophysic),Delta1,8.870775438447506,8.785298708798992,1.0097295188794098,True,False,2.0
warm_days,99407,Boshruyeh,0.10,3.821577514049308,3.833488607647767,0.9968928840496104,True,False,2.0
warm_days,99407,Boshruyeh,0.50,7.435857819623525,4.060273671723786,1.8313686270478997,True,False,2.0
warm_days,99407,Boshruyeh,0.90,11.983325848941424,5.34526514531985,2.2418580787210636,True,True,2.0
warm_days,99407,Boshruyeh,Delta1,8.161748334892117,5.557074377930729,1.4687131716835655,True,False,2.0
warm_days,99421,Natanz,0.10,5.7965789904953375,7.129627720514232,0.8130268813078017,True,False,2.0
warm_days,99421,Natanz,0.50,8.547476783405841,5.684736523055474,1.5035836311392812,True,False,2.0
warm_days,99421,Natanz,0.90,16.40982912997781,8.732421224426517,1.8791843302377444,True,False,2.0
warm_days,99421,Natanz,Delta1,10.613250139482467,8.824676525024334,1.2026786601623567,True,False,2.0
warm_days,99459,Borujen,0.10,7.9190216851625,8.47192938895757,0.9347365070681848,True,False,2.0
warm_days,99459,Borujen,0.50,19.32589919425557,4.320682304522092,4.472881325717651,True,True,2.0
warm_days,99459,Borujen,0.90,29.07700911831692,11.175906356954773,2.601758478427325,True,True,2.0
warm_days,99459,Borujen,Delta1,21.15798743315441,11.39197885825239,1.857270602098027,True,False,2.0
warm_days,99623,Zahak,0.10,6.70447789097195,5.431772167689196,1.2343076410408784,True,False,2.0
warm_days,99623,Zahak,0.50,16.114415316833174,2.933070277309356,5.4940433720584725,True,True,2.0
warm_days,99623,Zahak,0.90,13.178923541391068,7.538269201846431,1.74826915681958,True,False,2.0
warm_days,99623,Zahak,Delta1,6.474445650419118,7.816865058552196,0.8282662681167334,True,False,2.0
warm_nights,19996,Bahookalat,0.10,5.1663429785394,4.028435717344926,1.2824687648098925,True,False,2.0
warm_nights,19996,Bahookalat,0.50,4.743347060666392,5.98814634121371,0.7921227689477249,True,False,2.0
warm_nights,19996,Bahookalat,0.90,17.182414998374952,7.465237476376558,2.301656853214383,True,True,2.0
warm_nights,19996,Bahookalat,Delta1,12.016072019835557,8.072179886505078,1.4885783256544871,True,False,2.0
warm_nights,40700,Parsabad,0.10,10.041501138051734,2.208520454971917,4.546709592589859,True,True,2.0
warm_nights,40700,Parsabad,0.50,10.727687744641733,2.899049228754298,3.7004158598753247,True,True,2.0
warm_nights,40700,Parsabad,0.90,13.20892957784859,7.478771481589439,1.7661897559465662,True,False,2.0
warm_nights,40700,Parsabad,Delta1,3.1674284397968564,7.342787982913913,0.43136591267066565,True,False,2.0
warm_nights,40701,Maku,0.10,7.37971641906226,4.246360379988674,1.7378921614471974,True,False,2.0
warm_nights,40701,Maku,0.50,12.016641873807224,3.552787638237662,3.382313579476426,True,True,2.0
warm_nights,40701,Maku,0.90,20.542105146636377,6.516190113245671,3.1524717341932322,True,True,2.0
warm_nights,40701,Maku,Delta1,13.16238872757412,7.856762616137736,1.6752941854878833,True,False,2.0
warm_nights,40702,Jolfa,0.10,11.791659850190657,2.5600942763859,4.605947507072674,True,True,2.0
warm_nights,40702,Jolfa,0.50,16.413312284660513,3.484276818547629,4.710679759222509,True,True,2.0
warm_nights,40702,Jolfa,0.90,19.360272259654177,4.578663112256345,4.228367928583747,True,True,2.0
warm_nights,40702,Jolfa,Delta1,7.568612409463522,4.801765777185466,1.576214409587431,True,False,2.0
warm_nights,40703,Khoy,0.10,12.432782665174637,2.375504028948608,5.2337451394167305,True,True,2.0
warm_nights,40703,Khoy,0.50,15.553396864926745,3.3971285793966524,4.578395106754867,True,True,2.0
warm_nights,40703,Khoy,0.90,22.905350359891496,7.718447954894358,2.9676109100880765,True,True,2.0
warm_nights,40703,Khoy,Delta1,10.472567694716858,6.657448606361929,1.5730602388292056,True,False,2.0
warm_nights,40704,Ahar,0.10,9.466039337092871,3.144971593677132,3.009896609598653,True,True,2.0
warm_nights,40704,Ahar,0.50,9.627473187926835,3.341574277581384,2.8811190140280694,True,True,2.0
warm_nights,40704,Ahar,0.90,14.477973958590605,4.250461445193846,3.4062122772484824,True,True,2.0
warm_nights,40704,Ahar,Delta1,5.011934621497729,5.0378206373758445,0.9948616638539955,True,False,2.0
warm_nights,40706,Tabriz,0.10,7.999794682377655,3.272979846305313,2.444193077268161,True,True,2.0
warm_nights,40706,Tabriz,0.50,9.156362794456998,3.742143388889465,2.446823075150597,True,True,2.0
warm_nights,40706,Tabriz,0.90,12.466691630292395,3.6057268764494017,3.4574697578227225,True,True,2.0
warm_nights,40706,Tabriz,Delta1,4.46689694791474,4.487675886560721,0.9953697773254507,True,False,2.0
warm_nights,40708,Ardebil,0.10,12.628765576049918,3.5876683159413787,3.5200482497045495,True,True,2.0
warm_nights,40708,Ardebil,0.50,17.00166999189724,2.525295413172969,6.732546973795465,True,True,2.0
warm_nights,40708,Ardebil,0.90,20.612174180373515,3.0123658362644465,6.842520231850098,True,True,2.0
warm_nights,40708,Ardebil,Delta1,7.983408604323599,4.72102767349496,1.6910319439863633,True,False,2.0
warm_nights,40709,Astara,0.10,13.120608138981307,2.970606160869704,4.416811730821964,True,True,2.0
warm_nights,40709,Astara,0.50,14.754564735944596,1.575339535378705,9.365958515348034,True,True,2.0
warm_nights,40709,Astara,0.90,18.59134753801466,5.402919215216094,3.4409819576158673,True,True,2.0
warm_nights,40709,Astara,Delta1,5.470739399033352,6.732266990366054,0.8126147413437462,True,False,2.0
warm_nights,40710,Sarab,0.10,9.153994643806174,3.280496873196732,2.790429315326833,True,True,2.0
warm_nights,40710,Sarab,0.50,12.37647422113794,2.630760991918905,4.704522478155801,True,True,2.0
warm_nights,40710,Sarab,0.90,14.17279080871889,3.686598434142759,3.8444086227184857,True,True,2.0
warm_nights,40710,Sarab,Delta1,5.018796164912716,5.454503044743185,0.9201197842853193,True,False,2.0
warm_nights,40712,Orumiyeh,0.10,7.837633341952405,4.59445742704316,1.705888772811297,True,False,2.0
warm_nights,40712,Orumiyeh,0.50,5.206055425671995,4.8585821247322265,1.0715174287516893,True,False,2.0
warm_nights,40712,Orumiyeh,0.90,0.2992045573247502,8.935784919536095,0.033483858443213686,True,False,2.0
warm_nights,40712,Orumiyeh,Delta1,-7.538428784627654,8.960291899024698,0.8413150899077507,False,False,2.0
warm_nights,40713,Maragheh-Synoptic,0.10,10.33904508211974,1.5442778767618257,6.695067796865378,True,True,2.0
warm_nights,40713,Maragheh-Synoptic,0.50,13.201691052104689,4.031477692394399,3.2746531320290804,True,True,2.0
warm_nights,40713,Maragheh-Synoptic,0.90,17.941737486918154,5.653202581228234,3.173729798131535,True,True,2.0
warm_nights,40713,Maragheh-Synoptic,Delta1,7.602692404798415,5.979198781079034,1.271523607620618,True,False,2.0
warm_nights,40716,Mianeh,0.10,10.109039029197582,2.2171339544352446,4.559507561090322,True,True,2.0
warm_nights,40716,Mianeh,0.50,11.817444191397078,2.1401038580617304,5.521902195017775,True,True,2.0
warm_nights,40716,Mianeh,0.90,16.786981938948507,5.7173208250611225,2.936162313187846,True,True,2.0
warm_nights,40716,Mianeh,Delta1,6.677942909750924,5.723312305600635,1.1667968744630832,True,False,2.0
warm_nights,40717,Khalkhal,0.10,9.333813769644603,3.6741101875898288,2.5404283739697724,True,True,2.0
warm_nights,40717,Khalkhal,0.50,12.375799363720477,2.3074360817609114,5.363441900534004,True,True,2.0
warm_nights,40717,Khalkhal,0.90,18.467412350830884,4.289004901575869,4.305756877089502,True,True,2.0
warm_nights,40717,Khalkhal,Delta1,9.133598581186275,6.202988317764894,1.4724513594565918,True,False,2.0
warm_nights,40718,Bandar-E-Anzali,0.10,12.842301287973203,4.938523306763795,2.6004334677097516,True,True,2.0
warm_nights,40718,Bandar-E-Anzali,0.50,12.447556701166992,2.7312832450089,4.5574023579990985,True,True,2.0
warm_nights,40718,Bandar-E-Anzali,0.90,9.864730039274503,7.157648499061827,1.3782082258674062,True,False,2.0
warm_nights,40718,Bandar-E-Anzali,Delta1,-2.9775712486987,9.350204737555458,0.31844984492576617,False,False,2.0
warm_nights,40719,Rasht,0.10,11.451398282543014,5.719131313243692,2.0022967921763244,True,True,2.0
warm_nights,40719,Rasht,0.50,18.814357011873472,2.197590619064684,8.561356627869593,True,True,2.0
warm_nights,40719,Rasht,0.90,21.35476520503288,5.489908096221526,3.889821984402703,True,True,2.0
warm_nights,40719,Rasht,Delta1,9.903366922489866,8.235265165729814,1.2025559254244393,True,False,2.0
warm_nights,40723,Bojnurd,0.10,4.992983121513484,4.213517603605244,1.1849916367363222,True,False,2.0
warm_nights,40723,Bojnurd,0.50,8.320570616971006,2.206471765490944,3.77098440465186,True,True,2.0
warm_nights,40723,Bojnurd,0.90,12.951849418250006,4.868034098449851,2.660591350905763,True,True,2.0
warm_nights,40723,Bojnurd,Delta1,7.958866296736524,5.8794719253817815,1.3536702611637554,True,False,2.0
warm_nights,40724,Piranshahr,0.10,12.847129740393592,4.0015776932889935,3.210516132659223,True,True,2.0
warm_nights,40724,Piranshahr,0.50,17.684284303038527,1.8536423713912145,9.54028920355653,True,True,2.0
warm_nights,40724,Piranshahr,0.90,23.283101368776038,5.032571418891712,4.626482056742179,True,True,2.0
warm_nights,40724,Piranshahr,Delta1,10.435971628382442,7.564877257613867,1.3795295380211077,True,False,2.0
warm_nights,40726,Mahabad,0.10,8.24412224818359,3.601146786315913,2.289304695801525,True,True,2.0
warm_nights,40726,Mahabad,0.50,12.10419175059917,3.809234177838166,3.1775919214997166,True,True,2.0
warm_nights,40726,Mahabad,0.90,13.028474577531387,6.452000366213139,2.0192922873589616,True,True,2.0
warm_nights,40726,Mahabad,Delta1,4.784352329347798,7.0257683605267465,0.6809721134883955,True,False,2.0
warm_nights,40727,Saqez,0.10,11.418974003794949,3.702065691200712,3.084487136718357,True,True,2.0
warm_nights,40727,Saqez,0.50,11.883057851671907,2.7994361335320237,4.244804055122043,True,True,2.0
warm_nights,40727,Saqez,0.90,13.455372009131974,3.7422763306640943,3.5955046662051866,True,True,2.0
warm_nights,40727,Saqez,Delta1,2.036398005337025,4.648039523220365,0.4381197696714334,True,False,2.0
warm_nights,40728,Takab,0.10,7.567339536139888,3.0147021103500053,2.5101450356106074,True,True,2.0
warm_nights,40728,Takab,0.50,8.980261331393912,2.729102078630046,3.2905553081773404,True,True,2.0
warm_nights,40728,Takab,0.90,10.877714875796542,1.545470511605989,7.038448675732331,True,True,2.0
warm_nights,40728,Takab,Delta1,3.3103753396566526,3.3864264314006016,0.9775423759279794,True,False,2.0
warm_nights,40729,Zanjan,0.10,8.191811209631503,2.797747127461894,2.9280027237712094,True,True,2.0
warm_nights,40729,Zanjan,0.50,13.756875840495308,6.566588247814295,2.0949807299207954,True,True,2.0
warm_nights,40729,Zanjan,0.90,21.0632405352695,6.765012938929353,3.1135550996600188,True,True,2.0
warm_nights,40729,Zanjan,Delta1,12.871429325637996,6.822360746837247,1.8866532866361565,True,False,2.0
warm_nights,40730,Khorramdareh,0.10,8.138242771452482,3.3438170042812945,2.433818226605281,True,True,2.0
warm_nights,40730,Khorramdareh,0.50,14.164117131186808,3.5452323205543386,3.9952578140131823,True,True,2.0
warm_nights,40730,Khorramdareh,0.90,24.77211833097257,3.4871455779167966,7.103838304843961,True,True,2.0
warm_nights,40730,Khorramdareh,Delta1,16.633875559520092,4.756738262575763,3.4969078896749903,True,True,2.0
warm_nights,40731,Qazvin,0.10,4.821168040104308,3.004027243044875,1.6049015704723049,True,False,2.0
warm_nights,40731,Qazvin,0.50,8.361327451674923,3.728241831111556,2.242699865094866,True,True,2.0
warm_nights,40731,Qazvin,0.90,15.079532739026886,3.7437041975718977,4.027971213325885,True,True,2.0
warm_nights,40731,Qazvin,Delta1,10.25836469892258,4.50343269817892,2.27789896872908,True,True,2.0
warm_nights,40732,Ramsar,0.10,13.45488344019436,4.721552476605085,2.849673599279523,True,True,2.0
warm_nights,40732,Ramsar,0.50,14.419949775147195,4.035576090074126,3.5732072579710246,True,True,2.0
warm_nights,40732,Ramsar,0.90,24.16854980944768,5.84677177654122,4.133657124503856,True,True,2.0
warm_nights,40732,Ramsar,Delta1,10.71366636925332,8.244985529391727,1.2994160306359834,True,False,2.0
warm_nights,40734,Nowshahr,0.10,11.779377125299844,5.751875346792058,2.0479194028204124,True,True,2.0
warm_nights,40734,Nowshahr,0.50,16.27032162042936,5.054060091379006,3.2192576515230913,True,True,2.0
warm_nights,40734,Nowshahr,0.90,22.663499471494543,4.451828036437052,5.09082994356469,True,True,2.0
warm_nights,40734,Nowshahr,Delta1,10.8841223461947,7.012504000981559,1.5521021228182144,True,False,2.0
warm_nights,40736,Babolsar,0.10,9.255033712407856,2.9069227447275336,3.1837907385720126,True,True,2.0
warm_nights,40736,Babolsar,0.50,12.311161775193364,2.5778537496739067,4.775740973183875,True,True,2.0
warm_nights,40736,Babolsar,0.90,21.941877117197414,6.605238280631879,3.321890321736945,True,True,2.0
warm_nights,40736,Babolsar,Delta1,12.686843404789563,6.960604094094847,1.8226641299068675,True,False,2.0
warm_nights,40737,Gharakhil,0.10,7.644176371966619,2.759818332724442,2.76981143335635,True,True,2.0
warm_nights,40737,Gharakhil,0.50,12.631526829830772,3.279134069484177,3.852092217692633,True,True,2.0
warm_nights,40737,Gharakhil,0.90,14.261244706922104,5.697423193265102,2.503104337374878,True,True,2.0
warm_nights,40737,Gharakhil,Delta1,6.617068334955484,5.521571097151545,1.1984031752066149,True,False,2.0
warm_nights,40738,Gorgan,0.10,4.813397825154135,5.272671567404018,0.9128954389859704,True,False,2.0
warm_nights,40738,Gorgan,0.50,5.047321216660697,4.381349918401722,1.1520013946984438,True,False,2.0
warm_nights,40738,Gorgan,0.90,3.320350853723206,3.995603882845804,0.8310010078772723,True,False,2.0
warm_nights,40738,Gorgan,Delta1,-1.493046971430929,6.199845696584234,0.24082002109399495,False,False,2.0
warm_nights,40739,Shahrud,0.10,3.1685660875153925,4.932824638554583,0.6423431440781658,True,False,2.0
warm_nights,40739,Shahrud,0.50,3.268629189382302,3.3741452253500905,0.9687280692084496,True,False,2.0
warm_nights,40739,Shahrud,0.90,7.459067778467429,6.949350430148964,1.0733474809540635,True,False,2.0
warm_nights,40739,Shahrud,Delta1,4.290501690952036,8.639069024150482,0.49663935766203005,True,False,2.0
warm_nights,40740,Quchan,0.10,-3.28315750037596,5.003557458902073,0.6561646443241568,False,False,2.0
warm_nights,40740,Quchan,0.50,-4.135237861808872,5.327515350684725,0.77620383792557,False,False,2.0
warm_nights,40740,Quchan,0.90,-2.2818422582020634,13.205767601839376,0.17279133837583474,False,False,2.0
warm_nights,40740,Quchan,Delta1,1.0013152421738962,13.082163710090397,0.07654049164677341,True,False,2.0
warm_nights,40741,Sarakhs,0.10,4.577657515161711,2.408395336505357,1.900708511503767,True,False,2.0
warm_nights,40741,Sarakhs,0.50,9.20160109787004,2.2076857113563766,4.167985076198496,True,True,2.0
warm_nights,40741,Sarakhs,0.90,11.777046820772377,4.469156983866703,2.635183069936135,True,True,2.0
warm_nights,40741,Sarakhs,Delta1,7.199389305610664,4.634411587224518,1.553463513136578,True,False,2.0
warm_nights,40742,Biyarjomand,0.10,3.2607535860052472,5.764756924416465,0.5656359199109363,True,False,2.0
warm_nights,40742,Biyarjomand,0.50,7.914087730894563,2.4670146326724285,3.207961406504312,True,True,2.0
warm_nights,40742,Biyarjomand,0.90,8.062653626216443,6.03134096919302,1.3367928736576151,True,False,2.0
warm_nights,40742,Biyarjomand,Delta1,4.801900040211196,6.520278633556328,0.7364562636170835,True,False,2.0
warm_nights,40743,Sabzevar,0.10,7.754696949314284,8.483241320479232,0.9141195748603564,True,False,2.0
warm_nights,40743,Sabzevar,0.50,6.876370690097737,5.359296619766658,1.28307335420392,True,False,2.0
warm_nights,40743,Sabzevar,0.90,8.190756436923756,4.056582339721557,2.019127371511943,True,True,2.0
warm_nights,40743,Sabzevar,Delta1,0.4360594876094728,8.488042070008214,0.05137338905873858,True,False,2.0
warm_nights,40744,Golmakan,0.10,6.1924406313695295,1.99347386155322,3.1063565722124267,True,True,2.0
warm_nights,40744,Golmakan,0.50,10.632462152959835,1.6617381792252253,6.398397946129608,True,True,2.0
warm_nights,40744,Golmakan,0.90,10.237950266701844,5.405877529393223,1.893855384446897,True,False,2.0
warm_nights,40744,Golmakan,Delta1,4.045509635332314,5.135288199008678,0.7877862894069438,True,False,2.0
warm_nights,40745,Mashhad,0.10,9.338375969426345,3.06228762586075,3.049477093714052,True,True,2.0
warm_nights,40745,Mashhad,0.50,13.153316489245448,2.10154182325747,6.258888756664051,True,True,2.0
warm_nights,40745,Mashhad,0.90,17.594048243973457,6.752684343765816,2.6054895132506166,True,True,2.0
warm_nights,40745,Mashhad,Delta1,8.255672274547113,6.993503238571189,1.1804773649084335,True,False,2.0
warm_nights,40746,Neyshabur,0.10,1.8994607454152963,5.195522045877285,0.3655957435350589,True,False,2.0
warm_nights,40746,Neyshabur,0.50,4.949131012363771,3.1026568829554533,1.5951267571841357,True,False,2.0
warm_nights,40746,Neyshabur,0.90,6.853929582020153,3.642246591639077,1.8817862573483144,True,False,2.0
warm_nights,40746,Neyshabur,Delta1,4.954468836604857,5.410684662985736,0.9156824219489573,True,False,2.0
warm_nights,40747,Sanandaj,0.10,6.967886951389569,4.941368558158569,1.4101127793605006,True,False,2.0
warm_nights,40747,Sanandaj,0.50,9.188748477902402,1.7961131355544866,5.115907398041327,True,True,2.0
warm_nights,40747,Sanandaj,0.90,8.184042593938427,2.6072026246803355,3.1390128701415594,True,True,2.0
warm_nights,40747,Sanandaj,Delta1,1.2161556425488598,5.074239159900417,0.23967251133128048,True,False,2.0
warm_nights,40748,Bijar,0.10,8.442823236514583,3.3351234493042154,2.5314874741071285,True,True,2.0
warm_nights,40748,Bijar,0.50,14.901504762797124,3.4957559836062257,4.262741688115403,True,True,2.0
warm_nights,40748,Bijar,0.90,18.59334199204214,4.192857171981464,4.434527871898695,True,True,2.0
warm_nights,40748,Bijar,Delta1,10.150518755527555,5.552987730715889,1.827938264545554,True,False,2.0
warm_nights,40749,Zarrineh,0.10,5.817076141363484,3.8773505657518967,1.5002708789720784,True,False,2.0
warm_nights,40749,Zarrineh,0.50,8.780454396279731,2.360730729159473,3.7193798885339078,True,True,2.0
warm_nights,40749,Zarrineh,0.90,11.903282295398505,5.954080695475294,1.9991805459479597,True,False,2.0
warm_nights,40749,Zarrineh,Delta1,6.086206154035022,6.827792461042569,0.8913871048016139,True,False,2.0
warm_nights,40751,Tehran (Shemiran),0.10,1.9309133945649333,3.804012461288244,0.5075991244021902,True,False,2.0
warm_nights,40751,Tehran (Shemiran),0.50,7.028593317198556,3.138468894494177,2.239497523626515,True,True,2.0
warm_nights,40751,Tehran (Shemiran),0.90,6.682698244524426,5.789995994224778,1.154180115355878,True,False,2.0
warm_nights,40751,Tehran (Shemiran),Delta1,4.751784849959493,6.645347975674405,0.7150543308422094,True,False,2.0
warm_nights,40752,Karaj,0.10,5.418313608805356,4.844335531127346,1.1184843770605701,True,False,2.0
warm_nights,40752,Karaj,0.50,10.531197303462775,4.110215509230124,2.562200760474322,True,True,2.0
warm_nights,40752,Karaj,0.90,15.162978187237126,3.529643150821025,4.295895516721028,True,True,2.0
warm_nights,40752,Karaj,Delta1,9.744664578431772,5.999585550628741,1.6242229561024522,True,False,2.0
warm_nights,40754,Tehran (Mehrabad Airport),0.10,3.24026436697914,3.575082503323941,0.906346738562396,True,False,2.0
warm_nights,40754,Tehran (Mehrabad Airport),0.50,2.849987433492702,5.570957567667596,0.5115794544968885,True,False,2.0
warm_nights,40754,Tehran (Mehrabad Airport),0.90,0.3537213024083682,5.569931913775876,0.0635054984305148,True,False,2.0
warm_nights,40754,Tehran (Mehrabad Airport),Delta1,-2.8865430645707715,5.419103287784592,0.5326606472102937,False,False,2.0
warm_nights,40755,Abali,0.10,3.283309842008773,4.202207354569955,0.7813298024044746,True,False,2.0
warm_nights,40755,Abali,0.50,6.317998020600408,3.950696387043204,1.5992112280055388,True,False,2.0
warm_nights,40755,Abali,0.90,5.846156098455778,6.893091570438381,0.8481181540555074,True,False,2.0
warm_nights,40755,Abali,Delta1,2.5628462564470063,6.7411132311735145,0.3801814579519914,True,False,2.0
warm_nights,40757,Semnan,0.10,3.1181733362616466,5.65850108193639,0.5510599522929807,True,False,2.0
warm_nights,40757,Semnan,0.50,4.558314254191079,5.119267233052553,0.8904231888424029,True,False,2.0
warm_nights,40757,Semnan,0.90,5.1281874731228125,4.925413098595753,1.04116900866343,True,False,2.0
warm_nights,40757,Semnan,Delta1,2.0100141368611664,5.513289967574475,0.3645761693440287,True,False,2.0
warm_nights,40758,Garmsar,0.10,17.071472309794355,4.421909458662386,3.860656232196673,True,True,2.0
warm_nights,40758,Garmsar,0.50,21.677610967157925,3.3121712724608017,6.544833942434501,True,True,2.0
warm_nights,40758,Garmsar,0.90,25.88697417498543,7.871232181477318,3.2888083565750965,True,True,2.0
warm_nights,40758,Garmsar,Delta1,8.815501865191074,8.381361644043274,1.0517982923999405,True,False,2.0
warm_nights,40762,Torbat-E Heydariyeh,0.10,2.858518512321404,4.209953902777199,0.6789904541319829,True,False,2.0
warm_nights,40762,Torbat-E Heydariyeh,0.50,10.0006252704409,2.0485642393968986,4.881772842713052,True,True,2.0
warm_nights,40762,Torbat-E Heydariyeh,0.90,11.641399207616391,3.764390546117567,3.092505696472657,True,True,2.0
warm_nights,40762,Torbat-E Heydariyeh,Delta1,8.782880695294986,5.3017737926357125,1.6565928760473736,True,False,2.0
warm_nights,40763,Kashmar,0.10,0.9843221751651704,4.089861371294922,0.24067372602742199,True,False,2.0
warm_nights,40763,Kashmar,0.50,8.29253147198548,2.7927402984608483,2.969317081346844,True,True,2.0
warm_nights,40763,Kashmar,0.90,8.484392357558486,3.315949979462943,2.5586611408814535,True,True,2.0
warm_nights,40763,Kashmar,Delta1,7.500070182393315,4.054529114635932,1.8498005490501372,True,False,2.0
warm_nights,40764,Ravansar,0.10,8.414779487185353,4.150710383509297,2.027310679303748,True,True,2.0
warm_nights,40764,Ravansar,0.50,9.849200076303555,2.8788403675437424,3.421238699909922,True,True,2.0
warm_nights,40764,Ravansar,0.90,9.02306841106208,3.343829629069563,2.698423488033029,True,True,2.0
warm_nights,40764,Ravansar,Delta1,0.6082889238767261,5.716283903137541,0.10641335073348085,True,False,2.0
warm_nights,40765,Sarpol-E-Zahab,0.10,11.377041371621704,3.130938936540669,3.6337474483587466,True,True,2.0
warm_nights,40765,Sarpol-E-Zahab,0.50,12.75177224355688,2.1661840377684225,5.886744626136941,True,True,2.0
warm_nights,40765,Sarpol-E-Zahab,0.90,13.476808839659862,2.6284096314845877,5.12736244694395,True,True,2.0
warm_nights,40765,Sarpol-E-Zahab,Delta1,2.099767468038159,4.17548808195024,0.5028795261361213,True,False,2.0
warm_nights,40766,Kermanshah,0.10,6.234167938581384,4.381508180486147,1.4228360833254627,True,False,2.0
warm_nights,40766,Kermanshah,0.50,8.735888457780657,2.768578273159331,3.155369867080478,True,True,2.0
warm_nights,40766,Kermanshah,0.90,13.75243517250652,4.785643498027628,2.8736856763723617,True,True,2.0
warm_nights,40766,Kermanshah,Delta1,7.518267233925137,5.279399657153382,1.424076168156388,True,False,2.0
warm_nights,40768,Hamedan (Airport),0.10,3.5940242115634065,2.5907649713033982,1.3872444051747677,True,False,2.0
warm_nights,40768,Hamedan (Airport),0.50,4.692940863035288,3.09921904413116,1.5142333588592525,True,False,2.0
warm_nights,40768,Hamedan (Airport),0.90,8.53854208986476,4.984948111838755,1.712864787817264,True,False,2.0
warm_nights,40768,Hamedan (Airport),Delta1,4.944517878301354,5.402415268611615,0.9152420968134983,True,False,2.0
warm_nights,40769,Arak,0.10,5.314584966575186,4.097561387035928,1.2970116770891433,True,False,2.0
warm_nights,40769,Arak,0.50,9.5055699456539,3.7733101606713264,2.5191594491036278,True,True,2.0
warm_nights,40769,Arak,0.90,12.338518827352754,3.0542489563785664,4.039788178231083,True,True,2.0
warm_nights,40769,Arak,Delta1,7.02393386077757,4.006321414164747,1.7532127691861554,True,False,2.0
warm_nights,40770,Qom,0.10,7.21551075317466,3.7997439325179543,1.8989465820116986,True,False,2.0
warm_nights,40770,Qom,0.50,11.4426358057922,3.994393612306068,2.8646740698110786,True,True,2.0
warm_nights,40770,Qom,0.90,14.994040145734036,5.8784918463590685,2.5506610432777617,True,True,2.0
warm_nights,40770,Qom,Delta1,7.778529392559376,4.795791699696038,1.6219489668519977,True,False,2.0
warm_nights,40771,Kangavar,0.10,4.065805802836551,1.597261842578752,2.5454848381480004,True,True,2.0
warm_nights,40771,Kangavar,0.50,6.03694796373713,2.521039250986017,2.394626724425646,True,True,2.0
warm_nights,40771,Kangavar,0.90,9.217525296615747,2.7214841485589285,3.386948000963585,True,True,2.0
warm_nights,40771,Kangavar,Delta1,5.151719493779199,2.770835165388107,1.8592659563917453,True,False,2.0
warm_nights,40772,Qorveh,0.10,10.554650092443929,1.524952922540766,6.921295691448976,True,True,2.0
warm_nights,40772,Qorveh,0.50,16.39356671554037,2.731166882502086,6.002403888451459,True,True,2.0
warm_nights,40772,Qorveh,0.90,19.974420423932106,3.4930809943251995,5.718281498877985,True,True,2.0
warm_nights,40772,Qorveh,Delta1,9.419770331488175,3.328881021540306,2.8297107257770224,True,True,2.0
warm_nights,40774,Borujerd,0.10,11.436130117805424,3.5135311557878826,3.2548822283720322,True,True,2.0
warm_nights,40774,Borujerd,0.50,17.204419699785007,4.251504386100814,4.046666341455597,True,True,2.0
warm_nights,40774,Borujerd,0.90,19.497201755293464,3.738367645785222,5.215431868311655,True,True,2.0
warm_nights,40774,Borujerd,Delta1,8.06107163748804,4.4029501166674025,1.830834196138809,True,False,2.0
warm_nights,40778,Gonabad,0.10,5.699985456026136,3.7225148210206034,1.5312190092136069,True,False,2.0
warm_nights,40778,Gonabad,0.50,9.301150290735183,3.022098114309984,3.07771287990061,True,True,2.0
warm_nights,40778,Gonabad,0.90,13.37598078925529,2.490852627312615,5.370041022333248,True,True,2.0
warm_nights,40778,Gonabad,Delta1,7.675995333229152,4.447267910364123,1.726002455426769,True,False,2.0
warm_nights,40779,Eslamabad-E-Gharb,0.10,10.720290953742824,1.9520652357714732,5.4917687981396135,True,True,2.0
warm_nights,40779,Eslamabad-E-Gharb,0.50,9.871858339264154,3.5686991637182013,2.7662343858031275,True,True,2.0
warm_nights,40779,Eslamabad-E-Gharb,0.90,6.214495438159172,4.130691765375394,1.5044684501154988,True,False,2.0
warm_nights,40779,Eslamabad-E-Gharb,Delta1,-4.505795515583652,4.486507168714019,1.0042991900256255,False,False,2.0
warm_nights,40780,Ilam,0.10,-4.0928315152296415,7.702774446337949,0.5313451073691318,False,False,2.0
warm_nights,40780,Ilam,0.50,-8.007882978363147,7.312881815705066,1.0950379317173573,False,False,2.0
warm_nights,40780,Ilam,0.90,-19.65850833984476,9.498419214600297,2.0696610557709536,False,False,2.0
warm_nights,40780,Ilam,Delta1,-15.565676824615116,9.288931200478531,1.6757231255855602,False,False,2.0
warm_nights,40782,Khorramabad,0.10,9.488266099986742,3.170961423755007,2.9922363699873946,True,True,2.0
warm_nights,40782,Khorramabad,0.50,10.950855868591027,3.4481263670241744,3.1758858878602845,True,True,2.0
warm_nights,40782,Khorramabad,0.90,10.664720857324705,3.169158718903545,3.3651583285214723,True,True,2.0
warm_nights,40782,Khorramabad,Delta1,1.176454757337965,4.483761075505785,0.2623812325248076,True,False,2.0
warm_nights,40783,Aligudarz,0.10,7.951625283632466,3.1292202412076904,2.541088408837474,True,True,2.0
warm_nights,40783,Aligudarz,0.50,11.829556796848204,3.881009825591338,3.0480615428603737,True,True,2.0
warm_nights,40783,Aligudarz,0.90,10.209965362956062,4.698423715878151,2.173061856565183,True,True,2.0
warm_nights,40783,Aligudarz,Delta1,2.258340079323595,4.735130820430231,0.4769329855850537,True,False,2.0
warm_nights,40785,Kashan,0.10,7.547019020199475,5.214259917651923,1.4473806713490487,True,False,2.0
warm_nights,40785,Kashan,0.50,13.700445699387776,5.139113239420841,2.6659162896616313,True,True,2.0
warm_nights,40785,Kashan,0.90,14.934559321690616,4.456505794842674,3.3511813984341163,True,True,2.0
warm_nights,40785,Kashan,Delta1,7.387540301491144,5.681176675197156,1.3003539097355692,True,False,2.0
warm_nights,40787,Daran,0.10,3.331591375105253,7.641836281112926,0.43596738434967536,True,False,2.0
warm_nights,40787,Daran,0.50,10.53748046042064,4.369726618709413,2.4114736183502616,True,True,2.0
warm_nights,40787,Daran,0.90,12.83358932007004,5.256461630095207,2.4414882525904775,True,True,2.0
warm_nights,40787,Daran,Delta1,9.501997944964788,8.75091273158467,1.0858293570531479,True,False,2.0
warm_nights,40789,Khur-Va-Biabanak,0.10,9.87822219389249,2.4293041417671986,4.066276438612817,True,True,2.0
warm_nights,40789,Khur-Va-Biabanak,0.50,16.993120992058493,1.9039274037823453,8.92529881039578,True,True,2.0
warm_nights,40789,Khur-Va-Biabanak,0.90,16.603689888722275,1.227523225096592,13.526171683974253,True,True,2.0
warm_nights,40789,Khur-Va-Biabanak,Delta1,6.725467694829783,2.6174374421288142,2.5694855535343093,True,True,2.0
warm_nights,40790,Robat-E-Poshtebadam,0.10,1.2313106704615375,4.722152917093252,0.2607519688751371,True,False,2.0
warm_nights,40790,Robat-E-Poshtebadam,0.50,5.335509757653206,2.5086036939068084,2.126884278538184,True,True,2.0
warm_nights,40790,Robat-E-Poshtebadam,0.90,6.320613198023117,3.1391520048980333,2.013477903638,True,True,2.0
warm_nights,40790,Robat-E-Poshtebadam,Delta1,5.089302527561578,4.727547253597888,1.0765207103299448,True,False,2.0
warm_nights,40791,Tabas,0.10,8.150285992541265,4.147999495477301,1.9648715004492616,True,False,2.0
warm_nights,40791,Tabas,0.50,13.38838908954942,1.905516367586084,7.026121274680987,True,True,2.0
warm_nights,40791,Tabas,0.90,17.86461950416383,4.281926055733248,4.172099020776913,True,True,2.0
warm_nights,40791,Tabas,Delta1,9.714333511622565,5.472650930011158,1.7750690909867257,True,False,2.0
warm_nights,40792,Ferdows,0.10,8.443332104612018,2.982842712774368,2.8306326942592293,True,True,2.0
warm_nights,40792,Ferdows,0.50,15.991385772357342,1.766694754712057,9.051583885504705,True,True,2.0
warm_nights,40792,Ferdows,0.90,20.63620935765156,3.1771900557344,6.495113290565032,True,True,2.0
warm_nights,40792,Ferdows,Delta1,12.192877253039544,4.341558618277819,2.8084101413966707,True,True,2.0
warm_nights,40793,Qaen,0.10,4.512418162137911,3.135170618257794,1.4392895033717337,True,False,2.0
warm_nights,40793,Qaen,0.50,10.770679340223632,3.204276780805504,3.3613448765546576,True,True,2.0
warm_nights,40793,Qaen,0.90,13.879646998988896,3.850979657291907,3.604186008281687,True,True,2.0
warm_nights,40793,Qaen,Delta1,9.367228836850986,4.539433465643018,2.0635237651895184,True,True,2.0
warm_nights,40794,Safiabad (Dezful),0.10,9.477327792467689,1.7032632381107222,5.5642178968061575,True,True,2.0
warm_nights,40794,Safiabad (Dezful),0.50,8.630168503152632,2.8158915352430225,3.064808567780227,True,True,2.0
warm_nights,40794,Safiabad (Dezful),0.90,12.631953471675033,6.134368531138721,2.059210073140188,True,True,2.0
warm_nights,40794,Safiabad (Dezful),Delta1,3.1546256792073444,6.22097416345553,0.5070951263129925,True,False,2.0
warm_nights,40796,Dehloran,0.10,7.842043789672757,2.591163415273968,3.0264566655451968,True,True,2.0
warm_nights,40796,Dehloran,0.50,10.64351770075924,2.184053490150731,4.873286184957258,True,True,2.0
warm_nights,40796,Dehloran,0.90,15.063953893350195,6.517615171863031,2.3112677714361327,True,True,2.0
warm_nights,40796,Dehloran,Delta1,7.221910103677439,6.50890241282411,1.109543459961626,True,False,2.0
warm_nights,40797,Kuhrang,0.10,3.957275915466781,1.6276527808938352,2.4312777036473463,True,True,2.0
warm_nights,40797,Kuhrang,0.50,10.216675465664526,1.9615382942080768,5.208501662104568,True,True,2.0
warm_nights,40797,Kuhrang,0.90,8.68547635712852,1.739011579070297,4.994490238973516,True,True,2.0
warm_nights,40797,Kuhrang,Delta1,4.72820044166174,2.7013496780696094,1.7503104022580753,True,False,2.0
warm_nights,40798,Shahrekord,0.10,-2.4573747078328,6.544493508553608,0.3754873779951081,False,False,2.0
warm_nights,40798,Shahrekord,0.50,-3.2391545129639563,5.198264535039637,0.6231222922823526,False,False,2.0
warm_nights,40798,Shahrekord,0.90,-7.15620932661859,6.000766354773896,1.192549235136523,False,False,2.0
warm_nights,40798,Shahrekord,Delta1,-4.69883461878579,6.0567570045344565,0.7758004184859912,False,False,2.0
warm_nights,40799,Ardestan,0.10,3.8651460987360338,3.7967787467829126,1.0180066726329655,True,False,2.0
warm_nights,40799,Ardestan,0.50,9.152465410443709,2.5409931677147224,3.6019244469968825,True,True,2.0
warm_nights,40799,Ardestan,0.90,9.224402674202048,1.9702426086187284,4.681861327051987,True,True,2.0
warm_nights,40799,Ardestan,Delta1,5.359256575466013,4.205507539955464,1.274342400899076,True,False,2.0
warm_nights,40800,Esfahan,0.10,13.22980857673025,5.169773183420254,2.559069442187323,True,True,2.0
warm_nights,40800,Esfahan,0.50,14.736968748499132,2.7975774436880294,5.267760784155978,True,True,2.0
warm_nights,40800,Esfahan,0.90,18.06222875236082,3.3486027721978675,5.393959803869365,True,True,2.0
warm_nights,40800,Esfahan,Delta1,4.8324201756305705,5.531294521446479,0.8736508527784655,True,False,2.0
warm_nights,40801,Naein,0.10,6.126180587668325,3.41542095112859,1.7936824407088074,True,False,2.0
warm_nights,40801,Naein,0.50,11.201895491926638,2.1026493309903995,5.327514829422493,True,True,2.0
warm_nights,40801,Naein,0.90,13.291143962872145,3.169482456485302,4.193474532624781,True,True,2.0
warm_nights,40801,Naein,Delta1,7.164963375203815,5.029010435790256,1.4247262889359895,True,False,2.0
warm_nights,40802,Esfahan (Airport),0.10,3.8871808424015057,4.108090594325805,0.9462256863980981,True,False,2.0
warm_nights,40802,Esfahan (Airport),0.50,3.1193241999058308,4.133444763983284,0.7546548648928422,True,False,2.0
warm_nights,40802,Esfahan (Airport),0.90,3.088912987794057,8.746153538589386,0.3531738808569154,True,False,2.0
warm_nights,40802,Esfahan (Airport),Delta1,-0.7982678546074482,8.064233628053168,0.09898868155685644,False,False,2.0
warm_nights,40803,Kabutarabad,0.10,11.731850452977676,2.543795203236057,4.6119477063456795,True,True,2.0
warm_nights,40803,Kabutarabad,0.50,16.62699507547376,3.9548209469591695,4.204234603404265,True,True,2.0
warm_nights,40803,Kabutarabad,0.90,20.863719303346883,5.093815127484179,4.095892524794361,True,True,2.0
warm_nights,40803,Kabutarabad,Delta1,9.13186885036921,4.937730521383995,1.8494060805508767,True,False,2.0
warm_nights,40809,Birjand,0.10,0.6997657380113783,4.400596867265689,0.1590160969337275,True,False,2.0
warm_nights,40809,Birjand,0.50,4.714843335877273,3.6236013899226047,1.3011484510932854,True,False,2.0
warm_nights,40809,Birjand,0.90,7.050252021448989,4.775193309454567,1.4764327985403138,True,False,2.0
warm_nights,40809,Birjand,Delta1,6.350486283437613,5.038709065520608,1.2603399404211224,True,False,2.0
warm_nights,40810,Bostan,0.10,11.7784484017257,5.661051774117576,2.080611319539059,True,True,2.0
warm_nights,40810,Bostan,0.50,18.832748894439536,2.0263661045770216,9.293853095894848,True,True,2.0
warm_nights,40810,Bostan,0.90,24.1927492353968,6.285401947152491,3.8490377288213,True,True,2.0
warm_nights,40810,Bostan,Delta1,12.414300833671096,7.594774297263647,1.6345845640394996,True,False,2.0
warm_nights,40811,Ahvaz,0.10,13.203043945652512,2.9630599491893617,4.455881477951406,True,True,2.0
warm_nights,40811,Ahvaz,0.50,13.69348159237694,2.632868483956091,5.200974403325081,True,True,2.0
warm_nights,40811,Ahvaz,0.90,18.407881647710184,4.764926928220457,3.863203344984961,True,True,2.0
warm_nights,40811,Ahvaz,Delta1,5.204837702057671,5.949624318193974,0.8748178748263579,True,False,2.0
warm_nights,40812,Masjedsoleyman,0.10,11.293618312538571,2.409704395655064,4.6867235387469455,True,True,2.0
warm_nights,40812,Masjedsoleyman,0.50,11.912149022313857,4.78246046004985,2.4907992699200885,True,True,2.0
warm_nights,40812,Masjedsoleyman,0.90,12.336983345938355,6.181724235369305,1.9957188118083895,True,False,2.0
warm_nights,40812,Masjedsoleyman,Delta1,1.0433650333997844,6.466376076492039,0.16135235888813354,True,False,2.0
warm_nights,40813,Ramhormoz,0.10,13.176639829332908,2.297473609640849,5.735273638852695,True,True,2.0
warm_nights,40813,Ramhormoz,0.50,16.224647114162114,3.437011438125415,4.720568262935784,True,True,2.0
warm_nights,40813,Ramhormoz,0.90,19.605483218827047,6.942913872088152,2.8238119584984136,True,True,2.0
warm_nights,40813,Ramhormoz,Delta1,6.428843389494141,6.335868836623666,1.0146743178035895,True,False,2.0
warm_nights,40818,Abadeh,0.10,8.706230700799743,2.253873422220244,3.8627859998559346,True,True,2.0
warm_nights,40818,Abadeh,0.50,14.62060159505782,2.9143327190293102,5.016792180107551,True,True,2.0
warm_nights,40818,Abadeh,0.90,15.945336093434111,2.316081640255488,6.884617457472343,True,True,2.0
warm_nights,40818,Abadeh,Delta1,7.239105392634371,3.296389579308935,2.196070949281425,True,True,2.0
warm_nights,40821,Yazd,0.10,9.088940724244331,2.9411601411153803,3.0902570034141426,True,True,2.0
warm_nights,40821,Yazd,0.50,15.274812576211296,2.613659007879976,5.844225482420981,True,True,2.0
warm_nights,40821,Yazd,0.90,17.077771762758836,2.265722663471056,7.537450208754112,True,True,2.0
warm_nights,40821,Yazd,Delta1,7.988831038514502,3.9316868230743736,2.031909304583841,True,True,2.0
warm_nights,40827,Nehbandan,0.10,4.697601781022155,2.960154644178905,1.5869447193442785,True,False,2.0
warm_nights,40827,Nehbandan,0.50,5.980363034645741,2.6198669839492204,2.28269720229493,True,True,2.0
warm_nights,40827,Nehbandan,0.90,6.1283607374432565,5.137156530558453,1.1929480250384839,True,False,2.0
warm_nights,40827,Nehbandan,Delta1,1.4307589564211016,5.97578474332318,0.23942612022959942,True,False,2.0
warm_nights,40829,Zabol,0.10,6.927085813305435,3.458410394983432,2.0029681333810068,True,True,2.0
warm_nights,40829,Zabol,0.50,12.733016668159088,3.112222477780742,4.091293845174823,True,True,2.0
warm_nights,40829,Zabol,0.90,16.92789669436116,7.187882630096925,2.355060254250826,True,True,2.0
warm_nights,40829,Zabol,Delta1,10.000810881055724,7.525385155128626,1.3289433929159187,True,False,2.0
warm_nights,40831,Abadan,0.10,16.79425122200269,3.043916026568126,5.517317519740328,True,True,2.0
warm_nights,40831,Abadan,0.50,17.79886046581126,3.32591446532348,5.351568914770674,True,True,2.0
warm_nights,40831,Abadan,0.90,19.786785883960263,6.308838596587253,3.1363595027877023,True,True,2.0
warm_nights,40831,Abadan,Delta1,2.992534661957575,7.128437704918531,0.41980231655707173,True,False,2.0
warm_nights,40832,Bandar-E- Mahshahr,0.10,12.748217506263032,1.995366926199428,6.388908896342459,True,True,2.0
warm_nights,40832,Bandar-E- Mahshahr,0.50,17.247458755926623,3.3960472615263244,5.078686316095289,True,True,2.0
warm_nights,40832,Bandar-E- Mahshahr,0.90,21.435390854377538,3.937967898822537,5.443261957718542,True,True,2.0
warm_nights,40832,Bandar-E- Mahshahr,Delta1,8.687173348114506,4.055440968350438,2.142103267169005,True,True,2.0
warm_nights,40833,Omidiyeh (Aghajari),0.10,9.428074575468642,2.9537207479914698,3.1919315940343154,True,True,2.0
warm_nights,40833,Omidiyeh (Aghajari),0.50,14.875918266192617,3.953423738852573,3.762793783018602,True,True,2.0
warm_nights,40833,Omidiyeh (Aghajari),0.90,16.63785883738394,5.04506453818698,3.297848562976561,True,True,2.0
warm_nights,40833,Omidiyeh (Aghajari),Delta1,7.209784261915299,5.510036072445154,1.3084822253651522,True,False,2.0
warm_nights,40835,Dogonbadan,0.10,7.992270167865471,4.398873882920537,1.816890045176557,True,False,2.0
warm_nights,40835,Dogonbadan,0.50,9.213363974077993,5.166910990929281,1.7831474144324184,True,False,2.0
warm_nights,40835,Dogonbadan,0.90,15.361500688439572,8.669095627433608,1.7719842240322798,True,False,2.0
warm_nights,40835,Dogonbadan,Delta1,7.369230520574103,8.43892507577154,0.8732427950724947,True,False,2.0
warm_nights,40836,Yasuj,0.10,1.3796828035979465,7.630560120822803,0.18081016095174612,True,False,2.0
warm_nights,40836,Yasuj,0.50,-1.7790966948123563,8.738011994082635,0.20360428619429194,False,False,2.0
warm_nights,40836,Yasuj,0.90,-10.389168742832318,11.113102521733945,0.9348576351666129,False,False,2.0
warm_nights,40836,Yasuj,Delta1,-11.768851546430264,9.92040873825434,1.1863272831741396,False,False,2.0
warm_nights,40839,Anar,0.10,9.220962458324932,4.572229906691805,2.0167320205900743,True,True,2.0
warm_nights,40839,Anar,0.50,8.908509915077046,3.03559580057462,2.9346825138546833,True,True,2.0
warm_nights,40839,Anar,0.90,12.134158173865206,2.991023337631809,4.056858407354528,True,True,2.0
warm_nights,40839,Anar,Delta1,2.913195715540273,4.885887351018008,0.5962470082191496,True,False,2.0
warm_nights,40841,Kerman,0.10,7.532123880235719,3.9267198114803215,1.9181719709703984,True,False,2.0
warm_nights,40841,Kerman,0.50,9.688392137070084,2.899732185736006,3.3411334276758353,True,True,2.0
warm_nights,40841,Kerman,0.90,8.486216197798,3.0022406852817998,2.826627538358557,True,True,2.0
warm_nights,40841,Kerman,Delta1,0.954092317562282,4.187260267714492,0.22785598614892136,True,False,2.0
warm_nights,40844,Dorudzan,0.10,-5.555242066257058,6.047148500818872,0.9186548115206362,False,False,2.0
warm_nights,40844,Dorudzan,0.50,-6.051284717304562,5.956962624018479,1.01583392397088,False,False,2.0
warm_nights,40844,Dorudzan,0.90,-5.347580548082701,3.0184118491447167,1.7716537090847846,False,False,2.0
warm_nights,40844,Dorudzan,Delta1,0.2076615181743569,5.979665542687502,0.034727948694104636,True,False,2.0
warm_nights,40847,Zarqan,0.10,8.953780196156744,5.963585585352255,1.501408853450347,True,False,2.0
warm_nights,40847,Zarqan,0.50,14.593190942131464,5.445000797123509,2.680108136961297,True,True,2.0
warm_nights,40847,Zarqan,0.90,16.011927973142907,3.6364139678478766,4.403219246960262,True,True,2.0
warm_nights,40847,Zarqan,Delta1,7.058147776986163,5.4444320747498285,1.2963974350456902,True,False,2.0
warm_nights,40848,Shiraz,0.10,-0.049022349900845,6.116671437657995,0.008014546865969167,False,False,2.0
warm_nights,40848,Shiraz,0.50,-5.482588505030469,8.529439352854991,0.6427841594530272,False,False,2.0
warm_nights,40848,Shiraz,0.90,-14.126197132125654,7.540456446940127,1.8733875371507491,False,False,2.0
warm_nights,40848,Shiraz,Delta1,-14.077174782224809,6.590562162237916,2.135959639813899,False,False,2.0
warm_nights,40849,Shahrebabak,0.10,3.249160063672402,3.180452541859268,1.0216030646295913,True,False,2.0
warm_nights,40849,Shahrebabak,0.50,2.6116124064018784,2.759922150560171,0.9462630697289086,True,False,2.0
warm_nights,40849,Shahrebabak,0.90,6.404679237865967,3.6724846480011992,1.7439635156410531,True,False,2.0
warm_nights,40849,Shahrebabak,Delta1,3.1555191741935653,4.31676475398549,0.73099169262819,True,False,2.0
warm_nights,40851,Sirjan,0.10,7.223573572802316,6.549293387004326,1.1029546465479703,True,False,2.0
warm_nights,40851,Sirjan,0.50,11.544855621474431,3.328216935034461,3.468780985983083,True,True,2.0
warm_nights,40851,Sirjan,0.90,11.92947816512966,5.474571816473632,2.179070540134747,True,True,2.0
warm_nights,40851,Sirjan,Delta1,4.705904592327342,6.880852045769726,0.683913062077898,True,False,2.0
warm_nights,40853,Baft,0.10,12.597100831039151,2.7783290646880263,4.534056455423381,True,True,2.0
warm_nights,40853,Baft,0.50,12.863691337767827,2.166607125572986,5.937251468406329,True,True,2.0
warm_nights,40853,Baft,0.90,17.386523428524026,2.7102044691121843,6.415207275567496,True,True,2.0
warm_nights,40853,Baft,Delta1,4.78942259748487,3.6795406686476073,1.3016359999209337,True,False,2.0
warm_nights,40854,Bam,0.10,10.164582956420295,4.011218180912823,2.534038912365312,True,True,2.0
warm_nights,40854,Bam,0.50,14.36319305418384,3.550324726091588,4.045599814751512,True,True,2.0
warm_nights,40854,Bam,0.90,21.167495942806763,5.979043866820383,3.540281090806497,True,True,2.0
warm_nights,40854,Bam,Delta1,11.002912986386466,6.381142240344606,1.7242858052623924,True,False,2.0
warm_nights,40856,Zahedan,0.10,4.810516121314109,1.843602663772085,2.6093020019137962,True,True,2.0
warm_nights,40856,Zahedan,0.50,5.848506871525401,3.5476334314762514,1.6485657226123567,True,False,2.0
warm_nights,40856,Zahedan,0.90,7.081515966831485,3.242181269973095,2.184182615702499,True,True,2.0
warm_nights,40856,Zahedan,Delta1,2.270999845517376,3.0997337131611413,0.7326435286602042,True,False,2.0
warm_nights,40857,Bushehr (Coastal),0.10,11.080649169717278,4.742061355758818,2.3366735135682717,True,True,2.0
warm_nights,40857,Bushehr (Coastal),0.50,12.673155665602202,3.51082747770458,3.609734669699025,True,True,2.0
warm_nights,40857,Bushehr (Coastal),0.90,11.225753703304164,6.295858241136713,1.7830378755919005,True,False,2.0
warm_nights,40857,Bushehr (Coastal),Delta1,0.1451045335868821,6.740614080149901,0.02152690123800341,True,False,2.0
warm_nights,40858,Bushehr (Airport),0.10,17.588234721271455,2.475059503475161,7.106186617564673,True,True,2.0
warm_nights,40858,Bushehr (Airport),0.50,19.606252370051507,2.258741423778676,8.680166823722553,True,True,2.0
warm_nights,40858,Bushehr (Airport),0.90,21.71217094658271,2.981674030930657,7.281872773934911,True,True,2.0
warm_nights,40858,Bushehr (Airport),Delta1,4.123936225311249,4.308876486838952,0.9570792381511549,True,False,2.0
warm_nights,40859,Fasa,0.10,10.756074518872662,4.317523566091703,2.491260175936746,True,True,2.0
warm_nights,40859,Fasa,0.50,15.866675027593413,3.6093289250723153,4.3960180291064805,True,True,2.0
warm_nights,40859,Fasa,0.90,19.93601819766068,4.038491039833344,4.936501777773754,True,True,2.0
warm_nights,40859,Fasa,Delta1,9.179943678788014,4.281573252824929,2.144058535663544,True,True,2.0
warm_nights,40870,Khash,0.10,7.93179330622587,4.1048997850439255,1.9322745308241416,True,False,2.0
warm_nights,40870,Khash,0.50,8.775091827047497,3.132545674298572,2.8012654050167627,True,True,2.0
warm_nights,40870,Khash,0.90,12.388656509270405,4.706033422139738,2.632504999005624,True,True,2.0
warm_nights,40870,Khash,Delta1,4.456863203044533,5.526387511379951,0.8064695416068723,True,False,2.0
warm_nights,40873,Lar,0.10,7.716931186551863,3.451652136592734,2.2357210058165244,True,True,2.0
warm_nights,40873,Lar,0.50,10.800586066497424,2.8592654693940003,3.777398839704984,True,True,2.0
warm_nights,40873,Lar,0.90,13.22470165940564,4.211017437155413,3.140500331990804,True,True,2.0
warm_nights,40873,Lar,Delta1,5.507770472853776,4.7502563815380014,1.1594680435060039,True,False,2.0
warm_nights,40875,Bandarabbas,0.10,7.941206594033252,4.656442297266312,1.7054236017689617,True,False,2.0
warm_nights,40875,Bandarabbas,0.50,6.952058226064962,1.603430503958768,4.33574028241372,True,True,2.0
warm_nights,40875,Bandarabbas,0.90,9.381511986178902,6.58186656579145,1.4253573651794023,True,False,2.0
warm_nights,40875,Bandarabbas,Delta1,1.440305392145651,7.723688868866895,0.18647895022692068,True,False,2.0
warm_nights,40876,Minab,0.10,8.70248394789028,4.548709012295241,1.9131766671306762,True,False,2.0
warm_nights,40876,Minab,0.50,10.094765847505217,4.603717828375675,2.192742088857983,True,True,2.0
warm_nights,40876,Minab,0.90,16.367520158133843,5.229124265371728,3.1300690761018486,True,True,2.0
warm_nights,40876,Minab,Delta1,7.665036210243561,5.373477887614966,1.4264571978439293,True,False,2.0
warm_nights,40877,Kahnuj,0.10,9.198422466137544,2.8229582619903235,3.258433746608852,True,True,2.0
warm_nights,40877,Kahnuj,0.50,9.523972567332358,3.138434444845522,3.0346252995579586,True,True,2.0
warm_nights,40877,Kahnuj,0.90,12.724919114515323,5.191475275045679,2.4511181196761758,True,True,2.0
warm_nights,40877,Kahnuj,Delta1,3.526496648377777,5.545730200624836,0.6358940159008182,True,False,2.0
warm_nights,40878,Saravan,0.10,5.554232837641012,2.653799992114976,2.092935735226415,True,True,2.0
warm_nights,40878,Saravan,0.50,5.895511341936854,1.8191428620681307,3.240818225367093,True,True,2.0
warm_nights,40878,Saravan,0.90,8.628348279339432,5.792388406631906,1.4896011236851,True,False,2.0
warm_nights,40878,Saravan,Delta1,3.074115441698419,5.8927401610055385,0.5216784310363773,True,False,2.0
warm_nights,40879,Iranshahr,0.10,7.635403729223749,2.7207329492297463,2.8063774988961603,True,True,2.0
warm_nights,40879,Iranshahr,0.50,8.016838453587207,2.5030533856349213,3.20282359920728,True,True,2.0
warm_nights,40879,Iranshahr,0.90,8.773159144692046,7.186617551644121,1.2207633259522714,True,False,2.0
warm_nights,40879,Iranshahr,Delta1,1.1377554154682976,7.353653265789854,0.1547197528011394,True,False,2.0
warm_nights,40882,Kish Island,0.10,7.626972866517437,3.394970962053042,2.2465502508761297,True,True,2.0
warm_nights,40882,Kish Island,0.50,14.657451944696923,3.822595287313203,3.834424217845788,True,True,2.0
warm_nights,40882,Kish Island,0.90,15.152760853213396,6.427183108753117,2.357605283188058,True,True,2.0
warm_nights,40882,Kish Island,Delta1,7.525787986695961,6.66228183406448,1.1296111713882087,True,False,2.0
warm_nights,40883,Bandar-E-Lengeh,0.10,3.46638180916616,6.521986949549048,0.531491681289831,True,False,2.0
warm_nights,40883,Bandar-E-Lengeh,0.50,3.593500774805889,8.112585468944474,0.4429538263186321,True,False,2.0
warm_nights,40883,Bandar-E-Lengeh,0.90,2.389160889023109,9.201072255877152,0.2596611375915498,True,False,2.0
warm_nights,40883,Bandar-E-Lengeh,Delta1,-1.0772209201430512,8.626115663387374,0.1248790257607141,False,False,2.0
warm_nights,40889,Siri Island,0.10,8.89010988879287,4.751151905073253,1.871148316537735,True,False,2.0
warm_nights,40889,Siri Island,0.50,7.352263972098968,4.991309613297352,1.4730130049459957,True,False,2.0
warm_nights,40889,Siri Island,0.90,9.864184082204469,7.034426523074435,1.4022726728110413,True,False,2.0
warm_nights,40889,Siri Island,Delta1,0.9740741934115982,6.995216506105938,0.13924861261425645,True,False,2.0
warm_nights,40890,Abumusa Island,0.10,2.571655945635941,3.4007479009447628,0.7562030531347261,True,False,2.0
warm_nights,40890,Abumusa Island,0.50,4.280109445278436,6.913954682157075,0.6190537314807928,True,False,2.0
warm_nights,40890,Abumusa Island,0.90,11.477737912484312,11.620784984826066,0.9876904122631527,True,False,2.0
warm_nights,40890,Abumusa Island,Delta1,8.90608196684837,10.659422524642292,0.8355126130200229,True,False,2.0
warm_nights,40893,Jask,0.10,4.239327998896211,4.90349654629542,0.8645520515557441,True,False,2.0
warm_nights,40893,Jask,0.50,4.352590382792199,3.481962711221915,1.2500393438345458,True,False,2.0
warm_nights,40893,Jask,0.90,7.952373344735336,6.172664607004264,1.288320984702716,True,False,2.0
warm_nights,40893,Jask,Delta1,3.713045345839123,8.048997663886317,0.4613053079265455,True,False,2.0
warm_nights,40898,Chahbahar,0.10,12.212339285606092,2.3990612415036794,5.090465834857831,True,True,2.0
warm_nights,40898,Chahbahar,0.50,16.2625154261742,5.113689352234256,3.1801922850610462,True,True,2.0
warm_nights,40898,Chahbahar,0.90,24.121630899152372,5.511443649497117,4.376644747398136,True,True,2.0
warm_nights,40898,Chahbahar,Delta1,11.909291613546284,5.43719119430814,2.1903389430214237,True,True,2.0
warm_nights,88187,Jam,0.10,11.496882038969456,7.067922703871175,1.626628150966124,True,False,2.0
warm_nights,88187,Jam,0.50,15.603589112874262,7.250207016571621,2.152157735249424,True,True,2.0
warm_nights,88187,Jam,0.90,19.377207189735312,4.879647976977798,3.971025631594137,True,True,2.0
warm_nights,88187,Jam,Delta1,7.880325150765857,7.427502107731112,1.0609657239361012,True,False,2.0
warm_nights,99331,Tehran (Geophysic),0.10,-2.1556266198479093,6.547157340184591,0.32924619156733653,False,False,2.0
warm_nights,99331,Tehran (Geophysic),0.50,-5.589296771434358,6.785484461957916,0.8237137381671339,False,False,2.0
warm_nights,99331,Tehran (Geophysic),0.90,-8.842267174253024,11.411326058161256,0.7748676296852574,False,False,2.0
warm_nights,99331,Tehran (Geophysic),Delta1,-6.686640554405114,10.357046695760358,0.6456126684397668,False,False,2.0
warm_nights,99407,Boshruyeh,0.10,5.796441735363655,2.4175960200402304,2.3976055913870997,True,True,2.0
warm_nights,99407,Boshruyeh,0.50,10.24515234136894,3.3524678076463044,3.0560031980029185,True,True,2.0
warm_nights,99407,Boshruyeh,0.90,15.603265841140992,3.348004811936643,4.660466969913144,True,True,2.0
warm_nights,99407,Boshruyeh,Delta1,9.806824105777336,4.0591969699580615,2.415951770351922,True,True,2.0
warm_nights,99421,Natanz,0.10,5.198320258465444,4.307954175057116,1.206679562322996,True,False,2.0
warm_nights,99421,Natanz,0.50,11.112916810316417,3.378081915096601,3.2897120583882073,True,True,2.0
warm_nights,99421,Natanz,0.90,8.707902171958327,5.187440709868204,1.6786509300035097,True,False,2.0
warm_nights,99421,Natanz,Delta1,3.5095819134928843,6.241502517420911,0.5622976044145056,True,False,2.0
warm_nights,99459,Borujen,0.10,9.166626218340047,6.521225206181318,1.4056601219125535,True,False,2.0
warm_nights,99459,Borujen,0.50,11.974866705011356,2.650011422120212,4.518798147454983,True,True,2.0
warm_nights,99459,Borujen,0.90,15.276661632370246,2.489986904331717,6.135237741931145,True,True,2.0
warm_nights,99459,Borujen,Delta1,6.1100354140302,6.515598852132823,0.9377550019105512,True,False,2.0
warm_nights,99623,Zahak,0.10,4.330404554407073,5.8703220967190415,0.7376775044128093,True,False,2.0
warm_nights,99623,Zahak,0.50,6.54466820367212,4.694744025863108,1.3940415425458497,True,False,2.0
warm_nights,99623,Zahak,0.90,13.02896860007981,11.094108379813326,1.174404301276444,True,False,2.0
warm_nights,99623,Zahak,Delta1,8.69856404567274,11.87629163936878,0.7324309902291237,True,False,2.0
cool_days,19996,Bahookalat,0.10,-5.419170791461031,3.4877982176782063,1.5537512359498025,True,False,2.0
cool_days,19996,Bahookalat,0.50,-7.7640274157458835,6.28233883622269,1.2358498352524505,True,False,2.0
cool_days,19996,Bahookalat,0.90,-15.356749187915964,10.164038865718211,1.5108904433366535,True,False,2.0
cool_days,19996,Bahookalat,Delta1,-9.937578396454931,10.149262241901855,0.9791429327175157,True,False,2.0
cool_days,40700,Parsabad,0.10,-0.0662321751482652,2.684009535579014,0.024676579673170614,True,False,2.0
cool_days,40700,Parsabad,0.50,-1.8549398083336976,3.015502783834105,0.6151345036979895,True,False,2.0
cool_days,40700,Parsabad,0.90,-4.826026940088867,8.986706752310504,0.5370184065311894,True,False,2.0
cool_days,40700,Parsabad,Delta1,-4.759794764940602,9.272770189653476,0.5133088243954933,True,False,2.0
cool_days,40701,Maku,0.10,-4.728594127968526,1.9555632065381816,2.4180216278149747,True,True,2.0
cool_days,40701,Maku,0.50,-10.063454515739572,7.348502462944911,1.3694565071570575,True,False,2.0
cool_days,40701,Maku,0.90,-15.793300613264472,12.703486187952493,1.2432257082502474,True,False,2.0
cool_days,40701,Maku,Delta1,-11.064706485295948,12.23993258179436,0.9039842671808145,True,False,2.0
cool_days,40702,Jolfa,0.10,-2.472367826342359,2.908532591417558,0.8500395813468876,True,False,2.0
cool_days,40702,Jolfa,0.50,-6.717962562069968,7.394568076881648,0.9084996570757098,True,False,2.0
cool_days,40702,Jolfa,0.90,-13.898370830352764,10.833272955089024,1.2829336884587481,True,False,2.0
cool_days,40702,Jolfa,Delta1,-11.426003004010408,10.885135236259512,1.049688658524812,True,False,2.0
cool_days,40703,Khoy,0.10,-5.744678150038587,2.250425545594348,2.5527074918274586,True,True,2.0
cool_days,40703,Khoy,0.50,-8.988511071773857,6.897819536884066,1.3030945538239194,True,False,2.0
cool_days,40703,Khoy,0.90,-14.890560582891226,12.000731919442211,1.2408043678375353,True,False,2.0
cool_days,40703,Khoy,Delta1,-9.145882432852638,12.122251611895653,0.7544705988347674,True,False,2.0
cool_days,40704,Ahar,0.10,-4.21828043283937,2.770664798848241,1.522479527149188,True,False,2.0
cool_days,40704,Ahar,0.50,-6.423844256892661,2.6820384629130225,2.39513502349835,True,True,2.0
cool_days,40704,Ahar,0.90,-11.76799587428346,9.579645013589088,1.2284375733745994,True,False,2.0
cool_days,40704,Ahar,Delta1,-7.54971544144409,9.831096652138765,0.7679423474899559,True,False,2.0
cool_days,40706,Tabriz,0.10,-4.869934921687668,4.078847200281953,1.193948849407997,True,False,2.0
cool_days,40706,Tabriz,0.50,-5.707034021084104,4.048825472551891,1.4095529826547646,True,False,2.0
cool_days,40706,Tabriz,0.90,-11.761876570553536,10.221824890378516,1.1506630857690219,True,False,2.0
cool_days,40706,Tabriz,Delta1,-6.891941648865867,10.093405162394111,0.6828163080725007,True,False,2.0
cool_days,40708,Ardebil,0.10,-1.7869434853782555,4.027346477325879,0.44370244662057723,True,False,2.0
cool_days,40708,Ardebil,0.50,-6.483754782440827,3.6318606236492847,1.7852432828014104,True,False,2.0
cool_days,40708,Ardebil,0.90,-13.885889612325146,9.18822894038163,1.5112694407621496,True,False,2.0
cool_days,40708,Ardebil,Delta1,-12.09894612694689,8.896849920837402,1.3599134788831073,True,False,2.0
cool_days,40709,Astara,0.10,-5.358943366380575,1.797826649799982,2.9807898147336878,True,True,2.0
cool_days,40709,Astara,0.50,-6.581721934073598,4.276433032835421,1.5390681634758796,True,False,2.0
cool_days,40709,Astara,0.90,-14.064592038841598,9.851765663279608,1.427621455843638,True,False,2.0
cool_days,40709,Astara,Delta1,-8.70564867246102,9.652518221399824,0.9019044018130341,True,False,2.0
cool_days,40710,Sarab,0.10,-3.386791804823535,2.894719838927016,1.1699894957982928,True,False,2.0
cool_days,40710,Sarab,0.50,-2.4950177882335653,3.9711796601927887,0.6282812669604678,True,False,2.0
cool_days,40710,Sarab,0.90,-9.94997693757527,8.721569072573255,1.1408471176207264,True,False,2.0
cool_days,40710,Sarab,Delta1,-6.563185132751735,8.801477265044118,0.7456913123911633,True,False,2.0
cool_days,40712,Orumiyeh,0.10,-5.008915780047552,4.899777163665653,1.0222741999761167,True,False,2.0
cool_days,40712,Orumiyeh,0.50,-8.605069658650201,4.151572032164354,2.0727256065852457,True,True,2.0
cool_days,40712,Orumiyeh,0.90,-20.39613214877283,12.065966404473674,1.6903852924048086,True,False,2.0
cool_days,40712,Orumiyeh,Delta1,-15.387216368725277,10.867558801106751,1.4158852646059061,True,False,2.0
cool_days,40713,Maragheh-Synoptic,0.10,-10.106779761600086,4.537528786486162,2.227375348383568,True,True,2.0
cool_days,40713,Maragheh-Synoptic,0.50,-13.36407505200514,4.513132857501709,2.961152590443118,True,True,2.0
cool_days,40713,Maragheh-Synoptic,0.90,-25.098100258074314,12.670534565099178,1.9808241024973567,True,False,2.0
cool_days,40713,Maragheh-Synoptic,Delta1,-14.991320496474229,12.505997720880142,1.1987304676574957,True,False,2.0
cool_days,40716,Mianeh,0.10,-5.962202255029736,1.9836315716836883,3.0057004234758544,True,True,2.0
cool_days,40716,Mianeh,0.50,-10.17128333509205,3.66333274363067,2.7765109114853312,True,True,2.0
cool_days,40716,Mianeh,0.90,-19.63510749177588,10.626469824470036,1.8477545051284352,True,False,2.0
cool_days,40716,Mianeh,Delta1,-13.672905236746145,10.478201465085268,1.3048904702115192,True,False,2.0
cool_days,40717,Khalkhal,0.10,-6.591871934548102,2.455350177582871,2.6846972764745765,True,True,2.0
cool_days,40717,Khalkhal,0.50,-9.003646448607512,3.0721773585064267,2.9307052939758447,True,True,2.0
cool_days,40717,Khalkhal,0.90,-12.7445315979014,6.615580511937182,1.9264419161561275,True,False,2.0
cool_days,40717,Khalkhal,Delta1,-6.152659663353295,7.220542668136168,0.8521048827125726,True,False,2.0
cool_days,40718,Bandar-E-Anzali,0.10,-3.558555219120689,2.174863858150119,1.6362197595887682,True,False,2.0
cool_days,40718,Bandar-E-Anzali,0.50,-7.23232213094308,5.174012361391145,1.397816940854489,True,False,2.0
cool_days,40718,Bandar-E-Anzali,0.90,-19.70559772703657,10.083425528044671,1.9542562864405646,True,False,2.0
cool_days,40718,Bandar-E-Anzali,Delta1,-16.14704250791588,10.403436053749733,1.5520874473098691,True,False,2.0
cool_days,40719,Rasht,0.10,-4.234264068156507,2.0855726886376478,2.0302644406618318,True,True,2.0
cool_days,40719,Rasht,0.50,-8.021369366923459,2.5960254837563546,3.089865418161007,True,True,2.0
cool_days,40719,Rasht,0.90,-11.82003963360707,5.681513918903607,2.080438383558171,True,True,2.0
cool_days,40719,Rasht,Delta1,-7.585775565450567,6.475347116116055,1.1714855480983934,True,False,2.0
cool_days,40723,Bojnurd,0.10,-7.199369683220816,3.102801419471564,2.3202805174837566,True,True,2.0
cool_days,40723,Bojnurd,0.50,-8.000593333995136,2.2226240988989443,3.5996160295204724,True,True,2.0
cool_days,40723,Bojnurd,0.90,-7.251530699190932,5.902143413626282,1.2286266515397302,True,False,2.0
cool_days,40723,Bojnurd,Delta1,-0.0521610159701148,6.610270618999811,0.00789090477176367,True,False,2.0
cool_days,40724,Piranshahr,0.10,-7.190919557494308,5.538654540959913,1.2983152323936127,True,False,2.0
cool_days,40724,Piranshahr,0.50,-7.358323086701472,5.159352670075624,1.4262105262506928,True,False,2.0
cool_days,40724,Piranshahr,0.90,-15.858574674045164,11.430258319500895,1.3874204966119814,True,False,2.0
cool_days,40724,Piranshahr,Delta1,-8.667655116550856,10.986098913422094,0.7889656906293903,True,False,2.0
cool_days,40726,Mahabad,0.10,-6.308252109502646,5.471876666645173,1.1528498344920222,True,False,2.0
cool_days,40726,Mahabad,0.50,-8.749715854383746,5.259361639006803,1.6636459811947966,True,False,2.0
cool_days,40726,Mahabad,0.90,-14.250225357980444,7.998878332707985,1.7815279549521654,True,False,2.0
cool_days,40726,Mahabad,Delta1,-7.941973248477797,9.330754424346086,0.8511608908873822,True,False,2.0
cool_days,40727,Saqez,0.10,-5.582778085396556,2.923580922337617,1.9095685167259595,True,False,2.0
cool_days,40727,Saqez,0.50,-8.179902016685192,3.460211685315118,2.363988900274538,True,True,2.0
cool_days,40727,Saqez,0.90,-14.34123841300922,10.519259712179323,1.3633315276363758,True,False,2.0
cool_days,40727,Saqez,Delta1,-8.758460327612665,10.082679431792124,0.8686639684284707,True,False,2.0
cool_days,40728,Takab,0.10,-8.38188542919632,2.7534037187193,3.044190494917692,True,True,2.0
cool_days,40728,Takab,0.50,-9.445044845869946,3.692449378736419,2.5579348224137615,True,True,2.0
cool_days,40728,Takab,0.90,-16.43756188859001,13.031672603070977,1.2613547308360418,True,False,2.0
cool_days,40728,Takab,Delta1,-8.055676459393695,12.062961977844788,0.6678025243044785,True,False,2.0
cool_days,40729,Zanjan,0.10,-10.895716012982014,2.225310434980502,4.896267883216699,True,True,2.0
cool_days,40729,Zanjan,0.50,-12.300069376179062,2.6507983160766067,4.64013776588788,True,True,2.0
cool_days,40729,Zanjan,0.90,-14.015333469544736,10.900076163184163,1.2858014255792625,True,False,2.0
cool_days,40729,Zanjan,Delta1,-3.119617456562723,10.433169575026575,0.29900956120084693,True,False,2.0
cool_days,40730,Khorramdareh,0.10,-6.5125611880268846,2.042111329806499,3.1891313137388964,True,True,2.0
cool_days,40730,Khorramdareh,0.50,-6.287184917119539,3.7313052239176407,1.6849827445953034,True,False,2.0
cool_days,40730,Khorramdareh,0.90,-9.86399996179928,8.033337762371431,1.2278831357001774,True,False,2.0
cool_days,40730,Khorramdareh,Delta1,-3.351438773772395,7.449518118847902,0.44988665311021603,True,False,2.0
cool_days,40731,Qazvin,0.10,-7.417183792757267,2.288117226339188,3.241610048373348,True,True,2.0
cool_days,40731,Qazvin,0.50,-10.955609048689274,4.191607281913172,2.6137012157514943,True,True,2.0
cool_days,40731,Qazvin,0.90,-15.050848916784725,10.655764306862594,1.4124607567653857,True,False,2.0
cool_days,40731,Qazvin,Delta1,-7.633665124027456,10.925102929751182,0.6987270667482225,True,False,2.0
cool_days,40732,Ramsar,0.10,-3.6020826632490253,1.5191329846885464,2.37114373761526,True,True,2.0
cool_days,40732,Ramsar,0.50,-8.228331927912793,5.531767660544958,1.4874688224165555,True,False,2.0
cool_days,40732,Ramsar,0.90,-16.07005825467369,8.634610104329397,1.86112147051274,True,False,2.0
cool_days,40732,Ramsar,Delta1,-12.46797559142466,8.772748501967659,1.4212165763817566,True,False,2.0
cool_days,40734,Nowshahr,0.10,-5.340446269898169,3.3582522408362,1.590245725130047,True,False,2.0
cool_days,40734,Nowshahr,0.50,-8.617197556986838,4.657752759644794,1.8500762066305978,True,False,2.0
cool_days,40734,Nowshahr,0.90,-12.446879189429136,7.961402687418905,1.563402791960072,True,False,2.0
cool_days,40734,Nowshahr,Delta1,-7.106432919530969,9.511960319605995,0.7471049794944195,True,False,2.0
cool_days,40736,Babolsar,0.10,-1.8313538652544927,2.4162188729661978,0.7579420414866169,True,False,2.0
cool_days,40736,Babolsar,0.50,-6.305347121275782,3.984486259636359,1.5824743041907827,True,False,2.0
cool_days,40736,Babolsar,0.90,-13.431748051282597,7.453905444845716,1.8019745689919484,True,False,2.0
cool_days,40736,Babolsar,Delta1,-11.600394186028105,7.697450899557751,1.5070436092933823,True,False,2.0
cool_days,40737,Gharakhil,0.10,-3.914207334828447,2.253474526285211,1.7369654234702652,True,False,2.0
cool_days,40737,Gharakhil,0.50,-7.666991701790718,6.170573935705619,1.2425086842288975,True,False,2.0
cool_days,40737,Gharakhil,0.90,-12.134856677790284,6.8054450204230434,1.7831099423143897,True,False,2.0
cool_days,40737,Gharakhil,Delta1,-8.220649342961838,7.633071790350475,1.0769778627464455,True,False,2.0
cool_days,40738,Gorgan,0.10,-5.5386625113017365,1.9359074158877387,2.861016216915467,True,True,2.0
cool_days,40738,Gorgan,0.50,-8.435948733852454,2.891505847239359,2.9174932300090646,True,True,2.0
cool_days,40738,Gorgan,0.90,-12.974356039685706,5.507989029340116,2.3555522660944908,True,True,2.0
cool_days,40738,Gorgan,Delta1,-7.435693528383967,5.083891327918962,1.4625988339974394,True,False,2.0
cool_days,40739,Shahrud,0.10,-2.479095690209421,2.543348485636729,0.9747369281912533,True,False,2.0
cool_days,40739,Shahrud,0.50,-5.260030365880126,4.6268477224590026,1.1368496828515915,True,False,2.0
cool_days,40739,Shahrud,0.90,-10.717838465148212,10.808562792060156,0.9916062543506164,True,False,2.0
cool_days,40739,Shahrud,Delta1,-8.238742774938792,9.984900385149798,0.825120177181937,True,False,2.0
cool_days,40740,Quchan,0.10,-2.030251564878488,2.035306721455991,0.9975162679294418,True,False,2.0
cool_days,40740,Quchan,0.50,-3.509348543749589,3.641214592100956,0.96378514778079,True,False,2.0
cool_days,40740,Quchan,0.90,-5.095993208006616,6.826851239497611,0.7464631979269013,True,False,2.0
cool_days,40740,Quchan,Delta1,-3.0657416431281286,6.536804317107873,0.4689970044084978,True,False,2.0
cool_days,40741,Sarakhs,0.10,-7.544091494576387,2.7009452210662994,2.7931301367149066,True,True,2.0
cool_days,40741,Sarakhs,0.50,-10.558776735718313,1.8861545860354607,5.598044197380438,True,True,2.0
cool_days,40741,Sarakhs,0.90,-10.344677941963578,6.279665003081004,1.6473295847609941,True,False,2.0
cool_days,40741,Sarakhs,Delta1,-2.80058644738719,5.949651208931928,0.4707143913214279,True,False,2.0
cool_days,40742,Biyarjomand,0.10,-5.1202667893554645,1.9414029731201023,2.6374054538128626,True,True,2.0
cool_days,40742,Biyarjomand,0.50,-7.144491144472358,3.3912469883903635,2.106744560019042,True,True,2.0
cool_days,40742,Biyarjomand,0.90,-9.215347173616786,5.6592818531309526,1.6283598189262245,True,False,2.0
cool_days,40742,Biyarjomand,Delta1,-4.095080384261323,5.159572669875082,0.7936859593374945,True,False,2.0
cool_days,40743,Sabzevar,0.10,-4.393833884058221,1.8914220160071769,2.323032008125652,True,True,2.0
cool_days,40743,Sabzevar,0.50,-6.135520811719561,2.360484743140924,2.599263066430785,True,True,2.0
cool_days,40743,Sabzevar,0.90,-11.111261137173615,6.229797377790445,1.7835670188545532,True,False,2.0
cool_days,40743,Sabzevar,Delta1,-6.717427253115395,5.467802059517773,1.2285425075734786,True,False,2.0
cool_days,40744,Golmakan,0.10,-5.418845852751272,2.3509403450090747,2.3049695260261296,True,True,2.0
cool_days,40744,Golmakan,0.50,-5.292909030097382,2.809784132182018,1.8837422311111933,True,False,2.0
cool_days,40744,Golmakan,0.90,-6.568600895380729,4.673950713110845,1.4053637486923478,True,False,2.0
cool_days,40744,Golmakan,Delta1,-1.149755042629457,5.195621526972962,0.22129307084061595,True,False,2.0
cool_days,40745,Mashhad,0.10,-3.414655637710895,1.0123442937770275,3.3730181112306297,True,True,2.0
cool_days,40745,Mashhad,0.50,-4.374664062002273,4.310015721280591,1.0149995603038018,True,False,2.0
cool_days,40745,Mashhad,0.90,-10.938456580050454,5.5331333613075895,1.976900946675444,True,False,2.0
cool_days,40745,Mashhad,Delta1,-7.523800942339559,5.226225920997785,1.439624129548369,True,False,2.0
cool_days,40746,Neyshabur,0.10,-7.51626392628669,3.407987792647858,2.2054844041700283,True,True,2.0
cool_days,40746,Neyshabur,0.50,-7.175117918952817,2.7950824835203805,2.567050511481086,True,True,2.0
cool_days,40746,Neyshabur,0.90,-10.888148669615248,6.994831081631431,1.5565992291376054,True,False,2.0
cool_days,40746,Neyshabur,Delta1,-3.3718847433285566,6.464611931165148,0.5215912075206076,True,False,2.0
cool_days,40747,Sanandaj,0.10,-10.131367988489975,2.0368163047927736,4.974119641840133,True,True,2.0
cool_days,40747,Sanandaj,0.50,-10.738275733985084,2.236686215201608,4.800975506086878,True,True,2.0
cool_days,40747,Sanandaj,0.90,-14.899887704567282,9.844147784954227,1.513578222316028,True,False,2.0
cool_days,40747,Sanandaj,Delta1,-4.768519716077304,9.355313945646271,0.5097124205325523,True,False,2.0
cool_days,40748,Bijar,0.10,-12.295495320922267,3.1892138234508813,3.855337397107465,True,True,2.0
cool_days,40748,Bijar,0.50,-10.77779224458347,3.700215825814431,2.912746918542579,True,True,2.0
cool_days,40748,Bijar,0.90,-14.754352373672695,10.524925081616036,1.401848683886998,True,False,2.0
cool_days,40748,Bijar,Delta1,-2.458857052750429,10.307695905956033,0.23854575020297628,True,False,2.0
cool_days,40749,Zarrineh,0.10,-11.002995897798357,2.9274400568356285,3.758572569951057,True,True,2.0
cool_days,40749,Zarrineh,0.50,-12.35536327695938,2.539341030095723,4.865578561731676,True,True,2.0
cool_days,40749,Zarrineh,0.90,-16.378667470857845,8.607475676400043,1.902842144040539,True,False,2.0
cool_days,40749,Zarrineh,Delta1,-5.375671573059488,8.346237591543481,0.64408321882739,True,False,2.0
cool_days,40751,Tehran (Shemiran),0.10,-12.193461708618717,3.939273873568488,3.095357697882775,True,True,2.0
cool_days,40751,Tehran (Shemiran),0.50,-11.720973857542027,4.800065291812685,2.441836338671082,True,True,2.0
cool_days,40751,Tehran (Shemiran),0.90,-19.050072547978104,9.049333070585067,2.105135527600429,True,True,2.0
cool_days,40751,Tehran (Shemiran),Delta1,-6.856610839359389,8.46497240968132,0.8099980138762815,True,False,2.0
cool_days,40752,Karaj,0.10,-10.225032335816705,3.4225119781727518,2.9875811687518934,True,True,2.0
cool_days,40752,Karaj,0.50,-10.99057155721237,2.0654827318286344,5.32106678397746,True,True,2.0
cool_days,40752,Karaj,0.90,-14.62664217995644,8.133366786608763,1.7983502482684752,True,False,2.0
cool_days,40752,Karaj,Delta1,-4.401609844139733,8.072955848389753,0.5452290247589656,True,False,2.0
cool_days,40754,Tehran (Mehrabad Airport),0.10,-4.749728489243962,2.019237660140194,2.3522384625662105,True,True,2.0
cool_days,40754,Tehran (Mehrabad Airport),0.50,-3.603139152632938,3.585623346379947,1.004885010097526,True,False,2.0
cool_days,40754,Tehran (Mehrabad Airport),0.90,-9.293541548830024,9.607882449857408,0.9672830196801534,True,False,2.0
cool_days,40754,Tehran (Mehrabad Airport),Delta1,-4.543813059586062,9.166430431169816,0.4957014722039605,True,False,2.0
cool_days,40755,Abali,0.10,-9.2777690210352,4.325683001904685,2.1448101992101622,True,True,2.0
cool_days,40755,Abali,0.50,-10.427679765496976,4.318436368964881,2.4146887610610936,True,True,2.0
cool_days,40755,Abali,0.90,-14.521149879016784,11.96402604572284,1.2137343920450692,True,False,2.0
cool_days,40755,Abali,Delta1,-5.2433808579815855,10.596620270027527,0.4948163399619457,True,False,2.0
cool_days,40757,Semnan,0.10,-7.356181937346273,2.7900368273160985,2.636589547967587,True,True,2.0
cool_days,40757,Semnan,0.50,-8.374828613144814,3.7427596164456793,2.2376079340884814,True,True,2.0
cool_days,40757,Semnan,0.90,-15.3155221103479,8.310071242246453,1.8430073177336168,True,False,2.0
cool_days,40757,Semnan,Delta1,-7.959340173001626,7.729921564066458,1.029679293254624,True,False,2.0
cool_days,40758,Garmsar,0.10,-3.244978300961358,2.135346039603572,1.519649855703851,True,False,2.0
cool_days,40758,Garmsar,0.50,-1.6531153600749724,3.785147937214928,0.43673731846034985,True,False,2.0
cool_days,40758,Garmsar,0.90,-8.97003349647686,10.899850560129044,0.8229501355999016,True,False,2.0
cool_days,40758,Garmsar,Delta1,-5.725055195515502,11.035038121584437,0.5188070156565517,True,False,2.0
cool_days,40762,Torbat-E Heydariyeh,0.10,-8.0477575410878,2.1235666913331963,3.78973618955915,True,True,2.0
cool_days,40762,Torbat-E Heydariyeh,0.50,-10.309046912115614,2.3165863405270404,4.450102606480115,True,True,2.0
cool_days,40762,Torbat-E Heydariyeh,0.90,-13.331784044497704,8.786876927868475,1.5172380532854164,True,False,2.0
cool_days,40762,Torbat-E Heydariyeh,Delta1,-5.284026503409902,8.625759683759952,0.6125867978165843,True,False,2.0
cool_days,40763,Kashmar,0.10,-7.988579654233445,2.2696024638324177,3.5198144968278036,True,True,2.0
cool_days,40763,Kashmar,0.50,-8.62996693904728,2.799617890684046,3.082551718134175,True,True,2.0
cool_days,40763,Kashmar,0.90,-10.873095147225929,9.2091436981684,1.1806847089798882,True,False,2.0
cool_days,40763,Kashmar,Delta1,-2.884515492992484,8.400871358315786,0.34335908383327207,True,False,2.0
cool_days,40764,Ravansar,0.10,-7.249908585265245,5.202076248204818,1.3936567323032052,True,False,2.0
cool_days,40764,Ravansar,0.50,-8.956884465757469,3.8821941181716806,2.3071706857295724,True,True,2.0
cool_days,40764,Ravansar,0.90,-17.796300892945993,14.679606771706714,1.2123145510441298,True,False,2.0
cool_days,40764,Ravansar,Delta1,-10.546392307680746,13.277940186624848,0.7942792450823323,True,False,2.0
cool_days,40765,Sarpol-E-Zahab,0.10,-7.278905399087501,3.638950557386104,2.0002759818523104,True,True,2.0
cool_days,40765,Sarpol-E-Zahab,0.50,-8.972023833743542,2.4493857309416804,3.662968931518269,True,True,2.0
cool_days,40765,Sarpol-E-Zahab,0.90,-22.432249255140363,8.700051193542386,2.5784042824702804,True,True,2.0
cool_days,40765,Sarpol-E-Zahab,Delta1,-15.153343856052864,8.20505260580815,1.846830798540669,True,False,2.0
cool_days,40766,Kermanshah,0.10,-4.651956404470414,4.713142604996992,0.9870179611239205,True,False,2.0
cool_days,40766,Kermanshah,0.50,-4.121159737658763,3.5783143839399387,1.151704209153674,True,False,2.0
cool_days,40766,Kermanshah,0.90,-16.142675172130083,14.843970683367552,1.0874903700946883,True,False,2.0
cool_days,40766,Kermanshah,Delta1,-11.49071876765967,13.868645220810974,0.8285393839635438,True,False,2.0
cool_days,40768,Hamedan (Airport),0.10,-10.173528407709837,1.5746250720657744,6.46092113493597,True,True,2.0
cool_days,40768,Hamedan (Airport),0.50,-8.9150606189125,3.399048467264532,2.6228106791566628,True,True,2.0
cool_days,40768,Hamedan (Airport),0.90,-13.847305606240786,13.109675443054217,1.056266088843365,True,False,2.0
cool_days,40768,Hamedan (Airport),Delta1,-3.673777198530951,12.623731994519142,0.29102148240520304,True,False,2.0
cool_days,40769,Arak,0.10,-6.599770673205671,2.7827676264306374,2.3716571267112863,True,True,2.0
cool_days,40769,Arak,0.50,-9.55066548474377,3.896429847163674,2.4511324107877837,True,True,2.0
cool_days,40769,Arak,0.90,-17.659674250881473,7.658869077966874,2.305780928111832,True,True,2.0
cool_days,40769,Arak,Delta1,-11.0599035776758,7.306775918713653,1.513650302228357,True,False,2.0
cool_days,40770,Qom,0.10,-6.703176430647838,3.707317941534953,1.8080932189680232,True,False,2.0
cool_days,40770,Qom,0.50,-8.813240903066603,5.568793507241155,1.582612264506964,True,False,2.0
cool_days,40770,Qom,0.90,-16.240978723254717,8.975616694512919,1.8094554698601764,True,False,2.0
cool_days,40770,Qom,Delta1,-9.537802292606877,8.499204543032326,1.1221994063463265,True,False,2.0
cool_days,40771,Kangavar,0.10,-8.1107714727406,3.476379536440229,2.3331087379043582,True,True,2.0
cool_days,40771,Kangavar,0.50,-9.11877703369178,3.735389874720613,2.4411848132382206,True,True,2.0
cool_days,40771,Kangavar,0.90,-16.29496375892202,10.929208255249916,1.4909555549089868,True,False,2.0
cool_days,40771,Kangavar,Delta1,-8.18419228618142,10.44989729079276,0.7831839929558333,True,False,2.0
cool_days,40772,Qorveh,0.10,-10.800771159022569,2.8849291530110253,3.74386010406866,True,True,2.0
cool_days,40772,Qorveh,0.50,-12.80007850520176,2.7793737583118827,4.605382225734255,True,True,2.0
cool_days,40772,Qorveh,0.90,-16.43915413025601,9.776555800805326,1.6814872706911637,True,False,2.0
cool_days,40772,Qorveh,Delta1,-5.638382971233446,9.518355518589148,0.5923694445140026,True,False,2.0
cool_days,40774,Borujerd,0.10,-5.751691397463695,3.305421170271603,1.7400782233723893,True,False,2.0
cool_days,40774,Borujerd,0.50,-10.17628638379751,3.938440856002867,2.583836283408213,True,True,2.0
cool_days,40774,Borujerd,0.90,-15.925020991320238,10.71610527229795,1.4860829178757493,True,False,2.0
cool_days,40774,Borujerd,Delta1,-10.173329593856543,9.86306107974452,1.0314576287831383,True,False,2.0
cool_days,40778,Gonabad,0.10,-12.478818802769442,2.1247215877015933,5.87315480531656,True,True,2.0
cool_days,40778,Gonabad,0.50,-10.657820168011458,2.328603006413044,4.576915918539783,True,True,2.0
cool_days,40778,Gonabad,0.90,-8.878555387563035,6.378975758853813,1.3918465476592987,True,False,2.0
cool_days,40778,Gonabad,Delta1,3.6002634152064075,6.114721015622887,0.5887862105250373,False,False,2.0
cool_days,40779,Eslamabad-E-Gharb,0.10,-5.846568164727873,5.610249592831355,1.0421226485535473,True,False,2.0
cool_days,40779,Eslamabad-E-Gharb,0.50,-6.743995343251397,3.121931524264701,2.1601996362940055,True,True,2.0
cool_days,40779,Eslamabad-E-Gharb,0.90,-14.8666544520167,7.985787188626833,1.8616391973466855,True,False,2.0
cool_days,40779,Eslamabad-E-Gharb,Delta1,-9.020086287288828,8.746835724842105,1.031239933050378,True,False,2.0
cool_days,40780,Ilam,0.10,-8.857152243393347,4.907903969700195,1.8046710567432713,True,False,2.0
cool_days,40780,Ilam,0.50,-15.00264440884052,3.3078262535689587,4.535499527114978,True,True,2.0
cool_days,40780,Ilam,0.90,-24.333302725770796,9.004604672431983,2.702317715320511,True,True,2.0
cool_days,40780,Ilam,Delta1,-15.476150482377443,9.227606621004512,1.6771575900461086,True,False,2.0
cool_days,40782,Khorramabad,0.10,-7.776784539443944,7.16540371779299,1.0853239881142753,True,False,2.0
cool_days,40782,Khorramabad,0.50,-8.978245954644285,4.147962614286762,2.1644953895487524,True,True,2.0
cool_days,40782,Khorramabad,0.90,-19.503827305327277,11.83565188255874,1.6478878813653282,True,False,2.0
cool_days,40782,Khorramabad,Delta1,-11.727042765883333,11.26867261263828,1.0406764992649598,True,False,2.0
cool_days,40783,Aligudarz,0.10,-5.155553946784144,3.5861946503243964,1.4376112981814269,True,False,2.0
cool_days,40783,Aligudarz,0.50,-11.1759533760147,3.9030802000785063,2.863367597670657,True,True,2.0
cool_days,40783,Aligudarz,0.90,-15.01259585811088,10.567265744131074,1.420669851749369,True,False,2.0
cool_days,40783,Aligudarz,Delta1,-9.857041911326736,9.625963003907415,1.0240057963370024,True,False,2.0
cool_days,40785,Kashan,0.10,-4.626936003342454,3.928713193033223,1.1777230293999033,True,False,2.0
cool_days,40785,Kashan,0.50,-6.331709936574291,4.148247226668254,1.5263579026507847,True,False,2.0
cool_days,40785,Kashan,0.90,-17.075634228985763,7.948508604682224,2.148281530314634,True,True,2.0
cool_days,40785,Kashan,Delta1,-12.448698225643309,8.675591163217549,1.4349106581258508,True,False,2.0
cool_days,40787,Daran,0.10,-4.841552242645149,4.4684019764270895,1.0835086610798674,True,False,2.0
cool_days,40787,Daran,0.50,-9.352909488650766,4.884751640374327,1.9147154609346804,True,False,2.0
cool_days,40787,Daran,0.90,-14.010140439189213,8.555031920836463,1.6376491132740718,True,False,2.0
cool_days,40787,Daran,Delta1,-9.16858819654406,8.752416273370674,1.0475493749582723,True,False,2.0
cool_days,40789,Khur-Va-Biabanak,0.10,-4.882156279319238,3.850875674780838,1.2678041805639682,True,False,2.0
cool_days,40789,Khur-Va-Biabanak,0.50,-7.678421283321414,2.416859694239856,3.1770240124495146,True,True,2.0
cool_days,40789,Khur-Va-Biabanak,0.90,-13.872445861341234,6.439777474018145,2.1541809351815107,True,True,2.0
cool_days,40789,Khur-Va-Biabanak,Delta1,-8.990289582021996,6.130815924340474,1.4664099677709916,True,False,2.0
cool_days,40790,Robat-E-Poshtebadam,0.10,-4.184450180173061,2.23462181346062,1.8725540737888275,True,False,2.0
cool_days,40790,Robat-E-Poshtebadam,0.50,-5.569147060398491,3.1012279732364,1.795787703600069,True,False,2.0
cool_days,40790,Robat-E-Poshtebadam,0.90,-8.532144964657673,6.625983531541194,1.2876797722244127,True,False,2.0
cool_days,40790,Robat-E-Poshtebadam,Delta1,-4.347694784484611,6.045696282661255,0.7191388024161213,True,False,2.0
cool_days,40791,Tabas,0.10,-9.545719523895476,4.2684440876834735,2.236346389411424,True,True,2.0
cool_days,40791,Tabas,0.50,-10.326823511480397,4.015293329579569,2.5718727534562693,True,True,2.0
cool_days,40791,Tabas,0.90,-13.580487987914358,7.498096819019745,1.811191335041975,True,False,2.0
cool_days,40791,Tabas,Delta1,-4.034768464018883,7.231315516128027,0.5579577401954215,True,False,2.0
cool_days,40792,Ferdows,0.10,-2.183027283180431,3.034812427057961,0.7193285699362724,True,False,2.0
cool_days,40792,Ferdows,0.50,-5.179960842508918,3.7557587410639672,1.379204895637543,True,False,2.0
cool_days,40792,Ferdows,0.90,-2.333838237117671,7.911130797780136,0.2950069082124829,True,False,2.0
cool_days,40792,Ferdows,Delta1,-0.1508109539372392,7.2856424619382,0.020699746758794275,True,False,2.0
cool_days,40793,Qaen,0.10,-9.713796817704068,3.967904158869357,2.4480926022346234,True,True,2.0
cool_days,40793,Qaen,0.50,-11.298647319061638,3.066524191956607,3.6845126963934027,True,True,2.0
cool_days,40793,Qaen,0.90,-14.543044127595117,5.992038465534281,2.4270612098446174,True,True,2.0
cool_days,40793,Qaen,Delta1,-4.829247309891048,6.061915444454529,0.7966536904286363,True,False,2.0
cool_days,40794,Safiabad (Dezful),0.10,-5.583224905713113,4.456635584549987,1.2527891948510939,True,False,2.0
cool_days,40794,Safiabad (Dezful),0.50,-7.833542859491031,3.588110553046044,2.183194398188463,True,True,2.0
cool_days,40794,Safiabad (Dezful),0.90,-15.504883921722277,10.032080872514372,1.5455301964522778,True,False,2.0
cool_days,40794,Safiabad (Dezful),Delta1,-9.921659016009164,9.322517959202283,1.064268157962138,True,False,2.0
cool_days,40796,Dehloran,0.10,-10.05435228412946,3.8647690573800246,2.6015402563136414,True,True,2.0
cool_days,40796,Dehloran,0.50,-15.567404695387433,2.1483514262820043,7.246209584215376,True,True,2.0
cool_days,40796,Dehloran,0.90,-19.74428083966916,10.446935766854148,1.8899590540523339,True,False,2.0
cool_days,40796,Dehloran,Delta1,-9.6899285555397,10.087497467050229,0.9605879542662442,True,False,2.0
cool_days,40797,Kuhrang,0.10,-8.946439183171941,4.058467986625366,2.2043882599677582,True,True,2.0
cool_days,40797,Kuhrang,0.50,-13.892127835215712,2.588267941773482,5.367345324262225,True,True,2.0
cool_days,40797,Kuhrang,0.90,-23.675484763685645,8.171256018381497,2.8974107175722925,True,True,2.0
cool_days,40797,Kuhrang,Delta1,-14.7290455805137,8.322182785845431,1.7698536501223232,True,False,2.0
cool_days,40798,Shahrekord,0.10,-7.252044302250328,4.013707402278539,1.80681937555623,True,False,2.0
cool_days,40798,Shahrekord,0.50,-13.52075944712906,3.666500286445936,3.6876471814584786,True,True,2.0
cool_days,40798,Shahrekord,0.90,-17.968506286644065,8.379005646155937,2.1444676188859635,True,True,2.0
cool_days,40798,Shahrekord,Delta1,-10.716461984393735,9.122378473046236,1.174744285830446,True,False,2.0
cool_days,40799,Ardestan,0.10,-7.070322316368381,4.005487455449934,1.7651590212193478,True,False,2.0
cool_days,40799,Ardestan,0.50,-7.338696570605133,3.322373659917809,2.2088715243386203,True,True,2.0
cool_days,40799,Ardestan,0.90,-14.466048465298208,9.013873511428027,1.6048648172129072,True,False,2.0
cool_days,40799,Ardestan,Delta1,-7.395726148929828,8.726441164767499,0.8475077078144576,True,False,2.0
cool_days,40800,Esfahan,0.10,-6.483552469656388,4.627510594606735,1.4010886279142893,True,False,2.0
cool_days,40800,Esfahan,0.50,-11.000249156328016,6.053530598092316,1.8171625596134902,True,False,2.0
cool_days,40800,Esfahan,0.90,-18.26476387108525,8.151710105395688,2.2406051779240337,True,True,2.0
cool_days,40800,Esfahan,Delta1,-11.781211401428868,7.485823884002175,1.5738029085357312,True,False,2.0
cool_days,40801,Naein,0.10,-6.810862508001678,3.0925107707330683,2.2023730919414675,True,True,2.0
cool_days,40801,Naein,0.50,-5.4194465527961775,3.985732713538555,1.3597114865198183,True,False,2.0
cool_days,40801,Naein,0.90,-9.568536354348511,5.598021039402356,1.7092712383535533,True,False,2.0
cool_days,40801,Naein,Delta1,-2.7576738463468344,5.448896724515883,0.5060976534826589,True,False,2.0
cool_days,40802,Esfahan (Airport),0.10,-6.205357360842974,3.702640109276357,1.6759277644339428,True,False,2.0
cool_days,40802,Esfahan (Airport),0.50,-6.973029817831227,5.12531454358964,1.3605076836801306,True,False,2.0
cool_days,40802,Esfahan (Airport),0.90,-13.589148083142852,5.37093409822598,2.5301275038230964,True,True,2.0
cool_days,40802,Esfahan (Airport),Delta1,-7.383790722299877,5.724594763513416,1.289836403680764,True,False,2.0
cool_days,40803,Kabutarabad,0.10,-6.365860772649688,5.999552503060172,1.0610559319887065,True,False,2.0
cool_days,40803,Kabutarabad,0.50,-11.55991527706748,4.852967111617152,2.382030417926194,True,True,2.0
cool_days,40803,Kabutarabad,0.90,-21.0161237391346,8.989412770405817,2.337875039882705,True,True,2.0
cool_days,40803,Kabutarabad,Delta1,-14.65026296648491,8.737185461302445,1.676771430728106,True,False,2.0
cool_days,40809,Birjand,0.10,-6.964227280204187,6.086407083864705,1.1442263365305645,True,False,2.0
cool_days,40809,Birjand,0.50,-10.003183585431229,5.097287429841528,1.9624523284421145,True,False,2.0
cool_days,40809,Birjand,0.90,-7.435097608543378,7.549610986249895,0.9848318836672406,True,False,2.0
cool_days,40809,Birjand,Delta1,-0.47087032833919,8.076793732772462,0.05829916473273087,True,False,2.0
cool_days,40810,Bostan,0.10,-7.799622257182334,8.809514698248751,0.8853634421806261,True,False,2.0
cool_days,40810,Bostan,0.50,-12.784484233907683,6.743912342866202,1.8957073556021642,True,False,2.0
cool_days,40810,Bostan,0.90,-21.956223562499428,14.114586394483338,1.5555697452871153,True,False,2.0
cool_days,40810,Bostan,Delta1,-14.156601305317094,12.060176220056,1.1738303858093508,True,False,2.0
cool_days,40811,Ahvaz,0.10,-6.048653020319291,5.2837242602772205,1.1447707568301335,True,False,2.0
cool_days,40811,Ahvaz,0.50,-9.831529839640488,5.004841546194398,1.9644038175626615,True,False,2.0
cool_days,40811,Ahvaz,0.90,-16.73286346057089,10.997397818934008,1.5215293414013122,True,False,2.0
cool_days,40811,Ahvaz,Delta1,-10.6842104402516,9.899824092455496,1.0792323520570304,True,False,2.0
cool_days,40812,Masjedsoleyman,0.10,-4.242328734721155,3.482426564682653,1.2182105367978522,True,False,2.0
cool_days,40812,Masjedsoleyman,0.50,-8.78178291541262,4.377462627680781,2.0061354401705738,True,True,2.0
cool_days,40812,Masjedsoleyman,0.90,-16.80879996436575,11.26252060053903,1.492454536647975,True,False,2.0
cool_days,40812,Masjedsoleyman,Delta1,-12.566471229644597,10.571180843047353,1.1887481082976215,True,False,2.0
cool_days,40813,Ramhormoz,0.10,-6.978662590865908,4.362881311716475,1.599553618872184,True,False,2.0
cool_days,40813,Ramhormoz,0.50,-11.550501375500462,5.60971639237037,2.059016992589857,True,True,2.0
cool_days,40813,Ramhormoz,0.90,-19.432695092812324,7.92934768968673,2.4507306090370298,True,True,2.0
cool_days,40813,Ramhormoz,Delta1,-12.454032501946417,7.809472798815172,1.594734090607999,True,False,2.0
cool_days,40818,Abadeh,0.10,-0.3683638836194458,6.990821640843222,0.0526925020468716,True,False,2.0
cool_days,40818,Abadeh,0.50,-4.4981425003893385,5.149796671284092,0.873460213579216,True,False,2.0
cool_days,40818,Abadeh,0.90,-11.701481180695232,6.121774833946463,1.9114523970741595,True,False,2.0
cool_days,40818,Abadeh,Delta1,-11.333117297075788,6.972866589727279,1.6253168121375237,True,False,2.0
cool_days,40821,Yazd,0.10,-3.4930372609189844,5.140078917225703,0.6795687998510944,True,False,2.0
cool_days,40821,Yazd,0.50,-4.867757244182064,4.371949094037351,1.1134066613037459,True,False,2.0
cool_days,40821,Yazd,0.90,-9.70780891719628,6.553308499007478,1.4813599754485176,True,False,2.0
cool_days,40821,Yazd,Delta1,-6.214771656277296,7.295444492103805,0.8518701859775412,True,False,2.0
cool_days,40827,Nehbandan,0.10,-5.438195650935017,5.818684742312977,0.9346090898152507,True,False,2.0
cool_days,40827,Nehbandan,0.50,-12.927846230385944,4.349707919998414,2.9721182360195484,True,True,2.0
cool_days,40827,Nehbandan,0.90,-12.075584263221458,6.285875259496732,1.9210664807542281,True,False,2.0
cool_days,40827,Nehbandan,Delta1,-6.637388612286441,7.055424143084442,0.9407497660919861,True,False,2.0
cool_days,40829,Zabol,0.10,-6.136722799973069,5.763874839235179,1.0646870327925726,True,False,2.0
cool_days,40829,Zabol,0.50,-10.804197281324091,5.129935746094968,2.106107720656835,True,True,2.0
cool_days,40829,Zabol,0.90,-16.476836146904706,9.412613191477558,1.7505060296988824,True,False,2.0
cool_days,40829,Zabol,Delta1,-10.340113346931638,8.65689999795721,1.1944360393872657,True,False,2.0
cool_days,40831,Abadan,0.10,-5.867132728775968,4.020908491553468,1.4591559944974566,True,False,2.0
cool_days,40831,Abadan,0.50,-8.426471541176788,4.647821479906417,1.8129938031411768,True,False,2.0
cool_days,40831,Abadan,0.90,-20.846649607650743,10.549677730827913,1.9760461067671637,True,False,2.0
cool_days,40831,Abadan,Delta1,-14.979516878874774,9.801947544120765,1.5282184291895675,True,False,2.0
cool_days,40832,Bandar-E- Mahshahr,0.10,-6.78910633425458,3.175345988564401,2.1380682164100135,True,True,2.0
cool_days,40832,Bandar-E- Mahshahr,0.50,-9.045286666443287,2.922501429611004,3.0950495266814118,True,True,2.0
cool_days,40832,Bandar-E- Mahshahr,0.90,-15.71914698478809,5.822533795200731,2.6997090163297495,True,True,2.0
cool_days,40832,Bandar-E- Mahshahr,Delta1,-8.930040650533508,5.897169751281847,1.5142926229302482,True,False,2.0
cool_days,40833,Omidiyeh (Aghajari),0.10,-7.5391858488452,3.0895224655636144,2.440243090276362,True,True,2.0
cool_days,40833,Omidiyeh (Aghajari),0.50,-9.755623722797012,3.606910725855916,2.704703405289304,True,True,2.0
cool_days,40833,Omidiyeh (Aghajari),0.90,-17.40874607293303,9.441826017448069,1.8437901779552444,True,False,2.0
cool_days,40833,Omidiyeh (Aghajari),Delta1,-9.869560224087827,8.577521095783393,1.1506308307349526,True,False,2.0
cool_days,40835,Dogonbadan,0.10,-6.875268461453346,5.635562299005387,1.2199791425722954,True,False,2.0
cool_days,40835,Dogonbadan,0.50,-12.543279568085632,4.3249090954495,2.9002412053661843,True,True,2.0
cool_days,40835,Dogonbadan,0.90,-19.71646905863096,5.285891918717085,3.730017443000661,True,True,2.0
cool_days,40835,Dogonbadan,Delta1,-12.841200597177613,7.296935295873471,1.7598073816605595,True,False,2.0
cool_days,40836,Yasuj,0.10,-6.3097406684181125,4.910190382962412,1.285029739439823,True,False,2.0
cool_days,40836,Yasuj,0.50,-9.673474433049629,4.638801546667491,2.0853391410975624,True,True,2.0
cool_days,40836,Yasuj,0.90,-18.074946513997794,10.25375013300933,1.7627644792913493,True,False,2.0
cool_days,40836,Yasuj,Delta1,-11.76520584557968,9.03099094894027,1.302759122680801,True,False,2.0
cool_days,40839,Anar,0.10,-5.856244472166334,5.11533493727509,1.1448408645721881,True,False,2.0
cool_days,40839,Anar,0.50,-6.445243790871243,3.288886651778781,1.9597038369763697,True,False,2.0
cool_days,40839,Anar,0.90,-12.62953672692876,5.11805496427175,2.4676438246742864,True,True,2.0
cool_days,40839,Anar,Delta1,-6.773292254762425,6.438934210080109,1.0519275448037473,True,False,2.0
cool_days,40841,Kerman,0.10,0.0269615865106858,5.127053197997627,0.005258690610274077,False,False,2.0
cool_days,40841,Kerman,0.50,-5.468048203303677,5.818637865316923,0.9397471246487084,True,False,2.0
cool_days,40841,Kerman,0.90,-7.39319927504135,8.746406085639457,0.8452842461980002,True,False,2.0
cool_days,40841,Kerman,Delta1,-7.420160861552035,8.851051977644213,0.8383366045407608,True,False,2.0
cool_days,40844,Dorudzan,0.10,-6.472537239494578,4.911644185935008,1.3177944074266101,True,False,2.0
cool_days,40844,Dorudzan,0.50,-9.27633792735391,4.328908468628657,2.1428815126443497,True,True,2.0
cool_days,40844,Dorudzan,0.90,-15.91060389143487,8.738257034823366,1.8207983386193085,True,False,2.0
cool_days,40844,Dorudzan,Delta1,-9.438066651940291,8.240332078590658,1.1453502798098982,True,False,2.0
cool_days,40847,Zarqan,0.10,-8.096477523621385,5.672791058469271,1.4272476176491002,True,False,2.0
cool_days,40847,Zarqan,0.50,-12.24182261453097,7.907379387110874,1.548151671397643,True,False,2.0
cool_days,40847,Zarqan,0.90,-17.637949814353306,7.308347228066026,2.41339789475503,True,True,2.0
cool_days,40847,Zarqan,Delta1,-9.54147229073192,6.610491076326885,1.4433832797840538,True,False,2.0
cool_days,40848,Shiraz,0.10,-5.173953028561694,5.361961266135031,0.9649366662230935,True,False,2.0
cool_days,40848,Shiraz,0.50,-9.772046006297964,4.861065427937684,2.010268356014244,True,True,2.0
cool_days,40848,Shiraz,0.90,-15.4613830774017,6.1206563682087145,2.5260988605257486,True,True,2.0
cool_days,40848,Shiraz,Delta1,-10.287430048840008,7.023146260477174,1.4647893789045265,True,False,2.0
cool_days,40849,Shahrebabak,0.10,-2.245993392978472,5.282567094387087,0.42517082184624194,True,False,2.0
cool_days,40849,Shahrebabak,0.50,-9.46964484399298,6.284886710855315,1.5067327828896135,True,False,2.0
cool_days,40849,Shahrebabak,0.90,-13.6674335309896,4.847420010070978,2.8195273986149747,True,True,2.0
cool_days,40849,Shahrebabak,Delta1,-11.421440138011128,6.146240616119275,1.8582806712866058,True,False,2.0
cool_days,40851,Sirjan,0.10,0.3543643548596092,5.489662107777487,0.064551214246422,False,False,2.0
cool_days,40851,Sirjan,0.50,-4.895602993153552,6.803611176276383,0.7195594907339952,True,False,2.0
cool_days,40851,Sirjan,0.90,-8.52089587374031,5.982285405509513,1.4243546230497144,True,False,2.0
cool_days,40851,Sirjan,Delta1,-8.875260228599918,7.188592665437246,1.2346311220654038,True,False,2.0
cool_days,40853,Baft,0.10,-2.883870878848682,2.6801989413527,1.0759913506245877,True,False,2.0
cool_days,40853,Baft,0.50,-6.027740994279243,6.801691280494753,0.8862120825102763,True,False,2.0
cool_days,40853,Baft,0.90,-13.366394306057266,8.813846984875196,1.5165221643845606,True,False,2.0
cool_days,40853,Baft,Delta1,-10.482523427208584,8.395714477788264,1.2485564456653677,True,False,2.0
cool_days,40854,Bam,0.10,-8.02811081999117,5.2549159851962,1.527733429536729,True,False,2.0
cool_days,40854,Bam,0.50,-11.511320504797078,4.587266472490518,2.5094074159043465,True,True,2.0
cool_days,40854,Bam,0.90,-16.213280863630793,5.886287985966471,2.7544151598231275,True,True,2.0
cool_days,40854,Bam,Delta1,-8.185170043639625,6.386411635735054,1.2816540039228994,True,False,2.0
cool_days,40856,Zahedan,0.10,-6.386893821682347,7.002046634446057,0.9121467129713889,True,False,2.0
cool_days,40856,Zahedan,0.50,-10.183743532101396,5.8630915778550685,1.7369238390485755,True,False,2.0
cool_days,40856,Zahedan,0.90,-11.553667328038989,7.849828828245854,1.4718368490362108,True,False,2.0
cool_days,40856,Zahedan,Delta1,-5.166773506356639,7.88778819397394,0.6550345140230713,True,False,2.0
cool_days,40857,Bushehr (Coastal),0.10,-7.117206576353822,5.663419273288054,1.2566978062038716,True,False,2.0
cool_days,40857,Bushehr (Coastal),0.50,-18.165195586538267,7.214442739529368,2.517893098937156,True,True,2.0
cool_days,40857,Bushehr (Coastal),0.90,-35.50747640451327,10.708282825064837,3.31588892304946,True,True,2.0
cool_days,40857,Bushehr (Coastal),Delta1,-28.39026982815945,10.45944449817397,2.7143190857904433,True,True,2.0
cool_days,40858,Bushehr (Airport),0.10,-3.051485281236809,4.650775023166369,0.6561240365394579,True,False,2.0
cool_days,40858,Bushehr (Airport),0.50,-8.610849796110148,3.148438247140924,2.7349590877094716,True,True,2.0
cool_days,40858,Bushehr (Airport),0.90,-20.27354395420544,7.393333965369279,2.742138262544025,True,True,2.0
cool_days,40858,Bushehr (Airport),Delta1,-17.222058672968632,7.789531534837669,2.2109235447530073,True,True,2.0
cool_days,40859,Fasa,0.10,-3.2647853537035,4.274550011874224,0.7637728754218082,True,False,2.0
cool_days,40859,Fasa,0.50,-4.069038153866191,5.748125794468455,0.7078895451073659,True,False,2.0
cool_days,40859,Fasa,0.90,-8.284401687139903,7.862811726677258,1.0536182189168104,True,False,2.0
cool_days,40859,Fasa,Delta1,-5.019616333436403,7.549241013209785,0.6649166882674691,True,False,2.0
cool_days,40870,Khash,0.10,-5.23581002174129,4.177025874895605,1.2534779957215723,True,False,2.0
cool_days,40870,Khash,0.50,-8.595352803258352,4.889801831491135,1.7578120953497245,True,False,2.0
cool_days,40870,Khash,0.90,-11.959065367973272,10.01240614493372,1.1944247161831885,True,False,2.0
cool_days,40870,Khash,Delta1,-6.723255346231979,9.23120753460648,0.728318079842475,True,False,2.0
cool_days,40873,Lar,0.10,-4.480520021704226,5.023267720755174,0.8919532604626229,True,False,2.0
cool_days,40873,Lar,0.50,-8.244004049003745,6.944462793197489,1.187133446388284,True,False,2.0
cool_days,40873,Lar,0.90,-12.69787642690032,7.2450556084530975,1.7526264963494824,True,False,2.0
cool_days,40873,Lar,Delta1,-8.217356405196092,6.674260245306361,1.231201077448981,True,False,2.0
cool_days,40875,Bandarabbas,0.10,-5.972109548629909,1.959330614010416,3.0480356433598605,True,True,2.0
cool_days,40875,Bandarabbas,0.50,-8.908746726082251,6.792707278070613,1.3115163603241085,True,False,2.0
cool_days,40875,Bandarabbas,0.90,-21.48349409518709,12.16164064201156,1.7664963739327917,True,False,2.0
cool_days,40875,Bandarabbas,Delta1,-15.511384546557183,12.009187603162571,1.291626466262574,True,False,2.0
cool_days,40876,Minab,0.10,-10.016490530521237,3.232164813613442,3.0990036424915988,True,True,2.0
cool_days,40876,Minab,0.50,-13.10262364488405,4.898980845334191,2.6745611094526,True,True,2.0
cool_days,40876,Minab,0.90,-24.41196823253072,9.935909218844946,2.4569435664961343,True,True,2.0
cool_days,40876,Minab,Delta1,-14.395477702009485,9.478445518851448,1.5187593443860254,True,False,2.0
cool_days,40877,Kahnuj,0.10,1.0810349752953272,2.47804705478058,0.43624473280675774,False,False,2.0
cool_days,40877,Kahnuj,0.50,-5.224902017077809,4.812641635016746,1.085661973885913,True,False,2.0
cool_days,40877,Kahnuj,0.90,-8.57902336163324,7.041387212571335,1.2183711962774448,True,False,2.0
cool_days,40877,Kahnuj,Delta1,-9.660058336928568,6.719728691682248,1.437566720347786,True,False,2.0
cool_days,40878,Saravan,0.10,-3.8566164723929592,4.075157246334958,0.9463724316065237,True,False,2.0
cool_days,40878,Saravan,0.50,-7.11413832391545,4.94376488515241,1.4390122688239715,True,False,2.0
cool_days,40878,Saravan,0.90,-11.138687581870194,4.123996954900699,2.700944666953179,True,True,2.0
cool_days,40878,Saravan,Delta1,-7.2820711094772355,4.828864486498095,1.5080297096426103,True,False,2.0
cool_days,40879,Iranshahr,0.10,-0.8022562909745165,3.649768669433561,0.21981017528407507,True,False,2.0
cool_days,40879,Iranshahr,0.50,-7.329856360720651,8.507037727743157,0.8616226464843948,True,False,2.0
cool_days,40879,Iranshahr,0.90,-14.850403501908952,7.356481173031593,2.0186830024590585,True,True,2.0
cool_days,40879,Iranshahr,Delta1,-14.048147210934436,7.304676639542667,1.9231716753739787,True,False,2.0
cool_days,40882,Kish Island,0.10,-6.6035083094565685,4.679503523838252,1.4111557509930448,True,False,2.0
cool_days,40882,Kish Island,0.50,-7.308380571191781,3.5632404700984948,2.0510489349571634,True,True,2.0
cool_days,40882,Kish Island,0.90,-23.19874013131461,11.116797435963166,2.086818642234679,True,True,2.0
cool_days,40882,Kish Island,Delta1,-16.59523182185805,10.994598199618464,1.5093986629210279,True,False,2.0
cool_days,40883,Bandar-E-Lengeh,0.10,-9.909993653061091,5.394322728125272,1.8371154549933988,True,False,2.0
cool_days,40883,Bandar-E-Lengeh,0.50,-13.89753594307279,6.858914193105357,2.02620058391206,True,True,2.0
cool_days,40883,Bandar-E-Lengeh,0.90,-30.01482055499688,14.606976436977757,2.0548277519647367,True,True,2.0
cool_days,40883,Bandar-E-Lengeh,Delta1,-20.104826901935787,13.14732327190599,1.5291954480876744,True,False,2.0
cool_days,40889,Siri Island,0.10,-8.3635010395762,5.294382962284799,1.5796932521040974,True,False,2.0
cool_days,40889,Siri Island,0.50,-12.737326964929592,4.095008617576546,3.1104518096149034,True,True,2.0
cool_days,40889,Siri Island,0.90,-24.069093059593712,11.051594744950975,2.1778841529264272,True,True,2.0
cool_days,40889,Siri Island,Delta1,-15.705592020017512,10.127392219588886,1.550803176126526,True,False,2.0
cool_days,40890,Abumusa Island,0.10,-8.924417162874184,8.872065804211367,1.0059006954883007,True,False,2.0
cool_days,40890,Abumusa Island,0.50,-16.61493288502173,7.344068308518077,2.262360885961636,True,True,2.0
cool_days,40890,Abumusa Island,0.90,-29.97362987609961,7.401612575865456,4.049608050796262,True,True,2.0
cool_days,40890,Abumusa Island,Delta1,-21.049212713225423,8.974888507479553,2.3453453149510755,True,True,2.0
cool_days,40893,Jask,0.10,-7.225036035756439,2.128610423448297,3.394250049782269,True,True,2.0
cool_days,40893,Jask,0.50,-7.186101689723113,4.454808966049151,1.613111077150469,True,False,2.0
cool_days,40893,Jask,0.90,-20.89641729792791,11.19888992833152,1.8659364840316088,True,False,2.0
cool_days,40893,Jask,Delta1,-13.671381262171476,11.464808264258307,1.1924648844579624,True,False,2.0
cool_days,40898,Chahbahar,0.10,-2.788026124306631,3.3246868386342734,0.8385830785349715,True,False,2.0
cool_days,40898,Chahbahar,0.50,-2.906842462902121,6.713214454728771,0.4330030691712148,True,False,2.0
cool_days,40898,Chahbahar,0.90,-24.357589393503744,15.794867627969891,1.5421205145379504,True,False,2.0
cool_days,40898,Chahbahar,Delta1,-21.569563269197104,14.988885103237484,1.4390372012751131,True,False,2.0
cool_days,88187,Jam,0.10,-5.590618028403664,4.189680590963761,1.3343781004359674,True,False,2.0
cool_days,88187,Jam,0.50,-12.99951970720586,3.452781565111795,3.764941240001366,True,True,2.0
cool_days,88187,Jam,0.90,-15.662332132946435,6.864804766539895,2.281540796220022,True,True,2.0
cool_days,88187,Jam,Delta1,-10.071714104542773,7.281941544812376,1.3831083430926219,True,False,2.0
cool_days,99331,Tehran (Geophysic),0.10,-13.567149509273811,3.6883505475605096,3.678378541933109,True,True,2.0
cool_days,99331,Tehran (Geophysic),0.50,-14.328540007527495,2.75886135909049,5.1936426454757285,True,True,2.0
cool_days,99331,Tehran (Geophysic),0.90,-15.788275835959274,10.734707616662588,1.4707690604867947,True,False,2.0
cool_days,99331,Tehran (Geophysic),Delta1,-2.221126326685459,9.528306678367596,0.23310819032810412,True,False,2.0
cool_days,99407,Boshruyeh,0.10,-6.773381163675785,2.846563721133704,2.3794939538462687,True,True,2.0
cool_days,99407,Boshruyeh,0.50,-6.970554430578248,2.8134384739904736,2.4775926308747316,True,True,2.0
cool_days,99407,Boshruyeh,0.90,-10.163631356263052,7.616209923232972,1.3344736369804175,True,False,2.0
cool_days,99407,Boshruyeh,Delta1,-3.3902501925872697,6.717429406312268,0.5046945769763508,True,False,2.0
cool_days,99421,Natanz,0.10,-8.77765058729172,4.086295864546544,2.1480702519482824,True,True,2.0
cool_days,99421,Natanz,0.50,-8.06679981722352,3.301516230159814,2.443362156918137,True,True,2.0
cool_days,99421,Natanz,0.90,-14.13175124009783,5.573383747936092,2.535578363024263,True,True,2.0
cool_days,99421,Natanz,Delta1,-5.354100652806108,5.939863754400274,0.9013844212907695,True,False,2.0
cool_days,99459,Borujen,0.10,-7.580899355565321,4.745706734925007,1.5974226346047309,True,False,2.0
cool_days,99459,Borujen,0.50,-14.605855863653565,3.770962956555562,3.873242997060547,True,True,2.0
cool_days,99459,Borujen,0.90,-23.583318747132434,6.799506284814876,3.468386932710147,True,True,2.0
cool_days,99459,Borujen,Delta1,-16.00241939156711,7.953576240291325,2.0119778710992744,True,True,2.0
cool_days,99623,Zahak,0.10,-1.9776352315520496,4.3106819082986085,0.45877549622598024,True,False,2.0
cool_days,99623,Zahak,0.50,-7.3078339049568095,4.030361057465812,1.8131958404619435,True,False,2.0
cool_days,99623,Zahak,0.90,-12.433704959364164,11.680238705659368,1.0645077787100123,True,False,2.0
cool_days,99623,Zahak,Delta1,-10.456069727812112,11.185664388103763,0.9347741327669733,True,False,2.0
cool_nights,19996,Bahookalat,0.10,-1.926982124741054,4.8896139433127015,0.394096987427095,True,False,2.0
cool_nights,19996,Bahookalat,0.50,-7.202363400019492,8.280691230606,0.869778041403001,True,False,2.0
cool_nights,19996,Bahookalat,0.90,-15.33582548580864,7.704411921488265,1.9905251227592995,True,False,2.0
cool_nights,19996,Bahookalat,Delta1,-13.408843361067586,8.403997998308675,1.5955314796322118,True,False,2.0
cool_nights,40700,Parsabad,0.10,0.5224214082621079,2.9133330068992067,0.1793208696104895,False,False,2.0
cool_nights,40700,Parsabad,0.50,-1.8423393962132557,2.674299697022508,0.6889053602572912,True,False,2.0
cool_nights,40700,Parsabad,0.90,-5.235243712009913,6.6794758351855394,0.7837806200947938,True,False,2.0
cool_nights,40700,Parsabad,Delta1,-5.75766512027202,6.739024826774197,0.8543766002162171,True,False,2.0
cool_nights,40701,Maku,0.10,-7.858148535078446,2.617352521821035,3.0023271491190275,True,True,2.0
cool_nights,40701,Maku,0.50,-4.686838860963792,3.468017664715476,1.3514460749865616,True,False,2.0
cool_nights,40701,Maku,0.90,-16.58948004941627,9.072385057025343,1.8285687771342936,True,False,2.0
cool_nights,40701,Maku,Delta1,-8.731331514337823,8.99839940110878,0.9703205120303897,True,False,2.0
cool_nights,40702,Jolfa,0.10,-4.6443385423079295,3.2925809235963674,1.4105465135341566,True,False,2.0
cool_nights,40702,Jolfa,0.50,-8.005117940598668,6.388369267497931,1.2530768973118476,True,False,2.0
cool_nights,40702,Jolfa,0.90,-14.083966188046132,6.528952721538127,2.1571554870638048,True,True,2.0
cool_nights,40702,Jolfa,Delta1,-9.4396276457382,6.732692810787563,1.4020582716344057,True,False,2.0
cool_nights,40703,Khoy,0.10,-10.13502749639305,3.4931846270833757,2.9013718364079892,True,True,2.0
cool_nights,40703,Khoy,0.50,-10.837610392969218,4.374397686326544,2.4775091727131553,True,True,2.0
cool_nights,40703,Khoy,0.90,-21.23770647444184,10.801513370099618,1.9661787887270812,True,False,2.0
cool_nights,40703,Khoy,Delta1,-11.10267897804879,10.41664034071566,1.0658598756310709,True,False,2.0
cool_nights,40704,Ahar,0.10,-4.050713350588366,2.9087734029418537,1.3925847047733542,True,False,2.0
cool_nights,40704,Ahar,0.50,-6.226954555003451,2.2190043052340043,2.806193093143544,True,True,2.0
cool_nights,40704,Ahar,0.90,-9.826675615887137,7.90242267256072,1.243501647919685,True,False,2.0
cool_nights,40704,Ahar,Delta1,-5.775962265298769,7.594967830514759,0.7604985819811295,True,False,2.0
cool_nights,40706,Tabriz,0.10,-2.195400053824235,3.8357519496073422,0.5723519358567942,True,False,2.0
cool_nights,40706,Tabriz,0.50,-0.7770795521607803,4.998450131819957,0.15546410020456528,True,False,2.0
cool_nights,40706,Tabriz,0.90,0.171255449578201,9.974046199873738,0.017170107912711386,False,False,2.0
cool_nights,40706,Tabriz,Delta1,2.366655503402436,9.988863880851568,0.23692939774054408,False,False,2.0
cool_nights,40708,Ardebil,0.10,-7.601112769018898,2.48323118403859,3.0609766895150163,True,True,2.0
cool_nights,40708,Ardebil,0.50,-14.571019062945524,3.9238719305318335,3.713428807287958,True,True,2.0
cool_nights,40708,Ardebil,0.90,-19.263693158772544,4.808970222345905,4.0057834147651175,True,True,2.0
cool_nights,40708,Ardebil,Delta1,-11.662580389753645,4.565356967048041,2.554582363204485,True,True,2.0
cool_nights,40709,Astara,0.10,-2.059354923087765,1.8670683352841253,1.1029885110093616,True,False,2.0
cool_nights,40709,Astara,0.50,-5.621581308119798,5.8320715176957885,0.9639081570009358,True,False,2.0
cool_nights,40709,Astara,0.90,-15.088872819832028,5.483903807229057,2.7514838608112338,True,True,2.0
cool_nights,40709,Astara,Delta1,-13.02951789674426,5.72626333939285,2.2753962094460305,True,True,2.0
cool_nights,40710,Sarab,0.10,-6.3638190024710415,2.7534270670317897,2.311235724624177,True,True,2.0
cool_nights,40710,Sarab,0.50,-6.403973083474487,3.51057915151155,1.8241927633841066,True,False,2.0
cool_nights,40710,Sarab,0.90,-7.459582452158127,3.772675533043317,1.9772658387456608,True,False,2.0
cool_nights,40710,Sarab,Delta1,-1.0957634496870852,4.997627257704254,0.21925673788453823,True,False,2.0
cool_nights,40712,Orumiyeh,0.10,2.581365251180161,5.234003961122736,0.49319130637922515,False,False,2.0
cool_nights,40712,Orumiyeh,0.50,1.4688339465902942,5.623441823544876,0.2611983892925522,False,False,2.0
cool_nights,40712,Orumiyeh,0.90,-1.8245945210520995,12.945522412578493,0.1409440625802197,True,False,2.0
cool_nights,40712,Orumiyeh,Delta1,-4.4059597722322605,11.536839266639094,0.38190354137748184,True,False,2.0
cool_nights,40713,Maragheh-Synoptic,0.10,-6.410733106513633,3.977175923817344,1.6118806985939234,True,False,2.0
cool_nights,40713,Maragheh-Synoptic,0.50,-8.9167928400861,3.682469972937095,2.4214163063423895,True,True,2.0
cool_nights,40713,Maragheh-Synoptic,0.90,-15.084815154674317,11.61865759147338,1.2983268536758203,True,False,2.0
cool_nights,40713,Maragheh-Synoptic,Delta1,-8.674082048160685,11.090471523895324,0.7821202218022623,True,False,2.0
cool_nights,40716,Mianeh,0.10,-8.129229304834789,3.056952515560193,2.659259266690013,True,True,2.0
cool_nights,40716,Mianeh,0.50,-10.36914480090518,2.995137625702796,3.4619927685199796,True,True,2.0
cool_nights,40716,Mianeh,0.90,-13.51358041586792,6.983057694963892,1.9351952978440623,True,False,2.0
cool_nights,40716,Mianeh,Delta1,-5.384351111033132,6.78399421198558,0.7936845083859834,True,False,2.0
cool_nights,40717,Khalkhal,0.10,-9.66090379037379,1.9172894601139856,5.038834245612259,True,True,2.0
cool_nights,40717,Khalkhal,0.50,-11.289512488020916,3.904730355064441,2.8912399734282297,True,True,2.0
cool_nights,40717,Khalkhal,0.90,-17.85972216847193,8.446168596684219,2.1145353616885254,True,True,2.0
cool_nights,40717,Khalkhal,Delta1,-8.19881837809814,8.11175477849793,1.01073301671187,True,False,2.0
cool_nights,40718,Bandar-E-Anzali,0.10,-1.5146607977249542,3.435974519897064,0.4408242229253583,True,False,2.0
cool_nights,40718,Bandar-E-Anzali,0.50,-3.8283721957966033,4.921369422601532,0.777907908765128,True,False,2.0
cool_nights,40718,Bandar-E-Anzali,0.90,-12.778067516300466,7.099905679422229,1.7997517281582125,True,False,2.0
cool_nights,40718,Bandar-E-Anzali,Delta1,-11.263406718575512,7.530022245925005,1.4957999260454895,True,False,2.0
cool_nights,40719,Rasht,0.10,-6.596203109533315,1.896034486243046,3.478946800489667,True,True,2.0
cool_nights,40719,Rasht,0.50,-12.714398063106696,1.7454941366138064,7.284125335288811,True,True,2.0
cool_nights,40719,Rasht,0.90,-20.27032409226629,6.859241227572277,2.9551846071231784,True,True,2.0
cool_nights,40719,Rasht,Delta1,-13.674120982732973,6.885145888652501,1.9860321340858542,True,False,2.0
cool_nights,40723,Bojnurd,0.10,-2.887281761131033,4.118749159477831,0.7010093718591686,True,False,2.0
cool_nights,40723,Bojnurd,0.50,-1.93157593381282,3.217123357942264,0.600404684217112,True,False,2.0
cool_nights,40723,Bojnurd,0.90,-2.9095119573740704,5.59834423456447,0.5197093703903721,True,False,2.0
cool_nights,40723,Bojnurd,Delta1,-0.022230196243037,5.291529708852815,0.004201090698942032,True,False,2.0
cool_nights,40724,Piranshahr,0.10,-10.163984127996308,4.889755722706695,2.0786281982957826,True,True,2.0
cool_nights,40724,Piranshahr,0.50,-14.92431999284922,5.353272759455963,2.7878870857994418,True,True,2.0
cool_nights,40724,Piranshahr,0.90,-28.88671535296988,13.080650934798438,2.2083545763095467,True,True,2.0
cool_nights,40724,Piranshahr,Delta1,-18.72273122497357,11.913519118344295,1.5715533788957898,True,False,2.0
cool_nights,40726,Mahabad,0.10,-3.2085971003071005,2.4506762786134555,1.3092700689633565,True,False,2.0
cool_nights,40726,Mahabad,0.50,-6.509461525960939,5.9927468542925295,1.086223343690597,True,False,2.0
cool_nights,40726,Mahabad,0.90,-15.962323489719342,7.867606999870182,2.028866399908222,True,True,2.0
cool_nights,40726,Mahabad,Delta1,-12.753726389412243,7.545473422412678,1.6902486663764853,True,False,2.0
cool_nights,40727,Saqez,0.10,-11.838436017018864,3.1667103471784577,3.738401912118967,True,True,2.0
cool_nights,40727,Saqez,0.50,-11.881838871903089,1.4050032908083638,8.456805012226635,True,True,2.0
cool_nights,40727,Saqez,0.90,-16.647537320354086,7.482659806678949,2.2248154734356165,True,True,2.0
cool_nights,40727,Saqez,Delta1,-4.809101303335226,9.312810844224009,0.5163963258545005,True,False,2.0
cool_nights,40728,Takab,0.10,-7.037629577510906,3.0099965565288547,2.338085590910689,True,True,2.0
cool_nights,40728,Takab,0.50,-7.049714532914603,2.038628718103164,3.45806692033358,True,True,2.0
cool_nights,40728,Takab,0.90,-13.059307970222203,8.737240963795031,1.4946718334010416,True,False,2.0
cool_nights,40728,Takab,Delta1,-6.021678392711299,8.606062369233777,0.6997019234067469,True,False,2.0
cool_nights,40729,Zanjan,0.10,-11.440927458679704,4.579743591346791,2.4981589537669304,True,True,2.0
cool_nights,40729,Zanjan,0.50,-13.258112505230145,3.7463613185852447,3.5389305456092166,True,True,2.0
cool_nights,40729,Zanjan,0.90,-16.428872690429657,6.917482902978967,2.3749784308617046,True,True,2.0
cool_nights,40729,Zanjan,Delta1,-4.987945231749952,7.261955469641411,0.6868597931510386,True,False,2.0
cool_nights,40730,Khorramdareh,0.10,-10.913547262463618,3.885944547366899,2.808467061080065,True,True,2.0
cool_nights,40730,Khorramdareh,0.50,-11.987891963135466,3.8182856811199337,3.139600586307969,True,True,2.0
cool_nights,40730,Khorramdareh,0.90,-16.530613617410875,8.8926851326754,1.8589001376727676,True,False,2.0
cool_nights,40730,Khorramdareh,Delta1,-5.617066354947253,8.827017098571673,0.6363493230183238,True,False,2.0
cool_nights,40731,Qazvin,0.10,-8.734078604933867,4.709007728485623,1.8547598790505007,True,False,2.0
cool_nights,40731,Qazvin,0.50,-8.999701635597626,3.703879490185853,2.4298041173974694,True,True,2.0
cool_nights,40731,Qazvin,0.90,-11.293288295550408,9.43667291153034,1.1967447003224552,True,False,2.0
cool_nights,40731,Qazvin,Delta1,-2.559209690616543,10.289489493715395,0.24872076424973802,True,False,2.0
cool_nights,40732,Ramsar,0.10,-11.150282782011018,4.124947891230685,2.7031330033806347,True,True,2.0
cool_nights,40732,Ramsar,0.50,-11.87363349890615,3.549993633259733,3.34469149117976,True,True,2.0
cool_nights,40732,Ramsar,0.90,-20.936120537292947,10.180988410192729,2.0563937108829906,True,True,2.0
cool_nights,40732,Ramsar,Delta1,-9.785837755281928,10.594785945157584,0.9236465753944382,True,False,2.0
cool_nights,40734,Nowshahr,0.10,-10.839263660755629,3.3175285079990173,3.267270691004063,True,True,2.0
cool_nights,40734,Nowshahr,0.50,-13.27820613284739,2.6288031035930883,5.051046278322836,True,True,2.0
cool_nights,40734,Nowshahr,0.90,-22.134248870551545,6.52551527715139,3.39195418759542,True,True,2.0
cool_nights,40734,Nowshahr,Delta1,-11.294985209795916,6.097273327977188,1.852464962980937,True,False,2.0
cool_nights,40736,Babolsar,0.10,-9.530366450646364,3.6825904416448423,2.5879517697302203,True,True,2.0
cool_nights,40736,Babolsar,0.50,-9.559421287170778,3.527910198585807,2.7096555039872485,True,True,2.0
cool_nights,40736,Babolsar,0.90,-18.15580206834211,7.691500076592163,2.3605020981013,True,True,2.0
cool_nights,40736,Babolsar,Delta1,-8.625435617695741,7.882187597173668,1.094294637289346,True,False,2.0
cool_nights,40737,Gharakhil,0.10,-5.517813028782076,4.421385619379254,1.2479827601096591,True,False,2.0
cool_nights,40737,Gharakhil,0.50,-0.9449715688346784,3.042347278444665,0.31060608219511837,True,False,2.0
cool_nights,40737,Gharakhil,0.90,-8.532546459192439,5.378479649672715,1.586423490458247,True,False,2.0
cool_nights,40737,Gharakhil,Delta1,-3.014733430410361,6.1728401503864925,0.48838676475716014,True,False,2.0
cool_nights,40738,Gorgan,0.10,7.482295888956538,7.634719783120524,0.9800354304422572,False,False,2.0
cool_nights,40738,Gorgan,0.50,7.488104420500917,5.19315408603611,1.4419183980378527,False,False,2.0
cool_nights,40738,Gorgan,0.90,6.575147572737019,7.132124815299498,0.9219058475578444,False,False,2.0
cool_nights,40738,Gorgan,Delta1,-0.9071483162195192,8.999956822181913,0.10079474092405633,True,False,2.0
cool_nights,40739,Shahrud,0.10,-2.777184437933762,3.5822391085917165,0.7752649540542688,True,False,2.0
cool_nights,40739,Shahrud,0.50,-3.685410766397928,2.986266283542673,1.2341199399089904,True,False,2.0
cool_nights,40739,Shahrud,0.90,-6.57262099908457,7.597960012710542,0.8650507488969811,True,False,2.0
cool_nights,40739,Shahrud,Delta1,-3.7954365611508094,7.348751547012779,0.5164736536362602,True,False,2.0
cool_nights,40740,Quchan,0.10,13.365157184454938,5.506073336189521,2.4273481968738717,False,False,2.0
cool_nights,40740,Quchan,0.50,13.866192118362363,8.135090331275126,1.7044914750428988,False,False,2.0
cool_nights,40740,Quchan,0.90,14.375883421266169,9.910106334549829,1.4506285740998761,False,False,2.0
cool_nights,40740,Quchan,Delta1,1.0107262368112309,11.866844314778907,0.08517228422323511,False,False,2.0
cool_nights,40741,Sarakhs,0.10,-7.901704742287629,3.714622679047824,2.1271890646812848,True,True,2.0
cool_nights,40741,Sarakhs,0.50,-6.816056034681516,2.409679351157266,2.828615363869079,True,True,2.0
cool_nights,40741,Sarakhs,0.90,-7.204235714711377,3.9647272465978256,1.8170823026712386,True,False,2.0
cool_nights,40741,Sarakhs,Delta1,0.6974690275762525,4.811761524122356,0.14495087175033425,False,False,2.0
cool_nights,40742,Biyarjomand,0.10,-6.736794716623063,2.736141897451324,2.462151075899349,True,True,2.0
cool_nights,40742,Biyarjomand,0.50,-7.468195845819557,4.907296874597739,1.5218553180424286,True,False,2.0
cool_nights,40742,Biyarjomand,0.90,-11.153530178084331,6.315906547439225,1.765942876815762,True,False,2.0
cool_nights,40742,Biyarjomand,Delta1,-4.416735461461271,5.991241303054579,0.7371987269498624,True,False,2.0
cool_nights,40743,Sabzevar,0.10,-0.8553110451512105,2.9236494708377814,0.2925491081207209,True,False,2.0
cool_nights,40743,Sabzevar,0.50,-4.4588778451335465,9.09073469141987,0.49048597242002673,True,False,2.0
cool_nights,40743,Sabzevar,0.90,-13.77096424214244,26.129614776902,0.5270251536320263,True,False,2.0
cool_nights,40743,Sabzevar,Delta1,-12.91565319699123,25.683390691439275,0.5028795984206339,True,False,2.0
cool_nights,40744,Golmakan,0.10,-5.303955160543534,2.7632303108836886,1.9194763243775055,True,False,2.0
cool_nights,40744,Golmakan,0.50,-5.367465596620177,2.8950928074618063,1.85398740336962,True,False,2.0
cool_nights,40744,Golmakan,0.90,-9.335398970555584,5.760332623981988,1.620635400756117,True,False,2.0
cool_nights,40744,Golmakan,Delta1,-4.031443810012051,5.534894061138599,0.7283687393978289,True,False,2.0
cool_nights,40745,Mashhad,0.10,-8.40726062378499,3.1116657112034165,2.7018521281110037,True,True,2.0
cool_nights,40745,Mashhad,0.50,-9.53749575135919,2.24862973058175,4.241470092495715,True,True,2.0
cool_nights,40745,Mashhad,0.90,-13.5200344700649,3.777283694500569,3.579300778956322,True,True,2.0
cool_nights,40745,Mashhad,Delta1,-5.112773846279908,4.059735578939885,1.2593859247392172,True,False,2.0
cool_nights,40746,Neyshabur,0.10,-2.382067526345092,3.756281918531155,0.6341556832019063,True,False,2.0
cool_nights,40746,Neyshabur,0.50,-3.104886554403354,4.1051045564706365,0.7563477401590911,True,False,2.0
cool_nights,40746,Neyshabur,0.90,-1.2816568262144028,6.655403857202601,0.1925738623400547,True,False,2.0
cool_nights,40746,Neyshabur,Delta1,1.1004107001306889,7.005528154279139,0.15707747879915843,False,False,2.0
cool_nights,40747,Sanandaj,0.10,-7.530430536743123,5.010113190812561,1.5030459891709167,True,False,2.0
cool_nights,40747,Sanandaj,0.50,-9.859352144157434,4.119597168273332,2.3932806392062442,True,True,2.0
cool_nights,40747,Sanandaj,0.90,-14.09368004616923,10.08180814316458,1.3979317842627943,True,False,2.0
cool_nights,40747,Sanandaj,Delta1,-6.563249509426107,10.457792986532088,0.6275941317521287,True,False,2.0
cool_nights,40748,Bijar,0.10,-7.821608956653996,3.351693641835387,2.3336288433482495,True,True,2.0
cool_nights,40748,Bijar,0.50,-8.1114212070565,3.058285364187117,2.652277417288197,True,True,2.0
cool_nights,40748,Bijar,0.90,-11.52638434724631,7.583760195792773,1.5198772178530617,True,False,2.0
cool_nights,40748,Bijar,Delta1,-3.704775390592313,7.594987399186099,0.4877921707927162,True,False,2.0
cool_nights,40749,Zarrineh,0.10,-5.613105331887109,2.6132427203741844,2.1479464146688145,True,True,2.0
cool_nights,40749,Zarrineh,0.50,-4.501346153419327,3.9488459560883222,1.1399143454758374,True,False,2.0
cool_nights,40749,Zarrineh,0.90,-8.592269520061777,7.079881338716752,1.2136177301552273,True,False,2.0
cool_nights,40749,Zarrineh,Delta1,-2.97916418817467,7.056810225535983,0.4221686701158801,True,False,2.0
cool_nights,40751,Tehran (Shemiran),0.10,-9.07188150353192,3.396086047220348,2.6712755146346,True,True,2.0
cool_nights,40751,Tehran (Shemiran),0.50,-10.294440525794055,1.591190128011598,6.469648312020586,True,True,2.0
cool_nights,40751,Tehran (Shemiran),0.90,-11.205355010166835,8.43735572398482,1.3280647843628828,True,False,2.0
cool_nights,40751,Tehran (Shemiran),Delta1,-2.133473506634913,8.595168858041678,0.24821775370228194,True,False,2.0
cool_nights,40752,Karaj,0.10,-7.055764295110626,3.569636426464917,1.9766058646196893,True,False,2.0
cool_nights,40752,Karaj,0.50,-7.803054547108275,3.877682795598446,2.0122983127876046,True,True,2.0
cool_nights,40752,Karaj,0.90,-12.241558395517648,6.723990363476808,1.8205794080269684,True,False,2.0
cool_nights,40752,Karaj,Delta1,-5.185794100407022,6.732166387444968,0.7703009405825404,True,False,2.0
cool_nights,40754,Tehran (Mehrabad Airport),0.10,-6.212252115196297,4.650328000067926,1.335873967407365,True,False,2.0
cool_nights,40754,Tehran (Mehrabad Airport),0.50,-7.881991646402882,4.239772286405198,1.8590601367145205,True,False,2.0
cool_nights,40754,Tehran (Mehrabad Airport),0.90,-10.357475155303264,8.05165317150483,1.286378701948917,True,False,2.0
cool_nights,40754,Tehran (Mehrabad Airport),Delta1,-4.145223040106966,8.138098971455578,0.5093601164899021,True,False,2.0
cool_nights,40755,Abali,0.10,-4.549791373691472,1.8155224097039904,2.506050792528244,True,True,2.0
cool_nights,40755,Abali,0.50,-3.654625852417673,2.654947486450931,1.3765341390247563,True,False,2.0
cool_nights,40755,Abali,0.90,-5.223633836611993,9.362823690664795,0.5579122291729384,True,False,2.0
cool_nights,40755,Abali,Delta1,-0.6738424629205206,9.531409418307309,0.0706970431493844,True,False,2.0
cool_nights,40757,Semnan,0.10,-3.368574417031847,2.8075138513818727,1.1998424924506845,True,False,2.0
cool_nights,40757,Semnan,0.50,-4.654875980947405,4.420949548088941,1.0529131649918024,True,False,2.0
cool_nights,40757,Semnan,0.90,-11.919118710734462,7.922626725864795,1.5044402725452688,True,False,2.0
cool_nights,40757,Semnan,Delta1,-8.550544293702616,8.608367417311234,0.9932829163991843,True,False,2.0
cool_nights,40758,Garmsar,0.10,-21.108835467746395,10.556492771271028,1.9996068699249285,True,False,2.0
cool_nights,40758,Garmsar,0.50,-21.831823471728967,4.907098440509044,4.449029041582508,True,True,2.0
cool_nights,40758,Garmsar,0.90,-26.574129695891653,7.205446693765055,3.688061382632462,True,True,2.0
cool_nights,40758,Garmsar,Delta1,-5.465294228145261,9.901086010992794,0.5519893698607765,True,False,2.0
cool_nights,40762,Torbat-E Heydariyeh,0.10,-7.148563576808421,1.7819988001950997,4.011542306328024,True,True,2.0
cool_nights,40762,Torbat-E Heydariyeh,0.50,-7.876915843815742,3.9318429945157054,2.0033647973234903,True,True,2.0
cool_nights,40762,Torbat-E Heydariyeh,0.90,-10.03710272745042,4.052084724427434,2.477021930697335,True,True,2.0
cool_nights,40762,Torbat-E Heydariyeh,Delta1,-2.8885391506419995,4.147559283897298,0.6964431254440692,True,False,2.0
cool_nights,40763,Kashmar,0.10,-6.292958450131701,3.550130027458074,1.7725994263476368,True,False,2.0
cool_nights,40763,Kashmar,0.50,-6.203328799923244,2.818713724818648,2.200765812187031,True,True,2.0
cool_nights,40763,Kashmar,0.90,-10.929948773029592,6.454202583678561,1.6934623032548333,True,False,2.0
cool_nights,40763,Kashmar,Delta1,-4.63699032289789,7.024877616276133,0.6600812962427016,True,False,2.0
cool_nights,40764,Ravansar,0.10,-7.788260644813968,2.6716822511657843,2.915114864956554,True,True,2.0
cool_nights,40764,Ravansar,0.50,-14.41683770298061,3.011428975252154,4.787374306834998,True,True,2.0
cool_nights,40764,Ravansar,0.90,-18.010008072275795,4.63351672839862,3.886898252010886,True,True,2.0
cool_nights,40764,Ravansar,Delta1,-10.221747427461828,5.2292184271064,1.9547371313609585,True,False,2.0
cool_nights,40765,Sarpol-E-Zahab,0.10,-11.112771040089733,5.528343470490973,2.0101448289903026,True,True,2.0
cool_nights,40765,Sarpol-E-Zahab,0.50,-16.250484707868768,4.305750089738358,3.7741356022026444,True,True,2.0
cool_nights,40765,Sarpol-E-Zahab,0.90,-24.296846390561903,6.381643141244056,3.8073025791011883,True,True,2.0
cool_nights,40765,Sarpol-E-Zahab,Delta1,-13.184075350472172,8.666141614832066,1.521331630204113,True,False,2.0
cool_nights,40766,Kermanshah,0.10,-11.54734713609159,3.629329147011058,3.181675364330467,True,True,2.0
cool_nights,40766,Kermanshah,0.50,-13.539299669114962,2.82237474867492,4.797130386555344,True,True,2.0
cool_nights,40766,Kermanshah,0.90,-19.013320158370835,4.208549481663925,4.517784628934333,True,True,2.0
cool_nights,40766,Kermanshah,Delta1,-7.465973022279247,5.195040633495946,1.4371346730458778,True,False,2.0
cool_nights,40768,Hamedan (Airport),0.10,-3.808914553978558,5.130338822920085,0.7424294350622638,True,False,2.0
cool_nights,40768,Hamedan (Airport),0.50,-5.598898901874801,5.4828877504622415,1.0211587682791388,True,False,2.0
cool_nights,40768,Hamedan (Airport),0.90,-11.302376577289914,8.564108275531526,1.319737702240627,True,False,2.0
cool_nights,40768,Hamedan (Airport),Delta1,-7.493462023311358,7.732055218627197,0.9691423316867879,True,False,2.0
cool_nights,40769,Arak,0.10,-6.551831220961095,3.828882453490119,1.7111601885267964,True,False,2.0
cool_nights,40769,Arak,0.50,-6.691304941222443,3.706916263639788,1.8050866179135945,True,False,2.0
cool_nights,40769,Arak,0.90,-14.329075629722924,9.304309164342206,1.5400472379655668,True,False,2.0
cool_nights,40769,Arak,Delta1,-7.777244408761828,9.56942638282846,0.8127179307965049,True,False,2.0
cool_nights,40770,Qom,0.10,-8.799413480998947,5.739701408547767,1.5330786141408936,True,False,2.0
cool_nights,40770,Qom,0.50,-11.21541656486028,3.734378433864532,3.0032887034573985,True,True,2.0
cool_nights,40770,Qom,0.90,-15.0470781430621,6.002286846277507,2.5068908781648753,True,True,2.0
cool_nights,40770,Qom,Delta1,-6.247664662063153,6.237008877640945,1.001708476712356,True,False,2.0
cool_nights,40771,Kangavar,0.10,-12.02945586462531,1.9498358052216904,6.169471210042529,True,True,2.0
cool_nights,40771,Kangavar,0.50,-11.060230317593373,2.6389251764516817,4.191187539642575,True,True,2.0
cool_nights,40771,Kangavar,0.90,-15.349556991892143,4.356723510481571,3.5231882296325656,True,True,2.0
cool_nights,40771,Kangavar,Delta1,-3.3201011272668337,4.1427739577816,0.8014198122083165,True,False,2.0
cool_nights,40772,Qorveh,0.10,-12.74635551174199,4.777891611860006,2.667778289507892,True,True,2.0
cool_nights,40772,Qorveh,0.50,-14.302903213323036,1.9763311530882728,7.237098494841263,True,True,2.0
cool_nights,40772,Qorveh,0.90,-15.998314787875266,7.1970448134274845,2.222900538013506,True,True,2.0
cool_nights,40772,Qorveh,Delta1,-3.251959276133276,7.38324244327342,0.44045137365034076,True,False,2.0
cool_nights,40774,Borujerd,0.10,-12.357252366382395,3.75172048723452,3.293756133600244,True,True,2.0
cool_nights,40774,Borujerd,0.50,-17.593447040210922,2.701927407613243,6.5114432721758995,True,True,2.0
cool_nights,40774,Borujerd,0.90,-22.975117777162176,4.941360415446166,4.649553128192068,True,True,2.0
cool_nights,40774,Borujerd,Delta1,-10.617865410779782,5.620848531885313,1.8890146835567543,True,False,2.0
cool_nights,40778,Gonabad,0.10,-2.2428422714168166,4.254803623473791,0.5271317950006048,True,False,2.0
cool_nights,40778,Gonabad,0.50,-7.494330435432023,4.276173521550676,1.7525786541782664,True,False,2.0
cool_nights,40778,Gonabad,0.90,-12.3437593273346,4.062946632357426,3.0381298216000525,True,True,2.0
cool_nights,40778,Gonabad,Delta1,-10.100917055917783,5.189562367305425,1.9463909171906686,True,False,2.0
cool_nights,40779,Eslamabad-E-Gharb,0.10,-9.368439919226995,4.092465998871116,2.289191876441057,True,True,2.0
cool_nights,40779,Eslamabad-E-Gharb,0.50,-11.237687198710836,4.61785396270079,2.433530226265185,True,True,2.0
cool_nights,40779,Eslamabad-E-Gharb,0.90,-16.631188270564557,5.857123528189379,2.8394805386161592,True,True,2.0
cool_nights,40779,Eslamabad-E-Gharb,Delta1,-7.262748351337561,6.115114933856184,1.1876716022339227,True,False,2.0
cool_nights,40780,Ilam,0.10,6.3915904763670826,5.318076085712875,1.2018614200609554,False,False,2.0
cool_nights,40780,Ilam,0.50,6.835019337992105,10.555639271751703,0.6475230122995513,False,False,2.0
cool_nights,40780,Ilam,0.90,7.990960462173732,23.387644695494046,0.34167444247659967,False,False,2.0
cool_nights,40780,Ilam,Delta1,1.59936998580665,21.719128533369823,0.07363877345950309,False,False,2.0
cool_nights,40782,Khorramabad,0.10,-6.16026366546399,3.898280609549428,1.580251470449175,True,False,2.0
cool_nights,40782,Khorramabad,0.50,-12.557541570521757,5.577874054855337,2.251313214860216,True,True,2.0
cool_nights,40782,Khorramabad,0.90,-20.425968258734702,13.800278101498884,1.480112799793229,True,False,2.0
cool_nights,40782,Khorramabad,Delta1,-14.265704593270712,12.852336270206797,1.109969759065538,True,False,2.0
cool_nights,40783,Aligudarz,0.10,-8.457870820471683,3.289549585783889,2.5711334028899278,True,True,2.0
cool_nights,40783,Aligudarz,0.50,-10.645159507604928,4.894340103678775,2.17499382595084,True,True,2.0
cool_nights,40783,Aligudarz,0.90,-19.521468303934704,5.6959191886450125,3.4272726942565024,True,True,2.0
cool_nights,40783,Aligudarz,Delta1,-11.063597483463022,6.256020696829868,1.7684720079441731,True,False,2.0
cool_nights,40785,Kashan,0.10,-7.5217940134313315,5.761894520234702,1.3054376450343181,True,False,2.0
cool_nights,40785,Kashan,0.50,-11.811285712197106,5.404962505067632,2.1852669100151902,True,True,2.0
cool_nights,40785,Kashan,0.90,-22.12705303600364,11.463014550569197,1.930299655329751,True,False,2.0
cool_nights,40785,Kashan,Delta1,-14.60525902257231,10.148689105145472,1.439127642127427,True,False,2.0
cool_nights,40787,Daran,0.10,-7.127092495775826,4.434963910936283,1.6070237861915764,True,False,2.0
cool_nights,40787,Daran,0.50,-6.001518901034521,3.137182559147841,1.9130282627430917,True,False,2.0
cool_nights,40787,Daran,0.90,-10.311771343073636,7.171819364138161,1.4378180513910368,True,False,2.0
cool_nights,40787,Daran,Delta1,-3.1846788472978096,7.619348759346234,0.417972578482031,True,False,2.0
cool_nights,40789,Khur-Va-Biabanak,0.10,-9.86934017212574,3.3915940346663738,2.9099414821610785,True,True,2.0
cool_nights,40789,Khur-Va-Biabanak,0.50,-13.474658355198136,3.76004969404591,3.583638369603317,True,True,2.0
cool_nights,40789,Khur-Va-Biabanak,0.90,-18.9965223121298,6.215382178303402,3.056372362498107,True,True,2.0
cool_nights,40789,Khur-Va-Biabanak,Delta1,-9.12718214000406,6.082272933999663,1.5006202843978729,True,False,2.0
cool_nights,40790,Robat-E-Poshtebadam,0.10,-0.7637718280597402,3.498593292512272,0.21830826397980388,True,False,2.0
cool_nights,40790,Robat-E-Poshtebadam,0.50,-3.157396264756722,3.1898520980188687,0.9898252858550075,True,False,2.0
cool_nights,40790,Robat-E-Poshtebadam,0.90,-6.350184654092624,5.008401648983477,1.267906429865001,True,False,2.0
cool_nights,40790,Robat-E-Poshtebadam,Delta1,-5.586412826032883,4.934873216162592,1.1320276289442213,True,False,2.0
cool_nights,40791,Tabas,0.10,-4.870988216027684,2.627660010960404,1.853736098167186,True,False,2.0
cool_nights,40791,Tabas,0.50,-9.501543342966448,4.8198012385100375,1.971355844935982,True,False,2.0
cool_nights,40791,Tabas,0.90,-14.5547241695269,5.1860615254630735,2.8065081947185884,True,True,2.0
cool_nights,40791,Tabas,Delta1,-9.683735953499216,5.037718480585797,1.9222463483853052,True,False,2.0
cool_nights,40792,Ferdows,0.10,-10.929772121200498,8.0699197021115,1.3543842472609382,True,False,2.0
cool_nights,40792,Ferdows,0.50,-14.26759240559294,6.000763762187609,2.37762941035886,True,True,2.0
cool_nights,40792,Ferdows,0.90,-20.87324152871525,6.862586449215251,3.0415997937777735,True,True,2.0
cool_nights,40792,Ferdows,Delta1,-9.943469407514751,8.100878060440822,1.2274557564410076,True,False,2.0
cool_nights,40793,Qaen,0.10,-9.924011935939594,5.304350674536779,1.8709192783160484,True,False,2.0
cool_nights,40793,Qaen,0.50,-10.600371296510922,4.948791732752881,2.142012003930951,True,True,2.0
cool_nights,40793,Qaen,0.90,-13.603689944859587,6.19523257704682,2.1958320007647356,True,True,2.0
cool_nights,40793,Qaen,Delta1,-3.679678008919994,6.483428999108238,0.5675512154796659,True,False,2.0
cool_nights,40794,Safiabad (Dezful),0.10,-12.216498841412498,4.536232399612492,2.693093687716726,True,True,2.0
cool_nights,40794,Safiabad (Dezful),0.50,-14.30819884587976,6.064867530537307,2.359193959939987,True,True,2.0
cool_nights,40794,Safiabad (Dezful),0.90,-17.89621407159386,6.9751556193361575,2.565708214736159,True,True,2.0
cool_nights,40794,Safiabad (Dezful),Delta1,-5.679715230181361,7.042640982839703,0.8064751907729948,True,False,2.0
cool_nights,40796,Dehloran,0.10,-7.104708729473546,4.247949756035272,1.6725030043915976,True,False,2.0
cool_nights,40796,Dehloran,0.50,-11.011289468021978,5.020315434517101,2.193346137637892,True,True,2.0
cool_nights,40796,Dehloran,0.90,-12.75704800134532,9.77037720021032,1.3056863353311179,True,False,2.0
cool_nights,40796,Dehloran,Delta1,-5.652339271871774,9.797248150639764,0.5769313163209686,True,False,2.0
cool_nights,40797,Kuhrang,0.10,-3.919083451285315,2.479289802086623,1.5807282585468352,True,False,2.0
cool_nights,40797,Kuhrang,0.50,-3.53540455577064,1.94346030068523,1.8191287748579779,True,False,2.0
cool_nights,40797,Kuhrang,0.90,-4.999188982044991,6.7778574973236285,0.7375765843438019,True,False,2.0
cool_nights,40797,Kuhrang,Delta1,-1.080105530759676,7.35199685448823,0.14691321992341383,True,False,2.0
cool_nights,40798,Shahrekord,0.10,4.660758663329821,8.483079674581747,0.5494182351363589,False,False,2.0
cool_nights,40798,Shahrekord,0.50,14.696394943003774,7.491748702543931,1.9616775103539448,False,False,2.0
cool_nights,40798,Shahrekord,0.90,9.938001713813245,8.783546111444238,1.1314338864646987,False,False,2.0
cool_nights,40798,Shahrekord,Delta1,5.277243050483422,11.77886699719192,0.44802637229383063,False,False,2.0
cool_nights,40799,Ardestan,0.10,-6.986563427554184,1.9079327812621,3.661849880755528,True,True,2.0
cool_nights,40799,Ardestan,0.50,-8.731183140922786,2.3228017515141737,3.758901565848724,True,True,2.0
cool_nights,40799,Ardestan,0.90,-10.57435668675089,6.154895156441995,1.7180400994618543,True,False,2.0
cool_nights,40799,Ardestan,Delta1,-3.5877932591967068,6.309341144015575,0.5686478472636937,True,False,2.0
cool_nights,40800,Esfahan,0.10,-8.232215746211297,7.944977669483761,1.0361534152362446,True,False,2.0
cool_nights,40800,Esfahan,0.50,-14.007638540105502,2.1492689559587683,6.517396764732419,True,True,2.0
cool_nights,40800,Esfahan,0.90,-25.589282244558536,3.121456135166971,8.197867000680992,True,True,2.0
cool_nights,40800,Esfahan,Delta1,-17.35706649834724,9.224094069526332,1.881709614789146,True,False,2.0
cool_nights,40801,Naein,0.10,-5.903284242030013,3.309285859094299,1.783854430649171,True,False,2.0
cool_nights,40801,Naein,0.50,-8.279657012085323,4.629959192863613,1.7882786148195804,True,False,2.0
cool_nights,40801,Naein,0.90,-12.927149189279548,6.970687769645858,1.854501251020214,True,False,2.0
cool_nights,40801,Naein,Delta1,-7.023864947249533,7.1344656284174,0.9844976923390966,True,False,2.0
cool_nights,40802,Esfahan (Airport),0.10,10.390729215941796,8.44818042687696,1.2299369439228394,False,False,2.0
cool_nights,40802,Esfahan (Airport),0.50,10.372057331159937,6.884607197192247,1.5065576051150715,False,False,2.0
cool_nights,40802,Esfahan (Airport),0.90,11.132945220767745,10.503518768041443,1.0599252942396244,False,False,2.0
cool_nights,40802,Esfahan (Airport),Delta1,0.7422160048259454,10.298907424168757,0.07206745087194052,False,False,2.0
cool_nights,40803,Kabutarabad,0.10,-7.288310445135973,2.478593161267971,2.940502926832696,True,True,2.0
cool_nights,40803,Kabutarabad,0.50,-12.179361967847804,4.037398845651977,3.0166358176290173,True,True,2.0
cool_nights,40803,Kabutarabad,0.90,-12.483414186951457,6.814340240950788,1.831932915813678,True,False,2.0
cool_nights,40803,Kabutarabad,Delta1,-5.19510374181548,6.8168403974588765,0.7620984853557766,True,False,2.0
cool_nights,40809,Birjand,0.10,-2.1084249894842078,3.0491946455429257,0.69146946475396,True,False,2.0
cool_nights,40809,Birjand,0.50,-2.3128456613691,3.610527388502811,0.6405838849842309,True,False,2.0
cool_nights,40809,Birjand,0.90,-7.96065887027725,3.950309874777356,2.0151985850795873,True,True,2.0
cool_nights,40809,Birjand,Delta1,-5.852233880793044,3.971159639952379,1.4736838635032112,True,False,2.0
cool_nights,40810,Bostan,0.10,-13.101566217609916,5.260819415271785,2.490404095524929,True,True,2.0
cool_nights,40810,Bostan,0.50,-17.699443076471375,2.9723111389519232,5.954774668277977,True,True,2.0
cool_nights,40810,Bostan,0.90,-22.60454573695252,6.001257623338862,3.7666347881889872,True,True,2.0
cool_nights,40810,Bostan,Delta1,-9.502979519342604,6.556362363118264,1.4494286607463993,True,False,2.0
cool_nights,40811,Ahvaz,0.10,-3.804755443103205,5.876518585572625,0.6474505930167935,True,False,2.0
cool_nights,40811,Ahvaz,0.50,-5.864587823368449,4.317629193189605,1.358288903692548,True,False,2.0
cool_nights,40811,Ahvaz,0.90,-9.41807785941159,9.184147729295391,1.025471076577962,True,False,2.0
cool_nights,40811,Ahvaz,Delta1,-5.613322416308385,9.123094162180582,0.6152871291823542,True,False,2.0
cool_nights,40812,Masjedsoleyman,0.10,-6.246199324413681,3.6313966069095103,1.7200542933065883,True,False,2.0
cool_nights,40812,Masjedsoleyman,0.50,-7.856754094199937,4.5767042622846486,1.716683806499203,True,False,2.0
cool_nights,40812,Masjedsoleyman,0.90,-12.10176741208362,8.440466919047628,1.433779378339073,True,False,2.0
cool_nights,40812,Masjedsoleyman,Delta1,-5.855568087669939,9.117564989173143,0.6422293775392075,True,False,2.0
cool_nights,40813,Ramhormoz,0.10,-7.880014581540068,3.0596431334720067,2.5754685228920877,True,True,2.0
cool_nights,40813,Ramhormoz,0.50,-13.625975754241022,7.43884686212532,1.8317322572692407,True,False,2.0
cool_nights,40813,Ramhormoz,0.90,-20.887273076720437,11.370733130563163,1.8369328377409508,True,False,2.0
cool_nights,40813,Ramhormoz,Delta1,-13.007258495180368,10.74412509006732,1.2106391526663498,True,False,2.0
cool_nights,40818,Abadeh,0.10,-7.572335594146852,3.5577830139828714,2.128386010160233,True,True,2.0
cool_nights,40818,Abadeh,0.50,-7.719830659115292,3.5344801364249387,2.1841488312687924,True,True,2.0
cool_nights,40818,Abadeh,0.90,-14.409018156923034,7.282596800885771,1.9785549785167962,True,False,2.0
cool_nights,40818,Abadeh,Delta1,-6.836682562776179,6.82480618207294,1.0017401784587576,True,False,2.0
cool_nights,40821,Yazd,0.10,-7.437226933201527,4.43244123451721,1.6779076223921114,True,False,2.0
cool_nights,40821,Yazd,0.50,-14.038689745282682,3.981081570539009,3.5263506905189956,True,True,2.0
cool_nights,40821,Yazd,0.90,-23.105458590704387,6.722023260390153,3.4372773933786305,True,True,2.0
cool_nights,40821,Yazd,Delta1,-15.668231657502863,6.524092476189664,2.4015955804865827,True,True,2.0
cool_nights,40827,Nehbandan,0.10,-3.623361075797604,3.8529223070998135,0.9404189306181453,True,False,2.0
cool_nights,40827,Nehbandan,0.50,-4.8955572014158095,2.973273839034336,1.646520793727427,True,False,2.0
cool_nights,40827,Nehbandan,0.90,-4.947062326017537,3.2973220038458337,1.5003273323768584,True,False,2.0
cool_nights,40827,Nehbandan,Delta1,-1.3237012502199337,4.345339285037418,0.30462552251740577,True,False,2.0
cool_nights,40829,Zabol,0.10,-6.69843534384859,3.2768853005158056,2.0441470266884862,True,True,2.0
cool_nights,40829,Zabol,0.50,-4.622929205605598,3.60422233290736,1.2826426281745207,True,False,2.0
cool_nights,40829,Zabol,0.90,-3.873083615809679,5.190185759344895,0.7462321765336082,True,False,2.0
cool_nights,40829,Zabol,Delta1,2.825351728038912,4.728883751322462,0.597466944973808,False,False,2.0
cool_nights,40831,Abadan,0.10,-11.538086796741634,2.8311933663424287,4.075343964106378,True,True,2.0
cool_nights,40831,Abadan,0.50,-17.155459487723935,3.374716935259957,5.083525468011567,True,True,2.0
cool_nights,40831,Abadan,0.90,-22.324226825696627,7.6178257578011666,2.930524737039977,True,True,2.0
cool_nights,40831,Abadan,Delta1,-10.786140028954994,7.504900774879836,1.4372128762925178,True,False,2.0
cool_nights,40832,Bandar-E- Mahshahr,0.10,-11.38410871474556,3.893761531217996,2.9236789730121275,True,True,2.0
cool_nights,40832,Bandar-E- Mahshahr,0.50,-17.620204070198,3.801698801490891,4.634823795953531,True,True,2.0
cool_nights,40832,Bandar-E- Mahshahr,0.90,-17.71874781786419,3.9244358819096856,4.514979566755464,True,True,2.0
cool_nights,40832,Bandar-E- Mahshahr,Delta1,-6.334639103118632,4.301559682990493,1.472637733742827,True,False,2.0
cool_nights,40833,Omidiyeh (Aghajari),0.10,-15.7311446792569,5.135153259059284,3.0634226255086903,True,True,2.0
cool_nights,40833,Omidiyeh (Aghajari),0.50,-14.011440705229449,2.9702491830833275,4.7172610247752305,True,True,2.0
cool_nights,40833,Omidiyeh (Aghajari),0.90,-16.355699117604455,5.837461304690772,2.8018513980489446,True,True,2.0
cool_nights,40833,Omidiyeh (Aghajari),Delta1,-0.6245544383475544,7.67050874096651,0.08142281815180598,True,False,2.0
cool_nights,40835,Dogonbadan,0.10,-6.645086786396185,3.7085985802174624,1.7918053525239,True,False,2.0
cool_nights,40835,Dogonbadan,0.50,-4.130818910876778,4.83305598946638,0.8547012324872454,True,False,2.0
cool_nights,40835,Dogonbadan,0.90,-11.745470268249328,12.04706651466492,0.9749651713096746,True,False,2.0
cool_nights,40835,Dogonbadan,Delta1,-5.100383481853144,11.882852023214276,0.4292221658478168,True,False,2.0
cool_nights,40836,Yasuj,0.10,3.153371832144769,6.267581850661843,0.5031241565376254,False,False,2.0
cool_nights,40836,Yasuj,0.50,6.711652792371171,7.818982272257463,0.8583793336103078,False,False,2.0
cool_nights,40836,Yasuj,0.90,-4.536674149423788,13.804353631160184,0.32864082380382365,True,False,2.0
cool_nights,40836,Yasuj,Delta1,-7.690045981568556,13.34018848905306,0.5764570708936382,True,False,2.0
cool_nights,40839,Anar,0.10,-6.441672641596333,3.481528437012632,1.850242719006394,True,False,2.0
cool_nights,40839,Anar,0.50,-9.44704445738376,4.0316707023671885,2.34320835078047,True,True,2.0
cool_nights,40839,Anar,0.90,-15.795859144773486,6.676487522596042,2.365893606677711,True,True,2.0
cool_nights,40839,Anar,Delta1,-9.354186503177154,6.312734427851289,1.4817962976404038,True,False,2.0
cool_nights,40841,Kerman,0.10,-6.637652208857633,2.955363509669553,2.2459681142912284,True,True,2.0
cool_nights,40841,Kerman,0.50,-10.194699591222534,4.951274174542435,2.0590052644710717,True,True,2.0
cool_nights,40841,Kerman,0.90,-16.277936712152655,4.284578474915315,3.799192104300153,True,True,2.0
cool_nights,40841,Kerman,Delta1,-9.640284503295025,4.357251784114189,2.2124690013191084,True,True,2.0
cool_nights,40844,Dorudzan,0.10,6.192323725523801,8.49189716100644,0.729203805476832,False,False,2.0
cool_nights,40844,Dorudzan,0.50,14.02697948296892,9.588998134602887,1.4628201284502413,False,False,2.0
cool_nights,40844,Dorudzan,0.90,14.22905199477164,13.197216017762893,1.0781858822057575,False,False,2.0
cool_nights,40844,Dorudzan,Delta1,8.036728269247838,12.680905441949683,0.633766122303976,False,False,2.0
cool_nights,40847,Zarqan,0.10,-11.477760927055131,2.22446272257892,5.1597901868854175,True,True,2.0
cool_nights,40847,Zarqan,0.50,-12.221429295814287,1.9942693423655693,6.128274168481891,True,True,2.0
cool_nights,40847,Zarqan,0.90,-17.459630966299414,7.51455680707531,2.323441210779104,True,True,2.0
cool_nights,40847,Zarqan,Delta1,-5.9818700392442805,8.278737167433206,0.7225582740778009,True,False,2.0
cool_nights,40848,Shiraz,0.10,10.289570102328064,6.86284061106296,1.4993164908625716,False,False,2.0
cool_nights,40848,Shiraz,0.50,13.275024980738747,9.508219013659671,1.3961631470275997,False,False,2.0
cool_nights,40848,Shiraz,0.90,3.889720535278398,18.3493965250374,0.21198084252912347,False,False,2.0
cool_nights,40848,Shiraz,Delta1,-6.3998495670496665,18.457603824061447,0.34673241597627,True,False,2.0
cool_nights,40849,Shahrebabak,0.10,-2.858731144543805,4.315281390405546,0.6624669137219681,True,False,2.0
cool_nights,40849,Shahrebabak,0.50,-2.707751207412934,3.259114552956428,0.830824189642755,True,False,2.0
cool_nights,40849,Shahrebabak,0.90,-1.2280621423536275,4.758197920967137,0.2580939596779142,True,False,2.0
cool_nights,40849,Shahrebabak,Delta1,1.6306690021901775,4.7733652461182405,0.3416183170806503,False,False,2.0
cool_nights,40851,Sirjan,0.10,-5.098025330397352,4.780199383740703,1.0664880104661947,True,False,2.0
cool_nights,40851,Sirjan,0.50,-2.8742143010242427,3.9488611631755774,0.7278590414439564,True,False,2.0
cool_nights,40851,Sirjan,0.90,-5.548920534337437,5.762685798871527,0.9629052716051341,True,False,2.0
cool_nights,40851,Sirjan,Delta1,-0.4508952039400853,6.360764829588783,0.0708869477209135,True,False,2.0
cool_nights,40853,Baft,0.10,-11.333190448416865,3.2789184210584734,3.456380730801585,True,True,2.0
cool_nights,40853,Baft,0.50,-12.013968338280929,4.652841266602295,2.582071394637119,True,True,2.0
cool_nights,40853,Baft,0.90,-17.023032659855602,6.47210253527037,2.6302167753194396,True,True,2.0
cool_nights,40853,Baft,Delta1,-5.689842211438738,6.253252151296089,0.9099012919636424,True,False,2.0
cool_nights,40854,Bam,0.10,-8.973096121340948,4.48098812131996,2.002481568439809,True,True,2.0
cool_nights,40854,Bam,0.50,-13.391070118964858,2.853772525097854,4.692409784310223,True,True,2.0
cool_nights,40854,Bam,0.90,-18.97911950766873,5.176042799378379,3.6667238358129577,True,True,2.0
cool_nights,40854,Bam,Delta1,-10.006023386327788,5.203479005670058,1.9229487378395411,True,False,2.0
cool_nights,40856,Zahedan,0.10,-6.255369367111591,3.490976580693237,1.791868041082476,True,False,2.0
cool_nights,40856,Zahedan,0.50,-8.247526826494061,3.530737297330961,2.3359219709517127,True,True,2.0
cool_nights,40856,Zahedan,0.90,-10.699686737001398,5.986745351971579,1.7872293053984223,True,False,2.0
cool_nights,40856,Zahedan,Delta1,-4.444317369889808,6.099767431489341,0.728604396775283,True,False,2.0
cool_nights,40857,Bushehr (Coastal),0.10,-6.022423208343515,3.1895089626504496,1.8881976125061402,True,False,2.0
cool_nights,40857,Bushehr (Coastal),0.50,-11.227804830639649,4.184535905606996,2.6831660867326166,True,True,2.0
cool_nights,40857,Bushehr (Coastal),0.90,-24.95418984570426,11.402672515781084,2.188450980344137,True,True,2.0
cool_nights,40857,Bushehr (Coastal),Delta1,-18.93176663736074,10.666274603384585,1.774918361032387,True,False,2.0
cool_nights,40858,Bushehr (Airport),0.10,-7.368311959489474,3.681343329145771,2.0015280566616527,True,True,2.0
cool_nights,40858,Bushehr (Airport),0.50,-13.328615570314884,3.0492611030184635,4.371096839532989,True,True,2.0
cool_nights,40858,Bushehr (Airport),0.90,-19.459790649578125,5.039301429296057,3.861604812216298,True,True,2.0
cool_nights,40858,Bushehr (Airport),Delta1,-12.091478690088652,5.507247509181855,2.1955575212353104,True,True,2.0
cool_nights,40859,Fasa,0.10,-11.294782200917316,4.684859886661661,2.4109114198003807,True,True,2.0
cool_nights,40859,Fasa,0.50,-14.79305508388085,3.00725770110188,4.919117865575861,True,True,2.0
cool_nights,40859,Fasa,0.90,-19.62028904487196,9.915554430968518,1.9787384741284222,True,False,2.0
cool_nights,40859,Fasa,Delta1,-8.32550684395464,8.925523197802619,0.9327752177042465,True,False,2.0
cool_nights,40870,Khash,0.10,-16.084899202889165,2.4148206389259586,6.660908451587219,True,True,2.0
cool_nights,40870,Khash,0.50,-13.189180122150866,2.643504042050747,4.989279347543239,True,True,2.0
cool_nights,40870,Khash,0.90,-18.37633809282767,7.509598038808042,2.447046832315468,True,True,2.0
cool_nights,40870,Khash,Delta1,-2.291438889938504,6.915898860408562,0.33132914986023027,True,False,2.0
cool_nights,40873,Lar,0.10,-7.34616300973449,1.9019847677774344,3.862366899141287,True,True,2.0
cool_nights,40873,Lar,0.50,-9.198466896168044,4.150413575048455,2.2162771805363164,True,True,2.0
cool_nights,40873,Lar,0.90,-18.0223038411692,12.98103878574501,1.388356058296367,True,False,2.0
cool_nights,40873,Lar,Delta1,-10.676140831434704,12.440156490065409,0.8581998819677686,True,False,2.0
cool_nights,40875,Bandarabbas,0.10,-2.382653202069511,6.690810857927537,0.3561082883170205,True,False,2.0
cool_nights,40875,Bandarabbas,0.50,-3.619714008665864,3.8097135775593554,0.9501275975147685,True,False,2.0
cool_nights,40875,Bandarabbas,0.90,-2.69852740614565,10.072136666214217,0.26792005465906144,True,False,2.0
cool_nights,40875,Bandarabbas,Delta1,-0.3158742040761391,9.01519679267271,0.035037971032742456,True,False,2.0
cool_nights,40876,Minab,0.10,-7.182413235837281,4.798724880559478,1.496733697931833,True,False,2.0
cool_nights,40876,Minab,0.50,-7.138393489412749,5.114524461957297,1.3957101080480374,True,False,2.0
cool_nights,40876,Minab,0.90,-6.316356150783403,9.528238739459344,0.662909098260253,True,False,2.0
cool_nights,40876,Minab,Delta1,0.8660570850538774,9.404655962883751,0.09208811980702356,False,False,2.0
cool_nights,40877,Kahnuj,0.10,-2.538046401214312,5.272340761857842,0.4813889154463467,True,False,2.0
cool_nights,40877,Kahnuj,0.50,-6.505559753594348,3.981681622443296,1.6338724113261256,True,False,2.0
cool_nights,40877,Kahnuj,0.90,-6.010284216395105,7.932855134697722,0.7576445194500736,True,False,2.0
cool_nights,40877,Kahnuj,Delta1,-3.4722378151807924,7.7705170167579025,0.44684772038881865,True,False,2.0
cool_nights,40878,Saravan,0.10,-6.213340071053433,3.120653714529685,1.9910379809602963,True,False,2.0
cool_nights,40878,Saravan,0.50,-8.435733571589783,3.4710170718551665,2.430334797253275,True,True,2.0
cool_nights,40878,Saravan,0.90,-10.011034907019337,4.501295200384209,2.2240342970984983,True,True,2.0
cool_nights,40878,Saravan,Delta1,-3.797694835965904,4.71375409565593,0.8056624844867827,True,False,2.0
cool_nights,40879,Iranshahr,0.10,-1.3251288467107654,2.620178125260689,0.5057399853603176,True,False,2.0
cool_nights,40879,Iranshahr,0.50,-4.762600945244268,2.818565273942953,1.6897252617399063,True,False,2.0
cool_nights,40879,Iranshahr,0.90,-7.250591254292774,8.483104166805932,0.8547096807633302,True,False,2.0
cool_nights,40879,Iranshahr,Delta1,-5.92546240758201,7.824102928911479,0.7573344141072521,True,False,2.0
cool_nights,40882,Kish Island,0.10,-3.7566611917060255,9.353777368038884,0.4016196926540329,True,False,2.0
cool_nights,40882,Kish Island,0.50,-14.029107312659102,12.238910574139467,1.1462709223729666,True,False,2.0
cool_nights,40882,Kish Island,0.90,-30.50678066663223,21.65920122225323,1.4084905696009125,True,False,2.0
cool_nights,40882,Kish Island,Delta1,-26.7501194749262,20.701962914822023,1.2921537723253222,True,False,2.0
cool_nights,40883,Bandar-E-Lengeh,0.10,-2.970193986900388,5.365351291424495,0.5535879806505279,True,False,2.0
cool_nights,40883,Bandar-E-Lengeh,0.50,-8.86112825751153,6.774556403503203,1.3080012519977449,True,False,2.0
cool_nights,40883,Bandar-E-Lengeh,0.90,-17.00601353768012,13.264810888490924,1.282039652177417,True,False,2.0
cool_nights,40883,Bandar-E-Lengeh,Delta1,-14.035819550779728,12.789221429964227,1.0974725574689645,True,False,2.0
cool_nights,40889,Siri Island,0.10,-5.387647709987437,3.938683371222038,1.3678803808786069,True,False,2.0
cool_nights,40889,Siri Island,0.50,-6.165213090631262,5.244608387030477,1.1755335452456985,True,False,2.0
cool_nights,40889,Siri Island,0.90,-17.83664574168329,12.647054962134549,1.4103398613421423,True,False,2.0
cool_nights,40889,Siri Island,Delta1,-12.448998031695856,12.03059403773182,1.034778332030138,True,False,2.0
cool_nights,40890,Abumusa Island,0.10,-2.317450092125339,4.481178685724056,0.5171519045888909,True,False,2.0
cool_nights,40890,Abumusa Island,0.50,2.419520010061168,3.652044816586351,0.6625110401363442,False,False,2.0
cool_nights,40890,Abumusa Island,0.90,-9.20123990027699,22.3686585360138,0.4113451812706107,True,False,2.0
cool_nights,40890,Abumusa Island,Delta1,-6.883789808151648,21.60159716589785,0.3186704091963623,True,False,2.0
cool_nights,40893,Jask,0.10,-8.286165729037235,3.368231932297056,2.460093573005901,True,True,2.0
cool_nights,40893,Jask,0.50,-11.358624015031124,3.183923048564086,3.567493259660825,True,True,2.0
cool_nights,40893,Jask,0.90,-17.107331997404852,7.8259779844059745,2.185967304213337,True,True,2.0
cool_nights,40893,Jask,Delta1,-8.821166268367618,7.421638237584735,1.188574002933123,True,False,2.0
cool_nights,40898,Chahbahar,0.10,-15.148837051967885,1.8674954337153136,8.111846903866228,True,True,2.0
cool_nights,40898,Chahbahar,0.50,-15.10241526523509,2.694695020560979,5.604498895051613,True,True,2.0
cool_nights,40898,Chahbahar,0.90,-27.303545418384957,9.03764849168714,3.0210895503956423,True,True,2.0
cool_nights,40898,Chahbahar,Delta1,-12.154708366417069,8.33043114095274,1.4590731452858454,True,False,2.0
cool_nights,88187,Jam,0.10,-9.73553795445698,4.895249505728626,1.9887725728921573,True,False,2.0
cool_nights,88187,Jam,0.50,-13.428791742046288,5.170322088572094,2.597283401691318,True,True,2.0
cool_nights,88187,Jam,0.90,-8.8812577949199,10.75745586524447,0.8255909116591172,True,False,2.0
cool_nights,88187,Jam,Delta1,0.8542801595370806,10.313298093769449,0.08283287768567216,False,False,2.0
cool_nights,99331,Tehran (Geophysic),0.10,-1.8195198622723967,4.599018310654049,0.3956322283077916,True,False,2.0
cool_nights,99331,Tehran (Geophysic),0.50,-2.7570948004832343,3.4457158957760825,0.8001515168046816,True,False,2.0
cool_nights,99331,Tehran (Geophysic),0.90,-1.816452383375598,10.259694156811433,0.17704742028490697,True,False,2.0
cool_nights,99331,Tehran (Geophysic),Delta1,0.003067478896799,9.256340373237016,0.000331392188825299,False,False,2.0
cool_nights,99407,Boshruyeh,0.10,-8.552644309891448,2.0495626755915826,4.172911817601688,True,True,2.0
cool_nights,99407,Boshruyeh,0.50,-10.3141768804397,3.238208490808885,3.1851491062773665,True,True,2.0
cool_nights,99407,Boshruyeh,0.90,-9.493438292743418,5.044915732074068,1.8817833234333277,True,False,2.0
cool_nights,99407,Boshruyeh,Delta1,-0.9407939828519706,4.788223515664976,0.19648079914692862,True,False,2.0
cool_nights,99421,Natanz,0.10,-6.975155802486568,3.3926654862058108,2.055951531575026,True,True,2.0
cool_nights,99421,Natanz,0.50,-8.540373033003103,2.588262218878182,3.299655255449626,True,True,2.0
cool_nights,99421,Natanz,0.90,-12.248930299107654,5.408513443580096,2.264749903441052,True,True,2.0
cool_nights,99421,Natanz,Delta1,-5.273774496621087,5.647683479389904,0.9337942743899649,True,False,2.0
cool_nights,99459,Borujen,0.10,-11.899522085512563,6.120680724506503,1.9441501070082357,True,False,2.0
cool_nights,99459,Borujen,0.50,-12.65271460081079,2.60714607124017,4.853090028358914,True,True,2.0
cool_nights,99459,Borujen,0.90,-16.778656271409396,4.354796729166491,3.8529137672565565,True,True,2.0
cool_nights,99459,Borujen,Delta1,-4.87913418589683,6.55585930981891,0.7442402216577776,True,False,2.0
cool_nights,99623,Zahak,0.10,-4.533408470497763,2.961931126448021,1.5305583678221022,True,False,2.0
cool_nights,99623,Zahak,0.50,-3.507180055809976,4.433764994422063,0.7910162266656475,True,False,2.0
cool_nights,99623,Zahak,0.90,-11.33527308429447,3.662990873440624,3.0945403567569687,True,True,2.0
cool_nights,99623,Zahak,Delta1,-6.801864613796707,4.546274702347363,1.496140259691022,True,False,2.0
