index_name,station_id,station_name,n_years,insufficient_years_for_qr,publication_warning_short_record,ols_slope,slope_0.10,ci_low_0.10,ci_high_0.10,slope_0.50,ci_low_0.50,ci_high_0.50,slope_0.90,ci_low_0.90,ci_high_0.90,Delta1,Delta2,Delta3
warm_days,19996,Bahookalat,31,False,False,6.779459594696024,-0.8695617043581191,,,7.272727085672787,-0.5104917965635751,15.05594596790915,6.315791738878967,,,7.185353443237086,-0.95693534679382,8.142288790030905
warm_days,40700,Parsabad,34,False,False,12.632543926661587,9.583333251414444,,,11.999999707165037,5.069285164203078,18.930714250126996,12.666664846350889,,,3.0833315949364444,0.6666651391858522,2.416666455750592
warm_days,40701,Maku,34,False,False,22.00152788388084,17.000012606662192,,,24.117646920415,15.560236740204887,32.67505710062512,24.999995443460342,,,7.99998283679815,0.8823485230453407,7.117634313752809
warm_days,40702,Jolfa,34,False,False,18.429335370511858,16.42857119331057,,,18.461547091196085,10.2879039281741,26.63519025421807,21.363631648478467,,,4.935060455167896,2.9020845572823823,2.032975897885514
warm_days,40703,Khoy,34,False,False,24.43544690603516,20.357142392427356,,,22.173906550475078,15.206744473310296,29.14106862763986,35.00000884077243,,,14.642866448345075,12.826102290297353,1.8167641580477216
warm_days,40704,Ahar,34,False,False,18.305576776165026,12.307695694382769,,,18.333333888897087,8.898282628756272,27.768385149037904,25.789471844267084,,,13.481776149884315,7.4561379553699965,6.025638194514318
warm_days,40706,Tabriz,34,False,False,15.848739495798332,12.692314408992182,,,17.36841762785435,8.398817773346742,26.338017482361956,15.000000105555625,,,2.3076856965634427,-2.3684175222987243,4.676103218862167
warm_days,40708,Ardebil,34,False,False,14.03055767761651,11.667097141249126,,,16.296292337066298,9.432719799558317,23.15986487457428,15.26315562301931,,,3.596058481770184,-1.0331367140469876,4.6291951958171715
warm_days,40709,Astara,34,False,False,18.313216195569154,14.999999844443497,,,17.727272071810525,10.295946571543237,25.158597572077813,21.30434281605455,,,6.304342971611053,3.5770707442440255,2.7272722273670276
warm_days,40710,Sarab,34,False,False,17.181054239877785,12.631579039705661,,,17.499999849998712,7.530118543237855,27.46988115675957,17.72727107461405,,,5.095692034908387,0.2272712246153361,4.868420810293051
warm_days,40712,Orumiyeh,34,False,False,26.895339954163504,16.53846052004377,,,27.692307692305512,17.748813379791525,37.635802004819496,31.500000105555582,,,14.961539585511812,3.80769241325007,11.153847172261742
warm_days,40713,Maragheh-Synoptic,34,False,False,39.191749427043575,26.50001182197439,,,39.999999661451945,33.06662292205528,46.93337640084861,39.16668972865114,,,12.666677906676753,-0.8333099328008018,13.499987839477555
warm_days,40716,Mianeh,34,False,False,21.019098548510332,11.9230757248182,,,24.23076789097326,16.778323622371296,31.683212159575227,32.49999818069425,,,20.576922455876048,8.269230289720987,12.30769216615506
warm_days,40717,Khalkhal,34,False,False,24.022918258212396,15.384619304268599,,,22.941176332178713,13.029153574565944,32.85319908979148,31.538447667187288,,,16.153828362918688,8.597271335008575,7.556557027910115
warm_days,40718,Bandar-E-Anzali,34,False,False,49.79220779220783,42.499998610481406,,,44.73684155124557,28.900248271663898,60.57343483082724,56.12903231587466,,,13.629033705393255,11.392190764629092,2.236842940764163
warm_days,40719,Rasht,34,False,False,8.319327731092446,6.315705081033916,,,9.999994831909532,4.758068407642237,15.241921256176827,9.565217445914866,,,3.2495123648809505,-0.434777385994666,3.6842897508756165
warm_days,40723,Bojnurd,34,False,False,13.96638655462186,7.500000269097352,,,13.684210526314931,5.80931646717317,21.559104585456694,17.777771136764443,,,10.27777086766709,4.0935606104495115,6.184210257217579
warm_days,40724,Piranshahr,34,False,False,25.677616501145934,14.285720312969385,,,29.999984277157036,20.97139595597741,39.028572598336666,33.18181372215329,,,18.8960934091839,3.18182944499625,15.714263964187651
warm_days,40726,Mahabad,34,False,False,22.22154316271965,17.40740680253585,,,22.27272739669416,13.511896601374113,31.033558192014212,35.90908657126293,,,18.501679768727083,13.63635917456877,4.865320594158312
warm_days,40727,Saqez,34,False,False,19.75706646294883,15.000001081761685,,,21.000000200005097,11.627960211650059,30.372040188360135,23.91304129725425,,,8.913040215492565,2.9130410972491525,5.999999118243412
warm_days,40728,Takab,34,False,False,20.979373567608878,14.374999970986352,,,17.27272800219176,6.019841619639006,28.52561438474451,34.99999491519527,,,20.62499494420892,17.727266913003515,2.897728031205407
warm_days,40729,Zanjan,34,False,False,34.87700534759361,15.789485220399534,,,27.50000031251275,14.560406254772646,40.439594370252856,51.81817562827314,,,36.028690407873604,24.31817531576039,11.710515092113216
warm_days,40730,Khorramdareh,34,False,False,20.964094728800628,16.111106045561126,,,22.30769548888612,13.4853583473084,31.130032630463845,36.49999691266968,,,20.388890867108554,14.192301423783558,6.196589443324996
warm_days,40731,Qazvin,34,False,False,20.027501909854866,13.448277341006472,,,23.461538668639168,14.689072919496999,32.234004417781335,31.92306329792719,,,18.47478595692072,8.461524629288022,10.013261327632696
warm_days,40732,Ramsar,34,False,False,27.19174942704357,20.000003261253916,,,26.799999871998654,20.869809671533957,32.73019007246335,29.9999992251692,,,9.999995963915286,3.199999353170547,6.7999966107447385
warm_days,40734,Nowshahr,34,False,False,24.14820473644005,17.999999916666575,,,23.70370429772879,15.588973483494776,31.818435111962806,27.499999807833998,,,9.499999891167423,3.7962955101052067,5.7037043810622166
warm_days,40736,Babolsar,34,False,False,16.006111535523317,9.999997479325668,,,19.090907481145845,10.094868618740719,28.08694634355097,22.142851316788313,,,12.142853837462646,3.0519438356424686,9.090910001820177
warm_days,40737,Gharakhil,34,False,False,20.307104660045855,16.08695581830655,,,19.1304342935102,13.1302017015597,25.1306668854607,29.599988269305996,,,13.513032450999447,10.469553975795797,3.0434784752036492
warm_days,40738,Gorgan,34,False,False,20.754774637127596,16.92307686061796,,,20.99999813761402,14.794375119438069,27.205621155789974,25.499982137145988,,,8.576905276528027,4.499983999531967,4.07692127699606
warm_days,40739,Shahrud,34,False,False,10.314744079449971,9.285713573753844,,,7.600024267618163,-0.49157051654933337,15.691619051785658,14.999997287566531,,,5.714283713812687,7.399973019948368,-1.6856893061356812
warm_days,40740,Quchan,34,False,False,11.463712757830416,9.999990768249356,,,9.000000050000168,0.5385435265686844,17.46145657343165,13.75000104329186,,,3.750010275042504,4.7500009932916925,-0.9999907182491885
warm_days,40741,Sarakhs,34,False,False,19.72498090145151,13.333333754156543,,,19.37500062104323,13.76124577696151,24.988755465124953,23.9999999388893,,,10.666666184732756,4.624999317846068,6.041666866886688
warm_days,40742,Biyarjomand,33,False,False,14.037433155080214,8.571429779665499,,,15.182720750986384,6.458987976944281,23.90645352502849,16.249966075437953,,,7.678536295772455,1.0672453244515694,6.611290971320885
warm_days,40743,Sabzevar,34,False,False,12.933537051184121,10.740732880870679,,,13.076923550295918,4.129758144373048,22.02408895621879,10.76922813679128,,,0.028495255920601537,-2.3076954135046375,2.336190669425239
warm_days,40744,Golmakan,32,False,False,15.237573262941256,10.666670292715775,,,14.61538633463555,4.080242320394504,25.150530348876597,20.454540541661515,,,9.78787024894574,5.839154207025965,3.9487160419197753
warm_days,40745,Mashhad,34,False,False,14.92742551566082,9.230770177911847,,,12.307694244812984,1.7660184396590406,22.84937004996693,16.84210588999384,,,7.611335712081992,4.534411645180855,3.076924066901137
warm_days,40746,Neyshabur,34,False,False,15.543162719633322,9.999999110093572,,,15.333336896778057,5.257851311931907,25.408822481624206,16.071430329957714,,,6.071431219864142,0.7380934331796567,5.333337786684485
warm_days,40747,Sanandaj,34,False,False,26.472116119174963,20.52631569713874,,,31.578944832076647,20.430678578737144,42.72721108541615,33.18181825068884,,,12.6555025535501,1.6028734186121945,11.052629134937906
warm_days,40748,Bijar,34,False,False,28.239877769289556,21.363639504547113,,,27.33332019372407,17.90385421372087,36.76278617372727,41.15383216319332,,,19.79019265864621,13.820511969469251,5.969680689176958
warm_days,40749,Zarrineh,34,False,False,27.449961802903005,20.96773864676133,,,29.545454173553406,18.410543861684104,40.68036448542271,38.66666665104789,,,17.69892800428656,9.121212477494485,8.577715526792076
warm_days,40751,Tehran (Shemiran),34,False,False,30.902979373567632,23.928571542250936,,,31.538460668981692,23.622228768747743,39.45469256921564,41.92307448448408,,,17.994502942233147,10.38461381550239,7.6098891267307565
warm_days,40752,Karaj,34,False,False,21.016042780748684,14.814814762993027,,,24.34780394288948,15.75541425257931,32.940193633199655,29.999997193783546,,,15.185182430790519,5.652193250894065,9.532989179896454
warm_days,40754,Tehran (Mehrabad Airport),34,False,False,9.41176470588236,11.111111059289708,,,8.88888864627128,0.24347689164365782,17.5343004008989,7.826087158064963,,,-3.2850239012247453,-1.0628014882063166,-2.2222224130184287
warm_days,40755,Abali,34,False,False,17.504965622612694,17.85713272788539,,,18.57142775510167,10.11095076953352,27.03190474066982,21.999997138829464,,,4.142864410944075,3.428569383727794,0.7142950272162807
warm_days,40757,Semnan,34,False,False,16.89075630252102,12.666666735803474,,,18.84615328755747,12.528916682139766,25.163389892975175,23.478259633577025,,,10.81159289777355,4.632106346019555,6.179486551753996
warm_days,40758,Garmsar,34,False,False,7.844155844155851,7.500003965252494,,,8.400001604856849,-0.5986978462992116,17.39870105601291,4.782607192304051,,,-2.717396772948443,-3.6173944125527973,0.8999976396043543
warm_days,40762,Torbat-E Heydariyeh,34,False,False,22.259740259740276,17.500000095486286,,,21.212121097027545,12.163421688937829,30.26082050511726,27.00000068667238,,,9.500000591186094,5.7878795896448345,3.7121210015412593
warm_days,40763,Kashmar,34,False,False,16.976317799847227,13.703703670172237,,,18.666668597233972,9.788659284543415,27.54467790992453,19.99999973028283,,,6.296296060110594,1.3333311330488584,4.962964927061735
warm_days,40764,Ravansar,34,False,False,26.872421695951132,14.73684541787119,,,24.166664781309343,12.758870321059018,35.574459241559666,37.27272275393294,,,22.53587733606175,13.106057972623596,9.429819363438153
warm_days,40765,Sarpol-E-Zahab,34,False,False,20.863254392666178,18.499997701640346,,,18.14814807453423,10.867737677193425,25.428558471875036,28.571434706836694,,,10.071437005196348,10.423286632302464,-0.351849627106116
warm_days,40766,Kermanshah,34,False,False,9.53552330022919,9.999992080205015,,,5.714285714285742,-4.080058160014918,15.508629588586402,15.909085825861395,,,5.90909374565638,10.194800111575653,-4.285706365919273
warm_days,40768,Hamedan (Airport),34,False,False,20.631016042780765,16.19047619551545,,,17.599999533257098,7.829983663926511,27.370015402587683,31.153846176857346,,,14.963369981341895,13.553846643600249,1.4095233377416463
warm_days,40769,Arak,34,False,False,23.469824293353724,19.629628706147358,,,22.941176470588243,15.00323081787062,30.879122123305866,28.49999721528904,,,8.87036850914168,5.558820744700796,3.311547764440885
warm_days,40770,Qom,34,False,False,25.992360580595893,20.000001031744258,,,26.000000128,16.766898815430167,35.23310144056983,37.30767848785912,,,17.307677456114863,11.307678359859121,5.999999096255742
warm_days,40771,Kangavar,34,False,False,25.523300229182606,18.21428493506479,,,22.00000088226754,11.376136290312418,32.62386547422266,30.66666666419752,,,12.452381729132732,8.666665781929982,3.7857159472027497
warm_days,40772,Qorveh,34,False,False,29.035905271199415,18.000012585703796,,,26.66667262865678,17.07993638805941,36.25340886925415,36.25002267869725,,,18.250010092993453,9.583350050040469,8.666660042952984
warm_days,40774,Borujerd,34,False,False,25.83346065699009,19.999999735061717,,,26.666666237371278,16.391442344446283,36.94189013029627,30.645191166772285,,,10.645191431710568,3.978524929401008,6.66666650230956
warm_days,40778,Gonabad,34,False,False,17.454545454545467,9.285714260204076,,,20.00000013841161,13.086512139908924,26.913488136914296,20.000000104165068,,,10.714285843960992,-3.4246543378912975e-08,10.714285878207535
warm_days,40779,Eslamabad-E-Gharb,34,False,False,16.380443086325453,14.545454467401143,,,16.666667022222597,6.6751215932984085,26.658212451146788,21.000009212090134,,,6.454554744688991,4.333342189867537,2.1212125548214544
warm_days,40780,Ilam,34,False,False,43.210084033613484,28.000000862539114,,,40.76923091715987,28.851956901964463,52.68650493235527,51.33333338024689,,,23.333332517707777,10.564102463087025,12.769230054620753
warm_days,40782,Khorramabad,34,False,False,27.76470588235297,22.631582434864434,,,25.185185850861682,14.68928682574173,35.68108487598163,30.967771289876563,,,8.336188855012129,5.7825854390148805,2.553603415997248
warm_days,40783,Aligudarz,34,False,False,19.596638655462204,16.190476262409874,,,19.545453034192903,10.176085107307681,28.914820961078124,23.750006682551067,,,7.5595304201411935,4.204553648358164,3.354976771783029
warm_days,40785,Kashan,34,False,False,23.870129870129887,13.571418373903574,,,23.333340555827743,14.757932489215563,31.908748622439923,33.84615065949144,,,20.274732285587866,10.5128101036637,9.761922181924168
warm_days,40787,Daran,33,False,False,25.09024064171123,14.09091193392092,,,23.333331640213927,9.255644727572857,37.411018552855,38.181810977745506,,,24.090899043824585,14.848479337531579,9.242419706293008
warm_days,40789,Khur-Va-Biabanak,34,False,False,23.18716577540109,16.428572366502525,,,18.181817570249716,8.722557069701162,27.641078070798272,33.928571550453526,,,17.499999183951,15.74675398020381,1.7532452037471913
warm_days,40790,Robat-E-Poshtebadam,33,False,False,12.784090909090908,10.952381080879773,,,13.478260440064094,4.214334303300097,22.74218657682809,11.05263166820556,,,0.10025058732578707,-2.425628771858534,2.525879359184321
warm_days,40791,Tabas,34,False,False,25.3766233766234,16.315800725141877,,,28.39997644519033,17.86242514650656,38.9375277438741,28.62069008473006,,,12.304889359588184,0.22071363953973133,12.084175720048453
warm_days,40792,Ferdows,34,False,False,8.73185637891521,6.923077067718528,,,9.23076598519716,0.5403195198489694,17.921212450545347,15.000005625712745,,,8.076928557994218,5.769239640515586,2.3076889174786315
warm_days,40793,Qaen,34,False,False,22.734912146676873,16.92307689349109,,,23.74998992969818,17.47434590827845,30.02563395111791,21.304350302280998,,,4.381273408789909,-2.445639627417183,6.826913036207092
warm_days,40794,Safiabad (Dezful),34,False,False,25.485103132161974,18.57142816307315,,,28.14814713618525,17.260876764867565,39.03541750750294,35.4545403468959,,,16.883112183822746,7.306393210710645,9.5767189731121
warm_days,40796,Dehloran,34,False,False,39.87776928953403,25.833367339055712,,,34.285713665531816,24.493096922378736,44.07833040868489,50.769255040835425,,,24.935887701779713,16.48354137530361,8.452346326476103
warm_days,40797,Kuhrang,34,False,False,32.84950343773876,20.714284974458028,,,32.72727272727277,20.821337559951104,44.633207894594435,30.000000478585537,,,9.28571550412751,-2.727272248687232,12.012987752814741
warm_days,40798,Shahrekord,34,False,False,29.776928953399565,19.090912193229048,,,31.923052287747513,20.067778871462693,43.77832570403233,27.096774612093846,,,8.005862418864798,-4.826277675653667,12.832140094518465
warm_days,40799,Ardestan,33,False,False,16.43048128342246,12.72727286960511,,,17.08332925706123,9.233298162112268,24.93336035201019,16.66666657407359,,,3.939393704468481,-0.41666268298763853,4.356056387456119
warm_days,40800,Esfahan,33,False,False,32.81857833313686,14.090911986315033,,,20.400000125680133,8.926178463950258,31.87382178741001,50.66666662283881,,,36.575754636523776,30.266666497158678,6.3090881393651
warm_days,40801,Naein,33,False,False,13.983957219251336,12.592587069143686,,,15.65621260599833,8.1550235701967,23.15740164179996,14.499999916667772,,,1.9074128475240855,-1.1562126893305589,3.0636255368546443
warm_days,40802,Esfahan (Airport),34,False,False,17.576776165011474,13.333334707822903,,,16.666667443395202,8.144497631925214,25.18883725486519,20.83333600114285,,,7.500001293319947,4.1666685577476485,3.3333327355722986
warm_days,40803,Kabutarabad,33,False,False,32.79077540106952,14.736843935554388,,,30.55555983722309,17.370701359283586,43.74041831516259,45.652173915143976,,,30.915329979589586,15.096614077920886,15.818715901668702
warm_days,40809,Birjand,34,False,False,17.92666157372041,9.999999948178624,,,23.333325854724396,13.522959635349883,33.14369207409891,23.124988762933842,,,13.124988814755218,-0.20833709179055404,13.333325906545772
warm_days,40810,Bostan,34,False,False,27.588999236058083,18.18181448887661,,,25.833332307515175,13.107761251858365,38.558903363171986,41.30434357871115,,,23.122529089834536,15.471011271195973,7.651517818638563
warm_days,40811,Ahvaz,34,False,False,27.060351413292615,16.0000004571735,,,26.400001027900494,14.485236264792084,38.3147657910089,39.999999381782494,,,23.999998924608995,13.599998353882,10.400000570726995
warm_days,40812,Masjedsoleyman,34,False,False,23.978609625668472,22.272727332414462,,,23.124999921874636,14.193681412344478,32.05631843140479,37.19999015594089,,,14.927262823526426,14.074990234066252,0.8522725894601741
warm_days,40813,Ramhormoz,34,False,False,26.339190221543188,19.999997898010946,,,21.666666481480995,11.148592782571395,32.18474018039059,42.85714105788998,,,22.857143159879037,21.190474576408988,1.6666685834700488
warm_days,40818,Abadeh,34,False,False,22.517952635599713,12.272727844160835,,,24.444444663924248,16.047814102014822,32.84107522583368,23.571428928208004,,,11.298701084047169,-0.873015735716244,12.171716819763413
warm_days,40821,Yazd,34,False,False,17.5966386554622,13.333333338372462,,,17.85714214285451,10.364635903110022,25.349648382599,16.99999992733883,,,3.6666665889663683,-0.8571422155156796,4.523808804482048
warm_days,40827,Nehbandan,34,False,False,18.389610389610404,11.666667499979969,,,20.370369219521997,11.44195917010578,29.298779268938212,23.571425166844815,,,11.904757666864846,3.2010559473228177,8.703701719542028
warm_days,40829,Zabol,34,False,False,26.783804430863277,11.578945285704693,,,30.624998796714966,21.058685567430423,40.19131202599951,32.99999964499499,,,21.421054359290302,2.3750008482800276,19.04605351101027
warm_days,40831,Abadan,34,False,False,23.185637891520265,18.235293370111886,,,22.85714448980233,12.527432187573602,33.18685679203106,35.714288717004436,,,17.47899534689255,12.857144227202106,4.621851119690444
warm_days,40832,Bandar-E- Mahshahr,34,False,False,19.15508021390376,15.185188221843351,,,18.571435766954973,11.143199519943996,25.99967201396595,32.962942027090655,,,17.777753805247304,14.391506260135682,3.3862475451116225
warm_days,40833,Omidiyeh (Aghajari),34,False,False,25.07868601986251,19.54545695342068,,,22.903225363994462,13.592448029156147,32.21400269883278,38.518517057313545,,,18.973060103892866,15.615291693319083,3.357768410573783
warm_days,40835,Dogonbadan,32,False,False,31.289036247143663,24.37499923891815,,,27.49999999999999,18.22063053786674,36.77936946213324,40.666666962963006,,,16.291667724044856,13.166666962963017,3.1250007610818393
warm_days,40836,Yasuj,33,False,False,21.96524064171123,14.705887959014749,,,24.0909088518843,14.797126956895637,33.38469074687296,31.333326823586468,,,16.62743886457172,7.242417971702167,9.385020892869552
warm_days,40839,Anar,34,False,False,15.78151260504203,11.538461508875729,,,15.999998676250561,6.214864674930505,25.785132677570616,21.666645581402246,,,10.128184072526517,5.666646905151685,4.461537167374832
warm_days,40841,Kerman,34,False,False,17.789152024446157,11.07142794023067,,,20.999990825301996,9.780421300266731,32.21956035033726,25.38461526627192,,,14.313187326041248,4.384624440969922,9.928562885071326
warm_days,40844,Dorudzan,34,False,False,26.0534759358289,19.545457676013612,,,29.99999620322216,19.742379820256524,40.2576125861878,34.117662471412004,,,14.572204795398392,4.1176662681898435,10.454538527208548
warm_days,40847,Zarqan,34,False,False,35.16424751718872,21.481484277936424,,,31.666669541696457,19.276810385305833,44.05652869808708,42.857143770651774,,,21.37565949271535,11.190474228955317,10.185185263760033
warm_days,40848,Shiraz,34,False,False,28.239877769289556,18.461541882479068,,,26.875001453531826,16.688625450253966,37.06137745680969,26.470604322619675,,,8.009062440140607,-0.4043971309121517,8.413459571052758
warm_days,40849,Shahrebabak,34,False,False,26.580595874713545,16.00000137968572,,,25.0000013677901,14.404842010239257,35.595160725340946,30.96774269688018,,,14.96774131719446,5.967741329090078,8.999999988104381
warm_days,40851,Sirjan,34,False,False,22.90909090909093,16.42857088324316,,,24.44444401234429,14.60719772812428,34.28169029656431,24.545455439934152,,,8.11688455669099,0.10101142758986015,8.01587312910113
warm_days,40853,Baft,34,False,False,26.667685255920574,16.799998364388667,,,28.823528898995374,18.193208135090583,39.45384966290017,31.515152429860077,,,14.71515406547141,2.691623530864703,12.023530534606707
warm_days,40854,Bam,34,False,False,22.294881588999253,19.999999948178527,,,23.181818140495622,16.457230515713572,29.906405765277672,26.66667618648872,,,6.666676238310192,3.4848580459930965,3.1818181923170954
warm_days,40856,Zahedan,34,False,False,13.53705118411002,6.666666673204684,,,13.809523402651124,6.133330104159925,21.485716701142323,17.999999911109345,,,11.333333237904661,4.190476508458222,7.142856729446439
warm_days,40857,Bushehr (Coastal),34,False,False,48.57906799083274,24.44444475879028,,,48.076923505666,34.09219502407943,62.061651987252574,58.749977661138715,,,34.30553290234843,10.673054155472713,23.632478746875723
warm_days,40858,Bushehr (Airport),34,False,False,2.6218487394958014,6.36363619834716,,,2.666667022236077,-2.79906597914074,8.132400023612893,-1.3636362764004126,,,-7.727272474747572,-4.03030329863649,-3.6969691761110828
warm_days,40859,Fasa,34,False,False,16.79297173414822,10.000000991089655,,,19.09090929946569,10.393573274342556,27.78824532458882,22.000009043504285,,,12.00000805241463,2.9090997440385955,9.090908308376035
warm_days,40870,Khash,34,False,False,15.93430099312454,8.571429835573214,,,15.71428622449161,4.371539804242914,27.057032644740307,19.615384737103106,,,11.043954901529892,3.9010985126114957,7.142856388918396
warm_days,40873,Lar,34,False,False,20.003055767761666,10.526316099380004,,,21.42857140306084,12.072416895573737,30.78472591054794,20.00000002958587,,,9.473683930205866,-1.4285713734749699,10.902255303680835
warm_days,40875,Bandarabbas,34,False,False,15.037433155080226,12.608695589161847,,,15.714285586734594,9.304667696528707,22.12390347694048,14.545449956244733,,,1.9367543670828855,-1.1688356304898608,3.1055899975727463
warm_days,40876,Minab,34,False,False,22.589763177998492,15.555556351166915,,,23.478260393565826,15.041204537633085,31.915316249498566,34.2307674309062,,,18.675211079739285,10.752507037340372,7.922704042398911
warm_days,40877,Kahnuj,34,False,False,13.986249045072585,1.7647057977699372,,,12.00000962637028,3.960214846219186,20.039804406521377,18.076923919203388,,,16.31221812143345,6.0769142928331075,10.235303828600344
warm_days,40878,Saravan,34,False,False,15.743315508021407,10.357144219037092,,,13.913043773074058,4.355650440517511,23.470437105630605,20.952443145144027,,,10.595298926106935,7.039399372069969,3.555899554036966
warm_days,40879,Iranshahr,34,False,False,17.83804430863256,11.764705674738556,,,18.9655175688162,9.76771478752457,28.16332035010783,21.153846183431998,,,9.389140508693442,2.1883286146157985,7.200811894077644
warm_days,40882,Kish Island,34,False,False,14.812834224598943,9.374999580722177,,,18.437500645190642,11.336757564630307,25.538243725750977,12.727273126721629,,,3.352273545999452,-5.710227518469013,9.062501064468465
warm_days,40883,Bandar-E-Lengeh,34,False,False,18.745607333842642,15.294117131872554,,,20.38461490969158,10.765232144452842,30.00399767493032,18.999994144007797,,,3.705877012135243,-1.3846207656837848,5.090497777819028
warm_days,40889,Siri Island,34,False,False,20.58823529411766,14.70588309880774,,,18.095239036539642,7.580612526604824,28.60986554647446,28.214251153626705,,,13.508368054818964,10.119012117087063,3.389355937731901
warm_days,40890,Abumusa Island,34,False,False,47.99847211611922,11.764707856061857,,,36.086956370510215,19.436805331950485,52.73710740906995,57.87878891802106,,,46.1140810619592,21.791832547510843,24.322248514448358
warm_days,40893,Jask,34,False,False,4.080977845683731,1.8518684914546755,,,6.873921285559063e-06,-7.662903759957481,7.662917507800052,4.5454551796588705,,,2.693586688204195,4.545448305737585,-1.85186161753339
warm_days,40898,Chahbahar,34,False,False,18.03208556149734,7.777776995651081,,,18.33333259441511,5.8592398230069005,30.80742536582332,19.166669401327137,,,11.388892405676057,0.8333368069120262,10.55555559876403
warm_days,88187,Jam,33,False,False,26.477272727272727,20.35714933189143,,,28.419067668532264,17.905953969308342,38.932181367756186,29.999997645605408,,,9.642848313713976,1.5809299770731435,8.061918336640833
warm_days,99331,Tehran (Geophysic),33,False,False,23.31550802139037,19.5999962974153,,,24.444443094749232,14.691205326102756,34.19768086339571,27.058820265247874,,,7.458823967832576,2.614377170498642,4.844446797333934
warm_days,99407,Boshruyeh,34,False,False,12.768525592055013,5.625000425523738,,,15.714286751613919,8.4995438798984,22.929029623329438,19.166669384802713,,,13.541668959278976,3.452382633188794,10.089286326090182
warm_days,99421,Natanz,33,False,False,20.651737967914436,12.352941685830082,,,18.33332996268302,8.677213173044604,27.989446752321435,28.333333852496892,,,15.98039216666681,10.000003889813872,5.980388276852938
warm_days,99459,Borujen,34,False,False,33.640947288006146,14.666667724439083,,,31.9999999777775,21.24189951534906,42.758100440205936,30.303030696867598,,,15.636362972428515,-1.6969692809099008,17.333332253338416
warm_days,99623,Zahak,32,False,False,20.935019644697057,6.785716077532696,,,25.333332799989417,18.306167261071252,32.36049833890758,22.99999790827009,,,16.21428183073739,-2.3333348917193284,18.547616722456723
warm_nights,19996,Bahookalat,32,False,False,12.763964279460687,8.571436542422488,,,10.00000036099967,0.6925746453156236,19.307426076683715,24.444449427244994,,,15.873012884822506,14.444449066245324,1.4285638185771816
warm_nights,40700,Parsabad,34,False,False,16.249045072574496,16.521739279135538,,,14.999999910275672,9.86555089383369,20.134448926717653,17.000000038889244,,,0.47826075975370586,2.0000001286135713,-1.5217393688598655
warm_nights,40701,Maku,34,False,False,19.85790679908329,15.185184552951403,,,20.769226057234505,13.524496218558276,28.013955895910733,27.777770829202257,,,12.592586276250854,7.0085447719677525,5.5840415042831015
warm_nights,40702,Jolfa,34,False,False,24.702826585179544,20.47619058201112,,,24.999997104497808,15.578951816363451,34.42104239263217,29.56521303936538,,,9.089022457354258,4.56521593486757,4.523806522486687
warm_nights,40703,Khoy,34,False,False,28.736440030557702,26.66664749209953,,,24.999998769830466,17.15387270018547,32.846124839475465,38.88888695270415,,,12.22223946060462,13.888888182873682,-1.6666487222690627
warm_nights,40704,Ahar,34,False,False,14.760886172650892,11.666675163944646,,,13.500000250001982,8.457442120475797,18.542558379528167,23.74998872254026,,,12.083313558595613,10.249988472538277,1.8333250860573358
warm_nights,40706,Tabriz,34,False,False,12.21695951107717,10.64516721993174,,,12.187499785156046,5.200259248848638,19.174740321463453,14.999997959607615,,,4.354830739675876,2.8124981744515694,1.5423325652243065
warm_nights,40708,Ardebil,34,False,False,22.346829640947306,19.23076903024279,,,25.000001666692757,17.04046202492627,32.959541308459244,27.272722474213936,,,8.041953443971146,2.2727208075211784,5.769232636449967
warm_nights,40709,Astara,34,False,False,21.512605042016823,17.619050500046182,,,21.1538464869697,15.279463777805704,27.0282291961337,27.64705884659677,,,10.028008346550589,6.493212359627069,3.5347959869235197
warm_nights,40710,Sarab,34,False,False,14.444614209320104,13.60000227103576,,,13.913042170002539,7.034002777731443,20.792081562273637,14.782618042551144,,,1.1826157715153833,0.8695758725486051,0.3130398989667782
warm_nights,40712,Orumiyeh,34,False,False,8.554621848739504,11.785714506923187,,,9.310343225961256,2.8947590322035115,15.725927419719001,3.2098838709028936e-06,,,-11.785711297039315,-9.310340016077385,-2.47537128096193
warm_nights,40713,Maragheh-Synoptic,34,False,False,21.113827349121486,19.583333105709904,,,18.27586206896551,10.53152265411226,26.02020148381876,27.307692376725857,,,7.7243592710159525,9.031830307760348,-1.3074710367443956
warm_nights,40716,Mianeh,34,False,False,20.412528647822786,15.000002869838326,,,19.545454925350732,12.370262881192739,26.720646969508728,27.50001085473671,,,12.500007984898385,7.954555929385979,4.545452055512406
warm_nights,40717,Khalkhal,34,False,False,17.280366692131416,14.615384191834115,,,15.000002796475957,9.384729195067454,20.61527639788446,19.600089220235564,,,4.984705028401448,4.600086423759606,0.38461860464184205
warm_nights,40718,Bandar-E-Anzali,34,False,False,18.8220015278839,18.709675148197135,,,21.33333236426272,13.010661606351192,29.656003122174248,14.37499986979153,,,-4.334675278405605,-6.95833249447119,2.6236572160655847
warm_nights,40719,Rasht,34,False,False,28.658517952635624,17.333333204937908,,,29.130434706993245,22.715991438614246,35.544877975372245,27.142857157029567,,,9.80952395209166,-1.987577549963678,11.797101502055337
warm_nights,40723,Bojnurd,34,False,False,13.226890756302534,11.5789367869644,,,12.608695500942693,6.2038520230018,19.013538978883584,20.00000032580624,,,8.42106353884184,7.391304824863548,1.0297587139782927
warm_nights,40724,Piranshahr,34,False,False,29.544690603514155,24.347825403461414,,,29.999999693875896,21.755429773380143,38.24456961437165,38.66666641062089,,,14.318841007159477,8.666666716744995,5.652174290414482
warm_nights,40726,Mahabad,34,False,False,15.975553857906815,15.000000468596935,,,19.090909380165886,11.943566006275494,26.238252754056276,17.05881750551674,,,2.0588170369198036,-2.032091874649147,4.090908911568951
warm_nights,40727,Saqez,34,False,False,15.37967914438504,15.833332762342964,,,16.666665563962606,10.43618221613114,22.897148911794073,17.72727356269945,,,1.8939408003564875,1.0606079987368453,0.8333328016196422
warm_nights,40728,Takab,34,False,False,13.003819709702075,10.357142621882494,,,12.000003954562443,6.207307864008485,17.7927000451164,15.624998438979853,,,5.2678558170973595,3.6249944844174102,1.6428613326799493
warm_nights,40729,Zanjan,34,False,False,18.907563025210102,11.851851891514155,,,16.551723947681054,8.15187609649908,24.95157179886303,30.000034855132267,,,18.148182963618112,13.448310907451212,4.6998720561669
warm_nights,40730,Khorramdareh,34,False,False,22.652406417112317,14.999999248984697,,,20.41666638368265,12.674286649832858,28.15904611753244,34.58332386855414,,,19.583324619569442,14.16665748487149,5.416667134697953
warm_nights,40731,Qazvin,34,False,False,13.465240641711242,9.999999494955995,,,13.703702889424427,7.469201316127562,19.93820446272129,19.499975541745005,,,9.49997604678901,5.796272652320578,3.703703394468432
warm_nights,40732,Ramsar,34,False,False,29.097020626432418,29.9999992587901,,,29.03225781477566,22.474077615798116,35.59043801375321,31.874991456215835,,,1.8749921974257333,2.842733641440173,-0.9677414440144396
warm_nights,40734,Nowshahr,34,False,False,29.054239877769316,31.250001853434487,,,28.66666580131,20.161660990419108,37.17167061220089,36.249991842005635,,,4.999989988571148,7.583326040695635,-2.583336052124487
warm_nights,40736,Babolsar,34,False,False,22.744079449961824,19.166667244216445,,,22.38095543514231,16.50883718458174,28.253073685702883,30.999996873743918,,,11.833329629527473,8.619041438601606,3.214288190925867
warm_nights,40737,Gharakhil,34,False,False,14.149732620320869,10.62499953490303,,,16.66666607120716,10.17502989377322,23.1583022486411,23.1249914284967,,,12.49999189359367,6.458325357289539,6.041666536304131
warm_nights,40738,Gorgan,34,False,False,7.45454545454546,7.812500049913372,,,6.666666604937176,-0.8715689973061034,14.204902207180456,3.888858586201067,,,-3.923641463712305,-2.777808018736109,-1.145833444976196
warm_nights,40739,Shahrud,34,False,False,7.3766233766233835,8.461543064260407,,,6.79999967999974,-0.9432845361546818,14.543283896154161,6.875016992083603,,,-1.5865260721768042,0.07501731208386353,-1.6615433842606677
warm_nights,40740,Quchan,34,False,False,0.7288006111535554,1.0525472431463656,,,2.142856428571402,-4.289822665040797,8.5755355221836,0.5882199557115319,,,-0.46432728743483376,-1.5546364728598703,1.0903091854250364
warm_nights,40741,Sarakhs,34,False,False,15.090909090909104,6.250000269101716,,,14.375000078130137,9.89483985469053,18.855160301569747,17.85719240520092,,,11.607192136099204,3.4821923270707824,8.12499980902842
warm_nights,40742,Biyarjomand,33,False,False,11.04946524064171,11.250001086552935,,,11.24999875000074,5.464528735831067,17.035468764170414,13.478260871665634,,,2.2282597851126997,2.228262121664894,-2.3365521943929934e-06
warm_nights,40743,Sabzevar,34,False,False,14.061115355233015,13.999999950617159,,,14.73683740493714,4.924962926855985,24.548711883018292,14.615391548858899,,,0.6153915982417395,-0.12144585607824077,0.7368374543199803
warm_nights,40744,Golmakan,32,False,False,14.66690528387992,9.999999665424387,,,15.625000156253542,7.560956887516362,23.68904342499072,17.999999960494083,,,8.000000295069697,2.3749998042405416,5.625000490829155
warm_nights,40745,Mashhad,34,False,False,23.031321619556934,16.666674259177668,,,22.33333357777816,16.347485110510867,28.31918204504545,25.50000005000032,,,8.833325790822652,3.166666472222161,5.666659318600491
warm_nights,40746,Neyshabur,34,False,False,9.236058059587476,6.923081037038293,,,7.931035684455516,1.6001788463446047,14.261892522566427,10.400000479999916,,,3.4769194429616226,2.4689647955444,1.0079546474172227
warm_nights,40747,Sanandaj,34,False,False,12.514896867838054,8.49999660140188,,,12.999999275558263,7.036471819534516,18.96352673158201,13.684210618652257,,,5.184214017250376,0.6842113430939936,4.5000026741563826
warm_nights,40748,Bijar,34,False,False,20.392666157372062,12.66667490569888,,,19.5652174669208,12.763566613751662,26.366868320089935,27.058808504881075,,,14.392133599182195,7.493591037960275,6.8985425612219196
warm_nights,40749,Zarrineh,34,False,False,12.378915202444624,12.58064512660421,,,11.578947817372848,3.9705725065319877,19.18732312821371,15.714285870496344,,,3.1336407438921334,4.135338053123496,-1.0016973092313624
warm_nights,40751,Tehran (Shemiran),34,False,False,10.207792207792217,5.555555039445449,,,12.999999933333308,6.162439947724259,19.837559918942357,15.00000125000126,,,9.44444621055581,2.0000013166679516,7.44444489388786
warm_nights,40752,Karaj,34,False,False,13.239113827349133,12.222219386571822,,,14.666665733777599,7.861267146336084,21.472064321219115,22.50000013889301,,,10.277780752321188,7.833334405115412,2.4444463472057762
warm_nights,40754,Tehran (Mehrabad Airport),34,False,False,6.1848739495798375,7.037036985215602,,,7.647059646550146,-0.26184892283631367,15.555968215936606,8.09523236397155,,,1.0581953787559488,0.4481727174214045,0.6100226613345443
warm_nights,40755,Abali,34,False,False,9.566080977845692,8.620688782491282,,,10.666660267730972,3.245327381527831,18.087993153934114,10.99999722683344,,,2.3793084443421577,0.33333695910246774,2.04597148523969
warm_nights,40757,Semnan,34,False,False,9.303284950343784,5.882353041138366,,,10.32258060353783,2.1389556182147995,18.50620558886086,9.999998197454731,,,4.117645156316366,-0.3225824060830984,4.440227562399464
warm_nights,40758,Garmsar,34,False,False,44.930481283422495,37.33333453700157,,,43.49999933997987,34.26853859717631,52.731460082783435,52.000000022222196,,,14.666665485220626,8.500000682242323,6.166664802978303
warm_nights,40762,Torbat-E Heydariyeh,34,False,False,13.049656226126828,9.999996078958594,,,13.333335909179443,8.957181785618975,17.70949003273991,16.000000957442225,,,6.000004878483631,2.6666650482627823,3.333339830220849
warm_nights,40763,Kashmar,34,False,False,12.579067990832712,7.142857358278527,,,13.88888359172508,7.841426555294333,19.936340628155826,14.333333123830505,,,7.1904757655519775,0.44444953210542515,6.746026233446552
warm_nights,40764,Ravansar,34,False,False,12.800611153552342,13.181810915856012,,,11.612903309053177,5.767793893743299,17.458012724363055,13.571430361510885,,,0.3896194456548727,1.9585270524577076,-1.568907606802835
warm_nights,40765,Sarpol-E-Zahab,34,False,False,18.221543162719648,14.615385598749961,,,18.064517559881697,10.950374743330308,25.178660376433086,16.818182079889844,,,2.202796481139883,-1.2463354799918527,3.4491319611317355
warm_nights,40766,Kermanshah,34,False,False,12.609625668449208,12.272726781442852,,,13.076925405591314,6.683684203766465,19.470166607416164,17.500000350603955,,,5.2272735691611025,4.42307494501264,0.8041986241484622
warm_nights,40768,Hamedan (Airport),34,False,False,10.892284186401843,7.407405095808645,,,12.799998379433095,6.651456467565219,18.948540291300972,17.49999958332636,,,10.092594487517715,4.700001203893265,5.39259328362445
warm_nights,40769,Arak,34,False,False,14.331550802139052,12.692307393160354,,,13.437500097656313,6.634568567749218,20.24043162756341,20.0000001131311,,,7.307692719970747,6.562500015474788,0.7451927044959596
warm_nights,40770,Qom,34,False,False,19.537051184110023,17.142830238149827,,,21.578949960382644,16.29564626672824,26.862253654037048,20.999999933336582,,,3.857169695186755,-0.5789500270460621,4.436119722232817
warm_nights,40771,Kangavar,34,False,False,9.398013750954936,8.571468387999891,,,11.562484348838327,6.304997820379452,16.8199708772972,11.249999855360503,,,2.678531467360612,-0.3124844934778235,2.9910159608384355
warm_nights,40772,Qorveh,34,False,False,24.788388082505747,17.857142307088303,,,24.782608468808792,18.141768766054444,31.42344817156314,27.999999186233534,,,10.142856879145231,3.217390717424742,6.92546616172049
warm_nights,40774,Borujerd,34,False,False,27.387318563789172,22.499996857138324,,,30.833333090276884,21.95144498470634,39.71522119584743,29.999993171978556,,,7.4999963148402315,-0.8333399182983285,8.33333623313856
warm_nights,40778,Gonabad,34,False,False,15.011459129106203,8.333334432507721,,,16.000000255776566,9.374108039216328,22.625892472336805,20.476188565051068,,,12.142854132543347,4.476188309274502,7.666665823268845
warm_nights,40779,Eslamabad-E-Gharb,34,False,False,13.576776165011474,17.692307642998045,,,12.307704457687404,4.154024777848962,20.461384137525847,13.636362233248807,,,-4.0559454097492385,1.3286577755614033,-5.384603185310642
warm_nights,40780,Ilam,34,False,False,-4.579067990832694,2.631577096118851,,,-3.600000000000204,-11.425118603471054,4.225118603470646,-10.000000029585713,,,-12.631577125704565,-6.4000000295855095,-6.2315770961190555
warm_nights,40782,Khorramabad,34,False,False,15.055767761650127,14.090911262438961,,,12.727273963246452,5.253461612918609,20.201086313574294,18.749999970878076,,,4.659088708439114,6.022726007631624,-1.3636372991925096
warm_nights,40783,Aligudarz,34,False,False,15.572192513369,13.333335852393242,,,17.500000987607354,12.061494690482881,22.938507284731827,13.750000065586354,,,0.416664213193112,-3.750000922021,4.166665135214112
warm_nights,40785,Kashan,34,False,False,23.760122230710486,18.09523968242939,,,25.000000034722245,17.12521044397254,32.87478962547195,28.33333260802407,,,10.238092925594678,3.333332573301824,6.904760352292854
warm_nights,40787,Daran,33,False,False,15.130347593582886,11.333334771201999,,,16.15384682403984,7.962858671982609,24.34483497609707,20.52631277092194,,,9.192977999719941,4.372465946882102,4.82051205283784
warm_nights,40789,Khur-Va-Biabanak,34,False,False,24.93659281894578,16.7999986021722,,,26.666677850307636,21.776983495200653,31.55637220541462,28.75000024305723,,,11.95000164088503,2.0833223927495936,9.866679248135437
warm_nights,40790,Robat-E-Poshtebadam,33,False,False,8.683155080213906,8.095238223734105,,,10.384615858002615,5.173728390288183,15.595503325717047,10.526310754743502,,,2.431072531009397,0.1416948967408871,2.2893776342685097
warm_nights,40791,Tabas,34,False,False,20.718105423987794,18.571428576466854,,,18.235294856760135,11.493319500570818,24.97727021294945,24.761910894775383,,,6.190482318308529,6.5266160380152485,-0.33613371970671935
warm_nights,40792,Ferdows,34,False,False,24.261268143621106,13.571427956207618,,,24.4000018093687,16.264343096016752,32.53566052272065,23.571430445989257,,,10.00000248978164,-0.8285713633794423,10.828573853161082
warm_nights,40793,Qaen,34,False,False,16.369747899159677,8.57143615852397,,,16.499993387330992,8.777996356603897,24.221990418058088,20.666668954999466,,,12.095232796475496,4.166675567668474,7.928557228807023
warm_nights,40794,Safiabad (Dezful),34,False,False,15.703590527119953,15.000000164109412,,,14.705882906574935,7.884498771278822,21.52726704187105,13.333332812071026,,,-1.6666673520383863,-1.372550094503909,-0.29411725753447726
warm_nights,40796,Dehloran,34,False,False,16.962566844919802,12.352985609456422,,,18.571430204109017,11.561199284634778,25.581661123583256,17.692310558617972,,,5.339324949161551,-0.8791196454910448,6.2184445946525955
warm_nights,40797,Kuhrang,34,False,False,10.605042016806733,8.461614597013712,,,10.499998790511526,4.903715308487831,16.09628227253522,12.941176262974121,,,4.479561665960409,2.441177472462595,2.038384193497814
warm_nights,40798,Shahrekord,34,False,False,0.12070282658518039,1.9999990226140352,,,1.9047611434770846,-4.205359249296366,8.014881536250535,-0.6250000434028332,,,-2.6249990660168683,-2.529761186879918,-0.09523787913695059
warm_nights,40799,Ardestan,33,False,False,14.274732620320858,13.846163729369904,,,13.70370488912856,7.745388602799067,19.66202117545805,15.499993144240552,,,1.653829414870648,1.7962882551119925,-0.14245884024134448
warm_nights,40800,Esfahan,33,False,False,20.30472710126135,21.111113519178772,,,21.250004675610963,13.565903687509692,28.934105663712234,18.69565210907447,,,-2.415461410104303,-2.554352566536494,0.13889115643219085
warm_nights,40801,Naein,33,False,False,15.197192513368982,12.962957368177195,,,16.19047440326046,10.467272751475015,21.913676055045904,19.333328153603816,,,6.370370785426621,3.142853750343356,3.227517035083265
warm_nights,40802,Esfahan (Airport),34,False,False,5.109243697478997,7.037036954732379,,,5.76923041242025,-0.13107396795709558,11.669534792797595,4.545442629000177,,,-2.491594325732202,-1.2237877834200734,-1.2678065423121287
warm_nights,40803,Kabutarabad,33,False,False,25.53810160427807,19.130433836307105,,,27.241379370536027,19.304991269301645,35.17776747177041,26.190496077613815,,,7.06006224130671,-1.0508832929222116,8.110945534228922
warm_nights,40809,Birjand,34,False,False,7.414820473644008,2.9411764167632604,,,9.999981201668747,3.5935808299806666,16.40638157335683,10.666666693827176,,,7.725490277063916,0.6666854921584289,7.058804784905487
warm_nights,40810,Bostan,34,False,False,29.3644003055768,18.12500015469719,,,32.49999995000001,25.945799243683823,39.0542006563162,33.18181730781172,,,15.05681715311453,0.6818173578117097,14.37499979530282
warm_nights,40811,Ahvaz,34,False,False,21.402597402597422,18.518518809465363,,,20.952401110658627,12.32091755774504,29.583884663572213,24.99999995430399,,,6.481481144838629,4.047598843645364,2.4338823011932647
warm_nights,40812,Masjedsoleyman,34,False,False,16.61420932009169,15.238095822569216,,,15.217388522110745,5.127656118390391,25.3071209258311,18.0952333354947,,,2.857137512925485,2.8778448133839554,-0.020707300458470357
warm_nights,40813,Ramhormoz,34,False,False,27.616501145912935,27.272719963433058,,,26.666665972219004,17.638583441525228,35.69474850291278,28.09523860418197,,,0.8225186407489105,1.4285726319629646,-0.6060539912140541
warm_nights,40818,Abadeh,34,False,False,23.411764705882373,18.88889508215808,,,24.399999259094162,18.151166688814826,30.6488318293735,23.599999112745902,,,4.711104030587823,-0.8000001463482604,5.511104176936083
warm_nights,40821,Yazd,34,False,False,28.021390374331574,18.46153857988073,,,29.523809523809526,23.007120327646863,36.04049871997219,31.15384647066601,,,12.69230789078528,1.6300369468564853,11.062270943928795
warm_nights,40827,Nehbandan,34,False,False,8.893812070282667,6.428571930603169,,,11.199998975276788,4.834964955587746,17.56503299496583,8.275862092746765,,,1.8472901621435964,-2.924136882530023,4.7714270446736196
warm_nights,40829,Zabol,34,False,False,20.73491214667687,13.333335657217331,,,22.777777345678086,15.448132557189783,30.107422134166388,26.896552095859402,,,13.56321643864207,4.118774750181316,9.444441688460754
warm_nights,40831,Abadan,34,False,False,30.51489686783807,27.777782037519415,,,30.526315346259548,23.97953556662636,37.073095125892735,26.36363662534464,,,-1.4141454121747756,-4.162678720914908,2.7485333087401322
warm_nights,40832,Bandar-E- Mahshahr,34,False,False,23.69136745607336,19.28571243871228,,,23.57143152508397,15.836528927748793,31.306334122419145,22.727272777777877,,,3.441560339065596,-0.8441587473060927,4.285719086371689
warm_nights,40833,Omidiyeh (Aghajari),33,False,False,19.79946524064171,15.789487881538927,,,20.00000044309833,11.125951880427186,28.87404900576947,24.09090891878944,,,8.301421037250515,4.090908475691112,4.210512561559403
warm_nights,40835,Dogonbadan,32,False,False,11.53232671714681,7.142857685560465,,,11.612903691000788,1.4438976538100565,21.781909728191522,19.41176760413057,,,12.268909918570106,7.798863913129782,4.470046005440324
warm_nights,40836,Yasuj,33,False,False,0.5614973262032068,5.333334650329859,,,0.7142924076154326,-8.328204682506597,9.756789497737463,-5.454545459136841,,,-10.7878801094667,-6.168837866752273,-4.619042242714427
warm_nights,40839,Anar,34,False,False,14.843391902215444,10.500005849673041,,,13.913039636869785,7.944983883264903,19.881095390474666,16.55172452713875,,,6.051718677465708,2.638684890268964,3.4130337871967438
warm_nights,40841,Kerman,34,False,False,13.952635599694435,11.73913043058196,,,13.63636563807333,7.044352818644171,20.22837845750249,12.916684016335974,,,1.1775535857540138,-0.7196816217373563,1.89723520749137
warm_nights,40844,Dorudzan,34,False,False,-0.46294881588999015,1.9999991268263262,,,-4.764914729244391e-06,-6.231316493755029,6.2313069639255705,-0.833333314043224,,,-2.83333244086955,-0.8333285491284947,-2.0000038917410556
warm_nights,40847,Zarqan,34,False,False,25.31398013750957,17.99999954270555,,,28.076914622445617,21.350801739172134,34.8030275057191,25.45454522705216,,,7.454545684346613,-2.6223693953934557,10.076915079740068
warm_nights,40848,Shiraz,34,False,False,-0.9839572192513382,3.846153925048859,,,0.476190792730421,-5.831480051227979,6.783861636688821,-7.391304571257619,,,-11.237458496306477,-7.86749536398804,-3.3699631323184382
warm_nights,40849,Shahrebabak,34,False,False,7.764705882352947,6.923076492439655,,,6.666666488888136,0.2122210949241321,13.12111188285214,12.857137117714634,,,5.934060625274979,6.190470628826498,-0.2564100035515189
warm_nights,40851,Sirjan,34,False,False,16.692131398013764,10.555555456503,,,15.714286428577404,9.961634054529316,21.466938802625492,22.727274566431152,,,12.171719109928151,7.012988137853748,5.1587309720744035
warm_nights,40853,Baft,34,False,False,22.592818945760143,18.124999991320465,,,22.999998906021236,15.16892054511245,30.831077266930023,26.818181887052464,,,8.693181895732,3.818182981031228,4.874998914700772
warm_nights,40854,Bam,34,False,False,26.48433919022157,18.333331172356132,,,26.086957382302643,17.88647729621665,34.28743746838863,32.777778817051335,,,14.444447644695202,6.690821434748692,7.7536262099465105
warm_nights,40856,Zahedan,34,False,False,10.647822765469833,6.206896601928989,,,12.666666666666677,6.637333695833295,18.69599963750006,12.727273653016397,,,6.520377051087408,0.06060698634972006,6.459770064737688
warm_nights,40857,Bushehr (Coastal),34,False,False,19.32161955691369,15.999999905555521,,,19.999999890543716,12.31157480809133,27.688424972996103,16.000000005221505,,,9.966598391031312e-08,-3.999999885322211,3.999999984988195
warm_nights,40858,Bushehr (Airport),34,False,False,29.332314744079476,30.384615455346637,,,28.51851811551839,21.340596751999268,35.696439479037515,33.46154109768156,,,3.076925642334924,4.943022982163171,-1.8660973398282472
warm_nights,40859,Fasa,34,False,False,32.42780748663104,19.16666733410121,,,32.50000090571253,24.08737363005701,40.912628181368056,37.407401986367496,,,18.240734652266287,4.907401080654964,13.333333571611323
warm_nights,40870,Khash,34,False,False,16.15889992360582,10.000000811900776,,,12.857142873361402,7.161110519810569,18.553175226912238,23.333330159088813,,,13.333329347188037,10.476187285727411,2.8571420614606264
warm_nights,40873,Lar,34,False,False,20.91673032849505,14.44444190119511,,,20.00000049382744,11.678850499319235,28.321150488335643,25.41666248584326,,,10.97222058464815,5.416661992015822,5.5555585926323285
warm_nights,40875,Bandarabbas,34,False,False,15.526355996944245,11.250000798615778,,,13.333335068491811,5.865874685801342,20.80079545118228,15.333334628136646,,,4.083333829520868,1.9999995596448343,2.0833342698760333
warm_nights,40876,Minab,34,False,False,20.11917494270437,14.000016466638476,,,16.5217393572784,7.040244286493474,26.003234428063323,26.4999984989264,,,12.499982032287923,9.978259141648,2.521722890639923
warm_nights,40877,Kahnuj,34,False,False,18.669213139801393,14.999999984569321,,,19.047618684806796,12.724944095770184,25.37029327384341,24.230769194608754,,,9.230769210039433,5.183150509801958,4.047618700237475
warm_nights,40878,Saravan,34,False,False,10.536287242169603,4.34783122101802,,,10.714285637754829,4.510515190223237,16.91805608528642,15.00000250733402,,,10.652171286316001,4.285716869579192,6.366454416736809
warm_nights,40879,Iranshahr,34,False,False,15.619556913674572,11.052639697955819,,,14.615384526626874,8.463482229711431,20.767286823542317,27.72726077971795,,,16.67462108176213,13.111876253091074,3.5627448286710557
warm_nights,40882,Kish Island,34,False,False,24.180290297937375,12.000018975750463,,,23.70370646713277,13.759485656486943,33.64792727777859,28.12500334503196,,,16.1249843692815,4.4212968778991915,11.703687491382306
warm_nights,40883,Bandar-E-Lengeh,34,False,False,7.563025210084041,5.652213669280761,,,7.500002170915093,-1.3487762343742373,16.348780576204422,6.923078817834258,,,1.2708651485534972,-0.5769233530808346,1.8477885016343318
warm_nights,40889,Siri Island,34,False,False,17.922077922077936,13.80952838444116,,,14.615384615384642,4.810064888564236,24.42070434220505,25.454545068870143,,,11.645016684428983,10.839160453485501,0.8058562309434816
warm_nights,40890,Abumusa Island,34,False,False,13.41023682200154,7.391313884424984,,,14.399999743999578,3.184731442193831,25.615268045805323,17.1428569642855,,,9.751543079860514,2.742857220285922,7.008685859574594
warm_nights,40893,Jask,34,False,False,13.964858670741032,10.624998748797704,,,11.363636570248831,4.475857329560695,18.25141581093697,20.909091783424575,,,10.28409303462687,9.545455213175744,0.7386378214511264
warm_nights,40898,Chahbahar,34,False,False,35.165775401069546,27.999999805555355,,,31.66666680555612,19.651651437639636,43.6816821734726,44.090906407511575,,,16.09090660195622,12.424239601955456,3.666667000000764
warm_nights,88187,Jam,33,False,False,26.18649732620321,15.294117597078063,,,21.333331413892076,9.148743549933057,33.51791927785109,29.583329105333032,,,14.289211508254969,8.249997691440957,6.039213816814012
warm_nights,99331,Tehran (Geophysic),34,False,False,-0.013750954927426173,2.500000049159331,,,-0.7692308579885253,-9.210718831471143,7.672257115494093,-3.9999998444455334,,,-6.499999893604864,-3.230768986457008,-3.2692309071478562
warm_nights,99407,Boshruyeh,34,False,False,18.129870129870145,10.000000847394093,,,19.999995847630043,13.32125830262699,26.678733392633095,25.66666565557148,,,15.666664808177389,5.666669807941439,9.99999500023595
warm_nights,99421,Natanz,33,False,False,15.494652406417114,12.666667490364413,,,16.250000742270636,9.145922739555886,23.354078744985387,15.999999876542361,,,3.3333323861779487,-0.25000086572827485,3.5833332519062235
warm_nights,99459,Borujen,34,False,False,18.01986249045074,10.000008322358124,,,15.652174280478503,8.50224925713869,22.802099303818316,20.000000862500677,,,9.999992540142554,4.347826582022174,5.65216595812038
warm_nights,99623,Zahak,32,False,False,17.059636091894152,10.55555731746124,,,14.166669667310753,4.985769863594278,23.347569471027228,28.571427087816588,,,18.015869770355348,14.404757420505835,3.6111123498495132
cool_days,19996,Bahookalat,31,False,False,-7.42782086564924,-5.0000001565880625,,,-2.350276832489304,-12.35542735638554,7.654873691406931,-11.851856018674269,,,-6.8518558620862065,-9.501579186184966,2.6497233240987583
cool_days,40700,Parsabad,34,False,False,-2.8082505729564557,2.0000240484957366,,,-2.3809527437649787,-8.124408863556916,3.362503376026958,-9.999993505582246,,,-12.000017554077983,-7.619040761817267,-4.380976792260715
cool_days,40701,Maku,34,False,False,-9.50496562261269,-3.1999992624231828,,,-9.600003607490764,-17.759220112586604,-1.4407871023949248,-22.999997452231415,,,-19.799998189808232,-13.399993844740651,-6.400004345067582
cool_days,40702,Jolfa,34,False,False,-6.479755538579071,-0.8695659523753978,,,-3.5294162112138108,-12.619868986118785,5.5610365636911645,-17.586206793499866,,,-16.716640841124466,-14.056790582286055,-2.659850258838413
cool_days,40703,Khoy,34,False,False,-8.534759358288778,-3.478221062013572,,,-7.999989509123705,-15.868064444145894,-0.13191457410151752,-19.166666792210357,,,-15.688445730196785,-11.166677283086653,-4.521768447110134
cool_days,40704,Ahar,34,False,False,-7.127578304048895,-0.9090914921944658,,,-6.000000155555583,-10.892714776591145,-1.1072855345200194,-13.809537143572873,,,-12.900445651378407,-7.809536988017291,-5.090908663361117
cool_days,40706,Tabriz,34,False,False,-6.464476699770823,-2.3529372559911366,,,-4.9999996481678455,-11.383181364487278,1.3831820681515863,-14.000000088891115,,,-11.647062832899978,-9.00000044072327,-2.647062392176709
cool_days,40708,Ardebil,34,False,False,-7.931245225362876,-1.249997755797467,,,-4.166666527773132,-9.61895452112567,1.285621465579406,-15.624999152411874,,,-14.375001396614406,-11.458332624638743,-2.916668771975665
cool_days,40709,Astara,34,False,False,-7.148968678380446,-2.5000003931104997,,,-4.782608998109886,-10.845698965388834,1.280480969169063,-15.384615345167678,,,-12.884614952057177,-10.602006347057792,-2.2826086049993863
cool_days,40710,Sarab,34,False,False,-5.119938884644769,-3.4782538565225294,,,-2.941177024222417,-8.887597709456637,3.005243661011803,-13.928571420068039,,,-10.450317563545509,-10.987394395845621,0.5370768323001123
cool_days,40712,Orumiyeh,34,False,False,-10.255156608097794,-4.705887444499141,,,-7.727272603299878,-13.998006576570964,-1.456538630028792,-23.999999644442642,,,-19.294112199943502,-16.272727041142765,-3.0213851588007365
cool_days,40713,Maragheh-Synoptic,34,False,False,-13.344537815126065,-7.142856579033142,,,-10.000000091513863,-15.530479677151774,-4.469520505875952,-21.290322836143538,,,-14.147466257110395,-11.290322744629675,-2.8571435124807207
cool_days,40716,Mianeh,34,False,False,-10.51489686783805,-7.5000000359138035,,,-8.260865846268295,-13.44741207627857,-3.0743196162580215,-19.03225804370445,,,-11.532258007790645,-10.771392197436153,-0.7608658103544919
cool_days,40717,Khalkhal,34,False,False,-8.411000763941944,-5.599988055935225,,,-6.923076674157028,-11.107051534873055,-2.7391018134410015,-12.692314568525216,,,-7.092326512589991,-5.769237894368188,-1.323088618221803
cool_days,40718,Bandar-E-Anzali,34,False,False,-7.9893048128342325,-2.222222487425289,,,-3.3333317766079382,-10.836330253501508,4.169666700285632,-16.153846114398466,,,-13.931623626973177,-12.820514337790527,-1.1111092891826493
cool_days,40719,Rasht,34,False,False,-5.446906035141335,-2.2222514326798897,,,-6.81818003073813,-13.173851915535302,-0.4625081459409577,-7.0588235986158265,,,-4.836572165935937,-0.24064356787769636,-4.59592859805824
cool_days,40723,Bojnurd,34,False,False,-6.1864018334606605,-3.5714286734693252,,,-6.470588235293538,-11.20944664812512,-1.7317298224619568,-7.500007664296575,,,-3.92857899082725,-1.0294194290030374,-2.8991595618242125
cool_days,40724,Piranshahr,34,False,False,-9.966386554621858,-4.166671229154253,,,-6.666667196261966,-12.939518091395744,-0.3938163011281892,-12.272727230120399,,,-8.106056000966145,-5.606060033858433,-2.499995967107713
cool_days,40726,Mahabad,34,False,False,-9.188693659281903,-5.00000042014371,,,-8.399999062768499,-15.229860130929275,-1.570137994607724,-17.14285791383142,,,-12.14285749368771,-8.742858851062921,-3.399998642624789
cool_days,40727,Saqez,34,False,False,-9.786096256684502,-4.705878879672919,,,-6.923079423357157,-13.322119361414465,-0.5240394852998485,-11.42857115646127,,,-6.722692276788352,-4.5054917331041135,-2.217200543684238
cool_days,40728,Takab,34,False,False,-10.583651642475182,-6.799996822810578,,,-9.655168002491141,-14.813180253077832,-4.49715575190445,-15.714285442176335,,,-8.914288619365756,-6.059117439685194,-2.855171179680563
cool_days,40729,Zanjan,34,False,False,-11.436210847975564,-8.000000011966142,,,-9.000000256734698,-13.697961159836197,-4.302039353633198,-13.54838707596254,,,-5.5483870639963975,-4.548386819227842,-1.0000002447685556
cool_days,40730,Khorramdareh,34,False,False,-8.207792207792208,-5.652171636323541,,,-5.769230739644861,-11.520543339515887,-0.01791813977383505,-9.259259252426414,,,-3.6070876161028735,-3.490028512781553,-0.11705910332132063
cool_days,40731,Qazvin,34,False,False,-9.66080977845684,-5.999999450129259,,,-6.666667719266825,-11.228654461525263,-2.1046809770083863,-14.193548286011936,,,-8.193548835882677,-7.526880566745111,-0.666668269137566
cool_days,40732,Ramsar,34,False,False,-7.511077158135986,-2.903195990887104,,,-5.333332977777828,-12.928697578054747,2.262031622499091,-10.000000536870164,,,-7.09680454598306,-4.666667559092336,-2.430136986890724
cool_days,40734,Nowshahr,34,False,False,-7.491214667685265,-2.9166578753240646,,,-6.818181694214591,-14.057131420233734,0.4207680318045526,-12.500000142177466,,,-9.583342266853402,-5.6818184479628755,-3.901523818890526
cool_days,40736,Babolsar,34,False,False,-8.125286478227661,-3.750000320110458,,,-3.999999952941583,-10.157662858264109,2.1576629523809436,-16.07142856292515,,,-12.32142824281469,-12.071428609983567,-0.2499996328311247
cool_days,40737,Gharakhil,34,False,False,-6.647822765469828,-2.6923076181488512,,,-4.000000128000049,-10.759150597805647,2.759150341805549,-13.333403213584477,,,-10.641095595435626,-9.333403085584429,-1.3076925098511976
cool_days,40738,Gorgan,34,False,False,-7.720397249809022,-1.8181929957219303,,,-6.249994764446024,-10.914814725659387,-1.5851748032326611,-12.580644880133953,,,-10.762451884412023,-6.330650115687929,-4.431801768724093
cool_days,40739,Shahrud,34,False,False,-7.173414820473649,-2.3529310893434627,,,-3.5000020559225287,-9.396108791837184,2.3961046799921264,-10.769237942849065,,,-8.416306853505603,-7.269235886926536,-1.147070966579066
cool_days,40740,Quchan,34,False,False,-3.5523300229182606,-2.272722107463719,,,-0.5000006745526739,-6.35238653159543,5.352385182490082,-8.38709675338188,,,-6.11437464591816,-7.887096078829205,1.7727214329110452
cool_days,40741,Sarakhs,34,False,False,-6.491978609625672,-1.8749998697917265,,,-6.1290317271749135,-10.286940117586491,-1.9711233367633358,-10.000000493832228,,,-8.125000624040503,-3.870968766657315,-4.254031857383187
cool_days,40742,Biyarjomand,33,False,False,-6.9786096256684536,-5.625000026041458,,,-5.454545641262771,-12.19234178490506,1.283250502379519,-11.53846907907443,,,-5.913469053032972,-6.0839234378116585,0.17045438477868657
cool_days,40743,Sabzevar,34,False,False,-6.7715813598166585,-4.736711995281882,,,-4.583332179317639,-10.60960880983452,1.4429444511992404,-11.612903333942844,,,-6.876191338660962,-7.029571154625205,0.153379815964243
cool_days,40744,Golmakan,32,False,False,-4.1899691288980385,-5.217395562947731,,,-3.0769217071578705,-8.02425332272999,1.8704099084142483,-2.5000052588479376,,,2.7173903040997933,0.5769164483099329,2.1404738557898604
cool_days,40745,Mashhad,34,False,False,-6.024446142093209,-3.4782601050052713,,,-5.000000937498875,-10.271904540663005,0.2719026656652561,-12.857142803287722,,,-9.378882698282451,-7.857141865788847,-1.5217408324936037
cool_days,40746,Neyshabur,34,False,False,-6.655462184873958,-8.214277450934445,,,-3.076923550297158,-8.209337598283458,2.055490497689143,-8.846154239584854,,,-0.6318767886504091,-5.769230689287696,5.137353900637287
cool_days,40747,Sanandaj,34,False,False,-10.904507257448444,-7.77777769547757,,,-7.500002689409718,-11.755644732843072,-3.2443606459763643,-8.846162618516644,,,-1.0683849230390736,-1.3461599291069257,0.2777750060678521
cool_days,40748,Bijar,34,False,False,-11.608861726508797,-7.36842350131923,,,-8.421051604262557,-13.31740595455836,-3.524697253966753,-13.999999822222625,,,-6.631576320903395,-5.578948217960068,-1.052628102943327
cool_days,40749,Zarrineh,34,False,False,-11.446906035141337,-7.000000695909557,,,-7.27272989493239,-11.796974827157728,-2.748484962707053,-14.074074040542673,,,-7.074073344633116,-6.801344145610282,-0.27272919902283377
cool_days,40751,Tehran (Shemiran),34,False,False,-11.104660045836521,-7.50000101496555,,,-6.47059743444327,-11.560945320846113,-1.380249548040429,-12.962975911603074,,,-5.462974896637524,-6.492378477159804,1.0294035805222794
cool_days,40752,Karaj,34,False,False,-9.34453781512606,-7.142856699427192,,,-7.199999999999425,-11.255405622786878,-3.1445943772119707,-12.258064495317367,,,-5.115207795890175,-5.058064495317942,-0.057143300572232825
cool_days,40754,Tehran (Mehrabad Airport),34,False,False,-5.543162719633311,-3.9999991298581525,,,-0.8695687839083887,-6.0975650697397334,4.3584275019229555,-11.600012012840386,,,-7.6000128829822335,-10.730443228931998,3.130430345949764
cool_days,40755,Abali,34,False,False,-9.961802902979379,-6.47063843696683,,,-6.92307718934972,-11.881393254396968,-1.9647611243024716,-11.538468683034798,,,-5.0678302460679685,-4.615391493685078,-0.4524387523828901
cool_days,40757,Semnan,34,False,False,-8.994652406417115,-5.652173984457162,,,-5.000002602110295,-10.235195243449173,0.2351900392285815,-10.96774396426055,,,-5.315569979803387,-5.967741362150254,0.6521713823468671
cool_days,40758,Garmsar,34,False,False,-5.2864782276547,-1.9047646788884118,,,0.5882359861642711,-5.013680355308534,6.190152327637076,-11.923077306877802,,,-10.01831262798939,-12.511313293042074,2.493000665052683
cool_days,40762,Torbat-E Heydariyeh,34,False,False,-8.661573720397257,-7.241376950018226,,,-6.999997111721896,-12.963429275760497,-1.0365649476832948,-13.548387244758512,,,-6.307010294740286,-6.548390133036616,0.24137983829632947
cool_days,40763,Kashmar,34,False,False,-8.024446142093204,-6.818181715325202,,,-8.571427893125556,-14.679353892720538,-2.463501893530572,-13.437500028211332,,,-6.61931831288613,-4.866072135085776,-1.7532461778003539
cool_days,40764,Ravansar,34,False,False,-9.752482811306352,-4.166666805555626,,,-5.833336408291929,-11.192705822053405,-0.4739669945304543,-20.66666643423447,,,-16.499999628678847,-14.833330025942542,-1.6666696027363033
cool_days,40765,Sarpol-E-Zahab,34,False,False,-10.637127578304058,-5.454544591344113,,,-7.4074087191940094,-12.395019883845123,-2.419797554542897,-21.538460908716804,,,-16.08391631737269,-14.131052189522794,-1.9528641278498968
cool_days,40766,Kermanshah,34,False,False,-8.745607333842637,-2.105263188673431,,,-4.482758100457486,-10.176471497702972,1.2109552967879988,-18.750002017176502,,,-16.644738828503073,-14.267243916719016,-2.3774949117840554
cool_days,40768,Hamedan (Airport),34,False,False,-10.579067990832705,-5.625000008680758,,,-6.060606390019242,-10.884236476491925,-1.236976303546558,-9.99999821529873,,,-4.374998206617971,-3.939391825279488,-0.4356063813384834
cool_days,40769,Arak,34,False,False,-9.937356760886182,-6.2499823330675754,,,-6.0000007405305045,-11.276593569057955,-0.7234079120030552,-14.000002267664344,,,-7.750019934596769,-8.00000152713384,0.24998159253707097
cool_days,40770,Qom,34,False,False,-9.543162719633315,-5.217380904218943,,,-7.6923074161338665,-12.836725382528536,-2.5478894497391966,-15.806451661463795,,,-10.589070757244851,-8.114144245329928,-2.4749265119149237
cool_days,40771,Kangavar,34,False,False,-9.879297173414828,-6.190476447467999,,,-7.241380400111114,-11.956058973057644,-2.526701827164585,-21.42857143990898,,,-15.23809499244098,-14.187191039797863,-1.0509039526431154
cool_days,40772,Qorveh,34,False,False,-12.452253628724227,-9.499997976622339,,,-8.400016311800693,-13.391223545400766,-3.40880907820062,-18.749995965698446,,,-9.249997989076107,-10.349979653897753,1.0999816648216463
cool_days,40774,Borujerd,34,False,False,-9.84568372803668,-4.545455353503269,,,-5.38461640907631,-10.463169498166419,-0.30606331998620107,-15.000000138892954,,,-10.454544785389686,-9.615383729816644,-0.8391610555730411
cool_days,40778,Gonabad,34,False,False,-8.708938120702832,-7.692301107738503,,,-8.124999397475992,-12.752744195506246,-3.49725459944574,-10.312500062953838,,,-2.6201989552153346,-2.1875006654778453,-0.43269828973748936
cool_days,40779,Eslamabad-E-Gharb,34,False,False,-8.611153552330032,-3.3333334722221823,,,-3.8095180208936315,-9.517567605880936,1.8985315640936733,-14.00001807518648,,,-10.666684602964297,-10.190500054292848,-0.4761845486714491
cool_days,40780,Ilam,34,False,False,-13.90679908326968,-5.833334058649755,,,-10.43478356031513,-14.340766459704332,-6.5288006609259295,-13.99999904228532,,,-8.166664983635567,-3.5652154819701902,-4.601449501665376
cool_days,40782,Khorramabad,34,False,False,-10.226126814362118,-5.806451565782763,,,-5.000001698361603,-10.179890317209212,0.1798869204860054,-17.600000373166594,,,-11.793548807383832,-12.59999867480499,0.8064498674211595
cool_days,40783,Aligudarz,34,False,False,-10.446142093200924,-5.384615332018666,,,-5.3571432397965015,-10.115394902018402,-0.5988915775746015,-14.99999769229773,,,-9.615382360279064,-9.64285445250123,0.027472092222164513
cool_days,40785,Kashan,34,False,False,-8.849503437738738,-5.909090649356618,,,-4.736841873502493,-10.184436644272058,0.7107528972670725,-13.870967949060057,,,-7.961877299703439,-9.134126075557564,1.1722487758541256
cool_days,40787,Daran,33,False,False,-9.675802139037437,-5.384612568075355,,,-7.500002090269082,-13.780952412564933,-1.219051767973232,-23.124996522507846,,,-17.74038395443249,-15.624994432238765,-2.115389522193727
cool_days,40789,Khur-Va-Biabanak,34,False,False,-7.857906799083272,-2.2222295694085714,,,-6.190475918363851,-10.032204480152009,-2.3487473565756933,-13.076923254191831,,,-10.85469368478326,-6.88644733582798,-3.9682463489552795
cool_days,40790,Robat-E-Poshtebadam,33,False,False,-6.330213903743317,-4.583329756281221,,,-5.384616491190448,-9.942359792581943,-0.8268731897989516,-13.333328476941682,,,-8.74999872066046,-7.948711985751235,-0.801286734909227
cool_days,40791,Tabas,34,False,False,-9.663865546218496,-5.83333113805396,,,-10.740714683505836,-15.915762553690346,-5.565666813321324,-13.333333379629083,,,-7.500002241575124,-2.592618696123248,-4.907383545451876
cool_days,40792,Ferdows,34,False,False,-4.131398013750955,-1.8181818411386665,,,-2.8571480747559863,-8.986486646878586,3.2721904973666134,-7.499999199675831,,,-5.681817358537165,-4.642851124919845,-1.0389662336173198
cool_days,40793,Qaen,34,False,False,-9.55080213903744,-5.909091033057423,,,-9.99999789154971,-15.218255375828637,-4.781740407270781,-9.062500101884364,,,-3.1534090688269414,0.9374977896653451,-4.0909068584922865
cool_days,40794,Safiabad (Dezful),34,False,False,-9.52482811306341,-3.6363731157321797,,,-5.714284679656653,-10.287692185643706,-1.1408771736696002,-14.516144087248025,,,-10.879770971515844,-8.801859407591373,-2.077911563924473
cool_days,40796,Dehloran,34,False,False,-12.033613445378158,-5.555562977737359,,,-9.4117651211074,-13.969251864190259,-4.854278378024543,-15.45454538108273,,,-9.898982403345371,-6.042780259975329,-3.8562021433700417
cool_days,40797,Kuhrang,34,False,False,-12.375859434682976,-4.117707379107887,,,-9.66666678235442,-14.997706329322423,-4.3356272353864185,-18.571420666770276,,,-14.453713287662389,-8.904753884415856,-5.548959403246534
cool_days,40798,Shahrekord,34,False,False,-9.55233002291827,-3.3333329550208095,,,-7.142864715589276,-12.403648375020023,-1.8820810561585297,-16.666666769547373,,,-13.333333814526563,-9.523802053958097,-3.8095317605684667
cool_days,40799,Ardestan,33,False,False,-8.763368983957225,-6.39999977776369,,,-4.666668526104759,-10.181967814453946,0.8486307622444276,-20.833328473371736,,,-14.433328695608047,-16.16665994726698,1.7333312516589308
cool_days,40800,Esfahan,33,False,False,-10.247259224331003,-5.833333572530696,,,-6.55172696101071,-13.116403735789458,0.012949813768039498,-14.545457951669025,,,-8.712124379138329,-7.993730990658316,-0.7183933884800133
cool_days,40801,Naein,33,False,False,-5.8121657754010725,-4.761901662045325,,,-3.333333271605536,-8.863779538998386,2.1971129957873146,-10.357142386433305,,,-5.595240724387979,-7.023809114827769,1.4285683904397892
cool_days,40802,Esfahan (Airport),34,False,False,-7.052711993888471,-1.6666677322053356,,,-2.000000711112764,-9.018538358410206,5.018536936184677,-13.124999904515485,,,-11.45833217231015,-11.124999193402722,-0.3333329789074282
cool_days,40803,Kabutarabad,33,False,False,-11.01938502673797,-3.6363549281100913,,,-8.88888901234591,-15.130258964050135,-2.6475190606416854,-19.285723634400533,,,-15.649368706290442,-10.396834622054623,-5.252534084235819
cool_days,40809,Birjand,34,False,False,-8.105423987776932,-6.6666665211243465,,,-6.842107505502861,-12.418852779094367,-1.2653622319113556,-6.666666805277406,,,-2.8415305930451495e-07,0.17544070022545544,-0.17544098437851474
cool_days,40810,Bostan,34,False,False,-12.534759358288778,-3.571428514739328,,,-9.375000390625393,-16.334638527463433,-2.415362253787354,-17.09677369525082,,,-13.525345180511493,-7.721773304625428,-5.803571875886066
cool_days,40811,Ahvaz,34,False,False,-10.479755538579077,-0.9091001365196906,,,-6.923076450157999,-13.303298134587834,-0.5428547657281637,-14.666666696296172,,,-13.757566559776482,-7.743590246138173,-6.013976313638309
cool_days,40812,Masjedsoleyman,34,False,False,-9.33384262796028,-3.99999772601392,,,-8.000000533334129,-13.592899764319617,-2.407101302348641,-15.999999551645727,,,-12.000001825631808,-7.999999018311598,-4.000002807320209
cool_days,40813,Ramhormoz,34,False,False,-11.688311688311694,-6.666665370370252,,,-8.965516655350475,-14.808392914875638,-3.1226403958253126,-16.8749999717882,,,-10.208334601417947,-7.909483316437724,-2.2988512849802234
cool_days,40818,Abadeh,34,False,False,-3.6974789915966433,0.9091034601652876,,,-3.4782606421900826,-9.906081904326053,2.949560619945887,-11.428571213151955,,,-12.337674673317242,-7.9503105709618715,-4.38736410235537
cool_days,40821,Yazd,34,False,False,-6.252100840336141,-0.5555551234517816,,,-1.9047620861684103,-7.749856945785304,3.9403327734484836,-9.583333774733452,,,-9.02777865128167,-7.678571688565042,-1.3492069627166288
cool_days,40827,Nehbandan,34,False,False,-9.779984721161197,-3.000000016667026,,,-9.473686703931499,-16.492500518838888,-2.4548728890241094,-12.142857185374087,,,-9.14285716870706,-2.6691704814425883,-6.473686687264473
cool_days,40829,Zabol,34,False,False,-9.533995416348363,-4.499994792751407,,,-6.000013953803613,-11.626945900773833,-0.37308200683339177,-15.312499963107634,,,-10.812505170356227,-9.31248600930402,-1.5000191610522062
cool_days,40831,Abadan,34,False,False,-12.226126814362114,-3.8888898379234322,,,-7.20000027003796,-12.925495560301922,-1.4745049797739993,-20.312499719820185,,,-16.423609881896752,-13.112499449782224,-3.311110432114528
cool_days,40832,Bandar-E- Mahshahr,34,False,False,-9.074102368220021,-4.7368423241066955,,,-5.000005826167655,-10.058794319134524,0.058782666799213956,-11.000000016667364,,,-6.263157692560669,-5.999994190499709,-0.2631635020609595
cool_days,40833,Omidiyeh (Aghajari),34,False,False,-10.271963330786866,-6.666665370366982,,,-8.333333715278114,-13.654645769871738,-3.01202166068449,-12.499999341273316,,,-5.8333339709063345,-4.166665625995202,-1.6666683449111321
cool_days,40835,Dogonbadan,32,False,False,-8.477530355302655,-3.7499957633851504,,,-8.47753035530264,-13.402448288802532,-3.552612421802749,-12.142858900110785,,,-8.392863136725634,-3.665328544808144,-4.72753459191749
cool_days,40836,Yasuj,33,False,False,-9.207887700534757,-1.7647059390242665,,,-4.444447152488122,-9.142247302457285,0.25335299748104134,-10.000000945833802,,,-8.235295006809537,-5.5555537933456804,-2.6797412134638554
cool_days,40839,Anar,34,False,False,-5.7998472116119215,-0.5263177510207109,,,-3.1034484185493927,-9.220962481966549,3.0140656448677623,-11.785714328231332,,,-11.259396577210621,-8.68226590968194,-2.5771306675286816
cool_days,40841,Kerman,34,False,False,-4.563789152024448,2.8571418597284315,,,-5.000000416667391,-10.770013764377259,0.7700129310424764,-11.07142816330625,,,-13.92857002303468,-6.071427746638858,-7.857142276395823
cool_days,40844,Dorudzan,34,False,False,-8.527119938884653,-4.090909022038582,,,-4.705882491350882,-10.258911557548167,0.8471465748464047,-8.571435350499376,,,-4.480526328460794,-3.8655528591484947,-0.6149734693122992
cool_days,40847,Zarqan,34,False,False,-10.411000763941951,-1.999999805554041,,,-7.999998449557181,-14.675533348726152,-1.3244635503882103,-11.999999768889126,,,-9.999999963335085,-4.000001319331944,-5.99999864400314
cool_days,40848,Shiraz,34,False,False,-9.110771581359822,-3.157894915358798,,,-7.647058546712232,-14.313310653630765,-0.9808064397936986,-13.333332037038923,,,-10.175437121680126,-5.686273490326691,-4.489163631353435
cool_days,40849,Shahrebabak,34,False,False,-7.911382734912152,8.77308131835076e-11,,,-8.33333127101805,-15.143897387911728,-1.5227651541243707,-11.66666900821907,,,-11.666669008306801,-3.3333377372010204,-8.33333127110578
cool_days,40851,Sirjan,34,False,False,-4.456837280366694,0.8335475793647181,,,-5.000001562505943,-12.924964439057998,2.9249613140461106,-4.5833335861602205,,,-5.416881165524939,0.41666797634572283,-5.8335491418706615
cool_days,40853,Baft,34,False,False,-6.099312452253631,-2.4999820269052377,,,-7.878786750359569,-15.435504105452738,-0.3220693952664,-12.962963202083118,,,-10.46298117517788,-5.0841764517235495,-5.378804723454332
cool_days,40854,Bam,34,False,False,-9.767761650114599,-4.000002817281711,,,-9.375000721053425,-15.056778371438394,-3.693223070668455,-14.166666545451134,,,-10.166663728169423,-4.791665824397709,-5.374997903771714
cool_days,40856,Zahedan,34,False,False,-8.16348357524829,-2.6315789535243828,,,-9.677419438085508,-16.87904848927029,-2.4757903869007256,-11.481483650088077,,,-8.849904696563694,-1.8040642120025687,-7.0458404845611255
cool_days,40857,Bushehr (Coastal),34,False,False,-15.485103132161967,-2.1052632886073956,,,-12.222222160493237,-18.566951413135836,-5.877492907850638,-21.599998572915634,,,-19.494735284308238,-9.377776412422397,-10.116958871885842
cool_days,40858,Bushehr (Airport),34,False,False,-6.883116883116886,1.0526346677881038,,,-3.333348825878015,-10.637169127730633,3.9704714759746036,-18.124999247981954,,,-19.17763391577006,-14.791650422103938,-4.385983493666119
cool_days,40859,Fasa,34,False,False,-5.086325439266621,-0.9090817530245351,,,-3.030303177226934,-9.633857169240938,3.573250814787071,-3.478264304360393,,,-2.569182551335858,-0.44796112713345915,-2.121221424202399
cool_days,40870,Khash,34,False,False,-7.350649350649359,-1.2499992949378542,,,-4.210526426592843,-11.044157368008523,2.6231045148228382,-9.56521667372882,,,-8.315217378790965,-5.354690247135977,-2.960527131654988
cool_days,40873,Lar,34,False,False,-7.80290297937357,-2.142853988277161,,,-5.714284090530387,-12.740801471403973,1.3122332903431984,-11.19999991822223,,,-9.057145929945069,-5.485715827691844,-3.5714301022532258
cool_days,40875,Bandarabbas,34,False,False,-11.40565317035906,-3.846038005460977,,,-8.666666466666573,-16.538466583263634,-0.7948663500695101,-24.07407399176956,,,-20.228035986308583,-15.407407525102986,-4.820628461205596
cool_days,40876,Minab,34,False,False,-13.497326203208564,-4.545455298442995,,,-8.275862116528028,-14.4090492561503,-2.142674976905756,-23.939397719166177,,,-19.39394242072318,-15.663535602638149,-3.730406818085033
cool_days,40877,Kahnuj,34,False,False,-3.8594346829640958,2.631579039704502,,,-3.333335000015904,-10.249419257808757,3.5827492577769493,-3.478266287438805,,,-6.109845327143306,-0.14493128742290073,-5.964914039720406
cool_days,40878,Saravan,34,False,False,-6.362108479755546,-1.6666614158583748,,,-2.7586213183302686,-10.378266988870443,4.861024352209906,-11.428584527857018,,,-9.761923111998643,-8.669963209526749,-1.0919599024718938
cool_days,40879,Iranshahr,34,False,False,-6.530175706646297,7.66804193070634e-06,,,-3.333334305556341,-12.939279299087048,6.272610687974367,-14.285716288385412,,,-14.285723956427343,-10.95238198282907,-3.3333419735982717
cool_days,40882,Kish Island,34,False,False,-11.054239877769296,-3.571431483944516,,,-5.48387080124866,-12.625905387570178,1.6581637850728592,-20.45454720591393,,,-16.883115721969414,-14.97067640466527,-1.9124393173041438
cool_days,40883,Bandar-E-Lengeh,34,False,False,-17.29717341482048,-1.6666685671319061,,,-9.999999670781442,-17.00138716215976,-2.9986121794031266,-32.49999965714326,,,-30.833331090011356,-22.49999998636182,-8.333331103649536
cool_days,40889,Siri Island,34,False,False,-13.323147440794505,-4.210524308526912,,,-8.000005387114703,-13.124471118448973,-2.8755396557804316,-25.000000002511083,,,-20.789475693984173,-16.999994615396382,-3.789481078587791
cool_days,40890,Abumusa Island,34,False,False,-15.532467532467546,-1.9999975449216076,,,-9.999999454147458,-16.032312371222787,-3.9676865370721277,-22.962962911141595,,,-20.962965366219986,-12.962963456994137,-8.000001909225851
cool_days,40893,Jask,34,False,False,-12.427807486631018,-4.000000777779809,,,-4.999996016542894,-10.641693381887698,0.6417013488019112,-26.000001794367364,,,-22.000001016587554,-21.00000577782447,-0.999995238763085
cool_days,40898,Chahbahar,34,False,False,-11.090909090909099,-1.6666670833339585,,,-5.5555567439466405,-13.670063833483692,2.558950345590411,-28.888879830690794,,,-27.222212747356835,-23.33332308674415,-3.8888896606126817
cool_days,88187,Jam,33,False,False,-9.391711229946527,-4.545446370307322,,,-8.148146477732041,-13.486713145560431,-2.809579809903651,-14.814814791952449,,,-10.269368421645126,-6.6666683142204075,-3.6027001074247194
cool_days,99331,Tehran (Geophysic),33,False,False,-11.179812834224599,-9.999997715184742,,,-8.666668697783177,-12.485278068937257,-4.848059326629096,-15.384615446745654,,,-5.384617731560912,-6.717946748962477,1.3333290174015655
cool_days,99407,Boshruyeh,34,False,False,-5.772345301757073,-4.545451981610407,,,-4.000003857949712,-7.928654018824217,-0.07135369707520667,-10.000000105174957,,,-5.45454812356455,-5.999996247225245,0.5454481236606954
cool_days,99421,Natanz,33,False,False,-9.291443850267385,-7.0588231564691934,,,-5.294124716200577,-10.772670878331393,0.1844214459302389,-15.384621393144679,,,-8.325798236675485,-10.090496676944102,1.7646984402686163
cool_days,99459,Borujen,34,False,False,-10.450725744843403,-3.6666674497670777,,,-9.310344922711446,-14.507394872454684,-4.113294972968207,-19.44444381689044,,,-15.777776367123364,-10.134098894178996,-5.643677472944368
cool_days,99623,Zahak,32,False,False,-7.318923447955711,-2.0000011555626007,,,-7.0000002500005865,-13.964580595678349,-0.03541990432282471,-13.437500214633028,,,-11.437499059070428,-6.437499964632441,-4.999999094437985
cool_nights,19996,Bahookalat,32,False,False,-7.983715636490981,-4.090905733621718,,,-10.0000007831651,-19.743138824628126,-0.2568627417020757,-14.545454480249283,,,-10.454548746627566,-4.545453697084183,-5.9090950495433825
cool_nights,40700,Parsabad,34,False,False,-2.0886172650878567,1.5384605570355148,,,-2.4627379521445265e-07,-5.374965339964469,5.374964847416878,-10.32258703384572,,,-11.861047590881235,-10.322586787571923,-1.53846080330931
cool_nights,40701,Maku,34,False,False,-7.757066462948825,-6.666635966469688,,,-2.0000003473148547,-7.874018162692833,3.874017468063123,-15.500024298172834,,,-8.833388331703146,-13.50002395085798,4.6666356191548335
cool_nights,40702,Jolfa,34,False,False,-6.614209320091678,-5.185181703209767,,,-8.333334027782287,-16.33788194281324,-0.3287861127513363,-9.583336132968217,,,-4.39815442975845,-1.2500021051859296,-3.1481523245725205
cool_nights,40703,Khoy,34,False,False,-10.623376623376634,-5.000003888884683,,,-5.7142856221657965,-12.896683561423504,1.4681123170919115,-18.709677421667212,,,-13.70967353278253,-12.995391799501416,-0.7142817332811138
cool_nights,40704,Ahar,34,False,False,-5.541634835752488,-2.6086957403909126,,,-2.85712831330894,-6.848575908325005,1.1343192817071253,-11.176470611303188,,,-8.567774870912276,-8.319342297994247,-0.24843257291802745
cool_nights,40706,Tabriz,34,False,False,-1.5630252100840347,-2.608696111055249,,,-7.1686051400263265e-06,-8.53005835669213,8.53004401948185,-7.8946523288713095,,,-5.285956217816061,-7.89464516026617,2.608688942450109
cool_nights,40708,Ardebil,34,False,False,-12.226126814362116,-7.058819551543503,,,-11.176466989229576,-15.725497592049443,-6.627436386409708,-15.333333123456942,,,-8.274513571913438,-4.156866134227366,-4.117647437686073
cool_nights,40709,Astara,34,False,False,-6.058059587471357,1.562493525927337,,,-4.999998725499052,-12.295288434040748,2.2952909830426442,-16.000000066666235,,,-17.562493592593572,-11.000001341167184,-6.562492251426389
cool_nights,40710,Sarab,34,False,False,-4.6615737203972545,-3.076923168967679,,,-3.4482773989493776,-9.007157821002927,2.110603023104173,-7.916681803147505,,,-4.839758634179826,-4.468404404198127,-0.37135422998169876
cool_nights,40712,Orumiyeh,34,False,False,-0.5057295645530935,2.000000016666155,,,2.2222214341449975,-7.194562885747616,11.639005754037612,-7.499997930501395,,,-9.49999794716755,-9.722219364646392,0.2222214174788424
cool_nights,40713,Maragheh-Synoptic,34,False,False,-7.996944232238357,-4.166664800151157,,,-6.666664446146118,-12.898110410421442,-0.4352184818707956,-18.181818016529345,,,-14.015153216378188,-11.515153570383227,-2.4999996459949614
cool_nights,40716,Mianeh,34,False,False,-9.964858670741032,-5.882352743966499,,,-7.599999935999934,-12.164429397250107,-3.035570474749762,-10.000000071684635,,,-4.117647327718136,-2.400000135684701,-1.7176471920334349
cool_nights,40717,Khalkhal,34,False,False,-11.876241405653182,-5.333343907327048,,,-7.692309350211338,-11.250964359014247,-4.133654341408429,-17.419354758897555,,,-12.086010851570506,-9.727045408686216,-2.3589654428842897
cool_nights,40718,Bandar-E-Anzali,34,False,False,-5.419404125286485,-0.4545475026353372,,,1.333332846209715,-4.880481257595329,7.547146950014759,-13.913043171601954,,,-13.458495668966616,-15.246376017811668,1.787880348845052
cool_nights,40719,Rasht,34,False,False,-9.995416348357537,-5.294113717473755,,,-9.999999864681476,-14.77624181773287,-5.223757911630081,-17.27272710743807,,,-11.978613389964313,-7.272727242756593,-4.70588614720772
cool_nights,40723,Bojnurd,34,False,False,-0.7440794499618035,-1.9999935869686396,,,-0.5555553703703072,-6.156226452250401,5.045115711509787,0.39999992533335477,,,2.3999935123019944,0.9555552957036619,1.4444382165983325
cool_nights,40724,Piranshahr,34,False,False,-15.243697478991608,-6.315786017690069,,,-6.4705876816606285,-10.560967853742081,-2.3802075095791757,-18.799998711389637,,,-12.484212693699568,-12.329411029729009,-0.1548016639705594
cool_nights,40726,Mahabad,34,False,False,-7.485103132161965,-3.3333196693144678,,,-3.9999968000003325,-11.351473302578368,3.3514797025777034,-17.69230159017597,,,-14.3589819208615,-13.692304790175637,-0.6666771306858648
cool_nights,40727,Saqez,34,False,False,-9.607333842627968,-6.8749999218746165,,,-8.461538155455116,-12.124432451651789,-4.798643859258444,-17.1428588208653,,,-10.267858898990683,-8.681320665410183,-1.5865382335804998
cool_nights,40728,Takab,34,False,False,-8.189457601222312,-7.4999952735692,,,-5.000001400001081,-10.979023210735008,0.9790204107328462,-11.111118968413114,,,-3.611123694843914,-6.111117568412033,2.499993873568119
cool_nights,40729,Zanjan,34,False,False,-11.888464476699783,-6.363633388519853,,,-9.629629215170098,-14.387150145033617,-4.872108285306579,-12.500000042876561,,,-6.136366654356708,-2.870370827706463,-3.2659958266502453
cool_nights,40730,Khorramdareh,34,False,False,-11.763177998472127,-6.086955697552901,,,-7.999998983447547,-12.843601984353398,-3.1563959825416967,-13.703703408017098,,,-7.616747710464197,-5.703704424569551,-1.9130432858946458
cool_nights,40731,Qazvin,34,False,False,-9.275783040488928,-6.086956064411983,,,-7.619041234942526,-12.064883977495924,-3.173198492389127,-10.83333347222197,,,-4.7463774078099865,-3.2142922372794436,-1.532085170530543
cool_nights,40732,Ramsar,34,False,False,-12.806722689075643,-6.47058818146884,,,-8.823523805618182,-13.240981446039122,-4.406066165197242,-16.250000008680693,,,-9.779411827211852,-7.426476203062512,-2.3529356241493415
cool_nights,40734,Nowshahr,34,False,False,-11.772345301757076,-6.874991788991318,,,-7.407415550967665,-10.376683188331782,-4.438147913603547,-19.04762366860596,,,-12.172631879614643,-11.640208117638297,-0.5324237619763466
cool_nights,40736,Babolsar,34,False,False,-10.342245989304818,-5.9090796204643325,,,-5.909088705183385,-9.694953528611412,-2.1232238817553575,-13.200000067556251,,,-7.290920447091919,-7.290911362372866,-9.084719052587786e-06
cool_nights,40737,Gharakhil,34,False,False,-2.4996180290297945,-4.999996417796417,,,2.9629619995571352,-1.2730762289235122,7.199000228037782,-4.285713843536799,,,0.7142825742596184,-7.248675843093935,7.962958417353553
cool_nights,40738,Gorgan,34,False,False,7.8242933537051265,8.888891802907095,,,9.259259423868476,0.13014207613732154,18.38837677159963,5.909090361959582,,,-2.9798014409475124,-3.350169061908894,0.37036762096138176
cool_nights,40739,Shahrud,34,False,False,-3.8074866310160456,-1.9999999537777726,,,-2.8571427664398197,-9.622820674920153,3.9085351420405123,-6.666667609989761,,,-4.666667656211988,-3.8095248435499416,-0.8571428126620471
cool_nights,40740,Quchan,34,False,False,19.599694423223852,16.470585279559007,,,21.200000192000214,6.7311452157679525,35.668855168232476,20.999999990844035,,,4.529414711285028,-0.200000201156179,4.729414912441207
cool_nights,40741,Sarakhs,34,False,False,-5.754010695187169,-6.451612690216237,,,-5.599998124743907,-10.772453402848663,-0.42754284663915065,-2.500000049342872,,,3.951612640873365,3.099998075401035,0.8516145654723299
cool_nights,40742,Biyarjomand,33,False,False,-8.536096256684496,-4.3749995399291155,,,-8.000003861692921,-14.421259986944355,-1.5787477364414872,-11.666666851849946,,,-7.291667311920831,-3.6666629901570253,-3.6250043217638055
cool_nights,40743,Sabzevar,34,False,False,-4.7807486631016065,-0.952381259763264,,,-5.357141661034016,-11.594545894445211,0.8802625723771795,-22.499999939235874,,,-21.54761867947261,-17.142858278201857,-4.404760401270752
cool_nights,40744,Golmakan,32,False,False,-4.9747214889714115,-5.000003312814356,,,-4.444444938273108,-10.142927846586936,1.2540379700407192,-6.249989328024895,,,-1.2499860152105384,-1.8055443897517867,0.5555583745412482
cool_nights,40745,Mashhad,34,False,False,-8.5485103132162,-7.999965895479841,,,-8.800000000000004,-13.623567707728995,-3.9764322922710136,-12.222221700959759,,,-4.222255805479918,-3.4222217009597546,-0.8000341045201633
cool_nights,40746,Neyshabur,34,False,False,-1.7952635599694409,-1.49999467785686,,,-2.9999989872305655,-10.302025233458817,4.302027258997687,-4.444443923175071,,,-2.944449245318211,-1.4444449359445057,-1.5000043093737054
cool_nights,40747,Sanandaj,34,False,False,-9.445378151260512,-7.000008625023536,,,-7.857143086734802,-13.20007647114575,-2.514209702323855,-15.000002301166399,,,-7.9999936761428625,-7.1428592144315965,-0.857134461711266
cool_nights,40748,Bijar,34,False,False,-9.324675324675331,-4.705882483042378,,,-6.521738903590495,-10.472493467700822,-2.5709843394801677,-8.75000697128817,,,-4.044124488245792,-2.228268067697676,-1.8158564205481165
cool_nights,40749,Zarrineh,34,False,False,-4.485867074102369,-5.999983948023188,,,-2.7777775925884445,-7.84860988988032,2.2930547047034313,-6.666662373887639,,,-0.6666784258644505,-3.8888847812991942,3.2222063554347438
cool_nights,40751,Tehran (Shemiran),34,False,False,-8.220015278838813,-5.263158482512394,,,-6.666665491633008,-9.872938417424065,-3.460392565841951,-8.333333381345637,,,-3.070174898833243,-1.6666678897126292,-1.4035070091206139
cool_nights,40752,Karaj,34,False,False,-8.302521008403367,-6.956522352816486,,,-6.363636322313815,-11.317370120464355,-1.4099025241632752,-13.636363562901279,,,-6.679841210084793,-7.2727272405874634,0.5928860305026706
cool_nights,40754,Tehran (Mehrabad Airport),34,False,False,-7.932773109243703,-3.6363637603305716,,,-5.217391538869467,-10.717140749030424,0.28235767129148837,-13.750000000863752,,,-10.11363624053318,-8.532608461994284,-1.5810277785388958
cool_nights,40755,Abali,34,False,False,-3.995416348357527,-2.399998323423944,,,-2.857139762494882,-7.812247962824488,2.0979684378347234,0.6666660797476289,,,3.066664403171573,3.5238058422425107,-0.45714143907093785
cool_nights,40757,Semnan,34,False,False,-4.5851795263560025,-2.1874863173683425,,,-3.9999979441181175,-8.915123420913117,0.9151275326768822,-12.50000357404927,,,-10.312517256680927,-8.500005629931152,-1.812511626749775
cool_nights,40758,Garmsar,34,False,False,-15.521772345301766,-11.818181616161063,,,-12.333333538850964,-16.502716116347038,-8.163950961354889,-17.586206846346922,,,-5.768025230185859,-5.252873307495959,-0.5151519226899008
cool_nights,40762,Torbat-E Heydariyeh,34,False,False,-6.979373567608867,-5.6249903331131215,,,-7.619047891156841,-13.16655960458617,-2.071536177727511,-5.909090922865391,,,-0.2841005897522697,1.7099569682914497,-1.9940575580437194
cool_nights,40763,Kashmar,34,False,False,-5.396485867074104,-1.0526315999746085,,,-3.600000320000246,-8.871628977131365,1.671628337130874,-13.07692270667305,,,-12.024291106698442,-9.476922386672804,-2.5473687200256374
cool_nights,40764,Ravansar,34,False,False,-9.668449197860973,-2.5000003788498,,,-7.600002755326664,-13.618539538775604,-1.5814659718777255,-12.500000416668906,,,-10.000000037819106,-4.899997661342241,-5.100002376476864
cool_nights,40765,Sarpol-E-Zahab,34,False,False,-12.475171886936604,-6.499975953152223,,,-9.999997629221003,-15.711908442287136,-4.288086816154871,-18.99999936464418,,,-12.500023411491956,-9.000001735423176,-3.50002167606878
cool_nights,40766,Kermanshah,34,False,False,-10.195569136745616,-6.842103397718652,,,-9.999999392485236,-15.91317771364605,-4.086821071324422,-15.555555480109698,,,-8.713452082391047,-5.555556087624462,-3.1578959947665846
cool_nights,40768,Hamedan (Airport),34,False,False,-7.064935064935073,-6.522031330337929e-06,,,-5.999996522094886,-12.731754764218369,0.7317617200285982,-8.666666688888947,,,-8.666660166857616,-2.666670166794061,-5.999990000063556
cool_nights,40769,Arak,34,False,False,-7.663865546218496,-3.1578949153584914,,,-5.238095691611613,-10.307394743233857,-0.16879663998936856,-14.999998881822846,,,-11.842103966464354,-9.761903190211232,-2.0802007762531214
cool_nights,40770,Qom,34,False,False,-10.45378151260505,-1.052632208794712,,,-9.130431529728014,-14.776112096851335,-3.484750962604692,-9.333334085931305,,,-8.280701877136593,-0.20290255620329134,-8.077799320933302
cool_nights,40771,Kangavar,34,False,False,-8.061115355233005,-10.454542084181169,,,-7.333332719522855,-11.472583047338974,-3.1940823917067362,-10.999990426143079,,,-0.5454483419619098,-3.6666577066202235,3.1212093646583137
cool_nights,40772,Qorveh,34,False,False,-12.22765469824294,-9.411765130625229,,,-9.333333688897866,-12.728142273967183,-5.9385251038285505,-10.000008541272395,,,-0.5882434106471663,-0.6666748523745287,0.07843144172736238
cool_nights,40774,Borujerd,34,False,False,-12.02750190985486,-7.5000000192901854,,,-11.428572356750797,-15.802803756660113,-7.0543409568414805,-13.125000008680283,,,-5.624999989390098,-1.6964276519294863,-3.9285723374606114
cool_nights,40778,Gonabad,34,False,False,-6.79449961802903,0.39999933105715324,,,-7.586201915977091,-14.096716502911047,-1.0756873290431344,-10.47619096519998,,,-10.876190296257132,-2.889989049222889,-7.986201247034244
cool_nights,40779,Eslamabad-E-Gharb,34,False,False,-8.618792971734155,-6.999975859471298,,,-8.823528719722352,-16.233216018725965,-1.4138414207187404,-16.874999295939215,,,-9.875023436467917,-8.051470576216863,-1.8235528602510547
cool_nights,40780,Ilam,34,False,False,9.43926661573721,12.631577292405298,,,10.000016476730723,-4.257219588916151,24.257252542377596,25.71422444435945,,,13.08264715195415,15.714207967628726,-2.6315608156745753
cool_nights,40782,Khorramabad,34,False,False,-11.934300993124534,-3.749999216974981,,,-8.333334027779252,-16.202779892512485,-0.4638881630460192,-19.032296799081514,,,-15.282297582106533,-10.698962771302263,-4.583334810804271
cool_nights,40783,Aligudarz,34,False,False,-9.471352177234541,-5.833319928072518,,,-7.000000349717367,-12.871219785314718,-1.128780914120017,-17.999999822218186,,,-12.166679894145668,-10.999999472500818,-1.1666804216448492
cool_nights,40785,Kashan,34,False,False,-12.102368220015286,-4.999996506483207,,,-6.923076449701839,-12.144908398309278,-1.7012445010944006,-17.272727181827623,,,-12.272730675344416,-10.349650732125784,-1.9230799432186325
cool_nights,40787,Daran,33,False,False,-8.91377005347594,-5.8823526066848775,,,-5.000000517196073,-11.144029934900502,1.1440289005083564,-13.333333163580878,,,-7.450980556896001,-8.333332646384806,0.8823520894888048
cool_nights,40789,Khur-Va-Biabanak,34,False,False,-12.013750954927428,-7.692306340587139,,,-10.454545165289106,-15.207308003027368,-5.701782327550844,-13.225806477049584,,,-5.533500136462445,-2.771261311760478,-2.762238824701967
cool_nights,40790,Robat-E-Poshtebadam,33,False,False,-4.3716577540106965,0.4545448959659458,,,-4.137932108492568,-9.951705183771576,1.6758409667864411,-8.620688834952098,,,-9.075233730918043,-4.48275672645953,-4.592477004458514
cool_nights,40791,Tabas,34,False,False,-7.917494270435454,-2.608697364401875,,,-6.060606690166406,-11.820604307018808,-0.30060907331400344,-10.000001218979193,,,-7.391303854577318,-3.9393945288127874,-3.4519093257645306
cool_nights,40792,Ferdows,34,False,False,-12.491978609625678,-4.999999320986822,,,-10.62499338202235,-16.19820578592357,-5.051780978121129,-14.64285716836738,,,-9.642857847380558,-4.01786378634503,-5.624994061035528
cool_nights,40793,Qaen,34,False,False,-8.220015278838815,-3.333333900820868,,,-9.310329899109894,-15.46379309530927,-3.1568667029105155,-11.851851556165283,,,-8.518517655344414,-2.541521657055389,-5.976995998289025
cool_nights,40794,Safiabad (Dezful),34,False,False,-10.970206264323917,-10.000001630124476,,,-8.000000250000273,-13.206535003594642,-2.7934654964059042,-13.333333336381624,,,-3.333331706257148,-5.3333330863813515,2.0000013801242034
cool_nights,40796,Dehloran,34,False,False,-9.32161955691368,-4.499998276256911,,,-8.333333888907747,-15.314438831428252,-1.3522289463872417,-11.818181877869637,,,-7.318183601612726,-3.4848479889618904,-3.8333356126508358
cool_nights,40797,Kuhrang,34,False,False,-3.0267379679144417,-1.052631326117685,,,-0.9090905371889241,-6.845086244499421,5.026905170121572,-1.428574605252332,,,-0.3759432791346471,-0.519484068063408,0.14354078892876088
cool_nights,40798,Shahrekord,34,False,False,15.20397249809016,12.727272750229444,,,19.1666668402781,4.3210389787252925,34.01229470183091,14.736838913273452,,,2.009566163044008,-4.429827927004649,6.439394090048657
cool_nights,40799,Ardestan,33,False,False,-9.528743315508025,-6.399998442810531,,,-5.882349826834295,-11.37892577235382,-0.38577388131477,-12.500000138888769,,,-6.1000016960782375,-6.617650312054474,0.5176486159762366
cool_nights,40800,Esfahan,33,False,False,-7.774961688082037,0.6666666345679269,,,-8.461540927203545,-12.847311521676312,-4.075770332730778,-16.92307756269948,,,-17.589744197267407,-8.461536635495934,-9.128207561771472
cool_nights,40801,Naein,33,False,False,-8.729946524064173,-2.5000141909232183,,,-9.230767964600108,-15.666911661745134,-2.7946242674550827,-11.81818133938335,,,-9.318167148460132,-2.5874133747832424,-6.73075377367689
cool_nights,40802,Esfahan (Airport),34,False,False,10.546982429335383,11.599997506785725,,,10.769231281771132,-1.4864609354735734,23.024923499015838,14.545454487605435,,,2.94545698081971,3.7762232058343024,-0.8307662250145924
cool_nights,40803,Kabutarabad,33,False,False,-10.4846256684492,-4.000000095835968,,,-10.00000053709984,-16.43406733271548,-3.5659337414841996,-19.642855265398566,,,-15.642855169562598,-9.642854728298726,-6.0000004412638726
cool_nights,40809,Birjand,34,False,False,-4.296409472880063,-8.697148038746717e-09,,,-3.999999621663506,-9.029000786039024,1.0290015427120127,-9.6551723583035,,,-9.655172349606351,-5.655172736639994,-3.999999612966358
cool_nights,40810,Bostan,34,False,False,-12.592818945760126,-9.166660163821227,,,-9.999989281857738,-16.41688706277906,-3.5830915009364137,-16.12903194549647,,,-6.962371781675245,-6.129042663638733,-0.8333291180365112
cool_nights,40811,Ahvaz,34,False,False,-6.380443086325445,-4.117647158785096,,,-3.4782609451796325,-8.845348466027033,1.888826575667769,-5.714285850339738,,,-1.5966386915546416,-2.236024905160105,0.6393862136054635
cool_nights,40812,Masjedsoleyman,34,False,False,-6.68449197860963,-3.5294053812589383,,,-4.39999969284396,-10.367107796958887,1.5671084112709668,-8.333333177655476,,,-4.803927796396538,-3.9333334848115156,-0.8705943115850219
cool_nights,40813,Ramhormoz,34,False,False,-13.732620320855624,-4.444437345673637,,,-6.666668097923933,-11.812698505197393,-1.5206376906504717,-19.354834900691337,,,-14.910397555017699,-12.688166802767405,-2.2222307522502955
cool_nights,40818,Abadeh,34,False,False,-9.344537815126058,-3.9130440524011516,,,-6.666668379677942,-10.965362283449531,-2.367974475906353,-13.793111340140085,,,-9.880067287738934,-7.126442960462143,-2.7536243272767904
cool_nights,40821,Yazd,34,False,False,-12.487394957983202,-5.833333348763616,,,-10.476177674949959,-15.754808960049676,-5.197546389850241,-16.0000021782605,,,-10.166668829496885,-5.523824503310543,-4.642844326186343
cool_nights,40827,Nehbandan,34,False,False,-3.599694423223837,-2.3809552773952696,,,-5.5555538570336624,-11.178053406223,0.06694569215567459,-1.904771397074079,,,0.47618388032119063,3.6507824599595837,-3.174598579638393
cool_nights,40829,Zabol,34,False,False,-2.424751718869366,-4.444439271659198,,,-2.7586203567164946,-8.621011905729413,3.103771192296423,-0.8000030637808276,,,3.6444362078783707,1.958617292935667,1.6858189149427036
cool_nights,40831,Abadan,34,False,False,-11.804430863254401,-7.499996528242826,,,-11.363635261130675,-16.867027524757873,-5.860242997503475,-15.50000567906404,,,-8.000009150821214,-4.136370417933366,-3.863638732887849
cool_nights,40832,Bandar-E- Mahshahr,34,False,False,-11.115355233002298,-7.499993501072808,,,-11.57894736842108,-17.15656982020337,-6.00132491663879,-16.333321580116294,,,-8.833328079043486,-4.754374211695215,-4.078953867348272
cool_nights,40833,Omidiyeh (Aghajari),33,False,False,-11.52072192513369,-10.000002345651941,,,-9.333333295548083,-14.587242254467835,-4.079424336628331,-14.999999853800983,,,-4.9999975081490415,-5.666666558252899,0.6666690501038577
cool_nights,40835,Dogonbadan,32,False,False,-6.129082844213451,-3.8888881509285493,,,-0.909091157025109,-5.627508479309672,3.809326165259454,-8.214291703652776,,,-4.325403552724227,-7.305200546627667,2.9797969939034403
cool_nights,40836,Yasuj,33,False,False,3.248663101604279,2.999999983333275,,,8.12499251181497,-4.244497628704501,20.49448265233444,-4.09091314798391,,,-7.090913131317185,-12.21590565979888,5.124992528481695
cool_nights,40839,Anar,34,False,False,-7.404125286478234,-5.806451600062257,,,-6.250002981811298,-11.039086090121897,-1.4609198735006999,-13.928571618185886,,,-8.12212001812363,-7.678568636374588,-0.4435513817490415
cool_nights,40841,Kerman,34,False,False,-8.566844919786101,-3.80952774423061,,,-6.249999062497088,-11.672125525380189,-0.827872599613988,-12.500000019290452,,,-8.690472275059841,-6.250000956793364,-2.440471318266478
cool_nights,40844,Dorudzan,34,False,False,13.446906035141339,11.818181602387513,,,15.86206865613461,-0.006805196744167574,31.73094250901339,4.999998320191577,,,-6.818183282195936,-10.862070335943034,4.043887053747097
cool_nights,40847,Zarqan,34,False,False,-9.819709702062651,-6.874999991318909,,,-7.500000900743888,-11.212369068882424,-3.7876327326053527,-16.875000095486108,,,-10.0000001041672,-9.37499919474222,-0.6250009094249798
cool_nights,40848,Shiraz,34,False,False,10.264323911382743,13.478260848561108,,,17.99999898313414,2.7921587780733628,33.20783918819492,-8.333329589962467,,,-21.811590438523574,-26.33332857309661,4.521738134573033
cool_nights,40849,Shahrebabak,34,False,False,-1.1459129106187933,-2.272728366873967,,,-1.76471872167625,-7.818825812545683,4.289388369193182,-2.399999918222061,,,-0.12727155134809376,-0.6352811965458107,0.508009645197717
cool_nights,40851,Sirjan,34,False,False,-4.238349885408713,-5.7142982537955485,,,-3.0769333280479354,-9.107952074375595,2.9540854182797234,-7.600000097374991,,,-1.8857018435794428,-4.523066769327055,2.637364925747613
cool_nights,40853,Baft,34,False,False,-11.865546218487404,-4.3478349194291255,,,-11.666665102601984,-17.2966252605537,-6.0367049446502685,-13.33333265021709,,,-8.985497730787964,-1.6666675476151056,-7.318830183172858
cool_nights,40854,Bam,34,False,False,-10.071810542398785,-4.000000355619477,,,-10.71427455922608,-16.07464162004412,-5.353907498408041,-15.00000004629559,,,-10.999999690676113,-4.285725487069509,-6.714274203606603
cool_nights,40856,Zahedan,34,False,False,-6.667685255920557,-1.6000003022220401,,,-6.842105373962251,-13.014727940313954,-0.6694828076105468,-7.1428644501760274,,,-5.5428641479539875,-0.30075907621377684,-5.242105071740211
cool_nights,40857,Bushehr (Coastal),34,False,False,-10.180290297937367,-4.347822031418663,,,-5.909092064469527,-11.104399216554521,-0.7137849123845328,-18.421054758228884,,,-14.073232726810222,-12.511962693759358,-1.5612700330508638
cool_nights,40858,Bushehr (Airport),34,False,False,-10.469060351413301,-4.545453759734939,,,-10.833333298606956,-15.307393160796583,-6.359273436417329,-11.923093569885785,,,-7.377639810150845,-1.0897602712788288,-6.287879538872017
cool_nights,40859,Fasa,34,False,False,-12.195569136745613,-6.086956551144728,,,-10.0000023575836,-13.858767095361474,-6.141237619805727,-11.153846111111491,,,-5.066889559966763,-1.153843753527891,-3.9130458064388725
cool_nights,40870,Khash,34,False,False,-10.501145912910625,-8.461541185915907,,,-11.111094264827608,-16.403356304520944,-5.818832225134273,-13.437499556113343,,,-4.975958370197436,-2.3264052912857345,-2.649553078911701
cool_nights,40873,Lar,34,False,False,-10.551566080977853,-3.636368488452329,,,-6.8965516765754655,-11.204702080644104,-2.588401272506827,-15.652177369881032,,,-12.015808881428704,-8.755625693305568,-3.2601831881231367
cool_nights,40875,Bandarabbas,34,False,False,-3.952635599694423,-3.600000381653281,,,-2.500000050000356,-8.880937353773335,3.8809372537726237,-4.9999987782594175,,,-1.3999983966061365,-2.4999987282590617,1.1000003316529252
cool_nights,40876,Minab,34,False,False,-8.566844919786101,-6.999998284066022,,,-10.79997583386924,-18.59077180722273,-3.0091798605157516,-6.538461634696203,,,0.461536649369819,4.261514199173037,-3.7999775498032182
cool_nights,40877,Kahnuj,34,False,False,-4.284186401833465,-1.9047058549998033,,,-4.285714285712313,-10.62994859270555,2.0585200212809234,-6.818195650502351,,,-4.913489795502548,-2.532481364790038,-2.3810084307125097
cool_nights,40878,Saravan,34,False,False,-7.618029029793741,-2.8571429916227316,,,-6.842105263158987,-11.632375824482288,-2.051834701835685,-7.307706349386287,,,-4.450563357763555,-0.46560108622729945,-3.9849622715362556
cool_nights,40879,Iranshahr,34,False,False,-3.993888464476703,0.9523616083798883,,,-4.193548470343443,-10.111439576240407,1.7243426355535219,-8.965516996846482,,,-9.91787860522637,-4.771968526503039,-5.145910078723332
cool_nights,40882,Kish Island,34,False,False,-17.7799847211612,-7.596174669811102e-06,,,-7.500000312499971,-13.727382208806578,-1.2726184161933638,-35.9375019143537,,,-35.937494318179034,-28.437501601853732,-7.499992716325301
cool_nights,40883,Bandar-E-Lengeh,34,False,False,-12.968678380443095,-3.5294118414614783,,,-8.799997771861404,-15.787231763772258,-1.8127637799505498,-16.896563794650305,,,-13.367151953188827,-8.0965660227889,-5.2705859303999265
cool_nights,40889,Siri Island,34,False,False,-11.940412528647832,-3.3333326294714563,,,-4.482757326406122,-11.973698550958757,3.0081838981465125,-21.739130478493845,,,-18.405797849022388,-17.256373152087722,-1.1494246969346658
cool_nights,40890,Abumusa Island,34,False,False,-7.430099312452252,-0.45454533057816676,,,1.4285701466560503,-4.840063576312163,7.697203869624264,-22.17391358050523,,,-21.71936824992706,-23.602483727161278,1.8831154772342171
cool_nights,40893,Jask,34,False,False,-10.976317799847214,-3.846153819855723,,,-8.181817140734502,-13.215107381138997,-3.1485269003300065,-18.148148132466943,,,-14.301994312611221,-9.966330991732441,-4.335663320878779
cool_nights,40898,Chahbahar,34,False,False,-12.502673796791447,-8.333338400236357,,,-8.75000093749983,-13.23855157686172,-4.261450298137941,-17.81250311734311,,,-9.479164717106752,-9.062502179843278,-0.41666253726347335
cool_nights,88187,Jam,33,False,False,-9.341577540106954,-7.89473557733801,,,-10.003911727988607,-15.00852136855828,-4.999302087418934,-16.666666452813004,,,-8.771930875474993,-6.6627547248243975,-2.1091761506505966
cool_nights,99331,Tehran (Geophysic),34,False,False,-1.2207792207792223,0.5882359011817888,,,1.6666665624998336,-4.00812326483978,7.341456389839447,-1.9047707097090052,,,-2.4930066108907942,-3.571437272208839,1.0784306613180448
cool_nights,99407,Boshruyeh,34,False,False,-7.428571428571432,-5.909090695503146,,,-9.999995168698602,-14.826427966839386,-5.173562370557818,-7.586207764188813,,,-1.677117068685667,2.4137874045097893,-4.090904473195456
cool_nights,99421,Natanz,33,False,False,-8.576203208556151,-4.999995161657203,,,-5.199999174087039,-8.975217810862166,-1.424780537311912,-7.692313681479653,,,-2.6923185198224493,-2.4923145073926136,-0.20000401242983568
cool_nights,99459,Borujen,34,False,False,-10.024446142093208,-10.909093327274507,,,-8.695649397106703,-11.401812898053372,-5.9894858961600335,-10.526348633710507,,,0.38274469356399976,-1.8306992366038042,2.213443930167804
cool_nights,99623,Zahak,32,False,False,-5.478436123597414,-2.6923083667266776,,,-2.666666688888868,-9.300985151516013,3.967651773738277,-10.799998960473813,,,-8.107690593747135,-8.133332271584944,0.025641677837809684
