station_id,station_name,year,warm_days,warm_nights,cool_days,cool_nights,valid_days_tmax,valid_days_tmin,coverage_pct_tmax,coverage_pct_tmin,reference_period_label
19996,Bahookalat,1991,15.0,3.0,51.0,59.0,365,365,100.0,100.0,1991_2007
19996,Bahookalat,1992,25.0,9.0,63.0,67.0,365,363,100.0,99.45205479452055,1991_2007
19996,Bahookalat,1993,42.0,20.0,12.0,24.0,364,365,99.72602739726028,100.0,1991_2007
19996,Bahookalat,1994,21.0,20.0,22.0,49.0,364,362,99.72602739726028,99.17808219178083,1991_2007
19996,Bahookalat,1995,19.0,15.0,41.0,38.0,365,365,100.0,100.0,1991_2007
19996,Bahookalat,1996,23.0,6.0,43.0,61.0,365,365,100.0,100.0,1991_2007
19996,Bahookalat,1997,8.0,23.0,68.0,16.0,365,365,100.0,100.0,1991_2007
19996,Bahookalat,1998,44.0,33.0,18.0,6.0,365,365,100.0,100.0,1991_2007
19996,Bahookalat,1999,26.0,18.0,40.0,33.0,334,334,91.5068493150685,91.5068493150685,1991_2007
19996,Bahookalat,2000,43.0,15.0,14.0,40.0,365,365,100.0,100.0,1991_2007
19996,Bahookalat,2001,33.0,37.0,15.0,11.0,365,365,100.0,100.0,1991_2007
19996,Bahookalat,2002,30.0,24.0,17.0,17.0,365,365,100.0,100.0,1991_2007
19996,Bahookalat,2003,16.0,39.0,21.0,13.0,360,360,98.63013698630137,98.63013698630137,1991_2007
19996,Bahookalat,2004,43.0,34.0,20.0,8.0,365,365,100.0,100.0,1991_2007
19996,Bahookalat,2005,18.0,34.0,38.0,16.0,365,365,100.0,100.0,1991_2007
19996,Bahookalat,2006,44.0,55.0,14.0,13.0,365,365,100.0,100.0,1991_2007
19996,Bahookalat,2007,27.0,55.0,16.0,21.0,365,365,100.0,100.0,1991_2007
19996,Bahookalat,2008,29.0,49.0,53.0,39.0,365,365,100.0,100.0,1991_2007
19996,Bahookalat,2009,37.0,35.0,16.0,15.0,365,365,100.0,100.0,1991_2007
19996,Bahookalat,2010,40.0,26.0,14.0,37.0,365,365,100.0,100.0,1991_2007
19996,Bahookalat,2011,21.0,62.0,29.0,16.0,364,364,99.72602739726028,99.72602739726028,1991_2007
19996,Bahookalat,2012,25.0,21.0,21.0,24.0,364,365,99.72602739726028,100.0,1991_2007
19996,Bahookalat,2013,5.0,30.0,37.0,23.0,365,365,100.0,100.0,1991_2007
19996,Bahookalat,2014,13.0,33.0,34.0,32.0,364,365,99.72602739726028,100.0,1991_2007
19996,Bahookalat,2015,43.0,86.0,15.0,17.0,365,365,100.0,100.0,1991_2007
19996,Bahookalat,2016,35.0,29.0,6.0,29.0,364,364,99.72602739726028,99.72602739726028,1991_2007
19996,Bahookalat,2017,56.0,18.0,19.0,28.0,365,365,100.0,100.0,1991_2007
19996,Bahookalat,2018,39.0,29.0,4.0,29.0,364,365,99.72602739726028,100.0,1991_2007
19996,Bahookalat,2019,26.0,45.0,31.0,12.0,365,365,100.0,100.0,1991_2007
19996,Bahookalat,2020,42.0,62.0,17.0,36.0,365,365,100.0,100.0,1991_2007
19996,Bahookalat,2021,,,,,281,281,76.98630136986301,76.98630136986301,1991_2007
19996,Bahookalat,2022,,,,,87,87,23.835616438356162,23.835616438356162,1991_2007
19996,Bahookalat,2023,,37.0,,2.0,291,292,79.72602739726027,80.0,1991_2007
19996,Bahookalat,2024,81.0,80.0,22.0,7.0,321,321,87.94520547945206,87.94520547945206,1991_2007
40700,Parsabad,1991,26.0,20.0,37.0,34.0,365,348,100.0,95.34246575342465,1991_2007
40700,Parsabad,1992,13.0,11.0,47.0,75.0,362,347,99.17808219178083,95.06849315068493,1991_2007
40700,Parsabad,1993,16.0,3.0,74.0,68.0,355,342,97.26027397260275,93.69863013698631,1991_2007
40700,Parsabad,1994,18.0,11.0,54.0,37.0,360,339,98.63013698630137,92.87671232876711,1991_2007
40700,Parsabad,1995,46.0,27.0,19.0,20.0,363,341,99.45205479452055,93.42465753424658,1991_2007
40700,Parsabad,1996,33.0,35.0,34.0,31.0,359,326,98.35616438356163,89.31506849315069,1991_2007
40700,Parsabad,1997,30.0,25.0,30.0,31.0,341,341,93.42465753424658,93.42465753424658,1991_2007
40700,Parsabad,1998,54.0,41.0,17.0,11.0,362,336,99.17808219178083,92.05479452054794,1991_2007
40700,Parsabad,1999,44.0,41.0,16.0,27.0,361,343,98.9041095890411,93.97260273972603,1991_2007
40700,Parsabad,2000,47.0,36.0,32.0,22.0,356,348,97.53424657534246,95.34246575342465,1991_2007
40700,Parsabad,2001,42.0,47.0,23.0,19.0,358,341,98.08219178082192,93.42465753424658,1991_2007
40700,Parsabad,2002,36.0,37.0,40.0,31.0,356,340,97.53424657534246,93.15068493150685,1991_2007
40700,Parsabad,2003,27.0,31.0,43.0,35.0,346,341,94.79452054794521,93.42465753424658,1991_2007
40700,Parsabad,2004,41.0,34.0,28.0,29.0,352,345,96.43835616438356,94.52054794520548,1991_2007
40700,Parsabad,2005,33.0,41.0,29.0,19.0,360,342,98.63013698630137,93.69863013698631,1991_2007
40700,Parsabad,2006,42.0,47.0,33.0,22.0,365,364,100.0,99.72602739726028,1991_2007
40700,Parsabad,2007,32.0,32.0,23.0,27.0,365,365,100.0,100.0,1991_2007
40700,Parsabad,2008,36.0,45.0,49.0,36.0,365,365,100.0,100.0,1991_2007
40700,Parsabad,2009,23.0,42.0,42.0,31.0,365,365,100.0,100.0,1991_2007
40700,Parsabad,2010,65.0,91.0,17.0,17.0,365,365,100.0,100.0,1991_2007
40700,Parsabad,2011,20.0,40.0,38.0,40.0,365,365,100.0,100.0,1991_2007
40700,Parsabad,2012,41.0,72.0,43.0,24.0,365,365,100.0,100.0,1991_2007
40700,Parsabad,2013,49.0,54.0,25.0,36.0,365,365,100.0,100.0,1991_2007
40700,Parsabad,2014,53.0,56.0,29.0,27.0,364,362,99.72602739726028,99.17808219178083,1991_2007
40700,Parsabad,2015,56.0,51.0,32.0,20.0,365,365,100.0,100.0,1991_2007
40700,Parsabad,2016,36.0,53.0,61.0,50.0,365,365,100.0,100.0,1991_2007
40700,Parsabad,2017,54.0,49.0,29.0,35.0,363,365,99.45205479452055,100.0,1991_2007
40700,Parsabad,2018,54.0,75.0,21.0,21.0,361,354,98.9041095890411,96.98630136986301,1991_2007
40700,Parsabad,2019,52.0,62.0,28.0,29.0,365,365,100.0,100.0,1991_2007
40700,Parsabad,2020,43.0,73.0,37.0,38.0,365,364,100.0,99.72602739726028,1991_2007
40700,Parsabad,2021,76.0,65.0,31.0,32.0,365,364,100.0,99.72602739726028,1991_2007
40700,Parsabad,2022,71.0,56.0,27.0,33.0,365,365,100.0,100.0,1991_2007
40700,Parsabad,2023,91.0,73.0,25.0,28.0,365,365,100.0,100.0,1991_2007
40700,Parsabad,2024,70.0,61.0,29.0,36.0,364,365,99.72602739726028,100.0,1991_2007
40701,Maku,1991,11.0,22.0,33.0,26.0,365,343,100.0,93.97260273972603,1991_2007
40701,Maku,1992,4.0,7.0,88.0,93.0,359,337,98.35616438356163,92.32876712328768,1991_2007
40701,Maku,1993,8.0,12.0,88.0,68.0,354,330,96.98630136986301,90.41095890410958,1991_2007
40701,Maku,1994,9.0,14.0,42.0,25.0,352,323,96.43835616438356,88.4931506849315,1991_2007
40701,Maku,1995,24.0,19.0,18.0,27.0,352,327,96.43835616438356,89.58904109589041,1991_2007
40701,Maku,1996,42.0,37.0,24.0,22.0,361,332,98.9041095890411,90.95890410958904,1991_2007
40701,Maku,1997,31.0,27.0,36.0,37.0,359,338,98.35616438356163,92.6027397260274,1991_2007
40701,Maku,1998,65.0,52.0,16.0,12.0,357,332,97.80821917808218,90.95890410958904,1991_2007
40701,Maku,1999,51.0,41.0,15.0,21.0,356,338,97.53424657534246,92.6027397260274,1991_2007
40701,Maku,2000,39.0,39.0,11.0,17.0,350,331,95.8904109589041,90.68493150684932,1991_2007
40701,Maku,2001,49.0,58.0,18.0,21.0,365,365,100.0,100.0,1991_2007
40701,Maku,2002,38.0,29.0,39.0,22.0,365,365,100.0,100.0,1991_2007
40701,Maku,2003,39.0,41.0,39.0,33.0,365,365,100.0,100.0,1991_2007
40701,Maku,2004,40.0,34.0,35.0,36.0,365,365,100.0,100.0,1991_2007
40701,Maku,2005,36.0,36.0,32.0,27.0,365,365,100.0,100.0,1991_2007
40701,Maku,2006,50.0,42.0,16.0,21.0,365,365,100.0,100.0,1991_2007
40701,Maku,2007,23.0,35.0,40.0,37.0,365,365,100.0,100.0,1991_2007
40701,Maku,2008,52.0,55.0,30.0,37.0,365,365,100.0,100.0,1991_2007
40701,Maku,2009,38.0,39.0,52.0,40.0,365,365,100.0,100.0,1991_2007
40701,Maku,2010,109.0,83.0,16.0,9.0,365,365,100.0,100.0,1991_2007
40701,Maku,2011,26.0,23.0,46.0,32.0,364,364,99.72602739726028,99.72602739726028,1991_2007
40701,Maku,2012,38.0,45.0,16.0,16.0,365,365,100.0,100.0,1991_2007
40701,Maku,2013,43.0,55.0,42.0,37.0,365,365,100.0,100.0,1991_2007
40701,Maku,2014,52.0,86.0,23.0,21.0,359,363,98.35616438356163,99.45205479452055,1991_2007
40701,Maku,2015,79.0,71.0,15.0,8.0,365,364,100.0,99.72602739726028,1991_2007
40701,Maku,2016,51.0,69.0,41.0,28.0,359,362,98.35616438356163,99.17808219178083,1991_2007
40701,Maku,2017,64.0,64.0,30.0,22.0,365,364,100.0,99.72602739726028,1991_2007
40701,Maku,2018,83.0,122.0,8.0,5.0,363,365,99.45205479452055,100.0,1991_2007
40701,Maku,2019,73.0,69.0,14.0,19.0,362,364,99.17808219178083,99.72602739726028,1991_2007
40701,Maku,2020,56.0,53.0,24.0,21.0,365,365,100.0,100.0,1991_2007
40701,Maku,2021,106.0,98.0,10.0,20.0,365,364,100.0,99.72602739726028,1991_2007
40701,Maku,2022,91.0,80.0,12.0,16.0,358,362,98.08219178082192,99.17808219178083,1991_2007
40701,Maku,2023,102.0,72.0,8.0,8.0,364,365,99.72602739726028,100.0,1991_2007
40701,Maku,2024,96.0,56.0,10.0,25.0,361,365,98.9041095890411,100.0,1991_2007
40702,Jolfa,1991,20.0,33.0,27.0,13.0,365,343,100.0,93.97260273972603,1991_2007
40702,Jolfa,1992,7.0,8.0,78.0,76.0,362,332,99.17808219178083,90.95890410958904,1991_2007
40702,Jolfa,1993,11.0,5.0,79.0,54.0,360,336,98.63013698630137,92.05479452054794,1991_2007
40702,Jolfa,1994,16.0,27.0,52.0,21.0,359,342,98.35616438356163,93.69863013698631,1991_2007
40702,Jolfa,1995,34.0,29.0,20.0,26.0,362,338,99.17808219178083,92.6027397260274,1991_2007
40702,Jolfa,1996,37.0,40.0,18.0,16.0,362,332,99.17808219178083,90.95890410958904,1991_2007
40702,Jolfa,1997,39.0,23.0,29.0,44.0,352,343,96.43835616438356,93.97260273972603,1991_2007
40702,Jolfa,1998,62.0,47.0,10.0,16.0,353,343,96.7123287671233,93.97260273972603,1991_2007
40702,Jolfa,1999,54.0,38.0,13.0,21.0,363,343,99.45205479452055,93.97260273972603,1991_2007
40702,Jolfa,2000,43.0,46.0,22.0,15.0,363,346,99.45205479452055,94.79452054794521,1991_2007
40702,Jolfa,2001,50.0,51.0,18.0,17.0,365,339,100.0,92.87671232876711,1991_2007
40702,Jolfa,2002,30.0,19.0,41.0,37.0,365,347,100.0,95.06849315068493,1991_2007
40702,Jolfa,2003,32.0,25.0,48.0,37.0,365,339,100.0,92.87671232876711,1991_2007
40702,Jolfa,2004,34.0,35.0,38.0,41.0,360,338,98.63013698630137,92.6027397260274,1991_2007
40702,Jolfa,2005,41.0,26.0,33.0,34.0,360,342,98.63013698630137,93.69863013698631,1991_2007
40702,Jolfa,2006,40.0,44.0,23.0,30.0,363,350,99.45205479452055,95.8904109589041,1991_2007
40702,Jolfa,2007,25.0,43.0,42.0,29.0,365,365,100.0,100.0,1991_2007
40702,Jolfa,2008,43.0,53.0,28.0,35.0,360,347,98.63013698630137,95.06849315068493,1991_2007
40702,Jolfa,2009,22.0,46.0,42.0,36.0,362,362,99.17808219178083,99.17808219178083,1991_2007
40702,Jolfa,2010,90.0,79.0,12.0,19.0,365,365,100.0,100.0,1991_2007
40702,Jolfa,2011,30.0,39.0,37.0,43.0,365,358,100.0,98.08219178082192,1991_2007
40702,Jolfa,2012,52.0,63.0,23.0,25.0,362,351,99.17808219178083,96.16438356164385,1991_2007
40702,Jolfa,2013,48.0,58.0,39.0,29.0,365,365,100.0,100.0,1991_2007
40702,Jolfa,2014,65.0,81.0,23.0,12.0,361,364,98.9041095890411,99.72602739726028,1991_2007
40702,Jolfa,2015,83.0,71.0,13.0,16.0,363,355,99.45205479452055,97.26027397260275,1991_2007
40702,Jolfa,2016,63.0,62.0,41.0,38.0,365,364,100.0,99.72602739726028,1991_2007
40702,Jolfa,2017,56.0,62.0,59.0,31.0,363,365,99.45205479452055,100.0,1991_2007
40702,Jolfa,2018,65.0,123.0,10.0,4.0,364,361,99.72602739726028,98.9041095890411,1991_2007
40702,Jolfa,2019,65.0,71.0,18.0,19.0,362,359,99.17808219178083,98.35616438356163,1991_2007
40702,Jolfa,2020,53.0,83.0,25.0,14.0,364,365,99.72602739726028,100.0,1991_2007
40702,Jolfa,2021,101.0,115.0,27.0,10.0,365,365,100.0,100.0,1991_2007
40702,Jolfa,2022,77.0,106.0,11.0,13.0,365,365,100.0,100.0,1991_2007
40702,Jolfa,2023,101.0,105.0,11.0,2.0,365,365,100.0,100.0,1991_2007
40702,Jolfa,2024,77.0,68.0,19.0,20.0,365,365,100.0,100.0,1991_2007
40703,Khoy,1991,19.0,18.0,28.0,30.0,365,338,100.0,92.6027397260274,1991_2007
40703,Khoy,1992,4.0,10.0,82.0,97.0,362,345,99.17808219178083,94.52054794520548,1991_2007
40703,Khoy,1993,7.0,7.0,96.0,73.0,355,334,97.26027397260275,91.5068493150685,1991_2007
40703,Khoy,1994,13.0,30.0,50.0,27.0,359,344,98.35616438356163,94.24657534246576,1991_2007
40703,Khoy,1995,26.0,26.0,17.0,27.0,363,346,99.45205479452055,94.79452054794521,1991_2007
40703,Khoy,1996,27.0,45.0,18.0,21.0,364,341,99.72602739726028,93.42465753424658,1991_2007
40703,Khoy,1997,28.0,20.0,30.0,45.0,359,340,98.35616438356163,93.15068493150685,1991_2007
40703,Khoy,1998,62.0,41.0,18.0,15.0,353,336,96.7123287671233,92.05479452054794,1991_2007
40703,Khoy,1999,39.0,41.0,20.0,12.0,360,348,98.63013698630137,95.34246575342465,1991_2007
40703,Khoy,2000,47.0,38.0,15.0,13.0,353,351,96.7123287671233,96.16438356164385,1991_2007
40703,Khoy,2001,54.0,55.0,15.0,21.0,363,357,99.45205479452055,97.80821917808218,1991_2007
40703,Khoy,2002,42.0,25.0,37.0,27.0,365,365,100.0,100.0,1991_2007
40703,Khoy,2003,35.0,30.0,35.0,28.0,364,361,99.72602739726028,98.9041095890411,1991_2007
40703,Khoy,2004,39.0,29.0,37.0,44.0,364,363,99.72602739726028,99.45205479452055,1991_2007
40703,Khoy,2005,47.0,47.0,29.0,24.0,365,360,100.0,98.63013698630137,1991_2007
40703,Khoy,2006,52.0,58.0,22.0,19.0,363,353,99.45205479452055,96.7123287671233,1991_2007
40703,Khoy,2007,34.0,37.0,38.0,20.0,365,362,100.0,99.17808219178083,1991_2007
40703,Khoy,2008,59.0,56.0,37.0,40.0,365,365,100.0,100.0,1991_2007
40703,Khoy,2009,39.0,37.0,34.0,33.0,364,365,99.72602739726028,100.0,1991_2007
40703,Khoy,2010,117.0,80.0,11.0,16.0,365,365,100.0,100.0,1991_2007
40703,Khoy,2011,36.0,51.0,34.0,32.0,364,365,99.72602739726028,100.0,1991_2007
40703,Khoy,2012,47.0,71.0,16.0,18.0,364,365,99.72602739726028,100.0,1991_2007
40703,Khoy,2013,51.0,53.0,47.0,38.0,365,365,100.0,100.0,1991_2007
40703,Khoy,2014,77.0,75.0,26.0,17.0,361,364,98.9041095890411,99.72602739726028,1991_2007
40703,Khoy,2015,80.0,79.0,24.0,14.0,364,364,99.72602739726028,99.72602739726028,1991_2007
40703,Khoy,2016,67.0,78.0,36.0,26.0,359,363,98.35616438356163,99.45205479452055,1991_2007
40703,Khoy,2017,73.0,72.0,47.0,38.0,364,365,99.72602739726028,100.0,1991_2007
40703,Khoy,2018,75.0,124.0,9.0,0.0,365,364,100.0,99.72602739726028,1991_2007
40703,Khoy,2019,78.0,82.0,16.0,15.0,365,365,100.0,100.0,1991_2007
40703,Khoy,2020,61.0,78.0,17.0,8.0,365,365,100.0,100.0,1991_2007
40703,Khoy,2021,126.0,135.0,12.0,3.0,365,365,100.0,100.0,1991_2007
40703,Khoy,2022,87.0,104.0,14.0,7.0,365,365,100.0,100.0,1991_2007
40703,Khoy,2023,115.0,123.0,9.0,2.0,365,365,100.0,100.0,1991_2007
40703,Khoy,2024,84.0,87.0,16.0,15.0,365,365,100.0,100.0,1991_2007
40704,Ahar,1991,18.0,23.0,39.0,30.0,365,346,100.0,94.79452054794521,1991_2007
40704,Ahar,1992,9.0,15.0,69.0,67.0,364,350,99.72602739726028,95.8904109589041,1991_2007
40704,Ahar,1993,11.0,10.0,77.0,57.0,359,334,98.35616438356163,91.5068493150685,1991_2007
40704,Ahar,1994,10.0,34.0,34.0,29.0,355,340,97.26027397260275,93.15068493150685,1991_2007
40704,Ahar,1995,37.0,29.0,22.0,22.0,361,354,98.9041095890411,96.98630136986301,1991_2007
40704,Ahar,1996,35.0,36.0,33.0,35.0,361,334,98.9041095890411,91.5068493150685,1991_2007
40704,Ahar,1997,29.0,29.0,39.0,38.0,355,347,97.26027397260275,95.06849315068493,1991_2007
40704,Ahar,1998,53.0,49.0,15.0,22.0,349,342,95.61643835616438,93.69863013698631,1991_2007
40704,Ahar,1999,46.0,38.0,21.0,28.0,359,346,98.35616438356163,94.79452054794521,1991_2007
40704,Ahar,2000,36.0,30.0,29.0,20.0,347,348,95.06849315068493,95.34246575342465,1991_2007
40704,Ahar,2001,52.0,39.0,18.0,25.0,359,344,98.35616438356163,94.24657534246576,1991_2007
40704,Ahar,2002,59.0,41.0,36.0,20.0,355,354,97.26027397260275,96.98630136986301,1991_2007
40704,Ahar,2003,28.0,40.0,37.0,34.0,348,341,95.34246575342465,93.42465753424658,1991_2007
40704,Ahar,2004,42.0,29.0,32.0,33.0,345,344,94.52054794520548,94.24657534246576,1991_2007
40704,Ahar,2005,41.0,44.0,32.0,27.0,364,363,99.72602739726028,99.45205479452055,1991_2007
40704,Ahar,2006,39.0,41.0,24.0,27.0,362,359,99.17808219178083,98.35616438356163,1991_2007
40704,Ahar,2007,26.0,30.0,38.0,45.0,365,364,100.0,99.72602739726028,1991_2007
40704,Ahar,2008,46.0,52.0,40.0,33.0,364,365,99.72602739726028,100.0,1991_2007
40704,Ahar,2009,38.0,37.0,30.0,23.0,363,364,99.45205479452055,99.72602739726028,1991_2007
40704,Ahar,2010,120.0,72.0,15.0,21.0,362,364,99.17808219178083,99.72602739726028,1991_2007
40704,Ahar,2011,28.0,46.0,42.0,46.0,363,365,99.45205479452055,100.0,1991_2007
40704,Ahar,2012,28.0,48.0,24.0,25.0,365,365,100.0,100.0,1991_2007
40704,Ahar,2013,44.0,51.0,40.0,35.0,365,364,100.0,99.72602739726028,1991_2007
40704,Ahar,2014,57.0,60.0,29.0,23.0,364,365,99.72602739726028,100.0,1991_2007
40704,Ahar,2015,83.0,56.0,19.0,25.0,363,362,99.45205479452055,99.17808219178083,1991_2007
40704,Ahar,2016,71.0,58.0,30.0,36.0,360,358,98.63013698630137,98.08219178082192,1991_2007
40704,Ahar,2017,71.0,64.0,14.0,24.0,360,357,98.63013698630137,97.80821917808218,1991_2007
40704,Ahar,2018,76.0,72.0,17.0,16.0,358,363,98.08219178082192,99.45205479452055,1991_2007
40704,Ahar,2019,76.0,55.0,22.0,23.0,363,364,99.45205479452055,99.72602739726028,1991_2007
40704,Ahar,2020,52.0,54.0,26.0,24.0,365,365,100.0,100.0,1991_2007
40704,Ahar,2021,108.0,99.0,21.0,21.0,365,365,100.0,100.0,1991_2007
40704,Ahar,2022,71.0,60.0,20.0,21.0,365,365,100.0,100.0,1991_2007
40704,Ahar,2023,88.0,91.0,16.0,6.0,365,365,100.0,100.0,1991_2007
40704,Ahar,2024,53.0,35.0,25.0,26.0,365,365,100.0,100.0,1991_2007
40706,Tabriz,1991,22.0,21.0,39.0,21.0,365,347,100.0,95.06849315068493,1991_2007
40706,Tabriz,1992,5.0,8.0,86.0,79.0,363,342,99.45205479452055,93.69863013698631,1991_2007
40706,Tabriz,1993,9.0,12.0,68.0,56.0,361,348,98.9041095890411,95.34246575342465,1991_2007
40706,Tabriz,1994,11.0,22.0,37.0,33.0,362,350,99.17808219178083,95.8904109589041,1991_2007
40706,Tabriz,1995,17.0,21.0,24.0,27.0,363,354,99.45205479452055,96.98630136986301,1991_2007
40706,Tabriz,1996,21.0,40.0,24.0,22.0,364,347,99.72602739726028,95.06849315068493,1991_2007
40706,Tabriz,1997,20.0,20.0,37.0,47.0,359,354,98.35616438356163,96.98630136986301,1991_2007
40706,Tabriz,1998,66.0,48.0,19.0,18.0,359,339,98.35616438356163,92.87671232876711,1991_2007
40706,Tabriz,1999,49.0,32.0,23.0,27.0,355,346,97.26027397260275,94.79452054794521,1991_2007
40706,Tabriz,2000,39.0,42.0,14.0,17.0,356,353,97.53424657534246,96.7123287671233,1991_2007
40706,Tabriz,2001,57.0,59.0,17.0,12.0,364,364,99.72602739726028,99.72602739726028,1991_2007
40706,Tabriz,2002,41.0,26.0,32.0,31.0,363,365,99.45205479452055,100.0,1991_2007
40706,Tabriz,2003,40.0,38.0,31.0,37.0,365,365,100.0,100.0,1991_2007
40706,Tabriz,2004,50.0,43.0,28.0,33.0,364,365,99.72602739726028,100.0,1991_2007
40706,Tabriz,2005,46.0,40.0,29.0,25.0,365,365,100.0,100.0,1991_2007
40706,Tabriz,2006,46.0,42.0,20.0,30.0,364,361,99.72602739726028,98.9041095890411,1991_2007
40706,Tabriz,2007,35.0,30.0,40.0,46.0,365,365,100.0,100.0,1991_2007
40706,Tabriz,2008,63.0,46.0,28.0,50.0,365,365,100.0,100.0,1991_2007
40706,Tabriz,2009,34.0,35.0,28.0,33.0,364,365,99.72602739726028,100.0,1991_2007
40706,Tabriz,2010,113.0,66.0,7.0,14.0,364,362,99.72602739726028,99.17808219178083,1991_2007
40706,Tabriz,2011,36.0,34.0,44.0,64.0,365,364,100.0,99.72602739726028,1991_2007
40706,Tabriz,2012,35.0,40.0,17.0,36.0,365,363,100.0,99.45205479452055,1991_2007
40706,Tabriz,2013,47.0,38.0,42.0,65.0,365,365,100.0,100.0,1991_2007
40706,Tabriz,2014,62.0,54.0,31.0,34.0,363,365,99.45205479452055,100.0,1991_2007
40706,Tabriz,2015,84.0,58.0,42.0,31.0,363,363,99.45205479452055,99.45205479452055,1991_2007
40706,Tabriz,2016,67.0,31.0,37.0,63.0,362,364,99.17808219178083,99.72602739726028,1991_2007
40706,Tabriz,2017,77.0,67.0,23.0,54.0,365,365,100.0,100.0,1991_2007
40706,Tabriz,2018,64.0,83.0,13.0,14.0,365,365,100.0,100.0,1991_2007
40706,Tabriz,2019,42.0,41.0,24.0,24.0,364,365,99.72602739726028,100.0,1991_2007
40706,Tabriz,2020,41.0,50.0,28.0,29.0,365,365,100.0,100.0,1991_2007
40706,Tabriz,2021,87.0,77.0,22.0,30.0,365,364,100.0,99.72602739726028,1991_2007
40706,Tabriz,2022,73.0,57.0,17.0,25.0,365,365,100.0,100.0,1991_2007
40706,Tabriz,2023,63.0,60.0,13.0,11.0,365,365,100.0,100.0,1991_2007
40706,Tabriz,2024,57.0,45.0,21.0,31.0,364,365,99.72602739726028,100.0,1991_2007
40708,Ardebil,1991,16.0,14.0,47.0,40.0,363,327,99.45205479452055,89.58904109589041,1991_2007
40708,Ardebil,1992,7.0,8.0,73.0,58.0,361,337,98.9041095890411,92.32876712328768,1991_2007
40708,Ardebil,1993,17.0,7.0,85.0,70.0,361,342,98.9041095890411,93.69863013698631,1991_2007
40708,Ardebil,1994,10.0,9.0,42.0,57.0,359,334,98.35616438356163,91.5068493150685,1991_2007
40708,Ardebil,1995,39.0,11.0,23.0,40.0,357,356,97.80821917808218,97.53424657534246,1991_2007
40708,Ardebil,1996,29.0,24.0,41.0,51.0,363,342,99.45205479452055,93.69863013698631,1991_2007
40708,Ardebil,1997,31.0,36.0,34.0,31.0,352,349,96.43835616438356,95.61643835616438,1991_2007
40708,Ardebil,1998,57.0,42.0,16.0,23.0,349,337,95.61643835616438,92.32876712328768,1991_2007
40708,Ardebil,1999,48.0,44.0,25.0,30.0,362,347,99.17808219178083,95.06849315068493,1991_2007
40708,Ardebil,2000,27.0,38.0,19.0,18.0,350,348,95.8904109589041,95.34246575342465,1991_2007
40708,Ardebil,2001,49.0,42.0,26.0,22.0,351,345,96.16438356164385,94.52054794520548,1991_2007
40708,Ardebil,2002,56.0,36.0,32.0,16.0,358,343,98.08219178082192,93.97260273972603,1991_2007
40708,Ardebil,2003,28.0,35.0,34.0,32.0,347,340,95.06849315068493,93.15068493150685,1991_2007
40708,Ardebil,2004,42.0,51.0,32.0,27.0,345,347,94.52054794520548,95.06849315068493,1991_2007
40708,Ardebil,2005,46.0,59.0,25.0,18.0,365,364,100.0,99.72602739726028,1991_2007
40708,Ardebil,2006,40.0,60.0,15.0,16.0,365,365,100.0,100.0,1991_2007
40708,Ardebil,2007,32.0,47.0,25.0,19.0,365,365,100.0,100.0,1991_2007
40708,Ardebil,2008,43.0,56.0,42.0,30.0,365,365,100.0,100.0,1991_2007
40708,Ardebil,2009,42.0,35.0,29.0,17.0,365,365,100.0,100.0,1991_2007
40708,Ardebil,2010,116.0,82.0,11.0,28.0,365,365,100.0,100.0,1991_2007
40708,Ardebil,2011,36.0,43.0,29.0,34.0,365,365,100.0,100.0,1991_2007
40708,Ardebil,2012,31.0,79.0,13.0,19.0,365,365,100.0,100.0,1991_2007
40708,Ardebil,2013,52.0,61.0,39.0,23.0,365,365,100.0,100.0,1991_2007
40708,Ardebil,2014,45.0,71.0,27.0,20.0,363,364,99.45205479452055,99.72602739726028,1991_2007
40708,Ardebil,2015,63.0,55.0,27.0,14.0,364,365,99.72602739726028,100.0,1991_2007
40708,Ardebil,2016,70.0,77.0,36.0,20.0,365,365,100.0,100.0,1991_2007
40708,Ardebil,2017,65.0,82.0,16.0,10.0,364,365,99.72602739726028,100.0,1991_2007
40708,Ardebil,2018,60.0,93.0,19.0,11.0,365,365,100.0,100.0,1991_2007
40708,Ardebil,2019,57.0,63.0,27.0,15.0,365,365,100.0,100.0,1991_2007
40708,Ardebil,2020,49.0,59.0,30.0,9.0,365,365,100.0,100.0,1991_2007
40708,Ardebil,2021,85.0,104.0,26.0,8.0,365,365,100.0,100.0,1991_2007
40708,Ardebil,2022,65.0,73.0,19.0,15.0,365,365,100.0,100.0,1991_2007
40708,Ardebil,2023,71.0,101.0,16.0,4.0,365,365,100.0,100.0,1991_2007
40708,Ardebil,2024,45.0,55.0,23.0,11.0,365,365,100.0,100.0,1991_2007
40709,Astara,1991,17.0,15.0,22.0,12.0,365,351,100.0,96.16438356164385,1991_2007
40709,Astara,1992,13.0,8.0,64.0,72.0,365,354,100.0,96.98630136986301,1991_2007
40709,Astara,1993,14.0,6.0,77.0,74.0,351,354,96.16438356164385,96.98630136986301,1991_2007
40709,Astara,1994,18.0,15.0,52.0,53.0,365,365,100.0,100.0,1991_2007
40709,Astara,1995,50.0,27.0,28.0,24.0,365,365,100.0,100.0,1991_2007
40709,Astara,1996,27.0,46.0,40.0,31.0,365,365,100.0,100.0,1991_2007
40709,Astara,1997,28.0,26.0,32.0,37.0,337,353,92.32876712328768,96.7123287671233,1991_2007
40709,Astara,1998,42.0,44.0,26.0,18.0,365,365,100.0,100.0,1991_2007
40709,Astara,1999,37.0,34.0,20.0,27.0,345,352,94.52054794520548,96.43835616438356,1991_2007
40709,Astara,2000,41.0,27.0,20.0,12.0,365,365,100.0,100.0,1991_2007
40709,Astara,2001,48.0,53.0,23.0,21.0,365,365,100.0,100.0,1991_2007
40709,Astara,2002,47.0,48.0,36.0,25.0,365,365,100.0,100.0,1991_2007
40709,Astara,2003,29.0,25.0,43.0,56.0,365,365,100.0,100.0,1991_2007
40709,Astara,2004,38.0,37.0,35.0,34.0,365,365,100.0,100.0,1991_2007
40709,Astara,2005,41.0,47.0,22.0,21.0,365,365,100.0,100.0,1991_2007
40709,Astara,2006,46.0,46.0,24.0,24.0,365,365,100.0,100.0,1991_2007
40709,Astara,2007,34.0,47.0,19.0,23.0,365,365,100.0,100.0,1991_2007
40709,Astara,2008,42.0,54.0,49.0,41.0,365,365,100.0,100.0,1991_2007
40709,Astara,2009,32.0,59.0,29.0,40.0,365,365,100.0,100.0,1991_2007
40709,Astara,2010,87.0,110.0,13.0,15.0,365,365,100.0,100.0,1991_2007
40709,Astara,2011,39.0,37.0,45.0,43.0,365,365,100.0,100.0,1991_2007
40709,Astara,2012,93.0,72.0,33.0,36.0,365,365,100.0,100.0,1991_2007
40709,Astara,2013,56.0,48.0,22.0,40.0,365,365,100.0,100.0,1991_2007
40709,Astara,2014,74.0,69.0,24.0,30.0,357,362,97.80821917808218,99.17808219178083,1991_2007
40709,Astara,2015,54.0,62.0,20.0,19.0,362,365,99.17808219178083,100.0,1991_2007
40709,Astara,2016,50.0,95.0,49.0,35.0,364,365,99.72602739726028,100.0,1991_2007
40709,Astara,2017,52.0,70.0,23.0,20.0,364,365,99.72602739726028,100.0,1991_2007
40709,Astara,2018,57.0,100.0,13.0,17.0,356,357,97.53424657534246,97.80821917808218,1991_2007
40709,Astara,2019,57.0,69.0,15.0,20.0,364,362,99.72602739726028,99.17808219178083,1991_2007
40709,Astara,2020,63.0,70.0,21.0,28.0,365,365,100.0,100.0,1991_2007
40709,Astara,2021,91.0,79.0,29.0,28.0,365,365,100.0,100.0,1991_2007
40709,Astara,2022,90.0,80.0,20.0,18.0,365,364,100.0,99.72602739726028,1991_2007
40709,Astara,2023,91.0,87.0,21.0,17.0,365,365,100.0,100.0,1991_2007
40709,Astara,2024,76.0,62.0,16.0,16.0,365,365,100.0,100.0,1991_2007
40710,Sarab,1991,18.0,39.0,33.0,21.0,365,342,100.0,93.69863013698631,1991_2007
40710,Sarab,1992,3.0,18.0,78.0,54.0,362,351,99.17808219178083,96.16438356164385,1991_2007
40710,Sarab,1993,5.0,19.0,73.0,46.0,355,346,97.26027397260275,94.79452054794521,1991_2007
40710,Sarab,1994,8.0,32.0,43.0,40.0,356,351,97.53424657534246,96.16438356164385,1991_2007
40710,Sarab,1995,34.0,17.0,19.0,34.0,363,358,99.45205479452055,98.08219178082192,1991_2007
40710,Sarab,1996,26.0,45.0,28.0,27.0,364,348,99.72602739726028,95.34246575342465,1991_2007
40710,Sarab,1997,32.0,20.0,37.0,39.0,356,349,97.53424657534246,95.61643835616438,1991_2007
40710,Sarab,1998,72.0,34.0,23.0,26.0,358,352,98.08219178082192,96.43835616438356,1991_2007
40710,Sarab,1999,47.0,42.0,24.0,21.0,362,354,99.17808219178083,96.98630136986301,1991_2007
40710,Sarab,2000,38.0,40.0,18.0,21.0,359,352,98.35616438356163,96.43835616438356,1991_2007
40710,Sarab,2001,59.0,37.0,18.0,26.0,362,346,99.17808219178083,94.79452054794521,1991_2007
40710,Sarab,2002,47.0,26.0,25.0,35.0,358,350,98.08219178082192,95.8904109589041,1991_2007
40710,Sarab,2003,26.0,44.0,32.0,46.0,360,343,98.63013698630137,93.97260273972603,1991_2007
40710,Sarab,2004,37.0,32.0,36.0,34.0,351,343,96.16438356164385,93.97260273972603,1991_2007
40710,Sarab,2005,46.0,39.0,34.0,32.0,364,362,99.72602739726028,99.17808219178083,1991_2007
40710,Sarab,2006,35.0,54.0,25.0,22.0,365,364,100.0,99.72602739726028,1991_2007
40710,Sarab,2007,25.0,43.0,37.0,38.0,365,365,100.0,100.0,1991_2007
40710,Sarab,2008,42.0,47.0,28.0,34.0,365,362,100.0,99.17808219178083,1991_2007
40710,Sarab,2009,34.0,37.0,27.0,23.0,364,361,99.72602739726028,98.9041095890411,1991_2007
40710,Sarab,2010,108.0,72.0,14.0,20.0,364,359,99.72602739726028,98.35616438356163,1991_2007
40710,Sarab,2011,24.0,42.0,52.0,46.0,364,356,99.72602739726028,97.53424657534246,1991_2007
40710,Sarab,2012,29.0,48.0,24.0,17.0,365,365,100.0,100.0,1991_2007
40710,Sarab,2013,44.0,43.0,40.0,37.0,365,364,100.0,99.72602739726028,1991_2007
40710,Sarab,2014,43.0,73.0,34.0,18.0,361,362,98.9041095890411,99.17808219178083,1991_2007
40710,Sarab,2015,69.0,61.0,36.0,13.0,364,359,99.72602739726028,98.35616438356163,1991_2007
40710,Sarab,2016,61.0,67.0,40.0,35.0,362,359,99.17808219178083,98.35616438356163,1991_2007
40710,Sarab,2017,70.0,70.0,22.0,22.0,362,360,99.17808219178083,98.63013698630137,1991_2007
40710,Sarab,2018,63.0,87.0,21.0,11.0,361,359,98.9041095890411,98.35616438356163,1991_2007
40710,Sarab,2019,50.0,54.0,27.0,20.0,362,359,99.17808219178083,98.35616438356163,1991_2007
40710,Sarab,2020,38.0,46.0,40.0,27.0,365,365,100.0,100.0,1991_2007
40710,Sarab,2021,85.0,82.0,34.0,28.0,365,365,100.0,100.0,1991_2007
40710,Sarab,2022,85.0,54.0,20.0,21.0,365,365,100.0,100.0,1991_2007
40710,Sarab,2023,98.0,65.0,10.0,25.0,365,365,100.0,100.0,1991_2007
40710,Sarab,2024,76.0,69.0,19.0,24.0,364,364,99.72602739726028,99.72602739726028,1991_2007
40712,Orumiyeh,1991,19.0,24.0,33.0,29.0,363,344,99.45205479452055,94.24657534246576,1991_2007
40712,Orumiyeh,1992,6.0,7.0,103.0,78.0,362,346,99.17808219178083,94.79452054794521,1991_2007
40712,Orumiyeh,1993,10.0,11.0,86.0,57.0,361,351,98.9041095890411,96.16438356164385,1991_2007
40712,Orumiyeh,1994,9.0,22.0,39.0,21.0,357,350,97.80821917808218,95.8904109589041,1991_2007
40712,Orumiyeh,1995,16.0,21.0,27.0,30.0,363,355,99.45205479452055,97.26027397260275,1991_2007
40712,Orumiyeh,1996,25.0,33.0,28.0,26.0,362,346,99.17808219178083,94.79452054794521,1991_2007
40712,Orumiyeh,1997,23.0,27.0,34.0,38.0,361,356,98.9041095890411,97.53424657534246,1991_2007
40712,Orumiyeh,1998,59.0,61.0,19.0,11.0,357,351,97.80821917808218,96.16438356164385,1991_2007
40712,Orumiyeh,1999,50.0,46.0,21.0,11.0,364,356,99.72602739726028,97.53424657534246,1991_2007
40712,Orumiyeh,2000,46.0,55.0,19.0,8.0,358,359,98.08219178082192,98.35616438356163,1991_2007
40712,Orumiyeh,2001,58.0,65.0,12.0,12.0,365,365,100.0,100.0,1991_2007
40712,Orumiyeh,2002,42.0,44.0,25.0,19.0,365,365,100.0,100.0,1991_2007
40712,Orumiyeh,2003,40.0,30.0,35.0,35.0,365,365,100.0,100.0,1991_2007
40712,Orumiyeh,2004,37.0,20.0,31.0,61.0,365,365,100.0,100.0,1991_2007
40712,Orumiyeh,2005,52.0,15.0,29.0,41.0,365,365,100.0,100.0,1991_2007
40712,Orumiyeh,2006,46.0,31.0,14.0,36.0,365,365,100.0,100.0,1991_2007
40712,Orumiyeh,2007,30.0,30.0,32.0,35.0,365,365,100.0,100.0,1991_2007
40712,Orumiyeh,2008,56.0,41.0,32.0,50.0,365,365,100.0,100.0,1991_2007
40712,Orumiyeh,2009,35.0,31.0,26.0,44.0,365,365,100.0,100.0,1991_2007
40712,Orumiyeh,2010,121.0,50.0,6.0,27.0,365,365,100.0,100.0,1991_2007
40712,Orumiyeh,2011,42.0,24.0,45.0,72.0,365,365,100.0,100.0,1991_2007
40712,Orumiyeh,2012,36.0,34.0,11.0,31.0,365,365,100.0,100.0,1991_2007
40712,Orumiyeh,2013,58.0,42.0,39.0,64.0,364,365,99.72602739726028,100.0,1991_2007
40712,Orumiyeh,2014,80.0,56.0,22.0,42.0,363,365,99.45205479452055,100.0,1991_2007
40712,Orumiyeh,2015,115.0,51.0,36.0,38.0,365,365,100.0,100.0,1991_2007
40712,Orumiyeh,2016,76.0,42.0,33.0,60.0,359,361,98.35616438356163,98.9041095890411,1991_2007
40712,Orumiyeh,2017,101.0,43.0,25.0,45.0,365,365,100.0,100.0,1991_2007
40712,Orumiyeh,2018,97.0,76.0,10.0,15.0,365,365,100.0,100.0,1991_2007
40712,Orumiyeh,2019,66.0,40.0,17.0,26.0,365,365,100.0,100.0,1991_2007
40712,Orumiyeh,2020,52.0,40.0,22.0,20.0,365,365,100.0,100.0,1991_2007
40712,Orumiyeh,2021,121.0,57.0,15.0,31.0,365,365,100.0,100.0,1991_2007
40712,Orumiyeh,2022,90.0,44.0,11.0,36.0,365,365,100.0,100.0,1991_2007
40712,Orumiyeh,2023,115.0,49.0,6.0,14.0,365,365,100.0,100.0,1991_2007
40712,Orumiyeh,2024,92.0,57.0,13.0,26.0,365,365,100.0,100.0,1991_2007
40713,Maragheh-Synoptic,1991,18.0,23.0,30.0,33.0,363,346,99.45205479452055,94.79452054794521,1991_2007
40713,Maragheh-Synoptic,1992,1.0,6.0,113.0,96.0,364,351,99.72602739726028,96.16438356164385,1991_2007
40713,Maragheh-Synoptic,1993,4.0,9.0,74.0,50.0,360,340,98.63013698630137,93.15068493150685,1991_2007
40713,Maragheh-Synoptic,1994,12.0,24.0,40.0,36.0,358,346,98.08219178082192,94.79452054794521,1991_2007
40713,Maragheh-Synoptic,1995,24.0,25.0,37.0,41.0,361,353,98.9041095890411,96.7123287671233,1991_2007
40713,Maragheh-Synoptic,1996,22.0,34.0,34.0,23.0,362,345,99.17808219178083,94.52054794520548,1991_2007
40713,Maragheh-Synoptic,1997,17.0,14.0,36.0,45.0,359,347,98.35616438356163,95.06849315068493,1991_2007
40713,Maragheh-Synoptic,1998,69.0,56.0,20.0,17.0,358,345,98.08219178082192,94.52054794520548,1991_2007
40713,Maragheh-Synoptic,1999,33.0,40.0,22.0,24.0,361,351,98.9041095890411,96.16438356164385,1991_2007
40713,Maragheh-Synoptic,2000,31.0,37.0,21.0,17.0,358,356,98.08219178082192,97.53424657534246,1991_2007
40713,Maragheh-Synoptic,2001,51.0,48.0,16.0,13.0,360,344,98.63013698630137,94.24657534246576,1991_2007
40713,Maragheh-Synoptic,2002,39.0,31.0,17.0,17.0,357,351,97.80821917808218,96.16438356164385,1991_2007
40713,Maragheh-Synoptic,2003,44.0,46.0,20.0,30.0,358,344,98.08219178082192,94.24657534246576,1991_2007
40713,Maragheh-Synoptic,2004,43.0,31.0,24.0,27.0,355,352,97.26027397260275,96.43835616438356,1991_2007
40713,Maragheh-Synoptic,2005,54.0,38.0,28.0,29.0,364,363,99.72602739726028,99.45205479452055,1991_2007
40713,Maragheh-Synoptic,2006,54.0,52.0,14.0,24.0,363,362,99.45205479452055,99.17808219178083,1991_2007
40713,Maragheh-Synoptic,2007,39.0,37.0,29.0,29.0,361,357,98.9041095890411,97.80821917808218,1991_2007
40713,Maragheh-Synoptic,2008,65.0,61.0,35.0,39.0,365,365,100.0,100.0,1991_2007
40713,Maragheh-Synoptic,2009,49.0,43.0,20.0,19.0,365,363,100.0,99.45205479452055,1991_2007
40713,Maragheh-Synoptic,2010,124.0,93.0,3.0,12.0,365,363,100.0,99.45205479452055,1991_2007
40713,Maragheh-Synoptic,2011,37.0,40.0,42.0,58.0,365,365,100.0,100.0,1991_2007
40713,Maragheh-Synoptic,2012,54.0,53.0,11.0,20.0,363,363,99.45205479452055,99.45205479452055,1991_2007
40713,Maragheh-Synoptic,2013,70.0,50.0,28.0,42.0,365,365,100.0,100.0,1991_2007
40713,Maragheh-Synoptic,2014,95.0,72.0,23.0,23.0,363,364,99.45205479452055,99.72602739726028,1991_2007
40713,Maragheh-Synoptic,2015,112.0,78.0,29.0,22.0,363,358,99.45205479452055,98.08219178082192,1991_2007
40713,Maragheh-Synoptic,2016,97.0,53.0,23.0,37.0,361,361,98.9041095890411,98.9041095890411,1991_2007
40713,Maragheh-Synoptic,2017,113.0,94.0,18.0,26.0,360,360,98.63013698630137,98.63013698630137,1991_2007
40713,Maragheh-Synoptic,2018,111.0,98.0,6.0,8.0,355,361,97.26027397260275,98.9041095890411,1991_2007
40713,Maragheh-Synoptic,2019,102.0,57.0,7.0,12.0,359,360,98.35616438356163,98.63013698630137,1991_2007
40713,Maragheh-Synoptic,2020,90.0,65.0,10.0,19.0,365,365,100.0,100.0,1991_2007
40713,Maragheh-Synoptic,2021,175.0,81.0,9.0,18.0,365,365,100.0,100.0,1991_2007
40713,Maragheh-Synoptic,2022,138.0,95.0,3.0,16.0,364,365,99.72602739726028,100.0,1991_2007
40713,Maragheh-Synoptic,2023,126.0,77.0,2.0,8.0,364,365,99.72602739726028,100.0,1991_2007
40713,Maragheh-Synoptic,2024,126.0,78.0,8.0,22.0,365,365,100.0,100.0,1991_2007
40716,Mianeh,1991,12.0,19.0,36.0,25.0,364,347,99.72602739726028,95.06849315068493,1991_2007
40716,Mianeh,1992,12.0,8.0,85.0,91.0,365,335,100.0,91.78082191780823,1991_2007
40716,Mianeh,1993,11.0,10.0,72.0,48.0,361,336,98.9041095890411,92.05479452054794,1991_2007
40716,Mianeh,1994,11.0,23.0,38.0,42.0,361,344,98.9041095890411,94.24657534246576,1991_2007
40716,Mianeh,1995,33.0,25.0,16.0,38.0,361,350,98.9041095890411,95.8904109589041,1991_2007
40716,Mianeh,1996,28.0,35.0,27.0,31.0,363,339,99.45205479452055,92.87671232876711,1991_2007
40716,Mianeh,1997,29.0,16.0,46.0,41.0,363,339,99.45205479452055,92.87671232876711,1991_2007
40716,Mianeh,1998,49.0,35.0,38.0,37.0,362,334,99.17808219178083,91.5068493150685,1991_2007
40716,Mianeh,1999,65.0,52.0,26.0,24.0,365,347,100.0,95.06849315068493,1991_2007
40716,Mianeh,2000,41.0,40.0,22.0,13.0,355,347,97.26027397260275,95.06849315068493,1991_2007
40716,Mianeh,2001,61.0,36.0,21.0,17.0,361,336,98.9041095890411,92.05479452054794,1991_2007
40716,Mianeh,2002,39.0,31.0,26.0,26.0,358,344,98.08219178082192,94.24657534246576,1991_2007
40716,Mianeh,2003,30.0,33.0,23.0,30.0,355,330,97.26027397260275,90.41095890410958,1991_2007
40716,Mianeh,2004,44.0,38.0,25.0,18.0,349,335,95.61643835616438,91.78082191780823,1991_2007
40716,Mianeh,2005,35.0,30.0,32.0,24.0,365,364,100.0,99.72602739726028,1991_2007
40716,Mianeh,2006,36.0,57.0,22.0,20.0,364,365,99.72602739726028,100.0,1991_2007
40716,Mianeh,2007,23.0,48.0,45.0,25.0,365,365,100.0,100.0,1991_2007
40716,Mianeh,2008,52.0,68.0,21.0,15.0,365,364,100.0,99.72602739726028,1991_2007
40716,Mianeh,2009,43.0,63.0,25.0,15.0,365,365,100.0,100.0,1991_2007
40716,Mianeh,2010,103.0,94.0,13.0,15.0,365,365,100.0,100.0,1991_2007
40716,Mianeh,2011,35.0,47.0,46.0,40.0,365,363,100.0,99.45205479452055,1991_2007
40716,Mianeh,2012,16.0,43.0,29.0,23.0,364,365,99.72602739726028,100.0,1991_2007
40716,Mianeh,2013,66.0,58.0,12.0,14.0,365,365,100.0,100.0,1991_2007
40716,Mianeh,2014,66.0,80.0,17.0,16.0,362,364,99.17808219178083,99.72602739726028,1991_2007
40716,Mianeh,2015,83.0,81.0,23.0,13.0,364,362,99.72602739726028,99.17808219178083,1991_2007
40716,Mianeh,2016,70.0,66.0,27.0,29.0,361,358,98.9041095890411,98.08219178082192,1991_2007
40716,Mianeh,2017,75.0,64.0,12.0,18.0,361,359,98.9041095890411,98.35616438356163,1991_2007
40716,Mianeh,2018,83.0,97.0,8.0,11.0,365,360,100.0,98.63013698630137,1991_2007
40716,Mianeh,2019,48.0,49.0,22.0,17.0,364,364,99.72602739726028,99.72602739726028,1991_2007
40716,Mianeh,2020,42.0,50.0,25.0,18.0,364,364,99.72602739726028,99.72602739726028,1991_2007
40716,Mianeh,2021,126.0,85.0,10.0,12.0,365,364,100.0,99.72602739726028,1991_2007
40716,Mianeh,2022,79.0,80.0,15.0,17.0,365,365,100.0,100.0,1991_2007
40716,Mianeh,2023,91.0,74.0,6.0,4.0,364,365,99.72602739726028,100.0,1991_2007
40716,Mianeh,2024,92.0,85.0,13.0,17.0,364,365,99.72602739726028,100.0,1991_2007
40717,Khalkhal,1991,15.0,30.0,41.0,38.0,364,352,99.72602739726028,96.43835616438356,1991_2007
40717,Khalkhal,1992,9.0,18.0,76.0,95.0,362,342,99.17808219178083,93.69863013698631,1991_2007
40717,Khalkhal,1993,11.0,16.0,60.0,66.0,358,345,98.08219178082192,94.52054794520548,1991_2007
40717,Khalkhal,1994,8.0,31.0,38.0,43.0,358,350,98.08219178082192,95.8904109589041,1991_2007
40717,Khalkhal,1995,44.0,23.0,22.0,34.0,360,359,98.63013698630137,98.35616438356163,1991_2007
40717,Khalkhal,1996,28.0,34.0,35.0,39.0,358,344,98.08219178082192,94.24657534246576,1991_2007
40717,Khalkhal,1997,36.0,18.0,29.0,40.0,360,347,98.63013698630137,95.06849315068493,1991_2007
40717,Khalkhal,1998,61.0,37.0,23.0,23.0,355,342,97.26027397260275,93.69863013698631,1991_2007
40717,Khalkhal,1999,49.0,42.0,32.0,26.0,365,347,100.0,95.06849315068493,1991_2007
40717,Khalkhal,2000,28.0,33.0,26.0,20.0,365,348,100.0,95.34246575342465,1991_2007
40717,Khalkhal,2001,58.0,36.0,23.0,25.0,365,348,100.0,95.34246575342465,1991_2007
40717,Khalkhal,2002,43.0,34.0,27.0,25.0,358,346,98.08219178082192,94.79452054794521,1991_2007
40717,Khalkhal,2003,30.0,45.0,30.0,23.0,352,339,96.43835616438356,92.87671232876711,1991_2007
40717,Khalkhal,2004,33.0,46.0,34.0,23.0,350,349,95.8904109589041,95.61643835616438,1991_2007
40717,Khalkhal,2005,47.0,35.0,32.0,16.0,365,365,100.0,100.0,1991_2007
40717,Khalkhal,2006,36.0,53.0,25.0,19.0,365,364,100.0,99.72602739726028,1991_2007
40717,Khalkhal,2007,28.0,48.0,32.0,18.0,365,365,100.0,100.0,1991_2007
40717,Khalkhal,2008,44.0,58.0,33.0,32.0,365,365,100.0,100.0,1991_2007
40717,Khalkhal,2009,40.0,51.0,35.0,21.0,365,365,100.0,100.0,1991_2007
40717,Khalkhal,2010,109.0,74.0,13.0,19.0,365,365,100.0,100.0,1991_2007
40717,Khalkhal,2011,29.0,58.0,35.0,21.0,365,365,100.0,100.0,1991_2007
40717,Khalkhal,2012,31.0,62.0,19.0,17.0,365,365,100.0,100.0,1991_2007
40717,Khalkhal,2013,65.0,66.0,26.0,23.0,364,365,99.72602739726028,100.0,1991_2007
40717,Khalkhal,2014,77.0,71.0,17.0,12.0,354,344,96.98630136986301,94.24657534246576,1991_2007
40717,Khalkhal,2015,88.0,71.0,22.0,12.0,365,365,100.0,100.0,1991_2007
40717,Khalkhal,2016,86.0,79.0,26.0,26.0,364,365,99.72602739726028,100.0,1991_2007
40717,Khalkhal,2017,84.0,59.0,15.0,26.0,365,365,100.0,100.0,1991_2007
40717,Khalkhal,2018,87.0,106.0,17.0,11.0,365,365,100.0,100.0,1991_2007
40717,Khalkhal,2019,68.0,54.0,27.0,14.0,365,362,100.0,99.17808219178083,1991_2007
40717,Khalkhal,2020,68.0,44.0,30.0,16.0,365,365,100.0,100.0,1991_2007
40717,Khalkhal,2021,126.0,82.0,16.0,17.0,364,365,99.72602739726028,100.0,1991_2007
40717,Khalkhal,2022,86.0,67.0,17.0,11.0,365,365,100.0,100.0,1991_2007
40717,Khalkhal,2023,101.0,73.0,9.0,8.0,365,365,100.0,100.0,1991_2007
40717,Khalkhal,2024,80.0,62.0,17.0,12.0,365,365,100.0,100.0,1991_2007
40718,Bandar-E-Anzali,1991,18.0,11.0,22.0,21.0,365,336,100.0,92.05479452054794,1991_2007
40718,Bandar-E-Anzali,1992,18.0,3.0,69.0,84.0,361,330,98.9041095890411,90.41095890410958,1991_2007
40718,Bandar-E-Anzali,1993,14.0,2.0,93.0,66.0,345,340,94.52054794520548,93.15068493150685,1991_2007
40718,Bandar-E-Anzali,1994,16.0,5.0,47.0,42.0,347,335,95.06849315068493,91.78082191780823,1991_2007
40718,Bandar-E-Anzali,1995,31.0,29.0,18.0,16.0,347,328,95.06849315068493,89.86301369863014,1991_2007
40718,Bandar-E-Anzali,1996,27.0,37.0,42.0,20.0,355,338,97.26027397260275,92.6027397260274,1991_2007
40718,Bandar-E-Anzali,1997,31.0,27.0,24.0,32.0,330,349,90.41095890410958,95.61643835616438,1991_2007
40718,Bandar-E-Anzali,1998,43.0,64.0,17.0,15.0,334,346,91.5068493150685,94.79452054794521,1991_2007
40718,Bandar-E-Anzali,1999,39.0,38.0,23.0,33.0,344,337,94.24657534246576,92.32876712328768,1991_2007
40718,Bandar-E-Anzali,2000,33.0,30.0,21.0,18.0,324,339,88.76712328767124,92.87671232876711,1991_2007
40718,Bandar-E-Anzali,2001,53.0,47.0,17.0,21.0,363,339,99.45205479452055,92.87671232876711,1991_2007
40718,Bandar-E-Anzali,2002,48.0,56.0,28.0,21.0,350,347,95.8904109589041,95.06849315068493,1991_2007
40718,Bandar-E-Anzali,2003,21.0,21.0,48.0,45.0,365,365,100.0,100.0,1991_2007
40718,Bandar-E-Anzali,2004,31.0,41.0,24.0,32.0,365,365,100.0,100.0,1991_2007
40718,Bandar-E-Anzali,2005,38.0,30.0,23.0,22.0,336,354,92.05479452054794,96.98630136986301,1991_2007
40718,Bandar-E-Anzali,2006,44.0,38.0,18.0,21.0,365,365,100.0,100.0,1991_2007
40718,Bandar-E-Anzali,2007,35.0,34.0,19.0,18.0,365,365,100.0,100.0,1991_2007
40718,Bandar-E-Anzali,2008,38.0,51.0,45.0,38.0,365,365,100.0,100.0,1991_2007
40718,Bandar-E-Anzali,2009,37.0,27.0,33.0,37.0,365,365,100.0,100.0,1991_2007
40718,Bandar-E-Anzali,2010,93.0,98.0,11.0,17.0,365,365,100.0,100.0,1991_2007
40718,Bandar-E-Anzali,2011,55.0,33.0,48.0,47.0,365,365,100.0,100.0,1991_2007
40718,Bandar-E-Anzali,2012,131.0,72.0,38.0,38.0,365,365,100.0,100.0,1991_2007
40718,Bandar-E-Anzali,2013,64.0,47.0,21.0,32.0,365,365,100.0,100.0,1991_2007
40718,Bandar-E-Anzali,2014,82.0,72.0,24.0,22.0,362,364,99.17808219178083,99.72602739726028,1991_2007
40718,Bandar-E-Anzali,2015,104.0,65.0,19.0,17.0,365,365,100.0,100.0,1991_2007
40718,Bandar-E-Anzali,2016,92.0,59.0,39.0,34.0,362,364,99.17808219178083,99.72602739726028,1991_2007
40718,Bandar-E-Anzali,2017,104.0,58.0,20.0,15.0,364,363,99.72602739726028,99.45205479452055,1991_2007
40718,Bandar-E-Anzali,2018,124.0,79.0,9.0,18.0,363,361,99.45205479452055,98.9041095890411,1991_2007
40718,Bandar-E-Anzali,2019,166.0,75.0,19.0,26.0,363,364,99.45205479452055,99.72602739726028,1991_2007
40718,Bandar-E-Anzali,2020,152.0,57.0,24.0,26.0,365,364,100.0,99.72602739726028,1991_2007
40718,Bandar-E-Anzali,2021,179.0,75.0,24.0,25.0,365,362,100.0,99.17808219178083,1991_2007
40718,Bandar-E-Anzali,2022,190.0,68.0,12.0,22.0,365,365,100.0,100.0,1991_2007
40718,Bandar-E-Anzali,2023,192.0,84.0,13.0,9.0,365,365,100.0,100.0,1991_2007
40718,Bandar-E-Anzali,2024,152.0,60.0,15.0,27.0,364,365,99.72602739726028,100.0,1991_2007
40719,Rasht,1991,21.0,24.0,21.0,23.0,363,346,99.45205479452055,94.79452054794521,1991_2007
40719,Rasht,1992,19.0,9.0,44.0,80.0,363,345,99.45205479452055,94.52054794520548,1991_2007
40719,Rasht,1993,21.0,11.0,73.0,49.0,355,346,97.26027397260275,94.79452054794521,1991_2007
40719,Rasht,1994,21.0,17.0,42.0,41.0,359,347,98.35616438356163,95.06849315068493,1991_2007
40719,Rasht,1995,43.0,27.0,21.0,20.0,352,349,96.43835616438356,95.61643835616438,1991_2007
40719,Rasht,1996,25.0,40.0,43.0,37.0,363,365,99.45205479452055,100.0,1991_2007
40719,Rasht,1997,27.0,26.0,37.0,35.0,341,355,93.42465753424658,97.26027397260275,1991_2007
40719,Rasht,1998,41.0,35.0,25.0,21.0,345,347,94.52054794520548,95.06849315068493,1991_2007
40719,Rasht,1999,38.0,30.0,28.0,37.0,360,351,98.63013698630137,96.16438356164385,1991_2007
40719,Rasht,2000,38.0,36.0,40.0,26.0,365,365,100.0,100.0,1991_2007
40719,Rasht,2001,42.0,41.0,21.0,28.0,349,353,95.61643835616438,96.7123287671233,1991_2007
40719,Rasht,2002,43.0,47.0,34.0,21.0,352,352,96.43835616438356,96.43835616438356,1991_2007
40719,Rasht,2003,36.0,26.0,51.0,48.0,363,364,99.45205479452055,99.72602739726028,1991_2007
40719,Rasht,2004,43.0,38.0,31.0,43.0,365,365,100.0,100.0,1991_2007
40719,Rasht,2005,35.0,53.0,26.0,28.0,365,365,100.0,100.0,1991_2007
40719,Rasht,2006,41.0,43.0,24.0,15.0,365,365,100.0,100.0,1991_2007
40719,Rasht,2007,33.0,35.0,26.0,11.0,365,365,100.0,100.0,1991_2007
40719,Rasht,2008,32.0,56.0,47.0,39.0,365,365,100.0,100.0,1991_2007
40719,Rasht,2009,25.0,49.0,36.0,28.0,365,365,100.0,100.0,1991_2007
40719,Rasht,2010,77.0,110.0,12.0,17.0,365,365,100.0,100.0,1991_2007
40719,Rasht,2011,31.0,39.0,47.0,38.0,365,365,100.0,100.0,1991_2007
40719,Rasht,2012,53.0,52.0,35.0,21.0,365,365,100.0,100.0,1991_2007
40719,Rasht,2013,45.0,41.0,30.0,31.0,365,365,100.0,100.0,1991_2007
40719,Rasht,2014,43.0,84.0,19.0,19.0,364,365,99.72602739726028,100.0,1991_2007
40719,Rasht,2015,42.0,81.0,26.0,12.0,365,365,100.0,100.0,1991_2007
40719,Rasht,2016,41.0,88.0,45.0,26.0,363,365,99.45205479452055,100.0,1991_2007
40719,Rasht,2017,45.0,87.0,15.0,16.0,365,365,100.0,100.0,1991_2007
40719,Rasht,2018,66.0,128.0,15.0,12.0,365,365,100.0,100.0,1991_2007
40719,Rasht,2019,51.0,100.0,25.0,14.0,365,365,100.0,100.0,1991_2007
40719,Rasht,2020,36.0,93.0,39.0,11.0,365,365,100.0,100.0,1991_2007
40719,Rasht,2021,63.0,104.0,31.0,11.0,365,365,100.0,100.0,1991_2007
40719,Rasht,2022,49.0,88.0,15.0,12.0,365,365,100.0,100.0,1991_2007
40719,Rasht,2023,57.0,100.0,16.0,6.0,365,365,100.0,100.0,1991_2007
40719,Rasht,2024,40.0,99.0,19.0,12.0,364,365,99.72602739726028,100.0,1991_2007
40723,Bojnurd,1991,18.0,22.0,43.0,31.0,365,347,100.0,95.06849315068493,1991_2007
40723,Bojnurd,1992,20.0,15.0,61.0,66.0,357,344,97.80821917808218,94.24657534246576,1991_2007
40723,Bojnurd,1993,20.0,14.0,51.0,36.0,362,353,99.17808219178083,96.7123287671233,1991_2007
40723,Bojnurd,1994,24.0,22.0,42.0,34.0,353,352,96.7123287671233,96.43835616438356,1991_2007
40723,Bojnurd,1995,43.0,23.0,24.0,41.0,361,352,98.9041095890411,96.43835616438356,1991_2007
40723,Bojnurd,1996,33.0,32.0,32.0,46.0,362,353,99.17808219178083,96.7123287671233,1991_2007
40723,Bojnurd,1997,32.0,32.0,30.0,33.0,346,353,94.79452054794521,96.7123287671233,1991_2007
40723,Bojnurd,1998,30.0,40.0,36.0,23.0,347,350,95.06849315068493,95.8904109589041,1991_2007
40723,Bojnurd,1999,37.0,30.0,28.0,25.0,360,352,98.63013698630137,96.43835616438356,1991_2007
40723,Bojnurd,2000,36.0,38.0,27.0,29.0,348,354,95.34246575342465,96.98630136986301,1991_2007
40723,Bojnurd,2001,53.0,51.0,28.0,15.0,361,348,98.9041095890411,95.34246575342465,1991_2007
40723,Bojnurd,2002,49.0,48.0,36.0,27.0,352,342,96.43835616438356,93.69863013698631,1991_2007
40723,Bojnurd,2003,24.0,31.0,36.0,39.0,341,344,93.42465753424658,94.24657534246576,1991_2007
40723,Bojnurd,2004,31.0,36.0,21.0,24.0,342,350,93.69863013698631,95.8904109589041,1991_2007
40723,Bojnurd,2005,30.0,42.0,29.0,17.0,351,356,96.16438356164385,97.53424657534246,1991_2007
40723,Bojnurd,2006,52.0,57.0,27.0,33.0,350,357,95.8904109589041,97.80821917808218,1991_2007
40723,Bojnurd,2007,30.0,30.0,28.0,40.0,365,365,100.0,100.0,1991_2007
40723,Bojnurd,2008,50.0,57.0,45.0,57.0,365,365,100.0,100.0,1991_2007
40723,Bojnurd,2009,30.0,40.0,33.0,28.0,365,365,100.0,100.0,1991_2007
40723,Bojnurd,2010,69.0,64.0,11.0,27.0,365,365,100.0,100.0,1991_2007
40723,Bojnurd,2011,47.0,60.0,49.0,34.0,365,365,100.0,100.0,1991_2007
40723,Bojnurd,2012,28.0,36.0,27.0,41.0,365,365,100.0,100.0,1991_2007
40723,Bojnurd,2013,54.0,44.0,33.0,35.0,365,365,100.0,100.0,1991_2007
40723,Bojnurd,2014,44.0,51.0,26.0,41.0,364,364,99.72602739726028,99.72602739726028,1991_2007
40723,Bojnurd,2015,68.0,72.0,25.0,23.0,361,363,98.9041095890411,99.45205479452055,1991_2007
40723,Bojnurd,2016,72.0,70.0,30.0,35.0,361,364,98.9041095890411,99.72602739726028,1991_2007
40723,Bojnurd,2017,56.0,57.0,12.0,32.0,363,364,99.45205479452055,99.72602739726028,1991_2007
40723,Bojnurd,2018,72.0,83.0,16.0,21.0,365,365,100.0,100.0,1991_2007
40723,Bojnurd,2019,55.0,53.0,27.0,37.0,364,364,99.72602739726028,99.72602739726028,1991_2007
40723,Bojnurd,2020,48.0,35.0,36.0,56.0,365,364,100.0,99.72602739726028,1991_2007
40723,Bojnurd,2021,94.0,56.0,16.0,47.0,365,364,100.0,99.72602739726028,1991_2007
40723,Bojnurd,2022,51.0,58.0,20.0,32.0,365,365,100.0,100.0,1991_2007
40723,Bojnurd,2023,82.0,63.0,15.0,18.0,365,365,100.0,100.0,1991_2007
40723,Bojnurd,2024,53.0,63.0,29.0,32.0,365,365,100.0,100.0,1991_2007
40724,Piranshahr,1991,18.0,15.0,36.0,54.0,365,338,100.0,92.6027397260274,1991_2007
40724,Piranshahr,1992,4.0,7.0,120.0,120.0,365,357,100.0,97.80821917808218,1991_2007
40724,Piranshahr,1993,5.0,9.0,64.0,52.0,357,336,97.80821917808218,92.05479452054794,1991_2007
40724,Piranshahr,1994,17.0,12.0,40.0,31.0,351,337,96.16438356164385,92.32876712328768,1991_2007
40724,Piranshahr,1995,27.0,11.0,24.0,48.0,351,340,96.16438356164385,93.15068493150685,1991_2007
40724,Piranshahr,1996,22.0,33.0,25.0,20.0,353,340,96.7123287671233,93.15068493150685,1991_2007
40724,Piranshahr,1997,18.0,15.0,37.0,53.0,358,336,98.08219178082192,92.05479452054794,1991_2007
40724,Piranshahr,1998,76.0,40.0,24.0,16.0,360,330,98.63013698630137,90.41095890410958,1991_2007
40724,Piranshahr,1999,50.0,44.0,17.0,13.0,362,341,99.17808219178083,93.42465753424658,1991_2007
40724,Piranshahr,2000,36.0,28.0,19.0,18.0,361,340,98.9041095890411,93.15068493150685,1991_2007
40724,Piranshahr,2001,53.0,63.0,20.0,7.0,365,365,100.0,100.0,1991_2007
40724,Piranshahr,2002,37.0,30.0,20.0,16.0,365,365,100.0,100.0,1991_2007
40724,Piranshahr,2003,31.0,44.0,22.0,12.0,365,365,100.0,100.0,1991_2007
40724,Piranshahr,2004,33.0,31.0,30.0,17.0,360,330,98.63013698630137,90.41095890410958,1991_2007
40724,Piranshahr,2005,39.0,54.0,27.0,15.0,365,365,100.0,100.0,1991_2007
40724,Piranshahr,2006,40.0,49.0,12.0,15.0,334,334,91.5068493150685,91.5068493150685,1991_2007
40724,Piranshahr,2007,25.0,46.0,33.0,13.0,365,365,100.0,100.0,1991_2007
40724,Piranshahr,2008,55.0,89.0,32.0,10.0,365,365,100.0,100.0,1991_2007
40724,Piranshahr,2009,49.0,48.0,24.0,10.0,364,364,99.72602739726028,99.72602739726028,1991_2007
40724,Piranshahr,2010,132.0,106.0,5.0,0.0,365,365,100.0,100.0,1991_2007
40724,Piranshahr,2011,29.0,45.0,40.0,27.0,365,365,100.0,100.0,1991_2007
40724,Piranshahr,2012,30.0,61.0,20.0,8.0,365,365,100.0,100.0,1991_2007
40724,Piranshahr,2013,53.0,73.0,40.0,19.0,365,365,100.0,100.0,1991_2007
40724,Piranshahr,2014,73.0,79.0,26.0,10.0,362,364,99.17808219178083,99.72602739726028,1991_2007
40724,Piranshahr,2015,83.0,86.0,37.0,10.0,361,358,98.9041095890411,98.08219178082192,1991_2007
40724,Piranshahr,2016,62.0,100.0,27.0,15.0,360,364,98.63013698630137,99.72602739726028,1991_2007
40724,Piranshahr,2017,95.0,79.0,23.0,11.0,365,364,100.0,99.72602739726028,1991_2007
40724,Piranshahr,2018,75.0,107.0,19.0,1.0,365,364,100.0,99.72602739726028,1991_2007
40724,Piranshahr,2019,64.0,99.0,17.0,8.0,365,363,100.0,99.45205479452055,1991_2007
40724,Piranshahr,2020,56.0,71.0,31.0,2.0,365,365,100.0,100.0,1991_2007
40724,Piranshahr,2021,123.0,131.0,10.0,1.0,365,365,100.0,100.0,1991_2007
40724,Piranshahr,2022,107.0,95.0,9.0,6.0,365,365,100.0,100.0,1991_2007
40724,Piranshahr,2023,103.0,89.0,7.0,4.0,365,365,100.0,100.0,1991_2007
40724,Piranshahr,2024,104.0,86.0,8.0,7.0,362,364,99.17808219178083,99.72602739726028,1991_2007
40726,Mahabad,1991,24.0,30.0,27.0,24.0,364,337,99.72602739726028,92.32876712328768,1991_2007
40726,Mahabad,1992,9.0,11.0,89.0,95.0,361,346,98.9041095890411,94.79452054794521,1991_2007
40726,Mahabad,1993,9.0,12.0,65.0,59.0,357,349,97.80821917808218,95.61643835616438,1991_2007
40726,Mahabad,1994,17.0,12.0,43.0,43.0,360,348,98.63013698630137,95.34246575342465,1991_2007
40726,Mahabad,1995,29.0,20.0,28.0,45.0,362,352,99.17808219178083,96.43835616438356,1991_2007
40726,Mahabad,1996,26.0,40.0,35.0,17.0,359,341,98.35616438356163,93.42465753424658,1991_2007
40726,Mahabad,1997,25.0,22.0,48.0,39.0,364,343,99.72602739726028,93.97260273972603,1991_2007
40726,Mahabad,1998,63.0,39.0,21.0,16.0,359,337,98.35616438356163,92.32876712328768,1991_2007
40726,Mahabad,1999,56.0,60.0,23.0,14.0,361,347,98.9041095890411,95.06849315068493,1991_2007
40726,Mahabad,2000,34.0,44.0,17.0,19.0,356,351,97.53424657534246,96.16438356164385,1991_2007
40726,Mahabad,2001,59.0,56.0,15.0,17.0,365,365,100.0,100.0,1991_2007
40726,Mahabad,2002,36.0,34.0,24.0,15.0,365,365,100.0,100.0,1991_2007
40726,Mahabad,2003,38.0,42.0,29.0,22.0,365,365,100.0,100.0,1991_2007
40726,Mahabad,2004,38.0,31.0,31.0,44.0,365,365,100.0,100.0,1991_2007
40726,Mahabad,2005,41.0,42.0,35.0,30.0,363,365,99.45205479452055,100.0,1991_2007
40726,Mahabad,2006,38.0,38.0,18.0,18.0,365,365,100.0,100.0,1991_2007
40726,Mahabad,2007,25.0,33.0,31.0,25.0,365,365,100.0,100.0,1991_2007
40726,Mahabad,2008,64.0,56.0,35.0,33.0,365,365,100.0,100.0,1991_2007
40726,Mahabad,2009,45.0,43.0,24.0,28.0,365,365,100.0,100.0,1991_2007
40726,Mahabad,2010,111.0,91.0,7.0,12.0,365,365,100.0,100.0,1991_2007
40726,Mahabad,2011,36.0,46.0,47.0,43.0,365,365,100.0,100.0,1991_2007
40726,Mahabad,2012,46.0,46.0,16.0,14.0,365,365,100.0,100.0,1991_2007
40726,Mahabad,2013,57.0,45.0,37.0,41.0,362,365,99.17808219178083,100.0,1991_2007
40726,Mahabad,2014,75.0,63.0,27.0,23.0,363,365,99.45205479452055,100.0,1991_2007
40726,Mahabad,2015,98.0,65.0,43.0,30.0,365,365,100.0,100.0,1991_2007
40726,Mahabad,2016,73.0,75.0,31.0,38.0,360,364,98.63013698630137,99.72602739726028,1991_2007
40726,Mahabad,2017,83.0,61.0,19.0,26.0,364,363,99.72602739726028,99.45205479452055,1991_2007
40726,Mahabad,2018,86.0,85.0,12.0,9.0,364,365,99.72602739726028,100.0,1991_2007
40726,Mahabad,2019,74.0,51.0,20.0,21.0,365,365,100.0,100.0,1991_2007
40726,Mahabad,2020,56.0,40.0,25.0,23.0,364,364,99.72602739726028,99.72602739726028,1991_2007
40726,Mahabad,2021,135.0,72.0,14.0,18.0,364,365,99.72602739726028,100.0,1991_2007
40726,Mahabad,2022,92.0,63.0,6.0,13.0,365,364,100.0,99.72602739726028,1991_2007
40726,Mahabad,2023,64.0,80.0,9.0,9.0,363,365,99.45205479452055,100.0,1991_2007
40726,Mahabad,2024,74.0,76.0,11.0,20.0,359,364,98.35616438356163,99.72602739726028,1991_2007
40727,Saqez,1991,16.0,29.0,39.0,24.0,365,336,100.0,92.05479452054794,1991_2007
40727,Saqez,1992,0.0,19.0,109.0,69.0,365,338,100.0,92.6027397260274,1991_2007
40727,Saqez,1993,9.0,18.0,57.0,36.0,365,347,100.0,95.06849315068493,1991_2007
40727,Saqez,1994,17.0,38.0,36.0,29.0,365,345,100.0,94.52054794520548,1991_2007
40727,Saqez,1995,37.0,20.0,23.0,47.0,365,358,100.0,98.08219178082192,1991_2007
40727,Saqez,1996,23.0,43.0,21.0,25.0,365,341,100.0,93.42465753424658,1991_2007
40727,Saqez,1997,18.0,15.0,44.0,52.0,360,344,98.63013698630137,94.24657534246576,1991_2007
40727,Saqez,1998,61.0,31.0,31.0,28.0,357,341,97.80821917808218,93.42465753424658,1991_2007
40727,Saqez,1999,47.0,42.0,17.0,23.0,362,350,99.17808219178083,95.8904109589041,1991_2007
40727,Saqez,2000,36.0,45.0,15.0,32.0,355,354,97.26027397260275,96.98630136986301,1991_2007
40727,Saqez,2001,69.0,43.0,16.0,27.0,355,348,97.26027397260275,95.34246575342465,1991_2007
40727,Saqez,2002,38.0,31.0,26.0,35.0,361,344,98.9041095890411,94.24657534246576,1991_2007
40727,Saqez,2003,31.0,33.0,21.0,29.0,352,338,96.43835616438356,92.6027397260274,1991_2007
40727,Saqez,2004,37.0,40.0,25.0,32.0,351,342,96.16438356164385,93.69863013698631,1991_2007
40727,Saqez,2005,37.0,31.0,26.0,21.0,356,345,97.53424657534246,94.52054794520548,1991_2007
40727,Saqez,2006,44.0,38.0,28.0,26.0,364,364,99.72602739726028,99.72602739726028,1991_2007
40727,Saqez,2007,30.0,35.0,30.0,24.0,365,365,100.0,100.0,1991_2007
40727,Saqez,2008,63.0,73.0,42.0,28.0,365,365,100.0,100.0,1991_2007
40727,Saqez,2009,42.0,43.0,34.0,19.0,364,365,99.72602739726028,100.0,1991_2007
40727,Saqez,2010,114.0,71.0,7.0,20.0,362,365,99.17808219178083,100.0,1991_2007
40727,Saqez,2011,38.0,48.0,40.0,40.0,365,365,100.0,100.0,1991_2007
40727,Saqez,2012,28.0,56.0,19.0,14.0,364,364,99.72602739726028,99.72602739726028,1991_2007
40727,Saqez,2013,52.0,58.0,37.0,40.0,365,365,100.0,100.0,1991_2007
40727,Saqez,2014,68.0,62.0,23.0,11.0,361,362,98.9041095890411,99.17808219178083,1991_2007
40727,Saqez,2015,89.0,68.0,33.0,20.0,364,365,99.72602739726028,100.0,1991_2007
40727,Saqez,2016,66.0,74.0,22.0,17.0,360,364,98.63013698630137,99.72602739726028,1991_2007
40727,Saqez,2017,77.0,52.0,12.0,23.0,365,365,100.0,100.0,1991_2007
40727,Saqez,2018,86.0,82.0,8.0,3.0,365,364,100.0,99.72602739726028,1991_2007
40727,Saqez,2019,60.0,54.0,21.0,14.0,364,365,99.72602739726028,100.0,1991_2007
40727,Saqez,2020,61.0,53.0,29.0,11.0,365,365,100.0,100.0,1991_2007
40727,Saqez,2021,116.0,65.0,11.0,11.0,365,364,100.0,99.72602739726028,1991_2007
40727,Saqez,2022,78.0,70.0,10.0,14.0,364,365,99.72602739726028,100.0,1991_2007
40727,Saqez,2023,54.0,72.0,8.0,7.0,364,365,99.72602739726028,100.0,1991_2007
40727,Saqez,2024,69.0,70.0,13.0,11.0,364,364,99.72602739726028,99.72602739726028,1991_2007
40728,Takab,1991,17.0,27.0,41.0,46.0,363,336,99.45205479452055,92.05479452054794,1991_2007
40728,Takab,1992,3.0,16.0,97.0,81.0,362,355,99.17808219178083,97.26027397260275,1991_2007
40728,Takab,1993,8.0,18.0,57.0,51.0,357,337,97.80821917808218,92.32876712328768,1991_2007
40728,Takab,1994,13.0,36.0,38.0,26.0,361,342,98.9041095890411,93.69863013698631,1991_2007
40728,Takab,1995,34.0,21.0,25.0,40.0,364,351,99.72602739726028,96.16438356164385,1991_2007
40728,Takab,1996,26.0,37.0,22.0,30.0,364,342,99.72602739726028,93.69863013698631,1991_2007
40728,Takab,1997,22.0,14.0,39.0,51.0,362,344,99.17808219178083,94.24657534246576,1991_2007
40728,Takab,1998,72.0,39.0,30.0,21.0,364,340,99.72602739726028,93.15068493150685,1991_2007
40728,Takab,1999,48.0,38.0,23.0,19.0,365,346,100.0,94.79452054794521,1991_2007
40728,Takab,2000,22.0,30.0,20.0,24.0,363,346,99.45205479452055,94.79452054794521,1991_2007
40728,Takab,2001,51.0,44.0,16.0,22.0,365,365,100.0,100.0,1991_2007
40728,Takab,2002,43.0,38.0,25.0,25.0,365,365,100.0,100.0,1991_2007
40728,Takab,2003,31.0,39.0,23.0,34.0,365,362,100.0,99.17808219178083,1991_2007
40728,Takab,2004,38.0,40.0,37.0,31.0,365,365,100.0,100.0,1991_2007
40728,Takab,2005,51.0,33.0,25.0,19.0,364,365,99.72602739726028,100.0,1991_2007
40728,Takab,2006,52.0,44.0,26.0,17.0,365,365,100.0,100.0,1991_2007
40728,Takab,2007,25.0,44.0,27.0,22.0,365,365,100.0,100.0,1991_2007
40728,Takab,2008,50.0,58.0,29.0,33.0,365,365,100.0,100.0,1991_2007
40728,Takab,2009,34.0,42.0,35.0,33.0,363,364,99.45205479452055,99.72602739726028,1991_2007
40728,Takab,2010,114.0,61.0,10.0,30.0,365,365,100.0,100.0,1991_2007
40728,Takab,2011,34.0,35.0,38.0,43.0,359,362,98.35616438356163,99.17808219178083,1991_2007
40728,Takab,2012,14.0,41.0,22.0,25.0,363,363,99.45205479452055,99.45205479452055,1991_2007
40728,Takab,2013,55.0,55.0,34.0,52.0,365,365,100.0,100.0,1991_2007
40728,Takab,2014,52.0,69.0,17.0,9.0,356,343,97.53424657534246,93.97260273972603,1991_2007
40728,Takab,2015,92.0,60.0,30.0,17.0,364,356,99.72602739726028,97.53424657534246,1991_2007
40728,Takab,2016,78.0,69.0,18.0,29.0,355,361,97.26027397260275,98.9041095890411,1991_2007
40728,Takab,2017,94.0,52.0,9.0,22.0,363,361,99.45205479452055,98.9041095890411,1991_2007
40728,Takab,2018,103.0,72.0,11.0,6.0,361,364,98.9041095890411,99.72602739726028,1991_2007
40728,Takab,2019,49.0,34.0,17.0,11.0,365,361,100.0,98.9041095890411,1991_2007
40728,Takab,2020,65.0,45.0,23.0,23.0,365,364,100.0,99.72602739726028,1991_2007
40728,Takab,2021,125.0,57.0,5.0,23.0,365,365,100.0,100.0,1991_2007
40728,Takab,2022,69.0,68.0,9.0,20.0,363,364,99.45205479452055,99.72602739726028,1991_2007
40728,Takab,2023,48.0,62.0,10.0,14.0,362,365,99.17808219178083,100.0,1991_2007
40728,Takab,2024,87.0,71.0,13.0,21.0,362,363,99.17808219178083,99.45205479452055,1991_2007
40729,Zanjan,1991,14.0,22.0,51.0,49.0,365,353,100.0,96.7123287671233,1991_2007
40729,Zanjan,1992,6.0,12.0,98.0,80.0,364,345,99.72602739726028,94.52054794520548,1991_2007
40729,Zanjan,1993,12.0,23.0,59.0,53.0,362,350,99.17808219178083,95.8904109589041,1991_2007
40729,Zanjan,1994,14.0,22.0,35.0,48.0,360,347,98.63013698630137,95.06849315068493,1991_2007
40729,Zanjan,1995,40.0,14.0,23.0,43.0,365,354,100.0,96.98630136986301,1991_2007
40729,Zanjan,1996,17.0,35.0,26.0,35.0,362,348,99.17808219178083,95.34246575342465,1991_2007
40729,Zanjan,1997,30.0,20.0,25.0,32.0,362,358,99.17808219178083,98.08219178082192,1991_2007
40729,Zanjan,1998,60.0,57.0,32.0,30.0,359,343,98.35616438356163,93.97260273972603,1991_2007
40729,Zanjan,1999,49.0,35.0,25.0,26.0,364,355,99.72602739726028,97.26027397260275,1991_2007
40729,Zanjan,2000,24.0,29.0,27.0,17.0,360,352,98.63013698630137,96.43835616438356,1991_2007
40729,Zanjan,2001,60.0,52.0,20.0,18.0,365,362,100.0,99.17808219178083,1991_2007
40729,Zanjan,2002,39.0,42.0,28.0,20.0,365,364,100.0,99.72602739726028,1991_2007
40729,Zanjan,2003,43.0,39.0,22.0,25.0,364,358,99.72602739726028,98.08219178082192,1991_2007
40729,Zanjan,2004,33.0,48.0,31.0,20.0,365,360,100.0,98.63013698630137,1991_2007
40729,Zanjan,2005,47.0,39.0,25.0,28.0,365,365,100.0,100.0,1991_2007
40729,Zanjan,2006,44.0,55.0,16.0,28.0,360,358,98.63013698630137,98.08219178082192,1991_2007
40729,Zanjan,2007,22.0,28.0,29.0,22.0,365,365,100.0,100.0,1991_2007
40729,Zanjan,2008,43.0,50.0,26.0,32.0,363,364,99.45205479452055,99.72602739726028,1991_2007
40729,Zanjan,2009,39.0,36.0,31.0,23.0,365,362,100.0,99.17808219178083,1991_2007
40729,Zanjan,2010,107.0,70.0,11.0,17.0,365,365,100.0,100.0,1991_2007
40729,Zanjan,2011,36.0,49.0,38.0,35.0,362,362,99.17808219178083,99.17808219178083,1991_2007
40729,Zanjan,2012,27.0,43.0,22.0,11.0,364,364,99.72602739726028,99.72602739726028,1991_2007
40729,Zanjan,2013,69.0,50.0,23.0,28.0,365,365,100.0,100.0,1991_2007
40729,Zanjan,2014,91.0,90.0,17.0,10.0,358,361,98.08219178082192,98.9041095890411,1991_2007
40729,Zanjan,2015,147.0,109.0,13.0,7.0,364,363,99.72602739726028,99.45205479452055,1991_2007
40729,Zanjan,2016,130.0,103.0,11.0,11.0,361,359,98.9041095890411,98.35616438356163,1991_2007
40729,Zanjan,2017,154.0,100.0,5.0,11.0,358,363,98.08219178082192,99.45205479452055,1991_2007
40729,Zanjan,2018,112.0,84.0,14.0,10.0,361,363,98.9041095890411,99.45205479452055,1991_2007
40729,Zanjan,2019,83.0,44.0,21.0,16.0,358,364,98.08219178082192,99.72602739726028,1991_2007
40729,Zanjan,2020,78.0,45.0,28.0,17.0,361,365,98.9041095890411,100.0,1991_2007
40729,Zanjan,2021,162.0,79.0,4.0,19.0,365,365,100.0,100.0,1991_2007
40729,Zanjan,2022,123.0,71.0,9.0,14.0,365,365,100.0,100.0,1991_2007
40729,Zanjan,2023,95.0,62.0,7.0,9.0,365,365,100.0,100.0,1991_2007
40729,Zanjan,2024,97.0,72.0,17.0,11.0,365,365,100.0,100.0,1991_2007
40730,Khorramdareh,1991,8.0,18.0,50.0,48.0,365,350,100.0,95.8904109589041,1991_2007
40730,Khorramdareh,1992,10.0,8.0,85.0,99.0,364,341,99.72602739726028,93.42465753424658,1991_2007
40730,Khorramdareh,1993,8.0,22.0,58.0,55.0,364,350,99.72602739726028,95.8904109589041,1991_2007
40730,Khorramdareh,1994,16.0,17.0,32.0,48.0,363,352,99.45205479452055,96.43835616438356,1991_2007
40730,Khorramdareh,1995,35.0,15.0,27.0,28.0,363,361,99.45205479452055,98.9041095890411,1991_2007
40730,Khorramdareh,1996,24.0,31.0,44.0,39.0,364,349,99.72602739726028,95.61643835616438,1991_2007
40730,Khorramdareh,1997,30.0,24.0,28.0,30.0,365,358,100.0,98.08219178082192,1991_2007
40730,Khorramdareh,1998,60.0,48.0,34.0,22.0,365,351,100.0,96.16438356164385,1991_2007
40730,Khorramdareh,1999,47.0,44.0,24.0,21.0,365,358,100.0,98.08219178082192,1991_2007
40730,Khorramdareh,2000,32.0,32.0,22.0,19.0,365,354,100.0,96.98630136986301,1991_2007
40730,Khorramdareh,2001,60.0,39.0,27.0,18.0,364,352,99.72602739726028,96.43835616438356,1991_2007
40730,Khorramdareh,2002,50.0,50.0,28.0,23.0,360,352,98.63013698630137,96.43835616438356,1991_2007
40730,Khorramdareh,2003,38.0,48.0,28.0,30.0,355,346,97.26027397260275,94.79452054794521,1991_2007
40730,Khorramdareh,2004,38.0,46.0,32.0,24.0,359,346,98.35616438356163,94.79452054794521,1991_2007
40730,Khorramdareh,2005,46.0,42.0,31.0,23.0,362,365,99.17808219178083,100.0,1991_2007
40730,Khorramdareh,2006,39.0,46.0,21.0,12.0,365,363,100.0,99.45205479452055,1991_2007
40730,Khorramdareh,2007,25.0,24.0,34.0,20.0,365,365,100.0,100.0,1991_2007
40730,Khorramdareh,2008,49.0,60.0,43.0,32.0,365,365,100.0,100.0,1991_2007
40730,Khorramdareh,2009,31.0,41.0,30.0,25.0,363,365,99.45205479452055,100.0,1991_2007
40730,Khorramdareh,2010,106.0,79.0,15.0,10.0,365,364,100.0,99.72602739726028,1991_2007
40730,Khorramdareh,2011,37.0,41.0,36.0,37.0,365,365,100.0,100.0,1991_2007
40730,Khorramdareh,2012,29.0,37.0,23.0,17.0,365,365,100.0,100.0,1991_2007
40730,Khorramdareh,2013,61.0,59.0,41.0,26.0,365,365,100.0,100.0,1991_2007
40730,Khorramdareh,2014,65.0,69.0,23.0,25.0,356,354,97.53424657534246,96.98630136986301,1991_2007
40730,Khorramdareh,2015,84.0,101.0,31.0,10.0,364,361,99.72602739726028,98.9041095890411,1991_2007
40730,Khorramdareh,2016,78.0,76.0,27.0,22.0,362,360,99.17808219178083,98.63013698630137,1991_2007
40730,Khorramdareh,2017,71.0,71.0,17.0,14.0,364,361,99.72602739726028,98.9041095890411,1991_2007
40730,Khorramdareh,2018,87.0,112.0,26.0,10.0,361,363,98.9041095890411,99.45205479452055,1991_2007
40730,Khorramdareh,2019,59.0,59.0,35.0,12.0,362,364,99.17808219178083,99.72602739726028,1991_2007
40730,Khorramdareh,2020,57.0,50.0,33.0,18.0,363,364,99.45205479452055,99.72602739726028,1991_2007
40730,Khorramdareh,2021,133.0,121.0,14.0,12.0,365,365,100.0,100.0,1991_2007
40730,Khorramdareh,2022,84.0,78.0,11.0,12.0,364,365,99.72602739726028,100.0,1991_2007
40730,Khorramdareh,2023,77.0,93.0,11.0,5.0,364,365,99.72602739726028,100.0,1991_2007
40730,Khorramdareh,2024,63.0,73.0,19.0,15.0,362,365,99.17808219178083,100.0,1991_2007
40731,Qazvin,1991,7.0,28.0,40.0,47.0,365,365,100.0,100.0,1991_2007
40731,Qazvin,1992,9.0,16.0,91.0,89.0,365,364,100.0,99.72602739726028,1991_2007
40731,Qazvin,1993,10.0,13.0,64.0,51.0,365,365,100.0,100.0,1991_2007
40731,Qazvin,1994,11.0,23.0,30.0,42.0,365,365,100.0,100.0,1991_2007
40731,Qazvin,1995,36.0,28.0,24.0,34.0,365,365,100.0,100.0,1991_2007
40731,Qazvin,1996,21.0,25.0,46.0,36.0,365,365,100.0,100.0,1991_2007
40731,Qazvin,1997,31.0,37.0,24.0,29.0,365,365,100.0,100.0,1991_2007
40731,Qazvin,1998,50.0,46.0,38.0,25.0,365,365,100.0,100.0,1991_2007
40731,Qazvin,1999,41.0,49.0,23.0,26.0,362,358,99.17808219178083,98.08219178082192,1991_2007
40731,Qazvin,2000,41.0,39.0,20.0,23.0,357,355,97.80821917808218,97.26027397260275,1991_2007
40731,Qazvin,2001,55.0,38.0,25.0,18.0,361,358,98.9041095890411,98.08219178082192,1991_2007
40731,Qazvin,2002,51.0,36.0,28.0,23.0,359,356,98.35616438356163,97.53424657534246,1991_2007
40731,Qazvin,2003,32.0,35.0,29.0,28.0,361,355,98.9041095890411,97.26027397260275,1991_2007
40731,Qazvin,2004,35.0,34.0,29.0,28.0,360,354,98.63013698630137,96.98630136986301,1991_2007
40731,Qazvin,2005,52.0,43.0,27.0,23.0,363,360,99.45205479452055,98.63013698630137,1991_2007
40731,Qazvin,2006,39.0,48.0,23.0,19.0,365,365,100.0,100.0,1991_2007
40731,Qazvin,2007,34.0,30.0,28.0,21.0,365,365,100.0,100.0,1991_2007
40731,Qazvin,2008,57.0,59.0,37.0,41.0,365,365,100.0,100.0,1991_2007
40731,Qazvin,2009,40.0,38.0,30.0,26.0,365,365,100.0,100.0,1991_2007
40731,Qazvin,2010,91.0,70.0,15.0,12.0,365,365,100.0,100.0,1991_2007
40731,Qazvin,2011,26.0,29.0,38.0,43.0,363,365,99.45205479452055,100.0,1991_2007
40731,Qazvin,2012,25.0,33.0,26.0,18.0,365,365,100.0,100.0,1991_2007
40731,Qazvin,2013,53.0,54.0,23.0,27.0,365,365,100.0,100.0,1991_2007
40731,Qazvin,2014,75.0,64.0,21.0,19.0,364,364,99.72602739726028,99.72602739726028,1991_2007
40731,Qazvin,2015,86.0,72.0,22.0,19.0,364,365,99.72602739726028,100.0,1991_2007
40731,Qazvin,2016,72.0,60.0,19.0,35.0,365,365,100.0,100.0,1991_2007
40731,Qazvin,2017,52.0,48.0,16.0,17.0,365,365,100.0,100.0,1991_2007
40731,Qazvin,2018,76.0,85.0,19.0,16.0,364,364,99.72602739726028,99.72602739726028,1991_2007
40731,Qazvin,2019,64.0,48.0,27.0,22.0,364,365,99.72602739726028,100.0,1991_2007
40731,Qazvin,2020,46.0,41.0,31.0,28.0,365,365,100.0,100.0,1991_2007
40731,Qazvin,2021,119.0,70.0,10.0,17.0,365,365,100.0,100.0,1991_2007
40731,Qazvin,2022,82.0,65.0,9.0,16.0,365,365,100.0,100.0,1991_2007
40731,Qazvin,2023,85.0,66.0,7.0,9.0,365,365,100.0,100.0,1991_2007
40731,Qazvin,2024,66.0,67.0,20.0,12.0,365,365,100.0,100.0,1991_2007
40732,Ramsar,1991,17.0,8.0,21.0,47.0,364,360,99.72602739726028,98.63013698630137,1991_2007
40732,Ramsar,1992,14.0,4.0,60.0,123.0,361,364,98.9041095890411,99.72602739726028,1991_2007
40732,Ramsar,1993,12.0,5.0,91.0,48.0,348,359,95.34246575342465,98.35616438356163,1991_2007
40732,Ramsar,1994,15.0,17.0,59.0,41.0,354,356,96.98630136986301,97.53424657534246,1991_2007
40732,Ramsar,1995,29.0,19.0,20.0,24.0,353,359,96.7123287671233,98.35616438356163,1991_2007
40732,Ramsar,1996,18.0,33.0,45.0,29.0,361,357,98.9041095890411,97.80821917808218,1991_2007
40732,Ramsar,1997,30.0,29.0,24.0,30.0,358,362,98.08219178082192,99.17808219178083,1991_2007
40732,Ramsar,1998,49.0,53.0,15.0,24.0,345,358,94.52054794520548,98.08219178082192,1991_2007
40732,Ramsar,1999,32.0,46.0,20.0,31.0,357,358,97.80821917808218,98.08219178082192,1991_2007
40732,Ramsar,2000,36.0,30.0,20.0,20.0,350,361,95.8904109589041,98.9041095890411,1991_2007
40732,Ramsar,2001,46.0,45.0,23.0,23.0,365,365,100.0,100.0,1991_2007
40732,Ramsar,2002,55.0,62.0,29.0,13.0,365,365,100.0,100.0,1991_2007
40732,Ramsar,2003,24.0,28.0,45.0,40.0,365,365,100.0,100.0,1991_2007
40732,Ramsar,2004,39.0,40.0,28.0,25.0,365,365,100.0,100.0,1991_2007
40732,Ramsar,2005,49.0,51.0,26.0,18.0,365,365,100.0,100.0,1991_2007
40732,Ramsar,2006,48.0,52.0,26.0,15.0,365,365,100.0,100.0,1991_2007
40732,Ramsar,2007,49.0,30.0,25.0,14.0,365,365,100.0,100.0,1991_2007
40732,Ramsar,2008,45.0,43.0,41.0,35.0,365,365,100.0,100.0,1991_2007
40732,Ramsar,2009,35.0,46.0,41.0,24.0,364,365,99.72602739726028,100.0,1991_2007
40732,Ramsar,2010,125.0,118.0,13.0,9.0,365,365,100.0,100.0,1991_2007
40732,Ramsar,2011,55.0,59.0,42.0,38.0,365,365,100.0,100.0,1991_2007
40732,Ramsar,2012,110.0,75.0,30.0,14.0,365,365,100.0,100.0,1991_2007
40732,Ramsar,2013,66.0,65.0,27.0,20.0,365,365,100.0,100.0,1991_2007
40732,Ramsar,2014,77.0,67.0,21.0,20.0,355,362,97.26027397260275,99.17808219178083,1991_2007
40732,Ramsar,2015,94.0,88.0,19.0,15.0,364,364,99.72602739726028,99.72602739726028,1991_2007
40732,Ramsar,2016,68.0,80.0,43.0,24.0,365,365,100.0,100.0,1991_2007
40732,Ramsar,2017,81.0,91.0,17.0,15.0,365,365,100.0,100.0,1991_2007
40732,Ramsar,2018,91.0,113.0,17.0,10.0,365,365,100.0,100.0,1991_2007
40732,Ramsar,2019,90.0,76.0,22.0,17.0,364,365,99.72602739726028,100.0,1991_2007
40732,Ramsar,2020,66.0,80.0,33.0,14.0,365,365,100.0,100.0,1991_2007
40732,Ramsar,2021,107.0,109.0,18.0,10.0,365,365,100.0,100.0,1991_2007
40732,Ramsar,2022,94.0,98.0,12.0,7.0,364,365,99.72602739726028,100.0,1991_2007
40732,Ramsar,2023,102.0,100.0,14.0,4.0,365,365,100.0,100.0,1991_2007
40732,Ramsar,2024,93.0,106.0,19.0,9.0,365,365,100.0,100.0,1991_2007
40734,Nowshahr,1991,27.0,12.0,22.0,29.0,364,361,99.72602739726028,98.9041095890411,1991_2007
40734,Nowshahr,1992,16.0,10.0,68.0,91.0,360,362,98.63013698630137,99.17808219178083,1991_2007
40734,Nowshahr,1993,14.0,5.0,87.0,45.0,353,359,96.7123287671233,98.35616438356163,1991_2007
40734,Nowshahr,1994,18.0,21.0,50.0,56.0,358,360,98.08219178082192,98.63013698630137,1991_2007
40734,Nowshahr,1995,38.0,24.0,14.0,28.0,358,358,98.08219178082192,98.08219178082192,1991_2007
40734,Nowshahr,1996,23.0,32.0,40.0,26.0,349,358,95.61643835616438,98.08219178082192,1991_2007
40734,Nowshahr,1997,27.0,42.0,27.0,28.0,350,363,95.8904109589041,99.45205479452055,1991_2007
40734,Nowshahr,1998,52.0,66.0,19.0,19.0,356,358,97.53424657534246,98.08219178082192,1991_2007
40734,Nowshahr,1999,37.0,40.0,18.0,23.0,356,360,97.53424657534246,98.63013698630137,1991_2007
40734,Nowshahr,2000,24.0,29.0,27.0,27.0,347,359,95.06849315068493,98.35616438356163,1991_2007
40734,Nowshahr,2001,43.0,39.0,23.0,25.0,365,365,100.0,100.0,1991_2007
40734,Nowshahr,2002,51.0,63.0,29.0,17.0,365,365,100.0,100.0,1991_2007
40734,Nowshahr,2003,26.0,24.0,49.0,48.0,365,365,100.0,100.0,1991_2007
40734,Nowshahr,2004,34.0,34.0,31.0,33.0,365,365,100.0,100.0,1991_2007
40734,Nowshahr,2005,36.0,42.0,28.0,21.0,365,365,100.0,100.0,1991_2007
40734,Nowshahr,2006,60.0,35.0,21.0,22.0,365,365,100.0,100.0,1991_2007
40734,Nowshahr,2007,43.0,33.0,23.0,21.0,365,365,100.0,100.0,1991_2007
40734,Nowshahr,2008,46.0,39.0,39.0,33.0,365,365,100.0,100.0,1991_2007
40734,Nowshahr,2009,33.0,50.0,38.0,22.0,365,365,100.0,100.0,1991_2007
40734,Nowshahr,2010,117.0,104.0,14.0,10.0,365,365,100.0,100.0,1991_2007
40734,Nowshahr,2011,41.0,49.0,45.0,35.0,365,365,100.0,100.0,1991_2007
40734,Nowshahr,2012,97.0,55.0,33.0,19.0,365,365,100.0,100.0,1991_2007
40734,Nowshahr,2013,60.0,92.0,25.0,14.0,365,365,100.0,100.0,1991_2007
40734,Nowshahr,2014,63.0,61.0,19.0,25.0,361,364,98.9041095890411,99.72602739726028,1991_2007
40734,Nowshahr,2015,75.0,69.0,16.0,18.0,347,357,95.06849315068493,97.80821917808218,1991_2007
40734,Nowshahr,2016,60.0,82.0,45.0,14.0,365,365,100.0,100.0,1991_2007
40734,Nowshahr,2017,87.0,91.0,18.0,8.0,365,365,100.0,100.0,1991_2007
40734,Nowshahr,2018,82.0,121.0,15.0,6.0,365,365,100.0,100.0,1991_2007
40734,Nowshahr,2019,77.0,93.0,20.0,11.0,365,365,100.0,100.0,1991_2007
40734,Nowshahr,2020,60.0,83.0,33.0,13.0,365,365,100.0,100.0,1991_2007
40734,Nowshahr,2021,97.0,111.0,26.0,10.0,364,365,99.72602739726028,100.0,1991_2007
40734,Nowshahr,2022,95.0,108.0,14.0,7.0,365,365,100.0,100.0,1991_2007
40734,Nowshahr,2023,115.0,101.0,11.0,5.0,363,365,99.45205479452055,100.0,1991_2007
40734,Nowshahr,2024,91.0,106.0,14.0,8.0,364,365,99.72602739726028,100.0,1991_2007
40736,Babolsar,1991,24.0,9.0,29.0,41.0,365,351,100.0,96.16438356164385,1991_2007
40736,Babolsar,1992,10.0,9.0,79.0,93.0,359,354,98.35616438356163,96.98630136986301,1991_2007
40736,Babolsar,1993,14.0,7.0,68.0,48.0,355,353,97.26027397260275,96.7123287671233,1991_2007
40736,Babolsar,1994,17.0,20.0,66.0,56.0,358,357,98.08219178082192,97.80821917808218,1991_2007
40736,Babolsar,1995,42.0,27.0,16.0,23.0,356,354,97.53424657534246,96.98630136986301,1991_2007
40736,Babolsar,1996,29.0,26.0,46.0,30.0,363,352,99.45205479452055,96.43835616438356,1991_2007
40736,Babolsar,1997,25.0,33.0,26.0,28.0,361,358,98.9041095890411,98.08219178082192,1991_2007
40736,Babolsar,1998,55.0,47.0,23.0,24.0,346,358,94.79452054794521,98.08219178082192,1991_2007
40736,Babolsar,1999,38.0,33.0,28.0,32.0,358,349,98.08219178082192,95.61643835616438,1991_2007
40736,Babolsar,2000,21.0,29.0,30.0,23.0,349,354,95.61643835616438,96.98630136986301,1991_2007
40736,Babolsar,2001,43.0,33.0,19.0,27.0,365,365,100.0,100.0,1991_2007
40736,Babolsar,2002,52.0,65.0,22.0,16.0,365,365,100.0,100.0,1991_2007
40736,Babolsar,2003,31.0,35.0,46.0,41.0,365,365,100.0,100.0,1991_2007
40736,Babolsar,2004,35.0,41.0,26.0,25.0,365,365,100.0,100.0,1991_2007
40736,Babolsar,2005,38.0,47.0,22.0,20.0,365,365,100.0,100.0,1991_2007
40736,Babolsar,2006,48.0,41.0,22.0,20.0,365,365,100.0,100.0,1991_2007
40736,Babolsar,2007,32.0,33.0,15.0,19.0,344,355,94.24657534246576,97.26027397260275,1991_2007
40736,Babolsar,2008,44.0,46.0,35.0,43.0,365,365,100.0,100.0,1991_2007
40736,Babolsar,2009,30.0,54.0,33.0,22.0,365,365,100.0,100.0,1991_2007
40736,Babolsar,2010,127.0,98.0,12.0,10.0,365,365,100.0,100.0,1991_2007
40736,Babolsar,2011,31.0,49.0,41.0,25.0,365,365,100.0,100.0,1991_2007
40736,Babolsar,2012,66.0,77.0,34.0,18.0,365,365,100.0,100.0,1991_2007
40736,Babolsar,2013,44.0,77.0,33.0,14.0,365,365,100.0,100.0,1991_2007
40736,Babolsar,2014,26.0,80.0,25.0,23.0,362,365,99.17808219178083,100.0,1991_2007
40736,Babolsar,2015,23.0,67.0,24.0,16.0,361,364,98.9041095890411,99.72602739726028,1991_2007
40736,Babolsar,2016,36.0,55.0,30.0,21.0,361,357,98.9041095890411,97.80821917808218,1991_2007
40736,Babolsar,2017,65.0,60.0,17.0,10.0,361,362,98.9041095890411,99.17808219178083,1991_2007
40736,Babolsar,2018,71.0,109.0,20.0,11.0,365,365,100.0,100.0,1991_2007
40736,Babolsar,2019,65.0,78.0,20.0,23.0,360,363,98.63013698630137,99.45205479452055,1991_2007
40736,Babolsar,2020,43.0,52.0,38.0,17.0,364,365,99.72602739726028,100.0,1991_2007
40736,Babolsar,2021,89.0,91.0,23.0,21.0,365,365,100.0,100.0,1991_2007
40736,Babolsar,2022,64.0,71.0,17.0,15.0,365,365,100.0,100.0,1991_2007
40736,Babolsar,2023,104.0,89.0,9.0,14.0,365,365,100.0,100.0,1991_2007
40736,Babolsar,2024,78.0,86.0,18.0,14.0,365,365,100.0,100.0,1991_2007
40737,Gharakhil,1991,25.0,15.0,29.0,32.0,365,357,100.0,97.80821917808218,1991_2007
40737,Gharakhil,1992,16.0,12.0,70.0,85.0,361,360,98.9041095890411,98.63013698630137,1991_2007
40737,Gharakhil,1993,16.0,11.0,72.0,48.0,355,354,97.26027397260275,96.98630136986301,1991_2007
40737,Gharakhil,1994,19.0,24.0,62.0,50.0,360,356,98.63013698630137,97.53424657534246,1991_2007
40737,Gharakhil,1995,44.0,29.0,16.0,29.0,359,358,98.35616438356163,98.08219178082192,1991_2007
40737,Gharakhil,1996,26.0,31.0,41.0,26.0,362,357,99.17808219178083,97.80821917808218,1991_2007
40737,Gharakhil,1997,30.0,35.0,29.0,28.0,360,361,98.63013698630137,98.9041095890411,1991_2007
40737,Gharakhil,1998,50.0,53.0,21.0,25.0,360,355,98.63013698630137,97.26027397260275,1991_2007
40737,Gharakhil,1999,36.0,29.0,23.0,33.0,358,358,98.08219178082192,98.08219178082192,1991_2007
40737,Gharakhil,2000,33.0,35.0,25.0,26.0,352,362,96.43835616438356,99.17808219178083,1991_2007
40737,Gharakhil,2001,49.0,37.0,19.0,24.0,365,365,100.0,100.0,1991_2007
40737,Gharakhil,2002,41.0,54.0,24.0,19.0,365,365,100.0,100.0,1991_2007
40737,Gharakhil,2003,33.0,25.0,42.0,44.0,365,365,100.0,100.0,1991_2007
40737,Gharakhil,2004,42.0,36.0,32.0,30.0,365,365,100.0,100.0,1991_2007
40737,Gharakhil,2005,41.0,49.0,27.0,23.0,365,365,100.0,100.0,1991_2007
40737,Gharakhil,2006,50.0,38.0,23.0,22.0,365,365,100.0,100.0,1991_2007
40737,Gharakhil,2007,35.0,34.0,21.0,28.0,365,365,100.0,100.0,1991_2007
40737,Gharakhil,2008,50.0,38.0,35.0,53.0,365,365,100.0,100.0,1991_2007
40737,Gharakhil,2009,35.0,41.0,37.0,44.0,365,365,100.0,100.0,1991_2007
40737,Gharakhil,2010,93.0,81.0,19.0,14.0,365,365,100.0,100.0,1991_2007
40737,Gharakhil,2011,29.0,46.0,44.0,37.0,365,365,100.0,100.0,1991_2007
40737,Gharakhil,2012,52.0,57.0,38.0,24.0,365,365,100.0,100.0,1991_2007
40737,Gharakhil,2013,52.0,64.0,31.0,27.0,365,365,100.0,100.0,1991_2007
40737,Gharakhil,2014,57.0,68.0,21.0,34.0,361,363,98.9041095890411,99.45205479452055,1991_2007
40737,Gharakhil,2015,58.0,59.0,18.0,35.0,363,363,99.45205479452055,99.45205479452055,1991_2007
40737,Gharakhil,2016,53.0,69.0,38.0,32.0,365,365,100.0,100.0,1991_2007
40737,Gharakhil,2017,84.0,47.0,18.0,32.0,365,365,100.0,100.0,1991_2007
40737,Gharakhil,2018,81.0,91.0,17.0,15.0,365,365,100.0,100.0,1991_2007
40737,Gharakhil,2019,70.0,69.0,30.0,27.0,365,365,100.0,100.0,1991_2007
40737,Gharakhil,2020,65.0,52.0,44.0,37.0,365,365,100.0,100.0,1991_2007
40737,Gharakhil,2021,82.0,73.0,27.0,39.0,365,365,100.0,100.0,1991_2007
40737,Gharakhil,2022,67.0,60.0,19.0,36.0,365,365,100.0,100.0,1991_2007
40737,Gharakhil,2023,124.0,41.0,11.0,38.0,365,365,100.0,100.0,1991_2007
40737,Gharakhil,2024,95.0,46.0,14.0,36.0,365,365,100.0,100.0,1991_2007
40738,Gorgan,1991,26.0,13.0,37.0,37.0,365,362,100.0,99.17808219178083,1991_2007
40738,Gorgan,1992,19.0,10.0,58.0,75.0,361,361,98.9041095890411,98.9041095890411,1991_2007
40738,Gorgan,1993,18.0,7.0,63.0,54.0,359,355,98.35616438356163,97.26027397260275,1991_2007
40738,Gorgan,1994,17.0,18.0,67.0,47.0,360,357,98.63013698630137,97.80821917808218,1991_2007
40738,Gorgan,1995,39.0,25.0,27.0,30.0,361,358,98.9041095890411,98.08219178082192,1991_2007
40738,Gorgan,1996,26.0,34.0,43.0,24.0,364,361,99.72602739726028,98.9041095890411,1991_2007
40738,Gorgan,1997,32.0,31.0,25.0,24.0,354,361,96.98630136986301,98.9041095890411,1991_2007
40738,Gorgan,1998,41.0,51.0,32.0,18.0,350,359,95.8904109589041,98.35616438356163,1991_2007
40738,Gorgan,1999,31.0,40.0,24.0,31.0,360,358,98.63013698630137,98.08219178082192,1991_2007
40738,Gorgan,2000,32.0,51.0,27.0,19.0,360,361,98.63013698630137,98.9041095890411,1991_2007
40738,Gorgan,2001,53.0,38.0,19.0,23.0,363,361,99.45205479452055,98.9041095890411,1991_2007
40738,Gorgan,2002,49.0,45.0,27.0,24.0,357,359,97.80821917808218,98.35616438356163,1991_2007
40738,Gorgan,2003,36.0,37.0,43.0,45.0,349,360,95.61643835616438,98.63013698630137,1991_2007
40738,Gorgan,2004,39.0,33.0,28.0,25.0,353,362,96.7123287671233,99.17808219178083,1991_2007
40738,Gorgan,2005,39.0,50.0,28.0,15.0,365,365,100.0,100.0,1991_2007
40738,Gorgan,2006,47.0,52.0,29.0,13.0,365,365,100.0,100.0,1991_2007
40738,Gorgan,2007,50.0,12.0,18.0,61.0,356,358,97.53424657534246,98.08219178082192,1991_2007
40738,Gorgan,2008,51.0,29.0,33.0,63.0,365,365,100.0,100.0,1991_2007
40738,Gorgan,2009,48.0,25.0,28.0,52.0,364,365,99.72602739726028,100.0,1991_2007
40738,Gorgan,2010,99.0,63.0,17.0,34.0,364,365,99.72602739726028,100.0,1991_2007
40738,Gorgan,2011,40.0,30.0,38.0,55.0,365,365,100.0,100.0,1991_2007
40738,Gorgan,2012,55.0,30.0,28.0,33.0,365,365,100.0,100.0,1991_2007
40738,Gorgan,2013,57.0,39.0,20.0,55.0,364,365,99.72602739726028,100.0,1991_2007
40738,Gorgan,2014,67.0,39.0,24.0,52.0,355,357,97.26027397260275,97.80821917808218,1991_2007
40738,Gorgan,2015,86.0,35.0,20.0,67.0,348,351,95.34246575342465,96.16438356164385,1991_2007
40738,Gorgan,2016,64.0,42.0,32.0,67.0,362,365,99.17808219178083,100.0,1991_2007
40738,Gorgan,2017,90.0,41.0,25.0,56.0,364,365,99.72602739726028,100.0,1991_2007
40738,Gorgan,2018,78.0,58.0,16.0,35.0,364,365,99.72602739726028,100.0,1991_2007
40738,Gorgan,2019,62.0,52.0,21.0,53.0,360,364,98.63013698630137,99.72602739726028,1991_2007
40738,Gorgan,2020,61.0,31.0,37.0,76.0,364,365,99.72602739726028,100.0,1991_2007
40738,Gorgan,2021,104.0,56.0,18.0,51.0,364,365,99.72602739726028,100.0,1991_2007
40738,Gorgan,2022,81.0,45.0,16.0,55.0,365,365,100.0,100.0,1991_2007
40738,Gorgan,2023,93.0,56.0,17.0,52.0,365,365,100.0,100.0,1991_2007
40738,Gorgan,2024,78.0,35.0,24.0,54.0,364,365,99.72602739726028,100.0,1991_2007
40739,Shahrud,1991,9.0,12.0,40.0,38.0,365,360,100.0,98.63013698630137,1991_2007
40739,Shahrud,1992,8.0,6.0,96.0,83.0,364,360,99.72602739726028,98.63013698630137,1991_2007
40739,Shahrud,1993,13.0,14.0,66.0,54.0,364,358,99.72602739726028,98.08219178082192,1991_2007
40739,Shahrud,1994,17.0,30.0,45.0,48.0,364,363,99.72602739726028,99.45205479452055,1991_2007
40739,Shahrud,1995,39.0,35.0,26.0,38.0,363,363,99.45205479452055,99.45205479452055,1991_2007
40739,Shahrud,1996,27.0,22.0,46.0,36.0,365,361,100.0,98.9041095890411,1991_2007
40739,Shahrud,1997,32.0,30.0,18.0,30.0,362,361,99.17808219178083,98.9041095890411,1991_2007
40739,Shahrud,1998,40.0,44.0,32.0,22.0,362,360,99.17808219178083,98.63013698630137,1991_2007
40739,Shahrud,1999,41.0,30.0,29.0,31.0,364,362,99.72602739726028,99.17808219178083,1991_2007
40739,Shahrud,2000,46.0,44.0,19.0,27.0,359,365,98.35616438356163,100.0,1991_2007
40739,Shahrud,2001,46.0,48.0,21.0,22.0,362,361,99.17808219178083,98.9041095890411,1991_2007
40739,Shahrud,2002,62.0,54.0,27.0,28.0,360,363,98.63013698630137,99.45205479452055,1991_2007
40739,Shahrud,2003,32.0,33.0,34.0,35.0,361,362,98.9041095890411,99.17808219178083,1991_2007
40739,Shahrud,2004,29.0,43.0,17.0,15.0,358,358,98.08219178082192,98.08219178082192,1991_2007
40739,Shahrud,2005,40.0,47.0,30.0,24.0,363,363,99.45205479452055,99.45205479452055,1991_2007
40739,Shahrud,2006,54.0,59.0,17.0,19.0,364,363,99.72602739726028,99.45205479452055,1991_2007
40739,Shahrud,2007,18.0,21.0,19.0,24.0,358,363,98.08219178082192,99.45205479452055,1991_2007
40739,Shahrud,2008,55.0,55.0,35.0,49.0,365,362,100.0,99.17808219178083,1991_2007
40739,Shahrud,2009,28.0,35.0,22.0,30.0,357,357,97.80821917808218,97.80821917808218,1991_2007
40739,Shahrud,2010,70.0,66.0,21.0,18.0,361,365,98.9041095890411,100.0,1991_2007
40739,Shahrud,2011,37.0,38.0,43.0,44.0,358,361,98.08219178082192,98.9041095890411,1991_2007
40739,Shahrud,2012,16.0,17.0,30.0,45.0,358,362,98.08219178082192,99.17808219178083,1991_2007
40739,Shahrud,2013,51.0,44.0,18.0,47.0,365,365,100.0,100.0,1991_2007
40739,Shahrud,2014,44.0,37.0,30.0,40.0,363,363,99.45205479452055,99.45205479452055,1991_2007
40739,Shahrud,2015,51.0,54.0,30.0,33.0,365,365,100.0,100.0,1991_2007
40739,Shahrud,2016,56.0,42.0,32.0,40.0,365,365,100.0,100.0,1991_2007
40739,Shahrud,2017,41.0,33.0,18.0,30.0,365,365,100.0,100.0,1991_2007
40739,Shahrud,2018,62.0,65.0,25.0,28.0,362,365,99.17808219178083,100.0,1991_2007
40739,Shahrud,2019,39.0,36.0,38.0,21.0,365,365,100.0,100.0,1991_2007
40739,Shahrud,2020,34.0,32.0,41.0,41.0,365,365,100.0,100.0,1991_2007
40739,Shahrud,2021,78.0,49.0,21.0,34.0,365,365,100.0,100.0,1991_2007
40739,Shahrud,2022,51.0,47.0,16.0,27.0,365,365,100.0,100.0,1991_2007
40739,Shahrud,2023,60.0,56.0,13.0,17.0,365,365,100.0,100.0,1991_2007
40739,Shahrud,2024,51.0,44.0,26.0,34.0,365,365,100.0,100.0,1991_2007
40740,Quchan,1991,12.0,23.0,33.0,32.0,365,351,100.0,96.16438356164385,1991_2007
40740,Quchan,1992,17.0,15.0,68.0,56.0,361,354,98.9041095890411,96.98630136986301,1991_2007
40740,Quchan,1993,13.0,19.0,61.0,41.0,361,355,98.9041095890411,97.26027397260275,1991_2007
40740,Quchan,1994,20.0,21.0,40.0,37.0,362,358,99.17808219178083,98.08219178082192,1991_2007
40740,Quchan,1995,51.0,26.0,27.0,29.0,364,360,99.72602739726028,98.63013698630137,1991_2007
40740,Quchan,1996,33.0,26.0,46.0,38.0,363,354,99.45205479452055,96.98630136986301,1991_2007
40740,Quchan,1997,32.0,29.0,29.0,20.0,357,358,97.80821917808218,98.08219178082192,1991_2007
40740,Quchan,1998,47.0,42.0,32.0,25.0,356,356,97.53424657534246,97.53424657534246,1991_2007
40740,Quchan,1999,35.0,24.0,23.0,22.0,348,360,95.34246575342465,98.63013698630137,1991_2007
40740,Quchan,2000,40.0,33.0,24.0,21.0,353,359,96.7123287671233,98.35616438356163,1991_2007
40740,Quchan,2001,51.0,47.0,23.0,17.0,365,365,100.0,100.0,1991_2007
40740,Quchan,2002,56.0,58.0,37.0,26.0,365,365,100.0,100.0,1991_2007
40740,Quchan,2003,34.0,38.0,41.0,35.0,365,365,100.0,100.0,1991_2007
40740,Quchan,2004,38.0,40.0,25.0,19.0,365,365,100.0,100.0,1991_2007
40740,Quchan,2005,38.0,41.0,29.0,15.0,365,365,100.0,100.0,1991_2007
40740,Quchan,2006,49.0,72.0,19.0,23.0,365,365,100.0,100.0,1991_2007
40740,Quchan,2007,22.0,17.0,27.0,112.0,365,365,100.0,100.0,1991_2007
40740,Quchan,2008,51.0,24.0,44.0,91.0,365,365,100.0,100.0,1991_2007
40740,Quchan,2009,21.0,28.0,33.0,88.0,365,365,100.0,100.0,1991_2007
40740,Quchan,2010,67.0,27.0,26.0,101.0,365,365,100.0,100.0,1991_2007
40740,Quchan,2011,37.0,17.0,55.0,75.0,365,365,100.0,100.0,1991_2007
40740,Quchan,2012,19.0,11.0,21.0,98.0,330,334,90.41095890410958,91.5068493150685,1991_2007
40740,Quchan,2013,57.0,21.0,24.0,98.0,365,365,100.0,100.0,1991_2007
40740,Quchan,2014,46.0,20.0,37.0,87.0,364,365,99.72602739726028,100.0,1991_2007
40740,Quchan,2015,59.0,28.0,28.0,82.0,365,365,100.0,100.0,1991_2007
40740,Quchan,2016,70.0,36.0,40.0,85.0,365,365,100.0,100.0,1991_2007
40740,Quchan,2017,50.0,17.0,21.0,87.0,365,365,100.0,100.0,1991_2007
40740,Quchan,2018,58.0,48.0,31.0,67.0,365,365,100.0,100.0,1991_2007
40740,Quchan,2019,48.0,25.0,35.0,77.0,365,365,100.0,100.0,1991_2007
40740,Quchan,2020,42.0,23.0,47.0,93.0,365,365,100.0,100.0,1991_2007
40740,Quchan,2021,81.0,33.0,21.0,91.0,365,364,100.0,99.72602739726028,1991_2007
40740,Quchan,2022,51.0,43.0,31.0,67.0,365,364,100.0,99.72602739726028,1991_2007
40740,Quchan,2023,88.0,31.0,18.0,51.0,365,365,100.0,100.0,1991_2007
40740,Quchan,2024,44.0,34.0,35.0,58.0,365,365,100.0,100.0,1991_2007
40741,Sarakhs,1991,17.0,20.0,39.0,32.0,365,355,100.0,97.26027397260275,1991_2007
40741,Sarakhs,1992,18.0,19.0,63.0,48.0,364,353,99.72602739726028,96.7123287671233,1991_2007
40741,Sarakhs,1993,19.0,24.0,58.0,36.0,363,353,99.45205479452055,96.7123287671233,1991_2007
40741,Sarakhs,1994,24.0,34.0,37.0,48.0,364,356,99.72602739726028,97.53424657534246,1991_2007
40741,Sarakhs,1995,38.0,34.0,19.0,36.0,364,361,99.72602739726028,98.9041095890411,1991_2007
40741,Sarakhs,1996,35.0,30.0,40.0,58.0,364,353,99.72602739726028,96.7123287671233,1991_2007
40741,Sarakhs,1997,36.0,33.0,33.0,32.0,363,357,99.45205479452055,97.80821917808218,1991_2007
40741,Sarakhs,1998,32.0,29.0,39.0,33.0,363,354,99.45205479452055,96.98630136986301,1991_2007
40741,Sarakhs,1999,43.0,32.0,38.0,35.0,360,356,98.63013698630137,97.53424657534246,1991_2007
40741,Sarakhs,2000,36.0,30.0,22.0,24.0,353,361,96.7123287671233,98.9041095890411,1991_2007
40741,Sarakhs,2001,50.0,44.0,29.0,29.0,365,365,100.0,100.0,1991_2007
40741,Sarakhs,2002,55.0,48.0,35.0,27.0,365,365,100.0,100.0,1991_2007
40741,Sarakhs,2003,31.0,48.0,39.0,39.0,365,365,100.0,100.0,1991_2007
40741,Sarakhs,2004,40.0,39.0,29.0,19.0,364,364,99.72602739726028,99.72602739726028,1991_2007
40741,Sarakhs,2005,38.0,35.0,21.0,23.0,365,365,100.0,100.0,1991_2007
40741,Sarakhs,2006,52.0,48.0,26.0,24.0,365,365,100.0,100.0,1991_2007
40741,Sarakhs,2007,30.0,30.0,19.0,34.0,347,358,95.06849315068493,98.08219178082192,1991_2007
40741,Sarakhs,2008,50.0,46.0,45.0,55.0,365,365,100.0,100.0,1991_2007
40741,Sarakhs,2009,33.0,47.0,25.0,27.0,365,365,100.0,100.0,1991_2007
40741,Sarakhs,2010,69.0,58.0,15.0,32.0,365,365,100.0,100.0,1991_2007
40741,Sarakhs,2011,59.0,46.0,42.0,25.0,365,365,100.0,100.0,1991_2007
40741,Sarakhs,2012,56.0,33.0,30.0,35.0,365,364,100.0,99.72602739726028,1991_2007
40741,Sarakhs,2013,77.0,56.0,16.0,19.0,365,365,100.0,100.0,1991_2007
40741,Sarakhs,2014,63.0,49.0,27.0,43.0,363,360,99.45205479452055,98.63013698630137,1991_2007
40741,Sarakhs,2015,66.0,54.0,18.0,15.0,364,365,99.72602739726028,100.0,1991_2007
40741,Sarakhs,2016,78.0,73.0,24.0,18.0,363,365,99.45205479452055,100.0,1991_2007
40741,Sarakhs,2017,57.0,54.0,18.0,28.0,364,365,99.72602739726028,100.0,1991_2007
40741,Sarakhs,2018,66.0,64.0,24.0,22.0,365,365,100.0,100.0,1991_2007
40741,Sarakhs,2019,73.0,61.0,20.0,22.0,365,364,100.0,99.72602739726028,1991_2007
40741,Sarakhs,2020,55.0,35.0,42.0,43.0,365,365,100.0,100.0,1991_2007
40741,Sarakhs,2021,98.0,79.0,25.0,31.0,365,365,100.0,100.0,1991_2007
40741,Sarakhs,2022,77.0,60.0,20.0,12.0,364,365,99.72602739726028,100.0,1991_2007
40741,Sarakhs,2023,112.0,111.0,16.0,24.0,365,365,100.0,100.0,1991_2007
40741,Sarakhs,2024,77.0,70.0,28.0,12.0,365,365,100.0,100.0,1991_2007
40742,Biyarjomand,1991,,,,,0,0,0.0,0.0,1991_2007
40742,Biyarjomand,1992,12.0,10.0,74.0,71.0,365,353,100.0,96.7123287671233,1991_2007
40742,Biyarjomand,1993,13.0,17.0,64.0,58.0,361,357,98.9041095890411,97.80821917808218,1991_2007
40742,Biyarjomand,1994,16.0,31.0,50.0,50.0,364,364,99.72602739726028,99.72602739726028,1991_2007
40742,Biyarjomand,1995,47.0,27.0,30.0,41.0,363,361,99.45205479452055,98.9041095890411,1991_2007
40742,Biyarjomand,1996,31.0,15.0,38.0,45.0,362,359,99.17808219178083,98.35616438356163,1991_2007
40742,Biyarjomand,1997,36.0,26.0,23.0,37.0,357,360,97.80821917808218,98.63013698630137,1991_2007
40742,Biyarjomand,1998,39.0,34.0,32.0,18.0,365,359,100.0,98.35616438356163,1991_2007
40742,Biyarjomand,1999,32.0,37.0,36.0,23.0,365,362,100.0,99.17808219178083,1991_2007
40742,Biyarjomand,2000,42.0,40.0,26.0,30.0,365,361,100.0,98.9041095890411,1991_2007
40742,Biyarjomand,2001,46.0,37.0,24.0,21.0,365,363,100.0,99.45205479452055,1991_2007
40742,Biyarjomand,2002,56.0,51.0,37.0,22.0,358,363,98.08219178082192,99.45205479452055,1991_2007
40742,Biyarjomand,2003,28.0,39.0,32.0,36.0,361,360,98.9041095890411,98.63013698630137,1991_2007
40742,Biyarjomand,2004,28.0,39.0,16.0,21.0,357,358,97.80821917808218,98.08219178082192,1991_2007
40742,Biyarjomand,2005,29.0,44.0,29.0,24.0,363,362,99.45205479452055,99.17808219178083,1991_2007
40742,Biyarjomand,2006,47.0,65.0,24.0,17.0,363,363,99.45205479452055,99.45205479452055,1991_2007
40742,Biyarjomand,2007,22.0,33.0,25.0,23.0,361,361,98.9041095890411,98.9041095890411,1991_2007
40742,Biyarjomand,2008,51.0,37.0,46.0,51.0,363,363,99.45205479452055,99.45205479452055,1991_2007
40742,Biyarjomand,2009,31.0,36.0,20.0,24.0,357,362,97.80821917808218,99.17808219178083,1991_2007
40742,Biyarjomand,2010,69.0,52.0,20.0,19.0,362,363,99.17808219178083,99.45205479452055,1991_2007
40742,Biyarjomand,2011,44.0,45.0,38.0,26.0,361,362,98.9041095890411,99.17808219178083,1991_2007
40742,Biyarjomand,2012,21.0,20.0,41.0,25.0,359,363,98.35616438356163,99.45205479452055,1991_2007
40742,Biyarjomand,2013,57.0,40.0,22.0,31.0,365,365,100.0,100.0,1991_2007
40742,Biyarjomand,2014,41.0,36.0,26.0,35.0,360,359,98.63013698630137,98.35616438356163,1991_2007
40742,Biyarjomand,2015,65.0,61.0,34.0,16.0,364,364,99.72602739726028,99.72602739726028,1991_2007
40742,Biyarjomand,2016,67.0,52.0,35.0,30.0,365,364,100.0,99.72602739726028,1991_2007
40742,Biyarjomand,2017,42.0,30.0,15.0,14.0,364,365,99.72602739726028,100.0,1991_2007
40742,Biyarjomand,2018,61.0,55.0,28.0,10.0,362,364,99.17808219178083,99.72602739726028,1991_2007
40742,Biyarjomand,2019,51.0,52.0,34.0,19.0,365,360,100.0,98.63013698630137,1991_2007
40742,Biyarjomand,2020,36.0,42.0,40.0,28.0,364,365,99.72602739726028,100.0,1991_2007
40742,Biyarjomand,2021,87.0,55.0,21.0,38.0,365,364,100.0,99.72602739726028,1991_2007
40742,Biyarjomand,2022,68.0,65.0,18.0,13.0,364,364,99.72602739726028,99.72602739726028,1991_2007
40742,Biyarjomand,2023,86.0,71.0,11.0,17.0,365,365,100.0,100.0,1991_2007
40742,Biyarjomand,2024,66.0,61.0,25.0,17.0,357,365,97.80821917808218,100.0,1991_2007
40743,Sabzevar,1991,10.0,15.0,38.0,25.0,365,354,100.0,96.98630136986301,1991_2007
40743,Sabzevar,1992,13.0,19.0,73.0,50.0,361,357,98.9041095890411,97.80821917808218,1991_2007
40743,Sabzevar,1993,10.0,12.0,62.0,38.0,361,350,98.9041095890411,95.8904109589041,1991_2007
40743,Sabzevar,1994,22.0,42.0,33.0,33.0,362,357,99.17808219178083,97.80821917808218,1991_2007
40743,Sabzevar,1995,54.0,40.0,31.0,22.0,364,358,99.72602739726028,98.08219178082192,1991_2007
40743,Sabzevar,1996,35.0,35.0,42.0,30.0,365,356,100.0,97.53424657534246,1991_2007
40743,Sabzevar,1997,32.0,40.0,24.0,19.0,358,360,98.08219178082192,98.63013698630137,1991_2007
40743,Sabzevar,1998,49.0,48.0,32.0,15.0,363,359,99.45205479452055,98.35616438356163,1991_2007
40743,Sabzevar,1999,39.0,41.0,33.0,15.0,357,356,97.80821917808218,97.53424657534246,1991_2007
40743,Sabzevar,2000,37.0,45.0,20.0,22.0,357,356,97.80821917808218,97.53424657534246,1991_2007
40743,Sabzevar,2001,54.0,58.0,21.0,12.0,365,365,100.0,100.0,1991_2007
40743,Sabzevar,2002,65.0,63.0,33.0,11.0,365,365,100.0,100.0,1991_2007
40743,Sabzevar,2003,31.0,40.0,45.0,31.0,365,365,100.0,100.0,1991_2007
40743,Sabzevar,2004,37.0,24.0,20.0,54.0,365,365,100.0,100.0,1991_2007
40743,Sabzevar,2005,24.0,20.0,35.0,60.0,365,365,100.0,100.0,1991_2007
40743,Sabzevar,2006,37.0,19.0,20.0,59.0,365,365,100.0,100.0,1991_2007
40743,Sabzevar,2007,19.0,10.0,31.0,95.0,365,365,100.0,100.0,1991_2007
40743,Sabzevar,2008,53.0,24.0,56.0,75.0,365,365,100.0,100.0,1991_2007
40743,Sabzevar,2009,16.0,38.0,36.0,18.0,365,365,100.0,100.0,1991_2007
40743,Sabzevar,2010,75.0,64.0,20.0,15.0,365,365,100.0,100.0,1991_2007
40743,Sabzevar,2011,50.0,51.0,37.0,15.0,365,365,100.0,100.0,1991_2007
40743,Sabzevar,2012,17.0,33.0,36.0,34.0,365,364,100.0,99.72602739726028,1991_2007
40743,Sabzevar,2013,64.0,57.0,19.0,23.0,365,365,100.0,100.0,1991_2007
40743,Sabzevar,2014,44.0,46.0,37.0,27.0,364,365,99.72602739726028,100.0,1991_2007
40743,Sabzevar,2015,59.0,57.0,27.0,19.0,365,365,100.0,100.0,1991_2007
40743,Sabzevar,2016,73.0,72.0,20.0,23.0,365,365,100.0,100.0,1991_2007
40743,Sabzevar,2017,41.0,46.0,15.0,16.0,365,365,100.0,100.0,1991_2007
40743,Sabzevar,2018,63.0,69.0,26.0,19.0,364,365,99.72602739726028,100.0,1991_2007
40743,Sabzevar,2019,56.0,53.0,30.0,13.0,365,365,100.0,100.0,1991_2007
40743,Sabzevar,2020,39.0,41.0,38.0,22.0,365,365,100.0,100.0,1991_2007
40743,Sabzevar,2021,82.0,79.0,16.0,24.0,364,365,99.72602739726028,100.0,1991_2007
40743,Sabzevar,2022,62.0,68.0,19.0,9.0,365,364,100.0,99.72602739726028,1991_2007
40743,Sabzevar,2023,74.0,94.0,11.0,13.0,365,365,100.0,100.0,1991_2007
40743,Sabzevar,2024,67.0,86.0,26.0,15.0,365,365,100.0,100.0,1991_2007
40744,Golmakan,1991,8.0,20.0,44.0,34.0,362,351,99.17808219178083,96.16438356164385,1991_2007
40744,Golmakan,1992,,,,,242,236,66.3013698630137,64.65753424657534,1991_2007
40744,Golmakan,1993,,,,,148,135,40.54794520547945,36.986301369863014,1991_2007
40744,Golmakan,1994,16.0,21.0,37.0,48.0,362,356,99.17808219178083,97.53424657534246,1991_2007
40744,Golmakan,1995,44.0,28.0,29.0,40.0,363,363,99.45205479452055,99.45205479452055,1991_2007
40744,Golmakan,1996,31.0,33.0,46.0,52.0,360,359,98.63013698630137,98.35616438356163,1991_2007
40744,Golmakan,1997,50.0,36.0,22.0,25.0,365,350,100.0,95.8904109589041,1991_2007
40744,Golmakan,1998,38.0,50.0,27.0,26.0,361,352,98.9041095890411,96.43835616438356,1991_2007
40744,Golmakan,1999,34.0,29.0,33.0,26.0,365,356,100.0,97.53424657534246,1991_2007
40744,Golmakan,2000,35.0,26.0,27.0,31.0,365,355,100.0,97.26027397260275,1991_2007
40744,Golmakan,2001,57.0,36.0,32.0,23.0,365,363,100.0,99.45205479452055,1991_2007
40744,Golmakan,2002,57.0,50.0,40.0,26.0,365,365,100.0,100.0,1991_2007
40744,Golmakan,2003,31.0,38.0,47.0,38.0,365,365,100.0,100.0,1991_2007
40744,Golmakan,2004,29.0,37.0,32.0,25.0,365,365,100.0,100.0,1991_2007
40744,Golmakan,2005,32.0,34.0,28.0,30.0,365,365,100.0,100.0,1991_2007
40744,Golmakan,2006,46.0,59.0,28.0,30.0,365,365,100.0,100.0,1991_2007
40744,Golmakan,2007,32.0,32.0,28.0,37.0,365,365,100.0,100.0,1991_2007
40744,Golmakan,2008,61.0,66.0,47.0,51.0,365,365,100.0,100.0,1991_2007
40744,Golmakan,2009,32.0,61.0,30.0,22.0,365,365,100.0,100.0,1991_2007
40744,Golmakan,2010,78.0,76.0,21.0,23.0,365,365,100.0,100.0,1991_2007
40744,Golmakan,2011,57.0,47.0,37.0,27.0,365,364,100.0,99.72602739726028,1991_2007
40744,Golmakan,2012,35.0,40.0,29.0,42.0,365,365,100.0,100.0,1991_2007
40744,Golmakan,2013,63.0,61.0,18.0,29.0,365,365,100.0,100.0,1991_2007
40744,Golmakan,2014,48.0,41.0,31.0,35.0,362,363,99.17808219178083,99.45205479452055,1991_2007
40744,Golmakan,2015,65.0,62.0,25.0,16.0,364,365,99.72602739726028,100.0,1991_2007
40744,Golmakan,2016,80.0,71.0,31.0,23.0,365,364,100.0,99.72602739726028,1991_2007
40744,Golmakan,2017,51.0,61.0,15.0,26.0,365,365,100.0,100.0,1991_2007
40744,Golmakan,2018,69.0,80.0,25.0,23.0,364,365,99.72602739726028,100.0,1991_2007
40744,Golmakan,2019,58.0,58.0,31.0,22.0,364,364,99.72602739726028,99.72602739726028,1991_2007
40744,Golmakan,2020,48.0,46.0,40.0,39.0,364,363,99.72602739726028,99.45205479452055,1991_2007
40744,Golmakan,2021,91.0,69.0,15.0,32.0,365,364,100.0,99.72602739726028,1991_2007
40744,Golmakan,2022,69.0,56.0,27.0,19.0,365,364,100.0,99.72602739726028,1991_2007
40744,Golmakan,2023,102.0,93.0,14.0,11.0,365,365,100.0,100.0,1991_2007
40744,Golmakan,2024,48.0,63.0,30.0,15.0,363,365,99.45205479452055,100.0,1991_2007
40745,Mashhad,1991,11.0,14.0,44.0,44.0,361,350,98.9041095890411,95.8904109589041,1991_2007
40745,Mashhad,1992,13.0,14.0,70.0,63.0,360,352,98.63013698630137,96.43835616438356,1991_2007
40745,Mashhad,1993,16.0,5.0,69.0,42.0,361,355,98.9041095890411,97.26027397260275,1991_2007
40745,Mashhad,1994,21.0,24.0,38.0,37.0,358,359,98.08219178082192,98.35616438356163,1991_2007
40745,Mashhad,1995,45.0,33.0,25.0,41.0,357,361,97.80821917808218,98.9041095890411,1991_2007
40745,Mashhad,1996,33.0,34.0,46.0,51.0,361,357,98.9041095890411,97.80821917808218,1991_2007
40745,Mashhad,1997,35.0,33.0,25.0,28.0,358,358,98.08219178082192,98.08219178082192,1991_2007
40745,Mashhad,1998,37.0,34.0,33.0,32.0,354,362,96.98630136986301,99.17808219178083,1991_2007
40745,Mashhad,1999,46.0,25.0,22.0,35.0,348,362,95.34246575342465,99.17808219178083,1991_2007
40745,Mashhad,2000,38.0,29.0,23.0,23.0,354,360,96.98630136986301,98.63013698630137,1991_2007
40745,Mashhad,2001,68.0,43.0,22.0,27.0,364,363,99.72602739726028,99.45205479452055,1991_2007
40745,Mashhad,2002,67.0,42.0,31.0,31.0,365,365,100.0,100.0,1991_2007
40745,Mashhad,2003,33.0,28.0,38.0,46.0,365,365,100.0,100.0,1991_2007
40745,Mashhad,2004,39.0,41.0,24.0,20.0,365,365,100.0,100.0,1991_2007
40745,Mashhad,2005,25.0,49.0,24.0,19.0,365,365,100.0,100.0,1991_2007
40745,Mashhad,2006,36.0,84.0,29.0,18.0,365,365,100.0,100.0,1991_2007
40745,Mashhad,2007,28.0,41.0,27.0,28.0,364,363,99.72602739726028,99.45205479452055,1991_2007
40745,Mashhad,2008,49.0,57.0,60.0,55.0,365,365,100.0,100.0,1991_2007
40745,Mashhad,2009,23.0,46.0,32.0,30.0,365,365,100.0,100.0,1991_2007
40745,Mashhad,2010,86.0,68.0,21.0,23.0,365,365,100.0,100.0,1991_2007
40745,Mashhad,2011,72.0,59.0,29.0,15.0,365,365,100.0,100.0,1991_2007
40745,Mashhad,2012,33.0,43.0,29.0,37.0,365,365,100.0,100.0,1991_2007
40745,Mashhad,2013,68.0,69.0,21.0,23.0,365,364,100.0,99.72602739726028,1991_2007
40745,Mashhad,2014,51.0,58.0,30.0,34.0,363,364,99.45205479452055,99.72602739726028,1991_2007
40745,Mashhad,2015,76.0,78.0,24.0,11.0,365,361,100.0,98.9041095890411,1991_2007
40745,Mashhad,2016,84.0,85.0,31.0,14.0,365,365,100.0,100.0,1991_2007
40745,Mashhad,2017,58.0,66.0,16.0,19.0,365,365,100.0,100.0,1991_2007
40745,Mashhad,2018,66.0,87.0,22.0,18.0,365,365,100.0,100.0,1991_2007
40745,Mashhad,2019,54.0,69.0,31.0,19.0,365,365,100.0,100.0,1991_2007
40745,Mashhad,2020,50.0,49.0,34.0,31.0,364,364,99.72602739726028,99.72602739726028,1991_2007
40745,Mashhad,2021,99.0,87.0,19.0,26.0,364,363,99.72602739726028,99.45205479452055,1991_2007
40745,Mashhad,2022,65.0,74.0,30.0,12.0,362,364,99.17808219178083,99.72602739726028,1991_2007
40745,Mashhad,2023,83.0,123.0,15.0,18.0,365,365,100.0,100.0,1991_2007
40745,Mashhad,2024,38.0,91.0,37.0,13.0,362,365,99.17808219178083,100.0,1991_2007
40746,Neyshabur,1991,11.0,18.0,36.0,36.0,338,342,92.6027397260274,93.69863013698631,1991_2007
40746,Neyshabur,1992,15.0,12.0,75.0,63.0,352,347,96.43835616438356,95.06849315068493,1991_2007
40746,Neyshabur,1993,9.0,19.0,58.0,46.0,364,358,99.72602739726028,98.08219178082192,1991_2007
40746,Neyshabur,1994,22.0,39.0,34.0,38.0,364,362,99.72602739726028,99.17808219178083,1991_2007
40746,Neyshabur,1995,49.0,31.0,29.0,52.0,363,363,99.45205479452055,99.45205479452055,1991_2007
40746,Neyshabur,1996,30.0,34.0,42.0,47.0,362,358,99.17808219178083,98.08219178082192,1991_2007
40746,Neyshabur,1997,38.0,32.0,26.0,30.0,361,361,98.9041095890411,98.9041095890411,1991_2007
40746,Neyshabur,1998,47.0,44.0,29.0,22.0,358,358,98.08219178082192,98.08219178082192,1991_2007
40746,Neyshabur,1999,29.0,33.0,31.0,35.0,365,360,100.0,98.63013698630137,1991_2007
40746,Neyshabur,2000,37.0,40.0,33.0,30.0,362,363,99.17808219178083,99.45205479452055,1991_2007
40746,Neyshabur,2001,55.0,44.0,27.0,17.0,365,365,100.0,100.0,1991_2007
40746,Neyshabur,2002,66.0,51.0,31.0,20.0,365,365,100.0,100.0,1991_2007
40746,Neyshabur,2003,40.0,30.0,39.0,39.0,365,365,100.0,100.0,1991_2007
40746,Neyshabur,2004,38.0,43.0,22.0,14.0,365,365,100.0,100.0,1991_2007
40746,Neyshabur,2005,25.0,31.0,28.0,25.0,364,364,99.72602739726028,99.72602739726028,1991_2007
40746,Neyshabur,2006,47.0,58.0,23.0,21.0,365,365,100.0,100.0,1991_2007
40746,Neyshabur,2007,22.0,26.0,30.0,41.0,365,365,100.0,100.0,1991_2007
40746,Neyshabur,2008,65.0,54.0,52.0,61.0,365,365,100.0,100.0,1991_2007
40746,Neyshabur,2009,37.0,41.0,31.0,34.0,364,365,99.72602739726028,100.0,1991_2007
40746,Neyshabur,2010,66.0,44.0,15.0,37.0,365,365,100.0,100.0,1991_2007
40746,Neyshabur,2011,51.0,44.0,35.0,26.0,365,365,100.0,100.0,1991_2007
40746,Neyshabur,2012,23.0,18.0,32.0,49.0,365,365,100.0,100.0,1991_2007
40746,Neyshabur,2013,69.0,36.0,20.0,44.0,365,365,100.0,100.0,1991_2007
40746,Neyshabur,2014,51.0,41.0,34.0,43.0,364,365,99.72602739726028,100.0,1991_2007
40746,Neyshabur,2015,69.0,47.0,31.0,29.0,364,364,99.72602739726028,99.72602739726028,1991_2007
40746,Neyshabur,2016,92.0,47.0,20.0,43.0,365,364,100.0,99.72602739726028,1991_2007
40746,Neyshabur,2017,44.0,44.0,18.0,40.0,363,364,99.45205479452055,99.72602739726028,1991_2007
40746,Neyshabur,2018,63.0,68.0,29.0,24.0,365,365,100.0,100.0,1991_2007
40746,Neyshabur,2019,50.0,43.0,35.0,23.0,363,364,99.45205479452055,99.72602739726028,1991_2007
40746,Neyshabur,2020,36.0,35.0,39.0,59.0,363,365,99.45205479452055,100.0,1991_2007
40746,Neyshabur,2021,90.0,67.0,18.0,45.0,364,365,99.72602739726028,100.0,1991_2007
40746,Neyshabur,2022,75.0,59.0,18.0,17.0,365,365,100.0,100.0,1991_2007
40746,Neyshabur,2023,94.0,70.0,6.0,26.0,365,365,100.0,100.0,1991_2007
40746,Neyshabur,2024,62.0,54.0,26.0,29.0,364,365,99.72602739726028,100.0,1991_2007
40747,Sanandaj,1991,22.0,28.0,36.0,44.0,365,341,100.0,93.42465753424658,1991_2007
40747,Sanandaj,1992,0.0,15.0,118.0,97.0,364,342,99.72602739726028,93.69863013698631,1991_2007
40747,Sanandaj,1993,5.0,18.0,47.0,55.0,365,342,100.0,93.69863013698631,1991_2007
40747,Sanandaj,1994,10.0,47.0,31.0,23.0,363,349,99.45205479452055,95.61643835616438,1991_2007
40747,Sanandaj,1995,22.0,25.0,30.0,34.0,365,356,100.0,97.53424657534246,1991_2007
40747,Sanandaj,1996,15.0,33.0,25.0,20.0,362,340,99.17808219178083,93.15068493150685,1991_2007
40747,Sanandaj,1997,22.0,19.0,39.0,39.0,356,343,97.53424657534246,93.97260273972603,1991_2007
40747,Sanandaj,1998,72.0,36.0,37.0,19.0,363,337,99.45205479452055,92.32876712328768,1991_2007
40747,Sanandaj,1999,50.0,37.0,21.0,9.0,364,346,99.72602739726028,94.79452054794521,1991_2007
40747,Sanandaj,2000,28.0,41.0,26.0,31.0,361,347,98.9041095890411,95.06849315068493,1991_2007
40747,Sanandaj,2001,50.0,32.0,20.0,24.0,357,347,97.80821917808218,95.06849315068493,1991_2007
40747,Sanandaj,2002,30.0,26.0,34.0,34.0,361,340,98.9041095890411,93.15068493150685,1991_2007
40747,Sanandaj,2003,33.0,46.0,17.0,26.0,362,343,99.17808219178083,93.97260273972603,1991_2007
40747,Sanandaj,2004,37.0,35.0,21.0,23.0,353,347,96.7123287671233,95.06849315068493,1991_2007
40747,Sanandaj,2005,58.0,29.0,23.0,20.0,360,348,98.63013698630137,95.34246575342465,1991_2007
40747,Sanandaj,2006,59.0,48.0,23.0,13.0,363,341,99.45205479452055,93.42465753424658,1991_2007
40747,Sanandaj,2007,38.0,43.0,24.0,26.0,365,365,100.0,100.0,1991_2007
40747,Sanandaj,2008,75.0,37.0,31.0,28.0,365,365,100.0,100.0,1991_2007
40747,Sanandaj,2009,39.0,22.0,27.0,26.0,365,365,100.0,100.0,1991_2007
40747,Sanandaj,2010,121.0,58.0,13.0,7.0,364,364,99.72602739726028,99.72602739726028,1991_2007
40747,Sanandaj,2011,36.0,27.0,36.0,43.0,365,364,100.0,99.72602739726028,1991_2007
40747,Sanandaj,2012,44.0,47.0,19.0,26.0,365,364,100.0,99.72602739726028,1991_2007
40747,Sanandaj,2013,70.0,56.0,19.0,43.0,365,364,100.0,99.72602739726028,1991_2007
40747,Sanandaj,2014,83.0,42.0,17.0,15.0,364,365,99.72602739726028,100.0,1991_2007
40747,Sanandaj,2015,118.0,51.0,32.0,15.0,365,365,100.0,100.0,1991_2007
40747,Sanandaj,2016,79.0,62.0,13.0,29.0,360,364,98.63013698630137,99.72602739726028,1991_2007
40747,Sanandaj,2017,108.0,36.0,13.0,26.0,365,365,100.0,100.0,1991_2007
40747,Sanandaj,2018,100.0,72.0,14.0,1.0,365,365,100.0,100.0,1991_2007
40747,Sanandaj,2019,73.0,48.0,24.0,11.0,365,365,100.0,100.0,1991_2007
40747,Sanandaj,2020,61.0,68.0,22.0,14.0,365,365,100.0,100.0,1991_2007
40747,Sanandaj,2021,123.0,58.0,4.0,10.0,365,365,100.0,100.0,1991_2007
40747,Sanandaj,2022,101.0,72.0,10.0,16.0,365,365,100.0,100.0,1991_2007
40747,Sanandaj,2023,65.0,61.0,9.0,12.0,365,365,100.0,100.0,1991_2007
40747,Sanandaj,2024,75.0,68.0,18.0,17.0,365,365,100.0,100.0,1991_2007
40748,Bijar,1991,14.0,17.0,56.0,46.0,365,339,100.0,92.87671232876711,1991_2007
40748,Bijar,1992,2.0,12.0,109.0,97.0,365,339,100.0,92.87671232876711,1991_2007
40748,Bijar,1993,12.0,27.0,44.0,40.0,363,333,99.45205479452055,91.23287671232877,1991_2007
40748,Bijar,1994,16.0,22.0,30.0,38.0,365,346,100.0,94.79452054794521,1991_2007
40748,Bijar,1995,37.0,20.0,30.0,41.0,363,347,99.45205479452055,95.06849315068493,1991_2007
40748,Bijar,1996,16.0,30.0,31.0,27.0,363,336,99.45205479452055,92.05479452054794,1991_2007
40748,Bijar,1997,30.0,21.0,33.0,27.0,363,343,99.45205479452055,93.97260273972603,1991_2007
40748,Bijar,1998,71.0,51.0,30.0,31.0,365,340,100.0,93.15068493150685,1991_2007
40748,Bijar,1999,39.0,34.0,30.0,26.0,365,348,100.0,95.34246575342465,1991_2007
40748,Bijar,2000,26.0,27.0,26.0,23.0,365,343,100.0,93.97260273972603,1991_2007
40748,Bijar,2001,46.0,56.0,22.0,18.0,365,347,100.0,95.06849315068493,1991_2007
40748,Bijar,2002,42.0,42.0,15.0,16.0,360,341,98.63013698630137,93.42465753424658,1991_2007
40748,Bijar,2003,33.0,29.0,19.0,24.0,353,341,96.7123287671233,93.42465753424658,1991_2007
40748,Bijar,2004,41.0,44.0,20.0,29.0,348,349,95.34246575342465,95.61643835616438,1991_2007
40748,Bijar,2005,41.0,40.0,30.0,25.0,352,346,96.43835616438356,94.79452054794521,1991_2007
40748,Bijar,2006,42.0,50.0,29.0,25.0,362,362,99.17808219178083,99.17808219178083,1991_2007
40748,Bijar,2007,28.0,31.0,30.0,21.0,365,364,100.0,99.72602739726028,1991_2007
40748,Bijar,2008,53.0,57.0,39.0,33.0,365,365,100.0,100.0,1991_2007
40748,Bijar,2009,43.0,43.0,25.0,20.0,365,365,100.0,100.0,1991_2007
40748,Bijar,2010,123.0,92.0,9.0,9.0,365,365,100.0,100.0,1991_2007
40748,Bijar,2011,43.0,33.0,30.0,39.0,360,359,98.63013698630137,98.35616438356163,1991_2007
40748,Bijar,2012,23.0,34.0,19.0,25.0,364,365,99.72602739726028,100.0,1991_2007
40748,Bijar,2013,51.0,60.0,32.0,29.0,365,365,100.0,100.0,1991_2007
40748,Bijar,2014,49.0,62.0,26.0,21.0,361,361,98.9041095890411,98.9041095890411,1991_2007
40748,Bijar,2015,106.0,90.0,24.0,24.0,365,362,100.0,99.17808219178083,1991_2007
40748,Bijar,2016,78.0,91.0,15.0,26.0,364,364,99.72602739726028,99.72602739726028,1991_2007
40748,Bijar,2017,98.0,73.0,11.0,15.0,365,365,100.0,100.0,1991_2007
40748,Bijar,2018,116.0,102.0,14.0,10.0,364,363,99.72602739726028,99.45205479452055,1991_2007
40748,Bijar,2019,69.0,65.0,24.0,18.0,364,359,99.72602739726028,98.35616438356163,1991_2007
40748,Bijar,2020,74.0,48.0,22.0,21.0,365,362,100.0,99.17808219178083,1991_2007
40748,Bijar,2021,144.0,103.0,6.0,16.0,364,365,99.72602739726028,100.0,1991_2007
40748,Bijar,2022,107.0,80.0,5.0,10.0,365,365,100.0,100.0,1991_2007
40748,Bijar,2023,84.0,72.0,7.0,14.0,365,365,100.0,100.0,1991_2007
40748,Bijar,2024,102.0,69.0,12.0,19.0,365,365,100.0,100.0,1991_2007
40749,Zarrineh,1991,22.0,33.0,33.0,31.0,364,348,99.72602739726028,95.34246575342465,1991_2007
40749,Zarrineh,1992,5.0,12.0,97.0,72.0,365,352,100.0,96.43835616438356,1991_2007
40749,Zarrineh,1993,8.0,11.0,57.0,41.0,365,352,100.0,96.43835616438356,1991_2007
40749,Zarrineh,1994,14.0,40.0,32.0,31.0,363,355,99.45205479452055,97.26027397260275,1991_2007
40749,Zarrineh,1995,31.0,26.0,35.0,27.0,364,354,99.72602739726028,96.98630136986301,1991_2007
40749,Zarrineh,1996,17.0,24.0,30.0,37.0,361,347,98.9041095890411,95.06849315068493,1991_2007
40749,Zarrineh,1997,26.0,29.0,41.0,40.0,357,353,97.80821917808218,96.7123287671233,1991_2007
40749,Zarrineh,1998,66.0,54.0,37.0,22.0,365,350,100.0,95.8904109589041,1991_2007
40749,Zarrineh,1999,45.0,45.0,23.0,23.0,361,352,98.9041095890411,96.43835616438356,1991_2007
40749,Zarrineh,2000,28.0,29.0,24.0,22.0,358,355,98.08219178082192,97.26027397260275,1991_2007
40749,Zarrineh,2001,49.0,39.0,20.0,27.0,357,354,97.80821917808218,96.98630136986301,1991_2007
40749,Zarrineh,2002,50.0,42.0,15.0,32.0,358,354,98.08219178082192,96.98630136986301,1991_2007
40749,Zarrineh,2003,33.0,28.0,21.0,38.0,358,351,98.08219178082192,96.16438356164385,1991_2007
40749,Zarrineh,2004,37.0,34.0,24.0,33.0,354,353,96.98630136986301,96.7123287671233,1991_2007
40749,Zarrineh,2005,52.0,39.0,27.0,27.0,361,359,98.9041095890411,98.35616438356163,1991_2007
40749,Zarrineh,2006,36.0,53.0,24.0,23.0,365,365,100.0,100.0,1991_2007
40749,Zarrineh,2007,25.0,31.0,32.0,22.0,365,365,100.0,100.0,1991_2007
40749,Zarrineh,2008,51.0,57.0,37.0,36.0,365,365,100.0,100.0,1991_2007
40749,Zarrineh,2009,35.0,34.0,32.0,35.0,364,363,99.72602739726028,99.45205479452055,1991_2007
40749,Zarrineh,2010,124.0,90.0,9.0,16.0,365,365,100.0,100.0,1991_2007
40749,Zarrineh,2011,55.0,49.0,28.0,39.0,365,365,100.0,100.0,1991_2007
40749,Zarrineh,2012,40.0,29.0,15.0,26.0,365,365,100.0,100.0,1991_2007
40749,Zarrineh,2013,85.0,56.0,17.0,51.0,365,365,100.0,100.0,1991_2007
40749,Zarrineh,2014,83.0,53.0,18.0,24.0,364,362,99.72602739726028,99.17808219178083,1991_2007
40749,Zarrineh,2015,115.0,73.0,25.0,31.0,362,362,99.17808219178083,99.17808219178083,1991_2007
40749,Zarrineh,2016,79.0,59.0,16.0,43.0,359,363,98.35616438356163,99.45205479452055,1991_2007
40749,Zarrineh,2017,102.0,46.0,10.0,23.0,364,365,99.72602739726028,100.0,1991_2007
40749,Zarrineh,2018,114.0,88.0,11.0,11.0,364,364,99.72602739726028,99.72602739726028,1991_2007
40749,Zarrineh,2019,66.0,43.0,19.0,20.0,362,357,99.17808219178083,97.80821917808218,1991_2007
40749,Zarrineh,2020,76.0,50.0,19.0,33.0,365,365,100.0,100.0,1991_2007
40749,Zarrineh,2021,138.0,78.0,6.0,21.0,365,365,100.0,100.0,1991_2007
40749,Zarrineh,2022,103.0,54.0,6.0,14.0,365,364,100.0,99.72602739726028,1991_2007
40749,Zarrineh,2023,70.0,51.0,8.0,27.0,365,365,100.0,100.0,1991_2007
40749,Zarrineh,2024,76.0,61.0,16.0,24.0,365,365,100.0,100.0,1991_2007
40751,Tehran (Shemiran),1991,10.0,18.0,45.0,36.0,365,362,100.0,99.17808219178083,1991_2007
40751,Tehran (Shemiran),1992,3.0,14.0,93.0,78.0,364,359,99.72602739726028,98.35616438356163,1991_2007
40751,Tehran (Shemiran),1993,4.0,20.0,61.0,50.0,358,361,98.08219178082192,98.9041095890411,1991_2007
40751,Tehran (Shemiran),1994,13.0,34.0,37.0,38.0,361,362,98.9041095890411,99.17808219178083,1991_2007
40751,Tehran (Shemiran),1995,34.0,38.0,31.0,36.0,357,360,97.80821917808218,98.63013698630137,1991_2007
40751,Tehran (Shemiran),1996,14.0,20.0,51.0,38.0,361,362,98.9041095890411,99.17808219178083,1991_2007
40751,Tehran (Shemiran),1997,21.0,32.0,25.0,32.0,353,362,96.7123287671233,99.17808219178083,1991_2007
40751,Tehran (Shemiran),1998,40.0,45.0,36.0,28.0,360,362,98.63013698630137,99.17808219178083,1991_2007
40751,Tehran (Shemiran),1999,27.0,26.0,26.0,32.0,357,364,97.80821917808218,99.72602739726028,1991_2007
40751,Tehran (Shemiran),2000,34.0,41.0,24.0,24.0,355,364,97.26027397260275,99.72602739726028,1991_2007
40751,Tehran (Shemiran),2001,47.0,50.0,20.0,22.0,355,362,97.26027397260275,99.17808219178083,1991_2007
40751,Tehran (Shemiran),2002,65.0,51.0,21.0,22.0,361,363,98.9041095890411,99.45205479452055,1991_2007
40751,Tehran (Shemiran),2003,30.0,29.0,21.0,25.0,355,359,97.26027397260275,98.35616438356163,1991_2007
40751,Tehran (Shemiran),2004,36.0,32.0,18.0,23.0,359,359,98.35616438356163,98.35616438356163,1991_2007
40751,Tehran (Shemiran),2005,57.0,31.0,29.0,24.0,359,363,98.35616438356163,99.45205479452055,1991_2007
40751,Tehran (Shemiran),2006,53.0,40.0,20.0,25.0,358,362,98.08219178082192,99.17808219178083,1991_2007
40751,Tehran (Shemiran),2007,54.0,20.0,11.0,21.0,352,362,96.43835616438356,99.17808219178083,1991_2007
40751,Tehran (Shemiran),2008,86.0,40.0,40.0,49.0,363,365,99.45205479452055,100.0,1991_2007
40751,Tehran (Shemiran),2009,47.0,31.0,16.0,25.0,357,364,97.80821917808218,99.72602739726028,1991_2007
40751,Tehran (Shemiran),2010,108.0,67.0,6.0,11.0,359,364,98.35616438356163,99.72602739726028,1991_2007
40751,Tehran (Shemiran),2011,62.0,41.0,23.0,35.0,352,363,96.43835616438356,99.45205479452055,1991_2007
40751,Tehran (Shemiran),2012,33.0,24.0,20.0,22.0,359,361,98.35616438356163,98.9041095890411,1991_2007
40751,Tehran (Shemiran),2013,80.0,57.0,11.0,23.0,365,365,100.0,100.0,1991_2007
40751,Tehran (Shemiran),2014,83.0,57.0,19.0,21.0,352,350,96.43835616438356,95.8904109589041,1991_2007
40751,Tehran (Shemiran),2015,88.0,71.0,14.0,16.0,354,351,96.98630136986301,96.16438356164385,1991_2007
40751,Tehran (Shemiran),2016,79.0,56.0,25.0,23.0,362,363,99.17808219178083,99.45205479452055,1991_2007
40751,Tehran (Shemiran),2017,50.0,52.0,17.0,16.0,365,365,100.0,100.0,1991_2007
40751,Tehran (Shemiran),2018,78.0,62.0,31.0,18.0,364,363,99.72602739726028,99.45205479452055,1991_2007
40751,Tehran (Shemiran),2019,76.0,29.0,22.0,22.0,357,365,97.80821917808218,100.0,1991_2007
40751,Tehran (Shemiran),2020,70.0,32.0,26.0,27.0,363,364,99.45205479452055,99.72602739726028,1991_2007
40751,Tehran (Shemiran),2021,143.0,57.0,6.0,12.0,365,365,100.0,100.0,1991_2007
40751,Tehran (Shemiran),2022,113.0,56.0,9.0,19.0,365,365,100.0,100.0,1991_2007
40751,Tehran (Shemiran),2023,131.0,55.0,12.0,12.0,360,365,98.63013698630137,100.0,1991_2007
40751,Tehran (Shemiran),2024,103.0,67.0,14.0,25.0,361,364,98.9041095890411,99.72602739726028,1991_2007
40752,Karaj,1991,11.0,19.0,36.0,36.0,365,351,100.0,96.16438356164385,1991_2007
40752,Karaj,1992,6.0,21.0,85.0,79.0,364,351,99.72602739726028,96.16438356164385,1991_2007
40752,Karaj,1993,2.0,11.0,58.0,45.0,359,340,98.35616438356163,93.15068493150685,1991_2007
40752,Karaj,1994,9.0,15.0,36.0,50.0,364,360,99.72602739726028,98.63013698630137,1991_2007
40752,Karaj,1995,35.0,33.0,27.0,34.0,365,365,100.0,100.0,1991_2007
40752,Karaj,1996,19.0,30.0,45.0,29.0,364,363,99.72602739726028,99.45205479452055,1991_2007
40752,Karaj,1997,26.0,41.0,29.0,33.0,365,362,100.0,99.17808219178083,1991_2007
40752,Karaj,1998,46.0,47.0,37.0,26.0,364,363,99.72602739726028,99.45205479452055,1991_2007
40752,Karaj,1999,31.0,39.0,29.0,30.0,365,362,100.0,99.17808219178083,1991_2007
40752,Karaj,2000,35.0,45.0,26.0,21.0,365,365,100.0,100.0,1991_2007
40752,Karaj,2001,55.0,50.0,26.0,18.0,365,365,100.0,100.0,1991_2007
40752,Karaj,2002,55.0,44.0,29.0,21.0,365,364,100.0,99.72602739726028,1991_2007
40752,Karaj,2003,31.0,31.0,27.0,38.0,365,360,100.0,98.63013698630137,1991_2007
40752,Karaj,2004,32.0,44.0,24.0,33.0,365,365,100.0,100.0,1991_2007
40752,Karaj,2005,47.0,40.0,28.0,29.0,365,364,100.0,99.72602739726028,1991_2007
40752,Karaj,2006,56.0,44.0,19.0,23.0,365,364,100.0,99.72602739726028,1991_2007
40752,Karaj,2007,40.0,27.0,18.0,19.0,365,365,100.0,100.0,1991_2007
40752,Karaj,2008,62.0,47.0,39.0,56.0,365,365,100.0,100.0,1991_2007
40752,Karaj,2009,39.0,43.0,17.0,32.0,365,365,100.0,100.0,1991_2007
40752,Karaj,2010,97.0,71.0,11.0,12.0,365,363,100.0,99.45205479452055,1991_2007
40752,Karaj,2011,42.0,33.0,37.0,35.0,363,362,99.45205479452055,99.17808219178083,1991_2007
40752,Karaj,2012,20.0,35.0,20.0,20.0,365,365,100.0,100.0,1991_2007
40752,Karaj,2013,56.0,56.0,24.0,35.0,365,364,100.0,99.72602739726028,1991_2007
40752,Karaj,2014,67.0,49.0,20.0,29.0,354,352,96.98630136986301,96.43835616438356,1991_2007
40752,Karaj,2015,79.0,64.0,18.0,19.0,363,356,99.45205479452055,97.53424657534246,1991_2007
40752,Karaj,2016,81.0,59.0,18.0,30.0,363,360,99.45205479452055,98.63013698630137,1991_2007
40752,Karaj,2017,57.0,53.0,19.0,20.0,362,363,99.17808219178083,99.45205479452055,1991_2007
40752,Karaj,2018,77.0,89.0,24.0,12.0,363,362,99.45205479452055,99.17808219178083,1991_2007
40752,Karaj,2019,46.0,37.0,25.0,26.0,363,360,99.45205479452055,98.63013698630137,1991_2007
40752,Karaj,2020,46.0,45.0,29.0,22.0,365,365,100.0,100.0,1991_2007
40752,Karaj,2021,115.0,85.0,13.0,15.0,365,365,100.0,100.0,1991_2007
40752,Karaj,2022,79.0,71.0,12.0,16.0,365,365,100.0,100.0,1991_2007
40752,Karaj,2023,91.0,69.0,11.0,5.0,365,365,100.0,100.0,1991_2007
40752,Karaj,2024,71.0,52.0,20.0,20.0,365,365,100.0,100.0,1991_2007
40754,Tehran (Mehrabad Airport),1991,10.0,14.0,44.0,38.0,365,358,100.0,98.08219178082192,1991_2007
40754,Tehran (Mehrabad Airport),1992,6.0,11.0,84.0,78.0,363,358,99.45205479452055,98.08219178082192,1991_2007
40754,Tehran (Mehrabad Airport),1993,5.0,9.0,63.0,53.0,361,357,98.9041095890411,97.80821917808218,1991_2007
40754,Tehran (Mehrabad Airport),1994,15.0,15.0,37.0,58.0,358,359,98.08219178082192,98.35616438356163,1991_2007
40754,Tehran (Mehrabad Airport),1995,39.0,35.0,27.0,35.0,362,361,99.17808219178083,98.9041095890411,1991_2007
40754,Tehran (Mehrabad Airport),1996,20.0,22.0,43.0,32.0,361,356,98.9041095890411,97.53424657534246,1991_2007
40754,Tehran (Mehrabad Airport),1997,25.0,30.0,23.0,32.0,355,358,97.26027397260275,98.08219178082192,1991_2007
40754,Tehran (Mehrabad Airport),1998,51.0,45.0,26.0,33.0,352,356,96.43835616438356,97.53424657534246,1991_2007
40754,Tehran (Mehrabad Airport),1999,29.0,27.0,22.0,33.0,355,361,97.26027397260275,98.9041095890411,1991_2007
40754,Tehran (Mehrabad Airport),2000,34.0,47.0,25.0,20.0,365,365,100.0,100.0,1991_2007
40754,Tehran (Mehrabad Airport),2001,51.0,43.0,29.0,20.0,365,365,100.0,100.0,1991_2007
40754,Tehran (Mehrabad Airport),2002,56.0,58.0,29.0,19.0,350,358,95.8904109589041,98.08219178082192,1991_2007
40754,Tehran (Mehrabad Airport),2003,30.0,25.0,21.0,31.0,354,358,96.98630136986301,98.08219178082192,1991_2007
40754,Tehran (Mehrabad Airport),2004,33.0,49.0,23.0,29.0,365,365,100.0,100.0,1991_2007
40754,Tehran (Mehrabad Airport),2005,42.0,52.0,32.0,20.0,365,365,100.0,100.0,1991_2007
40754,Tehran (Mehrabad Airport),2006,55.0,48.0,15.0,19.0,365,365,100.0,100.0,1991_2007
40754,Tehran (Mehrabad Airport),2007,31.0,23.0,19.0,21.0,365,365,100.0,100.0,1991_2007
40754,Tehran (Mehrabad Airport),2008,52.0,38.0,41.0,47.0,365,365,100.0,100.0,1991_2007
40754,Tehran (Mehrabad Airport),2009,33.0,28.0,21.0,33.0,363,365,99.45205479452055,100.0,1991_2007
40754,Tehran (Mehrabad Airport),2010,76.0,50.0,21.0,17.0,365,365,100.0,100.0,1991_2007
40754,Tehran (Mehrabad Airport),2011,31.0,25.0,32.0,47.0,348,361,95.34246575342465,98.9041095890411,1991_2007
40754,Tehran (Mehrabad Airport),2012,13.0,16.0,32.0,27.0,365,365,100.0,100.0,1991_2007
40754,Tehran (Mehrabad Airport),2013,41.0,28.0,24.0,37.0,365,365,100.0,100.0,1991_2007
40754,Tehran (Mehrabad Airport),2014,35.0,27.0,31.0,29.0,361,362,98.9041095890411,99.17808219178083,1991_2007
40754,Tehran (Mehrabad Airport),2015,41.0,51.0,34.0,24.0,364,359,99.72602739726028,98.35616438356163,1991_2007
40754,Tehran (Mehrabad Airport),2016,64.0,40.0,33.0,30.0,363,365,99.45205479452055,100.0,1991_2007
40754,Tehran (Mehrabad Airport),2017,38.0,30.0,23.0,22.0,364,364,99.72602739726028,99.72602739726028,1991_2007
40754,Tehran (Mehrabad Airport),2018,57.0,46.0,34.0,23.0,365,365,100.0,100.0,1991_2007
40754,Tehran (Mehrabad Airport),2019,36.0,30.0,32.0,23.0,364,365,99.72602739726028,100.0,1991_2007
40754,Tehran (Mehrabad Airport),2020,35.0,25.0,45.0,30.0,365,364,100.0,99.72602739726028,1991_2007
40754,Tehran (Mehrabad Airport),2021,69.0,64.0,24.0,9.0,365,365,100.0,100.0,1991_2007
40754,Tehran (Mehrabad Airport),2022,46.0,45.0,13.0,14.0,365,364,100.0,99.72602739726028,1991_2007
40754,Tehran (Mehrabad Airport),2023,42.0,54.0,17.0,12.0,365,365,100.0,100.0,1991_2007
40754,Tehran (Mehrabad Airport),2024,53.0,42.0,27.0,25.0,365,365,100.0,100.0,1991_2007
40755,Abali,1991,5.0,10.0,33.0,28.0,364,363,99.72602739726028,99.45205479452055,1991_2007
40755,Abali,1992,3.0,11.0,103.0,98.0,361,361,98.9041095890411,98.9041095890411,1991_2007
40755,Abali,1993,2.0,12.0,59.0,41.0,360,356,98.63013698630137,97.53424657534246,1991_2007
40755,Abali,1994,8.0,26.0,42.0,26.0,358,362,98.08219178082192,99.17808219178083,1991_2007
40755,Abali,1995,25.0,35.0,39.0,36.0,361,359,98.9041095890411,98.35616438356163,1991_2007
40755,Abali,1996,19.0,24.0,37.0,39.0,360,362,98.63013698630137,99.17808219178083,1991_2007
40755,Abali,1997,31.0,23.0,25.0,33.0,363,363,99.45205479452055,99.45205479452055,1991_2007
40755,Abali,1998,54.0,51.0,33.0,25.0,365,360,100.0,98.63013698630137,1991_2007
40755,Abali,1999,33.0,29.0,24.0,28.0,365,363,100.0,99.45205479452055,1991_2007
40755,Abali,2000,47.0,33.0,24.0,24.0,365,360,100.0,98.63013698630137,1991_2007
40755,Abali,2001,59.0,52.0,24.0,25.0,365,365,100.0,100.0,1991_2007
40755,Abali,2002,59.0,47.0,26.0,25.0,365,362,100.0,99.17808219178083,1991_2007
40755,Abali,2003,29.0,39.0,19.0,27.0,365,359,100.0,98.35616438356163,1991_2007
40755,Abali,2004,34.0,31.0,20.0,25.0,365,362,100.0,99.17808219178083,1991_2007
40755,Abali,2005,51.0,43.0,29.0,30.0,365,362,100.0,99.17808219178083,1991_2007
40755,Abali,2006,43.0,46.0,30.0,32.0,365,362,100.0,99.17808219178083,1991_2007
40755,Abali,2007,27.0,28.0,21.0,23.0,365,364,100.0,99.72602739726028,1991_2007
40755,Abali,2008,59.0,47.0,33.0,42.0,365,360,100.0,98.63013698630137,1991_2007
40755,Abali,2009,56.0,21.0,22.0,37.0,365,362,100.0,99.17808219178083,1991_2007
40755,Abali,2010,117.0,75.0,9.0,15.0,364,362,99.72602739726028,99.17808219178083,1991_2007
40755,Abali,2011,35.0,39.0,32.0,49.0,357,360,97.80821917808218,98.63013698630137,1991_2007
40755,Abali,2012,13.0,17.0,35.0,37.0,352,358,96.43835616438356,98.08219178082192,1991_2007
40755,Abali,2013,51.0,38.0,23.0,33.0,364,364,99.72602739726028,99.72602739726028,1991_2007
40755,Abali,2014,46.0,45.0,28.0,31.0,358,346,98.08219178082192,94.79452054794521,1991_2007
40755,Abali,2015,56.0,62.0,20.0,34.0,357,359,97.80821917808218,98.35616438356163,1991_2007
40755,Abali,2016,70.0,52.0,25.0,41.0,356,361,97.53424657534246,98.9041095890411,1991_2007
40755,Abali,2017,43.0,39.0,13.0,26.0,364,364,99.72602739726028,99.72602739726028,1991_2007
40755,Abali,2018,63.0,56.0,22.0,24.0,362,361,99.17808219178083,98.9041095890411,1991_2007
40755,Abali,2019,51.0,37.0,29.0,26.0,360,361,98.63013698630137,98.9041095890411,1991_2007
40755,Abali,2020,58.0,35.0,29.0,43.0,365,363,100.0,99.45205479452055,1991_2007
40755,Abali,2021,103.0,74.0,9.0,20.0,365,365,100.0,100.0,1991_2007
40755,Abali,2022,69.0,58.0,14.0,25.0,364,365,99.72602739726028,100.0,1991_2007
40755,Abali,2023,71.0,48.0,8.0,19.0,363,365,99.45205479452055,100.0,1991_2007
40755,Abali,2024,67.0,44.0,15.0,28.0,352,365,96.43835616438356,100.0,1991_2007
40757,Semnan,1991,11.0,24.0,41.0,21.0,365,364,100.0,99.72602739726028,1991_2007
40757,Semnan,1992,10.0,14.0,89.0,69.0,365,361,100.0,98.9041095890411,1991_2007
40757,Semnan,1993,8.0,15.0,57.0,47.0,365,360,100.0,98.63013698630137,1991_2007
40757,Semnan,1994,13.0,33.0,40.0,34.0,365,362,100.0,99.17808219178083,1991_2007
40757,Semnan,1995,37.0,42.0,30.0,23.0,365,363,100.0,99.45205479452055,1991_2007
40757,Semnan,1996,21.0,36.0,50.0,25.0,364,358,99.72602739726028,98.08219178082192,1991_2007
40757,Semnan,1997,25.0,40.0,25.0,29.0,362,363,99.17808219178083,99.45205479452055,1991_2007
40757,Semnan,1998,48.0,52.0,39.0,19.0,365,362,100.0,99.17808219178083,1991_2007
40757,Semnan,1999,31.0,47.0,23.0,27.0,357,359,97.80821917808218,98.35616438356163,1991_2007
40757,Semnan,2000,32.0,46.0,25.0,28.0,362,365,99.17808219178083,100.0,1991_2007
40757,Semnan,2001,47.0,44.0,22.0,25.0,359,363,98.35616438356163,99.45205479452055,1991_2007
40757,Semnan,2002,71.0,28.0,31.0,36.0,362,362,99.17808219178083,99.17808219178083,1991_2007
40757,Semnan,2003,37.0,25.0,23.0,41.0,365,362,100.0,99.17808219178083,1991_2007
40757,Semnan,2004,37.0,25.0,18.0,35.0,359,364,98.35616438356163,99.72602739726028,1991_2007
40757,Semnan,2005,42.0,19.0,26.0,36.0,360,363,98.63013698630137,99.45205479452055,1991_2007
40757,Semnan,2006,53.0,34.0,21.0,35.0,361,364,98.9041095890411,99.72602739726028,1991_2007
40757,Semnan,2007,29.0,16.0,19.0,42.0,361,364,98.9041095890411,99.72602739726028,1991_2007
40757,Semnan,2008,64.0,38.0,40.0,57.0,364,364,99.72602739726028,99.72602739726028,1991_2007
40757,Semnan,2009,47.0,24.0,15.0,28.0,363,365,99.45205479452055,100.0,1991_2007
40757,Semnan,2010,97.0,51.0,15.0,15.0,362,364,99.17808219178083,99.72602739726028,1991_2007
40757,Semnan,2011,51.0,43.0,31.0,35.0,357,363,97.80821917808218,99.45205479452055,1991_2007
40757,Semnan,2012,23.0,20.0,25.0,33.0,360,364,98.63013698630137,99.72602739726028,1991_2007
40757,Semnan,2013,60.0,52.0,16.0,36.0,365,365,100.0,100.0,1991_2007
40757,Semnan,2014,55.0,46.0,27.0,30.0,361,364,98.9041095890411,99.72602739726028,1991_2007
40757,Semnan,2015,61.0,65.0,21.0,21.0,361,364,98.9041095890411,99.72602739726028,1991_2007
40757,Semnan,2016,67.0,52.0,29.0,29.0,357,364,97.80821917808218,99.72602739726028,1991_2007
40757,Semnan,2017,49.0,33.0,15.0,21.0,363,364,99.45205479452055,99.72602739726028,1991_2007
40757,Semnan,2018,73.0,66.0,22.0,24.0,359,365,98.35616438356163,100.0,1991_2007
40757,Semnan,2019,45.0,45.0,27.0,16.0,363,365,99.45205479452055,100.0,1991_2007
40757,Semnan,2020,41.0,31.0,34.0,26.0,365,365,100.0,100.0,1991_2007
40757,Semnan,2021,102.0,60.0,18.0,26.0,365,365,100.0,100.0,1991_2007
40757,Semnan,2022,66.0,56.0,10.0,22.0,365,365,100.0,100.0,1991_2007
40757,Semnan,2023,74.0,67.0,12.0,14.0,365,365,100.0,100.0,1991_2007
40757,Semnan,2024,72.0,70.0,23.0,22.0,359,365,98.35616438356163,100.0,1991_2007
40758,Garmsar,1991,9.0,12.0,51.0,40.0,365,359,100.0,98.35616438356163,1991_2007
40758,Garmsar,1992,8.0,16.0,95.0,91.0,364,354,99.72602739726028,96.98630136986301,1991_2007
40758,Garmsar,1993,6.0,9.0,69.0,51.0,362,359,99.17808219178083,98.35616438356163,1991_2007
40758,Garmsar,1994,13.0,20.0,35.0,55.0,364,359,99.72602739726028,98.35616438356163,1991_2007
40758,Garmsar,1995,33.0,15.0,26.0,30.0,333,332,91.23287671232877,90.95890410958904,1991_2007
40758,Garmsar,1996,25.0,26.0,48.0,46.0,364,353,99.72602739726028,96.7123287671233,1991_2007
40758,Garmsar,1997,30.0,19.0,22.0,35.0,361,363,98.9041095890411,99.45205479452055,1991_2007
40758,Garmsar,1998,55.0,38.0,26.0,19.0,365,358,100.0,98.08219178082192,1991_2007
40758,Garmsar,1999,38.0,20.0,22.0,31.0,361,363,98.9041095890411,99.45205479452055,1991_2007
40758,Garmsar,2000,41.0,32.0,21.0,27.0,360,364,98.63013698630137,99.72602739726028,1991_2007
40758,Garmsar,2001,54.0,38.0,20.0,22.0,360,361,98.63013698630137,98.9041095890411,1991_2007
40758,Garmsar,2002,68.0,39.0,22.0,17.0,361,359,98.9041095890411,98.35616438356163,1991_2007
40758,Garmsar,2003,32.0,29.0,24.0,36.0,362,360,99.17808219178083,98.63013698630137,1991_2007
40758,Garmsar,2004,39.0,33.0,19.0,19.0,359,360,98.35616438356163,98.63013698630137,1991_2007
40758,Garmsar,2005,47.0,40.0,27.0,25.0,363,363,99.45205479452055,99.45205479452055,1991_2007
40758,Garmsar,2006,34.0,101.0,22.0,5.0,364,359,99.72602739726028,98.35616438356163,1991_2007
40758,Garmsar,2007,17.0,72.0,27.0,7.0,359,358,98.35616438356163,98.08219178082192,1991_2007
40758,Garmsar,2008,42.0,117.0,54.0,32.0,364,361,99.72602739726028,98.9041095890411,1991_2007
40758,Garmsar,2009,26.0,99.0,20.0,6.0,362,361,99.17808219178083,98.9041095890411,1991_2007
40758,Garmsar,2010,68.0,132.0,18.0,3.0,361,362,98.9041095890411,99.17808219178083,1991_2007
40758,Garmsar,2011,34.0,115.0,35.0,15.0,357,361,97.80821917808218,98.9041095890411,1991_2007
40758,Garmsar,2012,14.0,74.0,31.0,14.0,356,356,97.53424657534246,97.53424657534246,1991_2007
40758,Garmsar,2013,51.0,96.0,28.0,16.0,365,365,100.0,100.0,1991_2007
40758,Garmsar,2014,30.0,96.0,33.0,15.0,358,361,98.08219178082192,98.9041095890411,1991_2007
40758,Garmsar,2015,47.0,116.0,35.0,8.0,365,364,100.0,99.72602739726028,1991_2007
40758,Garmsar,2016,52.0,101.0,37.0,10.0,364,364,99.72602739726028,99.72602739726028,1991_2007
40758,Garmsar,2017,25.0,112.0,26.0,3.0,365,365,100.0,100.0,1991_2007
40758,Garmsar,2018,52.0,142.0,31.0,4.0,362,363,99.17808219178083,99.45205479452055,1991_2007
40758,Garmsar,2019,26.0,114.0,38.0,4.0,363,365,99.45205479452055,100.0,1991_2007
40758,Garmsar,2020,29.0,96.0,55.0,6.0,365,364,100.0,99.72602739726028,1991_2007
40758,Garmsar,2021,66.0,168.0,20.0,3.0,365,364,100.0,99.72602739726028,1991_2007
40758,Garmsar,2022,51.0,137.0,16.0,4.0,364,365,99.72602739726028,100.0,1991_2007
40758,Garmsar,2023,54.0,141.0,21.0,4.0,363,365,99.45205479452055,100.0,1991_2007
40758,Garmsar,2024,52.0,142.0,28.0,6.0,361,365,98.9041095890411,100.0,1991_2007
40762,Torbat-E Heydariyeh,1991,16.0,23.0,47.0,44.0,364,361,99.72602739726028,98.9041095890411,1991_2007
40762,Torbat-E Heydariyeh,1992,15.0,18.0,77.0,52.0,358,357,98.08219178082192,97.80821917808218,1991_2007
40762,Torbat-E Heydariyeh,1993,6.0,27.0,67.0,45.0,363,362,99.45205479452055,99.17808219178083,1991_2007
40762,Torbat-E Heydariyeh,1994,25.0,31.0,26.0,38.0,362,364,99.17808219178083,99.72602739726028,1991_2007
40762,Torbat-E Heydariyeh,1995,52.0,27.0,36.0,47.0,361,364,98.9041095890411,99.72602739726028,1991_2007
40762,Torbat-E Heydariyeh,1996,33.0,29.0,34.0,53.0,365,362,100.0,99.17808219178083,1991_2007
40762,Torbat-E Heydariyeh,1997,35.0,29.0,27.0,28.0,360,364,98.63013698630137,99.72602739726028,1991_2007
40762,Torbat-E Heydariyeh,1998,35.0,44.0,31.0,22.0,361,361,98.9041095890411,98.9041095890411,1991_2007
40762,Torbat-E Heydariyeh,1999,28.0,39.0,25.0,41.0,354,365,96.98630136986301,100.0,1991_2007
40762,Torbat-E Heydariyeh,2000,33.0,40.0,28.0,27.0,357,363,97.80821917808218,99.45205479452055,1991_2007
40762,Torbat-E Heydariyeh,2001,54.0,34.0,21.0,25.0,360,365,98.63013698630137,100.0,1991_2007
40762,Torbat-E Heydariyeh,2002,56.0,42.0,18.0,27.0,357,364,97.80821917808218,99.72602739726028,1991_2007
40762,Torbat-E Heydariyeh,2003,35.0,31.0,39.0,42.0,360,357,98.63013698630137,97.80821917808218,1991_2007
40762,Torbat-E Heydariyeh,2004,42.0,40.0,20.0,20.0,356,361,97.53424657534246,98.9041095890411,1991_2007
40762,Torbat-E Heydariyeh,2005,21.0,34.0,35.0,29.0,360,364,98.63013698630137,99.72602739726028,1991_2007
40762,Torbat-E Heydariyeh,2006,54.0,64.0,25.0,20.0,358,365,98.08219178082192,100.0,1991_2007
40762,Torbat-E Heydariyeh,2007,29.0,26.0,24.0,42.0,360,360,98.63013698630137,98.63013698630137,1991_2007
40762,Torbat-E Heydariyeh,2008,66.0,67.0,52.0,51.0,359,363,98.35616438356163,99.45205479452055,1991_2007
40762,Torbat-E Heydariyeh,2009,34.0,45.0,27.0,31.0,360,364,98.63013698630137,99.72602739726028,1991_2007
40762,Torbat-E Heydariyeh,2010,78.0,51.0,12.0,24.0,361,364,98.9041095890411,99.72602739726028,1991_2007
40762,Torbat-E Heydariyeh,2011,56.0,56.0,25.0,30.0,360,363,98.63013698630137,99.45205479452055,1991_2007
40762,Torbat-E Heydariyeh,2012,16.0,38.0,32.0,28.0,362,363,99.17808219178083,99.45205479452055,1991_2007
40762,Torbat-E Heydariyeh,2013,87.0,48.0,19.0,31.0,365,365,100.0,100.0,1991_2007
40762,Torbat-E Heydariyeh,2014,57.0,45.0,32.0,39.0,363,364,99.45205479452055,99.72602739726028,1991_2007
40762,Torbat-E Heydariyeh,2015,67.0,71.0,22.0,16.0,365,364,100.0,99.72602739726028,1991_2007
40762,Torbat-E Heydariyeh,2016,105.0,64.0,20.0,20.0,363,365,99.45205479452055,100.0,1991_2007
40762,Torbat-E Heydariyeh,2017,65.0,58.0,13.0,21.0,365,365,100.0,100.0,1991_2007
40762,Torbat-E Heydariyeh,2018,72.0,70.0,27.0,27.0,365,365,100.0,100.0,1991_2007
40762,Torbat-E Heydariyeh,2019,62.0,60.0,19.0,15.0,365,365,100.0,100.0,1991_2007
40762,Torbat-E Heydariyeh,2020,59.0,28.0,39.0,37.0,363,365,99.45205479452055,100.0,1991_2007
40762,Torbat-E Heydariyeh,2021,108.0,56.0,10.0,28.0,363,365,99.45205479452055,100.0,1991_2007
40762,Torbat-E Heydariyeh,2022,91.0,67.0,14.0,11.0,365,365,100.0,100.0,1991_2007
40762,Torbat-E Heydariyeh,2023,111.0,84.0,5.0,18.0,365,365,100.0,100.0,1991_2007
40762,Torbat-E Heydariyeh,2024,86.0,67.0,25.0,21.0,365,365,100.0,100.0,1991_2007
40763,Kashmar,1991,14.0,27.0,41.0,33.0,365,359,100.0,98.35616438356163,1991_2007
40763,Kashmar,1992,16.0,15.0,71.0,80.0,365,361,100.0,98.9041095890411,1991_2007
40763,Kashmar,1993,9.0,20.0,70.0,45.0,364,361,99.72602739726028,98.9041095890411,1991_2007
40763,Kashmar,1994,21.0,36.0,30.0,41.0,365,363,100.0,99.45205479452055,1991_2007
40763,Kashmar,1995,42.0,31.0,36.0,44.0,363,362,99.45205479452055,99.17808219178083,1991_2007
40763,Kashmar,1996,27.0,36.0,44.0,46.0,364,362,99.72602739726028,99.17808219178083,1991_2007
40763,Kashmar,1997,30.0,31.0,36.0,34.0,365,364,100.0,99.72602739726028,1991_2007
40763,Kashmar,1998,45.0,40.0,29.0,22.0,364,363,99.72602739726028,99.45205479452055,1991_2007
40763,Kashmar,1999,29.0,35.0,24.0,22.0,365,365,100.0,100.0,1991_2007
40763,Kashmar,2000,34.0,31.0,21.0,27.0,358,362,98.08219178082192,99.17808219178083,1991_2007
40763,Kashmar,2001,56.0,41.0,21.0,23.0,365,365,100.0,100.0,1991_2007
40763,Kashmar,2002,58.0,55.0,20.0,26.0,365,365,100.0,100.0,1991_2007
40763,Kashmar,2003,39.0,32.0,28.0,38.0,365,365,100.0,100.0,1991_2007
40763,Kashmar,2004,36.0,38.0,20.0,16.0,363,365,99.45205479452055,100.0,1991_2007
40763,Kashmar,2005,23.0,29.0,27.0,26.0,365,365,100.0,100.0,1991_2007
40763,Kashmar,2006,58.0,62.0,26.0,24.0,365,365,100.0,100.0,1991_2007
40763,Kashmar,2007,23.0,30.0,27.0,39.0,365,365,100.0,100.0,1991_2007
40763,Kashmar,2008,64.0,54.0,56.0,53.0,365,365,100.0,100.0,1991_2007
40763,Kashmar,2009,32.0,42.0,40.0,16.0,365,365,100.0,100.0,1991_2007
40763,Kashmar,2010,58.0,65.0,17.0,20.0,365,365,100.0,100.0,1991_2007
40763,Kashmar,2011,52.0,59.0,29.0,30.0,356,364,97.53424657534246,99.72602739726028,1991_2007
40763,Kashmar,2012,10.0,19.0,35.0,35.0,365,365,100.0,100.0,1991_2007
40763,Kashmar,2013,75.0,54.0,20.0,29.0,365,365,100.0,100.0,1991_2007
40763,Kashmar,2014,46.0,39.0,28.0,47.0,364,365,99.72602739726028,100.0,1991_2007
40763,Kashmar,2015,67.0,66.0,22.0,24.0,365,365,100.0,100.0,1991_2007
40763,Kashmar,2016,85.0,61.0,18.0,28.0,361,365,98.9041095890411,100.0,1991_2007
40763,Kashmar,2017,51.0,60.0,10.0,20.0,365,365,100.0,100.0,1991_2007
40763,Kashmar,2018,67.0,61.0,28.0,27.0,365,365,100.0,100.0,1991_2007
40763,Kashmar,2019,46.0,54.0,25.0,24.0,364,365,99.72602739726028,100.0,1991_2007
40763,Kashmar,2020,46.0,34.0,43.0,28.0,365,365,100.0,100.0,1991_2007
40763,Kashmar,2021,94.0,55.0,12.0,36.0,365,364,100.0,99.72602739726028,1991_2007
40763,Kashmar,2022,79.0,71.0,12.0,25.0,363,365,99.45205479452055,100.0,1991_2007
40763,Kashmar,2023,83.0,77.0,6.0,21.0,365,365,100.0,100.0,1991_2007
40763,Kashmar,2024,78.0,79.0,28.0,23.0,365,365,100.0,100.0,1991_2007
40764,Ravansar,1991,19.0,28.0,31.0,15.0,363,340,99.45205479452055,93.15068493150685,1991_2007
40764,Ravansar,1992,2.0,14.0,111.0,82.0,364,333,99.72602739726028,91.23287671232877,1991_2007
40764,Ravansar,1993,14.0,26.0,46.0,52.0,365,349,100.0,95.61643835616438,1991_2007
40764,Ravansar,1994,13.0,38.0,30.0,29.0,365,344,100.0,94.24657534246576,1991_2007
40764,Ravansar,1995,27.0,22.0,32.0,46.0,365,351,100.0,96.16438356164385,1991_2007
40764,Ravansar,1996,17.0,37.0,24.0,18.0,365,341,100.0,93.42465753424658,1991_2007
40764,Ravansar,1997,20.0,19.0,40.0,43.0,360,338,98.63013698630137,92.6027397260274,1991_2007
40764,Ravansar,1998,75.0,42.0,38.0,32.0,359,336,98.35616438356163,92.05479452054794,1991_2007
40764,Ravansar,1999,55.0,32.0,14.0,13.0,365,340,100.0,93.15068493150685,1991_2007
40764,Ravansar,2000,38.0,37.0,15.0,33.0,359,343,98.35616438356163,93.97260273972603,1991_2007
40764,Ravansar,2001,60.0,40.0,19.0,13.0,355,340,97.26027397260275,93.15068493150685,1991_2007
40764,Ravansar,2002,37.0,32.0,32.0,39.0,358,339,98.08219178082192,92.87671232876711,1991_2007
40764,Ravansar,2003,29.0,31.0,19.0,20.0,353,334,96.7123287671233,91.5068493150685,1991_2007
40764,Ravansar,2004,45.0,30.0,24.0,39.0,357,346,97.80821917808218,94.79452054794521,1991_2007
40764,Ravansar,2005,43.0,35.0,31.0,28.0,356,343,97.53424657534246,93.97260273972603,1991_2007
40764,Ravansar,2006,27.0,49.0,30.0,16.0,365,365,100.0,100.0,1991_2007
40764,Ravansar,2007,27.0,48.0,25.0,25.0,365,365,100.0,100.0,1991_2007
40764,Ravansar,2008,62.0,57.0,42.0,30.0,365,364,100.0,99.72602739726028,1991_2007
40764,Ravansar,2009,26.0,27.0,49.0,28.0,365,364,100.0,99.72602739726028,1991_2007
40764,Ravansar,2010,98.0,70.0,15.0,8.0,365,365,100.0,100.0,1991_2007
40764,Ravansar,2011,30.0,23.0,46.0,33.0,365,364,100.0,99.72602739726028,1991_2007
40764,Ravansar,2012,24.0,44.0,15.0,18.0,325,330,89.04109589041096,90.41095890410958,1991_2007
40764,Ravansar,2013,56.0,56.0,28.0,21.0,365,364,100.0,99.72602739726028,1991_2007
40764,Ravansar,2014,58.0,47.0,23.0,13.0,360,364,98.63013698630137,99.72602739726028,1991_2007
40764,Ravansar,2015,107.0,44.0,28.0,9.0,365,361,100.0,98.9041095890411,1991_2007
40764,Ravansar,2016,66.0,63.0,24.0,24.0,365,364,100.0,99.72602739726028,1991_2007
40764,Ravansar,2017,88.0,49.0,16.0,24.0,363,363,99.45205479452055,99.45205479452055,1991_2007
40764,Ravansar,2018,87.0,66.0,14.0,3.0,364,363,99.72602739726028,99.45205479452055,1991_2007
40764,Ravansar,2019,62.0,48.0,19.0,9.0,359,359,98.35616438356163,98.35616438356163,1991_2007
40764,Ravansar,2020,63.0,69.0,17.0,11.0,361,363,98.9041095890411,99.45205479452055,1991_2007
40764,Ravansar,2021,137.0,67.0,0.0,11.0,363,364,99.45205479452055,99.72602739726028,1991_2007
40764,Ravansar,2022,119.0,76.0,10.0,15.0,363,365,99.45205479452055,100.0,1991_2007
40764,Ravansar,2023,82.0,56.0,10.0,13.0,362,365,99.17808219178083,100.0,1991_2007
40764,Ravansar,2024,127.0,62.0,18.0,13.0,364,365,99.72602739726028,100.0,1991_2007
40765,Sarpol-E-Zahab,1991,18.0,20.0,37.0,39.0,363,345,99.45205479452055,94.52054794520548,1991_2007
40765,Sarpol-E-Zahab,1992,4.0,13.0,103.0,74.0,364,347,99.72602739726028,95.06849315068493,1991_2007
40765,Sarpol-E-Zahab,1993,20.0,22.0,48.0,67.0,365,351,100.0,96.16438356164385,1991_2007
40765,Sarpol-E-Zahab,1994,18.0,40.0,36.0,36.0,364,355,99.72602739726028,97.26027397260275,1991_2007
40765,Sarpol-E-Zahab,1995,24.0,20.0,34.0,51.0,364,360,99.72602739726028,98.63013698630137,1991_2007
40765,Sarpol-E-Zahab,1996,23.0,49.0,27.0,21.0,365,353,100.0,96.7123287671233,1991_2007
40765,Sarpol-E-Zahab,1997,14.0,15.0,59.0,49.0,362,353,99.17808219178083,96.7123287671233,1991_2007
40765,Sarpol-E-Zahab,1998,62.0,42.0,29.0,13.0,364,354,99.72602739726028,96.98630136986301,1991_2007
40765,Sarpol-E-Zahab,1999,42.0,30.0,19.0,12.0,365,360,100.0,98.63013698630137,1991_2007
40765,Sarpol-E-Zahab,2000,38.0,51.0,16.0,24.0,357,358,97.80821917808218,98.08219178082192,1991_2007
40765,Sarpol-E-Zahab,2001,50.0,37.0,10.0,24.0,359,357,98.35616438356163,97.80821917808218,1991_2007
40765,Sarpol-E-Zahab,2002,46.0,38.0,32.0,17.0,355,358,97.26027397260275,98.08219178082192,1991_2007
40765,Sarpol-E-Zahab,2003,36.0,31.0,31.0,29.0,358,352,98.08219178082192,96.43835616438356,1991_2007
40765,Sarpol-E-Zahab,2004,42.0,34.0,33.0,29.0,360,353,98.63013698630137,96.7123287671233,1991_2007
40765,Sarpol-E-Zahab,2005,52.0,32.0,22.0,26.0,360,357,98.63013698630137,97.80821917808218,1991_2007
40765,Sarpol-E-Zahab,2006,33.0,51.0,21.0,14.0,364,365,99.72602739726028,100.0,1991_2007
40765,Sarpol-E-Zahab,2007,30.0,42.0,15.0,21.0,364,365,99.72602739726028,100.0,1991_2007
40765,Sarpol-E-Zahab,2008,70.0,63.0,32.0,30.0,363,363,99.45205479452055,99.45205479452055,1991_2007
40765,Sarpol-E-Zahab,2009,40.0,47.0,45.0,27.0,365,364,100.0,99.72602739726028,1991_2007
40765,Sarpol-E-Zahab,2010,111.0,95.0,13.0,4.0,365,365,100.0,100.0,1991_2007
40765,Sarpol-E-Zahab,2011,48.0,43.0,36.0,32.0,364,365,99.72602739726028,100.0,1991_2007
40765,Sarpol-E-Zahab,2012,41.0,64.0,12.0,8.0,318,324,87.12328767123287,88.76712328767124,1991_2007
40765,Sarpol-E-Zahab,2013,47.0,40.0,37.0,22.0,364,365,99.72602739726028,100.0,1991_2007
40765,Sarpol-E-Zahab,2014,56.0,45.0,24.0,11.0,358,347,98.08219178082192,95.06849315068493,1991_2007
40765,Sarpol-E-Zahab,2015,59.0,72.0,27.0,7.0,361,360,98.9041095890411,98.63013698630137,1991_2007
40765,Sarpol-E-Zahab,2016,58.0,64.0,23.0,15.0,365,364,100.0,99.72602739726028,1991_2007
40765,Sarpol-E-Zahab,2017,107.0,53.0,15.0,18.0,351,345,96.16438356164385,94.52054794520548,1991_2007
40765,Sarpol-E-Zahab,2018,59.0,91.0,17.0,0.0,363,362,99.45205479452055,99.17808219178083,1991_2007
40765,Sarpol-E-Zahab,2019,43.0,56.0,16.0,7.0,363,361,99.45205479452055,98.9041095890411,1991_2007
40765,Sarpol-E-Zahab,2020,69.0,76.0,16.0,8.0,364,364,99.72602739726028,99.72602739726028,1991_2007
40765,Sarpol-E-Zahab,2021,94.0,81.0,4.0,9.0,365,365,100.0,100.0,1991_2007
40765,Sarpol-E-Zahab,2022,78.0,88.0,17.0,9.0,365,365,100.0,100.0,1991_2007
40765,Sarpol-E-Zahab,2023,84.0,75.0,12.0,10.0,364,365,99.72602739726028,100.0,1991_2007
40765,Sarpol-E-Zahab,2024,107.0,78.0,10.0,12.0,364,365,99.72602739726028,100.0,1991_2007
40766,Kermanshah,1991,17.0,28.0,36.0,23.0,365,341,100.0,93.42465753424658,1991_2007
40766,Kermanshah,1992,0.0,23.0,123.0,67.0,365,338,100.0,92.6027397260274,1991_2007
40766,Kermanshah,1993,6.0,22.0,61.0,40.0,365,346,100.0,94.79452054794521,1991_2007
40766,Kermanshah,1994,7.0,34.0,39.0,29.0,365,350,100.0,95.8904109589041,1991_2007
40766,Kermanshah,1995,34.0,16.0,27.0,61.0,365,361,100.0,98.9041095890411,1991_2007
40766,Kermanshah,1996,23.0,41.0,23.0,37.0,364,353,99.72602739726028,96.7123287671233,1991_2007
40766,Kermanshah,1997,30.0,15.0,34.0,53.0,361,355,98.9041095890411,97.26027397260275,1991_2007
40766,Kermanshah,1998,89.0,42.0,32.0,25.0,362,352,99.17808219178083,96.43835616438356,1991_2007
40766,Kermanshah,1999,58.0,41.0,13.0,26.0,360,356,98.63013698630137,97.53424657534246,1991_2007
40766,Kermanshah,2000,29.0,47.0,23.0,34.0,363,354,99.45205479452055,96.98630136986301,1991_2007
40766,Kermanshah,2001,60.0,30.0,12.0,24.0,362,353,99.17808219178083,96.7123287671233,1991_2007
40766,Kermanshah,2002,36.0,28.0,32.0,27.0,359,348,98.35616438356163,95.34246575342465,1991_2007
40766,Kermanshah,2003,39.0,34.0,16.0,31.0,359,340,98.35616438356163,93.15068493150685,1991_2007
40766,Kermanshah,2004,34.0,35.0,30.0,31.0,360,348,98.63013698630137,95.34246575342465,1991_2007
40766,Kermanshah,2005,39.0,38.0,31.0,24.0,358,348,98.08219178082192,95.34246575342465,1991_2007
40766,Kermanshah,2006,37.0,55.0,27.0,12.0,365,365,100.0,100.0,1991_2007
40766,Kermanshah,2007,27.0,42.0,24.0,25.0,364,365,99.72602739726028,100.0,1991_2007
40766,Kermanshah,2008,50.0,73.0,52.0,35.0,365,365,100.0,100.0,1991_2007
40766,Kermanshah,2009,24.0,43.0,63.0,40.0,364,365,99.72602739726028,100.0,1991_2007
40766,Kermanshah,2010,81.0,65.0,17.0,10.0,365,363,100.0,99.45205479452055,1991_2007
40766,Kermanshah,2011,39.0,34.0,38.0,29.0,365,363,100.0,99.45205479452055,1991_2007
40766,Kermanshah,2012,22.0,54.0,24.0,14.0,365,365,100.0,100.0,1991_2007
40766,Kermanshah,2013,46.0,43.0,30.0,33.0,365,365,100.0,100.0,1991_2007
40766,Kermanshah,2014,30.0,44.0,37.0,13.0,359,357,98.35616438356163,97.80821917808218,1991_2007
40766,Kermanshah,2015,73.0,72.0,33.0,10.0,364,365,99.72602739726028,100.0,1991_2007
40766,Kermanshah,2016,40.0,58.0,31.0,22.0,363,360,99.45205479452055,98.63013698630137,1991_2007
40766,Kermanshah,2017,30.0,43.0,16.0,26.0,356,349,97.53424657534246,95.61643835616438,1991_2007
40766,Kermanshah,2018,63.0,57.0,25.0,4.0,363,353,99.45205479452055,96.7123287671233,1991_2007
40766,Kermanshah,2019,35.0,31.0,27.0,13.0,356,345,97.53424657534246,94.52054794520548,1991_2007
40766,Kermanshah,2020,40.0,62.0,23.0,13.0,363,358,99.45205479452055,98.08219178082192,1991_2007
40766,Kermanshah,2021,93.0,62.0,4.0,13.0,365,362,100.0,99.17808219178083,1991_2007
40766,Kermanshah,2022,75.0,86.0,12.0,9.0,364,364,99.72602739726028,99.72602739726028,1991_2007
40766,Kermanshah,2023,39.0,57.0,15.0,10.0,326,346,89.31506849315069,94.79452054794521,1991_2007
40766,Kermanshah,2024,34.0,72.0,22.0,18.0,349,364,95.61643835616438,99.72602739726028,1991_2007
40768,Hamedan (Airport),1991,24.0,24.0,36.0,38.0,365,333,100.0,91.23287671232877,1991_2007
40768,Hamedan (Airport),1992,3.0,16.0,128.0,94.0,364,329,99.72602739726028,90.13698630136986,1991_2007
40768,Hamedan (Airport),1993,6.0,17.0,38.0,47.0,365,341,100.0,93.42465753424658,1991_2007
40768,Hamedan (Airport),1994,30.0,27.0,27.0,53.0,365,345,100.0,94.52054794520548,1991_2007
40768,Hamedan (Airport),1995,38.0,19.0,36.0,46.0,364,358,99.72602739726028,98.08219178082192,1991_2007
40768,Hamedan (Airport),1996,23.0,32.0,35.0,37.0,362,339,99.17808219178083,92.87671232876711,1991_2007
40768,Hamedan (Airport),1997,39.0,28.0,18.0,25.0,354,349,96.98630136986301,95.61643835616438,1991_2007
40768,Hamedan (Airport),1998,53.0,41.0,35.0,17.0,359,341,98.35616438356163,93.42465753424658,1991_2007
40768,Hamedan (Airport),1999,37.0,45.0,23.0,23.0,360,353,98.63013698630137,96.7123287671233,1991_2007
40768,Hamedan (Airport),2000,24.0,31.0,29.0,27.0,362,346,99.17808219178083,94.79452054794521,1991_2007
40768,Hamedan (Airport),2001,41.0,40.0,19.0,11.0,365,365,100.0,100.0,1991_2007
40768,Hamedan (Airport),2002,43.0,32.0,28.0,16.0,365,365,100.0,100.0,1991_2007
40768,Hamedan (Airport),2003,26.0,40.0,17.0,19.0,365,365,100.0,100.0,1991_2007
40768,Hamedan (Airport),2004,30.0,32.0,26.0,24.0,365,365,100.0,100.0,1991_2007
40768,Hamedan (Airport),2005,42.0,40.0,30.0,32.0,365,365,100.0,100.0,1991_2007
40768,Hamedan (Airport),2006,46.0,56.0,31.0,19.0,365,365,100.0,100.0,1991_2007
40768,Hamedan (Airport),2007,39.0,29.0,21.0,22.0,363,364,99.45205479452055,99.72602739726028,1991_2007
40768,Hamedan (Airport),2008,62.0,35.0,37.0,39.0,365,365,100.0,100.0,1991_2007
40768,Hamedan (Airport),2009,56.0,52.0,29.0,32.0,365,365,100.0,100.0,1991_2007
40768,Hamedan (Airport),2010,113.0,63.0,14.0,16.0,365,365,100.0,100.0,1991_2007
40768,Hamedan (Airport),2011,40.0,30.0,26.0,35.0,358,350,98.08219178082192,95.8904109589041,1991_2007
40768,Hamedan (Airport),2012,32.0,24.0,14.0,24.0,357,352,97.80821917808218,96.43835616438356,1991_2007
40768,Hamedan (Airport),2013,69.0,44.0,30.0,44.0,364,365,99.72602739726028,100.0,1991_2007
40768,Hamedan (Airport),2014,40.0,42.0,26.0,23.0,362,349,99.17808219178083,95.61643835616438,1991_2007
40768,Hamedan (Airport),2015,116.0,73.0,28.0,21.0,358,356,98.08219178082192,97.53424657534246,1991_2007
40768,Hamedan (Airport),2016,68.0,54.0,12.0,36.0,362,361,99.17808219178083,98.9041095890411,1991_2007
40768,Hamedan (Airport),2017,64.0,40.0,10.0,30.0,356,355,97.53424657534246,97.26027397260275,1991_2007
40768,Hamedan (Airport),2018,89.0,68.0,20.0,6.0,360,358,98.63013698630137,98.08219178082192,1991_2007
40768,Hamedan (Airport),2019,54.0,36.0,24.0,24.0,357,342,97.80821917808218,93.69863013698631,1991_2007
40768,Hamedan (Airport),2020,44.0,38.0,26.0,27.0,365,364,100.0,99.72602739726028,1991_2007
40768,Hamedan (Airport),2021,119.0,48.0,13.0,20.0,365,365,100.0,100.0,1991_2007
40768,Hamedan (Airport),2022,92.0,60.0,2.0,19.0,365,365,100.0,100.0,1991_2007
40768,Hamedan (Airport),2023,64.0,66.0,8.0,19.0,364,365,99.72602739726028,100.0,1991_2007
40768,Hamedan (Airport),2024,81.0,69.0,16.0,27.0,365,365,100.0,100.0,1991_2007
40769,Arak,1991,11.0,20.0,33.0,35.0,365,350,100.0,95.8904109589041,1991_2007
40769,Arak,1992,4.0,10.0,101.0,89.0,365,340,100.0,93.15068493150685,1991_2007
40769,Arak,1993,2.0,9.0,57.0,42.0,365,340,100.0,93.15068493150685,1991_2007
40769,Arak,1994,19.0,22.0,32.0,35.0,365,351,100.0,96.16438356164385,1991_2007
40769,Arak,1995,14.0,11.0,32.0,36.0,334,325,91.5068493150685,89.04109589041096,1991_2007
40769,Arak,1996,14.0,34.0,40.0,30.0,365,349,100.0,95.61643835616438,1991_2007
40769,Arak,1997,27.0,34.0,30.0,24.0,365,345,100.0,94.52054794520548,1991_2007
40769,Arak,1998,71.0,46.0,23.0,6.0,365,342,100.0,93.69863013698631,1991_2007
40769,Arak,1999,41.0,32.0,21.0,21.0,365,347,100.0,95.06849315068493,1991_2007
40769,Arak,2000,35.0,42.0,37.0,40.0,365,345,100.0,94.52054794520548,1991_2007
40769,Arak,2001,50.0,30.0,17.0,16.0,365,345,100.0,94.52054794520548,1991_2007
40769,Arak,2002,45.0,39.0,21.0,15.0,365,353,100.0,96.7123287671233,1991_2007
40769,Arak,2003,39.0,36.0,12.0,27.0,365,346,100.0,94.79452054794521,1991_2007
40769,Arak,2004,38.0,50.0,19.0,23.0,365,343,100.0,93.97260273972603,1991_2007
40769,Arak,2005,42.0,51.0,31.0,31.0,365,345,100.0,94.52054794520548,1991_2007
40769,Arak,2006,42.0,47.0,34.0,21.0,365,365,100.0,100.0,1991_2007
40769,Arak,2007,29.0,29.0,24.0,11.0,365,365,100.0,100.0,1991_2007
40769,Arak,2008,50.0,38.0,48.0,49.0,365,365,100.0,100.0,1991_2007
40769,Arak,2009,37.0,34.0,28.0,30.0,365,365,100.0,100.0,1991_2007
40769,Arak,2010,99.0,61.0,17.0,15.0,365,364,100.0,99.72602739726028,1991_2007
40769,Arak,2011,44.0,40.0,32.0,28.0,364,365,99.72602739726028,100.0,1991_2007
40769,Arak,2012,29.0,23.0,25.0,15.0,365,365,100.0,100.0,1991_2007
40769,Arak,2013,72.0,55.0,22.0,24.0,365,365,100.0,100.0,1991_2007
40769,Arak,2014,44.0,51.0,29.0,20.0,365,365,100.0,100.0,1991_2007
40769,Arak,2015,82.0,62.0,30.0,20.0,365,363,100.0,99.45205479452055,1991_2007
40769,Arak,2016,83.0,53.0,16.0,30.0,365,364,100.0,99.72602739726028,1991_2007
40769,Arak,2017,65.0,43.0,13.0,26.0,365,363,100.0,99.45205479452055,1991_2007
40769,Arak,2018,78.0,78.0,15.0,6.0,362,355,99.17808219178083,97.26027397260275,1991_2007
40769,Arak,2019,76.0,42.0,24.0,12.0,355,353,97.26027397260275,96.7123287671233,1991_2007
40769,Arak,2020,55.0,43.0,23.0,22.0,365,365,100.0,100.0,1991_2007
40769,Arak,2021,107.0,56.0,9.0,9.0,364,365,99.72602739726028,100.0,1991_2007
40769,Arak,2022,102.0,66.0,11.0,21.0,360,365,98.63013698630137,100.0,1991_2007
40769,Arak,2023,81.0,63.0,6.0,17.0,365,365,100.0,100.0,1991_2007
40769,Arak,2024,84.0,92.0,14.0,16.0,364,365,99.72602739726028,100.0,1991_2007
40770,Qom,1991,14.0,8.0,36.0,50.0,364,358,99.72602739726028,98.08219178082192,1991_2007
40770,Qom,1992,9.0,8.0,85.0,87.0,363,358,99.45205479452055,98.08219178082192,1991_2007
40770,Qom,1993,10.0,12.0,69.0,46.0,363,359,99.45205479452055,98.35616438356163,1991_2007
40770,Qom,1994,16.0,28.0,36.0,42.0,364,362,99.72602739726028,99.17808219178083,1991_2007
40770,Qom,1995,35.0,20.0,28.0,44.0,363,358,99.45205479452055,98.08219178082192,1991_2007
40770,Qom,1996,31.0,30.0,48.0,32.0,362,354,99.17808219178083,96.98630136986301,1991_2007
40770,Qom,1997,34.0,23.0,18.0,43.0,361,358,98.9041095890411,98.08219178082192,1991_2007
40770,Qom,1998,56.0,34.0,21.0,18.0,360,359,98.63013698630137,98.35616438356163,1991_2007
40770,Qom,1999,33.0,32.0,22.0,23.0,365,365,100.0,100.0,1991_2007
40770,Qom,2000,37.0,28.0,24.0,32.0,365,365,100.0,100.0,1991_2007
40770,Qom,2001,45.0,28.0,25.0,18.0,365,365,100.0,100.0,1991_2007
40770,Qom,2002,49.0,41.0,25.0,24.0,365,361,100.0,98.9041095890411,1991_2007
40770,Qom,2003,26.0,40.0,28.0,28.0,364,363,99.72602739726028,99.45205479452055,1991_2007
40770,Qom,2004,28.0,68.0,26.0,13.0,365,365,100.0,100.0,1991_2007
40770,Qom,2005,42.0,47.0,30.0,18.0,365,365,100.0,100.0,1991_2007
40770,Qom,2006,32.0,57.0,21.0,7.0,364,365,99.72602739726028,100.0,1991_2007
40770,Qom,2007,22.0,46.0,30.0,11.0,365,364,100.0,99.72602739726028,1991_2007
40770,Qom,2008,41.0,61.0,49.0,42.0,363,361,99.45205479452055,98.9041095890411,1991_2007
40770,Qom,2009,47.0,53.0,17.0,19.0,364,365,99.72602739726028,100.0,1991_2007
40770,Qom,2010,108.0,78.0,14.0,6.0,365,365,100.0,100.0,1991_2007
40770,Qom,2011,55.0,64.0,36.0,24.0,365,365,100.0,100.0,1991_2007
40770,Qom,2012,17.0,53.0,33.0,25.0,365,365,100.0,100.0,1991_2007
40770,Qom,2013,83.0,58.0,16.0,22.0,365,365,100.0,100.0,1991_2007
40770,Qom,2014,64.0,56.0,27.0,18.0,361,359,98.9041095890411,98.35616438356163,1991_2007
40770,Qom,2015,82.0,70.0,19.0,12.0,362,363,99.17808219178083,99.45205479452055,1991_2007
40770,Qom,2016,89.0,56.0,16.0,18.0,364,363,99.72602739726028,99.45205479452055,1991_2007
40770,Qom,2017,65.0,42.0,13.0,26.0,359,357,98.35616438356163,97.80821917808218,1991_2007
40770,Qom,2018,94.0,82.0,20.0,12.0,361,363,98.9041095890411,99.45205479452055,1991_2007
40770,Qom,2019,65.0,56.0,22.0,12.0,358,357,98.08219178082192,97.80821917808218,1991_2007
40770,Qom,2020,61.0,48.0,29.0,21.0,364,364,99.72602739726028,99.72602739726028,1991_2007
40770,Qom,2021,132.0,63.0,9.0,22.0,365,365,100.0,100.0,1991_2007
40770,Qom,2022,99.0,81.0,10.0,17.0,365,365,100.0,100.0,1991_2007
40770,Qom,2023,103.0,89.0,8.0,11.0,365,365,100.0,100.0,1991_2007
40770,Qom,2024,98.0,93.0,20.0,13.0,365,365,100.0,100.0,1991_2007
40771,Kangavar,1991,27.0,29.0,32.0,37.0,365,341,100.0,93.42465753424658,1991_2007
40771,Kangavar,1992,0.0,24.0,111.0,52.0,364,336,99.72602739726028,92.05479452054794,1991_2007
40771,Kangavar,1993,5.0,24.0,36.0,37.0,365,343,100.0,93.97260273972603,1991_2007
40771,Kangavar,1994,22.0,41.0,35.0,29.0,364,347,99.72602739726028,95.06849315068493,1991_2007
40771,Kangavar,1995,24.0,21.0,32.0,29.0,364,357,99.72602739726028,97.80821917808218,1991_2007
40771,Kangavar,1996,13.0,44.0,36.0,26.0,365,347,100.0,95.06849315068493,1991_2007
40771,Kangavar,1997,28.0,23.0,33.0,37.0,361,353,98.9041095890411,96.7123287671233,1991_2007
40771,Kangavar,1998,65.0,43.0,34.0,31.0,359,344,98.35616438356163,94.24657534246576,1991_2007
40771,Kangavar,1999,48.0,38.0,19.0,23.0,364,350,99.72602739726028,95.8904109589041,1991_2007
40771,Kangavar,2000,35.0,32.0,21.0,33.0,361,347,98.9041095890411,95.06849315068493,1991_2007
40771,Kangavar,2001,57.0,33.0,21.0,25.0,359,348,98.35616438356163,95.34246575342465,1991_2007
40771,Kangavar,2002,39.0,31.0,24.0,41.0,359,342,98.35616438356163,93.69863013698631,1991_2007
40771,Kangavar,2003,29.0,38.0,14.0,17.0,360,340,98.63013698630137,93.15068493150685,1991_2007
40771,Kangavar,2004,39.0,38.0,27.0,33.0,359,350,98.35616438356163,95.8904109589041,1991_2007
40771,Kangavar,2005,43.0,30.0,32.0,33.0,363,344,99.45205479452055,94.24657534246576,1991_2007
40771,Kangavar,2006,36.0,43.0,32.0,16.0,365,365,100.0,100.0,1991_2007
40771,Kangavar,2007,22.0,35.0,32.0,23.0,365,365,100.0,100.0,1991_2007
40771,Kangavar,2008,63.0,55.0,47.0,42.0,365,365,100.0,100.0,1991_2007
40771,Kangavar,2009,40.0,40.0,44.0,27.0,365,365,100.0,100.0,1991_2007
40771,Kangavar,2010,111.0,66.0,17.0,9.0,365,365,100.0,100.0,1991_2007
40771,Kangavar,2011,45.0,35.0,36.0,31.0,365,365,100.0,100.0,1991_2007
40771,Kangavar,2012,33.0,48.0,17.0,20.0,365,365,100.0,100.0,1991_2007
40771,Kangavar,2013,71.0,40.0,17.0,26.0,365,365,100.0,100.0,1991_2007
40771,Kangavar,2014,54.0,53.0,33.0,22.0,362,358,99.17808219178083,98.08219178082192,1991_2007
40771,Kangavar,2015,111.0,66.0,26.0,13.0,362,358,99.17808219178083,98.08219178082192,1991_2007
40771,Kangavar,2016,74.0,56.0,13.0,16.0,363,365,99.45205479452055,100.0,1991_2007
40771,Kangavar,2017,72.0,45.0,14.0,18.0,361,359,98.9041095890411,98.35616438356163,1991_2007
40771,Kangavar,2018,84.0,68.0,19.0,3.0,360,352,98.63013698630137,96.43835616438356,1991_2007
40771,Kangavar,2019,72.0,50.0,25.0,20.0,358,349,98.08219178082192,95.61643835616438,1991_2007
40771,Kangavar,2020,51.0,62.0,20.0,9.0,364,362,99.72602739726028,99.17808219178083,1991_2007
40771,Kangavar,2021,119.0,36.0,8.0,15.0,362,365,99.17808219178083,100.0,1991_2007
40771,Kangavar,2022,107.0,52.0,4.0,10.0,363,365,99.45205479452055,100.0,1991_2007
40771,Kangavar,2023,78.0,51.0,14.0,14.0,362,365,99.17808219178083,100.0,1991_2007
40771,Kangavar,2024,118.0,61.0,11.0,17.0,361,365,98.9041095890411,100.0,1991_2007
40772,Qorveh,1991,26.0,25.0,44.0,43.0,365,342,100.0,93.69863013698631,1991_2007
40772,Qorveh,1992,4.0,13.0,108.0,87.0,365,340,100.0,93.15068493150685,1991_2007
40772,Qorveh,1993,9.0,23.0,47.0,39.0,365,334,100.0,91.5068493150685,1991_2007
40772,Qorveh,1994,16.0,25.0,34.0,34.0,363,350,99.45205479452055,95.8904109589041,1991_2007
40772,Qorveh,1995,32.0,24.0,38.0,43.0,363,351,99.45205479452055,96.16438356164385,1991_2007
40772,Qorveh,1996,22.0,31.0,31.0,40.0,365,339,100.0,92.87671232876711,1991_2007
40772,Qorveh,1997,24.0,23.0,40.0,36.0,365,350,100.0,95.8904109589041,1991_2007
40772,Qorveh,1998,62.0,49.0,33.0,32.0,363,338,99.45205479452055,92.6027397260274,1991_2007
40772,Qorveh,1999,44.0,40.0,25.0,25.0,365,348,100.0,95.34246575342465,1991_2007
40772,Qorveh,2000,29.0,38.0,30.0,28.0,365,350,100.0,95.8904109589041,1991_2007
40772,Qorveh,2001,60.0,43.0,24.0,20.0,365,350,100.0,95.8904109589041,1991_2007
40772,Qorveh,2002,39.0,39.0,20.0,25.0,359,343,98.35616438356163,93.97260273972603,1991_2007
40772,Qorveh,2003,32.0,34.0,15.0,18.0,350,337,95.8904109589041,92.32876712328768,1991_2007
40772,Qorveh,2004,41.0,35.0,17.0,25.0,348,334,95.34246575342465,91.5068493150685,1991_2007
40772,Qorveh,2005,40.0,44.0,30.0,24.0,355,348,97.26027397260275,95.34246575342465,1991_2007
40772,Qorveh,2006,39.0,50.0,32.0,21.0,365,365,100.0,100.0,1991_2007
40772,Qorveh,2007,22.0,35.0,26.0,20.0,365,365,100.0,100.0,1991_2007
40772,Qorveh,2008,50.0,62.0,43.0,29.0,365,365,100.0,100.0,1991_2007
40772,Qorveh,2009,37.0,47.0,36.0,16.0,365,365,100.0,100.0,1991_2007
40772,Qorveh,2010,98.0,77.0,16.0,7.0,359,344,98.35616438356163,94.24657534246576,1991_2007
40772,Qorveh,2011,33.0,48.0,34.0,30.0,365,365,100.0,100.0,1991_2007
40772,Qorveh,2012,40.0,40.0,15.0,12.0,365,365,100.0,100.0,1991_2007
40772,Qorveh,2013,69.0,62.0,28.0,30.0,365,365,100.0,100.0,1991_2007
40772,Qorveh,2014,76.0,74.0,19.0,12.0,352,346,96.43835616438356,94.79452054794521,1991_2007
40772,Qorveh,2015,113.0,91.0,35.0,17.0,363,361,99.45205479452055,98.9041095890411,1991_2007
40772,Qorveh,2016,72.0,94.0,13.0,15.0,354,352,96.98630136986301,96.43835616438356,1991_2007
40772,Qorveh,2017,93.0,82.0,9.0,8.0,355,352,97.26027397260275,96.43835616438356,1991_2007
40772,Qorveh,2018,104.0,102.0,10.0,4.0,364,360,99.72602739726028,98.63013698630137,1991_2007
40772,Qorveh,2019,84.0,73.0,16.0,11.0,365,359,100.0,98.35616438356163,1991_2007
40772,Qorveh,2020,83.0,63.0,15.0,11.0,364,362,99.72602739726028,99.17808219178083,1991_2007
40772,Qorveh,2021,146.0,109.0,5.0,7.0,365,365,100.0,100.0,1991_2007
40772,Qorveh,2022,117.0,105.0,1.0,10.0,365,365,100.0,100.0,1991_2007
40772,Qorveh,2023,84.0,95.0,12.0,10.0,365,365,100.0,100.0,1991_2007
40772,Qorveh,2024,96.0,89.0,13.0,14.0,363,365,99.45205479452055,100.0,1991_2007
40774,Borujerd,1991,25.0,32.0,28.0,32.0,364,343,99.72602739726028,93.97260273972603,1991_2007
40774,Borujerd,1992,0.0,8.0,116.0,75.0,365,332,100.0,90.95890410958904,1991_2007
40774,Borujerd,1993,2.0,10.0,46.0,44.0,360,334,98.63013698630137,91.5068493150685,1991_2007
40774,Borujerd,1994,14.0,32.0,37.0,19.0,354,341,96.98630136986301,93.42465753424658,1991_2007
40774,Borujerd,1995,22.0,33.0,31.0,47.0,363,353,99.45205479452055,96.7123287671233,1991_2007
40774,Borujerd,1996,17.0,32.0,35.0,31.0,361,339,98.9041095890411,92.87671232876711,1991_2007
40774,Borujerd,1997,27.0,22.0,28.0,31.0,350,346,95.8904109589041,94.79452054794521,1991_2007
40774,Borujerd,1998,69.0,55.0,29.0,20.0,359,338,98.35616438356163,92.6027397260274,1991_2007
40774,Borujerd,1999,44.0,38.0,18.0,24.0,352,350,96.43835616438356,95.8904109589041,1991_2007
40774,Borujerd,2000,32.0,34.0,24.0,30.0,351,344,96.16438356164385,94.24657534246576,1991_2007
40774,Borujerd,2001,53.0,38.0,17.0,18.0,355,348,97.26027397260275,95.34246575342465,1991_2007
40774,Borujerd,2002,40.0,31.0,21.0,31.0,351,349,96.16438356164385,95.61643835616438,1991_2007
40774,Borujerd,2003,26.0,33.0,11.0,36.0,357,336,97.80821917808218,92.05479452054794,1991_2007
40774,Borujerd,2004,36.0,46.0,22.0,28.0,357,343,97.80821917808218,93.97260273972603,1991_2007
40774,Borujerd,2005,39.0,37.0,28.0,35.0,365,365,100.0,100.0,1991_2007
40774,Borujerd,2006,31.0,46.0,38.0,23.0,365,365,100.0,100.0,1991_2007
40774,Borujerd,2007,32.0,35.0,24.0,20.0,365,365,100.0,100.0,1991_2007
40774,Borujerd,2008,61.0,61.0,43.0,33.0,365,365,100.0,100.0,1991_2007
40774,Borujerd,2009,34.0,35.0,35.0,28.0,364,364,99.72602739726028,99.72602739726028,1991_2007
40774,Borujerd,2010,114.0,70.0,15.0,10.0,365,365,100.0,100.0,1991_2007
40774,Borujerd,2011,39.0,53.0,26.0,30.0,363,365,99.45205479452055,100.0,1991_2007
40774,Borujerd,2012,28.0,48.0,23.0,18.0,365,365,100.0,100.0,1991_2007
40774,Borujerd,2013,58.0,76.0,16.0,12.0,365,365,100.0,100.0,1991_2007
40774,Borujerd,2014,52.0,82.0,33.0,19.0,364,365,99.72602739726028,100.0,1991_2007
40774,Borujerd,2015,98.0,104.0,24.0,13.0,365,364,100.0,99.72602739726028,1991_2007
40774,Borujerd,2016,78.0,72.0,15.0,11.0,364,365,99.72602739726028,100.0,1991_2007
40774,Borujerd,2017,86.0,109.0,11.0,6.0,365,364,100.0,99.72602739726028,1991_2007
40774,Borujerd,2018,86.0,95.0,27.0,1.0,363,364,99.45205479452055,99.72602739726028,1991_2007
40774,Borujerd,2019,57.0,78.0,26.0,6.0,365,363,100.0,99.45205479452055,1991_2007
40774,Borujerd,2020,55.0,80.0,21.0,7.0,365,365,100.0,100.0,1991_2007
40774,Borujerd,2021,132.0,108.0,8.0,4.0,365,365,100.0,100.0,1991_2007
40774,Borujerd,2022,120.0,125.0,3.0,2.0,365,365,100.0,100.0,1991_2007
40774,Borujerd,2023,81.0,79.0,8.0,4.0,365,365,100.0,100.0,1991_2007
40774,Borujerd,2024,94.0,108.0,15.0,12.0,364,365,99.72602739726028,100.0,1991_2007
40778,Gonabad,1991,17.0,23.0,37.0,50.0,364,357,99.72602739726028,97.80821917808218,1991_2007
40778,Gonabad,1992,14.0,9.0,56.0,63.0,328,322,89.86301369863014,88.21917808219179,1991_2007
40778,Gonabad,1993,17.0,22.0,63.0,58.0,361,358,98.9041095890411,98.08219178082192,1991_2007
40778,Gonabad,1994,30.0,32.0,36.0,39.0,365,362,100.0,99.17808219178083,1991_2007
40778,Gonabad,1995,33.0,36.0,45.0,39.0,361,360,98.9041095890411,98.63013698630137,1991_2007
40778,Gonabad,1996,29.0,26.0,46.0,48.0,365,361,100.0,98.9041095890411,1991_2007
40778,Gonabad,1997,32.0,27.0,34.0,26.0,363,362,99.45205479452055,99.17808219178083,1991_2007
40778,Gonabad,1998,46.0,37.0,23.0,16.0,362,359,99.17808219178083,98.35616438356163,1991_2007
40778,Gonabad,1999,38.0,36.0,25.0,22.0,364,358,99.72602739726028,98.08219178082192,1991_2007
40778,Gonabad,2000,30.0,34.0,36.0,33.0,365,365,100.0,100.0,1991_2007
40778,Gonabad,2001,55.0,38.0,24.0,23.0,365,365,100.0,100.0,1991_2007
40778,Gonabad,2002,62.0,50.0,24.0,19.0,365,365,100.0,100.0,1991_2007
40778,Gonabad,2003,36.0,42.0,31.0,43.0,365,365,100.0,100.0,1991_2007
40778,Gonabad,2004,37.0,48.0,20.0,15.0,364,365,99.72602739726028,100.0,1991_2007
40778,Gonabad,2005,22.0,32.0,28.0,26.0,365,365,100.0,100.0,1991_2007
40778,Gonabad,2006,44.0,54.0,33.0,21.0,365,365,100.0,100.0,1991_2007
40778,Gonabad,2007,20.0,34.0,30.0,35.0,365,365,100.0,100.0,1991_2007
40778,Gonabad,2008,51.0,64.0,60.0,55.0,365,365,100.0,100.0,1991_2007
40778,Gonabad,2009,46.0,69.0,31.0,16.0,365,365,100.0,100.0,1991_2007
40778,Gonabad,2010,62.0,65.0,15.0,20.0,365,365,100.0,100.0,1991_2007
40778,Gonabad,2011,48.0,61.0,29.0,24.0,365,365,100.0,100.0,1991_2007
40778,Gonabad,2012,12.0,21.0,34.0,37.0,365,365,100.0,100.0,1991_2007
40778,Gonabad,2013,77.0,72.0,17.0,24.0,365,365,100.0,100.0,1991_2007
40778,Gonabad,2014,54.0,42.0,25.0,36.0,364,365,99.72602739726028,100.0,1991_2007
40778,Gonabad,2015,57.0,65.0,23.0,28.0,365,365,100.0,100.0,1991_2007
40778,Gonabad,2016,89.0,79.0,16.0,22.0,364,365,99.72602739726028,100.0,1991_2007
40778,Gonabad,2017,60.0,50.0,10.0,21.0,365,365,100.0,100.0,1991_2007
40778,Gonabad,2018,72.0,56.0,20.0,21.0,365,365,100.0,100.0,1991_2007
40778,Gonabad,2019,49.0,53.0,18.0,18.0,365,363,100.0,99.45205479452055,1991_2007
40778,Gonabad,2020,40.0,42.0,42.0,29.0,365,365,100.0,100.0,1991_2007
40778,Gonabad,2021,93.0,71.0,12.0,35.0,365,365,100.0,100.0,1991_2007
40778,Gonabad,2022,80.0,66.0,12.0,21.0,365,365,100.0,100.0,1991_2007
40778,Gonabad,2023,90.0,85.0,8.0,17.0,365,365,100.0,100.0,1991_2007
40778,Gonabad,2024,86.0,80.0,23.0,19.0,365,365,100.0,100.0,1991_2007
40779,Eslamabad-E-Gharb,1991,34.0,34.0,32.0,25.0,365,337,100.0,92.32876712328768,1991_2007
40779,Eslamabad-E-Gharb,1992,1.0,13.0,113.0,80.0,365,331,100.0,90.68493150684932,1991_2007
40779,Eslamabad-E-Gharb,1993,11.0,15.0,40.0,51.0,365,341,100.0,93.42465753424658,1991_2007
40779,Eslamabad-E-Gharb,1994,12.0,40.0,31.0,26.0,365,342,100.0,93.69863013698631,1991_2007
40779,Eslamabad-E-Gharb,1995,26.0,13.0,31.0,44.0,365,360,100.0,98.63013698630137,1991_2007
40779,Eslamabad-E-Gharb,1996,13.0,47.0,24.0,25.0,365,351,100.0,96.16438356164385,1991_2007
40779,Eslamabad-E-Gharb,1997,13.0,13.0,52.0,40.0,358,340,98.08219178082192,93.15068493150685,1991_2007
40779,Eslamabad-E-Gharb,1998,78.0,48.0,38.0,17.0,359,343,98.35616438356163,93.97260273972603,1991_2007
40779,Eslamabad-E-Gharb,1999,42.0,51.0,14.0,14.0,361,350,98.9041095890411,95.8904109589041,1991_2007
40779,Eslamabad-E-Gharb,2000,30.0,63.0,19.0,29.0,363,349,99.45205479452055,95.61643835616438,1991_2007
40779,Eslamabad-E-Gharb,2001,55.0,36.0,23.0,18.0,363,346,99.45205479452055,94.79452054794521,1991_2007
40779,Eslamabad-E-Gharb,2002,35.0,29.0,36.0,39.0,357,348,97.80821917808218,95.34246575342465,1991_2007
40779,Eslamabad-E-Gharb,2003,39.0,30.0,21.0,37.0,362,343,99.17808219178083,93.97260273972603,1991_2007
40779,Eslamabad-E-Gharb,2004,42.0,37.0,20.0,37.0,358,340,98.08219178082192,93.15068493150685,1991_2007
40779,Eslamabad-E-Gharb,2005,49.0,24.0,29.0,31.0,360,346,98.63013698630137,94.79452054794521,1991_2007
40779,Eslamabad-E-Gharb,2006,43.0,45.0,25.0,13.0,365,363,100.0,99.45205479452055,1991_2007
40779,Eslamabad-E-Gharb,2007,30.0,29.0,25.0,30.0,365,365,100.0,100.0,1991_2007
40779,Eslamabad-E-Gharb,2008,59.0,60.0,38.0,44.0,365,365,100.0,100.0,1991_2007
40779,Eslamabad-E-Gharb,2009,35.0,36.0,42.0,32.0,365,364,100.0,99.72602739726028,1991_2007
40779,Eslamabad-E-Gharb,2010,119.0,63.0,17.0,5.0,365,364,100.0,99.72602739726028,1991_2007
40779,Eslamabad-E-Gharb,2011,38.0,34.0,36.0,34.0,365,363,100.0,99.45205479452055,1991_2007
40779,Eslamabad-E-Gharb,2012,29.0,57.0,18.0,20.0,365,365,100.0,100.0,1991_2007
40779,Eslamabad-E-Gharb,2013,40.0,44.0,34.0,37.0,365,365,100.0,100.0,1991_2007
40779,Eslamabad-E-Gharb,2014,40.0,52.0,34.0,13.0,361,359,98.9041095890411,98.35616438356163,1991_2007
40779,Eslamabad-E-Gharb,2015,83.0,77.0,29.0,8.0,365,362,100.0,99.17808219178083,1991_2007
40779,Eslamabad-E-Gharb,2016,46.0,63.0,23.0,21.0,364,365,99.72602739726028,100.0,1991_2007
40779,Eslamabad-E-Gharb,2017,60.0,55.0,25.0,28.0,365,364,100.0,99.72602739726028,1991_2007
40779,Eslamabad-E-Gharb,2018,72.0,77.0,26.0,3.0,364,364,99.72602739726028,99.72602739726028,1991_2007
40779,Eslamabad-E-Gharb,2019,45.0,52.0,27.0,13.0,364,363,99.72602739726028,99.45205479452055,1991_2007
40779,Eslamabad-E-Gharb,2020,46.0,64.0,23.0,13.0,365,363,100.0,99.45205479452055,1991_2007
40779,Eslamabad-E-Gharb,2021,102.0,69.0,1.0,17.0,365,363,100.0,99.45205479452055,1991_2007
40779,Eslamabad-E-Gharb,2022,88.0,74.0,13.0,16.0,365,364,100.0,99.72602739726028,1991_2007
40779,Eslamabad-E-Gharb,2023,53.0,59.0,15.0,16.0,358,365,98.08219178082192,100.0,1991_2007
40779,Eslamabad-E-Gharb,2024,75.0,61.0,14.0,17.0,362,365,99.17808219178083,100.0,1991_2007
40780,Ilam,1991,19.0,39.0,40.0,17.0,365,362,100.0,99.17808219178083,1991_2007
40780,Ilam,1992,0.0,7.0,115.0,47.0,364,353,99.72602739726028,96.7123287671233,1991_2007
40780,Ilam,1993,9.0,31.0,52.0,21.0,362,361,99.17808219178083,98.9041095890411,1991_2007
40780,Ilam,1994,11.0,36.0,39.0,18.0,361,356,98.9041095890411,97.53424657534246,1991_2007
40780,Ilam,1995,20.0,32.0,38.0,17.0,362,361,99.17808219178083,98.9041095890411,1991_2007
40780,Ilam,1996,14.0,60.0,27.0,13.0,361,353,98.9041095890411,96.7123287671233,1991_2007
40780,Ilam,1997,11.0,22.0,42.0,25.0,355,358,97.26027397260275,98.08219178082192,1991_2007
40780,Ilam,1998,66.0,74.0,30.0,14.0,361,360,98.9041095890411,98.63013698630137,1991_2007
40780,Ilam,1999,46.0,61.0,16.0,5.0,360,362,98.63013698630137,99.17808219178083,1991_2007
40780,Ilam,2000,36.0,41.0,19.0,22.0,360,364,98.63013698630137,99.72602739726028,1991_2007
40780,Ilam,2001,54.0,48.0,14.0,7.0,365,365,100.0,100.0,1991_2007
40780,Ilam,2002,35.0,46.0,29.0,12.0,365,365,100.0,100.0,1991_2007
40780,Ilam,2003,34.0,16.0,27.0,69.0,365,365,100.0,100.0,1991_2007
40780,Ilam,2004,47.0,19.0,16.0,74.0,365,365,100.0,100.0,1991_2007
40780,Ilam,2005,55.0,15.0,28.0,86.0,365,365,100.0,100.0,1991_2007
40780,Ilam,2006,41.0,19.0,23.0,61.0,365,365,100.0,100.0,1991_2007
40780,Ilam,2007,46.0,5.0,14.0,56.0,365,362,100.0,99.17808219178083,1991_2007
40780,Ilam,2008,83.0,25.0,28.0,84.0,365,365,100.0,100.0,1991_2007
40780,Ilam,2009,38.0,12.0,29.0,78.0,365,365,100.0,100.0,1991_2007
40780,Ilam,2010,139.0,32.0,10.0,38.0,365,365,100.0,100.0,1991_2007
40780,Ilam,2011,50.0,12.0,28.0,98.0,365,365,100.0,100.0,1991_2007
40780,Ilam,2012,53.0,19.0,15.0,55.0,363,364,99.45205479452055,99.72602739726028,1991_2007
40780,Ilam,2013,74.0,29.0,22.0,101.0,365,365,100.0,100.0,1991_2007
40780,Ilam,2014,85.0,22.0,16.0,54.0,362,364,99.17808219178083,99.72602739726028,1991_2007
40780,Ilam,2015,137.0,28.0,15.0,35.0,361,357,98.9041095890411,97.80821917808218,1991_2007
40780,Ilam,2016,116.0,31.0,9.0,56.0,361,360,98.9041095890411,98.63013698630137,1991_2007
40780,Ilam,2017,154.0,23.0,10.0,47.0,364,365,99.72602739726028,100.0,1991_2007
40780,Ilam,2018,121.0,32.0,15.0,35.0,360,364,98.63013698630137,99.72602739726028,1991_2007
40780,Ilam,2019,118.0,14.0,10.0,43.0,365,363,100.0,99.45205479452055,1991_2007
40780,Ilam,2020,117.0,23.0,10.0,53.0,365,365,100.0,100.0,1991_2007
40780,Ilam,2021,173.0,33.0,0.0,36.0,365,365,100.0,100.0,1991_2007
40780,Ilam,2022,148.0,34.0,3.0,40.0,364,364,99.72602739726028,99.72602739726028,1991_2007
40780,Ilam,2023,114.0,19.0,10.0,39.0,364,365,99.72602739726028,100.0,1991_2007
40780,Ilam,2024,121.0,34.0,9.0,30.0,365,365,100.0,100.0,1991_2007
40782,Khorramabad,1991,34.0,30.0,24.0,55.0,363,349,99.45205479452055,95.61643835616438,1991_2007
40782,Khorramabad,1992,0.0,9.0,112.0,100.0,364,344,99.72602739726028,94.24657534246576,1991_2007
40782,Khorramabad,1993,4.0,14.0,68.0,79.0,364,351,99.72602739726028,96.16438356164385,1991_2007
40782,Khorramabad,1994,10.0,26.0,28.0,41.0,365,357,100.0,97.80821917808218,1991_2007
40782,Khorramabad,1995,24.0,15.0,26.0,44.0,365,356,100.0,97.53424657534246,1991_2007
40782,Khorramabad,1996,19.0,39.0,28.0,21.0,361,351,98.9041095890411,96.16438356164385,1991_2007
40782,Khorramabad,1997,20.0,14.0,49.0,35.0,359,353,98.35616438356163,96.7123287671233,1991_2007
40782,Khorramabad,1998,72.0,49.0,23.0,17.0,361,346,98.9041095890411,94.79452054794521,1991_2007
40782,Khorramabad,1999,49.0,40.0,10.0,10.0,362,352,99.17808219178083,96.43835616438356,1991_2007
40782,Khorramabad,2000,27.0,41.0,23.0,23.0,359,348,98.35616438356163,95.34246575342465,1991_2007
40782,Khorramabad,2001,46.0,45.0,15.0,10.0,365,351,100.0,96.16438356164385,1991_2007
40782,Khorramabad,2002,30.0,28.0,27.0,23.0,358,352,98.08219178082192,96.43835616438356,1991_2007
40782,Khorramabad,2003,27.0,32.0,22.0,22.0,357,350,97.80821917808218,95.8904109589041,1991_2007
40782,Khorramabad,2004,52.0,55.0,23.0,10.0,358,350,98.08219178082192,95.8904109589041,1991_2007
40782,Khorramabad,2005,43.0,40.0,22.0,16.0,365,365,100.0,100.0,1991_2007
40782,Khorramabad,2006,36.0,56.0,32.0,13.0,365,365,100.0,100.0,1991_2007
40782,Khorramabad,2007,43.0,38.0,24.0,18.0,365,365,100.0,100.0,1991_2007
40782,Khorramabad,2008,73.0,51.0,29.0,38.0,365,365,100.0,100.0,1991_2007
40782,Khorramabad,2009,38.0,37.0,44.0,40.0,365,365,100.0,100.0,1991_2007
40782,Khorramabad,2010,118.0,42.0,17.0,21.0,365,365,100.0,100.0,1991_2007
40782,Khorramabad,2011,43.0,38.0,34.0,40.0,365,365,100.0,100.0,1991_2007
40782,Khorramabad,2012,33.0,57.0,23.0,36.0,365,365,100.0,100.0,1991_2007
40782,Khorramabad,2013,60.0,40.0,25.0,51.0,365,365,100.0,100.0,1991_2007
40782,Khorramabad,2014,51.0,40.0,29.0,20.0,364,365,99.72602739726028,100.0,1991_2007
40782,Khorramabad,2015,84.0,75.0,27.0,12.0,364,365,99.72602739726028,100.0,1991_2007
40782,Khorramabad,2016,57.0,54.0,17.0,17.0,365,365,100.0,100.0,1991_2007
40782,Khorramabad,2017,100.0,66.0,10.0,18.0,364,364,99.72602739726028,99.72602739726028,1991_2007
40782,Khorramabad,2018,91.0,76.0,24.0,2.0,363,364,99.45205479452055,99.72602739726028,1991_2007
40782,Khorramabad,2019,65.0,65.0,27.0,8.0,363,365,99.45205479452055,100.0,1991_2007
40782,Khorramabad,2020,74.0,70.0,15.0,4.0,365,365,100.0,100.0,1991_2007
40782,Khorramabad,2021,146.0,60.0,2.0,10.0,365,365,100.0,100.0,1991_2007
40782,Khorramabad,2022,130.0,99.0,6.0,11.0,364,365,99.72602739726028,100.0,1991_2007
40782,Khorramabad,2023,95.0,39.0,13.0,12.0,365,365,100.0,100.0,1991_2007
40782,Khorramabad,2024,88.0,62.0,9.0,20.0,365,365,100.0,100.0,1991_2007
40783,Aligudarz,1991,31.0,38.0,30.0,26.0,364,351,99.72602739726028,96.16438356164385,1991_2007
40783,Aligudarz,1992,0.0,16.0,117.0,90.0,363,341,99.45205479452055,93.42465753424658,1991_2007
40783,Aligudarz,1993,2.0,16.0,58.0,33.0,363,342,99.45205479452055,93.69863013698631,1991_2007
40783,Aligudarz,1994,20.0,20.0,45.0,27.0,361,347,98.9041095890411,95.06849315068493,1991_2007
40783,Aligudarz,1995,34.0,35.0,24.0,46.0,365,360,100.0,98.63013698630137,1991_2007
40783,Aligudarz,1996,18.0,27.0,31.0,21.0,363,351,99.45205479452055,96.16438356164385,1991_2007
40783,Aligudarz,1997,26.0,32.0,31.0,25.0,357,353,97.80821917808218,96.7123287671233,1991_2007
40783,Aligudarz,1998,65.0,64.0,28.0,17.0,359,350,98.35616438356163,95.8904109589041,1991_2007
40783,Aligudarz,1999,50.0,40.0,16.0,16.0,359,356,98.35616438356163,97.53424657534246,1991_2007
40783,Aligudarz,2000,35.0,31.0,24.0,37.0,360,354,98.63013698630137,96.98630136986301,1991_2007
40783,Aligudarz,2001,50.0,39.0,23.0,16.0,362,356,99.17808219178083,97.53424657534246,1991_2007
40783,Aligudarz,2002,28.0,32.0,18.0,34.0,355,359,97.26027397260275,98.35616438356163,1991_2007
40783,Aligudarz,2003,29.0,29.0,11.0,43.0,359,355,98.35616438356163,97.26027397260275,1991_2007
40783,Aligudarz,2004,30.0,41.0,28.0,40.0,357,354,97.80821917808218,96.98630136986301,1991_2007
40783,Aligudarz,2005,39.0,31.0,28.0,33.0,365,365,100.0,100.0,1991_2007
40783,Aligudarz,2006,37.0,43.0,36.0,31.0,365,365,100.0,100.0,1991_2007
40783,Aligudarz,2007,28.0,36.0,27.0,17.0,365,365,100.0,100.0,1991_2007
40783,Aligudarz,2008,59.0,53.0,40.0,40.0,365,365,100.0,100.0,1991_2007
40783,Aligudarz,2009,52.0,34.0,24.0,23.0,365,365,100.0,100.0,1991_2007
40783,Aligudarz,2010,110.0,65.0,11.0,10.0,365,365,100.0,100.0,1991_2007
40783,Aligudarz,2011,41.0,62.0,25.0,29.0,365,365,100.0,100.0,1991_2007
40783,Aligudarz,2012,30.0,41.0,25.0,16.0,365,365,100.0,100.0,1991_2007
40783,Aligudarz,2013,67.0,62.0,22.0,31.0,365,365,100.0,100.0,1991_2007
40783,Aligudarz,2014,36.0,61.0,31.0,24.0,364,365,99.72602739726028,100.0,1991_2007
40783,Aligudarz,2015,70.0,71.0,29.0,22.0,361,361,98.9041095890411,98.9041095890411,1991_2007
40783,Aligudarz,2016,63.0,68.0,18.0,20.0,365,365,100.0,100.0,1991_2007
40783,Aligudarz,2017,66.0,63.0,9.0,13.0,365,364,100.0,99.72602739726028,1991_2007
40783,Aligudarz,2018,79.0,79.0,15.0,4.0,355,361,97.26027397260275,98.9041095890411,1991_2007
40783,Aligudarz,2019,41.0,54.0,29.0,22.0,364,361,99.72602739726028,98.9041095890411,1991_2007
40783,Aligudarz,2020,51.0,53.0,22.0,12.0,365,364,100.0,99.72602739726028,1991_2007
40783,Aligudarz,2021,121.0,77.0,8.0,6.0,364,365,99.72602739726028,100.0,1991_2007
40783,Aligudarz,2022,98.0,76.0,12.0,7.0,363,365,99.45205479452055,100.0,1991_2007
40783,Aligudarz,2023,71.0,68.0,4.0,12.0,361,364,98.9041095890411,99.72602739726028,1991_2007
40783,Aligudarz,2024,77.0,73.0,16.0,8.0,358,365,98.08219178082192,100.0,1991_2007
40785,Kashan,1991,10.0,10.0,40.0,47.0,365,363,100.0,99.45205479452055,1991_2007
40785,Kashan,1992,9.0,5.0,93.0,113.0,351,364,96.16438356164385,99.72602739726028,1991_2007
40785,Kashan,1993,9.0,5.0,63.0,55.0,363,363,99.45205479452055,99.45205479452055,1991_2007
40785,Kashan,1994,14.0,25.0,35.0,46.0,363,362,99.45205479452055,99.17808219178083,1991_2007
40785,Kashan,1995,26.0,22.0,32.0,29.0,363,362,99.45205479452055,99.17808219178083,1991_2007
40785,Kashan,1996,25.0,20.0,50.0,42.0,363,359,99.45205479452055,98.35616438356163,1991_2007
40785,Kashan,1997,40.0,26.0,16.0,28.0,361,363,98.9041095890411,99.45205479452055,1991_2007
40785,Kashan,1998,59.0,35.0,22.0,16.0,364,362,99.72602739726028,99.17808219178083,1991_2007
40785,Kashan,1999,33.0,36.0,20.0,20.0,360,362,98.63013698630137,99.17808219178083,1991_2007
40785,Kashan,2000,43.0,59.0,20.0,22.0,360,361,98.63013698630137,98.9041095890411,1991_2007
40785,Kashan,2001,41.0,47.0,25.0,19.0,365,365,100.0,100.0,1991_2007
40785,Kashan,2002,47.0,54.0,24.0,5.0,365,365,100.0,100.0,1991_2007
40785,Kashan,2003,28.0,53.0,23.0,20.0,365,365,100.0,100.0,1991_2007
40785,Kashan,2004,34.0,46.0,24.0,24.0,365,365,100.0,100.0,1991_2007
40785,Kashan,2005,41.0,27.0,29.0,22.0,365,365,100.0,100.0,1991_2007
40785,Kashan,2006,37.0,44.0,26.0,27.0,365,365,100.0,100.0,1991_2007
40785,Kashan,2007,28.0,19.0,29.0,25.0,365,365,100.0,100.0,1991_2007
40785,Kashan,2008,44.0,33.0,55.0,55.0,365,365,100.0,100.0,1991_2007
40785,Kashan,2009,43.0,37.0,34.0,18.0,365,365,100.0,100.0,1991_2007
40785,Kashan,2010,84.0,61.0,16.0,5.0,365,365,100.0,100.0,1991_2007
40785,Kashan,2011,37.0,53.0,35.0,24.0,365,365,100.0,100.0,1991_2007
40785,Kashan,2012,20.0,40.0,28.0,25.0,365,365,100.0,100.0,1991_2007
40785,Kashan,2013,68.0,36.0,20.0,34.0,365,365,100.0,100.0,1991_2007
40785,Kashan,2014,52.0,43.0,30.0,26.0,364,365,99.72602739726028,100.0,1991_2007
40785,Kashan,2015,66.0,87.0,25.0,11.0,365,365,100.0,100.0,1991_2007
40785,Kashan,2016,80.0,76.0,30.0,19.0,365,365,100.0,100.0,1991_2007
40785,Kashan,2017,38.0,72.0,20.0,15.0,365,365,100.0,100.0,1991_2007
40785,Kashan,2018,83.0,100.0,27.0,6.0,364,364,99.72602739726028,99.72602739726028,1991_2007
40785,Kashan,2019,70.0,84.0,23.0,6.0,365,364,100.0,99.72602739726028,1991_2007
40785,Kashan,2020,55.0,61.0,30.0,17.0,365,365,100.0,100.0,1991_2007
40785,Kashan,2021,126.0,86.0,10.0,9.0,363,364,99.45205479452055,99.72602739726028,1991_2007
40785,Kashan,2022,107.0,99.0,7.0,16.0,363,364,99.45205479452055,99.72602739726028,1991_2007
40785,Kashan,2023,107.0,95.0,5.0,6.0,361,365,98.9041095890411,100.0,1991_2007
40785,Kashan,2024,93.0,93.0,20.0,15.0,365,365,100.0,100.0,1991_2007
40787,Daran,1991,,,,,0,0,0.0,0.0,1991_2007
40787,Daran,1992,1.0,7.0,89.0,107.0,365,351,100.0,96.16438356164385,1991_2007
40787,Daran,1993,6.0,14.0,51.0,35.0,364,351,99.72602739726028,96.16438356164385,1991_2007
40787,Daran,1994,27.0,23.0,42.0,35.0,363,360,99.45205479452055,98.63013698630137,1991_2007
40787,Daran,1995,30.0,29.0,28.0,37.0,363,359,99.45205479452055,98.35616438356163,1991_2007
40787,Daran,1996,21.0,32.0,44.0,42.0,365,353,100.0,96.7123287671233,1991_2007
40787,Daran,1997,32.0,29.0,30.0,29.0,360,355,98.63013698630137,97.26027397260275,1991_2007
40787,Daran,1998,74.0,52.0,25.0,20.0,364,355,99.72602739726028,97.26027397260275,1991_2007
40787,Daran,1999,60.0,38.0,14.0,17.0,363,358,99.45205479452055,98.08219178082192,1991_2007
40787,Daran,2000,36.0,32.0,22.0,31.0,363,353,99.45205479452055,96.7123287671233,1991_2007
40787,Daran,2001,54.0,42.0,23.0,18.0,365,365,100.0,100.0,1991_2007
40787,Daran,2002,29.0,37.0,20.0,16.0,365,365,100.0,100.0,1991_2007
40787,Daran,2003,31.0,38.0,9.0,17.0,365,365,100.0,100.0,1991_2007
40787,Daran,2004,25.0,44.0,30.0,37.0,365,365,100.0,100.0,1991_2007
40787,Daran,2005,37.0,41.0,24.0,24.0,365,365,100.0,100.0,1991_2007
40787,Daran,2006,28.0,32.0,57.0,40.0,365,365,100.0,100.0,1991_2007
40787,Daran,2007,22.0,24.0,32.0,20.0,365,365,100.0,100.0,1991_2007
40787,Daran,2008,54.0,34.0,38.0,34.0,365,365,100.0,100.0,1991_2007
40787,Daran,2009,40.0,29.0,31.0,27.0,365,365,100.0,100.0,1991_2007
40787,Daran,2010,108.0,55.0,13.0,18.0,365,365,100.0,100.0,1991_2007
40787,Daran,2011,34.0,42.0,25.0,36.0,365,364,100.0,99.72602739726028,1991_2007
40787,Daran,2012,29.0,17.0,32.0,26.0,365,365,100.0,100.0,1991_2007
40787,Daran,2013,83.0,33.0,18.0,33.0,365,365,100.0,100.0,1991_2007
40787,Daran,2014,32.0,21.0,35.0,33.0,364,363,99.72602739726028,99.45205479452055,1991_2007
40787,Daran,2015,79.0,71.0,24.0,27.0,364,365,99.72602739726028,100.0,1991_2007
40787,Daran,2016,63.0,59.0,21.0,31.0,364,365,99.72602739726028,100.0,1991_2007
40787,Daran,2017,64.0,63.0,11.0,24.0,365,365,100.0,100.0,1991_2007
40787,Daran,2018,96.0,86.0,22.0,8.0,364,365,99.72602739726028,100.0,1991_2007
40787,Daran,2019,51.0,48.0,30.0,25.0,365,365,100.0,100.0,1991_2007
40787,Daran,2020,58.0,44.0,17.0,21.0,365,365,100.0,100.0,1991_2007
40787,Daran,2021,144.0,78.0,11.0,4.0,364,365,99.72602739726028,100.0,1991_2007
40787,Daran,2022,105.0,82.0,7.0,13.0,364,364,99.72602739726028,99.72602739726028,1991_2007
40787,Daran,2023,84.0,64.0,6.0,20.0,355,364,97.26027397260275,99.72602739726028,1991_2007
40787,Daran,2024,126.0,79.0,15.0,10.0,363,365,99.45205479452055,100.0,1991_2007
40789,Khur-Va-Biabanak,1991,19.0,19.0,39.0,42.0,364,354,99.72602739726028,96.98630136986301,1991_2007
40789,Khur-Va-Biabanak,1992,6.0,15.0,77.0,85.0,364,359,99.72602739726028,98.35616438356163,1991_2007
40789,Khur-Va-Biabanak,1993,6.0,16.0,65.0,54.0,364,361,99.72602739726028,98.9041095890411,1991_2007
40789,Khur-Va-Biabanak,1994,21.0,30.0,37.0,52.0,365,361,100.0,98.9041095890411,1991_2007
40789,Khur-Va-Biabanak,1995,35.0,18.0,32.0,42.0,362,361,99.17808219178083,98.9041095890411,1991_2007
40789,Khur-Va-Biabanak,1996,32.0,24.0,49.0,35.0,364,358,99.72602739726028,98.08219178082192,1991_2007
40789,Khur-Va-Biabanak,1997,31.0,38.0,18.0,31.0,358,361,98.08219178082192,98.9041095890411,1991_2007
40789,Khur-Va-Biabanak,1998,43.0,43.0,30.0,15.0,359,362,98.35616438356163,99.17808219178083,1991_2007
40789,Khur-Va-Biabanak,1999,30.0,34.0,26.0,23.0,365,365,100.0,100.0,1991_2007
40789,Khur-Va-Biabanak,2000,37.0,33.0,30.0,28.0,365,365,100.0,100.0,1991_2007
40789,Khur-Va-Biabanak,2001,60.0,30.0,20.0,20.0,365,365,100.0,100.0,1991_2007
40789,Khur-Va-Biabanak,2002,66.0,53.0,29.0,18.0,365,365,100.0,100.0,1991_2007
40789,Khur-Va-Biabanak,2003,36.0,41.0,29.0,32.0,365,365,100.0,100.0,1991_2007
40789,Khur-Va-Biabanak,2004,25.0,43.0,28.0,16.0,365,365,100.0,100.0,1991_2007
40789,Khur-Va-Biabanak,2005,46.0,41.0,29.0,26.0,365,365,100.0,100.0,1991_2007
40789,Khur-Va-Biabanak,2006,39.0,66.0,24.0,22.0,365,365,100.0,100.0,1991_2007
40789,Khur-Va-Biabanak,2007,29.0,32.0,23.0,33.0,365,365,100.0,100.0,1991_2007
40789,Khur-Va-Biabanak,2008,44.0,57.0,54.0,45.0,365,365,100.0,100.0,1991_2007
40789,Khur-Va-Biabanak,2009,39.0,62.0,22.0,16.0,365,365,100.0,100.0,1991_2007
40789,Khur-Va-Biabanak,2010,71.0,74.0,18.0,9.0,365,365,100.0,100.0,1991_2007
40789,Khur-Va-Biabanak,2011,37.0,66.0,29.0,10.0,365,365,100.0,100.0,1991_2007
40789,Khur-Va-Biabanak,2012,14.0,41.0,30.0,23.0,365,365,100.0,100.0,1991_2007
40789,Khur-Va-Biabanak,2013,60.0,64.0,27.0,17.0,365,365,100.0,100.0,1991_2007
40789,Khur-Va-Biabanak,2014,35.0,58.0,30.0,22.0,364,365,99.72602739726028,100.0,1991_2007
40789,Khur-Va-Biabanak,2015,58.0,81.0,27.0,13.0,365,365,100.0,100.0,1991_2007
40789,Khur-Va-Biabanak,2016,61.0,79.0,29.0,14.0,365,365,100.0,100.0,1991_2007
40789,Khur-Va-Biabanak,2017,48.0,64.0,18.0,6.0,365,364,100.0,99.72602739726028,1991_2007
40789,Khur-Va-Biabanak,2018,71.0,90.0,23.0,12.0,364,365,99.72602739726028,100.0,1991_2007
40789,Khur-Va-Biabanak,2019,61.0,89.0,31.0,10.0,365,365,100.0,100.0,1991_2007
40789,Khur-Va-Biabanak,2020,55.0,60.0,33.0,12.0,365,365,100.0,100.0,1991_2007
40789,Khur-Va-Biabanak,2021,93.0,93.0,16.0,18.0,365,365,100.0,100.0,1991_2007
40789,Khur-Va-Biabanak,2022,127.0,97.0,16.0,14.0,365,365,100.0,100.0,1991_2007
40789,Khur-Va-Biabanak,2023,130.0,121.0,13.0,9.0,365,365,100.0,100.0,1991_2007
40789,Khur-Va-Biabanak,2024,119.0,99.0,16.0,13.0,365,365,100.0,100.0,1991_2007
40790,Robat-E-Poshtebadam,1991,,,,,0,0,0.0,0.0,1991_2007
40790,Robat-E-Poshtebadam,1992,4.0,13.0,68.0,57.0,303,299,83.01369863013699,81.91780821917808,1991_2007
40790,Robat-E-Poshtebadam,1993,9.0,18.0,49.0,49.0,362,363,99.17808219178083,99.45205479452055,1991_2007
40790,Robat-E-Poshtebadam,1994,25.0,35.0,42.0,49.0,364,362,99.72602739726028,99.17808219178083,1991_2007
40790,Robat-E-Poshtebadam,1995,22.0,32.0,37.0,38.0,358,360,98.08219178082192,98.63013698630137,1991_2007
40790,Robat-E-Poshtebadam,1996,31.0,31.0,58.0,45.0,359,357,98.35616438356163,97.80821917808218,1991_2007
40790,Robat-E-Poshtebadam,1997,20.0,32.0,29.0,29.0,365,364,100.0,99.72602739726028,1991_2007
40790,Robat-E-Poshtebadam,1998,46.0,36.0,27.0,16.0,364,359,99.72602739726028,98.35616438356163,1991_2007
40790,Robat-E-Poshtebadam,1999,35.0,33.0,28.0,23.0,365,363,100.0,99.45205479452055,1991_2007
40790,Robat-E-Poshtebadam,2000,33.0,33.0,34.0,35.0,365,362,100.0,99.17808219178083,1991_2007
40790,Robat-E-Poshtebadam,2001,55.0,43.0,20.0,21.0,365,365,100.0,100.0,1991_2007
40790,Robat-E-Poshtebadam,2002,54.0,51.0,19.0,24.0,365,365,100.0,100.0,1991_2007
40790,Robat-E-Poshtebadam,2003,36.0,44.0,31.0,39.0,365,365,100.0,100.0,1991_2007
40790,Robat-E-Poshtebadam,2004,37.0,34.0,27.0,22.0,365,365,100.0,100.0,1991_2007
40790,Robat-E-Poshtebadam,2005,53.0,47.0,33.0,36.0,365,365,100.0,100.0,1991_2007
40790,Robat-E-Poshtebadam,2006,44.0,44.0,34.0,27.0,365,365,100.0,100.0,1991_2007
40790,Robat-E-Poshtebadam,2007,27.0,32.0,30.0,44.0,365,365,100.0,100.0,1991_2007
40790,Robat-E-Poshtebadam,2008,44.0,38.0,58.0,51.0,365,365,100.0,100.0,1991_2007
40790,Robat-E-Poshtebadam,2009,44.0,42.0,28.0,24.0,365,365,100.0,100.0,1991_2007
40790,Robat-E-Poshtebadam,2010,69.0,51.0,23.0,24.0,365,365,100.0,100.0,1991_2007
40790,Robat-E-Poshtebadam,2011,45.0,45.0,28.0,24.0,365,365,100.0,100.0,1991_2007
40790,Robat-E-Poshtebadam,2012,20.0,19.0,30.0,39.0,365,365,100.0,100.0,1991_2007
40790,Robat-E-Poshtebadam,2013,72.0,53.0,27.0,36.0,365,365,100.0,100.0,1991_2007
40790,Robat-E-Poshtebadam,2014,32.0,35.0,35.0,39.0,363,363,99.45205479452055,99.45205479452055,1991_2007
40790,Robat-E-Poshtebadam,2015,47.0,53.0,30.0,21.0,359,363,98.35616438356163,99.45205479452055,1991_2007
40790,Robat-E-Poshtebadam,2016,68.0,57.0,36.0,34.0,359,358,98.35616438356163,98.08219178082192,1991_2007
40790,Robat-E-Poshtebadam,2017,40.0,39.0,17.0,26.0,358,360,98.08219178082192,98.63013698630137,1991_2007
40790,Robat-E-Poshtebadam,2018,47.0,44.0,30.0,22.0,360,361,98.63013698630137,98.9041095890411,1991_2007
40790,Robat-E-Poshtebadam,2019,39.0,56.0,28.0,24.0,348,357,95.34246575342465,97.80821917808218,1991_2007
40790,Robat-E-Poshtebadam,2020,38.0,32.0,38.0,31.0,364,365,99.72602739726028,100.0,1991_2007
40790,Robat-E-Poshtebadam,2021,75.0,58.0,20.0,32.0,365,365,100.0,100.0,1991_2007
40790,Robat-E-Poshtebadam,2022,63.0,58.0,16.0,30.0,365,365,100.0,100.0,1991_2007
40790,Robat-E-Poshtebadam,2023,64.0,51.0,21.0,22.0,365,365,100.0,100.0,1991_2007
40790,Robat-E-Poshtebadam,2024,78.0,67.0,24.0,26.0,365,365,100.0,100.0,1991_2007
40791,Tabas,1991,15.0,20.0,47.0,35.0,364,351,99.72602739726028,96.16438356164385,1991_2007
40791,Tabas,1992,5.0,9.0,76.0,69.0,363,350,99.45205479452055,95.8904109589041,1991_2007
40791,Tabas,1993,9.0,11.0,55.0,51.0,364,354,99.72602739726028,96.98630136986301,1991_2007
40791,Tabas,1994,31.0,32.0,42.0,43.0,365,363,100.0,99.45205479452055,1991_2007
40791,Tabas,1995,41.0,20.0,33.0,43.0,360,361,98.63013698630137,98.9041095890411,1991_2007
40791,Tabas,1996,28.0,21.0,45.0,44.0,363,358,99.45205479452055,98.08219178082192,1991_2007
40791,Tabas,1997,27.0,29.0,26.0,30.0,357,357,97.80821917808218,97.80821917808218,1991_2007
40791,Tabas,1998,62.0,42.0,24.0,17.0,360,357,98.63013698630137,97.80821917808218,1991_2007
40791,Tabas,1999,40.0,31.0,19.0,18.0,364,360,99.72602739726028,98.63013698630137,1991_2007
40791,Tabas,2000,36.0,40.0,36.0,23.0,357,357,97.80821917808218,97.80821917808218,1991_2007
40791,Tabas,2001,58.0,45.0,18.0,23.0,361,362,98.9041095890411,99.17808219178083,1991_2007
40791,Tabas,2002,52.0,40.0,27.0,19.0,361,362,98.9041095890411,99.17808219178083,1991_2007
40791,Tabas,2003,40.0,42.0,25.0,30.0,355,359,97.26027397260275,98.35616438356163,1991_2007
40791,Tabas,2004,37.0,37.0,24.0,21.0,356,358,97.53424657534246,98.08219178082192,1991_2007
40791,Tabas,2005,30.0,34.0,35.0,25.0,360,359,98.63013698630137,98.35616438356163,1991_2007
40791,Tabas,2006,39.0,63.0,29.0,25.0,353,357,96.7123287671233,97.80821917808218,1991_2007
40791,Tabas,2007,24.0,40.0,31.0,39.0,360,358,98.63013698630137,98.08219178082192,1991_2007
40791,Tabas,2008,45.0,62.0,54.0,50.0,358,363,98.08219178082192,99.45205479452055,1991_2007
40791,Tabas,2009,50.0,60.0,24.0,19.0,359,362,98.35616438356163,99.17808219178083,1991_2007
40791,Tabas,2010,63.0,65.0,23.0,17.0,364,360,99.72602739726028,98.63013698630137,1991_2007
40791,Tabas,2011,36.0,65.0,29.0,23.0,362,361,99.17808219178083,98.9041095890411,1991_2007
40791,Tabas,2012,13.0,23.0,36.0,30.0,355,358,97.26027397260275,98.08219178082192,1991_2007
40791,Tabas,2013,83.0,66.0,16.0,27.0,365,365,100.0,100.0,1991_2007
40791,Tabas,2014,58.0,50.0,32.0,34.0,363,365,99.45205479452055,100.0,1991_2007
40791,Tabas,2015,80.0,84.0,18.0,14.0,356,362,97.53424657534246,99.17808219178083,1991_2007
40791,Tabas,2016,110.0,74.0,16.0,20.0,361,363,98.9041095890411,99.45205479452055,1991_2007
40791,Tabas,2017,71.0,56.0,6.0,13.0,360,361,98.63013698630137,98.9041095890411,1991_2007
40791,Tabas,2018,93.0,61.0,24.0,21.0,362,363,99.17808219178083,99.45205479452055,1991_2007
40791,Tabas,2019,59.0,71.0,20.0,15.0,360,365,98.63013698630137,100.0,1991_2007
40791,Tabas,2020,59.0,51.0,24.0,25.0,365,365,100.0,100.0,1991_2007
40791,Tabas,2021,108.0,72.0,13.0,27.0,365,364,100.0,99.72602739726028,1991_2007
40791,Tabas,2022,98.0,76.0,10.0,12.0,365,365,100.0,100.0,1991_2007
40791,Tabas,2023,117.0,97.0,12.0,15.0,364,364,99.72602739726028,99.72602739726028,1991_2007
40791,Tabas,2024,124.0,113.0,20.0,15.0,365,365,100.0,100.0,1991_2007
40792,Ferdows,1991,24.0,22.0,45.0,56.0,365,363,100.0,99.45205479452055,1991_2007
40792,Ferdows,1992,13.0,13.0,68.0,81.0,364,361,99.72602739726028,98.9041095890411,1991_2007
40792,Ferdows,1993,12.0,21.0,47.0,54.0,364,363,99.72602739726028,99.45205479452055,1991_2007
40792,Ferdows,1994,36.0,43.0,34.0,42.0,360,363,98.63013698630137,99.45205479452055,1991_2007
40792,Ferdows,1995,39.0,35.0,35.0,54.0,361,364,98.9041095890411,99.72602739726028,1991_2007
40792,Ferdows,1996,42.0,28.0,36.0,42.0,363,364,99.45205479452055,99.72602739726028,1991_2007
40792,Ferdows,1997,41.0,24.0,24.0,34.0,365,364,100.0,99.72602739726028,1991_2007
40792,Ferdows,1998,64.0,24.0,19.0,26.0,358,361,98.08219178082192,98.9041095890411,1991_2007
40792,Ferdows,1999,32.0,35.0,22.0,20.0,357,365,97.80821917808218,100.0,1991_2007
40792,Ferdows,2000,23.0,34.0,45.0,28.0,363,364,99.45205479452055,99.72602739726028,1991_2007
40792,Ferdows,2001,48.0,41.0,18.0,18.0,365,365,100.0,100.0,1991_2007
40792,Ferdows,2002,36.0,38.0,22.0,15.0,365,365,100.0,100.0,1991_2007
40792,Ferdows,2003,42.0,40.0,35.0,29.0,365,365,100.0,100.0,1991_2007
40792,Ferdows,2004,33.0,45.0,29.0,15.0,365,365,100.0,100.0,1991_2007
40792,Ferdows,2005,22.0,33.0,33.0,20.0,363,363,99.45205479452055,99.45205479452055,1991_2007
40792,Ferdows,2006,47.0,66.0,39.0,18.0,364,364,99.72602739726028,99.72602739726028,1991_2007
40792,Ferdows,2007,26.0,31.0,36.0,30.0,365,365,100.0,100.0,1991_2007
40792,Ferdows,2008,50.0,76.0,61.0,48.0,365,365,100.0,100.0,1991_2007
40792,Ferdows,2009,43.0,78.0,39.0,10.0,364,365,99.72602739726028,100.0,1991_2007
40792,Ferdows,2010,51.0,83.0,28.0,12.0,365,365,100.0,100.0,1991_2007
40792,Ferdows,2011,30.0,71.0,31.0,11.0,365,364,100.0,99.72602739726028,1991_2007
40792,Ferdows,2012,9.0,38.0,58.0,24.0,365,365,100.0,100.0,1991_2007
40792,Ferdows,2013,56.0,82.0,30.0,14.0,365,365,100.0,100.0,1991_2007
40792,Ferdows,2014,32.0,52.0,37.0,22.0,364,365,99.72602739726028,100.0,1991_2007
40792,Ferdows,2015,48.0,90.0,29.0,15.0,365,365,100.0,100.0,1991_2007
40792,Ferdows,2016,72.0,105.0,34.0,17.0,364,365,99.72602739726028,100.0,1991_2007
40792,Ferdows,2017,40.0,76.0,20.0,13.0,365,365,100.0,100.0,1991_2007
40792,Ferdows,2018,48.0,84.0,30.0,16.0,364,365,99.72602739726028,100.0,1991_2007
40792,Ferdows,2019,36.0,73.0,29.0,12.0,362,365,99.17808219178083,100.0,1991_2007
40792,Ferdows,2020,31.0,51.0,47.0,16.0,365,365,100.0,100.0,1991_2007
40792,Ferdows,2021,65.0,89.0,18.0,20.0,365,365,100.0,100.0,1991_2007
40792,Ferdows,2022,49.0,86.0,18.0,8.0,365,365,100.0,100.0,1991_2007
40792,Ferdows,2023,61.0,107.0,14.0,13.0,363,363,99.45205479452055,99.45205479452055,1991_2007
40792,Ferdows,2024,88.0,113.0,28.0,9.0,365,365,100.0,100.0,1991_2007
40793,Qaen,1991,16.0,21.0,55.0,43.0,364,357,99.72602739726028,97.80821917808218,1991_2007
40793,Qaen,1992,16.0,12.0,55.0,68.0,326,325,89.31506849315069,89.04109589041096,1991_2007
40793,Qaen,1993,11.0,23.0,59.0,59.0,363,360,99.45205479452055,98.63013698630137,1991_2007
40793,Qaen,1994,27.0,40.0,36.0,40.0,363,365,99.45205479452055,100.0,1991_2007
40793,Qaen,1995,32.0,29.0,40.0,38.0,362,360,99.17808219178083,98.63013698630137,1991_2007
40793,Qaen,1996,31.0,32.0,51.0,46.0,365,358,100.0,98.08219178082192,1991_2007
40793,Qaen,1997,27.0,36.0,35.0,30.0,365,364,100.0,99.72602739726028,1991_2007
40793,Qaen,1998,57.0,36.0,23.0,14.0,365,362,100.0,99.17808219178083,1991_2007
40793,Qaen,1999,35.0,30.0,28.0,21.0,365,357,100.0,97.80821917808218,1991_2007
40793,Qaen,2000,32.0,31.0,29.0,22.0,365,358,100.0,98.08219178082192,1991_2007
40793,Qaen,2001,64.0,38.0,20.0,25.0,365,365,100.0,100.0,1991_2007
40793,Qaen,2002,46.0,45.0,18.0,18.0,365,365,100.0,100.0,1991_2007
40793,Qaen,2003,46.0,44.0,26.0,32.0,365,365,100.0,100.0,1991_2007
40793,Qaen,2004,51.0,41.0,17.0,14.0,365,365,100.0,100.0,1991_2007
40793,Qaen,2005,26.0,30.0,35.0,30.0,365,365,100.0,100.0,1991_2007
40793,Qaen,2006,48.0,60.0,32.0,22.0,365,365,100.0,100.0,1991_2007
40793,Qaen,2007,26.0,38.0,23.0,39.0,361,365,98.9041095890411,100.0,1991_2007
40793,Qaen,2008,53.0,70.0,59.0,40.0,365,365,100.0,100.0,1991_2007
40793,Qaen,2009,52.0,66.0,25.0,17.0,365,365,100.0,100.0,1991_2007
40793,Qaen,2010,73.0,70.0,18.0,18.0,365,365,100.0,100.0,1991_2007
40793,Qaen,2011,54.0,82.0,23.0,9.0,361,361,98.9041095890411,98.9041095890411,1991_2007
40793,Qaen,2012,22.0,36.0,27.0,22.0,365,365,100.0,100.0,1991_2007
40793,Qaen,2013,84.0,54.0,27.0,26.0,365,365,100.0,100.0,1991_2007
40793,Qaen,2014,55.0,53.0,26.0,38.0,364,364,99.72602739726028,99.72602739726028,1991_2007
40793,Qaen,2015,73.0,83.0,19.0,12.0,365,364,100.0,99.72602739726028,1991_2007
40793,Qaen,2016,110.0,73.0,12.0,20.0,364,365,99.72602739726028,100.0,1991_2007
40793,Qaen,2017,79.0,60.0,10.0,20.0,364,365,99.72602739726028,100.0,1991_2007
40793,Qaen,2018,77.0,60.0,20.0,23.0,365,365,100.0,100.0,1991_2007
40793,Qaen,2019,55.0,53.0,20.0,19.0,362,365,99.17808219178083,100.0,1991_2007
40793,Qaen,2020,61.0,29.0,32.0,27.0,365,365,100.0,100.0,1991_2007
40793,Qaen,2021,106.0,71.0,11.0,35.0,364,364,99.72602739726028,99.72602739726028,1991_2007
40793,Qaen,2022,96.0,60.0,11.0,8.0,363,363,99.45205479452055,99.45205479452055,1991_2007
40793,Qaen,2023,105.0,90.0,7.0,13.0,364,365,99.72602739726028,100.0,1991_2007
40793,Qaen,2024,92.0,102.0,26.0,12.0,363,365,99.45205479452055,100.0,1991_2007
40794,Safiabad (Dezful),1991,9.0,29.0,56.0,50.0,362,361,99.17808219178083,98.9041095890411,1991_2007
40794,Safiabad (Dezful),1992,4.0,6.0,93.0,72.0,363,350,99.45205479452055,95.8904109589041,1991_2007
40794,Safiabad (Dezful),1993,8.0,20.0,65.0,47.0,360,348,98.63013698630137,95.34246575342465,1991_2007
40794,Safiabad (Dezful),1994,14.0,27.0,41.0,44.0,358,357,98.08219178082192,97.80821917808218,1991_2007
40794,Safiabad (Dezful),1995,16.0,17.0,32.0,53.0,365,360,100.0,98.63013698630137,1991_2007
40794,Safiabad (Dezful),1996,33.0,33.0,18.0,32.0,364,361,99.72602739726028,98.9041095890411,1991_2007
40794,Safiabad (Dezful),1997,18.0,18.0,31.0,46.0,364,362,99.72602739726028,99.17808219178083,1991_2007
40794,Safiabad (Dezful),1998,79.0,58.0,20.0,23.0,363,355,99.45205479452055,97.26027397260275,1991_2007
40794,Safiabad (Dezful),1999,49.0,51.0,13.0,22.0,364,358,99.72602739726028,98.08219178082192,1991_2007
40794,Safiabad (Dezful),2000,36.0,46.0,29.0,31.0,363,361,99.45205479452055,98.9041095890411,1991_2007
40794,Safiabad (Dezful),2001,43.0,43.0,11.0,18.0,365,365,100.0,100.0,1991_2007
40794,Safiabad (Dezful),2002,31.0,29.0,23.0,19.0,365,365,100.0,100.0,1991_2007
40794,Safiabad (Dezful),2003,36.0,43.0,21.0,16.0,365,364,100.0,99.72602739726028,1991_2007
40794,Safiabad (Dezful),2004,42.0,42.0,30.0,27.0,365,365,100.0,100.0,1991_2007
40794,Safiabad (Dezful),2005,54.0,39.0,22.0,24.0,365,365,100.0,100.0,1991_2007
40794,Safiabad (Dezful),2006,37.0,53.0,28.0,19.0,365,365,100.0,100.0,1991_2007
40794,Safiabad (Dezful),2007,28.0,33.0,20.0,23.0,364,364,99.72602739726028,99.72602739726028,1991_2007
40794,Safiabad (Dezful),2008,69.0,63.0,33.0,25.0,364,365,99.72602739726028,100.0,1991_2007
40794,Safiabad (Dezful),2009,39.0,46.0,26.0,17.0,365,365,100.0,100.0,1991_2007
40794,Safiabad (Dezful),2010,105.0,95.0,9.0,5.0,365,365,100.0,100.0,1991_2007
40794,Safiabad (Dezful),2011,46.0,52.0,26.0,25.0,365,365,100.0,100.0,1991_2007
40794,Safiabad (Dezful),2012,44.0,63.0,23.0,13.0,365,365,100.0,100.0,1991_2007
40794,Safiabad (Dezful),2013,43.0,41.0,34.0,45.0,365,365,100.0,100.0,1991_2007
40794,Safiabad (Dezful),2014,38.0,56.0,39.0,15.0,363,364,99.45205479452055,99.72602739726028,1991_2007
40794,Safiabad (Dezful),2015,67.0,94.0,22.0,13.0,365,364,100.0,99.72602739726028,1991_2007
40794,Safiabad (Dezful),2016,57.0,49.0,20.0,21.0,365,363,100.0,99.45205479452055,1991_2007
40794,Safiabad (Dezful),2017,99.0,74.0,12.0,31.0,365,364,100.0,99.72602739726028,1991_2007
40794,Safiabad (Dezful),2018,94.0,73.0,19.0,1.0,360,361,98.63013698630137,98.9041095890411,1991_2007
40794,Safiabad (Dezful),2019,59.0,41.0,21.0,18.0,365,364,100.0,99.72602739726028,1991_2007
40794,Safiabad (Dezful),2020,56.0,65.0,22.0,15.0,365,364,100.0,99.72602739726028,1991_2007
40794,Safiabad (Dezful),2021,127.0,67.0,3.0,10.0,365,365,100.0,100.0,1991_2007
40794,Safiabad (Dezful),2022,92.0,74.0,14.0,17.0,364,365,99.72602739726028,100.0,1991_2007
40794,Safiabad (Dezful),2023,112.0,74.0,16.0,12.0,365,365,100.0,100.0,1991_2007
40794,Safiabad (Dezful),2024,106.0,64.0,20.0,11.0,365,365,100.0,100.0,1991_2007
40796,Dehloran,1991,18.0,18.0,39.0,55.0,365,357,100.0,97.80821917808218,1991_2007
40796,Dehloran,1992,1.0,5.0,96.0,97.0,365,355,100.0,97.26027397260275,1991_2007
40796,Dehloran,1993,12.0,16.0,50.0,40.0,360,350,98.63013698630137,95.8904109589041,1991_2007
40796,Dehloran,1994,24.0,26.0,40.0,36.0,362,353,99.17808219178083,96.7123287671233,1991_2007
40796,Dehloran,1995,17.0,21.0,29.0,36.0,353,360,96.7123287671233,98.63013698630137,1991_2007
40796,Dehloran,1996,29.0,32.0,25.0,18.0,359,356,98.35616438356163,97.53424657534246,1991_2007
40796,Dehloran,1997,13.0,19.0,41.0,47.0,359,356,98.35616438356163,97.53424657534246,1991_2007
40796,Dehloran,1998,76.0,57.0,27.0,18.0,364,349,99.72602739726028,95.61643835616438,1991_2007
40796,Dehloran,1999,39.0,43.0,14.0,12.0,365,353,100.0,96.7123287671233,1991_2007
40796,Dehloran,2000,30.0,40.0,29.0,31.0,365,360,100.0,98.63013698630137,1991_2007
40796,Dehloran,2001,41.0,42.0,14.0,15.0,365,365,100.0,100.0,1991_2007
40796,Dehloran,2002,28.0,23.0,30.0,47.0,365,365,100.0,100.0,1991_2007
40796,Dehloran,2003,43.0,39.0,16.0,18.0,365,365,100.0,100.0,1991_2007
40796,Dehloran,2004,40.0,50.0,25.0,25.0,365,365,100.0,100.0,1991_2007
40796,Dehloran,2005,48.0,39.0,36.0,21.0,365,365,100.0,100.0,1991_2007
40796,Dehloran,2006,42.0,47.0,24.0,20.0,364,365,99.72602739726028,100.0,1991_2007
40796,Dehloran,2007,38.0,36.0,14.0,15.0,365,365,100.0,100.0,1991_2007
40796,Dehloran,2008,66.0,71.0,39.0,25.0,365,365,100.0,100.0,1991_2007
40796,Dehloran,2009,44.0,43.0,26.0,15.0,365,365,100.0,100.0,1991_2007
40796,Dehloran,2010,126.0,107.0,9.0,7.0,365,365,100.0,100.0,1991_2007
40796,Dehloran,2011,49.0,56.0,25.0,33.0,365,365,100.0,100.0,1991_2007
40796,Dehloran,2012,55.0,68.0,18.0,17.0,365,365,100.0,100.0,1991_2007
40796,Dehloran,2013,55.0,43.0,29.0,60.0,365,365,100.0,100.0,1991_2007
40796,Dehloran,2014,74.0,36.0,18.0,34.0,360,363,98.63013698630137,99.45205479452055,1991_2007
40796,Dehloran,2015,127.0,63.0,14.0,21.0,358,362,98.08219178082192,99.17808219178083,1991_2007
40796,Dehloran,2016,89.0,66.0,13.0,27.0,364,361,99.72602739726028,98.9041095890411,1991_2007
40796,Dehloran,2017,150.0,77.0,7.0,20.0,362,361,99.17808219178083,98.9041095890411,1991_2007
40796,Dehloran,2018,116.0,69.0,18.0,10.0,359,362,98.35616438356163,99.17808219178083,1991_2007
40796,Dehloran,2019,114.0,44.0,12.0,26.0,363,358,99.45205479452055,98.08219178082192,1991_2007
40796,Dehloran,2020,101.0,68.0,11.0,8.0,365,364,100.0,99.72602739726028,1991_2007
40796,Dehloran,2021,186.0,94.0,1.0,6.0,365,365,100.0,100.0,1991_2007
40796,Dehloran,2022,142.0,76.0,5.0,10.0,363,365,99.45205479452055,100.0,1991_2007
40796,Dehloran,2023,113.0,55.0,8.0,16.0,365,365,100.0,100.0,1991_2007
40796,Dehloran,2024,116.0,65.0,12.0,21.0,364,365,99.72602739726028,100.0,1991_2007
40797,Kuhrang,1991,47.0,24.0,21.0,20.0,363,344,99.45205479452055,94.24657534246576,1991_2007
40797,Kuhrang,1992,3.0,13.0,99.0,82.0,360,333,98.63013698630137,91.23287671232877,1991_2007
40797,Kuhrang,1993,13.0,29.0,64.0,41.0,361,336,98.9041095890411,92.05479452054794,1991_2007
40797,Kuhrang,1994,30.0,36.0,36.0,24.0,361,346,98.9041095890411,94.79452054794521,1991_2007
40797,Kuhrang,1995,22.0,20.0,36.0,30.0,360,350,98.63013698630137,95.8904109589041,1991_2007
40797,Kuhrang,1996,28.0,31.0,35.0,41.0,358,345,98.08219178082192,94.52054794520548,1991_2007
40797,Kuhrang,1997,18.0,19.0,45.0,33.0,356,337,97.53424657534246,92.32876712328768,1991_2007
40797,Kuhrang,1998,71.0,41.0,31.0,23.0,361,342,98.9041095890411,93.69863013698631,1991_2007
40797,Kuhrang,1999,25.0,34.0,13.0,14.0,357,350,97.80821917808218,95.8904109589041,1991_2007
40797,Kuhrang,2000,31.0,31.0,22.0,40.0,357,341,97.80821917808218,93.42465753424658,1991_2007
40797,Kuhrang,2001,45.0,34.0,21.0,30.0,365,365,100.0,100.0,1991_2007
40797,Kuhrang,2002,37.0,40.0,25.0,27.0,365,365,100.0,100.0,1991_2007
40797,Kuhrang,2003,39.0,42.0,7.0,12.0,365,365,100.0,100.0,1991_2007
40797,Kuhrang,2004,33.0,36.0,21.0,36.0,365,365,100.0,100.0,1991_2007
40797,Kuhrang,2005,44.0,38.0,29.0,28.0,365,365,100.0,100.0,1991_2007
40797,Kuhrang,2006,32.0,43.0,42.0,44.0,365,365,100.0,100.0,1991_2007
40797,Kuhrang,2007,25.0,29.0,18.0,20.0,365,365,100.0,100.0,1991_2007
40797,Kuhrang,2008,67.0,53.0,34.0,38.0,365,363,100.0,99.45205479452055,1991_2007
40797,Kuhrang,2009,34.0,37.0,32.0,32.0,365,365,100.0,100.0,1991_2007
40797,Kuhrang,2010,126.0,70.0,12.0,18.0,365,365,100.0,100.0,1991_2007
40797,Kuhrang,2011,52.0,45.0,16.0,39.0,365,365,100.0,100.0,1991_2007
40797,Kuhrang,2012,33.0,25.0,25.0,24.0,365,365,100.0,100.0,1991_2007
40797,Kuhrang,2013,74.0,47.0,18.0,43.0,363,365,99.45205479452055,100.0,1991_2007
40797,Kuhrang,2014,89.0,39.0,27.0,35.0,361,358,98.9041095890411,98.08219178082192,1991_2007
40797,Kuhrang,2015,112.0,63.0,19.0,28.0,362,358,99.17808219178083,98.08219178082192,1991_2007
40797,Kuhrang,2016,109.0,55.0,6.0,32.0,365,364,100.0,99.72602739726028,1991_2007
40797,Kuhrang,2017,103.0,72.0,2.0,27.0,355,358,97.26027397260275,98.08219178082192,1991_2007
40797,Kuhrang,2018,128.0,60.0,7.0,22.0,365,365,100.0,100.0,1991_2007
40797,Kuhrang,2019,74.0,41.0,20.0,44.0,362,359,99.17808219178083,98.35616438356163,1991_2007
40797,Kuhrang,2020,89.0,40.0,16.0,32.0,363,365,99.45205479452055,100.0,1991_2007
40797,Kuhrang,2021,164.0,54.0,5.0,11.0,365,364,100.0,99.72602739726028,1991_2007
40797,Kuhrang,2022,132.0,68.0,6.0,29.0,364,365,99.72602739726028,100.0,1991_2007
40797,Kuhrang,2023,85.0,41.0,9.0,28.0,363,365,99.45205479452055,100.0,1991_2007
40797,Kuhrang,2024,110.0,61.0,7.0,20.0,365,365,100.0,100.0,1991_2007
40798,Shahrekord,1991,39.0,28.0,20.0,19.0,363,356,99.45205479452055,97.53424657534246,1991_2007
40798,Shahrekord,1992,2.0,17.0,98.0,60.0,363,351,99.45205479452055,96.16438356164385,1991_2007
40798,Shahrekord,1993,11.0,28.0,47.0,25.0,365,355,100.0,97.26027397260275,1991_2007
40798,Shahrekord,1994,30.0,42.0,39.0,19.0,363,358,99.45205479452055,98.08219178082192,1991_2007
40798,Shahrekord,1995,22.0,32.0,34.0,27.0,365,358,100.0,98.08219178082192,1991_2007
40798,Shahrekord,1996,14.0,39.0,46.0,17.0,361,354,98.9041095890411,96.98630136986301,1991_2007
40798,Shahrekord,1997,22.0,35.0,40.0,15.0,360,355,98.63013698630137,97.26027397260275,1991_2007
40798,Shahrekord,1998,65.0,65.0,29.0,6.0,363,352,99.45205479452055,96.43835616438356,1991_2007
40798,Shahrekord,1999,34.0,42.0,17.0,6.0,364,358,99.72602739726028,98.08219178082192,1991_2007
40798,Shahrekord,2000,32.0,39.0,25.0,22.0,360,356,98.63013698630137,97.53424657534246,1991_2007
40798,Shahrekord,2001,58.0,48.0,19.0,8.0,365,365,100.0,100.0,1991_2007
40798,Shahrekord,2002,34.0,44.0,17.0,5.0,365,365,100.0,100.0,1991_2007
40798,Shahrekord,2003,33.0,21.0,10.0,65.0,365,365,100.0,100.0,1991_2007
40798,Shahrekord,2004,37.0,28.0,28.0,83.0,365,365,100.0,100.0,1991_2007
40798,Shahrekord,2005,29.0,19.0,28.0,68.0,365,365,100.0,100.0,1991_2007
40798,Shahrekord,2006,32.0,27.0,44.0,60.0,365,365,100.0,100.0,1991_2007
40798,Shahrekord,2007,19.0,20.0,27.0,62.0,365,365,100.0,100.0,1991_2007
40798,Shahrekord,2008,58.0,29.0,38.0,71.0,365,365,100.0,100.0,1991_2007
40798,Shahrekord,2009,39.0,11.0,32.0,75.0,365,365,100.0,100.0,1991_2007
40798,Shahrekord,2010,93.0,27.0,20.0,62.0,365,365,100.0,100.0,1991_2007
40798,Shahrekord,2011,42.0,31.0,24.0,88.0,365,365,100.0,100.0,1991_2007
40798,Shahrekord,2012,20.0,32.0,36.0,41.0,365,365,100.0,100.0,1991_2007
40798,Shahrekord,2013,72.0,27.0,18.0,78.0,365,365,100.0,100.0,1991_2007
40798,Shahrekord,2014,44.0,14.0,38.0,65.0,363,362,99.45205479452055,99.17808219178083,1991_2007
40798,Shahrekord,2015,82.0,43.0,17.0,73.0,361,360,98.9041095890411,98.63013698630137,1991_2007
40798,Shahrekord,2016,85.0,37.0,15.0,92.0,363,364,99.45205479452055,99.72602739726028,1991_2007
40798,Shahrekord,2017,82.0,27.0,7.0,102.0,363,365,99.45205479452055,100.0,1991_2007
40798,Shahrekord,2018,102.0,43.0,18.0,15.0,364,365,99.72602739726028,100.0,1991_2007
40798,Shahrekord,2019,71.0,28.0,22.0,73.0,365,364,100.0,99.72602739726028,1991_2007
40798,Shahrekord,2020,75.0,35.0,13.0,68.0,365,365,100.0,100.0,1991_2007
40798,Shahrekord,2021,153.0,28.0,10.0,34.0,365,364,100.0,99.72602739726028,1991_2007
40798,Shahrekord,2022,123.0,49.0,13.0,61.0,365,365,100.0,100.0,1991_2007
40798,Shahrekord,2023,105.0,38.0,15.0,64.0,360,365,98.63013698630137,100.0,1991_2007
40798,Shahrekord,2024,128.0,42.0,14.0,38.0,363,364,99.45205479452055,99.72602739726028,1991_2007
40799,Ardestan,1991,,,,,0,0,0.0,0.0,1991_2007
40799,Ardestan,1992,11.0,11.0,85.0,94.0,364,358,99.72602739726028,98.08219178082192,1991_2007
40799,Ardestan,1993,9.0,9.0,50.0,47.0,364,358,99.72602739726028,98.08219178082192,1991_2007
40799,Ardestan,1994,21.0,23.0,40.0,43.0,365,359,100.0,98.35616438356163,1991_2007
40799,Ardestan,1995,23.0,39.0,35.0,33.0,362,361,99.17808219178083,98.9041095890411,1991_2007
40799,Ardestan,1996,24.0,28.0,59.0,45.0,363,359,99.45205479452055,98.35616438356163,1991_2007
40799,Ardestan,1997,29.0,36.0,27.0,33.0,365,361,100.0,98.9041095890411,1991_2007
40799,Ardestan,1998,46.0,38.0,26.0,24.0,362,361,99.17808219178083,98.9041095890411,1991_2007
40799,Ardestan,1999,32.0,28.0,21.0,25.0,365,359,100.0,98.35616438356163,1991_2007
40799,Ardestan,2000,43.0,28.0,26.0,31.0,365,363,100.0,99.45205479452055,1991_2007
40799,Ardestan,2001,49.0,37.0,24.0,24.0,365,365,100.0,100.0,1991_2007
40799,Ardestan,2002,56.0,48.0,26.0,21.0,365,365,100.0,100.0,1991_2007
40799,Ardestan,2003,44.0,39.0,27.0,31.0,365,365,100.0,100.0,1991_2007
40799,Ardestan,2004,35.0,43.0,31.0,25.0,365,365,100.0,100.0,1991_2007
40799,Ardestan,2005,43.0,55.0,34.0,31.0,365,365,100.0,100.0,1991_2007
40799,Ardestan,2006,34.0,41.0,33.0,19.0,365,365,100.0,100.0,1991_2007
40799,Ardestan,2007,32.0,29.0,21.0,27.0,365,365,100.0,100.0,1991_2007
40799,Ardestan,2008,45.0,38.0,59.0,53.0,365,365,100.0,100.0,1991_2007
40799,Ardestan,2009,36.0,47.0,28.0,21.0,365,365,100.0,100.0,1991_2007
40799,Ardestan,2010,65.0,71.0,20.0,9.0,365,365,100.0,100.0,1991_2007
40799,Ardestan,2011,50.0,43.0,39.0,33.0,365,365,100.0,100.0,1991_2007
40799,Ardestan,2012,17.0,23.0,41.0,29.0,365,365,100.0,100.0,1991_2007
40799,Ardestan,2013,48.0,55.0,29.0,25.0,365,365,100.0,100.0,1991_2007
40799,Ardestan,2014,39.0,43.0,30.0,23.0,364,364,99.72602739726028,99.72602739726028,1991_2007
40799,Ardestan,2015,52.0,70.0,28.0,21.0,364,365,99.72602739726028,100.0,1991_2007
40799,Ardestan,2016,72.0,66.0,35.0,34.0,365,363,100.0,99.45205479452055,1991_2007
40799,Ardestan,2017,51.0,56.0,19.0,16.0,364,365,99.72602739726028,100.0,1991_2007
40799,Ardestan,2018,62.0,64.0,28.0,21.0,364,365,99.72602739726028,100.0,1991_2007
40799,Ardestan,2019,37.0,51.0,24.0,12.0,358,362,98.08219178082192,99.17808219178083,1991_2007
40799,Ardestan,2020,51.0,47.0,28.0,28.0,365,365,100.0,100.0,1991_2007
40799,Ardestan,2021,94.0,70.0,10.0,12.0,364,365,99.72602739726028,100.0,1991_2007
40799,Ardestan,2022,85.0,75.0,12.0,21.0,363,363,99.45205479452055,99.45205479452055,1991_2007
40799,Ardestan,2023,81.0,65.0,10.0,8.0,365,365,100.0,100.0,1991_2007
40799,Ardestan,2024,79.0,64.0,18.0,24.0,364,364,99.72602739726028,99.72602739726028,1991_2007
40800,Esfahan,1991,11.0,42.0,35.0,3.0,365,358,100.0,98.08219178082192,1991_2007
40800,Esfahan,1992,1.0,25.0,87.0,30.0,365,349,100.0,95.61643835616438,1991_2007
40800,Esfahan,1993,4.0,39.0,54.0,8.0,361,356,98.9041095890411,97.53424657534246,1991_2007
40800,Esfahan,1994,,,,,283,283,77.53424657534246,77.53424657534246,1991_2007
40800,Esfahan,1995,17.0,11.0,47.0,63.0,363,361,99.45205479452055,98.9041095890411,1991_2007
40800,Esfahan,1996,18.0,24.0,56.0,60.0,365,360,100.0,98.63013698630137,1991_2007
40800,Esfahan,1997,26.0,18.0,23.0,38.0,362,361,99.17808219178083,98.9041095890411,1991_2007
40800,Esfahan,1998,56.0,29.0,25.0,33.0,361,362,98.9041095890411,99.17808219178083,1991_2007
40800,Esfahan,1999,32.0,26.0,20.0,36.0,359,358,98.35616438356163,98.08219178082192,1991_2007
40800,Esfahan,2000,47.0,19.0,21.0,56.0,361,359,98.9041095890411,98.35616438356163,1991_2007
40800,Esfahan,2001,81.0,33.0,18.0,34.0,365,365,100.0,100.0,1991_2007
40800,Esfahan,2002,47.0,44.0,19.0,23.0,365,365,100.0,100.0,1991_2007
40800,Esfahan,2003,36.0,37.0,17.0,41.0,365,365,100.0,100.0,1991_2007
40800,Esfahan,2004,36.0,41.0,25.0,24.0,365,365,100.0,100.0,1991_2007
40800,Esfahan,2005,45.0,39.0,32.0,26.0,365,365,100.0,100.0,1991_2007
40800,Esfahan,2006,35.0,52.0,35.0,25.0,364,365,99.72602739726028,100.0,1991_2007
40800,Esfahan,2007,21.0,23.0,20.0,30.0,365,365,100.0,100.0,1991_2007
40800,Esfahan,2008,46.0,47.0,44.0,41.0,365,364,100.0,99.72602739726028,1991_2007
40800,Esfahan,2009,40.0,38.0,26.0,14.0,365,365,100.0,100.0,1991_2007
40800,Esfahan,2010,75.0,67.0,16.0,13.0,365,365,100.0,100.0,1991_2007
40800,Esfahan,2011,42.0,64.0,31.0,22.0,365,365,100.0,100.0,1991_2007
40800,Esfahan,2012,23.0,35.0,30.0,24.0,365,365,100.0,100.0,1991_2007
40800,Esfahan,2013,74.0,70.0,23.0,26.0,365,364,100.0,99.72602739726028,1991_2007
40800,Esfahan,2014,32.0,49.0,36.0,25.0,364,364,99.72602739726028,99.72602739726028,1991_2007
40800,Esfahan,2015,57.0,86.0,23.0,20.0,364,364,99.72602739726028,99.72602739726028,1991_2007
40800,Esfahan,2016,62.0,82.0,24.0,9.0,363,359,99.45205479452055,98.35616438356163,1991_2007
40800,Esfahan,2017,51.0,61.0,17.0,13.0,363,357,99.45205479452055,97.80821917808218,1991_2007
40800,Esfahan,2018,64.0,87.0,22.0,9.0,364,365,99.72602739726028,100.0,1991_2007
40800,Esfahan,2019,53.0,69.0,28.0,13.0,365,364,100.0,99.72602739726028,1991_2007
40800,Esfahan,2020,67.0,63.0,16.0,17.0,365,365,100.0,100.0,1991_2007
40800,Esfahan,2021,163.0,85.0,5.0,11.0,361,362,98.9041095890411,99.17808219178083,1991_2007
40800,Esfahan,2022,148.0,84.0,10.0,15.0,362,364,99.17808219178083,99.72602739726028,1991_2007
40800,Esfahan,2023,144.0,72.0,6.0,10.0,361,365,98.9041095890411,100.0,1991_2007
40800,Esfahan,2024,179.0,94.0,11.0,20.0,363,365,99.45205479452055,100.0,1991_2007
40801,Naein,1991,,,,,0,0,0.0,0.0,1991_2007
40801,Naein,1992,5.0,15.0,65.0,62.0,305,297,83.56164383561644,81.36986301369863,1991_2007
40801,Naein,1993,6.0,12.0,47.0,56.0,365,362,100.0,99.17808219178083,1991_2007
40801,Naein,1994,21.0,29.0,38.0,43.0,363,364,99.45205479452055,99.72602739726028,1991_2007
40801,Naein,1995,24.0,17.0,41.0,45.0,360,364,98.63013698630137,99.72602739726028,1991_2007
40801,Naein,1996,24.0,24.0,55.0,51.0,362,360,99.17808219178083,98.63013698630137,1991_2007
40801,Naein,1997,21.0,33.0,29.0,29.0,365,363,100.0,99.45205479452055,1991_2007
40801,Naein,1998,58.0,37.0,34.0,17.0,365,361,100.0,98.9041095890411,1991_2007
40801,Naein,1999,35.0,34.0,32.0,22.0,365,362,100.0,99.17808219178083,1991_2007
40801,Naein,2000,32.0,30.0,27.0,37.0,364,363,99.72602739726028,99.45205479452055,1991_2007
40801,Naein,2001,51.0,39.0,29.0,24.0,365,365,100.0,100.0,1991_2007
40801,Naein,2002,42.0,37.0,24.0,15.0,365,365,100.0,100.0,1991_2007
40801,Naein,2003,39.0,45.0,21.0,34.0,365,365,100.0,100.0,1991_2007
40801,Naein,2004,31.0,38.0,22.0,23.0,365,365,100.0,100.0,1991_2007
40801,Naein,2005,49.0,44.0,37.0,27.0,365,365,100.0,100.0,1991_2007
40801,Naein,2006,46.0,56.0,29.0,18.0,365,365,100.0,100.0,1991_2007
40801,Naein,2007,31.0,41.0,26.0,16.0,365,365,100.0,100.0,1991_2007
40801,Naein,2008,62.0,38.0,56.0,52.0,365,365,100.0,100.0,1991_2007
40801,Naein,2009,43.0,38.0,25.0,24.0,365,365,100.0,100.0,1991_2007
40801,Naein,2010,62.0,69.0,26.0,14.0,365,365,100.0,100.0,1991_2007
40801,Naein,2011,34.0,52.0,37.0,27.0,365,365,100.0,100.0,1991_2007
40801,Naein,2012,16.0,28.0,42.0,36.0,365,365,100.0,100.0,1991_2007
40801,Naein,2013,54.0,66.0,44.0,25.0,365,365,100.0,100.0,1991_2007
40801,Naein,2014,27.0,32.0,38.0,36.0,363,365,99.45205479452055,100.0,1991_2007
40801,Naein,2015,52.0,67.0,29.0,27.0,365,365,100.0,100.0,1991_2007
40801,Naein,2016,74.0,61.0,28.0,34.0,365,365,100.0,100.0,1991_2007
40801,Naein,2017,55.0,56.0,22.0,24.0,364,365,99.72602739726028,100.0,1991_2007
40801,Naein,2018,60.0,53.0,29.0,22.0,363,365,99.45205479452055,100.0,1991_2007
40801,Naein,2019,44.0,70.0,29.0,15.0,365,365,100.0,100.0,1991_2007
40801,Naein,2020,40.0,47.0,36.0,16.0,365,365,100.0,100.0,1991_2007
40801,Naein,2021,80.0,60.0,17.0,19.0,365,365,100.0,100.0,1991_2007
40801,Naein,2022,67.0,61.0,20.0,17.0,365,365,100.0,100.0,1991_2007
40801,Naein,2023,58.0,71.0,14.0,6.0,365,365,100.0,100.0,1991_2007
40801,Naein,2024,75.0,83.0,28.0,13.0,365,365,100.0,100.0,1991_2007
40802,Esfahan (Airport),1991,17.0,21.0,29.0,41.0,364,355,99.72602739726028,97.26027397260275,1991_2007
40802,Esfahan (Airport),1992,1.0,16.0,73.0,86.0,364,352,99.72602739726028,96.43835616438356,1991_2007
40802,Esfahan (Airport),1993,6.0,20.0,50.0,31.0,364,355,99.72602739726028,97.26027397260275,1991_2007
40802,Esfahan (Airport),1994,28.0,40.0,42.0,39.0,365,364,100.0,99.72602739726028,1991_2007
40802,Esfahan (Airport),1995,12.0,17.0,55.0,35.0,365,360,100.0,98.63013698630137,1991_2007
40802,Esfahan (Airport),1996,19.0,30.0,60.0,44.0,365,355,100.0,97.26027397260275,1991_2007
40802,Esfahan (Airport),1997,26.0,26.0,27.0,28.0,362,361,99.17808219178083,98.9041095890411,1991_2007
40802,Esfahan (Airport),1998,54.0,47.0,29.0,8.0,362,358,99.17808219178083,98.08219178082192,1991_2007
40802,Esfahan (Airport),1999,26.0,25.0,20.0,24.0,361,357,98.9041095890411,97.80821917808218,1991_2007
40802,Esfahan (Airport),2000,45.0,40.0,28.0,41.0,364,358,99.72602739726028,98.08219178082192,1991_2007
40802,Esfahan (Airport),2001,68.0,47.0,17.0,20.0,363,358,99.45205479452055,98.08219178082192,1991_2007
40802,Esfahan (Airport),2002,41.0,45.0,20.0,17.0,362,360,99.17808219178083,98.63013698630137,1991_2007
40802,Esfahan (Airport),2003,32.0,44.0,17.0,35.0,361,353,98.9041095890411,96.7123287671233,1991_2007
40802,Esfahan (Airport),2004,38.0,38.0,22.0,18.0,362,354,99.17808219178083,96.98630136986301,1991_2007
40802,Esfahan (Airport),2005,42.0,36.0,20.0,30.0,365,360,100.0,98.63013698630137,1991_2007
40802,Esfahan (Airport),2006,36.0,43.0,37.0,23.0,362,355,99.17808219178083,97.26027397260275,1991_2007
40802,Esfahan (Airport),2007,28.0,36.0,18.0,16.0,365,365,100.0,100.0,1991_2007
40802,Esfahan (Airport),2008,55.0,67.0,41.0,40.0,364,360,99.72602739726028,98.63013698630137,1991_2007
40802,Esfahan (Airport),2009,34.0,52.0,28.0,13.0,363,359,99.45205479452055,98.35616438356163,1991_2007
40802,Esfahan (Airport),2010,79.0,75.0,13.0,23.0,363,360,99.45205479452055,98.63013698630137,1991_2007
40802,Esfahan (Airport),2011,44.0,39.0,37.0,67.0,365,365,100.0,100.0,1991_2007
40802,Esfahan (Airport),2012,18.0,31.0,39.0,69.0,363,358,99.45205479452055,98.08219178082192,1991_2007
40802,Esfahan (Airport),2013,68.0,39.0,26.0,73.0,363,365,99.45205479452055,100.0,1991_2007
40802,Esfahan (Airport),2014,34.0,26.0,39.0,64.0,364,364,99.72602739726028,99.72602739726028,1991_2007
40802,Esfahan (Airport),2015,67.0,48.0,28.0,78.0,365,365,100.0,100.0,1991_2007
40802,Esfahan (Airport),2016,65.0,39.0,27.0,56.0,365,365,100.0,100.0,1991_2007
40802,Esfahan (Airport),2017,57.0,25.0,17.0,96.0,365,365,100.0,100.0,1991_2007
40802,Esfahan (Airport),2018,61.0,42.0,28.0,51.0,364,365,99.72602739726028,100.0,1991_2007
40802,Esfahan (Airport),2019,51.0,35.0,30.0,59.0,365,365,100.0,100.0,1991_2007
40802,Esfahan (Airport),2020,42.0,37.0,27.0,69.0,365,365,100.0,100.0,1991_2007
40802,Esfahan (Airport),2021,104.0,38.0,14.0,69.0,365,364,100.0,99.72602739726028,1991_2007
40802,Esfahan (Airport),2022,75.0,45.0,20.0,77.0,365,365,100.0,100.0,1991_2007
40802,Esfahan (Airport),2023,61.0,50.0,15.0,37.0,360,365,98.63013698630137,100.0,1991_2007
40802,Esfahan (Airport),2024,88.0,49.0,19.0,42.0,361,364,98.9041095890411,99.72602739726028,1991_2007
40803,Kabutarabad,1991,,,,,0,0,0.0,0.0,1991_2007
40803,Kabutarabad,1992,3.0,13.0,81.0,77.0,334,328,91.5068493150685,89.86301369863014,1991_2007
40803,Kabutarabad,1993,3.0,31.0,52.0,45.0,365,360,100.0,98.63013698630137,1991_2007
40803,Kabutarabad,1994,17.0,32.0,44.0,52.0,363,363,99.45205479452055,99.45205479452055,1991_2007
40803,Kabutarabad,1995,12.0,15.0,59.0,42.0,365,361,100.0,98.9041095890411,1991_2007
40803,Kabutarabad,1996,13.0,33.0,68.0,46.0,363,359,99.45205479452055,98.35616438356163,1991_2007
40803,Kabutarabad,1997,16.0,12.0,30.0,27.0,365,360,100.0,98.63013698630137,1991_2007
40803,Kabutarabad,1998,41.0,48.0,22.0,17.0,364,364,99.72602739726028,99.72602739726028,1991_2007
40803,Kabutarabad,1999,23.0,29.0,21.0,36.0,365,364,100.0,99.72602739726028,1991_2007
40803,Kabutarabad,2000,49.0,37.0,26.0,39.0,365,362,100.0,99.17808219178083,1991_2007
40803,Kabutarabad,2001,79.0,55.0,17.0,21.0,365,365,100.0,100.0,1991_2007
40803,Kabutarabad,2002,54.0,42.0,11.0,14.0,365,365,100.0,100.0,1991_2007
40803,Kabutarabad,2003,47.0,43.0,14.0,30.0,365,365,100.0,100.0,1991_2007
40803,Kabutarabad,2004,42.0,44.0,23.0,18.0,365,363,100.0,99.45205479452055,1991_2007
40803,Kabutarabad,2005,49.0,37.0,27.0,27.0,365,365,100.0,100.0,1991_2007
40803,Kabutarabad,2006,37.0,49.0,32.0,23.0,365,365,100.0,100.0,1991_2007
40803,Kabutarabad,2007,19.0,29.0,24.0,20.0,365,365,100.0,100.0,1991_2007
40803,Kabutarabad,2008,41.0,54.0,43.0,52.0,365,365,100.0,100.0,1991_2007
40803,Kabutarabad,2009,40.0,48.0,28.0,17.0,365,365,100.0,100.0,1991_2007
40803,Kabutarabad,2010,91.0,83.0,14.0,11.0,365,365,100.0,100.0,1991_2007
40803,Kabutarabad,2011,58.0,74.0,25.0,36.0,365,365,100.0,100.0,1991_2007
40803,Kabutarabad,2012,31.0,31.0,29.0,32.0,365,365,100.0,100.0,1991_2007
40803,Kabutarabad,2013,67.0,67.0,24.0,33.0,365,365,100.0,100.0,1991_2007
40803,Kabutarabad,2014,29.0,60.0,38.0,22.0,363,364,99.45205479452055,99.72602739726028,1991_2007
40803,Kabutarabad,2015,60.0,86.0,26.0,26.0,360,361,98.63013698630137,98.9041095890411,1991_2007
40803,Kabutarabad,2016,79.0,72.0,27.0,11.0,364,361,99.72602739726028,98.9041095890411,1991_2007
40803,Kabutarabad,2017,69.0,57.0,15.0,28.0,365,362,100.0,99.17808219178083,1991_2007
40803,Kabutarabad,2018,90.0,112.0,21.0,17.0,363,364,99.45205479452055,99.72602739726028,1991_2007
40803,Kabutarabad,2019,62.0,96.0,22.0,12.0,363,363,99.45205479452055,99.45205479452055,1991_2007
40803,Kabutarabad,2020,59.0,56.0,17.0,22.0,364,365,99.72602739726028,100.0,1991_2007
40803,Kabutarabad,2021,127.0,92.0,10.0,10.0,365,364,100.0,99.72602739726028,1991_2007
40803,Kabutarabad,2022,113.0,110.0,12.0,14.0,363,365,99.45205479452055,100.0,1991_2007
40803,Kabutarabad,2023,154.0,102.0,9.0,7.0,364,365,99.72602739726028,100.0,1991_2007
40803,Kabutarabad,2024,164.0,108.0,14.0,13.0,364,365,99.72602739726028,100.0,1991_2007
40809,Birjand,1991,16.0,23.0,45.0,39.0,359,363,98.35616438356163,99.45205479452055,1991_2007
40809,Birjand,1992,13.0,20.0,67.0,63.0,361,358,98.9041095890411,98.08219178082192,1991_2007
40809,Birjand,1993,6.0,26.0,56.0,63.0,363,363,99.45205479452055,99.45205479452055,1991_2007
40809,Birjand,1994,32.0,42.0,49.0,39.0,364,364,99.72602739726028,99.72602739726028,1991_2007
40809,Birjand,1995,21.0,30.0,45.0,37.0,364,364,99.72602739726028,99.72602739726028,1991_2007
40809,Birjand,1996,23.0,24.0,51.0,51.0,365,364,100.0,99.72602739726028,1991_2007
40809,Birjand,1997,22.0,24.0,34.0,22.0,361,364,98.9041095890411,99.72602739726028,1991_2007
40809,Birjand,1998,58.0,40.0,25.0,15.0,362,364,99.17808219178083,99.72602739726028,1991_2007
40809,Birjand,1999,29.0,42.0,19.0,27.0,363,363,99.45205479452055,99.45205479452055,1991_2007
40809,Birjand,2000,41.0,45.0,28.0,30.0,361,365,98.9041095890411,100.0,1991_2007
40809,Birjand,2001,69.0,41.0,11.0,23.0,365,365,100.0,100.0,1991_2007
40809,Birjand,2002,33.0,45.0,25.0,22.0,365,365,100.0,100.0,1991_2007
40809,Birjand,2003,45.0,32.0,27.0,37.0,365,365,100.0,100.0,1991_2007
40809,Birjand,2004,45.0,39.0,23.0,21.0,365,365,100.0,100.0,1991_2007
40809,Birjand,2005,30.0,34.0,27.0,28.0,365,365,100.0,100.0,1991_2007
40809,Birjand,2006,53.0,56.0,25.0,33.0,365,365,100.0,100.0,1991_2007
40809,Birjand,2007,31.0,34.0,24.0,37.0,363,365,99.45205479452055,100.0,1991_2007
40809,Birjand,2008,74.0,67.0,46.0,37.0,365,365,100.0,100.0,1991_2007
40809,Birjand,2009,53.0,63.0,31.0,37.0,365,365,100.0,100.0,1991_2007
40809,Birjand,2010,58.0,38.0,17.0,34.0,365,365,100.0,100.0,1991_2007
40809,Birjand,2011,39.0,42.0,24.0,26.0,365,365,100.0,100.0,1991_2007
40809,Birjand,2012,10.0,20.0,48.0,44.0,365,365,100.0,100.0,1991_2007
40809,Birjand,2013,73.0,49.0,28.0,36.0,365,365,100.0,100.0,1991_2007
40809,Birjand,2014,47.0,29.0,29.0,40.0,363,365,99.45205479452055,100.0,1991_2007
40809,Birjand,2015,52.0,59.0,30.0,28.0,364,365,99.72602739726028,100.0,1991_2007
40809,Birjand,2016,85.0,51.0,21.0,23.0,363,365,99.45205479452055,100.0,1991_2007
40809,Birjand,2017,48.0,34.0,14.0,34.0,365,365,100.0,100.0,1991_2007
40809,Birjand,2018,57.0,49.0,25.0,26.0,364,365,99.72602739726028,100.0,1991_2007
40809,Birjand,2019,40.0,46.0,24.0,21.0,364,365,99.72602739726028,100.0,1991_2007
40809,Birjand,2020,36.0,28.0,44.0,37.0,365,365,100.0,100.0,1991_2007
40809,Birjand,2021,84.0,46.0,14.0,35.0,365,365,100.0,100.0,1991_2007
40809,Birjand,2022,93.0,55.0,13.0,27.0,365,365,100.0,100.0,1991_2007
40809,Birjand,2023,86.0,56.0,7.0,22.0,365,365,100.0,100.0,1991_2007
40809,Birjand,2024,111.0,74.0,23.0,22.0,365,365,100.0,100.0,1991_2007
40810,Bostan,1991,8.0,13.0,57.0,83.0,365,365,100.0,100.0,1991_2007
40810,Bostan,1992,1.0,8.0,103.0,65.0,362,351,99.17808219178083,96.16438356164385,1991_2007
40810,Bostan,1993,12.0,24.0,71.0,29.0,359,348,98.35616438356163,95.34246575342465,1991_2007
40810,Bostan,1994,13.0,39.0,44.0,27.0,363,357,99.45205479452055,97.80821917808218,1991_2007
40810,Bostan,1995,10.0,18.0,45.0,32.0,364,358,99.72602739726028,98.08219178082192,1991_2007
40810,Bostan,1996,25.0,44.0,25.0,12.0,365,353,100.0,96.7123287671233,1991_2007
40810,Bostan,1997,11.0,21.0,34.0,48.0,360,354,98.63013698630137,96.98630136986301,1991_2007
40810,Bostan,1998,55.0,33.0,24.0,19.0,362,356,99.17808219178083,97.53424657534246,1991_2007
40810,Bostan,1999,65.0,29.0,6.0,38.0,358,352,98.08219178082192,96.43835616438356,1991_2007
40810,Bostan,2000,59.0,48.0,29.0,42.0,362,348,99.17808219178083,95.34246575342465,1991_2007
40810,Bostan,2001,44.0,42.0,10.0,27.0,365,365,100.0,100.0,1991_2007
40810,Bostan,2002,44.0,35.0,15.0,28.0,365,365,100.0,100.0,1991_2007
40810,Bostan,2003,37.0,47.0,11.0,23.0,365,365,100.0,100.0,1991_2007
40810,Bostan,2004,35.0,44.0,26.0,28.0,365,365,100.0,100.0,1991_2007
40810,Bostan,2005,43.0,46.0,23.0,19.0,365,365,100.0,100.0,1991_2007
40810,Bostan,2006,37.0,61.0,27.0,11.0,365,365,100.0,100.0,1991_2007
40810,Bostan,2007,28.0,30.0,18.0,39.0,365,365,100.0,100.0,1991_2007
40810,Bostan,2008,67.0,68.0,41.0,31.0,365,364,100.0,99.72602739726028,1991_2007
40810,Bostan,2009,33.0,69.0,18.0,18.0,364,365,99.72602739726028,100.0,1991_2007
40810,Bostan,2010,115.0,128.0,9.0,6.0,365,364,100.0,99.72602739726028,1991_2007
40810,Bostan,2011,45.0,54.0,25.0,29.0,365,364,100.0,99.72602739726028,1991_2007
40810,Bostan,2012,66.0,72.0,17.0,16.0,365,364,100.0,99.72602739726028,1991_2007
40810,Bostan,2013,41.0,50.0,31.0,31.0,365,364,100.0,99.72602739726028,1991_2007
40810,Bostan,2014,41.0,81.0,27.0,10.0,364,364,99.72602739726028,99.72602739726028,1991_2007
40810,Bostan,2015,98.0,119.0,16.0,8.0,364,362,99.72602739726028,99.17808219178083,1991_2007
40810,Bostan,2016,75.0,84.0,14.0,13.0,365,365,100.0,100.0,1991_2007
40810,Bostan,2017,120.0,113.0,6.0,15.0,364,365,99.72602739726028,100.0,1991_2007
40810,Bostan,2018,107.0,117.0,17.0,0.0,360,362,98.63013698630137,99.17808219178083,1991_2007
40810,Bostan,2019,44.0,103.0,17.0,4.0,365,365,100.0,100.0,1991_2007
40810,Bostan,2020,65.0,109.0,11.0,2.0,365,363,100.0,99.45205479452055,1991_2007
40810,Bostan,2021,150.0,107.0,1.0,3.0,365,365,100.0,100.0,1991_2007
40810,Bostan,2022,110.0,116.0,6.0,10.0,364,365,99.72602739726028,100.0,1991_2007
40810,Bostan,2023,82.0,66.0,24.0,15.0,364,364,99.72602739726028,99.72602739726028,1991_2007
40810,Bostan,2024,85.0,83.0,18.0,15.0,363,364,99.45205479452055,99.72602739726028,1991_2007
40811,Ahvaz,1991,7.0,14.0,58.0,53.0,365,362,100.0,99.17808219178083,1991_2007
40811,Ahvaz,1992,1.0,7.0,97.0,91.0,365,365,100.0,100.0,1991_2007
40811,Ahvaz,1993,10.0,23.0,58.0,43.0,365,365,100.0,100.0,1991_2007
40811,Ahvaz,1994,22.0,38.0,34.0,30.0,365,362,100.0,99.17808219178083,1991_2007
40811,Ahvaz,1995,15.0,13.0,44.0,35.0,362,346,99.17808219178083,94.79452054794521,1991_2007
40811,Ahvaz,1996,34.0,43.0,26.0,32.0,365,359,100.0,98.35616438356163,1991_2007
40811,Ahvaz,1997,16.0,21.0,46.0,50.0,365,365,100.0,100.0,1991_2007
40811,Ahvaz,1998,70.0,56.0,22.0,8.0,365,365,100.0,100.0,1991_2007
40811,Ahvaz,1999,50.0,32.0,9.0,25.0,365,365,100.0,100.0,1991_2007
40811,Ahvaz,2000,55.0,51.0,26.0,29.0,365,365,100.0,100.0,1991_2007
40811,Ahvaz,2001,39.0,33.0,8.0,20.0,365,365,100.0,100.0,1991_2007
40811,Ahvaz,2002,33.0,24.0,20.0,20.0,365,365,100.0,100.0,1991_2007
40811,Ahvaz,2003,28.0,44.0,17.0,23.0,364,365,99.72602739726028,100.0,1991_2007
40811,Ahvaz,2004,45.0,36.0,25.0,46.0,365,365,100.0,100.0,1991_2007
40811,Ahvaz,2005,51.0,28.0,24.0,21.0,365,365,100.0,100.0,1991_2007
40811,Ahvaz,2006,34.0,56.0,27.0,18.0,365,365,100.0,100.0,1991_2007
40811,Ahvaz,2007,25.0,43.0,18.0,25.0,365,365,100.0,100.0,1991_2007
40811,Ahvaz,2008,60.0,68.0,41.0,28.0,363,363,99.45205479452055,99.45205479452055,1991_2007
40811,Ahvaz,2009,40.0,75.0,30.0,25.0,365,365,100.0,100.0,1991_2007
40811,Ahvaz,2010,95.0,106.0,8.0,6.0,365,365,100.0,100.0,1991_2007
40811,Ahvaz,2011,39.0,65.0,30.0,35.0,364,363,99.72602739726028,99.45205479452055,1991_2007
40811,Ahvaz,2012,34.0,57.0,24.0,24.0,365,365,100.0,100.0,1991_2007
40811,Ahvaz,2013,34.0,38.0,50.0,53.0,365,364,100.0,99.72602739726028,1991_2007
40811,Ahvaz,2014,36.0,62.0,38.0,27.0,360,362,98.63013698630137,99.17808219178083,1991_2007
40811,Ahvaz,2015,83.0,99.0,19.0,14.0,365,365,100.0,100.0,1991_2007
40811,Ahvaz,2016,73.0,63.0,16.0,30.0,364,365,99.72602739726028,100.0,1991_2007
40811,Ahvaz,2017,99.0,69.0,13.0,23.0,365,365,100.0,100.0,1991_2007
40811,Ahvaz,2018,109.0,98.0,18.0,13.0,362,363,99.17808219178083,99.45205479452055,1991_2007
40811,Ahvaz,2019,65.0,57.0,18.0,27.0,365,364,100.0,99.72602739726028,1991_2007
40811,Ahvaz,2020,74.0,76.0,16.0,49.0,365,365,100.0,100.0,1991_2007
40811,Ahvaz,2021,143.0,83.0,3.0,16.0,365,365,100.0,100.0,1991_2007
40811,Ahvaz,2022,112.0,90.0,10.0,22.0,365,365,100.0,100.0,1991_2007
40811,Ahvaz,2023,108.0,74.0,19.0,21.0,365,365,100.0,100.0,1991_2007
40811,Ahvaz,2024,80.0,88.0,17.0,24.0,364,365,99.72602739726028,100.0,1991_2007
40812,Masjedsoleyman,1991,8.0,23.0,49.0,29.0,364,342,99.72602739726028,93.69863013698631,1991_2007
40812,Masjedsoleyman,1992,1.0,8.0,96.0,70.0,365,335,100.0,91.78082191780823,1991_2007
40812,Masjedsoleyman,1993,11.0,22.0,55.0,50.0,359,340,98.35616438356163,93.15068493150685,1991_2007
40812,Masjedsoleyman,1994,20.0,31.0,37.0,30.0,357,347,97.80821917808218,95.06849315068493,1991_2007
40812,Masjedsoleyman,1995,22.0,15.0,24.0,47.0,359,354,98.35616438356163,96.98630136986301,1991_2007
40812,Masjedsoleyman,1996,34.0,52.0,16.0,22.0,361,347,98.9041095890411,95.06849315068493,1991_2007
40812,Masjedsoleyman,1997,23.0,15.0,34.0,40.0,361,356,98.9041095890411,97.53424657534246,1991_2007
40812,Masjedsoleyman,1998,78.0,61.0,22.0,18.0,355,348,97.26027397260275,95.34246575342465,1991_2007
40812,Masjedsoleyman,1999,42.0,42.0,10.0,12.0,357,345,97.80821917808218,94.52054794520548,1991_2007
40812,Masjedsoleyman,2000,43.0,50.0,25.0,20.0,355,351,97.26027397260275,96.16438356164385,1991_2007
40812,Masjedsoleyman,2001,37.0,39.0,14.0,14.0,365,365,100.0,100.0,1991_2007
40812,Masjedsoleyman,2002,23.0,23.0,27.0,26.0,365,365,100.0,100.0,1991_2007
40812,Masjedsoleyman,2003,25.0,34.0,21.0,23.0,365,365,100.0,100.0,1991_2007
40812,Masjedsoleyman,2004,40.0,35.0,28.0,34.0,365,365,100.0,100.0,1991_2007
40812,Masjedsoleyman,2005,45.0,33.0,28.0,27.0,365,365,100.0,100.0,1991_2007
40812,Masjedsoleyman,2006,35.0,38.0,32.0,41.0,365,365,100.0,100.0,1991_2007
40812,Masjedsoleyman,2007,33.0,27.0,20.0,34.0,365,365,100.0,100.0,1991_2007
40812,Masjedsoleyman,2008,57.0,57.0,42.0,33.0,365,365,100.0,100.0,1991_2007
40812,Masjedsoleyman,2009,37.0,37.0,30.0,18.0,365,365,100.0,100.0,1991_2007
40812,Masjedsoleyman,2010,109.0,74.0,8.0,9.0,365,365,100.0,100.0,1991_2007
40812,Masjedsoleyman,2011,52.0,50.0,26.0,28.0,365,365,100.0,100.0,1991_2007
40812,Masjedsoleyman,2012,52.0,53.0,21.0,21.0,365,365,100.0,100.0,1991_2007
40812,Masjedsoleyman,2013,49.0,38.0,36.0,51.0,365,365,100.0,100.0,1991_2007
40812,Masjedsoleyman,2014,51.0,50.0,30.0,25.0,364,362,99.72602739726028,99.17808219178083,1991_2007
40812,Masjedsoleyman,2015,79.0,97.0,24.0,10.0,365,364,100.0,99.72602739726028,1991_2007
40812,Masjedsoleyman,2016,82.0,57.0,16.0,21.0,365,365,100.0,100.0,1991_2007
40812,Masjedsoleyman,2017,98.0,90.0,10.0,20.0,365,365,100.0,100.0,1991_2007
40812,Masjedsoleyman,2018,94.0,90.0,19.0,8.0,359,362,98.35616438356163,99.17808219178083,1991_2007
40812,Masjedsoleyman,2019,63.0,51.0,16.0,19.0,364,365,99.72602739726028,100.0,1991_2007
40812,Masjedsoleyman,2020,77.0,59.0,12.0,16.0,365,362,100.0,99.17808219178083,1991_2007
40812,Masjedsoleyman,2021,127.0,84.0,6.0,14.0,365,365,100.0,100.0,1991_2007
40812,Masjedsoleyman,2022,82.0,87.0,13.0,16.0,364,365,99.72602739726028,100.0,1991_2007
40812,Masjedsoleyman,2023,77.0,55.0,18.0,19.0,365,365,100.0,100.0,1991_2007
40812,Masjedsoleyman,2024,72.0,57.0,16.0,26.0,363,365,99.45205479452055,100.0,1991_2007
40813,Ramhormoz,1991,7.0,11.0,65.0,71.0,363,365,99.45205479452055,100.0,1991_2007
40813,Ramhormoz,1992,1.0,6.0,94.0,101.0,365,354,100.0,96.98630136986301,1991_2007
40813,Ramhormoz,1993,10.0,15.0,49.0,55.0,365,357,100.0,97.80821917808218,1991_2007
40813,Ramhormoz,1994,24.0,17.0,37.0,53.0,365,354,100.0,96.98630136986301,1991_2007
40813,Ramhormoz,1995,22.0,12.0,36.0,47.0,365,358,100.0,98.08219178082192,1991_2007
40813,Ramhormoz,1996,35.0,37.0,21.0,26.0,365,359,100.0,98.35616438356163,1991_2007
40813,Ramhormoz,1997,19.0,12.0,47.0,40.0,365,355,100.0,97.26027397260275,1991_2007
40813,Ramhormoz,1998,79.0,69.0,24.0,12.0,365,359,100.0,98.35616438356163,1991_2007
40813,Ramhormoz,1999,40.0,47.0,13.0,21.0,365,357,100.0,97.80821917808218,1991_2007
40813,Ramhormoz,2000,55.0,54.0,24.0,24.0,365,355,100.0,97.26027397260275,1991_2007
40813,Ramhormoz,2001,50.0,38.0,15.0,14.0,365,365,100.0,100.0,1991_2007
40813,Ramhormoz,2002,34.0,26.0,26.0,16.0,365,365,100.0,100.0,1991_2007
40813,Ramhormoz,2003,25.0,38.0,12.0,21.0,365,365,100.0,100.0,1991_2007
40813,Ramhormoz,2004,37.0,33.0,30.0,18.0,365,365,100.0,100.0,1991_2007
40813,Ramhormoz,2005,44.0,36.0,30.0,17.0,365,365,100.0,100.0,1991_2007
40813,Ramhormoz,2006,41.0,49.0,27.0,17.0,365,365,100.0,100.0,1991_2007
40813,Ramhormoz,2007,28.0,39.0,11.0,15.0,365,365,100.0,100.0,1991_2007
40813,Ramhormoz,2008,61.0,66.0,43.0,22.0,365,365,100.0,100.0,1991_2007
40813,Ramhormoz,2009,43.0,50.0,29.0,16.0,365,365,100.0,100.0,1991_2007
40813,Ramhormoz,2010,93.0,83.0,13.0,10.0,365,365,100.0,100.0,1991_2007
40813,Ramhormoz,2011,53.0,53.0,24.0,31.0,365,365,100.0,100.0,1991_2007
40813,Ramhormoz,2012,41.0,64.0,20.0,16.0,365,365,100.0,100.0,1991_2007
40813,Ramhormoz,2013,52.0,30.0,27.0,46.0,365,365,100.0,100.0,1991_2007
40813,Ramhormoz,2014,59.0,62.0,23.0,23.0,364,364,99.72602739726028,99.72602739726028,1991_2007
40813,Ramhormoz,2015,102.0,93.0,16.0,14.0,365,364,100.0,99.72602739726028,1991_2007
40813,Ramhormoz,2016,94.0,77.0,13.0,20.0,365,365,100.0,100.0,1991_2007
40813,Ramhormoz,2017,125.0,123.0,7.0,17.0,365,364,100.0,99.72602739726028,1991_2007
40813,Ramhormoz,2018,98.0,89.0,18.0,6.0,359,363,98.35616438356163,99.45205479452055,1991_2007
40813,Ramhormoz,2019,50.0,72.0,16.0,13.0,365,360,100.0,98.63013698630137,1991_2007
40813,Ramhormoz,2020,73.0,88.0,15.0,6.0,365,365,100.0,100.0,1991_2007
40813,Ramhormoz,2021,152.0,113.0,0.0,6.0,365,365,100.0,100.0,1991_2007
40813,Ramhormoz,2022,98.0,115.0,10.0,11.0,365,365,100.0,100.0,1991_2007
40813,Ramhormoz,2023,77.0,90.0,11.0,7.0,365,365,100.0,100.0,1991_2007
40813,Ramhormoz,2024,75.0,88.0,24.0,14.0,364,365,99.72602739726028,100.0,1991_2007
40818,Abadeh,1991,27.0,29.0,30.0,39.0,365,362,100.0,99.17808219178083,1991_2007
40818,Abadeh,1992,5.0,12.0,82.0,89.0,365,363,100.0,99.45205479452055,1991_2007
40818,Abadeh,1993,11.0,24.0,46.0,59.0,365,362,100.0,99.17808219178083,1991_2007
40818,Abadeh,1994,29.0,36.0,37.0,41.0,364,361,99.72602739726028,98.9041095890411,1991_2007
40818,Abadeh,1995,9.0,15.0,43.0,37.0,365,363,100.0,99.45205479452055,1991_2007
40818,Abadeh,1996,19.0,23.0,54.0,39.0,365,360,100.0,98.63013698630137,1991_2007
40818,Abadeh,1997,22.0,28.0,35.0,25.0,364,361,99.72602739726028,98.9041095890411,1991_2007
40818,Abadeh,1998,65.0,38.0,21.0,20.0,364,363,99.72602739726028,99.45205479452055,1991_2007
40818,Abadeh,1999,28.0,33.0,17.0,22.0,363,357,99.45205479452055,97.80821917808218,1991_2007
40818,Abadeh,2000,51.0,38.0,31.0,41.0,362,361,99.17808219178083,98.9041095890411,1991_2007
40818,Abadeh,2001,63.0,50.0,18.0,19.0,365,365,100.0,100.0,1991_2007
40818,Abadeh,2002,27.0,35.0,18.0,24.0,365,365,100.0,100.0,1991_2007
40818,Abadeh,2003,33.0,50.0,9.0,25.0,365,365,100.0,100.0,1991_2007
40818,Abadeh,2004,32.0,32.0,34.0,22.0,364,361,99.72602739726028,98.9041095890411,1991_2007
40818,Abadeh,2005,36.0,28.0,20.0,23.0,365,365,100.0,100.0,1991_2007
40818,Abadeh,2006,51.0,49.0,44.0,25.0,365,362,100.0,99.17808219178083,1991_2007
40818,Abadeh,2007,24.0,37.0,24.0,19.0,365,365,100.0,100.0,1991_2007
40818,Abadeh,2008,52.0,48.0,50.0,32.0,365,365,100.0,100.0,1991_2007
40818,Abadeh,2009,33.0,46.0,28.0,13.0,365,364,100.0,99.72602739726028,1991_2007
40818,Abadeh,2010,78.0,65.0,24.0,28.0,365,365,100.0,100.0,1991_2007
40818,Abadeh,2011,25.0,65.0,26.0,27.0,365,365,100.0,100.0,1991_2007
40818,Abadeh,2012,15.0,39.0,42.0,27.0,363,362,99.45205479452055,99.17808219178083,1991_2007
40818,Abadeh,2013,59.0,70.0,34.0,26.0,365,365,100.0,100.0,1991_2007
40818,Abadeh,2014,32.0,56.0,53.0,26.0,364,364,99.72602739726028,99.72602739726028,1991_2007
40818,Abadeh,2015,48.0,82.0,43.0,25.0,365,365,100.0,100.0,1991_2007
40818,Abadeh,2016,76.0,68.0,34.0,22.0,365,364,100.0,99.72602739726028,1991_2007
40818,Abadeh,2017,74.0,63.0,25.0,30.0,365,362,100.0,99.17808219178083,1991_2007
40818,Abadeh,2018,83.0,91.0,27.0,10.0,365,364,100.0,99.72602739726028,1991_2007
40818,Abadeh,2019,75.0,95.0,33.0,18.0,365,363,100.0,99.45205479452055,1991_2007
40818,Abadeh,2020,69.0,81.0,27.0,21.0,365,365,100.0,100.0,1991_2007
40818,Abadeh,2021,116.0,76.0,21.0,19.0,365,364,100.0,99.72602739726028,1991_2007
40818,Abadeh,2022,87.0,89.0,34.0,19.0,365,365,100.0,100.0,1991_2007
40818,Abadeh,2023,85.0,93.0,28.0,14.0,365,365,100.0,100.0,1991_2007
40818,Abadeh,2024,111.0,111.0,20.0,10.0,365,365,100.0,100.0,1991_2007
40821,Yazd,1991,14.0,17.0,42.0,34.0,363,362,99.45205479452055,99.17808219178083,1991_2007
40821,Yazd,1992,5.0,6.0,80.0,82.0,365,357,100.0,97.80821917808218,1991_2007
40821,Yazd,1993,8.0,18.0,53.0,52.0,365,361,100.0,98.9041095890411,1991_2007
40821,Yazd,1994,27.0,35.0,37.0,48.0,364,363,99.72602739726028,99.45205479452055,1991_2007
40821,Yazd,1995,16.0,17.0,48.0,48.0,361,364,98.9041095890411,99.72602739726028,1991_2007
40821,Yazd,1996,30.0,20.0,58.0,54.0,361,357,98.9041095890411,97.80821917808218,1991_2007
40821,Yazd,1997,25.0,36.0,31.0,30.0,359,363,98.35616438356163,99.45205479452055,1991_2007
40821,Yazd,1998,52.0,42.0,25.0,19.0,361,363,98.9041095890411,99.45205479452055,1991_2007
40821,Yazd,1999,30.0,26.0,30.0,17.0,360,361,98.63013698630137,98.9041095890411,1991_2007
40821,Yazd,2000,36.0,38.0,30.0,38.0,362,360,99.17808219178083,98.63013698630137,1991_2007
40821,Yazd,2001,55.0,43.0,16.0,22.0,365,365,100.0,100.0,1991_2007
40821,Yazd,2002,45.0,40.0,19.0,11.0,364,365,99.72602739726028,100.0,1991_2007
40821,Yazd,2003,41.0,47.0,18.0,28.0,365,365,100.0,100.0,1991_2007
40821,Yazd,2004,33.0,43.0,23.0,21.0,365,365,100.0,100.0,1991_2007
40821,Yazd,2005,48.0,42.0,26.0,19.0,365,365,100.0,100.0,1991_2007
40821,Yazd,2006,50.0,61.0,36.0,33.0,365,365,100.0,100.0,1991_2007
40821,Yazd,2007,33.0,45.0,17.0,21.0,365,365,100.0,100.0,1991_2007
40821,Yazd,2008,58.0,41.0,55.0,42.0,365,365,100.0,100.0,1991_2007
40821,Yazd,2009,50.0,44.0,24.0,15.0,358,362,98.08219178082192,99.17808219178083,1991_2007
40821,Yazd,2010,92.0,71.0,17.0,12.0,365,365,100.0,100.0,1991_2007
40821,Yazd,2011,55.0,76.0,27.0,17.0,365,365,100.0,100.0,1991_2007
40821,Yazd,2012,30.0,30.0,25.0,29.0,364,365,99.72602739726028,100.0,1991_2007
40821,Yazd,2013,72.0,85.0,30.0,16.0,365,365,100.0,100.0,1991_2007
40821,Yazd,2014,36.0,59.0,36.0,19.0,364,365,99.72602739726028,100.0,1991_2007
40821,Yazd,2015,59.0,91.0,34.0,16.0,365,364,100.0,99.72602739726028,1991_2007
40821,Yazd,2016,80.0,102.0,29.0,9.0,364,364,99.72602739726028,99.72602739726028,1991_2007
40821,Yazd,2017,59.0,67.0,19.0,14.0,362,362,99.17808219178083,99.17808219178083,1991_2007
40821,Yazd,2018,53.0,88.0,27.0,12.0,359,360,98.35616438356163,98.63013698630137,1991_2007
40821,Yazd,2019,50.0,87.0,37.0,14.0,359,363,98.35616438356163,99.45205479452055,1991_2007
40821,Yazd,2020,40.0,63.0,35.0,15.0,365,365,100.0,100.0,1991_2007
40821,Yazd,2021,89.0,100.0,17.0,13.0,365,365,100.0,100.0,1991_2007
40821,Yazd,2022,68.0,105.0,29.0,13.0,365,365,100.0,100.0,1991_2007
40821,Yazd,2023,75.0,114.0,20.0,4.0,365,365,100.0,100.0,1991_2007
40821,Yazd,2024,93.0,123.0,28.0,6.0,365,365,100.0,100.0,1991_2007
40827,Nehbandan,1991,25.0,21.0,54.0,41.0,363,361,99.45205479452055,98.9041095890411,1991_2007
40827,Nehbandan,1992,7.0,17.0,61.0,42.0,333,327,91.23287671232877,89.58904109589041,1991_2007
40827,Nehbandan,1993,9.0,22.0,52.0,47.0,361,362,98.9041095890411,99.17808219178083,1991_2007
40827,Nehbandan,1994,33.0,42.0,39.0,37.0,365,363,100.0,99.45205479452055,1991_2007
40827,Nehbandan,1995,30.0,34.0,54.0,46.0,363,361,99.45205479452055,98.9041095890411,1991_2007
40827,Nehbandan,1996,26.0,23.0,55.0,54.0,363,360,99.45205479452055,98.63013698630137,1991_2007
40827,Nehbandan,1997,31.0,25.0,49.0,31.0,365,362,100.0,99.17808219178083,1991_2007
40827,Nehbandan,1998,61.0,29.0,20.0,18.0,365,362,100.0,99.17808219178083,1991_2007
40827,Nehbandan,1999,30.0,27.0,15.0,27.0,365,363,100.0,99.45205479452055,1991_2007
40827,Nehbandan,2000,35.0,26.0,32.0,23.0,365,363,100.0,99.45205479452055,1991_2007
40827,Nehbandan,2001,64.0,44.0,10.0,21.0,365,365,100.0,100.0,1991_2007
40827,Nehbandan,2002,33.0,50.0,15.0,23.0,365,365,100.0,100.0,1991_2007
40827,Nehbandan,2003,39.0,44.0,26.0,40.0,365,365,100.0,100.0,1991_2007
40827,Nehbandan,2004,39.0,48.0,18.0,25.0,365,365,100.0,100.0,1991_2007
40827,Nehbandan,2005,23.0,22.0,31.0,22.0,365,365,100.0,100.0,1991_2007
40827,Nehbandan,2006,47.0,67.0,26.0,34.0,365,365,100.0,100.0,1991_2007
40827,Nehbandan,2007,27.0,31.0,17.0,40.0,363,365,99.45205479452055,100.0,1991_2007
40827,Nehbandan,2008,64.0,37.0,52.0,44.0,365,365,100.0,100.0,1991_2007
40827,Nehbandan,2009,51.0,39.0,26.0,31.0,365,365,100.0,100.0,1991_2007
40827,Nehbandan,2010,79.0,55.0,16.0,30.0,365,365,100.0,100.0,1991_2007
40827,Nehbandan,2011,48.0,48.0,17.0,22.0,365,365,100.0,100.0,1991_2007
40827,Nehbandan,2012,17.0,24.0,32.0,36.0,364,365,99.72602739726028,100.0,1991_2007
40827,Nehbandan,2013,81.0,35.0,21.0,36.0,365,365,100.0,100.0,1991_2007
40827,Nehbandan,2014,42.0,34.0,33.0,43.0,364,364,99.72602739726028,99.72602739726028,1991_2007
40827,Nehbandan,2015,65.0,68.0,18.0,24.0,359,363,98.35616438356163,99.45205479452055,1991_2007
40827,Nehbandan,2016,83.0,42.0,15.0,16.0,364,365,99.72602739726028,100.0,1991_2007
40827,Nehbandan,2017,68.0,49.0,15.0,27.0,364,365,99.72602739726028,100.0,1991_2007
40827,Nehbandan,2018,63.0,50.0,25.0,31.0,364,365,99.72602739726028,100.0,1991_2007
40827,Nehbandan,2019,48.0,53.0,17.0,33.0,360,365,98.63013698630137,100.0,1991_2007
40827,Nehbandan,2020,36.0,35.0,37.0,43.0,363,365,99.45205479452055,100.0,1991_2007
40827,Nehbandan,2021,92.0,38.0,9.0,36.0,364,365,99.72602739726028,100.0,1991_2007
40827,Nehbandan,2022,79.0,51.0,9.0,16.0,363,365,99.45205479452055,100.0,1991_2007
40827,Nehbandan,2023,81.0,66.0,12.0,21.0,364,365,99.72602739726028,100.0,1991_2007
40827,Nehbandan,2024,112.0,65.0,21.0,22.0,364,365,99.72602739726028,100.0,1991_2007
40829,Zabol,1991,15.0,22.0,50.0,38.0,365,362,100.0,99.17808219178083,1991_2007
40829,Zabol,1992,11.0,12.0,67.0,42.0,365,362,100.0,99.17808219178083,1991_2007
40829,Zabol,1993,7.0,14.0,58.0,35.0,365,365,100.0,100.0,1991_2007
40829,Zabol,1994,30.0,33.0,31.0,36.0,365,363,100.0,99.45205479452055,1991_2007
40829,Zabol,1995,25.0,21.0,41.0,35.0,365,360,100.0,98.63013698630137,1991_2007
40829,Zabol,1996,16.0,20.0,65.0,49.0,363,362,99.45205479452055,99.17808219178083,1991_2007
40829,Zabol,1997,17.0,22.0,42.0,23.0,363,364,99.45205479452055,99.72602739726028,1991_2007
40829,Zabol,1998,21.0,38.0,22.0,18.0,361,365,98.9041095890411,100.0,1991_2007
40829,Zabol,1999,24.0,23.0,26.0,25.0,361,364,98.9041095890411,99.72602739726028,1991_2007
40829,Zabol,2000,38.0,38.0,21.0,28.0,364,364,99.72602739726028,99.72602739726028,1991_2007
40829,Zabol,2001,72.0,47.0,17.0,27.0,365,365,100.0,100.0,1991_2007
40829,Zabol,2002,58.0,44.0,19.0,33.0,365,365,100.0,100.0,1991_2007
40829,Zabol,2003,40.0,40.0,27.0,54.0,365,365,100.0,100.0,1991_2007
40829,Zabol,2004,65.0,50.0,10.0,21.0,365,365,100.0,100.0,1991_2007
40829,Zabol,2005,18.0,25.0,26.0,23.0,365,365,100.0,100.0,1991_2007
40829,Zabol,2006,77.0,74.0,20.0,27.0,365,365,100.0,100.0,1991_2007
40829,Zabol,2007,30.0,32.0,33.0,35.0,363,365,99.45205479452055,100.0,1991_2007
40829,Zabol,2008,80.0,87.0,45.0,53.0,365,365,100.0,100.0,1991_2007
40829,Zabol,2009,67.0,40.0,18.0,34.0,365,365,100.0,100.0,1991_2007
40829,Zabol,2010,71.0,53.0,16.0,33.0,365,365,100.0,100.0,1991_2007
40829,Zabol,2011,66.0,68.0,24.0,26.0,365,365,100.0,100.0,1991_2007
40829,Zabol,2012,29.0,54.0,21.0,36.0,365,365,100.0,100.0,1991_2007
40829,Zabol,2013,91.0,62.0,16.0,31.0,365,365,100.0,100.0,1991_2007
40829,Zabol,2014,54.0,56.0,27.0,42.0,363,365,99.45205479452055,100.0,1991_2007
40829,Zabol,2015,68.0,80.0,24.0,15.0,365,365,100.0,100.0,1991_2007
40829,Zabol,2016,90.0,61.0,15.0,14.0,365,365,100.0,100.0,1991_2007
40829,Zabol,2017,72.0,57.0,14.0,34.0,365,365,100.0,100.0,1991_2007
40829,Zabol,2018,113.0,76.0,19.0,36.0,365,365,100.0,100.0,1991_2007
40829,Zabol,2019,65.0,56.0,24.0,23.0,365,365,100.0,100.0,1991_2007
40829,Zabol,2020,38.0,33.0,36.0,38.0,365,365,100.0,100.0,1991_2007
40829,Zabol,2021,106.0,79.0,15.0,47.0,365,365,100.0,100.0,1991_2007
40829,Zabol,2022,100.0,101.0,10.0,17.0,365,365,100.0,100.0,1991_2007
40829,Zabol,2023,119.0,111.0,15.0,16.0,365,365,100.0,100.0,1991_2007
40829,Zabol,2024,109.0,88.0,18.0,27.0,365,365,100.0,100.0,1991_2007
40831,Abadan,1991,9.0,30.0,83.0,34.0,364,365,99.72602739726028,100.0,1991_2007
40831,Abadan,1992,2.0,15.0,102.0,76.0,362,365,99.17808219178083,100.0,1991_2007
40831,Abadan,1993,12.0,16.0,57.0,43.0,364,365,99.72602739726028,100.0,1991_2007
40831,Abadan,1994,30.0,27.0,32.0,44.0,365,365,100.0,100.0,1991_2007
40831,Abadan,1995,13.0,18.0,29.0,33.0,365,365,100.0,100.0,1991_2007
40831,Abadan,1996,23.0,49.0,23.0,23.0,362,356,99.17808219178083,97.53424657534246,1991_2007
40831,Abadan,1997,16.0,24.0,51.0,53.0,365,365,100.0,100.0,1991_2007
40831,Abadan,1998,57.0,41.0,25.0,18.0,365,365,100.0,100.0,1991_2007
40831,Abadan,1999,50.0,40.0,14.0,22.0,365,365,100.0,100.0,1991_2007
40831,Abadan,2000,54.0,59.0,28.0,31.0,365,365,100.0,100.0,1991_2007
40831,Abadan,2001,47.0,38.0,9.0,25.0,365,365,100.0,100.0,1991_2007
40831,Abadan,2002,38.0,41.0,14.0,14.0,365,365,100.0,100.0,1991_2007
40831,Abadan,2003,34.0,44.0,10.0,21.0,365,365,100.0,100.0,1991_2007
40831,Abadan,2004,49.0,38.0,28.0,44.0,365,365,100.0,100.0,1991_2007
40831,Abadan,2005,43.0,35.0,29.0,29.0,365,365,100.0,100.0,1991_2007
40831,Abadan,2006,34.0,53.0,26.0,19.0,365,364,100.0,99.72602739726028,1991_2007
40831,Abadan,2007,31.0,31.0,16.0,31.0,364,363,99.72602739726028,99.45205479452055,1991_2007
40831,Abadan,2008,51.0,57.0,40.0,37.0,365,363,100.0,99.45205479452055,1991_2007
40831,Abadan,2009,42.0,67.0,19.0,23.0,365,364,100.0,99.72602739726028,1991_2007
40831,Abadan,2010,108.0,123.0,7.0,6.0,365,364,100.0,99.72602739726028,1991_2007
40831,Abadan,2011,43.0,61.0,25.0,38.0,365,365,100.0,100.0,1991_2007
40831,Abadan,2012,59.0,74.0,14.0,21.0,365,365,100.0,100.0,1991_2007
40831,Abadan,2013,47.0,63.0,36.0,33.0,365,364,100.0,99.72602739726028,1991_2007
40831,Abadan,2014,36.0,80.0,28.0,17.0,362,365,99.17808219178083,100.0,1991_2007
40831,Abadan,2015,73.0,94.0,15.0,9.0,364,360,99.72602739726028,98.63013698630137,1991_2007
40831,Abadan,2016,84.0,84.0,18.0,17.0,364,364,99.72602739726028,99.72602739726028,1991_2007
40831,Abadan,2017,117.0,100.0,13.0,11.0,364,365,99.72602739726028,100.0,1991_2007
40831,Abadan,2018,102.0,130.0,12.0,3.0,360,363,98.63013698630137,99.45205479452055,1991_2007
40831,Abadan,2019,57.0,100.0,14.0,9.0,364,365,99.72602739726028,100.0,1991_2007
40831,Abadan,2020,67.0,110.0,15.0,6.0,365,365,100.0,100.0,1991_2007
40831,Abadan,2021,129.0,110.0,3.0,1.0,365,365,100.0,100.0,1991_2007
40831,Abadan,2022,92.0,117.0,11.0,6.0,365,365,100.0,100.0,1991_2007
40831,Abadan,2023,66.0,98.0,18.0,6.0,364,365,99.72602739726028,100.0,1991_2007
40831,Abadan,2024,62.0,103.0,24.0,13.0,365,364,100.0,99.72602739726028,1991_2007
40832,Bandar-E- Mahshahr,1991,14.0,19.0,49.0,45.0,365,344,100.0,94.24657534246576,1991_2007
40832,Bandar-E- Mahshahr,1992,7.0,9.0,83.0,66.0,364,342,99.72602739726028,93.69863013698631,1991_2007
40832,Bandar-E- Mahshahr,1993,16.0,20.0,56.0,43.0,361,352,98.9041095890411,96.43835616438356,1991_2007
40832,Bandar-E- Mahshahr,1994,27.0,32.0,28.0,40.0,359,354,98.35616438356163,96.98630136986301,1991_2007
40832,Bandar-E- Mahshahr,1995,9.0,14.0,37.0,39.0,359,355,98.35616438356163,97.26027397260275,1991_2007
40832,Bandar-E- Mahshahr,1996,24.0,52.0,38.0,26.0,361,357,98.9041095890411,97.80821917808218,1991_2007
40832,Bandar-E- Mahshahr,1997,26.0,23.0,48.0,43.0,362,352,99.17808219178083,96.43835616438356,1991_2007
40832,Bandar-E- Mahshahr,1998,68.0,49.0,28.0,15.0,359,352,98.35616438356163,96.43835616438356,1991_2007
40832,Bandar-E- Mahshahr,1999,39.0,41.0,26.0,22.0,358,352,98.08219178082192,96.43835616438356,1991_2007
40832,Bandar-E- Mahshahr,2000,43.0,46.0,23.0,38.0,360,349,98.63013698630137,95.61643835616438,1991_2007
40832,Bandar-E- Mahshahr,2001,42.0,33.0,22.0,23.0,365,365,100.0,100.0,1991_2007
40832,Bandar-E- Mahshahr,2002,32.0,29.0,21.0,22.0,365,365,100.0,100.0,1991_2007
40832,Bandar-E- Mahshahr,2003,37.0,36.0,8.0,32.0,365,365,100.0,100.0,1991_2007
40832,Bandar-E- Mahshahr,2004,47.0,32.0,33.0,39.0,365,365,100.0,100.0,1991_2007
40832,Bandar-E- Mahshahr,2005,38.0,30.0,21.0,26.0,365,365,100.0,100.0,1991_2007
40832,Bandar-E- Mahshahr,2006,35.0,45.0,23.0,10.0,365,365,100.0,100.0,1991_2007
40832,Bandar-E- Mahshahr,2007,34.0,42.0,18.0,22.0,365,365,100.0,100.0,1991_2007
40832,Bandar-E- Mahshahr,2008,54.0,52.0,43.0,31.0,365,365,100.0,100.0,1991_2007
40832,Bandar-E- Mahshahr,2009,50.0,58.0,21.0,26.0,365,365,100.0,100.0,1991_2007
40832,Bandar-E- Mahshahr,2010,92.0,103.0,18.0,8.0,365,365,100.0,100.0,1991_2007
40832,Bandar-E- Mahshahr,2011,50.0,66.0,30.0,37.0,365,365,100.0,100.0,1991_2007
40832,Bandar-E- Mahshahr,2012,42.0,75.0,21.0,17.0,365,365,100.0,100.0,1991_2007
40832,Bandar-E- Mahshahr,2013,42.0,40.0,34.0,37.0,365,365,100.0,100.0,1991_2007
40832,Bandar-E- Mahshahr,2014,46.0,54.0,31.0,17.0,364,363,99.72602739726028,99.45205479452055,1991_2007
40832,Bandar-E- Mahshahr,2015,78.0,87.0,22.0,12.0,363,364,99.45205479452055,99.72602739726028,1991_2007
40832,Bandar-E- Mahshahr,2016,65.0,67.0,18.0,22.0,365,365,100.0,100.0,1991_2007
40832,Bandar-E- Mahshahr,2017,75.0,103.0,14.0,17.0,365,364,100.0,99.72602739726028,1991_2007
40832,Bandar-E- Mahshahr,2018,98.0,84.0,17.0,2.0,358,363,98.08219178082192,99.45205479452055,1991_2007
40832,Bandar-E- Mahshahr,2019,48.0,84.0,16.0,6.0,365,364,100.0,99.72602739726028,1991_2007
40832,Bandar-E- Mahshahr,2020,46.0,99.0,17.0,4.0,365,365,100.0,100.0,1991_2007
40832,Bandar-E- Mahshahr,2021,116.0,86.0,12.0,1.0,365,365,100.0,100.0,1991_2007
40832,Bandar-E- Mahshahr,2022,70.0,100.0,22.0,17.0,365,364,100.0,99.72602739726028,1991_2007
40832,Bandar-E- Mahshahr,2023,62.0,68.0,18.0,10.0,365,365,100.0,100.0,1991_2007
40832,Bandar-E- Mahshahr,2024,81.0,88.0,25.0,12.0,365,365,100.0,100.0,1991_2007
40833,Omidiyeh (Aghajari),1991,13.0,,45.0,,365,71,100.0,19.45205479452055,1991_2007
40833,Omidiyeh (Aghajari),1992,2.0,19.0,92.0,67.0,365,363,100.0,99.45205479452055,1991_2007
40833,Omidiyeh (Aghajari),1993,14.0,32.0,49.0,50.0,365,365,100.0,100.0,1991_2007
40833,Omidiyeh (Aghajari),1994,28.0,32.0,37.0,45.0,364,364,99.72602739726028,99.72602739726028,1991_2007
40833,Omidiyeh (Aghajari),1995,12.0,17.0,38.0,40.0,365,365,100.0,100.0,1991_2007
40833,Omidiyeh (Aghajari),1996,34.0,40.0,27.0,31.0,365,365,100.0,100.0,1991_2007
40833,Omidiyeh (Aghajari),1997,19.0,27.0,51.0,44.0,360,355,98.63013698630137,97.26027397260275,1991_2007
40833,Omidiyeh (Aghajari),1998,75.0,53.0,24.0,25.0,365,365,100.0,100.0,1991_2007
40833,Omidiyeh (Aghajari),1999,38.0,32.0,15.0,31.0,365,365,100.0,100.0,1991_2007
40833,Omidiyeh (Aghajari),2000,48.0,45.0,26.0,32.0,365,364,100.0,99.72602739726028,1991_2007
40833,Omidiyeh (Aghajari),2001,42.0,31.0,21.0,22.0,365,365,100.0,100.0,1991_2007
40833,Omidiyeh (Aghajari),2002,29.0,22.0,22.0,23.0,365,365,100.0,100.0,1991_2007
40833,Omidiyeh (Aghajari),2003,32.0,40.0,15.0,24.0,365,365,100.0,100.0,1991_2007
40833,Omidiyeh (Aghajari),2004,40.0,34.0,26.0,39.0,365,365,100.0,100.0,1991_2007
40833,Omidiyeh (Aghajari),2005,35.0,34.0,30.0,21.0,364,365,99.72602739726028,100.0,1991_2007
40833,Omidiyeh (Aghajari),2006,34.0,47.0,31.0,20.0,365,365,100.0,100.0,1991_2007
40833,Omidiyeh (Aghajari),2007,28.0,41.0,17.0,23.0,365,365,100.0,100.0,1991_2007
40833,Omidiyeh (Aghajari),2008,65.0,54.0,41.0,36.0,365,365,100.0,100.0,1991_2007
40833,Omidiyeh (Aghajari),2009,38.0,59.0,31.0,17.0,365,365,100.0,100.0,1991_2007
40833,Omidiyeh (Aghajari),2010,81.0,80.0,17.0,8.0,365,365,100.0,100.0,1991_2007
40833,Omidiyeh (Aghajari),2011,43.0,57.0,33.0,29.0,364,364,99.72602739726028,99.72602739726028,1991_2007
40833,Omidiyeh (Aghajari),2012,47.0,65.0,20.0,14.0,365,364,100.0,99.72602739726028,1991_2007
40833,Omidiyeh (Aghajari),2013,39.0,35.0,44.0,43.0,365,365,100.0,100.0,1991_2007
40833,Omidiyeh (Aghajari),2014,45.0,47.0,26.0,17.0,363,362,99.45205479452055,99.17808219178083,1991_2007
40833,Omidiyeh (Aghajari),2015,83.0,97.0,18.0,11.0,365,365,100.0,100.0,1991_2007
40833,Omidiyeh (Aghajari),2016,76.0,52.0,19.0,23.0,365,365,100.0,100.0,1991_2007
40833,Omidiyeh (Aghajari),2017,124.0,89.0,14.0,18.0,364,365,99.72602739726028,100.0,1991_2007
40833,Omidiyeh (Aghajari),2018,86.0,93.0,17.0,0.0,360,362,98.63013698630137,99.17808219178083,1991_2007
40833,Omidiyeh (Aghajari),2019,63.0,81.0,17.0,9.0,365,365,100.0,100.0,1991_2007
40833,Omidiyeh (Aghajari),2020,73.0,91.0,9.0,12.0,365,365,100.0,100.0,1991_2007
40833,Omidiyeh (Aghajari),2021,132.0,68.0,3.0,8.0,365,364,100.0,99.72602739726028,1991_2007
40833,Omidiyeh (Aghajari),2022,99.0,97.0,13.0,15.0,365,365,100.0,100.0,1991_2007
40833,Omidiyeh (Aghajari),2023,82.0,64.0,14.0,13.0,365,365,100.0,100.0,1991_2007
40833,Omidiyeh (Aghajari),2024,85.0,71.0,21.0,12.0,365,365,100.0,100.0,1991_2007
40835,Dogonbadan,1991,20.0,23.0,36.0,55.0,364,347,99.72602739726028,95.06849315068493,1991_2007
40835,Dogonbadan,1992,9.0,2.0,52.0,89.0,303,302,83.01369863013699,82.73972602739727,1991_2007
40835,Dogonbadan,1993,,,,,245,245,67.12328767123287,67.12328767123287,1991_2007
40835,Dogonbadan,1994,17.0,26.0,41.0,25.0,365,365,100.0,100.0,1991_2007
40835,Dogonbadan,1995,23.0,14.0,45.0,57.0,365,365,100.0,100.0,1991_2007
40835,Dogonbadan,1996,27.0,31.0,25.0,25.0,365,365,100.0,100.0,1991_2007
40835,Dogonbadan,1997,19.0,20.0,55.0,37.0,365,365,100.0,100.0,1991_2007
40835,Dogonbadan,1998,77.0,53.0,27.0,24.0,365,365,100.0,100.0,1991_2007
40835,Dogonbadan,1999,32.0,44.0,9.0,15.0,365,365,100.0,100.0,1991_2007
40835,Dogonbadan,2000,41.0,55.0,37.0,14.0,365,365,100.0,100.0,1991_2007
40835,Dogonbadan,2001,53.0,45.0,18.0,19.0,365,365,100.0,100.0,1991_2007
40835,Dogonbadan,2002,31.0,29.0,27.0,10.0,365,365,100.0,100.0,1991_2007
40835,Dogonbadan,2003,20.0,36.0,21.0,21.0,362,361,99.17808219178083,98.9041095890411,1991_2007
40835,Dogonbadan,2004,43.0,37.0,33.0,23.0,365,365,100.0,100.0,1991_2007
40835,Dogonbadan,2005,36.0,35.0,32.0,26.0,365,365,100.0,100.0,1991_2007
40835,Dogonbadan,2006,32.0,53.0,42.0,29.0,365,365,100.0,100.0,1991_2007
40835,Dogonbadan,2007,37.0,38.0,19.0,24.0,365,365,100.0,100.0,1991_2007
40835,Dogonbadan,2008,67.0,56.0,36.0,27.0,365,365,100.0,100.0,1991_2007
40835,Dogonbadan,2009,54.0,64.0,27.0,19.0,365,365,100.0,100.0,1991_2007
40835,Dogonbadan,2010,133.0,90.0,12.0,6.0,361,360,98.9041095890411,98.63013698630137,1991_2007
40835,Dogonbadan,2011,72.0,79.0,22.0,23.0,365,365,100.0,100.0,1991_2007
40835,Dogonbadan,2012,56.0,55.0,17.0,20.0,365,364,100.0,99.72602739726028,1991_2007
40835,Dogonbadan,2013,71.0,35.0,29.0,45.0,365,365,100.0,100.0,1991_2007
40835,Dogonbadan,2014,62.0,35.0,25.0,23.0,363,363,99.45205479452055,99.45205479452055,1991_2007
40835,Dogonbadan,2015,115.0,86.0,17.0,22.0,364,365,99.72602739726028,100.0,1991_2007
40835,Dogonbadan,2016,111.0,44.0,16.0,23.0,365,365,100.0,100.0,1991_2007
40835,Dogonbadan,2017,147.0,78.0,12.0,26.0,365,364,100.0,99.72602739726028,1991_2007
40835,Dogonbadan,2018,87.0,66.0,20.0,7.0,296,298,81.0958904109589,81.64383561643835,1991_2007
40835,Dogonbadan,2019,87.0,59.0,17.0,31.0,365,365,100.0,100.0,1991_2007
40835,Dogonbadan,2020,84.0,52.0,15.0,29.0,365,365,100.0,100.0,1991_2007
40835,Dogonbadan,2021,142.0,29.0,13.0,21.0,365,365,100.0,100.0,1991_2007
40835,Dogonbadan,2022,91.0,59.0,19.0,24.0,365,365,100.0,100.0,1991_2007
40835,Dogonbadan,2023,76.0,34.0,14.0,34.0,365,365,100.0,100.0,1991_2007
40835,Dogonbadan,2024,,,,,189,189,51.78082191780822,51.78082191780822,1991_2007
40836,Yasuj,1991,36.0,40.0,25.0,18.0,364,352,99.72602739726028,96.43835616438356,1991_2007
40836,Yasuj,1992,3.0,6.0,112.0,72.0,365,350,100.0,95.8904109589041,1991_2007
40836,Yasuj,1993,12.0,29.0,48.0,18.0,365,365,100.0,100.0,1991_2007
40836,Yasuj,1994,22.0,37.0,49.0,21.0,365,365,100.0,100.0,1991_2007
40836,Yasuj,1995,21.0,12.0,31.0,22.0,365,365,100.0,100.0,1991_2007
40836,Yasuj,1996,21.0,30.0,31.0,26.0,365,365,100.0,100.0,1991_2007
40836,Yasuj,1997,26.0,31.0,39.0,19.0,365,365,100.0,100.0,1991_2007
40836,Yasuj,1998,69.0,76.0,23.0,10.0,365,365,100.0,100.0,1991_2007
40836,Yasuj,1999,32.0,61.0,16.0,7.0,365,365,100.0,100.0,1991_2007
40836,Yasuj,2000,37.0,61.0,26.0,15.0,365,365,100.0,100.0,1991_2007
40836,Yasuj,2001,48.0,46.0,27.0,10.0,365,365,100.0,100.0,1991_2007
40836,Yasuj,2002,35.0,44.0,19.0,12.0,365,364,100.0,99.72602739726028,1991_2007
40836,Yasuj,2003,25.0,13.0,14.0,40.0,364,364,99.72602739726028,99.72602739726028,1991_2007
40836,Yasuj,2004,32.0,27.0,28.0,65.0,365,365,100.0,100.0,1991_2007
40836,Yasuj,2005,42.0,13.0,15.0,62.0,365,365,100.0,100.0,1991_2007
40836,Yasuj,2006,42.0,19.0,36.0,70.0,365,365,100.0,100.0,1991_2007
40836,Yasuj,2007,31.0,14.0,23.0,58.0,365,365,100.0,100.0,1991_2007
40836,Yasuj,2008,85.0,23.0,26.0,42.0,365,365,100.0,100.0,1991_2007
40836,Yasuj,2009,86.0,10.0,19.0,71.0,365,365,100.0,100.0,1991_2007
40836,Yasuj,2010,136.0,31.0,12.0,34.0,365,365,100.0,100.0,1991_2007
40836,Yasuj,2011,52.0,26.0,26.0,54.0,364,364,99.72602739726028,99.72602739726028,1991_2007
40836,Yasuj,2012,24.0,24.0,33.0,51.0,365,365,100.0,100.0,1991_2007
40836,Yasuj,2013,68.0,27.0,18.0,51.0,365,365,100.0,100.0,1991_2007
40836,Yasuj,2014,47.0,12.0,32.0,63.0,364,365,99.72602739726028,100.0,1991_2007
40836,Yasuj,2015,76.0,47.0,24.0,34.0,365,365,100.0,100.0,1991_2007
40836,Yasuj,2016,74.0,24.0,13.0,41.0,365,365,100.0,100.0,1991_2007
40836,Yasuj,2017,74.0,43.0,13.0,27.0,365,365,100.0,100.0,1991_2007
40836,Yasuj,2018,87.0,43.0,22.0,16.0,305,310,83.56164383561644,84.93150684931507,1991_2007
40836,Yasuj,2019,56.0,34.0,24.0,41.0,365,365,100.0,100.0,1991_2007
40836,Yasuj,2020,50.0,32.0,22.0,43.0,365,365,100.0,100.0,1991_2007
40836,Yasuj,2021,130.0,49.0,18.0,10.0,365,365,100.0,100.0,1991_2007
40836,Yasuj,2022,92.0,49.0,19.0,25.0,365,365,100.0,100.0,1991_2007
40836,Yasuj,2023,68.0,31.0,14.0,23.0,365,365,100.0,100.0,1991_2007
40836,Yasuj,2024,,,,,189,189,51.78082191780822,51.78082191780822,1991_2007
40839,Anar,1991,24.0,35.0,37.0,25.0,362,354,99.17808219178083,96.98630136986301,1991_2007
40839,Anar,1992,5.0,14.0,66.0,60.0,365,355,100.0,97.26027397260275,1991_2007
40839,Anar,1993,10.0,33.0,47.0,34.0,363,356,99.45205479452055,97.53424657534246,1991_2007
40839,Anar,1994,30.0,39.0,34.0,37.0,364,362,99.72602739726028,99.17808219178083,1991_2007
40839,Anar,1995,19.0,19.0,53.0,28.0,363,361,99.45205479452055,98.9041095890411,1991_2007
40839,Anar,1996,28.0,29.0,61.0,48.0,365,357,100.0,97.80821917808218,1991_2007
40839,Anar,1997,15.0,30.0,30.0,26.0,365,359,100.0,98.35616438356163,1991_2007
40839,Anar,1998,50.0,40.0,23.0,12.0,365,358,100.0,98.08219178082192,1991_2007
40839,Anar,1999,31.0,35.0,26.0,25.0,365,358,100.0,98.08219178082192,1991_2007
40839,Anar,2000,42.0,41.0,37.0,38.0,365,358,100.0,98.08219178082192,1991_2007
40839,Anar,2001,59.0,43.0,18.0,21.0,365,365,100.0,100.0,1991_2007
40839,Anar,2002,29.0,40.0,16.0,12.0,365,365,100.0,100.0,1991_2007
40839,Anar,2003,44.0,44.0,13.0,30.0,365,365,100.0,100.0,1991_2007
40839,Anar,2004,41.0,43.0,20.0,24.0,365,361,100.0,98.9041095890411,1991_2007
40839,Anar,2005,30.0,22.0,19.0,32.0,365,365,100.0,100.0,1991_2007
40839,Anar,2006,50.0,36.0,33.0,41.0,365,365,100.0,100.0,1991_2007
40839,Anar,2007,27.0,30.0,25.0,46.0,365,364,100.0,99.72602739726028,1991_2007
40839,Anar,2008,56.0,41.0,61.0,48.0,365,365,100.0,100.0,1991_2007
40839,Anar,2009,60.0,42.0,26.0,19.0,365,357,100.0,97.80821917808218,1991_2007
40839,Anar,2010,78.0,50.0,15.0,27.0,365,365,100.0,100.0,1991_2007
40839,Anar,2011,52.0,52.0,17.0,30.0,365,364,100.0,99.72602739726028,1991_2007
40839,Anar,2012,25.0,35.0,30.0,30.0,365,365,100.0,100.0,1991_2007
40839,Anar,2013,80.0,67.0,30.0,26.0,365,365,100.0,100.0,1991_2007
40839,Anar,2014,39.0,35.0,35.0,22.0,361,364,98.9041095890411,99.72602739726028,1991_2007
40839,Anar,2015,56.0,68.0,29.0,16.0,364,364,99.72602739726028,99.72602739726028,1991_2007
40839,Anar,2016,89.0,68.0,27.0,13.0,363,359,99.45205479452055,98.35616438356163,1991_2007
40839,Anar,2017,58.0,52.0,17.0,19.0,361,365,98.9041095890411,100.0,1991_2007
40839,Anar,2018,48.0,53.0,28.0,17.0,365,365,100.0,100.0,1991_2007
40839,Anar,2019,40.0,61.0,30.0,17.0,362,364,99.17808219178083,99.72602739726028,1991_2007
40839,Anar,2020,37.0,65.0,38.0,21.0,360,361,98.63013698630137,98.9041095890411,1991_2007
40839,Anar,2021,93.0,58.0,15.0,17.0,310,312,84.93150684931507,85.47945205479452,1991_2007
40839,Anar,2022,73.0,67.0,17.0,7.0,364,363,99.72602739726028,99.45205479452055,1991_2007
40839,Anar,2023,56.0,87.0,25.0,4.0,365,365,100.0,100.0,1991_2007
40839,Anar,2024,83.0,97.0,28.0,12.0,359,365,98.35616438356163,100.0,1991_2007
40841,Kerman,1991,23.0,36.0,38.0,31.0,365,354,100.0,96.98630136986301,1991_2007
40841,Kerman,1992,6.0,12.0,67.0,52.0,364,357,99.72602739726028,97.80821917808218,1991_2007
40841,Kerman,1993,12.0,17.0,43.0,57.0,364,363,99.72602739726028,99.45205479452055,1991_2007
40841,Kerman,1994,34.0,26.0,43.0,53.0,365,363,100.0,99.45205479452055,1991_2007
40841,Kerman,1995,14.0,18.0,51.0,37.0,364,365,99.72602739726028,100.0,1991_2007
40841,Kerman,1996,23.0,20.0,57.0,57.0,365,363,100.0,99.45205479452055,1991_2007
40841,Kerman,1997,17.0,28.0,43.0,28.0,364,364,99.72602739726028,99.72602739726028,1991_2007
40841,Kerman,1998,61.0,42.0,16.0,22.0,363,364,99.45205479452055,99.72602739726028,1991_2007
40841,Kerman,1999,44.0,32.0,20.0,31.0,362,362,99.17808219178083,99.17808219178083,1991_2007
40841,Kerman,2000,54.0,33.0,38.0,23.0,358,363,98.08219178082192,99.45205479452055,1991_2007
40841,Kerman,2001,53.0,42.0,20.0,22.0,365,365,100.0,100.0,1991_2007
40841,Kerman,2002,21.0,44.0,16.0,14.0,365,365,100.0,100.0,1991_2007
40841,Kerman,2003,39.0,49.0,16.0,17.0,365,364,100.0,99.72602739726028,1991_2007
40841,Kerman,2004,34.0,60.0,18.0,13.0,365,365,100.0,100.0,1991_2007
40841,Kerman,2005,22.0,34.0,30.0,24.0,363,362,99.45205479452055,99.17808219178083,1991_2007
40841,Kerman,2006,44.0,37.0,33.0,36.0,365,364,100.0,99.72602739726028,1991_2007
40841,Kerman,2007,22.0,34.0,24.0,42.0,365,365,100.0,100.0,1991_2007
40841,Kerman,2008,76.0,52.0,37.0,26.0,365,365,100.0,100.0,1991_2007
40841,Kerman,2009,67.0,55.0,24.0,10.0,364,364,99.72602739726028,99.72602739726028,1991_2007
40841,Kerman,2010,62.0,53.0,24.0,23.0,365,365,100.0,100.0,1991_2007
40841,Kerman,2011,44.0,58.0,17.0,16.0,365,365,100.0,100.0,1991_2007
40841,Kerman,2012,15.0,43.0,35.0,26.0,365,365,100.0,100.0,1991_2007
40841,Kerman,2013,87.0,52.0,31.0,21.0,365,365,100.0,100.0,1991_2007
40841,Kerman,2014,52.0,35.0,37.0,29.0,360,363,98.63013698630137,99.45205479452055,1991_2007
40841,Kerman,2015,62.0,67.0,29.0,19.0,365,365,100.0,100.0,1991_2007
40841,Kerman,2016,102.0,47.0,20.0,14.0,363,364,99.45205479452055,99.72602739726028,1991_2007
40841,Kerman,2017,80.0,43.0,25.0,27.0,365,365,100.0,100.0,1991_2007
40841,Kerman,2018,81.0,45.0,27.0,18.0,365,365,100.0,100.0,1991_2007
40841,Kerman,2019,47.0,68.0,31.0,18.0,365,365,100.0,100.0,1991_2007
40841,Kerman,2020,37.0,53.0,59.0,24.0,364,365,99.72602739726028,100.0,1991_2007
40841,Kerman,2021,89.0,62.0,23.0,18.0,364,365,99.72602739726028,100.0,1991_2007
40841,Kerman,2022,56.0,52.0,27.0,17.0,365,363,100.0,99.45205479452055,1991_2007
40841,Kerman,2023,58.0,77.0,22.0,6.0,365,365,100.0,100.0,1991_2007
40841,Kerman,2024,97.0,94.0,26.0,14.0,363,364,99.45205479452055,99.72602739726028,1991_2007
40844,Dorudzan,1991,26.0,33.0,26.0,20.0,365,351,100.0,96.16438356164385,1991_2007
40844,Dorudzan,1992,1.0,8.0,110.0,86.0,363,344,99.45205479452055,94.24657534246576,1991_2007
40844,Dorudzan,1993,15.0,33.0,40.0,17.0,365,354,100.0,96.98630136986301,1991_2007
40844,Dorudzan,1994,36.0,42.0,37.0,25.0,362,353,99.17808219178083,96.7123287671233,1991_2007
40844,Dorudzan,1995,9.0,24.0,39.0,29.0,364,353,99.72602739726028,96.7123287671233,1991_2007
40844,Dorudzan,1996,11.0,26.0,49.0,26.0,361,346,98.9041095890411,94.79452054794521,1991_2007
40844,Dorudzan,1997,34.0,28.0,47.0,41.0,365,347,100.0,95.06849315068493,1991_2007
40844,Dorudzan,1998,73.0,42.0,25.0,17.0,365,354,100.0,96.98630136986301,1991_2007
40844,Dorudzan,1999,28.0,43.0,18.0,9.0,363,346,99.45205479452055,94.79452054794521,1991_2007
40844,Dorudzan,2000,42.0,29.0,28.0,24.0,365,350,100.0,95.8904109589041,1991_2007
40844,Dorudzan,2001,55.0,31.0,18.0,16.0,365,351,100.0,96.16438356164385,1991_2007
40844,Dorudzan,2002,31.0,21.0,21.0,17.0,365,355,100.0,97.26027397260275,1991_2007
40844,Dorudzan,2003,30.0,26.0,12.0,18.0,363,349,99.45205479452055,95.61643835616438,1991_2007
40844,Dorudzan,2004,28.0,42.0,25.0,21.0,358,354,98.08219178082192,96.98630136986301,1991_2007
40844,Dorudzan,2005,36.0,28.0,20.0,22.0,364,355,99.72602739726028,97.26027397260275,1991_2007
40844,Dorudzan,2006,49.0,39.0,33.0,64.0,364,352,99.72602739726028,96.43835616438356,1991_2007
40844,Dorudzan,2007,30.0,11.0,14.0,76.0,365,358,100.0,98.08219178082192,1991_2007
40844,Dorudzan,2008,84.0,17.0,28.0,96.0,365,365,100.0,100.0,1991_2007
40844,Dorudzan,2009,61.0,14.0,16.0,78.0,364,365,99.72602739726028,100.0,1991_2007
40844,Dorudzan,2010,113.0,24.0,9.0,61.0,365,365,100.0,100.0,1991_2007
40844,Dorudzan,2011,54.0,21.0,22.0,90.0,365,365,100.0,100.0,1991_2007
40844,Dorudzan,2012,27.0,17.0,33.0,92.0,365,365,100.0,100.0,1991_2007
40844,Dorudzan,2013,68.0,11.0,26.0,98.0,365,365,100.0,100.0,1991_2007
40844,Dorudzan,2014,44.0,5.0,36.0,97.0,364,363,99.72602739726028,99.45205479452055,1991_2007
40844,Dorudzan,2015,77.0,34.0,26.0,69.0,365,364,100.0,99.72602739726028,1991_2007
40844,Dorudzan,2016,87.0,19.0,16.0,89.0,365,358,100.0,98.08219178082192,1991_2007
40844,Dorudzan,2017,85.0,24.0,20.0,75.0,362,362,99.17808219178083,99.17808219178083,1991_2007
40844,Dorudzan,2018,102.0,28.0,24.0,36.0,360,362,98.63013698630137,99.17808219178083,1991_2007
40844,Dorudzan,2019,88.0,41.0,26.0,60.0,362,361,99.17808219178083,98.9041095890411,1991_2007
40844,Dorudzan,2020,67.0,36.0,17.0,66.0,348,359,95.34246575342465,98.35616438356163,1991_2007
40844,Dorudzan,2021,151.0,39.0,9.0,27.0,364,365,99.72602739726028,100.0,1991_2007
40844,Dorudzan,2022,102.0,40.0,22.0,52.0,365,365,100.0,100.0,1991_2007
40844,Dorudzan,2023,67.0,21.0,16.0,50.0,365,365,100.0,100.0,1991_2007
40844,Dorudzan,2024,89.0,32.0,25.0,43.0,361,365,98.9041095890411,100.0,1991_2007
40847,Zarqan,1991,22.0,31.0,36.0,38.0,364,359,99.72602739726028,98.35616438356163,1991_2007
40847,Zarqan,1992,0.0,19.0,87.0,90.0,365,359,100.0,98.35616438356163,1991_2007
40847,Zarqan,1993,12.0,35.0,46.0,27.0,364,360,99.72602739726028,98.63013698630137,1991_2007
40847,Zarqan,1994,32.0,46.0,47.0,27.0,363,362,99.45205479452055,99.17808219178083,1991_2007
40847,Zarqan,1995,5.0,24.0,46.0,32.0,365,362,100.0,99.17808219178083,1991_2007
40847,Zarqan,1996,12.0,32.0,53.0,43.0,364,357,99.72602739726028,97.80821917808218,1991_2007
40847,Zarqan,1997,19.0,27.0,52.0,38.0,365,360,100.0,98.63013698630137,1991_2007
40847,Zarqan,1998,52.0,31.0,26.0,25.0,365,357,100.0,97.80821917808218,1991_2007
40847,Zarqan,1999,18.0,34.0,21.0,28.0,365,359,100.0,98.35616438356163,1991_2007
40847,Zarqan,2000,47.0,35.0,34.0,32.0,365,355,100.0,97.26027397260275,1991_2007
40847,Zarqan,2001,49.0,44.0,7.0,28.0,365,365,100.0,100.0,1991_2007
40847,Zarqan,2002,25.0,30.0,16.0,25.0,365,365,100.0,100.0,1991_2007
40847,Zarqan,2003,32.0,48.0,10.0,15.0,365,365,100.0,100.0,1991_2007
40847,Zarqan,2004,37.0,50.0,21.0,18.0,365,362,100.0,99.17808219178083,1991_2007
40847,Zarqan,2005,41.0,36.0,25.0,20.0,365,361,100.0,98.9041095890411,1991_2007
40847,Zarqan,2006,56.0,43.0,22.0,43.0,365,365,100.0,100.0,1991_2007
40847,Zarqan,2007,35.0,28.0,9.0,29.0,365,365,100.0,100.0,1991_2007
40847,Zarqan,2008,93.0,46.0,23.0,39.0,365,364,100.0,99.72602739726028,1991_2007
40847,Zarqan,2009,74.0,62.0,15.0,16.0,365,365,100.0,100.0,1991_2007
40847,Zarqan,2010,146.0,74.0,7.0,24.0,365,365,100.0,100.0,1991_2007
40847,Zarqan,2011,84.0,85.0,15.0,25.0,365,365,100.0,100.0,1991_2007
40847,Zarqan,2012,45.0,65.0,24.0,17.0,365,365,100.0,100.0,1991_2007
40847,Zarqan,2013,107.0,52.0,17.0,29.0,365,365,100.0,100.0,1991_2007
40847,Zarqan,2014,90.0,63.0,32.0,23.0,364,364,99.72602739726028,99.72602739726028,1991_2007
40847,Zarqan,2015,106.0,103.0,17.0,14.0,365,365,100.0,100.0,1991_2007
40847,Zarqan,2016,106.0,83.0,10.0,16.0,365,365,100.0,100.0,1991_2007
40847,Zarqan,2017,76.0,93.0,26.0,15.0,365,363,100.0,99.45205479452055,1991_2007
40847,Zarqan,2018,88.0,99.0,25.0,8.0,365,365,100.0,100.0,1991_2007
40847,Zarqan,2019,58.0,90.0,26.0,16.0,362,363,99.17808219178083,99.45205479452055,1991_2007
40847,Zarqan,2020,56.0,63.0,23.0,22.0,364,364,99.72602739726028,99.72602739726028,1991_2007
40847,Zarqan,2021,145.0,97.0,10.0,9.0,365,365,100.0,100.0,1991_2007
40847,Zarqan,2022,98.0,106.0,22.0,11.0,365,365,100.0,100.0,1991_2007
40847,Zarqan,2023,107.0,95.0,6.0,11.0,365,365,100.0,100.0,1991_2007
40847,Zarqan,2024,174.0,115.0,14.0,12.0,363,364,99.45205479452055,99.72602739726028,1991_2007
40848,Shiraz,1991,30.0,27.0,33.0,32.0,365,362,100.0,99.17808219178083,1991_2007
40848,Shiraz,1992,2.0,4.0,83.0,119.0,365,359,100.0,98.35616438356163,1991_2007
40848,Shiraz,1993,14.0,20.0,47.0,36.0,365,364,100.0,99.72602739726028,1991_2007
40848,Shiraz,1994,29.0,35.0,53.0,18.0,363,363,99.45205479452055,99.45205479452055,1991_2007
40848,Shiraz,1995,9.0,21.0,40.0,15.0,365,363,100.0,99.45205479452055,1991_2007
40848,Shiraz,1996,17.0,27.0,50.0,9.0,365,357,100.0,97.80821917808218,1991_2007
40848,Shiraz,1997,32.0,59.0,44.0,12.0,364,364,99.72602739726028,99.72602739726028,1991_2007
40848,Shiraz,1998,58.0,46.0,25.0,6.0,363,361,99.45205479452055,98.9041095890411,1991_2007
40848,Shiraz,1999,30.0,61.0,12.0,0.0,363,363,99.45205479452055,99.45205479452055,1991_2007
40848,Shiraz,2000,45.0,52.0,29.0,5.0,361,362,98.9041095890411,99.17808219178083,1991_2007
40848,Shiraz,2001,49.0,48.0,8.0,8.0,365,365,100.0,100.0,1991_2007
40848,Shiraz,2002,31.0,35.0,14.0,17.0,365,365,100.0,100.0,1991_2007
40848,Shiraz,2003,27.0,34.0,15.0,16.0,364,362,99.72602739726028,99.17808219178083,1991_2007
40848,Shiraz,2004,35.0,20.0,20.0,53.0,365,363,100.0,99.45205479452055,1991_2007
40848,Shiraz,2005,26.0,17.0,29.0,72.0,365,364,100.0,99.72602739726028,1991_2007
40848,Shiraz,2006,48.0,21.0,37.0,86.0,365,365,100.0,100.0,1991_2007
40848,Shiraz,2007,32.0,15.0,15.0,69.0,365,365,100.0,100.0,1991_2007
40848,Shiraz,2008,75.0,18.0,29.0,64.0,365,365,100.0,100.0,1991_2007
40848,Shiraz,2009,70.0,23.0,20.0,57.0,365,365,100.0,100.0,1991_2007
40848,Shiraz,2010,99.0,23.0,15.0,63.0,365,365,100.0,100.0,1991_2007
40848,Shiraz,2011,45.0,19.0,24.0,84.0,364,364,99.72602739726028,99.72602739726028,1991_2007
40848,Shiraz,2012,21.0,21.0,39.0,81.0,364,364,99.72602739726028,99.72602739726028,1991_2007
40848,Shiraz,2013,52.0,21.0,29.0,74.0,365,365,100.0,100.0,1991_2007
40848,Shiraz,2014,39.0,12.0,41.0,74.0,363,365,99.45205479452055,100.0,1991_2007
40848,Shiraz,2015,73.0,36.0,25.0,42.0,365,365,100.0,100.0,1991_2007
40848,Shiraz,2016,84.0,31.0,12.0,46.0,365,365,100.0,100.0,1991_2007
40848,Shiraz,2017,72.0,28.0,19.0,64.0,365,365,100.0,100.0,1991_2007
40848,Shiraz,2018,98.0,31.0,26.0,43.0,365,365,100.0,100.0,1991_2007
40848,Shiraz,2019,80.0,28.0,23.0,63.0,364,362,99.72602739726028,99.17808219178083,1991_2007
40848,Shiraz,2020,64.0,20.0,19.0,87.0,365,365,100.0,100.0,1991_2007
40848,Shiraz,2021,165.0,32.0,8.0,42.0,365,365,100.0,100.0,1991_2007
40848,Shiraz,2022,109.0,43.0,16.0,33.0,365,365,100.0,100.0,1991_2007
40848,Shiraz,2023,97.0,35.0,6.0,43.0,365,365,100.0,100.0,1991_2007
40848,Shiraz,2024,112.0,33.0,18.0,39.0,363,365,99.45205479452055,100.0,1991_2007
40849,Shahrebabak,1991,28.0,36.0,36.0,25.0,364,361,99.72602739726028,98.9041095890411,1991_2007
40849,Shahrebabak,1992,5.0,16.0,81.0,50.0,364,363,99.72602739726028,99.45205479452055,1991_2007
40849,Shahrebabak,1993,9.0,24.0,41.0,50.0,364,363,99.72602739726028,99.45205479452055,1991_2007
40849,Shahrebabak,1994,23.0,37.0,48.0,34.0,365,365,100.0,100.0,1991_2007
40849,Shahrebabak,1995,17.0,14.0,54.0,35.0,365,364,100.0,99.72602739726028,1991_2007
40849,Shahrebabak,1996,24.0,12.0,56.0,49.0,365,364,100.0,99.72602739726028,1991_2007
40849,Shahrebabak,1997,15.0,40.0,41.0,24.0,364,365,99.72602739726028,100.0,1991_2007
40849,Shahrebabak,1998,56.0,37.0,19.0,25.0,364,365,99.72602739726028,100.0,1991_2007
40849,Shahrebabak,1999,21.0,31.0,14.0,23.0,363,365,99.45205479452055,100.0,1991_2007
40849,Shahrebabak,2000,41.0,32.0,42.0,37.0,365,364,100.0,99.72602739726028,1991_2007
40849,Shahrebabak,2001,53.0,42.0,12.0,22.0,365,365,100.0,100.0,1991_2007
40849,Shahrebabak,2002,35.0,31.0,13.0,36.0,365,365,100.0,100.0,1991_2007
40849,Shahrebabak,2003,34.0,49.0,13.0,20.0,365,364,100.0,99.72602739726028,1991_2007
40849,Shahrebabak,2004,33.0,37.0,24.0,27.0,365,365,100.0,100.0,1991_2007
40849,Shahrebabak,2005,33.0,30.0,21.0,41.0,364,365,99.72602739726028,100.0,1991_2007
40849,Shahrebabak,2006,54.0,46.0,38.0,23.0,365,365,100.0,100.0,1991_2007
40849,Shahrebabak,2007,29.0,40.0,25.0,34.0,365,365,100.0,100.0,1991_2007
40849,Shahrebabak,2008,75.0,34.0,43.0,42.0,365,365,100.0,100.0,1991_2007
40849,Shahrebabak,2009,46.0,41.0,25.0,12.0,365,365,100.0,100.0,1991_2007
40849,Shahrebabak,2010,85.0,58.0,21.0,24.0,365,365,100.0,100.0,1991_2007
40849,Shahrebabak,2011,43.0,44.0,21.0,31.0,362,362,99.17808219178083,99.17808219178083,1991_2007
40849,Shahrebabak,2012,19.0,37.0,39.0,33.0,365,365,100.0,100.0,1991_2007
40849,Shahrebabak,2013,65.0,33.0,28.0,49.0,365,365,100.0,100.0,1991_2007
40849,Shahrebabak,2014,36.0,19.0,33.0,31.0,363,364,99.45205479452055,99.72602739726028,1991_2007
40849,Shahrebabak,2015,67.0,42.0,21.0,30.0,364,362,99.72602739726028,99.17808219178083,1991_2007
40849,Shahrebabak,2016,81.0,37.0,19.0,26.0,362,363,99.17808219178083,99.45205479452055,1991_2007
40849,Shahrebabak,2017,72.0,29.0,20.0,44.0,363,364,99.45205479452055,99.72602739726028,1991_2007
40849,Shahrebabak,2018,65.0,39.0,30.0,24.0,363,363,99.45205479452055,99.45205479452055,1991_2007
40849,Shahrebabak,2019,69.0,58.0,29.0,26.0,359,360,98.35616438356163,98.63013698630137,1991_2007
40849,Shahrebabak,2020,58.0,33.0,29.0,53.0,353,357,96.7123287671233,97.80821917808218,1991_2007
40849,Shahrebabak,2021,121.0,32.0,10.0,43.0,339,344,92.87671232876711,94.24657534246576,1991_2007
40849,Shahrebabak,2022,124.0,49.0,22.0,33.0,364,365,99.72602739726028,100.0,1991_2007
40849,Shahrebabak,2023,106.0,68.0,16.0,17.0,365,365,100.0,100.0,1991_2007
40849,Shahrebabak,2024,123.0,81.0,20.0,25.0,359,365,98.35616438356163,100.0,1991_2007
40851,Sirjan,1991,39.0,21.0,38.0,35.0,364,357,99.72602739726028,97.80821917808218,1991_2007
40851,Sirjan,1992,4.0,14.0,70.0,59.0,364,361,99.72602739726028,98.9041095890411,1991_2007
40851,Sirjan,1993,14.0,19.0,35.0,35.0,362,362,99.17808219178083,99.17808219178083,1991_2007
40851,Sirjan,1994,29.0,21.0,47.0,40.0,364,365,99.72602739726028,100.0,1991_2007
40851,Sirjan,1995,12.0,12.0,54.0,38.0,364,365,99.72602739726028,100.0,1991_2007
40851,Sirjan,1996,23.0,17.0,53.0,57.0,365,360,100.0,98.63013698630137,1991_2007
40851,Sirjan,1997,18.0,29.0,49.0,34.0,365,363,100.0,99.45205479452055,1991_2007
40851,Sirjan,1998,65.0,45.0,16.0,23.0,361,365,98.9041095890411,100.0,1991_2007
40851,Sirjan,1999,24.0,31.0,13.0,32.0,365,363,100.0,99.45205479452055,1991_2007
40851,Sirjan,2000,44.0,38.0,40.0,34.0,363,363,99.45205479452055,99.45205479452055,1991_2007
40851,Sirjan,2001,56.0,42.0,10.0,22.0,361,363,98.9041095890411,99.45205479452055,1991_2007
40851,Sirjan,2002,26.0,49.0,11.0,21.0,365,365,100.0,100.0,1991_2007
40851,Sirjan,2003,30.0,60.0,18.0,16.0,365,365,100.0,100.0,1991_2007
40851,Sirjan,2004,38.0,52.0,18.0,16.0,365,365,100.0,100.0,1991_2007
40851,Sirjan,2005,30.0,37.0,15.0,20.0,365,365,100.0,100.0,1991_2007
40851,Sirjan,2006,46.0,49.0,41.0,30.0,364,363,99.72602739726028,99.45205479452055,1991_2007
40851,Sirjan,2007,21.0,32.0,33.0,38.0,365,363,100.0,99.45205479452055,1991_2007
40851,Sirjan,2008,65.0,45.0,52.0,27.0,365,365,100.0,100.0,1991_2007
40851,Sirjan,2009,42.0,44.0,35.0,16.0,365,365,100.0,100.0,1991_2007
40851,Sirjan,2010,69.0,57.0,23.0,36.0,365,365,100.0,100.0,1991_2007
40851,Sirjan,2011,47.0,47.0,19.0,40.0,365,365,100.0,100.0,1991_2007
40851,Sirjan,2012,17.0,47.0,39.0,54.0,365,365,100.0,100.0,1991_2007
40851,Sirjan,2013,67.0,33.0,34.0,35.0,365,365,100.0,100.0,1991_2007
40851,Sirjan,2014,47.0,36.0,33.0,31.0,363,362,99.45205479452055,99.17808219178083,1991_2007
40851,Sirjan,2015,63.0,50.0,29.0,43.0,364,364,99.72602739726028,99.72602739726028,1991_2007
40851,Sirjan,2016,89.0,56.0,26.0,36.0,362,363,99.17808219178083,99.45205479452055,1991_2007
40851,Sirjan,2017,71.0,28.0,34.0,40.0,365,364,100.0,99.72602739726028,1991_2007
40851,Sirjan,2018,68.0,66.0,27.0,20.0,364,365,99.72602739726028,100.0,1991_2007
40851,Sirjan,2019,60.0,66.0,43.0,27.0,364,365,99.72602739726028,100.0,1991_2007
40851,Sirjan,2020,50.0,56.0,47.0,33.0,365,364,100.0,99.72602739726028,1991_2007
40851,Sirjan,2021,122.0,72.0,19.0,23.0,363,364,99.45205479452055,99.72602739726028,1991_2007
40851,Sirjan,2022,82.0,67.0,31.0,19.0,362,363,99.17808219178083,99.45205479452055,1991_2007
40851,Sirjan,2023,100.0,98.0,15.0,8.0,362,364,99.17808219178083,99.72602739726028,1991_2007
40851,Sirjan,2024,120.0,99.0,18.0,20.0,365,365,100.0,100.0,1991_2007
40853,Baft,1991,29.0,20.0,45.0,47.0,365,362,100.0,99.17808219178083,1991_2007
40853,Baft,1992,12.0,8.0,72.0,86.0,365,362,100.0,99.17808219178083,1991_2007
40853,Baft,1993,17.0,23.0,28.0,39.0,365,363,100.0,99.45205479452055,1991_2007
40853,Baft,1994,27.0,21.0,46.0,33.0,365,364,100.0,99.72602739726028,1991_2007
40853,Baft,1995,8.0,16.0,47.0,40.0,365,364,100.0,99.72602739726028,1991_2007
40853,Baft,1996,21.0,15.0,45.0,49.0,365,363,100.0,99.45205479452055,1991_2007
40853,Baft,1997,14.0,16.0,69.0,43.0,364,364,99.72602739726028,99.72602739726028,1991_2007
40853,Baft,1998,56.0,49.0,20.0,18.0,365,365,100.0,100.0,1991_2007
40853,Baft,1999,35.0,43.0,16.0,12.0,364,364,99.72602739726028,99.72602739726028,1991_2007
40853,Baft,2000,52.0,43.0,25.0,31.0,365,365,100.0,100.0,1991_2007
40853,Baft,2001,54.0,45.0,15.0,11.0,365,365,100.0,100.0,1991_2007
40853,Baft,2002,27.0,34.0,16.0,18.0,365,365,100.0,100.0,1991_2007
40853,Baft,2003,27.0,39.0,9.0,18.0,365,365,100.0,100.0,1991_2007
40853,Baft,2004,45.0,44.0,20.0,17.0,365,365,100.0,100.0,1991_2007
40853,Baft,2005,38.0,33.0,15.0,26.0,365,365,100.0,100.0,1991_2007
40853,Baft,2006,55.0,53.0,36.0,33.0,365,365,100.0,100.0,1991_2007
40853,Baft,2007,25.0,26.0,25.0,20.0,365,365,100.0,100.0,1991_2007
40853,Baft,2008,66.0,60.0,34.0,29.0,365,365,100.0,100.0,1991_2007
40853,Baft,2009,61.0,58.0,32.0,16.0,365,365,100.0,100.0,1991_2007
40853,Baft,2010,84.0,81.0,21.0,12.0,365,365,100.0,100.0,1991_2007
40853,Baft,2011,44.0,64.0,21.0,11.0,365,365,100.0,100.0,1991_2007
40853,Baft,2012,17.0,44.0,34.0,25.0,365,365,100.0,100.0,1991_2007
40853,Baft,2013,70.0,46.0,40.0,18.0,365,365,100.0,100.0,1991_2007
40853,Baft,2014,50.0,61.0,31.0,20.0,363,364,99.45205479452055,99.72602739726028,1991_2007
40853,Baft,2015,60.0,88.0,29.0,22.0,365,365,100.0,100.0,1991_2007
40853,Baft,2016,86.0,58.0,22.0,4.0,362,363,99.17808219178083,99.45205479452055,1991_2007
40853,Baft,2017,74.0,55.0,15.0,19.0,365,365,100.0,100.0,1991_2007
40853,Baft,2018,89.0,84.0,22.0,10.0,364,364,99.72602739726028,99.72602739726028,1991_2007
40853,Baft,2019,61.0,67.0,37.0,11.0,363,362,99.45205479452055,99.17808219178083,1991_2007
40853,Baft,2020,50.0,54.0,44.0,17.0,361,358,98.9041095890411,98.08219178082192,1991_2007
40853,Baft,2021,128.0,102.0,22.0,6.0,357,354,97.80821917808218,96.98630136986301,1991_2007
40853,Baft,2022,120.0,89.0,24.0,2.0,365,359,100.0,98.35616438356163,1991_2007
40853,Baft,2023,103.0,87.0,10.0,3.0,362,364,99.17808219178083,99.72602739726028,1991_2007
40853,Baft,2024,133.0,105.0,19.0,16.0,365,365,100.0,100.0,1991_2007
40854,Bam,1991,26.0,26.0,42.0,37.0,365,361,100.0,98.9041095890411,1991_2007
40854,Bam,1992,6.0,9.0,67.0,73.0,360,361,98.63013698630137,98.9041095890411,1991_2007
40854,Bam,1993,7.0,13.0,46.0,56.0,364,363,99.72602739726028,99.45205479452055,1991_2007
40854,Bam,1994,28.0,31.0,48.0,41.0,364,364,99.72602739726028,99.72602739726028,1991_2007
40854,Bam,1995,17.0,16.0,49.0,39.0,365,364,100.0,99.72602739726028,1991_2007
40854,Bam,1996,21.0,16.0,61.0,49.0,365,364,100.0,99.72602739726028,1991_2007
40854,Bam,1997,20.0,18.0,42.0,28.0,363,364,99.45205479452055,99.72602739726028,1991_2007
40854,Bam,1998,38.0,44.0,22.0,16.0,361,364,98.9041095890411,99.72602739726028,1991_2007
40854,Bam,1999,30.0,31.0,19.0,16.0,360,364,98.63013698630137,99.72602739726028,1991_2007
40854,Bam,2000,36.0,37.0,42.0,37.0,360,364,98.63013698630137,99.72602739726028,1991_2007
40854,Bam,2001,51.0,47.0,18.0,21.0,365,365,100.0,100.0,1991_2007
40854,Bam,2002,32.0,42.0,17.0,12.0,365,365,100.0,100.0,1991_2007
40854,Bam,2003,35.0,41.0,27.0,31.0,363,363,99.45205479452055,99.45205479452055,1991_2007
40854,Bam,2004,47.0,34.0,13.0,25.0,363,365,99.45205479452055,100.0,1991_2007
40854,Bam,2005,49.0,55.0,22.0,21.0,365,365,100.0,100.0,1991_2007
40854,Bam,2006,58.0,72.0,27.0,29.0,365,365,100.0,100.0,1991_2007
40854,Bam,2007,43.0,30.0,23.0,36.0,365,365,100.0,100.0,1991_2007
40854,Bam,2008,80.0,67.0,44.0,45.0,365,365,100.0,100.0,1991_2007
40854,Bam,2009,67.0,70.0,14.0,18.0,365,365,100.0,100.0,1991_2007
40854,Bam,2010,56.0,67.0,19.0,20.0,365,365,100.0,100.0,1991_2007
40854,Bam,2011,50.0,48.0,23.0,25.0,364,365,99.72602739726028,100.0,1991_2007
40854,Bam,2012,31.0,24.0,24.0,36.0,365,365,100.0,100.0,1991_2007
40854,Bam,2013,77.0,67.0,26.0,26.0,365,365,100.0,100.0,1991_2007
40854,Bam,2014,54.0,57.0,30.0,32.0,363,365,99.45205479452055,100.0,1991_2007
40854,Bam,2015,68.0,82.0,26.0,23.0,364,365,99.72602739726028,100.0,1991_2007
40854,Bam,2016,103.0,105.0,16.0,9.0,363,362,99.45205479452055,99.17808219178083,1991_2007
40854,Bam,2017,64.0,75.0,15.0,16.0,365,364,100.0,99.72602739726028,1991_2007
40854,Bam,2018,69.0,74.0,22.0,13.0,365,364,100.0,99.72602739726028,1991_2007
40854,Bam,2019,60.0,74.0,21.0,17.0,364,364,99.72602739726028,99.72602739726028,1991_2007
40854,Bam,2020,47.0,60.0,27.0,16.0,365,363,100.0,99.45205479452055,1991_2007
40854,Bam,2021,81.0,90.0,12.0,7.0,365,359,100.0,98.35616438356163,1991_2007
40854,Bam,2022,82.0,91.0,9.0,7.0,365,362,100.0,99.17808219178083,1991_2007
40854,Bam,2023,89.0,120.0,12.0,9.0,363,365,99.45205479452055,100.0,1991_2007
40854,Bam,2024,114.0,131.0,24.0,18.0,364,364,99.72602739726028,99.72602739726028,1991_2007
40856,Zahedan,1991,23.0,27.0,48.0,32.0,365,359,100.0,98.35616438356163,1991_2007
40856,Zahedan,1992,9.0,21.0,65.0,49.0,364,361,99.72602739726028,98.9041095890411,1991_2007
40856,Zahedan,1993,16.0,23.0,50.0,55.0,364,363,99.72602739726028,99.45205479452055,1991_2007
40856,Zahedan,1994,25.0,35.0,46.0,45.0,363,364,99.45205479452055,99.72602739726028,1991_2007
40856,Zahedan,1995,29.0,30.0,49.0,39.0,361,363,98.9041095890411,99.45205479452055,1991_2007
40856,Zahedan,1996,19.0,18.0,63.0,75.0,365,362,100.0,99.17808219178083,1991_2007
40856,Zahedan,1997,29.0,26.0,47.0,34.0,362,365,99.17808219178083,100.0,1991_2007
40856,Zahedan,1998,41.0,41.0,19.0,19.0,362,362,99.17808219178083,99.17808219178083,1991_2007
40856,Zahedan,1999,28.0,43.0,22.0,26.0,359,365,98.35616438356163,100.0,1991_2007
40856,Zahedan,2000,42.0,33.0,36.0,33.0,361,361,98.9041095890411,98.9041095890411,1991_2007
40856,Zahedan,2001,46.0,35.0,15.0,29.0,362,363,99.17808219178083,99.45205479452055,1991_2007
40856,Zahedan,2002,36.0,49.0,16.0,27.0,361,364,98.9041095890411,99.72602739726028,1991_2007
40856,Zahedan,2003,34.0,47.0,25.0,36.0,362,363,99.17808219178083,99.45205479452055,1991_2007
40856,Zahedan,2004,62.0,52.0,9.0,15.0,362,363,99.17808219178083,99.45205479452055,1991_2007
40856,Zahedan,2005,29.0,26.0,25.0,13.0,364,362,99.72602739726028,99.17808219178083,1991_2007
40856,Zahedan,2006,74.0,56.0,22.0,27.0,363,364,99.45205479452055,99.72602739726028,1991_2007
40856,Zahedan,2007,29.0,31.0,35.0,37.0,362,361,99.17808219178083,98.9041095890411,1991_2007
40856,Zahedan,2008,61.0,47.0,44.0,38.0,359,364,98.35616438356163,99.72602739726028,1991_2007
40856,Zahedan,2009,50.0,50.0,35.0,20.0,365,363,100.0,99.45205479452055,1991_2007
40856,Zahedan,2010,50.0,49.0,17.0,41.0,364,365,99.72602739726028,100.0,1991_2007
40856,Zahedan,2011,35.0,55.0,17.0,22.0,364,364,99.72602739726028,99.72602739726028,1991_2007
40856,Zahedan,2012,21.0,35.0,24.0,35.0,360,364,98.63013698630137,99.72602739726028,1991_2007
40856,Zahedan,2013,54.0,51.0,30.0,27.0,365,365,100.0,100.0,1991_2007
40856,Zahedan,2014,30.0,38.0,35.0,42.0,360,362,98.63013698630137,99.17808219178083,1991_2007
40856,Zahedan,2015,51.0,60.0,30.0,21.0,365,365,100.0,100.0,1991_2007
40856,Zahedan,2016,74.0,64.0,12.0,11.0,365,365,100.0,100.0,1991_2007
40856,Zahedan,2017,55.0,41.0,19.0,34.0,365,365,100.0,100.0,1991_2007
40856,Zahedan,2018,58.0,50.0,18.0,18.0,365,365,100.0,100.0,1991_2007
40856,Zahedan,2019,39.0,56.0,34.0,20.0,365,365,100.0,100.0,1991_2007
40856,Zahedan,2020,24.0,34.0,43.0,35.0,365,365,100.0,100.0,1991_2007
40856,Zahedan,2021,83.0,39.0,11.0,35.0,365,365,100.0,100.0,1991_2007
40856,Zahedan,2022,69.0,69.0,18.0,22.0,365,365,100.0,100.0,1991_2007
40856,Zahedan,2023,65.0,71.0,20.0,15.0,365,365,100.0,100.0,1991_2007
40856,Zahedan,2024,88.0,77.0,22.0,15.0,365,365,100.0,100.0,1991_2007
40857,Bushehr (Coastal),1991,15.0,22.0,66.0,41.0,364,349,99.72602739726028,95.61643835616438,1991_2007
40857,Bushehr (Coastal),1992,17.0,12.0,97.0,96.0,364,349,99.72602739726028,95.61643835616438,1991_2007
40857,Bushehr (Coastal),1993,18.0,24.0,47.0,42.0,359,355,98.35616438356163,97.26027397260275,1991_2007
40857,Bushehr (Coastal),1994,18.0,30.0,45.0,28.0,355,349,97.26027397260275,95.61643835616438,1991_2007
40857,Bushehr (Coastal),1995,7.0,25.0,45.0,25.0,350,357,95.8904109589041,97.80821917808218,1991_2007
40857,Bushehr (Coastal),1996,19.0,35.0,22.0,16.0,352,355,96.43835616438356,97.26027397260275,1991_2007
40857,Bushehr (Coastal),1997,22.0,19.0,63.0,41.0,346,353,94.79452054794521,96.7123287671233,1991_2007
40857,Bushehr (Coastal),1998,68.0,68.0,15.0,14.0,348,352,95.34246575342465,96.43835616438356,1991_2007
40857,Bushehr (Coastal),1999,44.0,60.0,4.0,11.0,355,357,97.26027397260275,97.80821917808218,1991_2007
40857,Bushehr (Coastal),2000,33.0,41.0,27.0,23.0,348,358,95.34246575342465,98.08219178082192,1991_2007
40857,Bushehr (Coastal),2001,48.0,37.0,11.0,15.0,364,365,99.72602739726028,100.0,1991_2007
40857,Bushehr (Coastal),2002,40.0,28.0,5.0,20.0,335,335,91.78082191780823,91.78082191780823,1991_2007
40857,Bushehr (Coastal),2003,37.0,26.0,11.0,15.0,365,365,100.0,100.0,1991_2007
40857,Bushehr (Coastal),2004,49.0,25.0,19.0,48.0,365,365,100.0,100.0,1991_2007
40857,Bushehr (Coastal),2005,27.0,14.0,21.0,43.0,365,365,100.0,100.0,1991_2007
40857,Bushehr (Coastal),2006,41.0,43.0,17.0,29.0,364,365,99.72602739726028,100.0,1991_2007
40857,Bushehr (Coastal),2007,53.0,40.0,14.0,21.0,365,364,100.0,99.72602739726028,1991_2007
40857,Bushehr (Coastal),2008,32.0,41.0,34.0,27.0,365,365,100.0,100.0,1991_2007
40857,Bushehr (Coastal),2009,36.0,49.0,10.0,14.0,364,365,99.72602739726028,100.0,1991_2007
40857,Bushehr (Coastal),2010,107.0,86.0,2.0,2.0,365,365,100.0,100.0,1991_2007
40857,Bushehr (Coastal),2011,51.0,64.0,21.0,19.0,365,365,100.0,100.0,1991_2007
40857,Bushehr (Coastal),2012,83.0,62.0,13.0,18.0,365,365,100.0,100.0,1991_2007
40857,Bushehr (Coastal),2013,51.0,36.0,27.0,32.0,365,365,100.0,100.0,1991_2007
40857,Bushehr (Coastal),2014,107.0,52.0,6.0,21.0,357,360,97.80821917808218,98.63013698630137,1991_2007
40857,Bushehr (Coastal),2015,156.0,80.0,6.0,11.0,357,355,97.80821917808218,97.26027397260275,1991_2007
40857,Bushehr (Coastal),2016,108.0,59.0,4.0,15.0,359,361,98.35616438356163,98.9041095890411,1991_2007
40857,Bushehr (Coastal),2017,171.0,79.0,4.0,15.0,355,362,97.26027397260275,99.17808219178083,1991_2007
40857,Bushehr (Coastal),2018,142.0,85.0,5.0,10.0,362,352,99.17808219178083,96.43835616438356,1991_2007
40857,Bushehr (Coastal),2019,136.0,73.0,9.0,12.0,362,360,99.17808219178083,98.63013698630137,1991_2007
40857,Bushehr (Coastal),2020,145.0,70.0,4.0,9.0,363,362,99.45205479452055,99.17808219178083,1991_2007
40857,Bushehr (Coastal),2021,168.0,85.0,1.0,4.0,364,363,99.72602739726028,99.45205479452055,1991_2007
40857,Bushehr (Coastal),2022,144.0,84.0,9.0,13.0,362,365,99.17808219178083,100.0,1991_2007
40857,Bushehr (Coastal),2023,174.0,58.0,2.0,13.0,351,360,96.16438356164385,98.63013698630137,1991_2007
40857,Bushehr (Coastal),2024,136.0,100.0,7.0,6.0,348,356,95.34246575342465,97.53424657534246,1991_2007
40858,Bushehr (Airport),1991,16.0,21.0,55.0,40.0,365,357,100.0,97.80821917808218,1991_2007
40858,Bushehr (Airport),1992,22.0,7.0,84.0,82.0,362,353,99.17808219178083,96.7123287671233,1991_2007
40858,Bushehr (Airport),1993,32.0,18.0,37.0,41.0,362,360,99.17808219178083,98.63013698630137,1991_2007
40858,Bushehr (Airport),1994,34.0,16.0,28.0,39.0,358,359,98.08219178082192,98.35616438356163,1991_2007
40858,Bushehr (Airport),1995,17.0,18.0,26.0,29.0,363,360,99.45205479452055,98.63013698630137,1991_2007
40858,Bushehr (Airport),1996,34.0,24.0,17.0,18.0,360,362,98.63013698630137,99.17808219178083,1991_2007
40858,Bushehr (Airport),1997,29.0,12.0,54.0,45.0,358,361,98.08219178082192,98.9041095890411,1991_2007
40858,Bushehr (Airport),1998,64.0,41.0,16.0,11.0,359,359,98.35616438356163,98.35616438356163,1991_2007
40858,Bushehr (Airport),1999,45.0,44.0,6.0,15.0,360,360,98.63013698630137,98.63013698630137,1991_2007
40858,Bushehr (Airport),2000,48.0,24.0,18.0,32.0,356,363,97.53424657534246,99.45205479452055,1991_2007
40858,Bushehr (Airport),2001,42.0,28.0,7.0,23.0,365,365,100.0,100.0,1991_2007
40858,Bushehr (Airport),2002,40.0,25.0,10.0,22.0,365,365,100.0,100.0,1991_2007
40858,Bushehr (Airport),2003,21.0,56.0,20.0,7.0,365,365,100.0,100.0,1991_2007
40858,Bushehr (Airport),2004,23.0,55.0,41.0,33.0,365,365,100.0,100.0,1991_2007
40858,Bushehr (Airport),2005,15.0,32.0,49.0,29.0,364,364,99.72602739726028,99.72602739726028,1991_2007
40858,Bushehr (Airport),2006,29.0,52.0,23.0,20.0,365,365,100.0,100.0,1991_2007
40858,Bushehr (Airport),2007,23.0,49.0,14.0,14.0,364,364,99.72602739726028,99.72602739726028,1991_2007
40858,Bushehr (Airport),2008,25.0,47.0,46.0,28.0,365,365,100.0,100.0,1991_2007
40858,Bushehr (Airport),2009,27.0,72.0,19.0,21.0,365,365,100.0,100.0,1991_2007
40858,Bushehr (Airport),2010,51.0,87.0,7.0,10.0,363,362,99.45205479452055,99.17808219178083,1991_2007
40858,Bushehr (Airport),2011,24.0,62.0,38.0,17.0,365,365,100.0,100.0,1991_2007
40858,Bushehr (Airport),2012,33.0,65.0,21.0,21.0,365,365,100.0,100.0,1991_2007
40858,Bushehr (Airport),2013,31.0,57.0,60.0,29.0,365,365,100.0,100.0,1991_2007
40858,Bushehr (Airport),2014,28.0,77.0,26.0,14.0,362,363,99.17808219178083,99.45205479452055,1991_2007
40858,Bushehr (Airport),2015,50.0,110.0,27.0,14.0,365,364,100.0,99.72602739726028,1991_2007
40858,Bushehr (Airport),2016,30.0,86.0,26.0,13.0,365,364,100.0,99.72602739726028,1991_2007
40858,Bushehr (Airport),2017,41.0,108.0,21.0,19.0,365,365,100.0,100.0,1991_2007
40858,Bushehr (Airport),2018,35.0,102.0,13.0,9.0,365,365,100.0,100.0,1991_2007
40858,Bushehr (Airport),2019,38.0,81.0,18.0,9.0,364,365,99.72602739726028,100.0,1991_2007
40858,Bushehr (Airport),2020,38.0,85.0,9.0,16.0,365,364,100.0,99.72602739726028,1991_2007
40858,Bushehr (Airport),2021,42.0,93.0,12.0,1.0,364,365,99.72602739726028,100.0,1991_2007
40858,Bushehr (Airport),2022,45.0,94.0,18.0,7.0,365,365,100.0,100.0,1991_2007
40858,Bushehr (Airport),2023,34.0,91.0,14.0,14.0,364,365,99.72602739726028,100.0,1991_2007
40858,Bushehr (Airport),2024,36.0,103.0,17.0,4.0,365,365,100.0,100.0,1991_2007
40859,Fasa,1991,28.0,26.0,33.0,39.0,365,362,100.0,99.17808219178083,1991_2007
40859,Fasa,1992,1.0,16.0,101.0,98.0,365,361,100.0,98.9041095890411,1991_2007
40859,Fasa,1993,11.0,25.0,33.0,35.0,365,364,100.0,99.72602739726028,1991_2007
40859,Fasa,1994,28.0,19.0,43.0,46.0,365,365,100.0,100.0,1991_2007
40859,Fasa,1995,18.0,14.0,35.0,33.0,365,365,100.0,100.0,1991_2007
40859,Fasa,1996,20.0,26.0,39.0,39.0,364,363,99.72602739726028,99.45205479452055,1991_2007
40859,Fasa,1997,34.0,46.0,46.0,30.0,361,365,98.9041095890411,100.0,1991_2007
40859,Fasa,1998,63.0,37.0,16.0,27.0,365,365,100.0,100.0,1991_2007
40859,Fasa,1999,24.0,33.0,10.0,18.0,363,363,99.45205479452055,99.45205479452055,1991_2007
40859,Fasa,2000,42.0,40.0,30.0,23.0,365,364,100.0,99.72602739726028,1991_2007
40859,Fasa,2001,50.0,44.0,14.0,19.0,365,365,100.0,100.0,1991_2007
40859,Fasa,2002,39.0,33.0,11.0,20.0,365,365,100.0,100.0,1991_2007
40859,Fasa,2003,26.0,47.0,17.0,9.0,365,363,100.0,99.45205479452055,1991_2007
40859,Fasa,2004,34.0,44.0,24.0,11.0,365,365,100.0,100.0,1991_2007
40859,Fasa,2005,23.0,25.0,35.0,18.0,365,365,100.0,100.0,1991_2007
40859,Fasa,2006,39.0,40.0,41.0,26.0,365,365,100.0,100.0,1991_2007
40859,Fasa,2007,26.0,37.0,17.0,28.0,365,365,100.0,100.0,1991_2007
40859,Fasa,2008,63.0,52.0,25.0,34.0,365,365,100.0,100.0,1991_2007
40859,Fasa,2009,38.0,57.0,26.0,13.0,365,365,100.0,100.0,1991_2007
40859,Fasa,2010,98.0,83.0,13.0,16.0,365,365,100.0,100.0,1991_2007
40859,Fasa,2011,50.0,85.0,26.0,21.0,365,365,100.0,100.0,1991_2007
40859,Fasa,2012,28.0,78.0,18.0,14.0,365,365,100.0,100.0,1991_2007
40859,Fasa,2013,62.0,64.0,36.0,18.0,365,365,100.0,100.0,1991_2007
40859,Fasa,2014,41.0,79.0,32.0,9.0,364,365,99.72602739726028,100.0,1991_2007
40859,Fasa,2015,68.0,123.0,29.0,6.0,364,365,99.72602739726028,100.0,1991_2007
40859,Fasa,2016,68.0,101.0,21.0,11.0,365,364,100.0,99.72602739726028,1991_2007
40859,Fasa,2017,42.0,74.0,38.0,11.0,364,361,99.72602739726028,98.9041095890411,1991_2007
40859,Fasa,2018,62.0,107.0,25.0,8.0,364,365,99.72602739726028,100.0,1991_2007
40859,Fasa,2019,42.0,101.0,42.0,11.0,362,362,99.17808219178083,99.17808219178083,1991_2007
40859,Fasa,2020,26.0,61.0,38.0,17.0,363,363,99.45205479452055,99.45205479452055,1991_2007
40859,Fasa,2021,118.0,112.0,12.0,6.0,365,365,100.0,100.0,1991_2007
40859,Fasa,2022,74.0,127.0,27.0,4.0,365,362,100.0,99.17808219178083,1991_2007
40859,Fasa,2023,67.0,105.0,15.0,4.0,365,365,100.0,100.0,1991_2007
40859,Fasa,2024,88.0,147.0,23.0,14.0,365,365,100.0,100.0,1991_2007
40870,Khash,1991,29.0,27.0,41.0,37.0,365,361,100.0,98.9041095890411,1991_2007
40870,Khash,1992,10.0,25.0,64.0,62.0,363,362,99.45205479452055,99.17808219178083,1991_2007
40870,Khash,1993,21.0,19.0,32.0,48.0,360,362,98.63013698630137,99.17808219178083,1991_2007
40870,Khash,1994,30.0,29.0,43.0,43.0,361,363,98.9041095890411,99.45205479452055,1991_2007
40870,Khash,1995,21.0,29.0,53.0,39.0,359,363,98.35616438356163,99.45205479452055,1991_2007
40870,Khash,1996,18.0,7.0,62.0,70.0,361,363,98.9041095890411,99.45205479452055,1991_2007
40870,Khash,1997,36.0,28.0,69.0,39.0,359,362,98.35616438356163,99.17808219178083,1991_2007
40870,Khash,1998,52.0,25.0,20.0,22.0,359,362,98.35616438356163,99.17808219178083,1991_2007
40870,Khash,1999,36.0,34.0,17.0,30.0,362,365,99.17808219178083,100.0,1991_2007
40870,Khash,2000,53.0,35.0,28.0,33.0,365,363,100.0,99.45205479452055,1991_2007
40870,Khash,2001,60.0,43.0,13.0,24.0,365,365,100.0,100.0,1991_2007
40870,Khash,2002,38.0,53.0,13.0,23.0,365,365,100.0,100.0,1991_2007
40870,Khash,2003,21.0,46.0,24.0,20.0,365,365,100.0,100.0,1991_2007
40870,Khash,2004,42.0,50.0,16.0,18.0,365,365,100.0,100.0,1991_2007
40870,Khash,2005,17.0,44.0,26.0,21.0,365,365,100.0,100.0,1991_2007
40870,Khash,2006,42.0,62.0,22.0,22.0,365,365,100.0,100.0,1991_2007
40870,Khash,2007,29.0,35.0,29.0,20.0,365,365,100.0,100.0,1991_2007
40870,Khash,2008,87.0,34.0,41.0,32.0,365,365,100.0,100.0,1991_2007
40870,Khash,2009,70.0,49.0,24.0,17.0,365,365,100.0,100.0,1991_2007
40870,Khash,2010,70.0,38.0,12.0,23.0,365,365,100.0,100.0,1991_2007
40870,Khash,2011,51.0,51.0,16.0,18.0,365,365,100.0,100.0,1991_2007
40870,Khash,2012,17.0,37.0,24.0,28.0,363,365,99.45205479452055,100.0,1991_2007
40870,Khash,2013,74.0,52.0,32.0,16.0,365,365,100.0,100.0,1991_2007
40870,Khash,2014,42.0,43.0,26.0,31.0,363,363,99.45205479452055,99.45205479452055,1991_2007
40870,Khash,2015,63.0,53.0,23.0,22.0,365,365,100.0,100.0,1991_2007
40870,Khash,2016,87.0,69.0,11.0,9.0,365,365,100.0,100.0,1991_2007
40870,Khash,2017,59.0,43.0,22.0,23.0,365,365,100.0,100.0,1991_2007
40870,Khash,2018,64.0,58.0,19.0,13.0,365,365,100.0,100.0,1991_2007
40870,Khash,2019,40.0,69.0,40.0,13.0,362,362,99.17808219178083,99.17808219178083,1991_2007
40870,Khash,2020,34.0,50.0,45.0,25.0,365,362,100.0,99.17808219178083,1991_2007
40870,Khash,2021,91.0,58.0,12.0,20.0,365,364,100.0,99.72602739726028,1991_2007
40870,Khash,2022,61.0,65.0,22.0,3.0,365,364,100.0,99.72602739726028,1991_2007
40870,Khash,2023,75.0,87.0,16.0,6.0,365,365,100.0,100.0,1991_2007
40870,Khash,2024,103.0,115.0,22.0,19.0,365,365,100.0,100.0,1991_2007
40873,Lar,1991,58.0,29.0,35.0,62.0,365,359,100.0,98.35616438356163,1991_2007
40873,Lar,1992,35.0,11.0,72.0,95.0,364,352,99.72602739726028,96.43835616438356,1991_2007
40873,Lar,1993,10.0,11.0,33.0,33.0,365,358,100.0,98.08219178082192,1991_2007
40873,Lar,1994,17.0,42.0,50.0,33.0,362,364,99.17808219178083,99.72602739726028,1991_2007
40873,Lar,1995,8.0,14.0,55.0,38.0,362,364,99.17808219178083,99.72602739726028,1991_2007
40873,Lar,1996,14.0,17.0,49.0,67.0,362,363,99.17808219178083,99.45205479452055,1991_2007
40873,Lar,1997,34.0,31.0,55.0,27.0,365,362,100.0,99.17808219178083,1991_2007
40873,Lar,1998,52.0,41.0,19.0,16.0,365,364,100.0,99.72602739726028,1991_2007
40873,Lar,1999,29.0,39.0,15.0,23.0,365,363,100.0,99.45205479452055,1991_2007
40873,Lar,2000,41.0,33.0,29.0,26.0,365,363,100.0,99.45205479452055,1991_2007
40873,Lar,2001,41.0,38.0,9.0,23.0,365,365,100.0,100.0,1991_2007
40873,Lar,2002,34.0,49.0,11.0,11.0,365,365,100.0,100.0,1991_2007
40873,Lar,2003,26.0,42.0,22.0,17.0,365,365,100.0,100.0,1991_2007
40873,Lar,2004,37.0,38.0,15.0,16.0,365,364,100.0,99.72602739726028,1991_2007
40873,Lar,2005,26.0,18.0,27.0,30.0,365,365,100.0,100.0,1991_2007
40873,Lar,2006,50.0,41.0,33.0,26.0,364,365,99.72602739726028,100.0,1991_2007
40873,Lar,2007,16.0,46.0,12.0,15.0,364,365,99.72602739726028,100.0,1991_2007
40873,Lar,2008,52.0,41.0,34.0,25.0,364,365,99.72602739726028,100.0,1991_2007
40873,Lar,2009,47.0,53.0,22.0,12.0,365,365,100.0,100.0,1991_2007
40873,Lar,2010,81.0,62.0,9.0,29.0,365,365,100.0,100.0,1991_2007
40873,Lar,2011,49.0,70.0,26.0,19.0,365,365,100.0,100.0,1991_2007
40873,Lar,2012,30.0,66.0,23.0,17.0,365,363,100.0,99.45205479452055,1991_2007
40873,Lar,2013,55.0,46.0,43.0,21.0,365,365,100.0,100.0,1991_2007
40873,Lar,2014,46.0,68.0,26.0,14.0,364,364,99.72602739726028,99.72602739726028,1991_2007
40873,Lar,2015,80.0,90.0,19.0,19.0,365,364,100.0,99.72602739726028,1991_2007
40873,Lar,2016,83.0,47.0,8.0,18.0,364,363,99.72602739726028,99.45205479452055,1991_2007
40873,Lar,2017,57.0,42.0,21.0,25.0,364,363,99.72602739726028,99.45205479452055,1991_2007
40873,Lar,2018,81.0,71.0,17.0,12.0,365,364,100.0,99.72602739726028,1991_2007
40873,Lar,2019,62.0,56.0,40.0,31.0,365,365,100.0,100.0,1991_2007
40873,Lar,2020,36.0,50.0,24.0,33.0,365,364,100.0,99.72602739726028,1991_2007
40873,Lar,2021,126.0,95.0,12.0,7.0,365,365,100.0,100.0,1991_2007
40873,Lar,2022,77.0,72.0,27.0,13.0,365,365,100.0,100.0,1991_2007
40873,Lar,2023,86.0,100.0,12.0,8.0,365,365,100.0,100.0,1991_2007
40873,Lar,2024,104.0,121.0,17.0,13.0,365,365,100.0,100.0,1991_2007
40875,Bandarabbas,1991,16.0,12.0,73.0,44.0,365,364,100.0,99.72602739726028,1991_2007
40875,Bandarabbas,1992,17.0,9.0,101.0,83.0,364,362,99.72602739726028,99.17808219178083,1991_2007
40875,Bandarabbas,1993,21.0,21.0,36.0,46.0,364,364,99.72602739726028,99.72602739726028,1991_2007
40875,Bandarabbas,1994,18.0,29.0,14.0,34.0,364,364,99.72602739726028,99.72602739726028,1991_2007
40875,Bandarabbas,1995,18.0,20.0,38.0,34.0,364,364,99.72602739726028,99.72602739726028,1991_2007
40875,Bandarabbas,1996,18.0,42.0,39.0,37.0,363,363,99.45205479452055,99.45205479452055,1991_2007
40875,Bandarabbas,1997,11.0,23.0,79.0,22.0,363,364,99.45205479452055,99.72602739726028,1991_2007
40875,Bandarabbas,1998,82.0,46.0,17.0,17.0,363,364,99.45205479452055,99.72602739726028,1991_2007
40875,Bandarabbas,1999,63.0,38.0,14.0,24.0,364,365,99.72602739726028,100.0,1991_2007
40875,Bandarabbas,2000,38.0,18.0,9.0,33.0,363,364,99.45205479452055,99.72602739726028,1991_2007
40875,Bandarabbas,2001,47.0,34.0,16.0,25.0,365,365,100.0,100.0,1991_2007
40875,Bandarabbas,2002,31.0,45.0,13.0,11.0,365,365,100.0,100.0,1991_2007
40875,Bandarabbas,2003,35.0,31.0,17.0,23.0,365,365,100.0,100.0,1991_2007
40875,Bandarabbas,2004,49.0,42.0,21.0,27.0,365,365,100.0,100.0,1991_2007
40875,Bandarabbas,2005,38.0,15.0,26.0,18.0,365,365,100.0,100.0,1991_2007
40875,Bandarabbas,2006,38.0,50.0,28.0,33.0,365,365,100.0,100.0,1991_2007
40875,Bandarabbas,2007,33.0,57.0,9.0,32.0,365,365,100.0,100.0,1991_2007
40875,Bandarabbas,2008,34.0,17.0,49.0,44.0,365,364,100.0,99.72602739726028,1991_2007
40875,Bandarabbas,2009,37.0,39.0,16.0,12.0,365,365,100.0,100.0,1991_2007
40875,Bandarabbas,2010,82.0,53.0,8.0,48.0,365,365,100.0,100.0,1991_2007
40875,Bandarabbas,2011,38.0,65.0,30.0,26.0,365,365,100.0,100.0,1991_2007
40875,Bandarabbas,2012,46.0,45.0,19.0,30.0,365,365,100.0,100.0,1991_2007
40875,Bandarabbas,2013,25.0,28.0,48.0,22.0,365,365,100.0,100.0,1991_2007
40875,Bandarabbas,2014,24.0,42.0,36.0,33.0,365,365,100.0,100.0,1991_2007
40875,Bandarabbas,2015,66.0,69.0,19.0,29.0,365,365,100.0,100.0,1991_2007
40875,Bandarabbas,2016,61.0,46.0,20.0,40.0,365,365,100.0,100.0,1991_2007
40875,Bandarabbas,2017,84.0,50.0,10.0,31.0,365,365,100.0,100.0,1991_2007
40875,Bandarabbas,2018,54.0,39.0,5.0,23.0,365,365,100.0,100.0,1991_2007
40875,Bandarabbas,2019,47.0,58.0,34.0,35.0,365,365,100.0,100.0,1991_2007
40875,Bandarabbas,2020,61.0,57.0,5.0,65.0,365,365,100.0,100.0,1991_2007
40875,Bandarabbas,2021,95.0,61.0,2.0,33.0,365,365,100.0,100.0,1991_2007
40875,Bandarabbas,2022,73.0,53.0,14.0,20.0,365,365,100.0,100.0,1991_2007
40875,Bandarabbas,2023,61.0,76.0,10.0,8.0,364,365,99.72602739726028,100.0,1991_2007
40875,Bandarabbas,2024,75.0,114.0,14.0,11.0,362,364,99.17808219178083,99.72602739726028,1991_2007
40876,Minab,1991,21.0,23.0,88.0,57.0,365,363,100.0,99.45205479452055,1991_2007
40876,Minab,1992,14.0,13.0,91.0,85.0,365,363,100.0,99.45205479452055,1991_2007
40876,Minab,1993,18.0,25.0,32.0,55.0,365,365,100.0,100.0,1991_2007
40876,Minab,1994,21.0,42.0,24.0,31.0,361,364,98.9041095890411,99.72602739726028,1991_2007
40876,Minab,1995,21.0,37.0,40.0,27.0,363,363,99.45205479452055,99.45205479452055,1991_2007
40876,Minab,1996,19.0,25.0,37.0,39.0,363,364,99.45205479452055,99.72602739726028,1991_2007
40876,Minab,1997,11.0,12.0,60.0,19.0,363,365,99.45205479452055,100.0,1991_2007
40876,Minab,1998,75.0,21.0,17.0,29.0,365,365,100.0,100.0,1991_2007
40876,Minab,1999,44.0,30.0,34.0,38.0,365,364,100.0,99.72602739726028,1991_2007
40876,Minab,2000,41.0,15.0,14.0,41.0,365,365,100.0,100.0,1991_2007
40876,Minab,2001,54.0,47.0,9.0,29.0,365,365,100.0,100.0,1991_2007
40876,Minab,2002,36.0,46.0,10.0,16.0,365,365,100.0,100.0,1991_2007
40876,Minab,2003,31.0,44.0,13.0,15.0,365,365,100.0,100.0,1991_2007
40876,Minab,2004,49.0,47.0,21.0,15.0,365,365,100.0,100.0,1991_2007
40876,Minab,2005,33.0,21.0,23.0,19.0,365,365,100.0,100.0,1991_2007
40876,Minab,2006,44.0,31.0,20.0,25.0,365,365,100.0,100.0,1991_2007
40876,Minab,2007,37.0,63.0,10.0,29.0,365,365,100.0,100.0,1991_2007
40876,Minab,2008,39.0,35.0,44.0,31.0,365,365,100.0,100.0,1991_2007
40876,Minab,2009,42.0,56.0,14.0,9.0,365,365,100.0,100.0,1991_2007
40876,Minab,2010,79.0,29.0,7.0,62.0,365,365,100.0,100.0,1991_2007
40876,Minab,2011,46.0,26.0,14.0,33.0,365,365,100.0,100.0,1991_2007
40876,Minab,2012,69.0,33.0,20.0,32.0,365,365,100.0,100.0,1991_2007
40876,Minab,2013,25.0,42.0,24.0,17.0,365,365,100.0,100.0,1991_2007
40876,Minab,2014,37.0,54.0,24.0,31.0,362,364,99.17808219178083,99.72602739726028,1991_2007
40876,Minab,2015,68.0,90.0,17.0,16.0,354,365,96.98630136986301,100.0,1991_2007
40876,Minab,2016,77.0,52.0,17.0,31.0,365,365,100.0,100.0,1991_2007
40876,Minab,2017,110.0,47.0,9.0,40.0,364,365,99.72602739726028,100.0,1991_2007
40876,Minab,2018,88.0,82.0,2.0,12.0,365,365,100.0,100.0,1991_2007
40876,Minab,2019,57.0,59.0,27.0,22.0,365,364,100.0,99.72602739726028,1991_2007
40876,Minab,2020,81.0,68.0,6.0,49.0,365,365,100.0,100.0,1991_2007
40876,Minab,2021,126.0,96.0,2.0,12.0,364,365,99.72602739726028,100.0,1991_2007
40876,Minab,2022,82.0,68.0,8.0,21.0,365,364,100.0,99.72602739726028,1991_2007
40876,Minab,2023,75.0,90.0,9.0,1.0,365,365,100.0,100.0,1991_2007
40876,Minab,2024,93.0,119.0,9.0,5.0,364,365,99.72602739726028,100.0,1991_2007
40877,Kahnuj,1991,22.0,12.0,56.0,40.0,363,360,99.45205479452055,98.63013698630137,1991_2007
40877,Kahnuj,1992,41.0,1.0,36.0,59.0,364,362,99.72602739726028,99.17808219178083,1991_2007
40877,Kahnuj,1993,23.0,9.0,26.0,45.0,364,364,99.72602739726028,99.72602739726028,1991_2007
40877,Kahnuj,1994,33.0,23.0,31.0,43.0,364,365,99.72602739726028,100.0,1991_2007
40877,Kahnuj,1995,27.0,16.0,44.0,34.0,364,361,99.72602739726028,98.9041095890411,1991_2007
40877,Kahnuj,1996,8.0,19.0,57.0,59.0,365,364,100.0,99.72602739726028,1991_2007
40877,Kahnuj,1997,23.0,23.0,74.0,28.0,365,364,100.0,99.72602739726028,1991_2007
40877,Kahnuj,1998,48.0,37.0,14.0,12.0,364,363,99.72602739726028,99.45205479452055,1991_2007
40877,Kahnuj,1999,29.0,32.0,22.0,26.0,363,365,99.45205479452055,100.0,1991_2007
40877,Kahnuj,2000,33.0,29.0,26.0,27.0,364,362,99.72602739726028,99.17808219178083,1991_2007
40877,Kahnuj,2001,50.0,53.0,11.0,21.0,365,365,100.0,100.0,1991_2007
40877,Kahnuj,2002,30.0,43.0,14.0,15.0,365,365,100.0,100.0,1991_2007
40877,Kahnuj,2003,23.0,47.0,34.0,29.0,365,365,100.0,100.0,1991_2007
40877,Kahnuj,2004,35.0,61.0,16.0,11.0,365,365,100.0,100.0,1991_2007
40877,Kahnuj,2005,27.0,27.0,39.0,26.0,365,365,100.0,100.0,1991_2007
40877,Kahnuj,2006,41.0,51.0,35.0,26.0,365,365,100.0,100.0,1991_2007
40877,Kahnuj,2007,24.0,44.0,25.0,39.0,365,364,100.0,99.72602739726028,1991_2007
40877,Kahnuj,2008,48.0,37.0,47.0,36.0,365,365,100.0,100.0,1991_2007
40877,Kahnuj,2009,45.0,47.0,27.0,17.0,362,363,99.17808219178083,99.45205479452055,1991_2007
40877,Kahnuj,2010,51.0,51.0,20.0,40.0,364,365,99.72602739726028,100.0,1991_2007
40877,Kahnuj,2011,43.0,57.0,21.0,19.0,365,365,100.0,100.0,1991_2007
40877,Kahnuj,2012,23.0,52.0,23.0,27.0,365,365,100.0,100.0,1991_2007
40877,Kahnuj,2013,35.0,41.0,43.0,31.0,365,365,100.0,100.0,1991_2007
40877,Kahnuj,2014,21.0,33.0,53.0,44.0,363,365,99.45205479452055,100.0,1991_2007
40877,Kahnuj,2015,57.0,79.0,30.0,27.0,364,365,99.72602739726028,100.0,1991_2007
40877,Kahnuj,2016,52.0,54.0,24.0,25.0,361,359,98.9041095890411,98.35616438356163,1991_2007
40877,Kahnuj,2017,53.0,61.0,19.0,29.0,364,365,99.72602739726028,100.0,1991_2007
40877,Kahnuj,2018,71.0,69.0,18.0,15.0,364,364,99.72602739726028,99.72602739726028,1991_2007
40877,Kahnuj,2019,41.0,51.0,49.0,32.0,363,362,99.45205479452055,99.17808219178083,1991_2007
40877,Kahnuj,2020,26.0,46.0,30.0,54.0,362,363,99.17808219178083,99.45205479452055,1991_2007
40877,Kahnuj,2021,94.0,81.0,21.0,32.0,363,365,99.45205479452055,100.0,1991_2007
40877,Kahnuj,2022,77.0,68.0,22.0,20.0,365,363,100.0,99.45205479452055,1991_2007
40877,Kahnuj,2023,75.0,71.0,21.0,11.0,365,365,100.0,100.0,1991_2007
40877,Kahnuj,2024,95.0,100.0,30.0,17.0,365,365,100.0,100.0,1991_2007
40878,Saravan,1991,29.0,22.0,41.0,51.0,364,365,99.72602739726028,100.0,1991_2007
40878,Saravan,1992,8.0,23.0,67.0,48.0,365,363,100.0,99.45205479452055,1991_2007
40878,Saravan,1993,25.0,23.0,31.0,47.0,365,363,100.0,99.45205479452055,1991_2007
40878,Saravan,1994,27.0,35.0,46.0,37.0,364,365,99.72602739726028,100.0,1991_2007
40878,Saravan,1995,31.0,27.0,53.0,49.0,364,363,99.72602739726028,99.45205479452055,1991_2007
40878,Saravan,1996,20.0,12.0,56.0,51.0,364,363,99.72602739726028,99.45205479452055,1991_2007
40878,Saravan,1997,40.0,26.0,63.0,32.0,363,365,99.45205479452055,100.0,1991_2007
40878,Saravan,1998,40.0,39.0,16.0,13.0,363,364,99.45205479452055,99.72602739726028,1991_2007
40878,Saravan,1999,31.0,35.0,18.0,31.0,361,365,98.9041095890411,100.0,1991_2007
40878,Saravan,2000,54.0,30.0,26.0,41.0,364,363,99.72602739726028,99.45205479452055,1991_2007
40878,Saravan,2001,56.0,30.0,17.0,21.0,364,365,99.72602739726028,100.0,1991_2007
40878,Saravan,2002,32.0,39.0,14.0,19.0,365,365,100.0,100.0,1991_2007
40878,Saravan,2003,20.0,47.0,27.0,31.0,365,365,100.0,100.0,1991_2007
40878,Saravan,2004,44.0,44.0,15.0,20.0,365,365,100.0,100.0,1991_2007
40878,Saravan,2005,17.0,39.0,25.0,27.0,365,365,100.0,100.0,1991_2007
40878,Saravan,2006,44.0,61.0,30.0,26.0,362,365,99.17808219178083,100.0,1991_2007
40878,Saravan,2007,38.0,32.0,37.0,30.0,365,365,100.0,100.0,1991_2007
40878,Saravan,2008,95.0,32.0,42.0,24.0,365,365,100.0,100.0,1991_2007
40878,Saravan,2009,85.0,56.0,23.0,19.0,365,365,100.0,100.0,1991_2007
40878,Saravan,2010,62.0,35.0,21.0,31.0,365,365,100.0,100.0,1991_2007
40878,Saravan,2011,46.0,59.0,19.0,15.0,365,365,100.0,100.0,1991_2007
40878,Saravan,2012,27.0,32.0,30.0,38.0,365,365,100.0,100.0,1991_2007
40878,Saravan,2013,41.0,38.0,43.0,29.0,365,365,100.0,100.0,1991_2007
40878,Saravan,2014,32.0,32.0,40.0,33.0,364,365,99.72602739726028,100.0,1991_2007
40878,Saravan,2015,55.0,61.0,23.0,27.0,365,365,100.0,100.0,1991_2007
40878,Saravan,2016,59.0,49.0,14.0,15.0,365,365,100.0,100.0,1991_2007
40878,Saravan,2017,59.0,51.0,23.0,22.0,365,364,100.0,99.72602739726028,1991_2007
40878,Saravan,2018,57.0,48.0,18.0,18.0,365,365,100.0,100.0,1991_2007
40878,Saravan,2019,43.0,52.0,35.0,21.0,365,365,100.0,100.0,1991_2007
40878,Saravan,2020,37.0,42.0,37.0,22.0,363,365,99.45205479452055,100.0,1991_2007
40878,Saravan,2021,98.0,52.0,9.0,30.0,365,365,100.0,100.0,1991_2007
40878,Saravan,2022,79.0,32.0,23.0,18.0,363,365,99.45205479452055,100.0,1991_2007
40878,Saravan,2023,85.0,69.0,24.0,13.0,365,365,100.0,100.0,1991_2007
40878,Saravan,2024,98.0,86.0,28.0,15.0,365,365,100.0,100.0,1991_2007
40879,Iranshahr,1991,21.0,12.0,35.0,30.0,363,363,99.45205479452055,99.45205479452055,1991_2007
40879,Iranshahr,1992,5.0,17.0,79.0,62.0,365,362,100.0,99.17808219178083,1991_2007
40879,Iranshahr,1993,16.0,13.0,23.0,36.0,365,365,100.0,100.0,1991_2007
40879,Iranshahr,1994,12.0,20.0,54.0,47.0,364,364,99.72602739726028,99.72602739726028,1991_2007
40879,Iranshahr,1995,10.0,21.0,55.0,39.0,365,363,100.0,99.45205479452055,1991_2007
40879,Iranshahr,1996,15.0,12.0,58.0,70.0,364,363,99.72602739726028,99.45205479452055,1991_2007
40879,Iranshahr,1997,23.0,27.0,79.0,33.0,364,365,99.72602739726028,100.0,1991_2007
40879,Iranshahr,1998,49.0,44.0,20.0,11.0,363,364,99.45205479452055,99.72602739726028,1991_2007
40879,Iranshahr,1999,43.0,39.0,13.0,29.0,363,365,99.45205479452055,100.0,1991_2007
40879,Iranshahr,2000,58.0,28.0,13.0,36.0,364,365,99.72602739726028,100.0,1991_2007
40879,Iranshahr,2001,63.0,38.0,11.0,17.0,365,365,100.0,100.0,1991_2007
40879,Iranshahr,2002,40.0,53.0,8.0,26.0,364,365,99.72602739726028,100.0,1991_2007
40879,Iranshahr,2003,28.0,43.0,27.0,36.0,363,365,99.45205479452055,100.0,1991_2007
40879,Iranshahr,2004,43.0,59.0,7.0,12.0,363,365,99.45205479452055,100.0,1991_2007
40879,Iranshahr,2005,25.0,28.0,23.0,18.0,365,364,100.0,99.72602739726028,1991_2007
40879,Iranshahr,2006,55.0,50.0,32.0,24.0,363,364,99.45205479452055,99.72602739726028,1991_2007
40879,Iranshahr,2007,34.0,30.0,29.0,34.0,364,364,99.72602739726028,99.72602739726028,1991_2007
40879,Iranshahr,2008,52.0,33.0,43.0,33.0,364,365,99.72602739726028,100.0,1991_2007
40879,Iranshahr,2009,57.0,43.0,21.0,20.0,362,365,99.17808219178083,100.0,1991_2007
40879,Iranshahr,2010,69.0,40.0,13.0,41.0,363,365,99.45205479452055,100.0,1991_2007
40879,Iranshahr,2011,64.0,50.0,12.0,21.0,365,365,100.0,100.0,1991_2007
40879,Iranshahr,2012,30.0,34.0,23.0,35.0,363,365,99.45205479452055,100.0,1991_2007
40879,Iranshahr,2013,47.0,41.0,41.0,38.0,364,365,99.72602739726028,100.0,1991_2007
40879,Iranshahr,2014,22.0,49.0,27.0,33.0,361,364,98.9041095890411,99.72602739726028,1991_2007
40879,Iranshahr,2015,53.0,52.0,23.0,34.0,364,365,99.72602739726028,100.0,1991_2007
40879,Iranshahr,2016,58.0,60.0,15.0,19.0,365,364,100.0,99.72602739726028,1991_2007
40879,Iranshahr,2017,54.0,43.0,23.0,36.0,364,365,99.72602739726028,100.0,1991_2007
40879,Iranshahr,2018,66.0,55.0,16.0,21.0,365,365,100.0,100.0,1991_2007
40879,Iranshahr,2019,44.0,65.0,43.0,22.0,365,365,100.0,100.0,1991_2007
40879,Iranshahr,2020,38.0,48.0,39.0,52.0,365,364,100.0,99.72602739726028,1991_2007
40879,Iranshahr,2021,111.0,54.0,11.0,36.0,365,364,100.0,99.72602739726028,1991_2007
40879,Iranshahr,2022,71.0,45.0,30.0,19.0,365,365,100.0,100.0,1991_2007
40879,Iranshahr,2023,75.0,79.0,18.0,19.0,365,365,100.0,100.0,1991_2007
40879,Iranshahr,2024,104.0,114.0,32.0,23.0,365,365,100.0,100.0,1991_2007
40882,Kish Island,1991,14.0,7.0,71.0,122.0,365,363,100.0,99.45205479452055,1991_2007
40882,Kish Island,1992,17.0,3.0,103.0,133.0,364,364,99.72602739726028,99.72602739726028,1991_2007
40882,Kish Island,1993,27.0,7.0,26.0,50.0,363,365,99.45205479452055,100.0,1991_2007
40882,Kish Island,1994,15.0,8.0,24.0,41.0,364,364,99.72602739726028,99.72602739726028,1991_2007
40882,Kish Island,1995,18.0,6.0,38.0,39.0,362,365,99.17808219178083,100.0,1991_2007
40882,Kish Island,1996,23.0,21.0,20.0,37.0,364,364,99.72602739726028,99.72602739726028,1991_2007
40882,Kish Island,1997,13.0,24.0,72.0,19.0,364,362,99.72602739726028,99.17808219178083,1991_2007
40882,Kish Island,1998,95.0,37.0,19.0,29.0,364,365,99.72602739726028,100.0,1991_2007
40882,Kish Island,1999,52.0,59.0,3.0,2.0,362,363,99.17808219178083,99.45205479452055,1991_2007
40882,Kish Island,2000,43.0,41.0,25.0,6.0,363,362,99.45205479452055,99.17808219178083,1991_2007
40882,Kish Island,2001,40.0,57.0,12.0,3.0,364,364,99.72602739726028,99.72602739726028,1991_2007
40882,Kish Island,2002,24.0,42.0,14.0,1.0,365,364,100.0,99.72602739726028,1991_2007
40882,Kish Island,2003,23.0,58.0,12.0,4.0,363,364,99.45205479452055,99.72602739726028,1991_2007
40882,Kish Island,2004,43.0,28.0,21.0,7.0,365,364,100.0,99.72602739726028,1991_2007
40882,Kish Island,2005,33.0,27.0,13.0,3.0,364,364,99.72602739726028,99.72602739726028,1991_2007
40882,Kish Island,2006,48.0,39.0,30.0,11.0,365,364,100.0,99.72602739726028,1991_2007
40882,Kish Island,2007,33.0,55.0,6.0,2.0,364,363,99.72602739726028,99.45205479452055,1991_2007
40882,Kish Island,2008,34.0,27.0,41.0,15.0,362,365,99.17808219178083,100.0,1991_2007
40882,Kish Island,2009,38.0,25.0,17.0,12.0,362,363,99.17808219178083,99.45205479452055,1991_2007
40882,Kish Island,2010,70.0,49.0,2.0,2.0,364,365,99.72602739726028,100.0,1991_2007
40882,Kish Island,2011,33.0,57.0,22.0,6.0,364,363,99.72602739726028,99.45205479452055,1991_2007
40882,Kish Island,2012,53.0,32.0,18.0,6.0,362,365,99.17808219178083,100.0,1991_2007
40882,Kish Island,2013,35.0,28.0,29.0,14.0,364,364,99.72602739726028,99.72602739726028,1991_2007
40882,Kish Island,2014,29.0,41.0,28.0,2.0,365,365,100.0,100.0,1991_2007
40882,Kish Island,2015,62.0,70.0,9.0,5.0,365,365,100.0,100.0,1991_2007
40882,Kish Island,2016,65.0,62.0,19.0,4.0,365,365,100.0,100.0,1991_2007
40882,Kish Island,2017,77.0,95.0,12.0,6.0,365,365,100.0,100.0,1991_2007
40882,Kish Island,2018,54.0,71.0,4.0,3.0,365,365,100.0,100.0,1991_2007
40882,Kish Island,2019,38.0,103.0,27.0,8.0,364,365,99.72602739726028,100.0,1991_2007
40882,Kish Island,2020,60.0,74.0,10.0,3.0,364,364,99.72602739726028,99.72602739726028,1991_2007
40882,Kish Island,2021,80.0,93.0,1.0,1.0,365,365,100.0,100.0,1991_2007
40882,Kish Island,2022,72.0,39.0,22.0,32.0,365,365,100.0,100.0,1991_2007
40882,Kish Island,2023,73.0,87.0,14.0,7.0,365,365,100.0,100.0,1991_2007
40882,Kish Island,2024,79.0,134.0,9.0,2.0,365,365,100.0,100.0,1991_2007
40883,Bandar-E-Lengeh,1991,11.0,23.0,112.0,75.0,365,362,100.0,99.17808219178083,1991_2007
40883,Bandar-E-Lengeh,1992,15.0,11.0,125.0,122.0,365,362,100.0,99.17808219178083,1991_2007
40883,Bandar-E-Lengeh,1993,21.0,15.0,32.0,52.0,361,363,98.9041095890411,99.45205479452055,1991_2007
40883,Bandar-E-Lengeh,1994,20.0,14.0,39.0,38.0,365,364,100.0,99.72602739726028,1991_2007
40883,Bandar-E-Lengeh,1995,18.0,10.0,55.0,56.0,365,365,100.0,100.0,1991_2007
40883,Bandar-E-Lengeh,1996,17.0,21.0,32.0,30.0,359,362,98.35616438356163,99.17808219178083,1991_2007
40883,Bandar-E-Lengeh,1997,12.0,10.0,54.0,36.0,365,364,100.0,99.72602739726028,1991_2007
40883,Bandar-E-Lengeh,1998,70.0,54.0,18.0,22.0,365,364,100.0,99.72602739726028,1991_2007
40883,Bandar-E-Lengeh,1999,53.0,49.0,6.0,6.0,365,365,100.0,100.0,1991_2007
40883,Bandar-E-Lengeh,2000,44.0,35.0,19.0,24.0,365,363,100.0,99.45205479452055,1991_2007
40883,Bandar-E-Lengeh,2001,35.0,30.0,8.0,13.0,365,365,100.0,100.0,1991_2007
40883,Bandar-E-Lengeh,2002,34.0,35.0,2.0,14.0,365,365,100.0,100.0,1991_2007
40883,Bandar-E-Lengeh,2003,40.0,45.0,4.0,12.0,365,364,100.0,99.72602739726028,1991_2007
40883,Bandar-E-Lengeh,2004,61.0,48.0,11.0,10.0,365,365,100.0,100.0,1991_2007
40883,Bandar-E-Lengeh,2005,30.0,50.0,8.0,6.0,365,364,100.0,99.72602739726028,1991_2007
40883,Bandar-E-Lengeh,2006,46.0,44.0,25.0,17.0,365,365,100.0,100.0,1991_2007
40883,Bandar-E-Lengeh,2007,25.0,59.0,5.0,8.0,365,365,100.0,100.0,1991_2007
40883,Bandar-E-Lengeh,2008,18.0,31.0,45.0,24.0,365,365,100.0,100.0,1991_2007
40883,Bandar-E-Lengeh,2009,38.0,38.0,15.0,9.0,365,365,100.0,100.0,1991_2007
40883,Bandar-E-Lengeh,2010,58.0,59.0,1.0,9.0,365,365,100.0,100.0,1991_2007
40883,Bandar-E-Lengeh,2011,29.0,48.0,10.0,12.0,365,365,100.0,100.0,1991_2007
40883,Bandar-E-Lengeh,2012,65.0,24.0,8.0,19.0,365,365,100.0,100.0,1991_2007
40883,Bandar-E-Lengeh,2013,37.0,20.0,18.0,25.0,365,365,100.0,100.0,1991_2007
40883,Bandar-E-Lengeh,2014,38.0,24.0,22.0,23.0,365,365,100.0,100.0,1991_2007
40883,Bandar-E-Lengeh,2015,79.0,49.0,7.0,12.0,364,365,99.72602739726028,100.0,1991_2007
40883,Bandar-E-Lengeh,2016,54.0,48.0,11.0,11.0,365,365,100.0,100.0,1991_2007
40883,Bandar-E-Lengeh,2017,79.0,24.0,11.0,19.0,365,365,100.0,100.0,1991_2007
40883,Bandar-E-Lengeh,2018,68.0,23.0,4.0,15.0,365,365,100.0,100.0,1991_2007
40883,Bandar-E-Lengeh,2019,91.0,44.0,17.0,41.0,365,365,100.0,100.0,1991_2007
40883,Bandar-E-Lengeh,2020,50.0,35.0,5.0,26.0,365,365,100.0,100.0,1991_2007
40883,Bandar-E-Lengeh,2021,91.0,35.0,1.0,8.0,365,364,100.0,99.72602739726028,1991_2007
40883,Bandar-E-Lengeh,2022,56.0,35.0,7.0,15.0,364,365,99.72602739726028,100.0,1991_2007
40883,Bandar-E-Lengeh,2023,75.0,68.0,8.0,11.0,364,365,99.72602739726028,100.0,1991_2007
40883,Bandar-E-Lengeh,2024,99.0,66.0,8.0,2.0,361,365,98.9041095890411,100.0,1991_2007
40889,Siri Island,1991,16.0,18.0,103.0,82.0,360,363,98.63013698630137,99.45205479452055,1991_2007
40889,Siri Island,1992,32.0,1.0,88.0,126.0,302,297,82.73972602739727,81.36986301369863,1991_2007
40889,Siri Island,1993,38.0,6.0,34.0,48.0,365,362,100.0,99.17808219178083,1991_2007
40889,Siri Island,1994,31.0,22.0,31.0,25.0,363,362,99.45205479452055,99.17808219178083,1991_2007
40889,Siri Island,1995,20.0,8.0,29.0,31.0,360,363,98.63013698630137,99.45205479452055,1991_2007
40889,Siri Island,1996,26.0,37.0,16.0,19.0,358,359,98.08219178082192,98.35616438356163,1991_2007
40889,Siri Island,1997,16.0,7.0,58.0,52.0,365,360,100.0,98.63013698630137,1991_2007
40889,Siri Island,1998,85.0,59.0,12.0,19.0,365,362,100.0,99.17808219178083,1991_2007
40889,Siri Island,1999,43.0,40.0,8.0,7.0,365,360,100.0,98.63013698630137,1991_2007
40889,Siri Island,2000,44.0,43.0,25.0,10.0,365,363,100.0,99.45205479452055,1991_2007
40889,Siri Island,2001,32.0,36.0,17.0,12.0,365,365,100.0,100.0,1991_2007
40889,Siri Island,2002,34.0,35.0,9.0,15.0,365,365,100.0,100.0,1991_2007
40889,Siri Island,2003,27.0,48.0,18.0,8.0,365,365,100.0,100.0,1991_2007
40889,Siri Island,2004,27.0,35.0,24.0,14.0,365,365,100.0,100.0,1991_2007
40889,Siri Island,2005,22.0,24.0,22.0,11.0,365,365,100.0,100.0,1991_2007
40889,Siri Island,2006,30.0,33.0,31.0,19.0,365,365,100.0,100.0,1991_2007
40889,Siri Island,2007,13.0,41.0,13.0,12.0,364,365,99.72602739726028,100.0,1991_2007
40889,Siri Island,2008,21.0,25.0,46.0,41.0,365,365,100.0,100.0,1991_2007
40889,Siri Island,2009,46.0,17.0,11.0,28.0,365,365,100.0,100.0,1991_2007
40889,Siri Island,2010,86.0,70.0,3.0,8.0,365,365,100.0,100.0,1991_2007
40889,Siri Island,2011,59.0,52.0,11.0,26.0,365,365,100.0,100.0,1991_2007
40889,Siri Island,2012,54.0,32.0,20.0,45.0,365,365,100.0,100.0,1991_2007
40889,Siri Island,2013,41.0,30.0,37.0,27.0,365,365,100.0,100.0,1991_2007
40889,Siri Island,2014,41.0,29.0,21.0,32.0,363,362,99.45205479452055,99.17808219178083,1991_2007
40889,Siri Island,2015,77.0,40.0,13.0,19.0,365,365,100.0,100.0,1991_2007
40889,Siri Island,2016,67.0,55.0,8.0,8.0,365,365,100.0,100.0,1991_2007
40889,Siri Island,2017,92.0,64.0,10.0,16.0,364,365,99.72602739726028,100.0,1991_2007
40889,Siri Island,2018,63.0,59.0,10.0,4.0,365,365,100.0,100.0,1991_2007
40889,Siri Island,2019,58.0,52.0,21.0,15.0,363,365,99.45205479452055,100.0,1991_2007
40889,Siri Island,2020,56.0,71.0,9.0,28.0,364,365,99.72602739726028,100.0,1991_2007
40889,Siri Island,2021,117.0,98.0,1.0,3.0,365,365,100.0,100.0,1991_2007
40889,Siri Island,2022,85.0,53.0,9.0,13.0,365,365,100.0,100.0,1991_2007
40889,Siri Island,2023,92.0,57.0,4.0,12.0,364,365,99.72602739726028,100.0,1991_2007
40889,Siri Island,2024,114.0,117.0,8.0,8.0,360,365,98.63013698630137,100.0,1991_2007
40890,Abumusa Island,1991,21.0,4.0,77.0,103.0,363,360,99.45205479452055,98.63013698630137,1991_2007
40890,Abumusa Island,1992,18.0,2.0,85.0,135.0,364,361,99.72602739726028,98.9041095890411,1991_2007
40890,Abumusa Island,1993,27.0,12.0,43.0,34.0,359,361,98.35616438356163,98.9041095890411,1991_2007
40890,Abumusa Island,1994,16.0,20.0,43.0,21.0,364,360,99.72602739726028,98.63013698630137,1991_2007
40890,Abumusa Island,1995,18.0,16.0,59.0,21.0,365,360,100.0,98.63013698630137,1991_2007
40890,Abumusa Island,1996,21.0,42.0,25.0,18.0,363,360,99.45205479452055,98.63013698630137,1991_2007
40890,Abumusa Island,1997,11.0,22.0,64.0,33.0,365,357,100.0,97.80821917808218,1991_2007
40890,Abumusa Island,1998,86.0,63.0,17.0,13.0,365,362,100.0,99.17808219178083,1991_2007
40890,Abumusa Island,1999,55.0,56.0,0.0,12.0,365,361,100.0,98.9041095890411,1991_2007
40890,Abumusa Island,2000,21.0,22.0,23.0,16.0,365,362,100.0,99.17808219178083,1991_2007
40890,Abumusa Island,2001,45.0,41.0,4.0,21.0,365,365,100.0,100.0,1991_2007
40890,Abumusa Island,2002,34.0,39.0,8.0,13.0,365,365,100.0,100.0,1991_2007
40890,Abumusa Island,2003,29.0,44.0,13.0,16.0,365,365,100.0,100.0,1991_2007
40890,Abumusa Island,2004,30.0,38.0,12.0,21.0,365,365,100.0,100.0,1991_2007
40890,Abumusa Island,2005,26.0,23.0,19.0,17.0,365,365,100.0,100.0,1991_2007
40890,Abumusa Island,2006,40.0,29.0,24.0,25.0,365,365,100.0,100.0,1991_2007
40890,Abumusa Island,2007,29.0,42.0,6.0,22.0,365,365,100.0,100.0,1991_2007
40890,Abumusa Island,2008,19.0,24.0,44.0,29.0,365,365,100.0,100.0,1991_2007
40890,Abumusa Island,2009,23.0,25.0,12.0,23.0,365,365,100.0,100.0,1991_2007
40890,Abumusa Island,2010,102.0,61.0,0.0,20.0,365,365,100.0,100.0,1991_2007
40890,Abumusa Island,2011,63.0,31.0,9.0,24.0,365,365,100.0,100.0,1991_2007
40890,Abumusa Island,2012,77.0,19.0,19.0,61.0,365,365,100.0,100.0,1991_2007
40890,Abumusa Island,2013,42.0,28.0,25.0,33.0,365,365,100.0,100.0,1991_2007
40890,Abumusa Island,2014,31.0,21.0,19.0,52.0,365,364,100.0,99.72602739726028,1991_2007
40890,Abumusa Island,2015,70.0,70.0,7.0,13.0,365,365,100.0,100.0,1991_2007
40890,Abumusa Island,2016,85.0,22.0,13.0,35.0,365,365,100.0,100.0,1991_2007
40890,Abumusa Island,2017,101.0,27.0,7.0,53.0,365,365,100.0,100.0,1991_2007
40890,Abumusa Island,2018,115.0,37.0,3.0,27.0,365,365,100.0,100.0,1991_2007
40890,Abumusa Island,2019,104.0,26.0,9.0,32.0,359,361,98.35616438356163,98.9041095890411,1991_2007
40890,Abumusa Island,2020,142.0,52.0,6.0,31.0,365,365,100.0,100.0,1991_2007
40890,Abumusa Island,2021,207.0,107.0,0.0,6.0,365,365,100.0,100.0,1991_2007
40890,Abumusa Island,2022,187.0,75.0,2.0,24.0,364,365,99.72602739726028,100.0,1991_2007
40890,Abumusa Island,2023,202.0,65.0,5.0,13.0,364,365,99.72602739726028,100.0,1991_2007
40890,Abumusa Island,2024,212.0,90.0,2.0,12.0,363,365,99.45205479452055,100.0,1991_2007
40893,Jask,1991,14.0,13.0,119.0,84.0,363,351,99.45205479452055,96.16438356164385,1991_2007
40893,Jask,1992,14.0,6.0,97.0,74.0,364,355,99.72602739726028,97.26027397260275,1991_2007
40893,Jask,1993,36.0,31.0,21.0,29.0,365,359,100.0,98.35616438356163,1991_2007
40893,Jask,1994,40.0,26.0,17.0,34.0,364,363,99.72602739726028,99.45205479452055,1991_2007
40893,Jask,1995,41.0,14.0,32.0,30.0,364,354,99.72602739726028,96.98630136986301,1991_2007
40893,Jask,1996,20.0,26.0,43.0,54.0,361,359,98.9041095890411,98.35616438356163,1991_2007
40893,Jask,1997,9.0,20.0,45.0,35.0,365,358,100.0,98.08219178082192,1991_2007
40893,Jask,1998,62.0,51.0,18.0,22.0,365,361,100.0,98.9041095890411,1991_2007
40893,Jask,1999,48.0,40.0,25.0,29.0,365,358,100.0,98.08219178082192,1991_2007
40893,Jask,2000,39.0,32.0,22.0,26.0,365,354,100.0,96.98630136986301,1991_2007
40893,Jask,2001,22.0,41.0,9.0,28.0,365,365,100.0,100.0,1991_2007
40893,Jask,2002,36.0,35.0,10.0,13.0,365,365,100.0,100.0,1991_2007
40893,Jask,2003,30.0,38.0,18.0,14.0,365,365,100.0,100.0,1991_2007
40893,Jask,2004,42.0,28.0,15.0,24.0,365,365,100.0,100.0,1991_2007
40893,Jask,2005,28.0,29.0,18.0,17.0,365,365,100.0,100.0,1991_2007
40893,Jask,2006,33.0,50.0,23.0,26.0,365,365,100.0,100.0,1991_2007
40893,Jask,2007,28.0,38.0,11.0,14.0,365,365,100.0,100.0,1991_2007
40893,Jask,2008,34.0,23.0,43.0,36.0,365,365,100.0,100.0,1991_2007
40893,Jask,2009,46.0,53.0,16.0,13.0,365,365,100.0,100.0,1991_2007
40893,Jask,2010,51.0,41.0,8.0,5.0,365,365,100.0,100.0,1991_2007
40893,Jask,2011,29.0,41.0,16.0,16.0,365,365,100.0,100.0,1991_2007
40893,Jask,2012,33.0,36.0,30.0,23.0,365,365,100.0,100.0,1991_2007
40893,Jask,2013,25.0,24.0,29.0,36.0,365,365,100.0,100.0,1991_2007
40893,Jask,2014,16.0,25.0,28.0,28.0,363,362,99.45205479452055,99.17808219178083,1991_2007
40893,Jask,2015,74.0,77.0,11.0,22.0,364,364,99.72602739726028,99.72602739726028,1991_2007
40893,Jask,2016,41.0,54.0,12.0,9.0,365,365,100.0,100.0,1991_2007
40893,Jask,2017,51.0,48.0,16.0,11.0,365,364,100.0,99.72602739726028,1991_2007
40893,Jask,2018,32.0,51.0,3.0,10.0,364,365,99.72602739726028,100.0,1991_2007
40893,Jask,2019,19.0,53.0,19.0,25.0,365,365,100.0,100.0,1991_2007
40893,Jask,2020,34.0,43.0,4.0,27.0,365,365,100.0,100.0,1991_2007
40893,Jask,2021,58.0,78.0,18.0,11.0,364,365,99.72602739726028,100.0,1991_2007
40893,Jask,2022,41.0,42.0,19.0,14.0,365,365,100.0,100.0,1991_2007
40893,Jask,2023,25.0,65.0,17.0,7.0,363,361,99.45205479452055,98.9041095890411,1991_2007
40893,Jask,2024,54.0,102.0,10.0,12.0,362,364,99.17808219178083,99.72602739726028,1991_2007
40898,Chahbahar,1991,11.0,15.0,95.0,67.0,365,363,100.0,99.45205479452055,1991_2007
40898,Chahbahar,1992,16.0,4.0,100.0,77.0,363,364,99.45205479452055,99.72602739726028,1991_2007
40898,Chahbahar,1993,58.0,30.0,14.0,26.0,364,365,99.72602739726028,100.0,1991_2007
40898,Chahbahar,1994,27.0,46.0,16.0,29.0,365,365,100.0,100.0,1991_2007
40898,Chahbahar,1995,28.0,21.0,27.0,27.0,362,364,99.17808219178083,99.72602739726028,1991_2007
40898,Chahbahar,1996,20.0,19.0,63.0,56.0,363,364,99.45205479452055,99.72602739726028,1991_2007
40898,Chahbahar,1997,13.0,27.0,73.0,21.0,363,363,99.45205479452055,99.45205479452055,1991_2007
40898,Chahbahar,1998,51.0,33.0,8.0,17.0,363,363,99.45205479452055,99.45205479452055,1991_2007
40898,Chahbahar,1999,29.0,13.0,12.0,28.0,365,365,100.0,100.0,1991_2007
40898,Chahbahar,2000,68.0,31.0,3.0,31.0,365,365,100.0,100.0,1991_2007
40898,Chahbahar,2001,34.0,27.0,12.0,17.0,365,365,100.0,100.0,1991_2007
40898,Chahbahar,2002,40.0,22.0,22.0,32.0,365,365,100.0,100.0,1991_2007
40898,Chahbahar,2003,35.0,33.0,10.0,16.0,365,365,100.0,100.0,1991_2007
40898,Chahbahar,2004,38.0,29.0,16.0,25.0,365,365,100.0,100.0,1991_2007
40898,Chahbahar,2005,26.0,36.0,21.0,13.0,365,365,100.0,100.0,1991_2007
40898,Chahbahar,2006,20.0,71.0,28.0,13.0,365,365,100.0,100.0,1991_2007
40898,Chahbahar,2007,57.0,89.0,12.0,18.0,365,365,100.0,100.0,1991_2007
40898,Chahbahar,2008,43.0,57.0,19.0,25.0,365,365,100.0,100.0,1991_2007
40898,Chahbahar,2009,78.0,87.0,8.0,7.0,365,365,100.0,100.0,1991_2007
40898,Chahbahar,2010,43.0,54.0,11.0,9.0,365,365,100.0,100.0,1991_2007
40898,Chahbahar,2011,18.0,39.0,30.0,6.0,365,365,100.0,100.0,1991_2007
40898,Chahbahar,2012,25.0,60.0,51.0,23.0,365,365,100.0,100.0,1991_2007
40898,Chahbahar,2013,15.0,52.0,50.0,10.0,365,365,100.0,100.0,1991_2007
40898,Chahbahar,2014,33.0,60.0,29.0,11.0,359,363,98.35616438356163,99.45205479452055,1991_2007
40898,Chahbahar,2015,56.0,127.0,14.0,13.0,365,364,100.0,99.72602739726028,1991_2007
40898,Chahbahar,2016,35.0,86.0,27.0,2.0,365,365,100.0,100.0,1991_2007
40898,Chahbahar,2017,42.0,81.0,23.0,7.0,364,364,99.72602739726028,99.72602739726028,1991_2007
40898,Chahbahar,2018,41.0,119.0,18.0,7.0,365,365,100.0,100.0,1991_2007
40898,Chahbahar,2019,70.0,114.0,22.0,3.0,364,365,99.72602739726028,100.0,1991_2007
40898,Chahbahar,2020,101.0,88.0,12.0,26.0,364,365,99.72602739726028,100.0,1991_2007
40898,Chahbahar,2021,111.0,102.0,6.0,7.0,359,364,98.35616438356163,99.72602739726028,1991_2007
40898,Chahbahar,2022,92.0,78.0,6.0,4.0,361,365,98.9041095890411,100.0,1991_2007
40898,Chahbahar,2023,84.0,130.0,5.0,10.0,365,365,100.0,100.0,1991_2007
40898,Chahbahar,2024,114.0,186.0,6.0,6.0,364,365,99.72602739726028,100.0,1991_2007
88187,Jam,1991,,,,,0,0,0.0,0.0,1991_2007
88187,Jam,1992,4.0,21.0,78.0,65.0,337,333,92.32876712328768,91.23287671232877,1991_2007
88187,Jam,1993,16.0,34.0,37.0,35.0,364,358,99.72602739726028,98.08219178082192,1991_2007
88187,Jam,1994,17.0,37.0,31.0,16.0,333,332,91.23287671232877,90.95890410958904,1991_2007
88187,Jam,1995,11.0,12.0,47.0,31.0,349,349,95.61643835616438,95.61643835616438,1991_2007
88187,Jam,1996,19.0,27.0,44.0,27.0,362,360,99.17808219178083,98.63013698630137,1991_2007
88187,Jam,1997,37.0,42.0,59.0,36.0,360,361,98.63013698630137,98.9041095890411,1991_2007
88187,Jam,1998,73.0,39.0,22.0,26.0,361,365,98.9041095890411,100.0,1991_2007
88187,Jam,1999,52.0,54.0,18.0,20.0,365,363,100.0,99.45205479452055,1991_2007
88187,Jam,2000,52.0,36.0,33.0,31.0,365,364,100.0,99.72602739726028,1991_2007
88187,Jam,2001,52.0,32.0,13.0,33.0,365,365,100.0,100.0,1991_2007
88187,Jam,2002,35.0,29.0,11.0,28.0,335,335,91.78082191780823,91.78082191780823,1991_2007
88187,Jam,2003,32.0,39.0,27.0,24.0,365,365,100.0,100.0,1991_2007
88187,Jam,2004,40.0,38.0,26.0,33.0,365,365,100.0,100.0,1991_2007
88187,Jam,2005,30.0,28.0,27.0,26.0,365,363,100.0,99.45205479452055,1991_2007
88187,Jam,2006,38.0,28.0,33.0,45.0,365,365,100.0,100.0,1991_2007
88187,Jam,2007,22.0,24.0,28.0,37.0,365,365,100.0,100.0,1991_2007
88187,Jam,2008,51.0,36.0,34.0,38.0,365,365,100.0,100.0,1991_2007
88187,Jam,2009,56.0,42.0,31.0,28.0,365,365,100.0,100.0,1991_2007
88187,Jam,2010,85.0,51.0,12.0,21.0,365,365,100.0,100.0,1991_2007
88187,Jam,2011,52.0,59.0,28.0,31.0,365,365,100.0,100.0,1991_2007
88187,Jam,2012,51.0,38.0,13.0,20.0,319,318,87.3972602739726,87.12328767123287,1991_2007
88187,Jam,2013,53.0,35.0,41.0,48.0,365,364,100.0,99.72602739726028,1991_2007
88187,Jam,2014,62.0,53.0,23.0,23.0,360,360,98.63013698630137,98.63013698630137,1991_2007
88187,Jam,2015,82.0,117.0,17.0,11.0,363,361,99.45205479452055,98.9041095890411,1991_2007
88187,Jam,2016,97.0,87.0,16.0,10.0,363,364,99.45205479452055,99.72602739726028,1991_2007
88187,Jam,2017,101.0,91.0,17.0,13.0,364,363,99.72602739726028,99.45205479452055,1991_2007
88187,Jam,2018,83.0,108.0,17.0,5.0,364,364,99.72602739726028,99.72602739726028,1991_2007
88187,Jam,2019,64.0,96.0,32.0,20.0,365,363,100.0,99.45205479452055,1991_2007
88187,Jam,2020,61.0,72.0,15.0,10.0,363,364,99.45205479452055,99.72602739726028,1991_2007
88187,Jam,2021,154.0,112.0,7.0,2.0,364,365,99.72602739726028,100.0,1991_2007
88187,Jam,2022,97.0,108.0,19.0,6.0,363,363,99.45205479452055,99.45205479452055,1991_2007
88187,Jam,2023,82.0,78.0,9.0,6.0,363,365,99.45205479452055,100.0,1991_2007
88187,Jam,2024,100.0,111.0,19.0,11.0,365,365,100.0,100.0,1991_2007
99331,Tehran (Geophysic),1991,14.0,8.0,37.0,37.0,365,359,100.0,98.35616438356163,1991_2007
99331,Tehran (Geophysic),1992,5.0,7.0,81.0,90.0,333,328,91.23287671232877,89.86301369863014,1991_2007
99331,Tehran (Geophysic),1993,5.0,6.0,61.0,46.0,335,332,91.78082191780823,90.95890410958904,1991_2007
99331,Tehran (Geophysic),1994,17.0,20.0,36.0,43.0,362,361,99.17808219178083,98.9041095890411,1991_2007
99331,Tehran (Geophysic),1995,36.0,31.0,29.0,39.0,363,359,99.45205479452055,98.35616438356163,1991_2007
99331,Tehran (Geophysic),1996,24.0,24.0,42.0,38.0,357,357,97.80821917808218,97.80821917808218,1991_2007
99331,Tehran (Geophysic),1997,30.0,26.0,27.0,25.0,365,361,100.0,98.9041095890411,1991_2007
99331,Tehran (Geophysic),1998,49.0,52.0,34.0,30.0,365,364,100.0,99.72602739726028,1991_2007
99331,Tehran (Geophysic),1999,30.0,29.0,29.0,28.0,365,357,100.0,97.80821917808218,1991_2007
99331,Tehran (Geophysic),2000,37.0,45.0,25.0,21.0,365,359,100.0,98.35616438356163,1991_2007
99331,Tehran (Geophysic),2001,48.0,50.0,28.0,25.0,365,358,100.0,98.08219178082192,1991_2007
99331,Tehran (Geophysic),2002,60.0,53.0,30.0,24.0,365,358,100.0,98.08219178082192,1991_2007
99331,Tehran (Geophysic),2003,34.0,34.0,27.0,25.0,365,355,100.0,97.26027397260275,1991_2007
99331,Tehran (Geophysic),2004,33.0,39.0,24.0,22.0,365,351,100.0,96.16438356164385,1991_2007
99331,Tehran (Geophysic),2005,40.0,44.0,28.0,24.0,365,356,100.0,97.53424657534246,1991_2007
99331,Tehran (Geophysic),2006,45.0,45.0,22.0,22.0,365,361,100.0,98.9041095890411,1991_2007
99331,Tehran (Geophysic),2007,41.0,30.0,17.0,20.0,365,359,100.0,98.35616438356163,1991_2007
99331,Tehran (Geophysic),2008,67.0,48.0,41.0,45.0,365,363,100.0,99.45205479452055,1991_2007
99331,Tehran (Geophysic),2009,42.0,37.0,18.0,25.0,365,359,100.0,98.35616438356163,1991_2007
99331,Tehran (Geophysic),2010,101.0,67.0,10.0,19.0,365,357,100.0,97.80821917808218,1991_2007
99331,Tehran (Geophysic),2011,46.0,38.0,31.0,39.0,365,357,100.0,97.80821917808218,1991_2007
99331,Tehran (Geophysic),2012,32.0,19.0,23.0,33.0,365,351,100.0,96.16438356164385,1991_2007
99331,Tehran (Geophysic),2013,79.0,47.0,11.0,27.0,364,365,99.72602739726028,100.0,1991_2007
99331,Tehran (Geophysic),2014,83.0,34.0,22.0,42.0,337,329,92.32876712328768,90.13698630136986,1991_2007
99331,Tehran (Geophysic),2015,95.0,24.0,15.0,36.0,328,332,89.86301369863014,90.95890410958904,1991_2007
99331,Tehran (Geophysic),2016,81.0,39.0,12.0,32.0,324,327,88.76712328767124,89.58904109589041,1991_2007
99331,Tehran (Geophysic),2017,54.0,26.0,13.0,40.0,345,344,94.52054794520548,94.24657534246576,1991_2007
99331,Tehran (Geophysic),2018,82.0,35.0,20.0,37.0,355,359,97.26027397260275,98.35616438356163,1991_2007
99331,Tehran (Geophysic),2019,63.0,14.0,21.0,38.0,355,350,97.26027397260275,95.8904109589041,1991_2007
99331,Tehran (Geophysic),2020,57.0,14.0,30.0,65.0,363,362,99.45205479452055,99.17808219178083,1991_2007
99331,Tehran (Geophysic),2021,106.0,29.0,11.0,40.0,359,364,98.35616438356163,99.72602739726028,1991_2007
99331,Tehran (Geophysic),2022,83.0,21.0,11.0,34.0,359,357,98.35616438356163,97.80821917808218,1991_2007
99331,Tehran (Geophysic),2023,90.0,24.0,3.0,23.0,339,344,92.87671232876711,94.24657534246576,1991_2007
99331,Tehran (Geophysic),2024,,14.0,,33.0,282,307,77.26027397260275,84.10958904109589,1991_2007
99407,Boshruyeh,1991,17.0,18.0,41.0,33.0,365,342,100.0,93.69863013698631,1991_2007
99407,Boshruyeh,1992,9.0,13.0,70.0,57.0,364,348,99.72602739726028,95.34246575342465,1991_2007
99407,Boshruyeh,1993,20.0,25.0,58.0,45.0,363,357,99.45205479452055,97.80821917808218,1991_2007
99407,Boshruyeh,1994,24.0,39.0,32.0,42.0,365,350,100.0,95.8904109589041,1991_2007
99407,Boshruyeh,1995,37.0,30.0,33.0,42.0,363,355,99.45205479452055,97.26027397260275,1991_2007
99407,Boshruyeh,1996,33.0,20.0,46.0,43.0,365,350,100.0,95.8904109589041,1991_2007
99407,Boshruyeh,1997,28.0,30.0,29.0,31.0,365,349,100.0,95.61643835616438,1991_2007
99407,Boshruyeh,1998,43.0,34.0,30.0,16.0,365,354,100.0,96.98630136986301,1991_2007
99407,Boshruyeh,1999,30.0,34.0,22.0,20.0,363,349,99.45205479452055,95.61643835616438,1991_2007
99407,Boshruyeh,2000,30.0,28.0,34.0,30.0,365,351,100.0,96.16438356164385,1991_2007
99407,Boshruyeh,2001,54.0,44.0,21.0,24.0,365,365,100.0,100.0,1991_2007
99407,Boshruyeh,2002,59.0,45.0,23.0,27.0,365,365,100.0,100.0,1991_2007
99407,Boshruyeh,2003,42.0,43.0,32.0,36.0,365,365,100.0,100.0,1991_2007
99407,Boshruyeh,2004,40.0,45.0,23.0,23.0,365,365,100.0,100.0,1991_2007
99407,Boshruyeh,2005,34.0,29.0,28.0,27.0,365,365,100.0,100.0,1991_2007
99407,Boshruyeh,2006,48.0,63.0,32.0,28.0,365,365,100.0,100.0,1991_2007
99407,Boshruyeh,2007,26.0,33.0,26.0,48.0,365,365,100.0,100.0,1991_2007
99407,Boshruyeh,2008,46.0,63.0,60.0,57.0,365,365,100.0,100.0,1991_2007
99407,Boshruyeh,2009,49.0,58.0,25.0,26.0,365,365,100.0,100.0,1991_2007
99407,Boshruyeh,2010,60.0,56.0,17.0,32.0,365,365,100.0,100.0,1991_2007
99407,Boshruyeh,2011,44.0,48.0,26.0,32.0,365,365,100.0,100.0,1991_2007
99407,Boshruyeh,2012,18.0,27.0,31.0,31.0,365,365,100.0,100.0,1991_2007
99407,Boshruyeh,2013,77.0,55.0,25.0,31.0,365,365,100.0,100.0,1991_2007
99407,Boshruyeh,2014,42.0,44.0,33.0,39.0,364,364,99.72602739726028,99.72602739726028,1991_2007
99407,Boshruyeh,2015,57.0,79.0,22.0,21.0,364,364,99.72602739726028,99.72602739726028,1991_2007
99407,Boshruyeh,2016,85.0,85.0,25.0,16.0,363,364,99.45205479452055,99.72602739726028,1991_2007
99407,Boshruyeh,2017,49.0,51.0,13.0,16.0,365,362,100.0,99.17808219178083,1991_2007
99407,Boshruyeh,2018,51.0,73.0,29.0,18.0,364,353,99.72602739726028,96.7123287671233,1991_2007
99407,Boshruyeh,2019,38.0,55.0,30.0,15.0,347,334,95.06849315068493,91.5068493150685,1991_2007
99407,Boshruyeh,2020,28.0,37.0,49.0,16.0,353,350,96.7123287671233,95.8904109589041,1991_2007
99407,Boshruyeh,2021,73.0,71.0,22.0,35.0,364,363,99.72602739726028,99.45205479452055,1991_2007
99407,Boshruyeh,2022,57.0,80.0,19.0,7.0,364,365,99.72602739726028,100.0,1991_2007
99407,Boshruyeh,2023,74.0,102.0,17.0,11.0,365,365,100.0,100.0,1991_2007
99407,Boshruyeh,2024,81.0,99.0,27.0,13.0,365,365,100.0,100.0,1991_2007
99421,Natanz,1991,,,,,0,0,0.0,0.0,1991_2007
99421,Natanz,1992,9.0,9.0,85.0,84.0,356,348,97.53424657534246,95.34246575342465,1991_2007
99421,Natanz,1993,11.0,8.0,47.0,48.0,365,364,100.0,99.72602739726028,1991_2007
99421,Natanz,1994,27.0,21.0,34.0,30.0,356,364,97.53424657534246,99.72602739726028,1991_2007
99421,Natanz,1995,25.0,32.0,37.0,34.0,359,362,98.35616438356163,99.17808219178083,1991_2007
99421,Natanz,1996,23.0,24.0,53.0,42.0,362,360,99.17808219178083,98.63013698630137,1991_2007
99421,Natanz,1997,27.0,34.0,24.0,30.0,365,363,100.0,99.45205479452055,1991_2007
99421,Natanz,1998,45.0,46.0,33.0,29.0,365,362,100.0,99.17808219178083,1991_2007
99421,Natanz,1999,25.0,35.0,26.0,27.0,365,361,100.0,98.9041095890411,1991_2007
99421,Natanz,2000,41.0,34.0,24.0,23.0,365,363,100.0,99.45205479452055,1991_2007
99421,Natanz,2001,54.0,49.0,20.0,21.0,365,361,100.0,98.9041095890411,1991_2007
99421,Natanz,2002,49.0,44.0,26.0,24.0,365,361,100.0,98.9041095890411,1991_2007
99421,Natanz,2003,38.0,37.0,24.0,33.0,365,361,100.0,98.9041095890411,1991_2007
99421,Natanz,2004,29.0,38.0,20.0,26.0,365,362,100.0,99.17808219178083,1991_2007
99421,Natanz,2005,55.0,47.0,34.0,31.0,365,363,100.0,99.45205479452055,1991_2007
99421,Natanz,2006,44.0,42.0,30.0,24.0,365,360,100.0,98.63013698630137,1991_2007
99421,Natanz,2007,29.0,28.0,26.0,26.0,365,362,100.0,99.17808219178083,1991_2007
99421,Natanz,2008,37.0,44.0,47.0,47.0,365,361,100.0,98.9041095890411,1991_2007
99421,Natanz,2009,30.0,36.0,29.0,19.0,365,362,100.0,99.17808219178083,1991_2007
99421,Natanz,2010,79.0,73.0,19.0,13.0,365,362,100.0,99.17808219178083,1991_2007
99421,Natanz,2011,37.0,36.0,40.0,36.0,365,362,100.0,99.17808219178083,1991_2007
99421,Natanz,2012,16.0,24.0,33.0,27.0,365,357,100.0,97.80821917808218,1991_2007
99421,Natanz,2013,58.0,60.0,20.0,21.0,364,364,99.72602739726028,99.72602739726028,1991_2007
99421,Natanz,2014,33.0,43.0,31.0,25.0,363,364,99.45205479452055,99.72602739726028,1991_2007
99421,Natanz,2015,53.0,73.0,24.0,25.0,364,362,99.72602739726028,99.17808219178083,1991_2007
99421,Natanz,2016,73.0,73.0,31.0,21.0,365,363,100.0,99.45205479452055,1991_2007
99421,Natanz,2017,46.0,55.0,19.0,20.0,365,356,100.0,97.53424657534246,1991_2007
99421,Natanz,2018,57.0,72.0,28.0,14.0,362,361,99.17808219178083,98.9041095890411,1991_2007
99421,Natanz,2019,62.0,55.0,17.0,15.0,354,348,96.98630136986301,95.34246575342465,1991_2007
99421,Natanz,2020,59.0,44.0,25.0,23.0,363,363,99.45205479452055,99.45205479452055,1991_2007
99421,Natanz,2021,130.0,79.0,8.0,13.0,363,363,99.45205479452055,99.45205479452055,1991_2007
99421,Natanz,2022,94.0,68.0,11.0,17.0,364,365,99.72602739726028,100.0,1991_2007
99421,Natanz,2023,87.0,74.0,3.0,13.0,364,365,99.72602739726028,100.0,1991_2007
99421,Natanz,2024,96.0,65.0,20.0,26.0,363,365,99.45205479452055,100.0,1991_2007
99459,Borujen,1991,40.0,31.0,21.0,38.0,364,359,99.72602739726028,98.35616438356163,1991_2007
99459,Borujen,1992,3.0,26.0,92.0,70.0,365,358,100.0,98.08219178082192,1991_2007
99459,Borujen,1993,9.0,26.0,40.0,43.0,364,360,99.72602739726028,98.63013698630137,1991_2007
99459,Borujen,1994,29.0,38.0,37.0,37.0,365,360,100.0,98.63013698630137,1991_2007
99459,Borujen,1995,23.0,26.0,36.0,48.0,363,364,99.45205479452055,99.72602739726028,1991_2007
99459,Borujen,1996,12.0,29.0,54.0,40.0,364,356,99.72602739726028,97.53424657534246,1991_2007
99459,Borujen,1997,19.0,24.0,54.0,36.0,365,356,100.0,97.53424657534246,1991_2007
99459,Borujen,1998,63.0,50.0,23.0,10.0,360,357,98.63013698630137,97.80821917808218,1991_2007
99459,Borujen,1999,31.0,38.0,19.0,26.0,363,356,99.45205479452055,97.53424657534246,1991_2007
99459,Borujen,2000,34.0,38.0,30.0,25.0,365,356,100.0,97.53424657534246,1991_2007
99459,Borujen,2001,50.0,32.0,21.0,24.0,365,365,100.0,100.0,1991_2007
99459,Borujen,2002,27.0,31.0,17.0,25.0,365,358,100.0,98.08219178082192,1991_2007
99459,Borujen,2003,33.0,46.0,6.0,26.0,365,365,100.0,100.0,1991_2007
99459,Borujen,2004,28.0,41.0,21.0,29.0,365,365,100.0,100.0,1991_2007
99459,Borujen,2005,52.0,33.0,18.0,25.0,365,365,100.0,100.0,1991_2007
99459,Borujen,2006,32.0,37.0,44.0,30.0,365,365,100.0,100.0,1991_2007
99459,Borujen,2007,25.0,27.0,28.0,25.0,365,365,100.0,100.0,1991_2007
99459,Borujen,2008,63.0,45.0,36.0,24.0,363,361,99.45205479452055,98.9041095890411,1991_2007
99459,Borujen,2009,49.0,31.0,23.0,24.0,365,365,100.0,100.0,1991_2007
99459,Borujen,2010,114.0,70.0,16.0,20.0,365,364,100.0,99.72602739726028,1991_2007
99459,Borujen,2011,50.0,84.0,15.0,24.0,365,365,100.0,100.0,1991_2007
99459,Borujen,2012,19.0,39.0,30.0,18.0,365,365,100.0,100.0,1991_2007
99459,Borujen,2013,71.0,59.0,21.0,19.0,364,365,99.72602739726028,100.0,1991_2007
99459,Borujen,2014,34.0,45.0,40.0,28.0,362,364,99.17808219178083,99.72602739726028,1991_2007
99459,Borujen,2015,76.0,74.0,22.0,19.0,360,363,98.63013698630137,99.45205479452055,1991_2007
99459,Borujen,2016,97.0,62.0,16.0,21.0,365,364,100.0,99.72602739726028,1991_2007
99459,Borujen,2017,101.0,75.0,6.0,17.0,365,365,100.0,100.0,1991_2007
99459,Borujen,2018,114.0,88.0,19.0,2.0,365,365,100.0,100.0,1991_2007
99459,Borujen,2019,84.0,75.0,16.0,18.0,353,364,96.7123287671233,99.72602739726028,1991_2007
99459,Borujen,2020,90.0,62.0,12.0,16.0,365,364,100.0,99.72602739726028,1991_2007
99459,Borujen,2021,171.0,68.0,10.0,2.0,364,365,99.72602739726028,100.0,1991_2007
99459,Borujen,2022,120.0,91.0,10.0,20.0,363,365,99.45205479452055,100.0,1991_2007
99459,Borujen,2023,105.0,71.0,10.0,12.0,364,365,99.72602739726028,100.0,1991_2007
99459,Borujen,2024,140.0,94.0,9.0,10.0,359,365,98.35616438356163,100.0,1991_2007
99623,Zahak,1991,,,,,0,0,0.0,0.0,1991_2007
99623,Zahak,1992,12.0,17.0,65.0,56.0,355,355,97.26027397260275,97.26027397260275,1991_2007
99623,Zahak,1993,,,,,274,275,75.06849315068493,75.34246575342466,1991_2007
99623,Zahak,1994,22.0,26.0,41.0,32.0,365,360,100.0,98.63013698630137,1991_2007
99623,Zahak,1995,21.0,24.0,48.0,48.0,364,360,99.72602739726028,98.63013698630137,1991_2007
99623,Zahak,1996,18.0,14.0,65.0,57.0,358,362,98.08219178082192,99.17808219178083,1991_2007
99623,Zahak,1997,19.0,19.0,44.0,23.0,365,365,100.0,100.0,1991_2007
99623,Zahak,1998,32.0,28.0,20.0,22.0,365,363,100.0,99.45205479452055,1991_2007
99623,Zahak,1999,34.0,16.0,24.0,24.0,365,362,100.0,99.17808219178083,1991_2007
99623,Zahak,2000,34.0,39.0,22.0,25.0,365,363,100.0,99.45205479452055,1991_2007
99623,Zahak,2001,73.0,46.0,16.0,22.0,365,362,100.0,99.17808219178083,1991_2007
99623,Zahak,2002,59.0,45.0,19.0,24.0,365,364,100.0,99.72602739726028,1991_2007
99623,Zahak,2003,34.0,42.0,30.0,45.0,365,364,100.0,99.72602739726028,1991_2007
99623,Zahak,2004,61.0,50.0,13.0,23.0,365,364,100.0,99.72602739726028,1991_2007
99623,Zahak,2005,16.0,34.0,26.0,25.0,365,361,100.0,98.9041095890411,1991_2007
99623,Zahak,2006,49.0,72.0,29.0,21.0,359,362,98.35616438356163,99.17808219178083,1991_2007
99623,Zahak,2007,24.0,30.0,39.0,38.0,365,365,100.0,100.0,1991_2007
99623,Zahak,2008,60.0,64.0,51.0,53.0,365,362,100.0,99.17808219178083,1991_2007
99623,Zahak,2009,57.0,35.0,23.0,35.0,365,363,100.0,99.45205479452055,1991_2007
99623,Zahak,2010,68.0,45.0,18.0,39.0,365,364,100.0,99.72602739726028,1991_2007
99623,Zahak,2011,61.0,39.0,24.0,32.0,365,363,100.0,99.45205479452055,1991_2007
99623,Zahak,2012,25.0,33.0,37.0,35.0,365,364,100.0,99.72602739726028,1991_2007
99623,Zahak,2013,83.0,41.0,22.0,35.0,365,365,100.0,100.0,1991_2007
99623,Zahak,2014,49.0,33.0,32.0,42.0,363,363,99.45205479452055,99.45205479452055,1991_2007
99623,Zahak,2015,63.0,56.0,24.0,21.0,364,364,99.72602739726028,99.72602739726028,1991_2007
99623,Zahak,2016,88.0,40.0,16.0,21.0,365,364,100.0,99.72602739726028,1991_2007
99623,Zahak,2017,66.0,44.0,15.0,26.0,365,364,100.0,99.72602739726028,1991_2007
99623,Zahak,2018,83.0,65.0,18.0,26.0,365,365,100.0,100.0,1991_2007
99623,Zahak,2019,48.0,48.0,28.0,21.0,356,351,97.53424657534246,96.16438356164385,1991_2007
99623,Zahak,2020,31.0,27.0,47.0,25.0,365,363,100.0,99.45205479452055,1991_2007
99623,Zahak,2021,87.0,68.0,20.0,30.0,365,365,100.0,100.0,1991_2007
99623,Zahak,2022,84.0,93.0,14.0,9.0,365,365,100.0,100.0,1991_2007
99623,Zahak,2023,106.0,116.0,16.0,16.0,365,365,100.0,100.0,1991_2007
99623,Zahak,2024,97.0,88.0,22.0,24.0,365,365,100.0,100.0,1991_2007
