index_name,station_id,station_name,n_years,insufficient_years_for_qr,slope_0.10,ci_low_0.10,ci_high_0.10,slope_0.50,ci_low_0.50,ci_high_0.50,slope_0.90,ci_low_0.90,ci_high_0.90,Delta1,Delta2,Delta3,boot_mean_0.10,boot_sd_0.10,boot_ci_low_0.10,boot_ci_high_0.10,boot_mean_0.50,boot_sd_0.50,boot_ci_low_0.50,boot_ci_high_0.50,boot_mean_0.90,boot_sd_0.90,boot_ci_low_0.90,boot_ci_high_0.90,analytic_sig_0.10,bootstrap_sig_0.10,sig_agree_0.10,sensitivity_status_0.10,analytic_sig_0.90,bootstrap_sig_0.90,sig_agree_0.90,sensitivity_status_0.90,boot_mean_Delta1,boot_sd_Delta1,boot_ci_low_Delta1,boot_ci_high_Delta1,cluster,cluster_reduced_features
warm_days,19996,Bahookalat,31,False,-1.3043444359953982,,,4.399999411472645,-2.6790912820305994,11.479090104975889,0.41670752368242064,,,1.7210519596778189,-3.983291887790224,5.704343847468043,-1.6904485822775146,3.9297955947449257,-11.016669282051568,4.303575957220978,1.4433875974473835,4.309869491881933,-10.952152977280614,6.016665303010044,0.03380855064091371,5.19354279140183,-6.666655047752015,13.46153367841169,,0.0,,insufficient,,0.0,,insufficient,1.7242571329184282,5.492205236107587,-7.765460958421027,16.176129893306737,1,2
warm_days,40700,Parsabad,34,False,4.5833344419676125,,,8.82352913494715,2.6241250642106113,15.022933205683687,11.923083334819971,,,7.339748892852358,3.0995541998728218,4.240194692979537,4.731618311915103,5.541903179777318,-5.353861579349054,19.999997819884342,7.1722470588944045,4.2641113877652135,-0.02500007237213569,15.312501348347952,8.935642873968465,6.108001008921898,-3.749999076140876,19.99999968909096,,0.0,,insufficient,,0.0,,insufficient,4.204024562053362,5.666574943070154,-5.389898208383046,17.543276745104652,2,3
warm_days,40701,Maku,34,False,6.428576734295909,,,13.750002229159488,6.665210399289346,20.83479405902963,20.909086159666103,,,14.480509425370194,7.159083930506615,7.321425494863579,7.9157188047431575,7.3563710971600145,-5.999999427355329,28.050000268391965,13.248791715569187,5.364585684531099,2.4999994994687187,21.000861756019084,16.622145585810888,10.13374670848232,-5.8823485437457395,45.71426462188363,,0.0,,insufficient,,0.0,,insufficient,8.70642678106773,11.880176931731897,-11.475001496405548,36.96707843669771,3,3
warm_days,40702,Jolfa,34,False,12.105262159200013,,,12.608694436354336,7.51426611285373,17.703122759854942,24.0909041221259,,,11.985641962925886,11.482209685771563,0.5034322771543227,11.019434234736693,7.276276020010923,-2.6666665677839188,27.27272602060086,11.453979127336074,2.538536910667945,6.231250078933055,15.71985865741202,19.608376563113076,7.593164070971578,2.2142861810959857,34.54545405379361,,0.0,,insufficient,,1.0,,insufficient,8.588942328376381,9.530999886403123,-13.05831063491067,28.336525868719786,3,3
warm_days,40703,Khoy,34,False,11.05263444396301,,,17.826083279792655,13.19227076422355,22.45989579536176,24.99999705274335,,,13.94736260878034,7.173913772950694,6.773448835829646,10.175279642278742,4.501698009387052,0.6499935893842321,16.521738046014505,15.66860560592969,3.300097744136857,7.500015337030705,19.999999106393933,20.36905511259199,10.581941027912299,2.5657896273815135,47.22222091340582,,1.0,,insufficient,,1.0,,insufficient,10.19377547031325,11.835683877981216,-7.5798911040708665,39.15481968295241,3,3
warm_days,40704,Ahar,34,False,6.875000359322222,,,14.444445643144036,8.48884467413583,20.40004661215224,24.499996768037875,,,17.624996408715653,10.055551124893839,7.569445283821814,7.588669877978692,5.190419038664282,-3.34999944012948,17.27272724127642,14.533516605272212,2.9148910223806848,8.88541828401506,18.76562480536724,20.896952072356655,10.575599075545862,7.368548554542864,47.777769526376595,,0.0,,insufficient,,1.0,,insufficient,13.308282194377957,12.587525909680693,-5.864719808147761,44.4856518727582,3,3
warm_days,40706,Tabriz,34,False,8.518518436213954,,,15.555555493826928,8.748437535798207,22.36267345185565,11.428576642175788,,,2.9100582059618336,-4.12697885165114,7.037037057612974,7.6783329822815,2.974108892232422,0.7692310920175391,14.130088324281559,15.610467042532107,4.332236945930515,7.058823612732013,21.999998585287308,11.528326582489235,11.964542996672169,-0.541668257749195,46.70587650944434,,1.0,,insufficient,,0.0,,insufficient,3.8499936002077377,11.673963983558918,-16.166657239610828,38.37269092589109,2,3
warm_days,40708,Ardebil,34,False,8.437500394518732,,,11.428575184099083,4.386054959303921,18.471095408894243,17.49999725893328,,,9.062496864414548,6.071422074834198,2.9910747895803507,8.748325321974441,3.838207003854597,-1.8749972324225246,13.333331400281152,10.58319250935368,3.685851070459689,1.1764724131609194,15.342858506695036,15.00000506106106,12.661039166698732,-19.090893768835915,44.66665299284399,,0.0,,insufficient,,0.0,,insufficient,6.251679739086617,12.887992904507232,-15.457384406836315,35.182239905402945,2,3
warm_days,40709,Astara,34,False,7.4999970668667535,,,10.625000986658666,5.630270328299805,15.619731645017527,15.90909014362122,,,8.409093076754466,5.284089156962555,3.1250039197919124,6.489813347133337,2.467113369587495,5.648889385276412e-05,11.818181695152242,9.308374706772659,3.0156255458593475,4.000007643677896,14.819442532777874,12.482961938762669,6.794941911226482,-4.166643069725483,22.471433175832587,,1.0,,insufficient,,0.0,,insufficient,5.993148591629333,7.450947154271,-9.908923667947043,19.104133346949315,2,3
warm_days,40710,Sarab,34,False,8.928570777627614,,,14.166667570722602,6.916812083703229,21.416523057741976,17.272726706452737,,,8.344155928825122,3.106059135730135,5.2380967930949875,6.968004933128009,3.6334154544315638,-2.499983964457553,12.021428903495549,12.148656379089834,5.916176360137478,0.5000574459366244,19.99999991698682,11.059264808387509,10.755250112577457,-7.777777830862918,40.66662996123854,,0.0,,insufficient,,0.0,,insufficient,4.091259875259499,10.587582347560936,-16.789245215840324,31.744640928952794,3,3
warm_days,40712,Orumiyeh,34,False,9.99999846879756,,,18.749999816303976,11.849812355140871,25.650187277467083,23.636358764105886,,,13.636360295308325,4.886358947801909,8.750001347506416,9.827441284720498,2.568436471369884,4.643749775617885,18.006896574762706,17.401321276494837,5.179934227205522,3.7118049142886593,24.453333359102484,23.670798605470317,8.00385321869346,12.94117668240227,46.11110813234298,,1.0,,insufficient,,1.0,,insufficient,13.843357320749817,8.53162448242844,0.059573957542385765,35.53758036191993,3,3
warm_days,40713,Maragheh-Synoptic,34,False,10.625000373452828,,,20.000000723559463,13.36961734380148,26.630384103317446,25.8333561654416,,,15.208355791988772,5.833355441882137,9.375000350106635,14.25433815295743,5.746514409367688,8.947368639198553,27.27272724127673,21.332750164685685,3.3591552286637087,13.67543953690308,29.113636425615727,34.27888756389969,9.1091978061201,18.235291728175692,52.505681549744345,,1.0,,insufficient,,1.0,,insufficient,20.024549410942253,9.4052176389546,2.223215723179297,35.8506858569979,3,4
warm_days,40716,Mianeh,34,False,9.411770127000311,,,17.500000393906095,11.239253654848923,23.760747132963267,24.999995179389327,,,15.588225052389015,7.499994785483231,8.088230266905784,7.889346703492468,5.549866591089615,-5.294109244465057,21.111109506508026,15.758329380457901,4.462217727929261,4.1625020205447,22.50328023099037,21.182382367337098,9.021987686467126,6.875000014959949,37.33331604706586,,0.0,,insufficient,,1.0,,insufficient,13.29303566384463,9.198832493068071,-4.126081390474804,30.049013925531217,3,3
warm_days,40717,Khalkhal,34,False,9.3334669682708,,,18.888891469053014,12.621164225585396,25.156618712520633,27.500002638953045,,,18.166535670682244,8.611111169900031,9.555424500782214,11.536569636251095,6.2386866016424625,-1.8995519791792153,24.99999985940345,19.132808402095215,3.42322497191628,11.666671150621749,23.339284710488307,24.68090646492301,7.050157469727051,10.000000272327263,36.88771796634964,,0.0,,insufficient,,1.0,,insufficient,13.144336828671918,9.351420936008681,-4.241878957823659,31.14953447221078,3,3
warm_days,40718,Bandar-E-Anzali,34,False,6.666667068082136,,,16.153846863905304,8.932689008351275,23.375004719459334,32.81249773533209,,,26.145830667249953,16.658650871426783,9.487179795823169,7.651210045794119,5.179880019367769,3.7500006175435927,25.771428642000146,16.660355206229365,10.595974127829079,4.999994937490978,39.47434119125129,30.822373607738054,10.087905688889071,8.000040980269702,45.83332826096009,,1.0,,insufficient,,1.0,,insufficient,23.17116356194393,9.198456520354119,3.2868058450568984,38.18311054323668,3,1
warm_days,40719,Rasht,34,False,4.99999885414191,,,2.0000000000114606,-2.8989593482724794,6.898959348295401,6.521736113019494,,,1.5217372588775842,4.521736113008034,-2.999998854130449,2.4017865574195785,3.092913002649432,-4.6153591623694155,6.540513337712136,2.667085313857916,3.259344778080944,-1.4345208066268111,9.350000915658791,6.628164305411547,1.967149025655892,3.620451639720938,11.666664926075624,,0.0,,insufficient,,1.0,,insufficient,4.226377747991967,3.8886250459419545,-2.2220555153871246,11.72371608269436,1,2
warm_days,40723,Bojnurd,34,False,4.615384681130807,,,7.999999743999838,0.25741266326624324,15.742586824733433,12.222215302688962,,,7.606830621558156,4.222215558689125,3.384615062869031,4.188714102892762,3.9975778562416475,-4.015386645448881,11.818179252165004,6.97384101819864,3.1912387290244615,1.4269469626483378,13.999999963258649,12.349592758065635,2.4169451577648466,8.62826109670311,16.4285705289445,,0.0,,insufficient,,1.0,,insufficient,8.160878655172873,4.354623060608604,1.8181842559314694,19.73880913341828,2,3
warm_days,40724,Piranshahr,34,False,10.869566726244187,,,17.058823944638146,9.874056948840558,24.243590940435734,22.30771731285714,,,11.438150586612952,5.248893368218994,6.1892572183939585,10.605103650080675,5.01009128934717,2.4829621860138382,19.250001339104273,16.803793346705042,4.418954296284722,9.27857368458963,24.49999727677433,23.81628358443463,11.311959482336365,-11.818128252907117,56.11106761241501,,1.0,,insufficient,,0.0,,insufficient,13.211179934353952,13.214748926115105,-24.20706931730729,43.88884555196114,3,3
warm_days,40726,Mahabad,34,False,11.052640123346821,,,12.857151082696118,6.281583112606674,19.432719052785565,28.49999701856709,,,17.447356895220267,15.642845935870971,1.8045109593492974,11.02835010381133,2.4137582196825433,7.058825365939304,16.66666456853872,15.12740470602874,3.367235707383633,7.6607169317241555,21.333329788544905,20.880259978643544,10.04420238372239,1.0000006261114198,38.391665667760414,,1.0,,insufficient,,1.0,,insufficient,9.851909874832213,10.395411855068335,-9.527442826511878,26.89527584539939,3,3
warm_days,40727,Saqez,34,False,11.93548187312221,,,13.076922603550228,6.224838510075676,19.929006697024782,22.49999718226766,,,10.564515309145449,9.423074578717431,1.1414407304280179,10.105083379226096,3.8920872596923664,-3.350000553677427,14.556818818461169,12.990071523614608,3.7154095198740875,3.9681859422675942,17.142857313022514,20.1864839461516,11.706629146187876,3.964930624309862e-06,45.3333252829216,,0.0,,insufficient,,1.0,,insufficient,10.081400566925504,11.992288664630419,-14.434645356728097,35.33332404194495,3,3
warm_days,40728,Takab,34,False,10.967741586311046,,,13.2000016467551,6.190676003494228,20.20932729001597,26.153832473345858,,,15.186090887034812,12.953830826590758,2.2322600604440535,8.51574680926333,3.979419730487319,-0.06250008809079924,14.99998528762233,14.681937035463582,4.290823553483523,8.51785800675323,23.751488521337485,21.269881695306168,8.070654758872731,5.263161917526245,43.33333029231559,,0.0,,insufficient,,1.0,,insufficient,12.75413488604284,8.757129791050689,-5.042354577734931,34.509801420476705,3,3
warm_days,40729,Zanjan,34,False,9.473683228365212,,,16.875000029891556,9.68450015646959,24.065499903313523,37.91664450587492,,,28.44296127750971,21.041644475983365,7.4013168015263435,12.183523817016798,9.511600016126858,-1.9999991394030618,29.166667219498546,18.275415912911896,4.444864785230856,13.024212226536173,28.142462036532503,33.96928768278235,8.401325327000613,12.777786760835001,45.625000502585316,,0.0,,insufficient,,1.0,,insufficient,21.785763865765556,11.200849654344466,-1.0372196806633054,40.96448431434646,3,4
warm_days,40730,Khorramdareh,34,False,8.999999638888916,,,14.999996631077433,8.555214545461872,21.444778716692994,28.4615247226712,,,19.461525083782284,13.461528091593767,5.9999969921885175,8.439672004070417,5.412186942064253,-4.166638103197014,17.499999344654185,12.172457764464012,3.952911096607335,4.281511729503793,17.32090657937518,23.641183003387585,9.268616311260335,5.500000968644831,40.666666127394286,,0.0,,insufficient,,1.0,,insufficient,15.20151099931717,10.060766599139082,-5.309544124590298,33.82604752630072,3,3
warm_days,40731,Qazvin,34,False,10.769215435649881,,,14.615384142005198,7.350501563360438,21.880266720649956,21.92306313965986,,,11.153847704009978,7.307678997654662,3.846168706355316,6.964251726130672,5.315643300106186,-6.666664440575643,12.805001927009728,12.11144300530858,3.9842528647352746,2.9411910378091846,17.87071440525656,18.839138580841286,5.736730499214044,7.140754412606437,27.333332562820402,,0.0,,insufficient,,1.0,,insufficient,11.874886854710617,7.870029624948997,-2.801428622594969,28.005542819366358,3,3
warm_days,40732,Ramsar,34,False,9.999999987080136,,,14.000000355567684,8.814750490530788,19.18525022060458,15.625000130208619,,,5.625000143128483,1.6249997746409353,4.000000368487548,8.059588374208975,2.758743298062816,3.52941157598622,11.499999594997371,13.428825817675929,2.2919942935038344,7.9999986087623105,18.09597480764428,19.81622986311969,6.341382339334275,3.846154146470765,27.897377138450587,,1.0,,insufficient,,1.0,,insufficient,11.756641488910718,6.752686189597707,-1.6185676865433651,22.186151445385555,3,3
warm_days,40734,Nowshahr,34,False,7.500000488176562,,,11.538462566910166,5.9432050936204925,17.13372004019984,19.090908879670213,,,11.59090839149365,7.552446312760047,4.038462078733604,6.452478995657981,1.8452546625255433,3.6842139014308444,8.891678443349567,11.052497332588295,2.5748156738198973,2.7708379888084713,15.000000375621648,17.484767494575273,4.804165663753664,12.11956643271622,27.333327841422015,,1.0,,insufficient,,1.0,,insufficient,11.032288498917294,4.871529825535162,3.5862386932278962,21.6452299452775,2,3
warm_days,40736,Babolsar,34,False,4.500000050000892,,,10.909091570254668,3.838646885186196,17.97953625532314,19.99999469811341,,,15.49999464811252,9.090903127858743,6.409091520253776,3.4449812896044056,2.7008060215181517,-4.999990870862874,7.0588220396560075,8.680340705696224,5.103857539173259,-4.130090581695529,15.717261940558577,13.609078554952035,11.63429290559713,-2.5336510768240266,40.666662681122595,,0.0,,insufficient,,0.0,,insufficient,10.164097265347628,11.616209027597922,-6.122024049543475,35.49997192357578,2,3
warm_days,40737,Gharakhil,34,False,7.500001754674947,,,12.307691439332874,8.13070553813905,16.484677340526698,14.166661782898796,,,6.666660028223849,1.8589703435659217,4.807689684657928,7.311707022251785,4.7341085603285515,4.719725057754593e-07,21.818181676423354,10.916594747857356,2.2933700992820207,5.000001469780778,13.898794487733587,14.214535370381018,4.659874458099393,7.500000527908853,27.272725696929733,,1.0,,insufficient,,1.0,,insufficient,6.902828348129231,5.405419943104891,-4.5426437357315335,17.213148605852478,2,3
warm_days,40738,Gorgan,34,False,8.518516091112398,,,11.666663286242013,6.218319931756314,17.115006640727714,18.499981965860403,,,9.981465874748006,6.83331867961839,3.1481471951296154,7.109355026207602,3.311485770350374,-1.8227159559992128,11.7321424520195,11.190687007029267,2.805599916784062,3.5621440588872053,15.999998414733936,16.579458709599784,4.566993852773248,9.235384270051725,25.384206488244477,,0.0,,insufficient,,1.0,,insufficient,9.470103683392184,6.0364762152835,1.2914426564104593,23.70980831750827,2,3
warm_days,40739,Shahrud,34,False,4.615389049055192,,,7.3684207202201035,-0.023121082161062567,14.75996252260127,6.086955296274241,,,1.471566247219049,-1.2814654239458623,2.753031671164911,2.9403482285387184,5.199495564050435,-13.99995321410836,10.917613000701333,4.748639325069787,4.554323208859392,-3.571426410064436,13.639203902861906,5.257931640210257,6.1957552535906855,-6.874997921660233,17.999998062774175,,0.0,,insufficient,,0.0,,insufficient,2.317583411671539,7.360230821472009,-12.113309102917187,16.66431953313788,2,2
warm_days,40740,Quchan,34,False,6.296294700023265,,,10.625000390626221,2.5646586687205097,18.685342112531934,9.615385940305254,,,3.319091240281989,-1.0096144503209672,4.328705690602956,3.6789371604268393,4.8645431728665764,-7.9999975097085585,11.818179845711013,7.860061752516531,4.4381231314946605,-0.5263152762993111,14.28726786314663,9.465349694354115,2.507213926052585,3.962492548142216,14.499997459654777,,0.0,,insufficient,,1.0,,insufficient,5.786412533927277,4.682501527686916,-2.3343413700242253,17.62499632615549,2,3
warm_days,40741,Sarakhs,34,False,7.037038593053533,,,11.875000546506204,6.402886073562282,17.347115019450126,17.142869170992245,,,10.105830577938711,5.2678686244860415,4.8379619534526705,7.322852515842035,3.5187796594483824,1.0000001172224637,14.705881980536148,11.018988490515477,2.3099493853621924,7.264813678887768,15.909088760426563,15.478010199235767,3.351066098109914,6.428584180585102,20.000000451145574,,1.0,,insufficient,,1.0,,insufficient,8.15515768339373,4.431629622845725,-1.0740284786977738,14.80729109605106,2,3
warm_days,40742,Biyarjomand,33,False,3.5294119838529974,,,9.999999321135713,2.935327049750814,17.06467159252061,12.666665983754344,,,9.137253999901347,2.6666666626186313,6.470587337282716,1.0426442472747153,5.272525893182048,-7.499997909214832,10.384614691560706,7.671132962500125,3.6566366506431067,2.10526311530484,14.444443647063837,11.439889321535915,4.7094678827604515,1.886920916871503e-06,16.499998627756955,,0.0,,insufficient,,1.0,,insufficient,10.3972450742612,6.832722114426865,-3.436756209656174,22.550697895532934,2,3
warm_days,40743,Sabzevar,34,False,7.49999745755817,,,9.999999596621473,2.7354295034285894,17.26456968981436,8.333325097155788,,,0.8333276395976181,-1.6666744994656852,2.5000021390633034,3.771318152110282,8.035295882454486,-10.666666398976142,17.999999858426776,7.18238582468533,3.5212649747995135,1.5407304674026703e-07,13.333330659785524,6.061825860403866,4.089928314783337,-2.8309602689538207,12.033332497746512,,0.0,,insufficient,,0.0,,insufficient,2.290507708293584,8.620512064491736,-14.476952243310116,18.99998380832053,2,3
warm_days,40744,Golmakan,32,False,9.999999716289585,,,9.13043504725909,1.2008170484292329,17.060053046088946,12.857143854873723,,,2.857144138584138,3.7267088076146333,-0.8695646690304955,7.066609695304407,4.931233403650618,-2.4999987057873394,13.471145740719486,9.45177826004612,3.0730565295296137,5.7894737291632605,16.687498646402503,12.815289504232743,3.835789935852279,6.1521692013763145,21.24999938424934,,0.0,,insufficient,,1.0,,insufficient,5.748679808928337,6.440392838307583,-4.541973339711511,18.772261793076137,2,3
warm_days,40745,Mashhad,34,False,4.848483242741478,,,11.333334958969214,3.737486568514564,18.929183349423866,11.428568028052727,,,6.580084785311248,0.09523306908351259,6.484851716227736,5.329532058452207,4.554381404783946,-3.7604846514512094,17.27271722629036,10.796574283556401,3.6792712761069617,2.4732127627144798,17.52679393588015,13.722002292281232,5.0379679610269275,4.545466425327171,24.285709178078633,,0.0,,insufficient,,1.0,,insufficient,8.392470233829023,7.028589096384086,-7.146097621598083,21.179166619746383,2,3
warm_days,40746,Neyshabur,34,False,5.555555589864139,,,11.052632357842803,3.3000830914170995,18.805181624268506,8.076924374295443,,,2.5213687844313037,-2.9757079835473608,5.4970767679786645,4.430515115508812,4.493863143779088,-8.333332095262348,11.666665121765229,8.483728881263715,4.728029489475062,-0.5263164056958227,16.111111198499177,9.876616507956891,5.441560398477439,1.7647062387063461,19.999998445038358,,0.0,,insufficient,,1.0,,insufficient,5.446101392448082,5.826853028866744,-4.374998102758741,18.001924894995483,2,3
warm_days,40747,Sanandaj,34,False,10.714285498811543,,,16.999998821777115,9.983182393818923,24.01681524973531,23.999999997530885,,,13.285714498719342,7.00000117575377,6.285713322965572,10.890167783135182,2.51269186504265,6.000006386996537,15.206362569927268,17.290226780022568,2.5139192218920994,11.327777084531588,22.17511961136134,22.650507747817187,10.050002554734638,1.534094901035063,40.18058005542028,,1.0,,insufficient,,1.0,,insufficient,11.760339964682005,10.370791721140248,-12.205035177744751,31.182321903413346,3,3
warm_days,40748,Bijar,34,False,9.333334450042715,,,14.062509138177356,7.9278196778167995,20.197198598537913,31.538447708935642,,,22.20511325889293,17.475938570758288,4.729174688134641,8.706996292406568,5.891524018503553,-0.7142862173901353,17.07500099137051,14.722360190219765,3.606153434960369,7.269479467840295,21.54166622982298,25.121618530099497,8.986023277753755,7.458333477367208,45.333323042653824,,0.0,,insufficient,,1.0,,insufficient,16.414622237692928,9.793334879760444,-3.3568210456623904,36.034519721612405,3,3
warm_days,40749,Zarrineh,34,False,7.857142641719588,,,15.294115255407883,6.936743272063508,23.65148723875226,25.416689637749588,,,17.55954699603,10.122574382341705,7.436972613688295,9.219250137505194,6.091045941300739,-0.016665330829081126,20.667857143630954,16.34504592938785,4.469528462097813,8.888894859945522,25.71428316326948,25.456798973402673,10.14145141452477,6.500001984900793,39.14035489060843,,0.0,,insufficient,,1.0,,insufficient,16.237548835897478,12.729811558897149,-8.85294113574659,34.74314732991525,3,3
warm_days,40751,Tehran (Shemiran),34,False,12.941174996115745,,,19.52380736165724,14.042305514806436,25.005309208508045,29.090918764920804,,,16.14974376880506,9.567111403263564,6.582632365541496,12.097713438046902,3.3776898670223927,5.990625245350798,21.770587681937755,18.295332228298278,2.99127880970782,13.093172962951963,23.708769633258314,28.571377937406893,8.086156974110471,10.588235381607996,43.88887402708932,,1.0,,insufficient,,1.0,,insufficient,16.473664499359995,8.475353424236141,-1.0784287841731444,32.13594921950238,3,3
warm_days,40752,Karaj,34,False,10.38461177296233,,,15.806451488032778,8.793583382182657,22.8193195938829,18.84613946591117,,,8.461527692948838,3.0396879778783905,5.421839715070448,8.44256171987817,4.545332106992365,-1.8560591171723941,15.555555435601876,14.112032337232485,4.141613184312261,4.97727763288023,21.126811511399993,17.23172714404819,5.959188329072802,9.411764888739611,30.66666359870604,,0.0,,insufficient,,1.0,,insufficient,8.78916542417002,7.223900844840621,-3.0590283329368155,26.08957939324681,3,3
warm_days,40754,Tehran (Mehrabad Airport),34,False,6.9999999580246826,,,4.999999466563328,-3.0913538262784863,13.091352759405144,2.6086958474306585,,,-4.3913041105940245,-2.3913036191326698,-2.0000004914613543,3.5688241495081225,4.782635516638302,-8.155211144287955,10.000000010989249,3.02637187433891,5.006139581874314,-8.171870564212012,12.562497632345943,4.372602389459064,7.382575119352059,-4.218180283350369,20.666665734661223,,0.0,,insufficient,,0.0,,insufficient,0.8037782399509423,7.65750814553603,-12.077268989018496,19.999790832336572,1,2
warm_days,40755,Abali,34,False,11.538457863453457,,,11.000001211736786,4.043178504432264,17.956823919041305,19.04761520899775,,,7.509157345544294,8.047613997260965,-0.5384566517166718,8.668191726879682,4.576541333287759,-1.7968743731967343,14.692850392241589,9.482715556070005,4.548828502794888,-3.6842073454905644,15.492094404682296,16.891503314725522,13.403354875597442,-4.999996721524962,47.99999526780859,,0.0,,insufficient,,0.0,,insufficient,8.223311587845837,13.218726867547675,-13.114204800220607,36.90833118837936,3,3
warm_days,40757,Semnan,34,False,8.46153843195241,,,11.666666481480835,6.07708234030782,17.25625062265385,13.478260792692858,,,5.016722360740447,1.8115943112120227,3.2051280495284242,7.0692328680966945,4.570379442876797,-3.124970147997868,16.190473600197848,9.560508465086318,4.501361840637696,2.8412703123402827,20.714283613750652,12.976298405923998,10.480514245331653,-6.153845474811377,33.999998267653545,,0.0,,insufficient,,0.0,,insufficient,5.907065537827305,10.771593481978925,-14.5043089010168,25.724160236357534,2,3
warm_days,40758,Garmsar,34,False,4.44444439262291,,,3.571455022775447,-4.802654690550222,11.945564736101117,-1.8134149593835086e-06,,,-4.4444462060378696,-3.5714568361904067,-0.8729893698474629,1.031146350599436,5.463301397662681,-9.391663901346583,9.166666299618836,2.895266778891507,5.377648178742054,-9.411763827150413,10.744966060996871,-0.2672609890218972,9.124399123990212,-19.99999952755497,20.066665985699995,,0.0,,insufficient,,0.0,,insufficient,-1.298407339621333,8.66290092906556,-17.225831996061853,16.315093986637144,1,2
warm_days,40762,Torbat-E Heydariyeh,34,False,9.999999856729215,,,15.600000317352858,8.806254399570552,22.393746235135165,19.59999696223215,,,9.599997105502936,3.9999966448792925,5.600000460623644,7.773223577729619,5.3855092634509205,-5.999997792425108,13.850649484112788,12.4839973202924,3.3922564656832743,4.782629575183562,17.90049561374341,17.753604575652634,5.172276070578144,3.9795461604878604,24.66666448743787,,0.0,,insufficient,,1.0,,insufficient,9.980380997923017,7.011880247517693,-5.041029662880197,24.854269213496522,3,3
warm_days,40763,Kashmar,34,False,6.36363640036702,,,13.666665961619179,7.02100258689535,20.31232933634301,14.34783182481933,,,7.98419542445231,0.6811658632001514,7.303029561252159,4.797051134481946,5.834148144066079,-10.681257410247266,14.444443923180886,10.688544027345952,3.7333640700620068,1.2450658449771086,16.428571403060342,15.168649172058535,3.881869754423684,4.701871646351529,22.02954644361373,,0.0,,insufficient,,1.0,,insufficient,10.371598037576586,5.6097743144498295,-0.12496916238751506,20.745547564417077,2,3
warm_days,40764,Ravansar,34,False,7.368424629617316,,,16.666666111071486,7.071042382649113,26.26228983949386,31.363631230614647,,,23.99520660099733,14.696965119543162,9.29824148145417,9.27571618780376,6.717554511072473,-0.7692012327855424,26.363635236704955,14.136690126858511,5.452107590384827,6.000000233296742,24.624999063892666,23.481319355740908,10.713644914768391,-3.9999782769024272,37.061111049138965,,0.0,,insufficient,,0.0,,insufficient,14.205603167937147,10.887683437509157,-8.705878909111421,32.29303482565375,3,3
warm_days,40765,Sarpol-E-Zahab,34,False,10.624979199237572,,,11.999999449996329,4.99984801965057,19.000150880342087,21.42857767669034,,,10.80359847745277,9.428578226694013,1.375020250758757,10.363996444908535,2.339963674339911,7.470391128812207,15.005440231344362,10.692925208336158,2.419040754548354,4.924999416380005,14.62615567846595,20.944836217438663,8.429893134907807,-2.1448383865344076,40.588087583329866,,1.0,,insufficient,,0.0,,insufficient,10.58083977253013,8.958609317454593,-12.811623095751363,29.6132244083852,3,3
warm_days,40766,Kermanshah,34,False,6.842105232379657,,,2.1052638549255036,-7.843195740201434,12.053723450052441,9.499997033288853,,,2.657891800909196,7.394733178363349,-4.736841377454153,5.3575959159447475,4.123013133103048,-2.9107138936533765,11.249995799989154,3.634812080859409,6.775438637599542,-7.504837979326418,15.814073355204103,4.55421485447815,10.973930948498268,-15.294119008222905,20.038547987219264,,0.0,,insufficient,,0.0,,insufficient,-0.8033810614665974,10.154775744350664,-23.294115831941326,16.45914800682295,1,2
warm_days,40768,Hamedan (Airport),34,False,8.947368180977845,,,11.176469599847392,4.54959905550303,17.803340144191754,21.3333333308642,,,12.385965149886355,10.156863731016808,2.229101418869547,6.44423081738335,3.8740808682467085,-1.874972948530593,12.727269243215979,9.98183595789351,3.7232648099785806,3.750000367276233,17.146102343264218,21.574807761043576,10.074215429055197,6.000000684131183,36.69232198158912,,0.0,,insufficient,,1.0,,insufficient,15.130576943660225,11.180882332319294,0.6829367550523003,34.631883836975874,2,3
warm_days,40769,Arak,34,False,11.071428893483859,,,17.368416027912648,12.350962410032356,22.38586964579294,20.499997262027435,,,9.428568368543576,3.131581234114787,6.2969871344287895,9.97296498330182,3.7801776605028623,6.640642836260122e-08,14.800000001448911,15.599769515957723,3.012602574730308,8.592858747602511,19.63055417509876,16.116033263337297,8.611305713992614,2.8007110436324313e-06,34.80590395862547,,1.0,,insufficient,,1.0,,insufficient,6.143068280035476,9.30131484022273,-10.93670500854449,25.357118279996975,3,3
warm_days,40770,Qom,34,False,9.166666929012475,,,17.49999903244135,10.98961236975014,24.010385695132562,24.61537103107405,,,15.448704102061576,7.1153719986327,8.333332103428877,8.222570558028863,5.667751991348595,-2.499999739959174,16.666666691335536,14.708588861232233,4.5477876859012545,7.616071818252143,23.33750015238661,21.132995273374963,7.0830182170709355,8.000003192087986,35.999997054213,,0.0,,insufficient,,1.0,,insufficient,12.910424715346096,8.110193928311329,-3.813918214932907,32.875196263131016,3,3
warm_days,40771,Kangavar,34,False,8.928573298273806,,,18.947365660276535,10.920312757751894,26.974418562801176,20.99999997698088,,,12.071426678707075,2.0526343167043457,10.01879236200273,8.670347561276865,3.660423539930396,2.3055568882712363,12.830001062083847,15.535998986080399,4.3471856765420975,6.470590424800375,21.678569085327748,17.763972830641002,8.912240088364635,9.2454102885969e-07,33.157889803811834,,1.0,,insufficient,,1.0,,insufficient,9.093625269364138,10.007555853227718,-9.318185589152334,31.699986549252724,3,3
warm_days,40772,Qorveh,34,False,8.235294155322125,,,16.470580681062067,10.36489011741093,22.576271244713205,25.000022787436677,,,16.764728632114554,8.52944210637461,8.235286525739943,11.02525280372338,6.156080804511362,1.3208315103660122,20.83333832731501,16.069483277206032,2.6565933745855563,10.000023489357902,23.333331719137483,25.1329809078392,9.681282993830816,10.588234072944202,39.333329372774834,,1.0,,insufficient,,1.0,,insufficient,14.107728104115818,10.450376750245718,-7.886761098455341,32.46354013858345,3,3
warm_days,40774,Borujerd,34,False,9.642857985423332,,,15.99999947175078,10.732956515730308,21.26704242777125,22.25809423167746,,,12.61523624625413,6.258094759926681,6.357141486327448,8.3446339289185,3.521532806188811,-4.458333373198638,12.999999243194008,14.854722618823743,3.416532961304036,5.294120300285004,18.85227194009016,21.2577524435766,10.95893186012302,-1.9999987968276234,40.781861360432714,,0.0,,insufficient,,0.0,,insufficient,12.913118514658104,11.457764063383516,-9.277090737248255,38.179761972749965,3,3
warm_days,40778,Gonabad,34,False,2.96296200176063,,,13.548387397321985,7.872705919477996,19.224068875165976,11.600022796586462,,,8.637060794825832,-1.9483646007355233,10.585425395561355,2.915858854116837,6.195360442306502,-11.999996234168398,18.008331867309483,10.342052638894836,3.9878493980438954,3.328941290410631,16.4819020659902,12.605695508384109,4.69203723673631,3.927778341048279,19.054762589454057,,0.0,,insufficient,,1.0,,insufficient,9.689836654267271,6.17057011362899,-2.1656807209531834,21.249988842674476,2,3
warm_days,40779,Eslamabad-E-Gharb,34,False,7.5000102083012745,,,12.727271971811549,4.218000875100669,21.23654306852243,18.57143246650393,,,11.071422258202654,5.84416049469238,5.227261763510274,6.524210076895952,3.0059714317036383,-1.7500010802310366,10.74074023773709,9.216542916481549,5.263627072883452,3.8791312513478246e-06,16.521738727616288,13.818559521935004,11.573535865646189,-3.578685971573167,42.88245409820972,,0.0,,insufficient,,0.0,,insufficient,7.294349445039054,11.82764262906199,-11.235292108194654,39.23739492802203,2,3
warm_days,40780,Ilam,34,False,13.000001755117768,,,21.11111185487762,13.923546718157809,28.298676991597432,31.92310115245928,,,18.923099397341513,10.811989297581661,8.111110099759852,16.22857292858373,7.4225911602643,4.705884999126741,35.478897593164625,22.10803591861908,3.110136099821024,15.790445562647747,28.18181067156025,33.39695748169499,5.184084120563685,23.636365840789,43.84614547742209,,1.0,,insufficient,,1.0,,insufficient,17.16838455311126,9.389712559143371,-2.3720884374623803,35.29408629396754,3,4
warm_days,40782,Khorramabad,34,False,11.999999933331472,,,16.153847301772974,9.604716644192639,22.70297795935331,26.45164215143926,,,14.451642218107787,10.297794849666285,4.153847368441502,11.533583768029489,5.286862397541336,2.307722251681635,27.142841374145906,16.37115638221297,3.643767953910316,9.367898031674564,23.637559528279844,24.91084014210129,8.7161665075307,5.78947386674582,45.33333024296245,,1.0,,insufficient,,1.0,,insufficient,13.377256374071795,9.488917004883513,-6.771545058378888,36.86936150590743,3,3
warm_days,40783,Aligudarz,34,False,8.63636371142909,,,14.333333222222194,7.6716548234985815,20.995011620945807,11.61291286631838,,,2.976549154889291,-2.720420355903814,5.696969510793105,6.364374752149995,3.5600157926456837,-0.9999937101989735,11.428571100053455,12.645112187454952,3.698917528015594,2.6034786439253845,18.181808504988062,18.474758438492284,10.210969274502979,-4.117624817990928,41.99999276823458,,0.0,,insufficient,,0.0,,insufficient,12.110383686342288,10.551650804252942,-8.488357177966163,32.99998452965655,2,3
warm_days,40785,Kashan,34,False,8.000018460299408,,,15.416666716586246,10.003984339693073,20.82934909347942,27.333325759923856,,,19.333307299624447,11.91665904333761,7.416648256286837,7.595148550505723,4.6382089707903225,-5.025002892474108,18.461534097607082,12.83803115261584,3.589845168113581,6.00000194118298,20.505353174427555,19.404428389509846,9.235172366736315,-1.333332437256432,30.9523566258469,,0.0,,insufficient,,0.0,,insufficient,11.809279839004125,9.34480175665126,-8.399895139017612,25.952377249481177,3,3
warm_days,40787,Daran,33,False,6.666668148632737,,,14.666662013479002,5.644786237258415,23.688537789699588,34.814786121188334,,,28.148117972555596,20.148124107709332,7.999993864846265,5.319626350977201,5.730938215188876,-3.9999828076932333,14.444442284455617,11.65261311597434,4.894030632877849,2.8571435942930923,20.83332520521693,22.312285305635047,13.05477688281116,-4.666665904629265,42.06363596861664,,0.0,,insufficient,,0.0,,insufficient,16.992658954657845,13.26008255217858,-11.096292658548466,44.000291017669774,3,3
warm_days,40789,Khur-Va-Biabanak,34,False,9.999999891652129,,,9.999999822216054,3.447613361127587,16.55238628330452,26.071428613945734,,,16.071428722293604,16.07142879172968,-6.943607466780577e-08,7.41968766185612,4.68523691902318,-1.3187496058900112,12.737216328020038,8.995572080461185,3.8346301626933457,2.9964233892099132,20.41666679179385,16.484063903517885,10.577303417666698,-3.529411513222462,29.04761572172182,,0.0,,insufficient,,0.0,,insufficient,9.064376241661765,10.066994467926383,-10.818540022705886,23.89163394016578,3,3
warm_days,40790,Robat-E-Poshtebadam,33,False,8.928568209293934,,,11.428571301116547,4.697693663369862,18.159448938863232,9.285714206345327,,,0.3571459970513935,-2.1428570947712196,2.500003091822613,3.4246746099011904,5.78379224596128,-11.428568867580292,12.402499782189267,6.1826941814873955,4.3684389926733145,-1.2176867514723493e-06,13.333323758598413,8.731385970031173,3.3191404575979586,3.6363636369676895,17.28734022927889,,0.0,,insufficient,,1.0,,insufficient,5.3067113601299845,6.502776947068841,-5.2618339501925036,20.201379360466426,2,3
warm_days,40791,Tabas,34,False,10.740735847672305,,,17.999994282464243,10.29273740288701,25.707251162041477,21.90476466102377,,,11.164028813351464,3.904770378559526,7.259258434791938,9.092789405814766,3.865211708192607,-3.33293988488005,14.285713688019452,13.828753614694522,5.912605607522302,3.325000463837415,24.373745851288014,18.28920121681597,7.277854678933884,2.9527786675920216,30.027779738793683,,0.0,,insufficient,,1.0,,insufficient,9.196411811001205,7.091344023903816,-5.700475971994811,21.906746445674624,3,3
warm_days,40792,Ferdows,34,False,4.285714290754464,,,6.250000390625339,-1.2169628753615704,13.716963656612249,9.500005945719938,,,5.214291654965474,3.2500055550945985,1.9642860998708755,1.298130229604452,5.502096308523882,-15.02499823511022,6.931815202973284,3.251267926903389,4.475191020561392,-5.299264563692967,11.819603877998976,3.831540810269221,6.2587415889774585,-12.666661195752251,13.04347855345407,,0.0,,insufficient,,0.0,,insufficient,2.5334105806647687,7.138520993384222,-11.411457050519287,20.83568114818908,2,2
warm_days,40793,Qaen,34,False,11.111111077579624,,,15.55555549852403,10.060820345129184,21.050290651918875,18.500002211257446,,,7.388891133677822,2.9444467127334164,4.444444420944405,9.519655934231317,4.807535324058457,-2.54464092619186,15.013889575625296,13.631101605038134,3.9971875724175616,5.286780234209848,20.041665900447445,18.22387660927074,5.0937167786985755,4.117662403388583,26.666663639759538,,0.0,,insufficient,,1.0,,insufficient,8.704220675039423,5.358339831121063,-3.0341013648895716,18.936329743230853,3,3
warm_days,40794,Safiabad (Dezful),34,False,9.49999990555604,,,12.916667666011321,3.520850795202401,22.312484536820243,30.000001493073142,,,20.500001587517104,17.08333382706182,3.4166677604552813,8.458965584590338,1.794122070834582,6.42857151843054,12.920672810505208,13.472610433853976,4.757216824073,6.656248479567755,22.295913726838812,20.83309587092109,12.595696387704708,-15.999996962012123,36.72222082878016,,1.0,,insufficient,,0.0,,insufficient,12.374130286330749,12.323546859196306,-22.676466588161794,28.437102243106096,3,3
warm_days,40796,Dehloran,34,False,10.000000023068678,,,17.000001419817597,10.397164216162565,23.60283862347263,28.076947493573044,,,18.076947470504365,11.076946073755447,7.000001396748919,15.465528737214857,7.58397151341531,4.166666093245878,27.1517872487383,18.994876202579636,4.3644675529591215,8.731249428909917,28.003125334692463,31.58528000862241,9.124062778805145,7.978571846834064,46.331246071575016,,1.0,,insufficient,,1.0,,insufficient,16.119751271407548,9.43118501507079,-5.911611015840592,31.538438434962163,3,4
warm_days,40797,Kuhrang,34,False,6.666666558641762,,,18.333332379074285,9.31641826224778,27.35024649590079,18.148148632000503,,,11.481482073358741,-0.1851837470737827,11.666665820432524,8.856375439245026,8.977739181751607,-3.3333130679568854,25.714284572843457,17.225435746163768,6.626657473494803,7.029414871039499,30.020830961486393,27.69085240113264,10.267299312360006,6.6666681247873605,44.14339829911921,,0.0,,insufficient,,1.0,,insufficient,18.834476961887617,11.883198165001597,-4.769227900515108,41.67045333097367,3,4
warm_days,40798,Shahrekord,34,False,6.818183058375416,,,18.69565237669044,10.605090450093416,26.786214303287466,20.606060999897913,,,13.787877941522497,1.9104086232074735,11.877469318315024,6.930712266833605,6.3887700112295995,-2.8571413571576083,22.72727220182075,16.336742341209824,4.886689008869156,4.383332097580085,23.875028183477347,23.82350314120561,8.764041243558863,7.5000011974133765,39.99999353061481,,0.0,,insufficient,,1.0,,insufficient,16.892790874372007,10.41366175354491,-0.462478326314143,35.57444849189169,3,3
warm_days,40799,Ardestan,33,False,8.148142742662941,,,10.000004500115582,1.8719973444556022,18.12801165577556,13.636371132605262,,,5.488228389942321,3.636366632489681,1.8518617574526406,3.862293519575977,4.541412968810357,-8.124996002268876,10.000000680532029,7.4472669408909145,5.796437578644486,-2.671428221321779,18.460526008546093,11.552433351088247,5.412874561401776,-1.557859983355468e-07,17.69229032611712,,0.0,,insufficient,,0.0,,insufficient,7.69013983151227,5.8312224367234045,-5.634373539924479,17.581956198710884,2,3
warm_days,40800,Esfahan,33,False,7.894736756452887,,,13.333333538160236,7.05526828841794,19.61139878790253,42.000000950499455,,,34.10526419404657,28.66666741233922,5.438596781707349,7.848458068660028,4.071430727935887,1.9499898969259712,16.36363591450246,14.551023670316034,8.642444113940643,6.666674511693834,39.65955873795423,28.440316759275156,19.21769190045367,-3.99999939769056,56.89772763608143,,1.0,,insufficient,,0.0,,insufficient,20.59185869061513,18.07225658624745,-11.147615048905452,46.70714680767216,4,1
warm_days,40801,Naein,33,False,8.518512983366278,,,10.95238084820788,4.412800272009174,17.491961424406586,10.000002601684725,,,1.481489618318447,-0.9523782465231552,2.433867864841602,4.5471732746790785,4.998497222375438,-5.882345779544863,11.92308010890786,8.859712992363045,3.187781551953353,1.9999962471050907,14.389117962745898,10.186951553215637,6.5689538420472156,-6.315778244419926,17.69229907416808,,0.0,,insufficient,,0.0,,insufficient,5.63977827853656,7.302062687452516,-9.445585931821128,17.669220925862604,2,3
warm_days,40802,Esfahan (Airport),34,False,6.666666671705973,,,10.000000997560429,3.354637987221466,16.645364007899392,14.49999681682556,,,7.833330145119587,4.499995819265131,3.333334325854456,5.067138047726712,3.5733408016952475,-2.520832571303019,11.48792265171247,10.422351397514644,2.9368646091824604,4.162500749016609,16.666665563871312,12.149460547672756,7.006816858478288,7.491598876793251e-07,23.74999946610459,,0.0,,insufficient,,1.0,,insufficient,7.082322499946044,7.63803844812298,-8.337498946625903,20.656512793392324,2,3
warm_days,40803,Kabutarabad,33,False,8.750000450363835,,,17.272727788318754,11.37083330919511,23.1746222674424,33.44827581844427,,,24.698275368080438,16.17554803012552,8.522727337954919,7.898808667480903,2.9339330685134413,-0.6666600009775844,13.749994849871484,16.137395852711226,4.256822263425811,6.656247506782669,22.356613672843597,21.553013314453093,12.11036397453277,-1.3588242988533072,37.09443345200759,,0.0,,insufficient,,0.0,,insufficient,13.654204646972186,11.536548510090764,-10.898547572260718,28.7538504798076,3,3
warm_days,40809,Birjand,34,False,7.142857100340262,,,14.999999789782189,6.977189780753241,23.02280979881114,16.875000060764012,,,9.73214296042375,1.8750002709818236,7.857142689441927,6.795445030900435,3.5469630570115616,-0.08823696336573704,11.666670443124259,13.207496219215072,4.904736125478315,-0.017854909830388153,20.714283640383098,14.01101999430916,5.472480002681145,2.857151544528762,21.428570946771913,,0.0,,insufficient,,1.0,,insufficient,7.215574963408726,5.122714637549964,-4.950386829034547,17.536225466900532,2,3
warm_days,40810,Bostan,34,False,7.692307626560982,,,13.793108137749286,4.860167202346856,22.726049073151714,32.72727164675773,,,25.034964020196746,18.934163509008442,6.100800511188304,7.356878178907652,1.7758508415035452,5.00000036644201,10.000000371157789,15.412399510386221,6.0071418386435935,3.333339007094946,25.7380950546332,28.558785051076008,8.003320966681233,12.785720888320464,37.061110658379164,,1.0,,insufficient,,1.0,,insufficient,21.201906872168355,8.290566300665047,2.6973194278324857,30.521351632250358,3,3
warm_days,40811,Ahvaz,34,False,8.82352771843301,,,15.500001645001317,7.063327419280119,23.936675870722517,22.000000485713308,,,13.176472767280298,6.49999884071199,6.676473926568308,7.308571903318889,4.1400338053193675,1.950000550955929,16.275557939624218,13.072598457046546,6.518328496723171,-0.019228420678881253,23.74439501784612,23.605653298036856,11.63892897958915,3.2500000196924126,38.061362306391864,,1.0,,insufficient,,1.0,,insufficient,16.297081394717967,9.990807751987713,-5.1519647607109205,32.45265527954145,3,3
warm_days,40812,Masjedsoleyman,34,False,12.857142962962914,,,15.000003518745666,8.702681204098562,21.29732583339277,23.9999896233493,,,11.142846660386386,8.999986104603634,2.142860555782752,13.589821054034488,4.250443515569582,3.9781266348656157,18.571428894611937,15.155161806993712,2.8766001648672543,9.166668298362199,20.769230750738682,17.365226151186434,11.24856498314959,-4.210526173117376,42.142852924747906,,1.0,,insufficient,,0.0,,insufficient,3.775405097151948,12.415617797516811,-22.543858540536498,35.08730985848176,3,3
warm_days,40813,Ramhormoz,34,False,11.48148150253528,,,12.692307781065772,3.724992575511907,21.659622986619638,25.000000710688823,,,13.518519208153544,12.307692929623052,1.210826278530492,11.004605043502524,2.8532788997689917,4.285715784837035,16.999962551981188,15.302874313133843,5.911210524931323,7.611903128901543,30.071427881891562,22.57280802238831,10.858617314981041,-0.5710781593864243,33.40000056057652,,1.0,,insufficient,,0.0,,insufficient,11.568202978885779,10.267402680859965,-10.756120103977794,24.46342437589523,3,3
warm_days,40818,Abadeh,34,False,7.499928952800188,,,17.727270300119827,8.684646629321309,26.769893970918346,19.166666639660512,,,11.666737686860325,1.4393963395406857,10.227341347319639,7.703773140103113,7.811675455556276,-3.7499954350555487,25.623738666557962,14.454452156231444,4.207379262699181,4.285716829610418,21.2499966660775,15.319906810059294,7.225230266018634,0.833333892395184,31.81818161498177,,0.0,,insufficient,,1.0,,insufficient,7.61613366995618,7.257302047439946,-7.839928119941177,19.012152845733315,3,3
warm_days,40821,Yazd,34,False,7.999999805554084,,,13.333330238121526,7.642424971281372,19.02423550496168,15.217391436526173,,,7.217391630972089,1.8840611984046465,5.333330432567442,6.568637924289216,4.235800275085614,-2.4999998070049028,14.810217192255353,11.172847676316605,3.188313892151884,4.429469798824959,15.938497682648482,14.11261411018299,5.534336062721534,5.333333830279131,27.857138483864162,,0.0,,insufficient,,1.0,,insufficient,7.543976185893776,5.902727422474094,-2.9798520152040457,21.756812622515326,2,3
warm_days,40827,Nehbandan,34,False,7.692307836949886,,,14.399992131208602,7.322653660073643,21.477330602343564,17.27272723803499,,,9.580419401085102,2.8727351068263864,6.7076842942587165,5.954703870936226,4.768708462028313,-3.3333250943904593,15.555562038237133,11.765272467804447,3.4323699995616868,6.514945565216331,18.189772518811903,11.330903025315026,6.874719295210257,2.5000015271187874,23.464287934059605,,0.0,,insufficient,,1.0,,insufficient,5.376199154378803,6.295007559521663,-6.355626008524046,18.439351587268874,2,3
warm_days,40829,Zabol,34,False,9.000000391685782,,,19.545457410257914,13.014839012243874,26.076075808271952,22.66664409477214,,,13.666643703086356,3.1211866845142247,10.545457018572131,8.019383050533376,3.961425661823013,1.3608039054300185,14.613636250028604,19.048403983559545,3.665251231283488,13.304348650447073,24.85272517266055,17.657395781790555,5.488531084264985,3.3333332258878285,24.705882161219243,,1.0,,insufficient,,1.0,,insufficient,9.63801273125718,6.089417732921249,-5.333331778166845,18.727779954184605,3,3
warm_days,40831,Abadan,34,False,10.740739774281819,,,12.222221728380871,5.207822313874833,19.23662114288691,27.61904396754489,,,16.87830419326307,15.396822239164019,1.4814819540990527,9.456844085479194,2.134107432711907,4.166669238880642,13.33332050768127,13.163291434538003,3.5357024755712905,6.189557579787451,19.270833700440033,25.638037109918876,8.602239031463478,9.033944167657872e-07,41.00624968277964,,1.0,,insufficient,,1.0,,insufficient,16.18119302443968,7.874053911124833,-6.1904774156978535,31.862758858696306,3,3
warm_days,40832,Bandar-E- Mahshahr,34,False,9.16667115442083,,,13.225806159490354,7.601883222081833,18.849729096898876,27.037017005946826,,,17.870345851525997,13.811210846456472,4.059135005069523,7.9736528205250945,3.1235972638714675,1.7384444146312337,12.289437950339781,11.884021587743309,3.5201719813815315,5.392369176874335,18.333333304062016,20.29706498139855,9.205369671616912,-0.052622035518280263,33.17922737165203,,1.0,,insufficient,,0.0,,insufficient,12.323412160873454,9.98681533420228,-8.478815749416343,26.97604801459285,3,3
warm_days,40833,Omidiyeh (Aghajari),34,False,10.000000668010893,,,15.999999428084248,8.711852362893104,23.28814649327539,27.142855008314456,,,17.142854340303565,11.142855580230208,5.999998760073355,10.252424841429383,3.689333163394003,5.000008374552959,19.230768915516112,14.273560243057405,3.944046952570159,6.92308362511567,20.825454286336782,21.211092487872147,9.652315640382923,-4.9999991450266075,32.78408970391137,,1.0,,insufficient,,0.0,,insufficient,10.958667646442764,9.02789063587979,-11.681818190927588,20.97857226009498,3,3
warm_days,40835,Dogonbadan,32,False,14.999997338094916,,,15.000000390162365,6.632308491271605,23.367692289053124,29.999993964752672,,,14.999996626657756,14.999993574590308,3.052067448550133e-06,14.96073421968287,4.368068734784814,8.181817857100041,26.249999462586704,18.25176083632886,5.922403606486609,11.751823107203258,28.654018940251845,26.497323114261953,9.549093677728465,9.025401116315996,45.99998864561189,,1.0,,insufficient,,1.0,,insufficient,11.536588894579086,9.786117887151725,-6.886901454690192,23.420273520628616,3,4
warm_days,40836,Yasuj,33,False,9.374998630910977,,,13.846153447925904,7.968960883381743,19.723346012470063,19.666659511059592,,,10.291660880148616,5.8205060631336885,4.471154817014927,6.97570214505806,2.887823762834901,0.00033213887444563347,11.333327707701077,14.117883041957075,3.044774074490237,7.821611329545996,18.12500099522891,17.703671325116776,13.89527929481664,-5.294101312778955,52.35291205676624,,1.0,,insufficient,,0.0,,insufficient,10.727969180058716,13.802842308243463,-11.17475383202264,41.90974166020008,3,3
warm_days,40839,Anar,34,False,8.46153843195256,,,10.769236467317878,3.9554531057935103,17.583019828842247,11.0000022261688,,,2.5384637942162396,0.23076575885092154,2.307698035365318,6.472080752910237,2.727981289904236,1.9884626960238194,11.913594271139562,9.60932706073533,3.6713130858721623,2.4930694694765148,14.09090705737647,14.833554790941239,5.143410739093025,9.166666952126926,23.03750003699339,,1.0,,insufficient,,1.0,,insufficient,8.361474038031002,4.815939005092409,-0.913597644361271,17.22930669320947,2,3
warm_days,40841,Kerman,34,False,6.999999645040491,,,13.333333550535452,3.5818817908105327,23.084785310260372,11.250000485308613,,,4.250000840268122,-2.0833330652268387,6.3333339054949604,6.555716374664073,3.2052383305446623,0.6666675108768657,11.77058736658236,11.631408655691512,5.869399056113555,-1.5454348518935483,20.81571237575534,14.124126015483153,6.49319561528376,5.000003126281229,24.545453796995375,,1.0,,insufficient,,1.0,,insufficient,7.5684096408190795,6.0208458568134455,-0.9137009172067381,18.255303852463715,2,3
warm_days,40844,Dorudzan,34,False,12.14285507972591,,,17.199998985387495,9.062656312957175,25.337341657817817,30.00000321023303,,,17.85714813050712,12.800004224845534,5.057143905661585,9.960946026064684,3.274521287528933,4.968751146368084,17.151786388350548,16.700317605697155,3.419982360072167,8.324999971530367,22.146994686788396,23.062164365869805,11.115791953233856,1.1111116247378743,40.47618973518232,,1.0,,insufficient,,1.0,,insufficient,13.101218339805122,10.572586922875027,-6.388885021253672,30.476179369838988,3,3
warm_days,40847,Zarqan,34,False,11.176470519031144,,,17.307692337278183,9.733044658764165,24.882340015792202,32.33332823041834,,,21.156857711387197,15.025635893140155,6.13122181824704,10.787930428382788,3.1785460776062515,7.142862089663347,18.999999789514163,17.95970372332699,2.9055240391989017,12.848214531148368,23.854167437919887,20.568807155823585,7.44024720491842,12.222223138936261,34.374997809034305,,1.0,,insufficient,,1.0,,insufficient,9.780876727440795,7.672754435056267,-3.202612291024638,23.745749692008996,3,3
warm_days,40848,Shiraz,34,False,9.5238066725552,,,15.555561521656557,8.067198234762671,23.043924808550443,21.212122134374077,,,11.688315461818878,5.65656061271752,6.0317548491013575,7.680892187475797,3.7163549418434494,1.075388653702179e-06,17.80833361615967,15.160099789643423,4.573201713520903,3.3214266981656597,22.738638786839225,21.593532077760727,8.975195582839842,3.333334165744601,37.52678580754881,,1.0,,insufficient,,1.0,,insufficient,13.91263989028493,9.146537164567974,-3.577381107765403,31.330126789169192,3,3
warm_days,40849,Shahrebabak,34,False,9.374928925394405,,,14.6153889483697,7.129699566924765,22.101078329814634,22.66666830620948,,,13.291739380815075,8.05127935783978,5.240460022975295,8.846344578079409,4.779433535823056,1.8111902754052773,17.272727717816064,13.983496566011368,4.743629846563687,2.0000048437259803,24.003448600581613,20.7666967488136,7.085541446881395,3.325001260425044,30.512502311464928,,1.0,,insufficient,,1.0,,insufficient,11.920352170734189,7.671485346125835,-1.3233055045214015,23.670616221358696,3,3
warm_days,40851,Sirjan,34,False,8.799995344577638,,,14.40000710801803,6.113387949396987,22.686626266639074,19.09090993869692,,,10.290914594119283,4.6909028306788905,5.600011763440392,8.359560315906942,4.147490601476119,-0.024995812215524042,19.999999255785998,15.131752206432534,3.3915896963651297,5.533335008134022,21.56818045145669,15.446659032085615,8.133864767840953,-0.8720142858736034,31.051923321935302,,0.0,,insufficient,,0.0,,insufficient,7.087098716178674,7.249252833422114,-7.880713978576646,21.016394121728453,3,3
warm_days,40853,Baft,34,False,7.500000268343326,,,18.571428103405815,9.481657733222079,27.66119847358955,25.999999931842417,,,18.49999966349909,7.428571828436603,11.071427835062488,9.372458646663835,4.35842344599196,0.9071977890889812,20.01562522547687,15.985300588080989,5.165473603183667,6.636363998692129,25.384614590952083,22.561830949926325,5.862106551444847,13.436755721789792,30.09090693891914,,1.0,,insufficient,,1.0,,insufficient,13.18937230326249,6.848861444305117,-0.03215802502635523,24.06196899574786,3,3
warm_days,40854,Bam,34,False,9.999999922429765,,,17.999999822220165,12.243322445467271,23.75667719897306,22.121221555950445,,,12.12122163352068,4.12122173373028,7.999999899790399,10.513669461748417,3.041751236722377,6.666670269297858,15.566666544588545,16.023229290848075,3.075020244770914,10.000015584505709,20.715658526366724,20.83659963741442,5.026644089661243,11.000000229479129,26.666666231481017,,1.0,,insufficient,,1.0,,insufficient,10.322930175665997,4.775943419828161,1.688791018773578,19.008326042386713,3,3
warm_days,40856,Zahedan,34,False,5.909090876951151,,,9.375009621569088,2.0454200938798586,16.704599149258318,11.333320473402244,,,5.424229596451093,1.958310851833156,3.4659187446179374,3.464655291166539,3.950814942617933,-4.293949148415585,10.55555554307549,9.358837300742328,3.5732919636940395,-0.5801306897217832,15.499998087980407,10.41570279015938,6.728125834929469,0.609375618517243,26.033362364392683,,0.0,,insufficient,,1.0,,insufficient,6.951047498992841,5.627661680507485,-1.6648491460335848,20.007775588690077,2,3
warm_days,40857,Bushehr (Coastal),34,False,9.444448935016478,,,23.600000128000765,15.483483326692086,31.716516929309442,26.45161311088177,,,17.00716417586529,2.8516129828810044,14.155551192984287,14.486923685896159,10.78390164618805,3.6363657870272528,44.61535387924735,22.587501391393744,6.3738777599544285,8.571429538267193,33.076921487774,28.496653379183716,7.925677598076093,16.099637209789776,44.99999852481994,,1.0,,insufficient,,1.0,,insufficient,14.00972969328756,10.159401544728711,-10.103986821870839,30.03095409276472,3,4
warm_days,40858,Bushehr (Airport),34,False,4.5454500818077,,,2.3809522902493803,-3.5704566249864356,8.332361205485196,-5.652173191466076,,,-10.197623273273777,-8.033125481715457,-2.1644977915583197,3.1889480572076603,5.624970085304664,-7.195053153730025,13.63636339591762,-0.2528164218114219,6.260629648652426,-16.92305301811079,8.573813718130571,-6.584159429597508,7.39558579378735,-18.690475399433442,5.835214162903654,,0.0,,insufficient,,0.0,,insufficient,-9.77310748680517,7.864947367958292,-24.101185788159917,6.168981279253114,1,2
warm_days,40859,Fasa,34,False,7.142864316599027,,,12.727271735530579,5.627500478038304,19.827042993022854,13.939413758195684,,,6.796549441596657,1.2121420226651054,5.584407418931551,5.8528441726721745,3.864845626066471,-1.4285688125361344,11.599999890068496,10.192842958509988,3.3461513145686115,4.756495291102383,15.015623502352868,14.13772576550029,9.321111171419423,-2.941181166203343,29.99998299954944,,0.0,,insufficient,,0.0,,insufficient,8.284881592828114,10.685020129885853,-12.453617923598284,24.666666807667312,2,3
warm_days,40870,Khash,34,False,2.999998278043621,,,11.000001400010271,3.2632627474556024,18.73674005256494,16.249999644094338,,,13.250001366050716,5.2499982440840665,8.00000312196665,3.9660476306045642,3.3563367047130686,-0.43478259833119076,11.116666239501694,11.36284299372951,3.1748540385731467,4.278570753776436,16.81817735237567,14.292239540842,6.047840033622233,-1.4285698209052395,22.30965693560096,,0.0,,insufficient,,0.0,,insufficient,10.326191910237439,6.257685666118266,-4.446424822584832,20.422729745251374,2,3
warm_days,40873,Lar,34,False,10.000005161066932,,,12.40000127358163,4.332986190166501,20.46701635699676,9.615385186176796,,,-0.38461997489013555,-2.7846160874048334,2.399996112514698,7.855611933234115,4.294209047546917,0.7692315569607228,14.54545989641604,12.598464658778369,3.067764509252676,3.3333359205602386,17.999992000897123,16.981427591985508,9.29511981494509,-2.892856117912741,31.66666159151364,,1.0,,insufficient,,0.0,,insufficient,9.125815658751389,10.42357870025024,-10.741882309972967,28.538155203164518,2,3
warm_days,40875,Bandarabbas,34,False,5.0000000793652974,,,12.083330729303826,6.034696944360126,18.131964514247528,2.272728818130468,,,-2.7272712612348293,-9.810601911173357,7.083330649938529,7.496720605568137,6.020740084259629,-3.6411583951334987,16.228023140983286,10.681294272521251,3.5598710762152885,1.139348869154741e-05,15.4545366450935,6.473661449715724,11.142637857444864,-14.117646433086717,22.777774792927335,,0.0,,insufficient,,0.0,,insufficient,-1.023059155852413,13.27600541181624,-19.76517748276317,21.56016476318901,2,3
warm_days,40876,Minab,34,False,8.750000142286286,,,16.99999063889662,11.314919796823943,22.685061480969296,24.444444111579152,,,15.694443969292866,7.444453472682532,8.249990496610334,8.403963568287677,7.791341151413129,-15.45453014159563,17.499999491318725,14.998568303177116,5.716492059050774,-4.166664878838732,20.02778188641498,19.951669526813735,9.608047705153593,-3.529401382769201,33.33333199319932,,0.0,,insufficient,,0.0,,insufficient,11.547705958526054,10.376470940220331,-10.681817931791638,33.368750769095094,3,3
warm_days,40877,Kahnuj,34,False,2.608699995903536,,,9.285715491640216,1.9486989910292598,16.622731992251172,13.12500107681486,,,10.516301080911322,3.8392855851746432,6.67701549573668,3.3914414020576293,4.143822162721084,-3.5163036930140423,14.285713979294941,8.384863098332831,5.323153287488124,-0.604775229846771,17.199999834389896,8.946377139087161,6.184256769514952,-5.8333296810702056,20.909081741850663,,0.0,,insufficient,,0.0,,insufficient,5.554935737029532,7.139162773766885,-9.833329476968816,17.591917535836956,2,3
warm_days,40878,Saravan,34,False,3.500058125161348,,,12.608692889546095,3.4449803588256387,21.77240542026655,13.043477912202164,,,9.543419787040815,0.4347850226560688,9.108634764384746,2.95501557983104,5.4325676730352095,-5.555553139714156,14.999998162035395,9.667042998280028,5.351201406376021,-0.7692275572687746,19.53571154109662,12.128000081541488,7.183782633286325,-1.176470171877191,25.29410924294557,,0.0,,insufficient,,0.0,,insufficient,9.172984501710449,8.678336962010793,-7.8358899838604295,24.499998146150066,2,3
warm_days,40879,Iranshahr,34,False,7.499999548592234,,,14.166666631943878,6.474503405340255,21.8588298585475,14.230769260355004,,,6.73076971176277,0.0641026284111259,6.666667083351644,7.058941988881323,4.025874920450546,-4.444439616900406,12.759091890438505,12.048622893413658,5.332480043766473,-2.499994768097959,17.164283488903745,9.892547614827796,10.358688397793403,-5.8943965124054865,24.706653795055427,,0.0,,insufficient,,0.0,,insufficient,2.8336056259464715,10.61896262487521,-13.699187585864069,17.375129230115224,2,3
warm_days,40882,Kish Island,34,False,9.999998792537692,,,12.962968493750079,6.469040486365231,19.456896501134928,7.142857460319185,,,-2.8571413322185073,-5.820111033430894,2.962969701212387,9.17704304224016,2.1041271990531336,5.0000005585249445,11.818182378154189,10.217816125799185,4.412495786708082,0.6964298511599228,15.60999707727471,3.626992235155023,12.948659802122217,-26.535012804923486,15.882351029040302,,1.0,,insufficient,,0.0,,insufficient,-5.550050807085135,13.32712001316215,-36.5613198403688,8.749998186358974,2,3
warm_days,40883,Bandar-E-Lengeh,34,False,9.999999318105347,,,13.599999156222342,6.356763913674299,20.843234398770385,10.000000038447098,,,7.2034175069291e-07,-3.599999117775244,3.599999838116995,8.653594621454209,3.80870394426775,0.5882367241601136,14.999999750639969,11.113710002665025,4.253827815569289,3.6337738512036086,17.49999940017444,9.140789951596238,6.394991184447921,-0.47744452594443215,20.035714454237826,,1.0,,insufficient,,0.0,,insufficient,0.48719533014202865,7.354823923086636,-13.081454752114555,13.652780994437926,2,3
warm_days,40889,Siri Island,34,False,6.250009216298547,,,9.677419271592019,0.7314314659171934,18.623407077266844,12.50000114544485,,,6.249991929146303,2.8225818738528314,3.427410055293471,7.002119238126593,4.388054356964077,-3.0769221473758623,14.004166147798955,7.744739202141783,4.146608551103349,0.4625022676108347,14.057402467349675,9.138776948088186,9.465754751483468,-8.823528760996703,20.1125000470279,,0.0,,insufficient,,0.0,,insufficient,2.136657709961593,9.978406321190551,-16.378480779762867,15.541065672415378,2,3
warm_days,40890,Abumusa Island,34,False,5.000000535631428,,,16.66669300019608,8.582017476244411,24.75136852414775,32.424244126984284,,,27.424243591352855,15.757551126788204,11.666692464564651,8.457640685658227,9.69137870595298,0.7142883565839014,41.66666599523442,17.739772237625502,7.5206254671457335,3.995239662944594,35.41666474643993,22.929422236676217,13.399866722645701,-3.3333329856614573,45.83333181823731,,1.0,,insufficient,,0.0,,insufficient,14.471781551017987,12.546211384668156,-10.312710046450116,34.33956163859743,3,4
warm_days,40893,Jask,34,False,1.8518685370950247,,,-2.142856224488327,-9.549038187010586,5.263325738033933,2.400001042271695,,,0.5481325051766703,4.542857266760022,-3.9947247615833517,1.1546139632711618,3.993038106922142,-7.1428564550861156,5.789473270592943,-3.504282355057035,3.974071951353822,-10.416644129068082,5.000000211748689,2.097798641953965,5.373311935453062,-6.842103458382771,10.985391971511746,,0.0,,insufficient,,0.0,,insufficient,0.9431846786828035,6.910064853112409,-10.48610785002701,16.666662506677383,1,2
warm_days,40898,Chahbahar,34,False,6.666665344399322,,,12.083333159722189,2.162343700997729,22.00432261844665,18.5000009811342,,,11.833335636734878,6.416667821412011,5.416667815322867,4.598806138393211,7.1519393583782875,-9.99998272051405,22.14284622859445,8.750320153755741,6.24064415074469,-2.2291639904821516,21.69078785924212,14.194758871354669,9.626631938447339,-9.333329079718348,28.499995986262345,,0.0,,insufficient,,0.0,,insufficient,9.595952732961456,9.986062822937178,-11.920887582801168,29.999980644965213,2,3
warm_days,88187,Jam,33,False,9.200008990946017,,,15.555567849909911,7.384915352475122,23.7262203473447,20.66666952494052,,,11.466660533994503,5.111101675030609,6.355558858963894,11.951939498334614,4.785561628387067,5.000002399619878,24.99999857978147,15.666618107498387,6.174010859107205,5.000018538842327,29.436083883883757,23.934019044757477,12.06313230774135,1.5000019647317562,54.296218463121036,,1.0,,insufficient,,1.0,,insufficient,11.98207954642287,12.759735252349193,-10.662271063673458,35.72082983589201,3,3
warm_days,99331,Tehran (Geophysic),33,False,11.874999756865245,,,13.571421135117612,6.8502453597009145,20.29259691053431,21.428570816309115,,,9.55357105944387,7.857149681191503,1.6964213782523672,10.057628452593946,4.194730101022379,-0.7692258965251361,13.333169641179802,14.394215127498526,4.209432216133114,6.666517585781608,24.615384210752758,18.92840389104145,6.933339033913477,8.523809462116112,33.333326870286875,,0.0,,insufficient,,1.0,,insufficient,8.870775438447506,8.785298708798992,-5.593915329914949,26.643743458648338,3,3
warm_days,99407,Boshruyeh,34,False,5.357142842970526,,,10.666668705188709,4.322668513932306,17.01066889644511,11.538468891226756,,,6.18132604825623,0.8718001860380475,5.309525862218183,3.8215775140493076,3.8334886076477668,-2.307691899087864,10.666670161830316,7.435857819623525,4.060273671723786,0.8125002580021207,13.756239841829323,11.983325848941424,5.34526514531985,2.49632417254775,18.948685738909266,,0.0,,insufficient,,1.0,,insufficient,8.161748334892117,5.557074377930729,-1.7868372737631815,15.706715129026867,2,3
warm_days,99421,Natanz,33,False,8.333332225108693,,,11.428570408167472,3.558075640357732,19.299065175977212,21.111110101341435,,,12.777777876232742,9.682539693173963,3.095238183058779,5.7965789904953375,7.1296277205142315,-8.000001636410088,19.999998902777556,8.547476783405841,5.684736523055474,-3.333735395663229,19.99999753597495,16.40982912997781,8.732421224426517,2.85237898435661,29.99999917373529,,0.0,,insufficient,,1.0,,insufficient,10.613250139482467,8.824676525024334,-4.773748030776754,25.154911809939154,2,3
warm_days,99459,Borujen,34,False,5.999999733330134,,,18.095238196998107,10.838108004406987,25.352368389589227,22.424242859969926,,,16.42424312663979,4.329004662971819,12.095238463667972,7.9190216851625,8.47192938895757,-2.1428555872684467,25.454545047646935,19.325899194255566,4.320682304522092,9.999998116344837,28.33552511158144,29.077009118316916,11.175906356954771,7.362782609371878,53.00833208337415,,0.0,,insufficient,,1.0,,insufficient,21.157987433154414,11.39197885825239,-0.5259406065065638,45.08574451422502,3,4
warm_days,99623,Zahak,32,False,7.333331731915595,,,16.666667639913978,10.99351499507582,22.339820284752136,18.18181763654453,,,10.848485904628934,1.5151499966305515,9.333335907998382,6.70447789097195,5.4317721676891955,-0.9598212462198308,23.33333081770477,16.114415316833174,2.933070277309356,6.666675702368579,20.000000067153344,13.178923541391068,7.538269201846431,0.9749913819903636,25.79364412971307,,0.0,,insufficient,,1.0,,insufficient,6.474445650419118,7.816865058552196,-10.177739514720809,16.036783592086184,3,3
warm_nights,19996,Bahookalat,32,False,6.000004046889463,,,3.333338676547658,-4.018845587539463,10.68552294063478,16.000000355554526,,,9.999996308665065,12.666661679006868,-2.666665370341805,5.1663429785394,4.028435717344926,-1.3333323873206293,10.714285237229243,4.743347060666392,5.98814634121371,-5.384615248809021,18.852936499108814,17.182414998374952,7.465237476376558,-1.1111109413578162,24.166664065039306,,0.0,,insufficient,,0.0,,insufficient,12.016072019835555,8.072179886505078,-5.05090711260518,23.10391897271596,3,3
warm_nights,40700,Parsabad,34,False,10.000003027405013,,,11.250000104166691,6.3274095012366125,16.17259070709677,11.578947075120169,,,1.5789440477151562,0.3289469709534778,1.2499970767616784,10.041501138051734,2.2085204549719175,5.714285775550663,14.374998365351388,10.727687744641731,2.899049228754298,4.088636453928029,14.831875277049406,13.20892957784859,7.478771481589439,-6.666667035365688,25.75892868998931,,1.0,,insufficient,,0.0,,insufficient,3.1674284397968564,7.342787982913913,-15.072576174046254,16.545449136841526,4,4
warm_nights,40701,Maku,34,False,8.23529581381563,,,13.749994790838846,7.136594059362636,20.363395522315056,21.111103886011936,,,12.875808072196305,7.36110909517309,5.514698977023215,7.37971641906226,4.246360379988674,-2.85714337860383,13.352272629137195,12.016641873807224,3.552787638237662,3.5446442060761654,18.202270902407246,20.542105146636377,6.516190113245671,11.250000431155375,31.65057983549896,,0.0,,insufficient,,1.0,,insufficient,13.16238872757412,7.856762616137736,0.19950579490483433,29.91594422195425,4,4
warm_nights,40702,Jolfa,34,False,11.538415774460454,,,17.14284572525735,11.379685291567462,22.906006158947235,20.333331421033183,,,8.79491564657273,3.190485695775834,5.604429950796895,11.791659850190657,2.5600942763859,7.368422842749603,18.333331618564486,16.413312284660513,3.484276818547629,10.453602941439998,24.374999156577715,19.360272259654177,4.578663112256345,9.3250000690844,24.11764554181771,,1.0,,insufficient,,1.0,,insufficient,7.568612409463522,4.801765777185466,-2.163458754586614,15.562767880382252,4,4
warm_nights,40703,Khoy,34,False,12.999997873410543,,,15.714282087996763,10.898404031236392,20.530160144757133,24.999998082126837,,,12.000000208716294,9.285715994130074,2.71428421458622,12.432782665174637,2.3755040289486082,8.999999880833643,17.146103706367505,15.553396864926745,3.3971285793966524,9.518359518965708,22.240197279198767,22.905350359891496,7.718447954894358,8.962500167004132,37.14284102440639,,1.0,,insufficient,,1.0,,insufficient,10.472567694716858,6.657448606361929,-2.5125071486689867,21.835223493050712,4,4
warm_nights,40704,Ahar,34,False,5.882353090069574,,,10.000000422846611,4.52574379291382,15.474257052779402,14.999994919131648,,,9.117641829062073,4.999994496285037,4.117647332777037,9.466039337092873,3.144971593677132,2.9555542943051845,13.008334318490693,9.627473187926835,3.3415742775813837,2.776515182726386,15.833299946001665,14.477973958590603,4.250461445193846,8.1439398378186,22.105249100377268,,1.0,,insufficient,,1.0,,insufficient,5.011934621497729,5.0378206373758445,-4.009846043704593,14.790091912311189,4,4
warm_nights,40706,Tabriz,34,False,9.545454281542167,,,9.333333688892376,2.9259679492476476,15.740699428537104,13.99999460142974,,,4.454540319887574,4.666660912537365,-0.2121205926497911,7.999794682377655,3.2729798463053132,0.5263171212699885,11.111111118934495,9.156362794456998,3.742143388889465,2.199999090837346,15.65217345619396,12.466691630292395,3.6057268764494017,5.992857120196593,20.416661653441768,,1.0,,insufficient,,1.0,,insufficient,4.46689694791474,4.487675886560721,-3.111109771483517,13.490962869078064,4,4
warm_nights,40708,Ardebil,34,False,10.000002222276361,,,17.27272727272726,11.915238134345763,22.630216411108755,20.000000148621783,,,9.999997926345422,2.727272875894524,7.272725050450898,12.628765576049918,3.5876683159413787,4.0000055628891165,19.99999806337657,17.00166999189724,2.525295413172969,11.000001993890944,21.670455635561698,20.612174180373515,3.0123658362644465,16.642851817781285,28.333332175294203,,1.0,,insufficient,,1.0,,insufficient,7.983408604323599,4.72102767349496,-1.6049425108604305,18.694755763466386,4,4
warm_nights,40709,Astara,34,False,10.000002748790177,,,14.99999686014776,10.820538022616052,19.17945569767947,19.999999974512097,,,9.99999722572192,5.000003114364336,4.999994111357584,13.120608138981309,2.970606160869704,7.058839803586399,18.237744019371483,14.754564735944596,1.575339535378705,11.538461761344106,16.666656837160716,18.59134753801466,5.402919215216094,11.874999088667732,36.111103025880574,,1.0,,insufficient,,1.0,,insufficient,5.470739399033352,6.732266990366054,-4.512846847266076,24.317442471893674,4,4
warm_nights,40710,Sarab,34,False,8.399999120969367,,,10.740766681261057,5.419677111183109,16.061856251339005,12.333330056848991,,,3.9333309358796242,1.5925633755879343,2.34076756029169,9.153994643806174,3.280496873196732,3.6363633957984787,14.28571578394896,12.37647422113794,2.6307609919189052,8.333336878052316,17.52500006097863,14.17279080871889,3.686598434142759,7.465275940942732,21.66666761045567,,1.0,,insufficient,,1.0,,insufficient,5.018796164912716,5.454503044743185,-4.779514842629692,16.84465895376174,4,4
warm_nights,40712,Orumiyeh,34,False,8.928571374716576,,,6.153846949601213,0.2892480729053011,12.018445826297125,-3.333330123456945,,,-12.26190149817352,-9.487177073058158,-2.7747244251153624,7.837633341952405,4.59445742704316,-2.1428568158677117,12.959752726382412,5.206055425671995,4.8585821247322265,-5.328431750053103,10.714284535565248,0.2992045573247502,8.935784919536095,-11.1369122142539,17.08326503136637,,0.0,,insufficient,,0.0,,insufficient,-7.538428784627654,8.960291899024698,-20.07148280596335,8.34054293622343,3,2
warm_nights,40713,Maragheh-Synoptic,34,False,10.66666705357486,,,13.888888827160446,8.148040858937216,19.62973679538368,20.370370409998497,,,9.703703356423636,6.48148158283805,3.222221773585586,10.339045082119739,1.5442778767618255,7.142855241098126,13.339283862281624,13.201691052104689,4.0314776923943985,4.992644932093006,20.62499779785033,17.941737486918154,5.653202581228234,8.241848337078258,27.895086346741543,,1.0,,insufficient,,1.0,,insufficient,7.6026924047984155,5.979198781079034,-2.408152110799446,17.86309212619283,4,4
warm_nights,40716,Mianeh,34,False,10.000000272651212,,,13.333333688901167,7.945122321500983,18.721545056301352,19.999998999172092,,,9.99999872652088,6.6666653102709255,3.333333416249955,10.109039029197582,2.2171339544352446,6.470588753549209,14.49999777730153,11.817444191397078,2.1401038580617304,7.679997786357329,15.005952878799615,16.786981938948507,5.7173208250611225,8.593751955487825,29.999997742644418,,1.0,,insufficient,,1.0,,insufficient,6.677942909750924,5.723312305600635,-4.675001068861712,17.872766376559348,4,4
warm_nights,40717,Khalkhal,34,False,7.500003416266576,,,11.935483912591058,7.718362739766756,16.15260508541536,15.882352799905838,,,8.382349383639262,3.94686888731478,4.435480496324482,9.333813769644603,3.6741101875898288,4.102206379991712,16.875002246273876,12.375799363720475,2.3074360817609114,8.694926793679985,16.87499947920935,18.467412350830884,4.289004901575869,14.347831089883261,25.78947057663931,,1.0,,insufficient,,1.0,,insufficient,9.133598581186277,6.202988317764894,-1.8797119611124564,21.50429163618978,4,4
warm_nights,40718,Bandar-E-Anzali,34,False,12.258062174295487,,,13.684210193905264,7.84571666903651,19.522703718774018,10.833328511139998,,,-1.4247336631554894,-2.850881682765266,1.4261480196097764,12.842301287973203,4.938523306763795,-1.666660857659819,23.636356936885086,12.447556701166993,2.7312832450089,8.125000312215908,18.003700635922936,9.864730039274503,7.157648499061827,1.5000000724856888,31.42856891375065,,0.0,,insufficient,,1.0,,insufficient,-2.9775712486987,9.350204737555458,-17.132327341030976,22.016789335400894,4,4
warm_nights,40719,Rasht,34,False,11.428571213152479,,,18.709678149682468,14.895989856989363,22.523366442375572,18.33333335555555,,,6.9047621424030705,-0.37634479412691846,7.281106936529989,11.451398282543014,5.719131313243692,3.0769231391357525,23.333331932531603,18.814357011873472,2.197590619064684,12.35294397328291,21.875002547378802,21.354765205032876,5.489908096221526,13.500000936216992,33.69047555153644,,1.0,,insufficient,,1.0,,insufficient,9.903366922489866,8.235265165729814,-2.822328589787337,31.095081846576505,4,4
warm_nights,40723,Bojnurd,34,False,6.296298496711697,,,9.56521724007505,4.712915183864229,14.417519296285871,12.499991300027043,,,6.203692803315346,2.9347740599519927,3.2689187433633533,4.992983121513484,4.213517603605244,-3.3333334231907736,11.999999257362783,8.320570616971006,2.206471765490944,3.5294119784942253,13.162278711661424,12.951849418250006,4.868034098449851,6.991667931723191,19.999998363520398,,0.0,,insufficient,,1.0,,insufficient,7.958866296736524,5.8794719253817815,-2.1451030646451055,19.75545517675926,4,4
warm_nights,40724,Piranshahr,34,False,11.875003670408049,,,16.956523110506087,12.222573352729341,21.690472868282832,23.99999964130255,,,12.124995970894503,7.043476530796465,5.081519440098038,12.847129740393592,4.0015776932889935,8.565475241138403,18.4210536133137,17.684284303038527,1.8536423713912142,13.750000384497358,21.111101780103077,23.283101368776034,5.032571418891712,11.147059055672702,32.23809470694366,,1.0,,insufficient,,1.0,,insufficient,10.435971628382442,7.564877257613867,-2.18965023454472,20.917547194342294,4,4
warm_nights,40726,Mahabad,34,False,9.230769095989892,,,14.090908271619066,7.665142228409368,20.516674314828762,17.647052042262192,,,8.4162829462723,3.5561437706431267,4.860139175629174,8.24412224818359,3.601146786315913,1.5729739181899212e-06,14.210523402626693,12.10419175059917,3.809234177838166,1.6369039918055113,17.088064550796684,13.028474577531387,6.452000366213139,4.538961176813507,23.57936877854176,,1.0,,insufficient,,1.0,,insufficient,4.784352329347798,7.0257683605267465,-7.009312790037721,16.953639544224252,4,4
warm_nights,40727,Saqez,34,False,10.714285837713774,,,11.666666086192487,5.760294152937176,17.5730380194478,14.999999815768197,,,4.285713978054423,3.3333337295757097,0.9523802484787129,11.418974003794947,3.7020656912007124,4.545456292065837,19.999998818712445,11.883057851671909,2.7994361335320233,5.454549057529775,16.666638695510585,13.455372009131974,3.7422763306640943,2.857145644858743,16.874994828123814,,1.0,,insufficient,,1.0,,insufficient,2.036398005337025,4.648039523220365,-7.855676320745236,8.830214610198766,4,4
warm_nights,40728,Takab,34,False,7.499999764739535,,,8.666667022222551,4.082335516776843,13.250998527668258,9.56521773997048,,,2.0652179752309454,0.8985507177479288,1.1666672574830166,7.5673395361398885,3.0147021103500053,2.2222226218593244,14.16666674779352,8.980261331393912,2.729102078630046,4.282724933637912,14.169642163815583,10.877714875796542,1.545470511605989,8.571426688269067,13.99999933816997,,1.0,,insufficient,,1.0,,insufficient,3.3103753396566526,3.3864264314006016,-3.266418566792996,9.215165066631247,4,4
warm_nights,40729,Zanjan,34,False,7.407407447035741,,,10.322580304938505,3.122723705344135,17.522436904532874,22.307716789405468,,,14.900309342369727,11.985136484466963,2.915172857902764,8.191811209631503,2.797747127461894,2.666667750748675,13.124985691963698,13.756875840495308,6.566588247814295,3.3333359174485873,27.731458457954954,21.0632405352695,6.765012938929353,7.391305572318808,30.526307678142395,,1.0,,insufficient,,1.0,,insufficient,12.871429325637996,6.822360746837247,-0.5170539481042495,25.471874718799047,4,3
warm_nights,40730,Khorramdareh,34,False,8.399998400963277,,,15.294117785468119,9.397977539045815,21.190258031890423,25.625000296342126,,,17.22500189537885,10.330882510874007,6.894119384504842,8.138242771452482,3.3438170042812945,1.083334199826176,15.861412837599058,14.164117131186808,3.5452323205543386,5.000004786411097,18.781249001893094,24.77211833097257,3.4871455779167966,18.26087007965355,29.250006660232238,,1.0,,insufficient,,1.0,,insufficient,16.633875559520092,4.756738262575763,6.9338248215540865,25.790498188939765,4,4
warm_nights,40731,Qazvin,34,False,5.925925904587659,,,9.375009704154527,4.0349618958224545,14.715057512486599,17.272629557631983,,,11.346703653044324,7.897619853477456,3.4490837995668677,4.821168040104308,3.004027243044875,-1.8995525884628146,10.010415543280754,8.361327451674923,3.7282418311115557,2.487499957818014,14.249995854330145,15.079532739026886,3.7437041975718977,9.000000774182595,20.588234569295473,,0.0,,insufficient,,1.0,,insufficient,10.258364698922579,4.50343269817892,1.3749996675756408,17.529402352735655,4,4
warm_nights,40732,Ramsar,34,False,11.666666714677833,,,15.757581583772089,9.508423795949312,22.006739371594865,23.333336077928625,,,11.666669363250792,7.575754494156536,4.090914869094256,13.45488344019436,4.721552476605085,3.6363637491431278,21.538461359465465,14.419949775147195,4.035576090074126,7.5987413626524685,20.624999193796167,24.168549809447676,5.84677177654122,13.56547520883219,36.66666308087003,,1.0,,insufficient,,1.0,,insufficient,10.71366636925332,8.244985529391727,-1.5462953235675732,27.111091615031633,4,4
warm_nights,40734,Nowshahr,34,False,9.523809791454035,,,16.666668001345947,9.417214476656113,23.91612152603578,24.000000266670202,,,14.476190475216168,7.333332265324255,7.142858209891912,11.779377125299845,5.751875346792058,5.401514698637405,22.307692013490577,16.27032162042936,5.054060091379006,4.93055040404577,26.258332980906157,22.663499471494543,4.4518280364370515,15.333333933177949,30.624975851347084,,1.0,,insufficient,,1.0,,insufficient,10.8841223461947,7.012504000981559,-2.84996290210343,24.15545787848458,4,4
warm_nights,40736,Babolsar,34,False,10.6250002914629,,,12.413794018360202,7.549387302656764,17.27820073406364,22.99999699997495,,,12.37499670851205,10.586202981614749,1.7887937268973015,9.255033712407855,2.9069227447275336,3.990910196546835,13.809386615226423,12.311161775193364,2.5778537496739067,7.218138762315045,19.09090893742321,21.941877117197418,6.605238280631879,11.041940724003764,34.37499997252748,,1.0,,insufficient,,1.0,,insufficient,12.686843404789563,6.960604094094847,-2.0890635124724244,24.92148999104346,4,4
warm_nights,40737,Gharakhil,34,False,6.451612515898676,,,13.12499870089665,7.293106418064237,18.956890983729064,19.999990638978936,,,13.54837812308026,6.874991938082285,6.673386184997975,7.644176371966619,2.759818332724442,3.4958318051697295,12.000001159580883,12.631526829830772,3.2791340694841775,4.538961214605629,17.391704840906993,14.261244706922103,5.697423193265102,4.000001812492422,20.046876308809054,,1.0,,insufficient,,1.0,,insufficient,6.6170683349554835,5.521571097151545,-2.301825101838041,15.93054325282742,4,4
warm_nights,40738,Gorgan,34,False,5.625000116537212,,,6.2500008839395464,-1.1051854710579843,13.605187238937077,2.7272749702307824,,,-2.8977251463064295,-3.522725913708764,0.6250007674023346,4.813397825154135,5.272671567404018,-5.000001195322712,18.816963136427898,5.047321216660697,4.381349918401722,-4.999998942995497,12.592591924228733,3.320350853723206,3.9956038828458036,0.8125008940202745,13.571424014172095,,0.0,,insufficient,,1.0,,insufficient,-1.493046971430929,6.199845696584234,-18.484685121101307,8.392494186455348,3,2
warm_nights,40739,Shahrud,34,False,5.38461960867117,,,4.285714178066622,-2.210153749438126,10.78158210557137,4.375017153711688,,,-1.0096024549594818,0.08930297564506606,-1.0989054306045478,3.1685660875153925,4.932824638554583,-8.358332400697002,9.199997880430658,3.268629189382302,3.3741452253500905,-2.6750006740182966,10.07142709907432,7.459067778467429,6.949350430148964,-3.5373323215560695,17.783334861356128,,0.0,,insufficient,,0.0,,insufficient,4.290501690952036,8.639069024150482,-9.182955478431492,22.264738606406816,3,2
warm_nights,40740,Quchan,34,False,-3.8528249608540773e-07,,,-2.4999951278251467,-10.135559445234424,5.13556918958413,-4.285716647085954,,,-4.285716261803458,-1.785721519260807,-2.4999947425426505,-3.28315750037596,5.003557458902073,-15.38460581281095,1.4331770480592687,-4.135237861808872,5.327515350684725,-15.386362375600754,5.28874956828894,-2.2818422582020634,13.205767601839375,-24.999995598323594,34.9999859138112,,0.0,,insufficient,,0.0,,insufficient,1.0013152421738962,13.082163710090397,-18.781252648142228,35.36665988470449,1,1
warm_nights,40741,Sarakhs,34,False,5.000000078126552,,,9.999997638888768,6.119839894315211,13.880155383462325,19.23069301817609,,,14.230692940049538,9.230695379287322,4.999997560762216,4.577657515161711,2.408395336505357,1.6442306872756611,11.428570871871417,9.20160109787004,2.2076857113563766,4.6153892525566915,12.499994280639475,11.777046820772375,4.469156983866703,5.375001307697094,19.287441061031213,,1.0,,insufficient,,1.0,,insufficient,7.199389305610664,4.634411587224518,-0.010704108172599452,16.59090792413219,4,4
warm_nights,40742,Biyarjomand,33,False,7.4999998101949386,,,9.047619230170268,3.568851719276675,14.52638674106386,9.166666662808709,,,1.66666685261377,0.11904743263844075,1.5476194199753293,3.2607535860052472,5.764756924416465,-7.9999999212501,12.30768392793313,7.914087730894563,2.4670146326724285,3.3333345498785762,12.729089827261655,8.062653626216443,6.03134096919302,-3.795179382195326,23.33333947912299,,0.0,,insufficient,,0.0,,insufficient,4.801900040211196,6.520278633556328,-5.343032513632109,19.240258388822784,4,4
warm_nights,40743,Sabzevar,34,False,8.571429795919563,,,8.799999805235931,0.0049572478027499756,17.595042362669112,11.304347964713303,,,2.7329181687937396,2.504348159477372,0.22857000931636762,7.754696949314284,8.483241320479232,-17.999999309412736,17.70833304563156,6.876370690097737,5.359296619766658,-1.7830922067630477,19.999999391170874,8.190756436923756,4.056582339721557,-4.999991596941013,13.945673351315602,,0.0,,insufficient,,0.0,,insufficient,0.4360594876094728,8.488042070008214,-14.378976330858835,22.133909407597006,4,4
warm_nights,40744,Golmakan,32,False,6.499999412723507,,,10.837795372415146,6.0655006179860305,15.610090126844261,11.999999960493849,,,5.500000547770342,1.162204588078703,4.337795959691639,6.1924406313695295,1.9934738615532197,3.80952466176083,11.190536255178374,10.632462152959835,1.6617381792252253,7.140213150496489,13.999996458598176,10.237950266701844,5.405877529393223,-3.333329949073279,22.160713816376337,,1.0,,insufficient,,0.0,,insufficient,4.045509635332314,5.135288199008678,-7.83446977512217,13.812618662234609,4,4
warm_nights,40745,Mashhad,34,False,9.33333332345698,,,12.400000128003843,7.9249686206206436,16.875031635387042,17.999992169240898,,,8.666658845783918,5.599992041237055,3.0666668045468626,9.338375969426343,3.06228762586075,4.444449392344026,14.867609767154251,13.153316489245448,2.10154182325747,8.567670464415267,17.272724209970416,17.594048243973457,6.752684343765816,-4.737505414531342,22.835257336960392,,1.0,,insufficient,,0.0,,insufficient,8.255672274547113,6.993503238571189,-12.191310148947315,16.58449047995514,4,4
warm_nights,40746,Neyshabur,34,False,5.500000016666744,,,5.862068870392172,0.003926482414908783,11.720211258369435,7.6470439841212166,,,2.147043967454472,1.7849751137290442,0.36206885372542796,1.8994607454152963,5.195522045877285,-8.823515779391885,8.829999921527667,4.949131012363771,3.1026568829554533,1.1111109127678898,10.96774104339457,6.853929582020153,3.6422465916390765,0.6500009929878978,15.83330436007888,,0.0,,insufficient,,1.0,,insufficient,4.954468836604857,5.410684662985736,-3.2534486013515616,15.002406122506653,3,4
warm_nights,40747,Sanandaj,34,False,8.235292665613121,,,9.615384763314324,5.342522594470143,13.888246932158506,8.888884152634606,,,0.653591487021485,-0.726500610679718,1.380092097701203,6.967886951389569,4.941368558158569,1.111114842207877,20.714280719995916,9.188748477902402,1.7961131355544866,5.498865780546156,12.352940908460493,8.184042593938427,2.6072026246803355,4.809829283914928,14.285713815758935,,1.0,,insufficient,,1.0,,insufficient,1.2161556425488598,5.074239159900417,-12.265864249227839,8.899990692905,4,4
warm_nights,40748,Bijar,34,False,7.999998981580687,,,14.999991189008805,8.02510628563278,21.97487609238483,18.499996856598486,,,10.4999978750178,3.500005667589681,6.999992207428118,8.442823236514583,3.3351234493042154,2.3076944384011626,14.013634965125489,14.901504762797124,3.4957559836062257,9.999992746212637,22.857129863701545,18.59334199204214,4.192857171981464,7.000007993845615,28.823519858524417,,1.0,,insufficient,,1.0,,insufficient,10.150518755527555,5.552987730715889,-1.0011351834304634,20.381303513670424,4,4
warm_nights,40749,Zarrineh,34,False,8.51851846669714,,,7.142863373210676,1.5720996655588273,12.713627080862524,13.333333410493767,,,4.814814943796627,6.190470037283091,-1.375655093486464,5.817076141363484,3.8773505657518967,-1.9999811593933678,12.405789756183175,8.780454396279731,2.3607307291594735,5.55556711974488,14.550863280885883,11.903282295398503,5.954080695475294,2.173913427064628,23.684205204228814,,0.0,,insufficient,,1.0,,insufficient,6.086206154035022,6.827792461042569,-5.610823788092761,19.89105575695278,4,4
warm_nights,40751,Tehran (Shemiran),34,False,1.7857136348948213,,,9.032257352066887,4.078147663658536,13.986367040475239,7.4999971895441115,,,5.71428355464929,-1.5322601625227756,7.246543717172066,1.9309133945649335,3.804012461288244,-3.3636355130695157,10.020835003740496,7.028593317198556,3.138468894494177,1.42858453027329,11.438318898197434,6.682698244524426,5.789995994224778,-6.135714138582933,18.666664309319604,,0.0,,insufficient,,0.0,,insufficient,4.751784849959493,6.645347975674405,-11.697186993399583,18.66664555709756,3,4
warm_nights,40752,Karaj,34,False,7.307696486946755,,,11.904761353385274,6.0962852192332235,17.713237487537324,16.666666481481492,,,9.358969994534737,4.761905128096219,4.597064866438519,5.418313608805356,4.844335531127346,-3.1818079887198154,12.866359519004815,10.531197303462775,4.110215509230124,0.7678576102085642,17.00681711573311,15.162978187237126,3.5296431508210255,7.058825365280017,19.52380763755387,,0.0,,insufficient,,1.0,,insufficient,9.744664578431772,5.999585550628741,-1.2253967578826401,21.32352838884058,4,4
warm_nights,40754,Tehran (Mehrabad Airport),34,False,5.454545422405994,,,7.647059570981783,0.049240239893139304,15.244878902070427,2.799995433282087,,,-2.654549989123907,-4.847064137699697,2.192514148575789,3.2402643669791398,3.575082503323941,-5.00000134750277,7.8607368227824574,2.849987433492702,5.5709575676675955,-7.453441018537864,10.835229890956946,0.3537213024083682,5.569931913775876,-9.230768625739282,12.857142585106583,,0.0,,insufficient,,0.0,,insufficient,-2.8865430645707715,5.419103287784592,-13.25000037277035,9.960631196757125,3,2
warm_nights,40755,Abali,34,False,4.999998752580193,,,8.333332566038303,1.4738353256082144,15.192829806468392,9.499997326874773,,,4.49999857429458,1.1666647608364702,3.3333338134581094,3.283309842008773,4.202207354569955,-5.879774513321911,10.446639087905975,6.317998020600408,3.950696387043204,-1.1333329364207816,12.142850438484912,5.846156098455778,6.893091570438381,-3.5536810585049574,14.375000102172821,,0.0,,insufficient,,0.0,,insufficient,2.5628462564470063,6.7411132311735145,-9.189523672276767,18.336726988015343,4,4
warm_nights,40757,Semnan,34,False,5.357142831632652,,,7.058823667821305,0.035955148008893545,14.081692187633717,7.00000217047622,,,1.642859338843568,-0.05882149734508513,1.701680836188653,3.1181733362616466,5.65850108193639,-10.0000053062832,12.499999683701619,4.558314254191079,5.119267233052553,-3.621030920339663,13.339284237031373,5.1281874731228125,4.925413098595753,-6.750032802561742,11.250000706051448,,0.0,,insufficient,,0.0,,insufficient,2.0100141368611664,5.513289967574475,-11.323723879018786,13.690383835301928,3,2
warm_nights,40758,Garmsar,34,False,14.761911804366772,,,19.166666962309893,13.238698416403112,25.094635508216676,24.444444341563152,,,9.68253253719638,5.2777773792532585,4.4047551579431214,17.071472309794355,4.421909458662386,7.1428580893830205,28.888886739971657,21.677610967157925,3.3121712724608017,17.14291848461736,27.3375001540265,25.88697417498543,7.871232181477318,17.170828964813808,45.366664288413325,,1.0,,insufficient,,1.0,,insufficient,8.815501865191074,8.381361644043274,-7.395832472438603,28.272318556362233,2,4
warm_nights,40762,Torbat-E Heydariyeh,34,False,4.00000099016505,,,11.153846360947616,6.874193501865987,15.433499220029246,11.17646671362308,,,7.17646572345803,0.022620352675463806,7.153845370782566,2.858518512321404,4.209953902777199,-5.384614072141049,12.526787200613512,10.000625270440901,2.0485642393968986,6.14583341768202,13.342112475174035,11.641399207616391,3.764390546117567,5.975000187159038,20.714284287618526,,0.0,,insufficient,,1.0,,insufficient,8.782880695294986,5.3017737926357125,-4.68253156023967,18.94957810281036,4,4
warm_nights,40763,Kashmar,34,False,4.090909058769597,,,9.444446727572917,3.7282047017565922,15.160688753389241,10.555544542421854,,,6.464635483652257,1.1110978148489377,5.35353766880332,0.9843221751651705,4.089861371294922,-6.250000598917346,9.009379618227356,8.29253147198548,2.7927402984608483,2.6624990209936943,12.151788877278259,8.484392357558486,3.315949979462943,-0.6249985958456388,12.142857017248456,,0.0,,insufficient,,0.0,,insufficient,7.500070182393315,4.0545291146359315,0.19677897281935672,13.312323534014533,4,4
warm_nights,40764,Ravansar,34,False,10.909083860863733,,,9.500001473536859,4.068158079126634,14.931844867947085,10.66666518512226,,,-0.24241867574147236,1.166663711585402,-1.4090823873268743,8.414779487185353,4.150710383509297,-2.9107137868918507,15.083333369216973,9.849200076303557,2.8788403675437424,3.125008585732843,15.555554794437073,9.023068411062079,3.343829629069563,4.583420502392335,18.57142623929003,,0.0,,insufficient,,1.0,,insufficient,0.6082889238767261,5.716283903137541,-9.288681094744376,14.35510848944334,4,4
warm_nights,40765,Sarpol-E-Zahab,34,False,10.952381158982273,,,12.592595678150792,7.175418448465405,18.00977290783618,14.09088888039985,,,3.138507721417577,1.4982932022490587,1.6402145191685182,11.377041371621704,3.130938936540669,5.454547927462892,17.609999625631126,12.751772243556879,2.1661840377684225,8.742771126710217,16.923070798230068,13.476808839659862,2.6284096314845873,8.898676350626522,19.024982979424543,,1.0,,insufficient,,1.0,,insufficient,2.099767468038159,4.17548808195024,-6.068749999000653,10.83565349271172,4,4
warm_nights,40766,Kermanshah,34,False,8.799999555555573,,,10.00000008264245,4.085263544401044,15.914736620883854,13.6363654463185,,,4.836365890762927,3.6363653636760507,1.2000005270868765,6.2341679385813835,4.381508180486147,-1.1111120221860487,13.333331477982046,8.735888457780657,2.768578273159331,1.6607142175946776,12.404760770295882,13.752435172506521,4.7856434980276275,4.265625505728425,21.34166710230086,,0.0,,insufficient,,1.0,,insufficient,7.518267233925137,5.279399657153382,-2.477076364624184,17.371710916737143,4,4
warm_nights,40768,Hamedan (Airport),34,False,4.615380809521569,,,6.428571454081632,0.7008722952936175,12.156270612869646,8.749999756942865,,,4.134618947421296,2.321428302861233,1.8131906445600627,3.5940242115634065,2.5907649713033982,-3.0500001047290275,8.181817208284802,4.692940863035288,3.0992190441311593,-1.2604160758564507,9.33863402937611,8.53854208986476,4.984948111838755,-1.2499999501192571,16.250000119506826,,0.0,,insufficient,,0.0,,insufficient,4.944517878301354,5.402415268611615,-5.475582638600968,15.47618949483388,3,4
warm_nights,40769,Arak,34,False,6.428571394558177,,,11.428572767754506,5.589008455168283,17.26813708034073,14.090908965328103,,,7.6623375707699255,2.6623361975735964,5.000001373196329,5.314584966575186,4.097561387035928,-3.346159378723128,12.222225830408068,9.5055699456539,3.7733101606713264,2.2714649113265057,15.866067737740604,12.338518827352754,3.0542489563785664,7.5600008094798055,17.85714194654558,,0.0,,insufficient,,1.0,,insufficient,7.02393386077757,4.006321414164747,0.311704091616553,14.337808825592495,4,4
warm_nights,40770,Qom,34,False,8.33336213765899,,,14.210526426596873,10.012945658785672,18.408107194408075,14.666666735802695,,,6.333304598143705,0.4561403092058214,5.877164288937884,7.2155107531746605,3.7997439325179547,-0.027778330419789356,13.61372168175839,11.4426358057922,3.9943936123060677,-0.02777777680677406,16.00625303477826,14.994040145734036,5.8784918463590685,4.971154267575326,26.25000056761445,,0.0,,insufficient,,1.0,,insufficient,7.778529392559376,4.795791699696038,-1.2021428557930005,17.02374731348852,4,4
warm_nights,40771,Kangavar,34,False,4.166667505948859,,,4.782601573612134,0.24990829898020728,9.315294848244061,9.545451073426662,,,5.378783567477803,4.762849499814528,0.6159340676632752,4.065805802836551,1.597261842578752,0.9958316109587032,6.428570812056799,6.03694796373713,2.521039250986017,1.7469054383129106,10.000000461438026,9.217525296615749,2.7214841485589285,2.792500003004543,14.705882375864965,,1.0,,insufficient,,1.0,,insufficient,5.151719493779199,2.770835165388107,-0.4235716596322456,10.200572019088554,3,4
warm_nights,40772,Qorveh,34,False,10.384615309006781,,,16.81817261116524,11.472174795712302,22.16417042661818,18.799993544032475,,,8.415378235025694,1.9818209328672332,6.4335573021584604,10.554650092443927,1.5249529225407659,7.499996821892802,14.000000406479177,16.39356671554037,2.731166882502086,10.000001977784413,20.700000328385308,19.974420423932102,3.4930809943251995,13.33333885010832,26.000000192413886,,1.0,,insufficient,,1.0,,insufficient,9.419770331488177,3.328881021540306,2.8492388951315504,14.692103469162372,4,4
warm_nights,40774,Borujerd,34,False,12.857142800454886,,,17.77777260177066,11.957029543849707,23.598515659691614,17.99999735863953,,,5.142854558184643,0.22222475686886867,4.9206298013157745,11.436130117805424,3.5135311557878826,5.833336628797722,16.42857130452781,17.204419699785007,4.251504386100814,10.952382715635181,28.1468743433815,19.497201755293464,3.738367645785222,14.11764502460133,26.11742557607649,,1.0,,insufficient,,1.0,,insufficient,8.06107163748804,4.4029501166674025,-0.3759648615274969,16.19804368581279,4,4
warm_nights,40778,Gonabad,34,False,6.666667345244724,,,11.1764708650582,5.890284971074346,16.462656759042055,14.11766236809435,,,7.450995022849627,2.9411915030361513,4.509803519813476,5.699985456026136,3.7225148210206034,-2.504171052811111,13.333321542915215,9.301150290735183,3.022098114309984,3.9833335745915157,15.298125936185034,13.37598078925529,2.490852627312615,6.000002119502759,16.111108192749775,,0.0,,insufficient,,1.0,,insufficient,7.675995333229152,4.447267910364123,0.36821475106560897,16.786531236120396,4,4
warm_nights,40779,Eslamabad-E-Gharb,34,False,11.000027718787265,,,10.952380054715906,5.6252477977557565,16.279512311676058,4.782610399362985,,,-6.21741731942428,-6.169769655352921,-0.04764766407135923,10.720290953742824,1.9520652357714734,6.874999143659247,13.49130402286896,9.871858339264154,3.5686991637182013,1.4155821861137194,16.305551302493033,6.214495438159172,4.130691765375394,-0.5555548577198514,15.416665317293518,,1.0,,insufficient,,0.0,,insufficient,-4.505795515583652,4.486507168714019,-12.378029565845345,5.627230087584114,4,4
warm_nights,40780,Ilam,34,False,1.1111108573502633,,,-6.896551488100842,-16.306814058253348,2.513711082051664,-17.142857254634745,,,-18.253968111985007,-10.246305766533903,-8.007662345451106,-4.0928315152296415,7.702774446337949,-20.833330634837065,5.025015939002171,-8.007882978363147,7.312881815705066,-22.338232843958508,6.183333654907681,-19.658508339844758,9.498419214600295,-39.32630466115805,-2.495841502161076,,0.0,,insufficient,,1.0,,insufficient,-15.565676824615116,9.288931200478533,-31.72777312159985,0.9847284988283921,1,1
warm_nights,40782,Khorramabad,34,False,9.999993763259777,,,12.608674172503546,6.837414443956249,18.379933901050844,11.578948590095335,,,1.5789548268355578,-1.0297255824082114,2.608680409243769,9.488266099986742,3.170961423755007,-0.027777284155002857,14.23863617801905,10.950855868591029,3.4481263670241744,2.000000622480319,15.200432029187617,10.664720857324705,3.1691587189035455,5.500000261977185,17.142856885676345,,0.0,,insufficient,,1.0,,insufficient,1.1764547573379647,4.483761075505785,-8.119060246495106,9.359846991268016,4,4
warm_nights,40783,Aligudarz,34,False,8.66666655802468,,,11.000001000001708,4.929075291820256,17.07092670818316,9.599993469014345,,,0.9333269109896651,-1.400007530987363,2.333334441977028,7.951625283632466,3.1292202412076904,-0.06250256684176789,12.500002983797444,11.829556796848205,3.881009825591338,3.173701574091562,18.97368467133274,10.209965362956062,4.698423715878151,3.4782601960290878,15.91137194460161,,0.0,,insufficient,,1.0,,insufficient,2.258340079323595,4.735130820430231,-5.790087074032591,11.342930351839922,4,4
warm_nights,40785,Kashan,34,False,8.00000163721588,,,16.875001171331935,10.390632181500667,23.359370161163202,19.523798093802657,,,11.523796456586778,2.648796922470723,8.874999534116055,7.547019020199475,5.214259917651923,-4.666665841512277,17.69230661914866,13.700445699387775,5.139113239420841,-0.7191557149355924,19.638863265914246,14.934559321690617,4.456505794842674,6.666668573777247,21.272267261831566,,0.0,,insufficient,,1.0,,insufficient,7.387540301491144,5.681176675197156,-4.375637668108654,17.35454395765135,4,4
warm_nights,40787,Daran,33,False,7.619046621525932,,,13.33333880792056,7.351319642094414,19.315357973746707,15.357143284301246,,,7.738096662775314,2.023804476380686,5.714292186394628,3.3315913751052535,7.641836281112926,-8.333328672456528,16.96428507233523,10.53748046042064,4.369726618709413,3.044543781927477e-05,16.697369116795855,12.833589320070041,5.256461630095207,0.5882361887846215,17.391302966832566,,0.0,,insufficient,,1.0,,insufficient,9.501997944964788,8.75091273158467,-11.166662230526343,23.578116215976408,4,4
warm_nights,40789,Khur-Va-Biabanak,34,False,10.00000027484208,,,17.60000019200255,13.213845927658493,21.986154456346608,17.499998871109447,,,7.499998596267368,-0.10000132089310299,7.599999917160471,9.87822219389249,2.4293041417671986,5.833334278033534,15.999999747553572,16.993120992058493,1.9039274037823453,13.999998589793744,20.727687661802474,16.603689888722275,1.227523225096592,13.744478960922265,18.571424260027335,,1.0,,insufficient,,1.0,,insufficient,6.725467694829783,2.6174374421288142,1.1341256004940177,11.104160418127798,4,4
warm_nights,40790,Robat-E-Poshtebadam,33,False,4.0909091138660605,,,7.50331242956779,1.8738512017848485,13.132773657350732,5.652173927746339,,,1.5612648138802783,-1.8511385018214517,3.41240331570173,1.2313106704615377,4.7221529170932515,-6.708333408875218,9.33333316833329,5.335509757653206,2.5086036939068084,1.079137178863709e-07,9.42646823935436,6.320613198023117,3.1391520048980333,1.2379815542040857,12.857144886971184,,0.0,,insufficient,,1.0,,insufficient,5.089302527561578,4.727547253597888,-4.092000145959564,12.860715538863742,3,4
warm_nights,40791,Tabas,34,False,9.629631181650081,,,14.166666805555536,10.112272168073048,18.221061443038025,21.66656072877717,,,12.03692954712709,7.499893923221634,4.537035623905455,8.150285992541265,4.147999495477301,0.6250108922785338,15.008333922871575,13.38838908954942,1.9055163675860842,10.588245128673051,17.49998843926006,17.86461950416383,4.281926055733248,8.82352951304355,24.99999429581975,,1.0,,insufficient,,1.0,,insufficient,9.714333511622563,5.472650930011158,-1.3761923586608191,19.562921261399403,4,4
warm_nights,40792,Ferdows,34,False,8.18182079157285,,,15.714285637754104,11.738197472814445,19.690373802693763,21.818181648298317,,,13.636360856725467,6.103896010544213,7.532464846181254,8.443332104612018,2.982842712774368,4.729533208345451,16.79999994390335,15.991385772357342,1.766694754712057,13.661540149273451,19.999999538188757,20.63620935765156,3.1771900557344,7.500050260563049,27.144839746555302,,1.0,,insufficient,,1.0,,insufficient,12.192877253039544,4.341558618277819,-0.5231639932334412,18.554531330934456,4,4
warm_nights,40793,Qaen,34,False,5.714285696469101,,,11.666666111109532,6.337321911586647,16.996010310632414,18.181818200184107,,,12.467532503715006,6.515152089074576,5.95238041464043,4.512418162137911,3.135170618257794,-0.5232162044225228,11.43698296999311,10.770679340223632,3.204276780805504,4.000009438605591,19.999989843450198,13.879646998988896,3.850979657291907,5.833334542576903,19.999999739096374,,0.0,,insufficient,,1.0,,insufficient,9.367228836850986,4.539433465643018,1.321430849474911,17.67444951624796,4,4
warm_nights,40794,Safiabad (Dezful),34,False,9.999999133802714,,,9.230765094862514,2.884011838105465,15.577518351619563,12.222221700960384,,,2.2222225671576705,2.99145660609787,-0.7692340389401995,9.477327792467689,1.7032632381107222,5.787503105108493,12.520834302169035,8.630168503152632,2.8158915352430225,0.6666704867206511,13.689327420619605,12.631953471675033,6.134368531138721,-0.04687518037245485,24.736821521275807,,1.0,,insufficient,,0.0,,insufficient,3.1546256792073444,6.22097416345553,-10.019097353881197,14.736836276546518,4,4
warm_nights,40796,Dehloran,34,False,7.6923159553684455,,,10.666661458291422,5.294307586476905,16.03901533010594,18.46154106050789,,,10.769225105139444,7.794879602216469,2.9743455029229766,7.842043789672757,2.591163415273968,1.0000016672890053,13.124999526522052,10.64351770075924,2.184053490150731,7.857155434428235,14.309003722590926,15.063953893350197,6.517615171863031,4.210526408715461,25.000003749801326,,1.0,,insufficient,,1.0,,insufficient,7.221910103677439,6.50890241282411,-5.903122543511789,18.54118009837428,4,4
warm_nights,40797,Kuhrang,34,False,4.193555429474944,,,11.25000007812645,7.140787687874122,15.359212468378777,8.928561164834967,,,4.735005735360023,-2.321438913291482,7.056444648651505,3.957275915466781,1.6276527808938352,1.052641770288578,7.142856572744621,10.216675465664526,1.9615382942080766,5.19634563044171,12.380952903833375,8.68547635712852,1.739011579070297,6.153846109421187,12.520832218316992,,1.0,,insufficient,,1.0,,insufficient,4.72820044166174,2.7013496780696094,0.47619305949376217,11.19999916259162,4,4
warm_nights,40798,Shahrekord,34,False,-1.333334412088316,,,-0.4761912276972332,-7.388255672078313,6.435873216683846,-3.478260806553114,,,-2.1449263944647985,-3.002069578855881,0.8571431843910827,-2.4573747078328,6.544493508553608,-16.428545438439812,13.33330760661399,-3.2391545129639563,5.198264535039637,-13.099999006039129,4.9999964272320545,-7.15620932661859,6.000766354773896,-21.999983410094654,-1.8749975885006034,,0.0,,insufficient,,1.0,,insufficient,-4.69883461878579,6.0567570045344565,-17.09908711126356,6.049185630281476,1,1
warm_nights,40799,Ardestan,33,False,6.29629075041566,,,11.818181735533011,6.22256314502974,17.41380032603628,9.99999885972359,,,3.7037081093079296,-1.8181828758094216,5.521890985117351,3.8651460987360338,3.7967787467829126,-2.531247093643277,11.452856387791421,9.152465410443709,2.5409931677147224,3.9882349170933358,12.631572787421678,9.224402674202047,1.9702426086187284,5.50001156582121,12.499992829522617,,0.0,,insufficient,,1.0,,insufficient,5.359256575466013,4.205507539955464,-2.493463986148617,13.508328396556923,4,4
warm_nights,40800,Esfahan,33,False,11.666664250741809,,,15.000000200010833,9.470799669885123,20.529200730136544,15.806451623309048,,,4.139787372567239,0.8064514232982152,3.333335949269024,13.22980857673025,5.169773183420254,6.842106260124211,23.136363432806004,14.736968748499132,2.7975774436880294,10.654725569473058,21.4383128833176,18.06222875236082,3.3486027721978675,11.764702007620519,23.846041447228817,,1.0,,insufficient,,1.0,,insufficient,4.8324201756305705,5.531294521446479,-4.757811218202195,15.294107528222506,4,4
warm_nights,40801,Naein,33,False,7.77777809300716,,,12.38095627600558,7.629881518679469,17.132031033331693,14.333328171305332,,,6.555550078298173,1.952371895299752,4.603178182998421,6.126180587668325,3.41542095112859,-1.6666668284776798,11.260414427382766,11.201895491926638,2.1026493309903995,7.141370045825631,14.583333611714544,13.291143962872143,3.169482456485302,9.99999996968667,19.374990023728863,,0.0,,insufficient,,1.0,,insufficient,7.164963375203815,5.029010435790256,0.23667174014781767,18.044631143150948,4,4
warm_nights,40802,Esfahan (Airport),34,False,5.294117731641918,,,4.999998961326801,-0.13689639014806598,10.136894312801669,0.7692306836006656,,,-4.524887048041252,-4.230768277726136,-0.2941187703151167,3.8871808424015057,4.108090594325805,-7.14284898454441,9.374996792454606,3.1193241999058308,4.133444763983284,-3.58214270611392,14.374997947946548,3.088912987794057,8.746153538589386,-14.673076476281224,18.12499872688418,,0.0,,insufficient,,0.0,,insufficient,-0.7982678546074482,8.064233628053168,-15.872886071047084,12.63014700872879,3,2
warm_nights,40803,Kabutarabad,33,False,11.25000193926584,,,18.01248737070458,11.36952124818849,24.65545349322067,19.65517285464759,,,8.405170915381749,1.6426854839430085,6.762485431438741,11.731850452977675,2.543795203236057,7.966664241957385,16.000000274123945,16.62699507547376,3.9548209469591695,5.992877423041233,21.006249221529405,20.863719303346883,5.093815127484179,8.571430094136899,33.79918071117801,,1.0,,insufficient,,1.0,,insufficient,9.13186885036921,4.937730521383995,-1.1637248539162435,19.714278472366246,4,4
warm_nights,40809,Birjand,34,False,2.222222187928991,,,6.999998260243174,1.6998117110068511,12.300184809479497,7.500000088734662,,,5.277777900805671,0.500001828491488,4.777776072314183,0.6997657380113783,4.400596867265689,-12.499981416397864,6.671929479057703,4.714843335877273,3.6236013899226047,-4.615382255182005,10.352777730328487,7.050252021448989,4.775193309454567,-2.860711386986695,16.24999910901966,,0.0,,insufficient,,0.0,,insufficient,6.350486283437613,5.038709065520608,-1.9395705071278793,18.57187342751951,3,4
warm_nights,40810,Bostan,34,False,10.00000064163717,,,18.846154398567343,14.000195224134053,23.692113573000633,23.33333215303829,,,13.333331511401118,4.487177754470945,8.846153756930173,11.7784484017257,5.661051774117576,4.000025402133141,29.999999577779484,18.832748894439536,2.0263661045770216,14.375001915817311,20.416666088716994,24.192749235396796,6.285401947152491,17.07812510045104,34.999998947778174,,1.0,,insufficient,,1.0,,insufficient,12.414300833671096,7.594774297263647,-7.284111303027943,25.013643260585965,4,4
warm_nights,40811,Ahvaz,34,False,15.294113886020893,,,12.50000301140978,6.991291924260269,18.008714098559288,17.99999995061725,,,2.705886064596358,5.499996939207472,-2.794110874611114,13.203043945652512,2.9630599491893617,6.666670318075862,17.506944759766817,13.693481592376939,2.632868483956091,9.999999810469445,18.888886050484558,18.407881647710184,4.764926928220457,11.093750579720373,28.85293212985797,,1.0,,insufficient,,1.0,,insufficient,5.204837702057671,5.949624318193974,-4.818452109412278,18.096602038661004,2,4
warm_nights,40812,Masjedsoleyman,34,False,10.476190269589349,,,12.727272396685905,5.372959879019317,20.081584914352494,10.999995265577216,,,0.5238049959878666,-1.7272771311086892,2.2510821270965558,11.293618312538571,2.409704395655064,6.6500011534217,14.650000211011355,11.912149022313857,4.78246046004985,3.0749890698393854,19.187534202258988,12.336983345938357,6.181724235369305,6.660714426041221,27.375000227435983,,1.0,,insufficient,,1.0,,insufficient,1.0433650333997844,6.466376076492039,-7.399805006299405,15.68214299620622,4,4
warm_nights,40813,Ramhormoz,34,False,14.090909104680895,,,17.499990381207315,12.2012613161553,22.79871944625933,21.428573737254,,,7.337664632573103,3.9285833560466834,3.40908127652642,13.176639829332908,2.297473609640849,9.090907949394898,17.619045316423346,16.224647114162114,3.437011438125415,10.476192434318206,23.333333691763023,19.605483218827047,6.942913872088152,1.9999996633007207,32.00000118930351,,1.0,,insufficient,,1.0,,insufficient,6.428843389494141,6.335868836623666,-8.976901920857548,17.900919020513342,2,4
warm_nights,40818,Abadeh,34,False,9.000000820653565,,,15.714277085203294,11.176152445747014,20.252401724659574,15.757570042320728,,,6.757569221667163,0.04329295711743342,6.71427626454973,8.706230700799743,2.253873422220244,3.333334303982765,13.749999731933352,14.620601595057819,2.9143327190293102,8.28676909849594,18.339283333848176,15.945336093434111,2.3160816402554882,10.609373326014685,19.99999921680735,,1.0,,insufficient,,1.0,,insufficient,7.239105392634371,3.296389579308935,1.3906256859254211,14.194851992991863,4,4
warm_nights,40821,Yazd,34,False,9.090910892256352,,,16.363626829321817,10.836099065310883,21.89115459333275,17.600022937942686,,,8.509112045686335,1.2363961086208697,7.272715937065465,9.088940724244333,2.9411601411153803,1.5384913598112477,14.54545313980914,15.274812576211296,2.613659007879976,11.666668211221314,22.869046748332348,17.077771762758836,2.265722663471056,12.400000084443352,23.846143286543434,,1.0,,insufficient,,1.0,,insufficient,7.988831038514502,3.9316868230743736,1.6650015725363336,16.187500003248786,4,4
warm_nights,40827,Nehbandan,34,False,4.285715916260879,,,8.4615377725606,2.4652206366939557,14.457854908427244,6.842105797579153,,,2.5563898813182737,-1.6194319749814472,4.175821856299721,4.697601781022155,2.960154644178905,0.6200076955459463,13.333331603428773,5.980363034645741,2.6198669839492204,1.1071419319019684,10.564428058242664,6.1283607374432565,5.137156530558453,-6.666665000308368,20.000000267886108,,1.0,,insufficient,,0.0,,insufficient,1.4307589564211016,5.97578474332318,-13.858757842358001,12.520836499481199,3,4
warm_nights,40829,Zabol,34,False,7.3333334222223385,,,14.000002216208824,7.786333030464048,20.213671401953597,20.34482604689053,,,13.011492624668193,6.344823830681708,6.666668793986485,6.927085813305435,3.458410394983432,-0.9999911780206391,12.857146816409145,12.733016668159088,3.112222477780742,5.256615483376156,17.415403417017124,16.92789669436116,7.187882630096925,-0.9999999107639772,27.02501801873842,,0.0,,insufficient,,0.0,,insufficient,10.000810881055724,7.525385155128626,-11.002779148778087,20.51401717697498,4,4
warm_nights,40831,Abadan,34,False,16.190512649946104,,,16.666657844722863,11.031034685098497,22.30228100434723,17.407407581160435,,,1.2168949312143305,0.7407497364375715,0.476145194776759,16.79425122200269,3.043916026568126,10.76923771758906,24.18137219333601,17.79886046581126,3.3259144653234793,11.818180482139498,25.333333400355446,19.786785883960263,6.308838596587253,4.875002749232738,32.499996934214934,,1.0,,insufficient,,1.0,,insufficient,2.992534661957575,7.128437704918531,-12.356248146900853,18.151804753069523,2,4
warm_nights,40832,Bandar-E- Mahshahr,34,False,11.333335657538052,,,15.200004234077733,9.779899145863155,20.62010932229231,18.947368525700337,,,7.614032868162285,3.7473642916226044,3.8666685765396807,12.748217506263032,1.9953669261994278,10.000000198166045,17.083332714220923,17.247458755926623,3.3960472615263244,9.565222542781253,21.43447873448389,21.435390854377538,3.937967898822537,15.584374400550674,32.49999197598006,,1.0,,insufficient,,1.0,,insufficient,8.687173348114506,4.055440968350438,1.4839485693453411,20.020848214452933,4,4
warm_nights,40833,Omidiyeh (Aghajari),33,False,7.3333378391155275,,,12.857137665209553,5.959277443794879,19.754997886624228,18.095229031155736,,,10.761891192040208,5.2380913659461825,5.5237998260940255,9.428074575468642,2.9537207479914698,6.666667262235883,16.42857230834785,14.875918266192617,3.9534237388525733,6.666668111127734,21.88075582923315,16.63785883738394,5.04506453818698,7.750000193303725,29.999997724195207,,1.0,,insufficient,,1.0,,insufficient,7.209784261915299,5.510036072445154,-5.009617645308074,19.171806173092033,4,4
warm_nights,40835,Dogonbadan,32,False,6.666666666666658,,,8.148149965824722,-0.4026519101376689,16.698951841787114,12.222225664124178,,,5.55555899745752,4.074075698299456,1.4814832991580635,7.992270167865471,4.398873882920537,-0.07142887170523654,18.587911900791426,9.213363974077991,5.166910990929281,0.6499998525565687,22.514427246828884,15.361500688439573,8.669095627433608,-6.000000552363806,27.33333241738536,,0.0,,insufficient,,0.0,,insufficient,7.369230520574103,8.43892507577154,-10.479713715179752,22.89681238460279,4,3
warm_nights,40836,Yasuj,33,False,3.6363816571687995,,,-2.0000002830934083,-11.422006108509429,7.422005542322612,-6.956521779038332,,,-10.59290343620713,-4.956521495944924,-5.636381940262208,1.3796828035979463,7.630560120822803,-19.99998343753804,12.307691369515716,-1.7790966948123565,8.738011994082635,-23.750011812787108,16.15384467143201,-10.389168742832318,11.113102521733945,-36.66666269332046,1.4925184655042882,,0.0,,insufficient,,0.0,,insufficient,-11.768851546430264,9.92040873825434,-31.374745647986437,3.553211930714167,1,1
warm_nights,40839,Anar,34,False,8.421053870184517,,,10.833331068839183,5.281129184186922,16.385532953491442,14.705879844533436,,,6.284825974348919,3.872548775694254,2.4122771986546656,9.220962458324932,4.572229906691805,0.513158071034584,19.09090930211228,8.908509915077046,3.0355958005746198,2.666667971052848,15.017855966349158,12.134158173865206,2.991023337631809,7.120537468775225,17.333331804890474,,1.0,,insufficient,,1.0,,insufficient,2.913195715540273,4.885887351018008,-7.790909995564106,12.379165886845072,4,4
warm_nights,40841,Kerman,34,False,8.181818168045824,,,10.74074046639204,5.999912124386719,15.481568808397363,7.999999851791609,,,-0.18181831625421552,-2.7407406146004316,2.558922298346216,7.532123880235719,3.9267198114803215,2.497001729949084,13.465909676142205,9.688392137070084,2.899732185736006,1.9856951528836173,13.999997130317816,8.486216197798,3.0022406852817993,4.545454685585777,17.391304621715097,,1.0,,insufficient,,1.0,,insufficient,0.9540923175622821,4.187260267714492,-5.932899450374771,9.532772396045063,4,4
warm_nights,40844,Dorudzan,34,False,1.1764686135342777,,,-4.500005735644717,-11.727098679228504,2.7270872079390704,-4.499998499721523,,,-5.676467113255801,7.235923193960048e-06,-5.676474349178995,-5.555242066257058,6.047148500818872,-15.053570421905015,3.571427767988022,-6.051284717304562,5.9569626240184785,-19.166665784427018,4.002940710736269,-5.347580548082701,3.0184118491447167,-10.624999903524763,-1.999998055954431,,0.0,,insufficient,,1.0,,insufficient,0.2076615181743569,5.979665542687502,-10.858541834344313,12.953554601013874,1,1
warm_nights,40847,Zarqan,34,False,8.181818982377832,,,15.454544581996453,9.657798944966972,21.251290219025933,13.870968137356897,,,5.689149154979065,-1.5835764446395562,7.272725599618621,8.953780196156744,5.963585585352255,-1.999992771112179,26.467857252864214,14.593190942131464,5.445000797123509,0.8125008582944008,23.333335196780993,16.011927973142907,3.6364139678478766,9.075175763454281,21.428571681346213,,0.0,,insufficient,,1.0,,insufficient,7.058147776986163,5.4444320747498285,-7.247114207463483,17.19177455667351,4,4
warm_nights,40848,Shiraz,34,False,3.8461539250491215,,,-1.1538452618092572,-8.839712214652366,6.532021691033851,-12.608695809939286,,,-16.454849734988407,-11.454850548130029,-4.999999186858378,-0.04902234990084503,6.116671437657995,-16.681819181017307,7.3684227279066805,-5.482588505030469,8.529439352854991,-26.666664467320107,7.512497326981615,-14.126197132125654,7.540456446940127,-24.885109831365583,-0.29558352859808545,,0.0,,insufficient,,1.0,,insufficient,-14.077174782224807,6.590562162237916,-25.465961521903075,-0.7472937628069664,1,1
warm_nights,40849,Shahrebabak,34,False,4.230773910212914,,,2.5000067518620623,-2.9543777680416348,7.954391271765759,8.571422815593788,,,4.340648905380874,6.071416063731726,-1.7307671583508517,3.249160063672402,3.180452541859268,-5.714285161898828,6.190475607001004,2.6116124064018784,2.759922150560171,-3.636362408635011,7.777774840063361,6.404679237865967,3.6724846480011992,-2.8571418164468794,11.335709358024738,,0.0,,insufficient,,0.0,,insufficient,3.1555191741935653,4.31676475398549,-5.9800582270713525,11.00277668927507,3,4
warm_nights,40851,Sirjan,34,False,7.894736577104896,,,13.333331604643044,7.998866480599552,18.667796728686536,16.818202083872027,,,8.92346550676713,3.4848704792289826,5.438595027538148,7.223573572802316,6.549293387004326,-7.6470543253772165,17.08827658123056,11.544855621474433,3.328216935034461,3.529419678655841,17.69229900093581,11.929478165129659,5.474571816473632,-0.022726702813562576,20.649864475916168,,0.0,,insufficient,,0.0,,insufficient,4.705904592327342,6.880852045769726,-8.69886615218739,18.452413006494343,4,4
warm_nights,40853,Baft,34,False,13.043478038227281,,,13.928569775219898,9.498254203835838,18.35888534660396,17.99998694324626,,,4.956508905018978,4.071417168026361,0.8850917369926172,12.597100831039153,2.7783290646880263,9.999999831556691,17.692307490918818,12.863691337767827,2.1666071255729866,8.88888734829275,17.060923953345178,17.386523428524026,2.7102044691121843,12.777777841897015,23.33331421328878,,1.0,,insufficient,,1.0,,insufficient,4.78942259748487,3.6795406686476073,-1.8888847115800174,13.3336904197468,4,4
warm_nights,40854,Bam,34,False,10.000002396069258,,,14.999995782344799,8.317886147182225,21.682105417507373,22.66665944360797,,,12.666657047538711,7.66666366126317,4.999993386275541,10.164582956420297,4.011218180912823,8.521863943936724e-05,15.209401981408238,14.363193054183839,3.5503247260915876,6.666667308642481,21.252841388224276,21.167495942806763,5.979043866820383,9.999999408198356,34.99994558249544,,1.0,,insufficient,,1.0,,insufficient,11.002912986386466,6.381142240344606,-0.8401394131359421,23.48482080084448,4,4
warm_nights,40856,Zahedan,34,False,4.000000649489455,,,7.826087032136536,2.2734455682104864,13.378728496062585,7.0588236293735935,,,3.0588229798841384,-0.7672634027629428,3.8260863826470812,4.810516121314109,1.843602663772085,2.102797262548516,8.095237869639904,5.848506871525401,3.5476334314762514,-3.333318710417628,10.959821365055872,7.081515966831485,3.242181269973095,1.1041668700388343,12.727273280628369,,1.0,,insufficient,,1.0,,insufficient,2.270999845517376,3.0997337131611413,-3.8427554372947514,7.205542545475475,3,4
warm_nights,40857,Bushehr (Coastal),34,False,8.181818305785427,,,12.307693525503325,6.457350706301462,18.158036344705188,15.19999764897335,,,7.0181793431879225,2.8923041234700246,4.125875219717898,11.080649169717278,4.742061355758818,4.100960983233255,21.999999303901433,12.673155665602202,3.5108274777045794,5.0000078433632495,20.526279666540027,11.225753703304163,6.295858241136713,-0.5263098347608527,22.499976165244547,,1.0,,insufficient,,0.0,,insufficient,0.1451045335868821,6.740614080149901,-14.465904026341642,10.118333130519822,4,4
warm_nights,40858,Bushehr (Airport),34,False,18.00001357806275,,,17.69231601065504,13.049357402333147,22.335274618976936,21.111111200274443,,,3.1110976222116946,3.418795189619402,-0.3076975674077076,17.588234721271455,2.4750595034751615,12.727310211372936,20.679412281098536,19.606252370051507,2.258741423778676,15.787593325660408,24.292207348321586,21.71217094658271,2.9816740309306575,17.55999677457044,27.14249001645208,,1.0,,insufficient,,1.0,,insufficient,4.123936225311249,4.308876486838952,-1.6501815581089128,11.50733427412267,2,4
warm_nights,40859,Fasa,34,False,8.888891854006557,,,15.925924697128053,10.57613716695047,21.275712227305636,21.61288874658172,,,12.723996892575164,5.6869640494536675,7.037032843121496,10.756074518872662,4.317523566091703,4.0000085761334185,23.124999305537187,15.866675027593413,3.6093289250723153,8.565479152464585,24.0153840154914,19.93601819766068,4.038491039833344,12.85714581430611,28.836273242673613,,1.0,,insufficient,,1.0,,insufficient,9.179943678788014,4.281573252824929,0.9989654380915313,17.761368612266384,4,4
warm_nights,40870,Khash,34,False,5.833333528667894,,,9.375004385152916,4.4353990249641235,14.31460974534171,16.666664078235417,,,10.833330549567524,7.291659693082501,3.5416708564850223,7.93179330622587,4.1048997850439255,1.1041675179442814,14.39999966635594,8.775091827047497,3.132545674298572,2.3191235239265855,13.18181438285162,12.388656509270405,4.706033422139738,5.294118313524829,21.999997987767507,,1.0,,insufficient,,1.0,,insufficient,4.456863203044533,5.526387511379951,-5.287287418399788,14.43154692201993,4,4
warm_nights,40873,Lar,34,False,6.999994320551149,,,11.538466982857459,6.547624611915871,16.529309353799047,17.499995785532874,,,10.500001464981725,5.961528802675415,4.53847266230631,7.716931186551863,3.451652136592734,1.2187499666332304,15.714284447694853,10.800586066497425,2.8592654693940003,4.109951356704752,15.0096190604763,13.224701659405639,4.211017437155413,6.666671174057973,20.61982400344273,,1.0,,insufficient,,1.0,,insufficient,5.507770472853776,4.7502563815380014,-2.2916656810980442,15.697331746926304,4,4
warm_nights,40875,Bandarabbas,34,False,7.307700429333962,,,7.500000606495627,1.76940254120138,13.230598671789874,14.090910002032224,,,6.783209572698262,6.590909395536597,0.19230017716166525,7.941206594033252,4.656442297266312,-2.000001178774325,17.160130451091145,6.952058226064962,1.603430503958768,4.545454741490932,9.999999816273961,9.381511986178902,6.58186656579145,-1.9071423862085157,21.21371133344116,,0.0,,insufficient,,0.0,,insufficient,1.440305392145651,7.723688868866895,-14.237499530499358,16.424975429759744,4,4
warm_nights,40876,Minab,34,False,7.999999111114769,,,9.677419521332743,2.638524043799931,16.716314998865556,21.999998684405764,,,13.999999573290996,12.322579163073021,1.677420410217974,8.70248394789028,4.548709012295241,1.5789505162643651,18.235293875370374,10.094765847505217,4.603717828375675,0.9928598517069523,18.636360593526888,16.367520158133843,5.229124265371728,9.05000061185403,26.357893786578426,,1.0,,insufficient,,1.0,,insufficient,7.665036210243561,5.373477887614966,-1.818175991296202,17.760402572992035,4,4
warm_nights,40877,Kahnuj,34,False,10.666671472662097,,,10.999995464372708,5.593770208774668,16.406220719970747,13.63636525460209,,,2.969693781939993,2.6363697902293826,0.33332399171061056,9.198422466137545,2.8229582619903235,3.7187501313837705,14.999998450457058,9.523972567332358,3.138434444845522,3.076937670409215,15.559523505117578,12.724919114515323,5.191475275045679,3.3333341317059446,20.00000025793838,,1.0,,insufficient,,1.0,,insufficient,3.526496648377777,5.545730200624836,-7.3333311067583775,13.346155168275585,4,4
warm_nights,40878,Saravan,34,False,4.482758728364712,,,7.727264535281409,2.9971343885750477,12.457394681987772,14.333329945371924,,,9.85057121700721,6.6060654100905145,3.244505806916697,5.5542328376410115,2.6537999921149757,0.8303620613201805,9.999999308003778,5.895511341936854,1.8191428620681307,1.9884655854565867,8.003704819179331,8.628348279339432,5.792388406631906,-4.444444286025678,17.777777605252478,,1.0,,insufficient,,0.0,,insufficient,3.074115441698419,5.8927401610055385,-9.848747902973473,13.294988551489181,4,4
warm_nights,40879,Iranshahr,34,False,8.124999221334525,,,9.655172491857709,3.8655634826590575,15.44478150105636,21.818169686276743,,,13.693170464942218,12.162997194419034,1.5301732705231839,7.635403729223749,2.7207329492297463,1.250007027651506,12.142856717306255,8.016838453587207,2.5030533856349213,2.155300577441707,11.827075248722242,8.773159144692046,7.186617551644121,-0.6666654038559858,23.333329321913702,,1.0,,insufficient,,0.0,,insufficient,1.1377554154682976,7.353653265789854,-9.213303329945902,16.730733452098658,4,4
warm_nights,40882,Kish Island,34,False,7.272729111014079,,,16.296301257630915,9.123052914825637,23.469549600436196,18.12500315992963,,,10.85227404891555,1.8287019022987145,9.023572146616836,7.626972866517437,3.394970962053042,1.1111104813729287,13.751492931636122,14.657451944696925,3.822595287313203,5.714285066322392,18.916670139951258,15.152760853213397,6.427183108753117,8.998429456846734e-07,27.70236915566222,,1.0,,insufficient,,1.0,,insufficient,7.525787986695961,6.66228183406448,-7.144850930434617,19.953545659337895,4,4
warm_nights,40883,Bandar-E-Lengeh,34,False,3.6363664683112034,,,6.785714362245068,-1.5131706622765346,15.084599386766671,4.736859419349156,,,1.1004929510379529,-2.048854942895912,3.149347893933865,3.46638180916616,6.521986949549048,-9.999999252505638,10.033332902523792,3.593500774805889,8.112585468944474,-9.285700901381846,20.062501488878034,2.389160889023109,9.201072255877152,-7.999999805096108,21.538461573418683,,0.0,,insufficient,,0.0,,insufficient,-1.0772209201430512,8.626115663387374,-14.999999339274963,17.9057813771528,3,2
warm_nights,40889,Siri Island,34,False,9.375046176554873,,,10.000000009041694,2.322826208005048,17.67717381007834,14.545454550046685,,,5.170408373491812,4.545454541004991,0.6249538324868205,8.89010988879287,4.751151905073253,-0.16666366278088435,16.750001021640657,7.352263972098968,4.991309613297352,-5.71428523672797,14.458333923947142,9.864184082204469,7.034426523074435,-1.0763215708208564,22.802914153025032,,0.0,,insufficient,,0.0,,insufficient,0.9740741934115982,6.995216506105938,-11.623731037382784,12.923419632590987,4,4
warm_nights,40890,Abumusa Island,34,False,4.782618363051468,,,9.999999935999922,-0.7257059830389725,20.725705855038818,16.4285712478291,,,11.645952884777632,6.428571311829179,5.217381572948454,2.571655945635941,3.4007479009447628,-6.2500004868402295,8.125000650702638,4.280109445278436,6.913954682157075,-8.016669010474496,15.515277028091422,11.477737912484313,11.620784984826066,-12.631578418287026,27.037032250976335,,0.0,,insufficient,,0.0,,insufficient,8.90608196684837,10.659422524642293,-15.351016058812625,24.556153348231387,4,3
warm_nights,40893,Jask,34,False,7.4999987724410335,,,6.666666887605452,0.006530380832561633,13.326803394378341,11.739133212389753,,,4.239134439948719,5.072466324784301,-0.833331884835582,4.239327998896211,4.90349654629542,-7.857141295019136,11.666665290833386,4.352590382792199,3.481962711221915,-6.153834879349755,9.09090437152734,7.952373344735336,6.172664607004264,-4.669049266981982,16.36363605591238,,0.0,,insufficient,,0.0,,insufficient,3.713045345839123,8.048997663886317,-13.566668484519123,17.901259993489795,4,4
warm_nights,40898,Chahbahar,34,False,11.999999666666628,,,15.714289983293806,6.860283279927373,24.56829668666024,23.636363686868783,,,11.636364020202155,7.922073703574977,3.714290316627178,12.212339285606092,2.3990612415036794,8.819607795601483,17.499997115244685,16.2625154261742,5.113689352234256,8.000000037106458,26.315781734982703,24.121630899152375,5.511443649497117,15.324983445517665,38.243696988275595,,1.0,,insufficient,,1.0,,insufficient,11.909291613546284,5.43719119430814,2.5714944707522833,26.46814408646637,4,4
warm_nights,88187,Jam,33,False,7.692423202660618,,,13.333333209881514,4.9578129965375926,21.708853423225435,18.400000257777734,,,10.707577055117117,5.066667047896219,5.640910007220897,11.496882038969455,7.067922703871175,2.9249992349189267,22.307692057078864,15.603589112874262,7.250207016571621,1.111120262603618,30.12311000033819,19.377207189735312,4.879647976977798,3.5654766832109788,28.749998779124773,,1.0,,insufficient,,1.0,,insufficient,7.880325150765857,7.4275021077311125,-4.285707831266053,25.22058178927132,4,4
warm_nights,99331,Tehran (Geophysic),34,False,0.7407468787738867,,,-6.428569997614756,-14.60692951620685,1.7497895209773384,-7.500001792919719,,,-8.240748671693606,-1.0714317953049637,-7.169316876388642,-2.1556266198479093,6.547157340184591,-18.33333251707633,7.916664869070609,-5.589296771434358,6.785484461957916,-15.909089397653641,7.805556915603343,-8.842267174253024,11.411326058161256,-30.93636326829048,16.999999801110274,,0.0,,insufficient,,0.0,,insufficient,-6.686640554405114,10.357046695760358,-24.130908618411496,15.968956796604825,1,1
warm_nights,99407,Boshruyeh,34,False,7.727272281910494,,,13.999993683208123,7.634190016425635,20.36579734999061,17.22222701735059,,,9.494954735440096,3.2222333341424676,6.272721401297629,5.796441735363655,2.4175960200402304,-0.020825956530651803,9.999994640600322,10.24515234136894,3.3524678076463044,3.0714248986109065,15.652173505692385,15.603265841140992,3.348004811936643,9.166666892262398,20.588235347809785,,0.0,,insufficient,,1.0,,insufficient,9.806824105777336,4.0591969699580615,3.3686581767429074,18.90041081598139,4,4
warm_nights,99421,Natanz,33,False,8.823529630913155,,,12.500001952827029,6.2842743493416835,18.715729556312375,8.571428571428697,,,-0.25210105948445793,-3.9285733813983317,3.6764723219138737,5.198320258465444,4.307954175057116,-4.32562847772415,11.447540741213103,11.112916810316415,3.378081915096601,2.333592182808203,15.555552276861883,8.707902171958327,5.187440709868204,-2.668181135558202,19.999996360377267,,0.0,,insufficient,,0.0,,insufficient,3.5095819134928843,6.241502517420911,-8.213382668312688,17.938725052854167,4,4
warm_nights,99459,Borujen,34,False,8.000000736016354,,,10.714285882259485,5.480924862208148,15.947646902310822,14.210526420437112,,,6.210525684420759,3.496240538177627,2.7142851462431317,9.166626218340047,6.521225206181318,3.3333333103570393,26.666650624753082,11.974866705011355,2.650011422120212,8.333332355025718,16.666664630565172,15.276661632370246,2.489986904331717,12.083336358368788,22.857142441931195,,1.0,,insufficient,,1.0,,insufficient,6.1100354140302,6.515598852132823,-9.642856186767798,15.040181528773212,4,4
warm_nights,99623,Zahak,32,False,4.666669822094323,,,10.55555662271503,2.6704838537658135,18.44062939166425,25.71428364123961,,,21.047613819145287,15.15872701852458,5.888886800620708,4.330404554407073,5.8703220967190415,-6.68749566222118,12.173912601475747,6.54466820367212,4.694744025863108,-2.963800228715538,14.3810097125481,13.02896860007981,11.094108379813326,-11.666662787986462,27.39699786894283,,0.0,,insufficient,,0.0,,insufficient,8.69856404567274,11.876291639368779,-11.53844833201452,31.59534756323314,4,3
cool_days,19996,Bahookalat,31,False,-6.875000191970451,,,-6.249997158467758,-16.986042448627558,4.4860481316920415,-13.333330611408691,,,-6.45833041943824,-7.083333452940933,0.6250030335026935,-5.419170791461031,3.4877982176782063,-9.583331611038473,1.1764701928757628,-7.7640274157458835,6.28233883622269,-19.63888698463245,1.0000030820254666,-15.356749187915964,10.164038865718213,-31.499999192811934,11.208333321434926,,0.0,,insufficient,,0.0,,insufficient,-9.937578396454933,10.149262241901855,-24.169444193720445,14.208217497388214,2,2
cool_days,40700,Parsabad,34,False,-2.46959298651447e-07,,,-2.2222237037056907,-8.38389496310429,3.939447555692909,-9.615404194381059,,,-9.61540394742176,-7.393180490675368,-2.222223456746392,-0.06623217514826524,2.684009535579014,-6.272321616565519,3.7562498853177138,-1.8549398083336979,3.015502783834105,-8.260869718336696,3.4619548644047398,-4.826026940088867,8.986706752310504,-16.666665194810662,12.749998218184455,,0.0,,insufficient,,0.0,,insufficient,-4.759794764940602,9.272770189653475,-15.482640236862416,14.64277604861992,2,1
cool_days,40701,Maku,34,False,-4.6153840499677505,,,-12.962963687658133,-22.391622264019553,-3.534305111296712,-26.428571582963485,,,-21.813187532995734,-13.465607895305352,-8.347579637690384,-4.728594127968526,1.9555632065381816,-7.333331425084014,-1.8281245745937442,-10.063454515739572,7.348502462944911,-18.1960220670717,3.832705332038214,-15.793300613264472,12.703486187952493,-28.749995968230014,7.5267841512841045,,1.0,,insufficient,,0.0,,insufficient,-11.064706485295947,12.23993258179436,-24.76785386255247,10.708499489341886,1,2
cool_days,40702,Jolfa,34,False,-2.592592857794263,,,-4.444448034078141,-14.299077839888156,5.4101817717318745,-19.06249987630223,,,-16.469907018507968,-14.618051842224089,-1.8518551762838777,-2.472367826342359,2.908532591417558,-8.148149079367789,1.7647003964732995,-6.7179625620699674,7.394568076881648,-17.805554918458952,7.6481895183386355,-13.898370830352764,10.833272955089024,-30.99999953082699,9.499997642948983,,0.0,,insufficient,,0.0,,insufficient,-11.426003004010408,10.885135236259512,-28.91666573774527,10.8384535924325,2,2
cool_days,40703,Khoy,34,False,-6.470584536964627,,,-10.000001468148813,-17.865067743380962,-2.1349351929166644,-22.85714278155726,,,-16.386558244592635,-12.857141313408448,-3.529416931184186,-5.744678150038587,2.250425545594348,-11.481480853140628,-1.5779356052166555,-8.988511071773857,6.897819536884066,-19.999998846264486,8.461535549280807,-14.890560582891226,12.000731919442213,-30.450229475341033,2.8571393986661398,,1.0,,insufficient,,0.0,,insufficient,-9.145882432852638,12.122251611895651,-26.78334285430582,9.322726471189416,1,2
cool_days,40704,Ahar,34,False,-4.090910043748948,,,-6.6666669293926715,-11.50305967242243,-1.8302741863629137,-14.7619047871033,,,-10.670994743354353,-8.095237857710629,-2.575756885643724,-4.21828043283937,2.770664798848241,-14.013618212083614,0.5555458530592758,-6.423844256892661,2.6820384629130225,-10.66665021778646,-0.6964316476549525,-11.76799587428346,9.579645013589088,-26.08695408675809,4.285714083867354,,0.0,,insufficient,,0.0,,insufficient,-7.54971544144409,9.831096652138763,-21.996046973968078,9.285710455424342,2,2
cool_days,40706,Tabriz,34,False,-4.117643290725689,,,-8.709677061866447,-15.724031278845398,-1.695322844887496,-21.49999489559595,,,-17.382351604870262,-12.790317833729503,-4.592033771140758,-4.869934921687668,4.078847200281953,-12.504166273420246,2.992647067985987,-5.7070340210841035,4.048825472551891,-9.999986431997867,4.545449937550151,-11.761876570553536,10.221824890378516,-26.190477277502207,3.339285784421327,,0.0,,insufficient,,0.0,,insufficient,-6.891941648865867,10.093405162394111,-21.586454797741567,10.012674859275135,2,2
cool_days,40708,Ardebil,34,False,-1.363959571084196e-06,,,-7.500001250024589,-12.40553159518507,-2.5944709048641075,-20.62499990379961,,,-20.624998539840036,-13.12499865377502,-7.499999886065018,-1.7869434853782555,4.027346477325879,-11.281248444397155,3.680070019370977,-6.483754782440827,3.6318606236492847,-13.482208789936578,-0.5000021788957643,-13.885889612325146,9.18822894038163,-27.99999934836488,0.02499924875373155,,0.0,,insufficient,,0.0,,insufficient,-12.09894612694689,8.896849920837402,-24.38162723895002,2.7405556123815407,2,2
cool_days,40709,Astara,34,False,-5.789304622974991,,,-6.111110555553445,-12.913752477856892,0.6915313667500032,-18.88888855997913,,,-13.099583937004137,-12.777778004425684,-0.3218059325784539,-5.358943366380575,1.797826649799982,-8.888886825416204,-2.222222634953466,-6.581721934073598,4.276433032835421,-16.96120582798038,-0.4762090331716836,-14.064592038841598,9.851765663279608,-27.91165368055475,9.486836151089083,,1.0,,insufficient,,0.0,,insufficient,-8.70564867246102,9.652518221399825,-21.666658919498502,14.973663326335398,2,2
cool_days,40710,Sarab,34,False,-5.357140638798416,,,-4.444444945961737,-10.31095462881526,1.4220647368917865,-17.14285713435376,,,-11.785716495555345,-12.698412188392023,0.912695692836679,-3.386791804823535,2.894719838927016,-9.426470341490026,1.260416284253945,-2.4950177882335653,3.9711796601927887,-9.016070083579665,3.8749957261131733,-9.94997693757527,8.721569072573255,-22.39434430603499,6.678571014618518,,0.0,,insufficient,,0.0,,insufficient,-6.563185132751735,8.801477265044118,-20.515322715920398,8.297624005950771,2,2
cool_days,40712,Orumiyeh,34,False,-1.9999989714470858,,,-9.99999897142465,-17.63235350119618,-2.367644441653119,-28.387099009664777,,,-26.387100038217692,-18.387100038240128,-7.999999999977565,-5.008915780047552,4.899777163665653,-16.666611793253303,-2.4581127627274463e-07,-8.605069658650201,4.151572032164354,-15.714285986492929,-3.1014952950093115e-05,-20.39613214877283,12.065966404473674,-37.91666526927179,-0.6250012048821417,,1.0,,insufficient,,1.0,,insufficient,-15.387216368725277,10.867558801106753,-32.001564035908146,4.390624181818449,2,2
cool_days,40713,Maragheh-Synoptic,34,False,-9.00000077232083,,,-13.684212501676269,-20.08760170716063,-7.280823296191909,-28.18181787419645,,,-19.181817101875623,-14.497605372520182,-4.6842117293554395,-10.106779761600086,4.537528786486162,-18.78125003831108,-3.3333326027474945,-13.36407505200514,4.513132857501709,-19.738883294473084,-4.436268272697418,-25.098100258074314,12.670534565099178,-49.99999951522989,-4.278572385078953,,1.0,,insufficient,,1.0,,insufficient,-14.991320496474227,12.505997720880142,-40.30190290416352,8.037194165689655,1,2
cool_days,40716,Mianeh,34,False,-5.217416068787509,,,-12.727267937305824,-19.700088080010016,-5.754447794601632,-25.806454194094144,,,-20.589038125306637,-13.07918625678832,-7.509851868518314,-5.9622022550297356,1.9836315716836885,-10.928025859057328,-3.846267369986009,-10.17128333509205,3.66333274363067,-16.666660690104585,-0.6250013224073395,-19.63510749177588,10.626469824470037,-36.84211094127173,-3.076922780757862,,1.0,,insufficient,,1.0,,insufficient,-13.672905236746145,10.478201465085268,-30.866880652009165,3.875000198575764,1,2
cool_days,40717,Khalkhal,34,False,-6.84210446339093,,,-9.999998776822217,-14.834963253284924,-5.16503430035951,-17.307691844181498,,,-10.465587380790568,-7.307693067359281,-3.157894313431287,-6.591871934548102,2.455350177582871,-11.725001871897483,-3.941666750879292,-9.003646448607512,3.0721773585064267,-13.64069719501098,-1.5720994633975087,-12.7445315979014,6.615580511937182,-23.750005045515476,-2.5000219328824715,,1.0,,insufficient,,1.0,,insufficient,-6.152659663353295,7.220542668136168,-18.48681208287663,6.904828262691064,2,2
cool_days,40718,Bandar-E-Anzali,34,False,-2.2222224485594886,,,-6.071436500259465,-14.150644980460488,2.0077719799415563,-20.476190430838884,,,-18.253967982279395,-14.404753930579417,-3.8492140516999767,-3.558555219120689,2.174863858150119,-9.999998435539739,-1.6666670405470745,-7.23232213094308,5.174012361391145,-20.43707087027713,3.3333345248087354,-19.70559772703657,10.083425528044673,-39.01534920497858,-1.9999997574082315,,1.0,,insufficient,,1.0,,insufficient,-16.14704250791588,10.403436053749733,-37.16969637852426,2.0948474347565185,2,2
cool_days,40719,Rasht,34,False,-3.181815810692271,,,-8.095235989238839,-14.563842147337304,-1.6266298311403737,-13.076922699084408,,,-9.895106888392137,-4.981686709845569,-4.913420178546568,-4.234264068156507,2.0855726886376473,-8.461538125580235,5.899764397592064e-07,-8.021369366923459,2.5960254837563546,-13.076918925027075,-2.5000025122197993,-11.82003963360707,5.681513918903607,-22.66665794681844,-4.444444298465862,,0.0,,insufficient,,1.0,,insufficient,-7.585775565450567,6.475347116116055,-19.067433715866926,1.4446967400071724,2,2
cool_days,40723,Bojnurd,34,False,-7.6470588465975755,,,-7.692307218929137,-12.865402906070747,-2.5192115317875263,-8.709677398543217,,,-1.0626185519456417,-1.0173701796140806,-0.04524837233156109,-7.199369683220816,3.102801419471564,-13.083333473587405,-1.578949726087178,-8.000593333995136,2.2226240988989443,-13.333240320993923,-4.285751357090627,-7.251530699190932,5.902143413626282,-18.18179399078954,2.3529374129008693,,1.0,,insufficient,,0.0,,insufficient,-0.052161015970114806,6.610270618999811,-14.711887514303328,13.394343246250255,2,2
cool_days,40724,Piranshahr,34,False,-4.583337873949817,,,-10.0000041705775,-16.65417881852889,-3.345829522626108,-20.49999953749938,,,-15.916661663549565,-10.499995366921882,-5.416666296627683,-7.190919557494308,5.538654540959913,-17.02499948614984,0.5993554563733487,-7.358323086701472,5.159352670075624,-15.394231905229013,1.4345244113081717,-15.858574674045165,11.430258319500897,-42.41826165741448,-2.4522376621920254,,0.0,,insufficient,,1.0,,insufficient,-8.667655116550856,10.986098913422094,-33.53026406920485,10.005678492396665,2,2
cool_days,40726,Mahabad,34,False,-4.285714688636588,,,-9.047625360729496,-17.14935662207065,-0.945894099388342,-16.296296893294862,,,-12.010582204658274,-7.248671532565366,-4.761910672092908,-6.308252109502646,5.471876666645173,-21.666659176871036,0.9488621384163302,-8.749715854383746,5.259361639006803,-17.037035691215962,2.2500163257791015,-14.250225357980444,7.998878332707985,-28.125000176822695,4.285712135967331,,0.0,,insufficient,,0.0,,insufficient,-7.941973248477797,9.330754424346086,-23.776432185211668,11.27083166505111,2,2
cool_days,40727,Saqez,34,False,-5.000000451009272,,,-9.090909090909102,-16.297744075985776,-1.884074105832429,-11.666674676231679,,,-6.666674225222407,-2.5757655853225767,-4.090908639899831,-5.582778085396556,2.923580922337617,-11.999999997457145,-2.352941164049095,-8.179902016685192,3.460211685315118,-15.013887368676988,2.8571398419287117,-14.341238413009219,10.519259712179323,-41.39016111530724,0.02083231893092318,,1.0,,insufficient,,0.0,,insufficient,-8.758460327612665,10.082679431792124,-34.23211383062098,4.924997334951612,2,2
cool_days,40728,Takab,34,False,-7.500000273451727,,,-10.499999306231297,-15.969093573231042,-5.030905039231553,-20.90909095041343,,,-13.409090676961702,-10.409091644182132,-2.99999903277957,-8.38188542919632,2.7534037187192997,-14.844860825982144,-4.913462376047904,-9.445044845869946,3.6924493787364194,-14.999994640798455,-1.3460409382900766e-05,-16.43756188859001,13.031672603070975,-45.263152176142455,1.4285606618315592,,1.0,,insufficient,,0.0,,insufficient,-8.055676459393695,12.062961977844788,-33.30976052871277,10.053571490516676,1,2
cool_days,40729,Zanjan,34,False,-11.818178623152855,,,-13.000001000004943,-18.646545468807798,-7.353456531202088,-20.645161269510915,,,-8.82698264635806,-7.645160269505972,-1.1818223768520877,-10.895716012982014,2.225310434980502,-15.000000097748615,-7.857144213580025,-12.300069376179062,2.6507983160766067,-16.50856148002044,-6.363638331870431,-14.015333469544737,10.900076163184165,-37.14957215673137,-1.4970454657689641e-06,,1.0,,insufficient,,1.0,,insufficient,-3.119617456562723,10.433169575026575,-25.510234333330544,11.818160244943073,1,2
cool_days,40730,Khorramdareh,34,False,-6.666665566274407,,,-8.095238458050078,-13.629579410393033,-2.560897505707123,-13.076930051174568,,,-6.410264484900161,-4.98169159312449,-1.428572891775671,-6.5125611880268846,2.042111329806499,-11.999982403245514,-4.000001584806369,-6.287184917119539,3.7313052239176407,-13.920056238444412,0.5882293368452532,-9.86399996179928,8.033337762371431,-27.69230524754634,0.5488729223718135,,1.0,,insufficient,,0.0,,insufficient,-3.351438773772395,7.449518118847902,-20.80086475880435,7.113846465745879,2,2
cool_days,40731,Qazvin,34,False,-7.692306536522531,,,-13.157890524310405,-18.875528743618744,-7.440252305002066,-18.709679226387813,,,-11.017372689865283,-5.551788702077408,-5.465583987787874,-7.417183792757267,2.2881172263391876,-11.99991410796762,-2.9411767682190115,-10.955609048689274,4.191607281913172,-17.34998577143469,-1.8750005733578312,-15.050848916784723,10.655764306862594,-40.434781579462694,-6.847474560744896e-07,,1.0,,insufficient,,1.0,,insufficient,-7.6336651240274565,10.925102929751182,-32.79796204135111,10.645831625186327,1,2
cool_days,40732,Ramsar,34,False,-3.9999959527871534,,,-5.416666493054729,-12.944238596296723,2.110905610187265,-15.769250467053906,,,-11.769254514266752,-10.352583973999177,-1.4166705402675754,-3.6020826632490253,1.5191329846885464,-6.67741681538702,-1.5000008958948416,-8.228331927912793,5.531767660544958,-20.802727049640385,-2.85389550007936,-16.07005825467369,8.634610104329397,-33.12500086405006,5.263155094487847,,1.0,,insufficient,,0.0,,insufficient,-12.467975591424661,8.772748501967659,-29.479352737690668,7.789315906503615,2,2
cool_days,40734,Nowshahr,34,False,-5.4999997650154695,,,-7.727272266219553,-15.69139910277764,0.23685457033853297,-13.57142881270428,,,-8.07142904768881,-5.844156546484727,-2.2272725012040837,-5.340446269898169,3.3582522408361997,-10.526314221191809,-1.7857144511722933,-8.617197556986838,4.657752759644794,-17.830434793685964,-1.25000119903645,-12.446879189429136,7.961402687418905,-25.55555498626152,7.526785325218251,,1.0,,insufficient,,0.0,,insufficient,-7.106432919530969,9.511960319605997,-21.28392574122439,12.968162871145221,2,2
cool_days,40736,Babolsar,34,False,-2.7272673982664113,,,-5.217392742058857,-10.431327638120482,-0.0034578459972323117,-18.928575036758566,,,-16.201307638492153,-13.711182294699709,-2.490125343792446,-1.8313538652544927,2.4162188729661978,-7.541666408976919,1.8181809681681578,-6.305347121275782,3.984486259636359,-18.645454230221958,-1.4285724087470157,-13.431748051282595,7.4539054448457165,-22.947916467596343,2.4999669774159377,,0.0,,insufficient,,0.0,,insufficient,-11.600394186028105,7.697450899557751,-24.456887806290595,4.8105973300471225,2,2
cool_days,40737,Gharakhil,34,False,-4.500002187123611,,,-7.0588239446506496,-14.235939300639075,0.11829141133777465,-16.25007080358346,,,-11.750068616459847,-9.191246858932809,-2.5588217575270384,-3.914207334828447,2.253474526285211,-8.33333358686695,2.3880501564281206e-06,-7.666991701790718,6.170573935705619,-21.428571265329342,0.7692292414359818,-12.134856677790285,6.8054450204230434,-21.578937711198055,-0.8124998935826689,,0.0,,insufficient,,1.0,,insufficient,-8.220649342961838,7.633071790350475,-19.47147665715144,6.141828297943327,2,2
cool_days,40738,Gorgan,34,False,-4.999999304627131,,,-7.857145750618205,-12.761377729832656,-2.9529137714037548,-15.000000555558218,,,-10.000001250931087,-7.142854804940013,-2.8571464459910736,-5.5386625113017365,1.9359074158877387,-10.019230940524821,-2.935829361402009,-8.435948733852454,2.891505847239359,-15.555556074215351,-4.11765047374471,-12.974356039685706,5.507989029340116,-21.738975949699935,0.4545379360896633,,1.0,,insufficient,,0.0,,insufficient,-7.435693528383967,5.083891327918962,-14.748107159917923,4.268831021591238,2,2
cool_days,40739,Shahrud,34,False,-1.000000614330959,,,-4.166667360744205,-9.75777252730727,1.4244378058188616,-14.230776586287165,,,-13.230775971956206,-10.06410922554296,-3.1666667464132456,-2.479095690209421,2.5433484856367294,-8.666665252053296,-5.756161233155356e-07,-5.260030365880126,4.6268477224590026,-15.059209993285414,0.7242326699140057,-10.717838465148212,10.808562792060155,-30.043099065235385,4.99999881365243,,1.0,,insufficient,,0.0,,insufficient,-8.238742774938792,9.984900385149798,-25.373468567334562,8.45976247617522,2,2
cool_days,40740,Quchan,34,False,-3.478260791083664,,,-5.0000006470102,-11.339245237521917,1.3392439435015167,-8.846153809993314,,,-5.36789301890965,-3.8461531629831143,-1.521739855926536,-2.030251564878488,2.035306721455991,-6.204538942682191,2.857140457699317,-3.5093485437495895,3.6412145921009555,-8.304345736816664,2.9426482236524314,-5.0959932080066155,6.826851239497611,-16.666665419917837,7.810605277229264,,0.0,,insufficient,,0.0,,insufficient,-3.0657416431281286,6.536804317107873,-14.011101916357465,9.103410841757265,2,1
cool_days,40741,Sarakhs,34,False,-6.818185571622941,,,-10.000000407954346,-14.215132665816506,-5.784868150092185,-14.285708554876908,,,-7.467522983253968,-4.285708146922563,-3.181814836331405,-7.544091494576387,2.7009452210662994,-12.314395187380791,-0.769231381508949,-10.558776735718311,1.8861545860354607,-14.775210441642356,-8.181823590779436,-10.344677941963578,6.2796650030810035,-19.99999740391633,1.4285700728619308,,1.0,,insufficient,,0.0,,insufficient,-2.80058644738719,5.949651208931928,-12.024561551023428,7.514875789628269,2,2
cool_days,40742,Biyarjomand,33,False,-4.99999680760122,,,-8.421052526107129,-15.206293558491433,-1.6358114937228247,-14.230777277139246,,,-9.230780469538026,-5.8097247510321175,-3.421055718505909,-5.1202667893554645,1.9414029731201026,-9.999999694872976,-2.848216735748566,-7.144491144472358,3.3912469883903635,-14.999998122918939,-1.4178565418466929,-9.215347173616786,5.6592818531309526,-18.65192941279765,-7.330877912008156e-07,,1.0,,insufficient,,1.0,,insufficient,-4.095080384261323,5.159572669875082,-13.527581449552946,5.010750124633299,2,2
cool_days,40743,Sabzevar,34,False,-3.8461539283366384,,,-6.874999765623235,-12.07381850044254,-1.6761810308039298,-15.161290494144895,,,-11.315136565808256,-8.28629072852166,-3.0288458372865965,-4.393833884058221,1.8914220160071766,-9.444443896377674,-2.222223923269356,-6.135520811719561,2.360484743140924,-12.500000361002913,-2.5000054862806578,-11.111261137173617,6.229797377790445,-21.17934718521683,-0.7386360599760371,,1.0,,insufficient,,1.0,,insufficient,-6.717427253115395,5.467802059517773,-16.08140189666839,3.6231297439881054,2,2
cool_days,40744,Golmakan,32,False,-5.90909099861381,,,-5.555555308640023,-11.164864318422136,0.05375370114209144,-8.23529909470282,,,-2.326208096089009,-2.6797437860627964,0.35353568997378737,-5.418845852751272,2.3509403450090747,-9.45833343185502,-0.6250005975783666,-5.292909030097382,2.809784132182018,-12.22222190727828,-2.299996980215845,-6.568600895380729,4.673950713110845,-17.69230520102246,2.222220197033668,,1.0,,insufficient,,0.0,,insufficient,-1.149755042629457,5.195621526972962,-12.331191753912119,9.166960589619874,2,2
cool_days,40745,Mashhad,34,False,-3.4782614612312397,,,-6.9999966710566355,-12.838068908908738,-1.1619244332045335,-12.96296292943144,,,-9.4847014682002,-5.962966258374804,-3.521735209825396,-3.414655637710895,1.0123442937770275,-5.555552607975502,-1.764705936683258,-4.374664062002273,4.310015721280591,-12.81911051361698,2.6086940013073936,-10.938456580050454,5.5331333613075895,-20.495541791438534,-0.4431816316147577,,1.0,,insufficient,,1.0,,insufficient,-7.523800942339559,5.226225920997785,-16.982310108574463,2.6324066307762495,2,2
cool_days,40746,Neyshabur,34,False,-8.076922568233925,,,-8.333331596691586,-13.469612710598813,-3.19705048278436,-13.54838903620276,,,-5.471466467968835,-5.215057439511174,-0.2564090284576608,-7.51626392628669,3.407987792647858,-14.166666771422204,-1.8750009928809337,-7.175117918952817,2.7950824835203805,-11.862725474992613,-1.8750143493679778,-10.888148669615248,6.994831081631431,-23.125004855977046,1.999974595019612,,1.0,,insufficient,,0.0,,insufficient,-3.3718847433285566,6.464611931165148,-15.81271141274903,7.712419289995505,2,2
cool_days,40747,Sanandaj,34,False,-10.000005382696862,,,-12.799992794020904,-17.972976549829216,-7.627009038212591,-15.483871184748972,,,-5.48386580205211,-2.6838783907280686,-2.7999874113240413,-10.131367988489977,2.0368163047927736,-14.999966217880239,-6.923076748519521,-10.738275733985084,2.2366862152016074,-14.230759288825608,-4.538960391849455,-14.899887704567282,9.844147784954227,-43.35833271728865,-5.333330942914719,,1.0,,insufficient,,1.0,,insufficient,-4.768519716077304,9.355313945646271,-32.33452283977009,6.860837020736847,1,2
cool_days,40748,Bijar,34,False,-10.555556556379345,,,-12.962962406203324,-18.674550010384827,-7.251374802021823,-13.928571607142944,,,-3.3730150507635983,-0.9656092009396193,-2.407405849823979,-12.295495320922269,3.1892138234508813,-18.125000408902505,-8.125004251383304,-10.77779224458347,3.700215825814431,-17.9635276236025,-4.157743871867064,-14.754352373672695,10.524925081616036,-40.00001165047401,-3.7098226030484263,,1.0,,insufficient,,1.0,,insufficient,-2.458857052750429,10.307695905956033,-27.577064624836048,10.696007637034432,1,2
cool_days,40749,Zarrineh,34,False,-10.555549238219008,,,-12.105263268699243,-16.885839291964228,-7.324687245434258,-17.419356680144162,,,-6.863807441925154,-5.314093411444919,-1.549714030480235,-11.002995897798355,2.9274400568356285,-16.06875277356304,-4.666668782241796,-12.355363276959379,2.539341030095723,-15.724207516695822,-6.113648437462322,-16.378667470857845,8.607475676400043,-38.14814764590674,-5.429293573978706,,1.0,,insufficient,,1.0,,insufficient,-5.3756715730594875,8.346237591543481,-27.60435771792307,6.526792992501789,1,2
cool_days,40751,Tehran (Shemiran),34,False,-12.142856138425316,,,-12.000001000003676,-17.99808384023941,-6.001918159767944,-17.777790675483196,,,-5.63493453705788,-5.77778967547952,0.14285513842163944,-12.193461708618715,3.9392738735684882,-18.461538021131908,-5.000000039279771,-11.720973857542027,4.800065291812685,-20.90908337503276,-3.636364532461628,-19.050072547978104,9.049333070585067,-35.00000080307807,-1.8750055541923816,,1.0,,insufficient,,1.0,,insufficient,-6.856610839359389,8.46497240968132,-24.388132812467614,9.183326144857267,1,2
cool_days,40752,Karaj,34,False,-9.999999524623533,,,-11.999998928243773,-16.506350855224895,-7.493647001262651,-15.384622630736224,,,-5.3846231061126915,-3.3846237024924513,-1.9999994036202402,-10.225032335816705,3.4225119781727513,-17.000000200851968,-5.878151401510854,-10.99057155721237,2.0654827318286344,-13.333333549479267,-5.82814016725646,-14.62664217995644,8.133366786608763,-30.000006007235662,-3.125000549562821,,1.0,,insufficient,,1.0,,insufficient,-4.401609844139733,8.072955848389753,-20.960831988102626,8.09409064545255,1,2
cool_days,40754,Tehran (Mehrabad Airport),34,False,-5.000000532078636,,,-3.4615400287330047,-8.398773155818226,1.4756930983522176,-15.000007139201628,,,-10.000006607122991,-11.538467110468623,1.5384605033456316,-4.749728489243962,2.019237660140194,-9.071419910544785,-0.5000004348403766,-3.603139152632938,3.585623346379947,-10.015626744561873,2.6666529581392027,-9.293541548830024,9.607882449857408,-28.387081740492874,5.835231060070586,,1.0,,insufficient,,0.0,,insufficient,-4.543813059586062,9.166430431169815,-21.31447709096223,10.772944691696422,2,2
cool_days,40755,Abali,34,False,-7.500001326080637,,,-11.999996733393711,-16.312694354652887,-7.687299112134537,-16.923083989416465,,,-9.423082663335828,-4.923087256022754,-4.499995407313074,-9.2777690210352,4.325683001904685,-15.555543877738208,-5.671427914081855,-10.427679765496976,4.318436368964881,-15.000000233447778,-1.300000806971577,-14.521149879016784,11.96402604572284,-42.118745362748925,0.5952380943576092,,1.0,,insufficient,,0.0,,insufficient,-5.2433808579815855,10.596620270027527,-27.79575432011584,9.764283681494001,2,2
cool_days,40757,Semnan,34,False,-6.153847280258581,,,-10.625000546876537,-16.734784610536003,-4.515216483217071,-18.709677315484143,,,-12.555830035225561,-8.084676768607606,-4.471153266617956,-7.356181937346273,2.7900368273160985,-13.33333337117273,-3.071421399369047,-8.374828613144814,3.7427596164456793,-17.272725628617025,-3.295455727156711,-15.315522110347901,8.310071242246453,-28.148159428165556,-2.777777953561967,,1.0,,insufficient,,1.0,,insufficient,-7.959340173001626,7.729921564066458,-21.02244761472847,5.79364380204284,2,2
cool_days,40758,Garmsar,34,False,-3.9999978385627264,,,-1.5789531262854664,-6.921219573942524,3.7633133213715912,-15.769238143006183,,,-11.769240304443457,-14.190285016720717,2.42104471227726,-3.2449783009613586,2.1353460396035717,-6.363632934110389,1.2499992480303492,-1.6531153600749724,3.785147937214928,-10.016668250138801,3.888889059831116,-8.97003349647686,10.899850560129043,-27.343746623521504,13.333332774750083,,0.0,,insufficient,,0.0,,insufficient,-5.725055195515502,11.035038121584435,-24.3360897272566,16.978789639888934,2,2
cool_days,40762,Torbat-E Heydariyeh,34,False,-9.166666709104938,,,-11.176468805210693,-17.29430101707023,-5.0586365933511575,-16.12903416128816,,,-6.962367452183223,-4.952565356077468,-2.009802096105755,-8.0477575410878,2.1235666913331963,-12.105263137151923,-1.8750055972963022,-10.309046912115614,2.3165863405270404,-16.006264393180796,-5.961111552594929,-13.331784044497704,8.786876927868475,-27.99999761962857,-2.1116910236684846e-07,,1.0,,insufficient,,1.0,,insufficient,-5.284026503409902,8.625759683759952,-20.981148853330314,7.763256001086377,1,2
cool_days,40763,Kashmar,34,False,-7.692307573964585,,,-10.909086945461189,-17.00152535853847,-4.816648532383908,-16.451614870281258,,,-8.759307296316674,-5.542527924820069,-3.216779371496604,-7.988579654233445,2.2696024638324177,-12.499999323531542,-5.000000312191942,-8.62996693904728,2.799617890684046,-13.157893715233149,-2.9691180915978412,-10.873095147225929,9.209143698168399,-24.499994180774575,4.54544717430541,,1.0,,insufficient,,0.0,,insufficient,-2.884515492992484,8.400871358315786,-16.74496655699068,10.760342557079953,2,2
cool_days,40764,Ravansar,34,False,-6.666666621315084,,,-9.565217149067754,-15.50632978889082,-3.624104509244688,-25.333333194868715,,,-18.66666657355363,-15.76811604580096,-2.89855052775267,-7.249908585265245,5.202076248204818,-15.925923321718532,0.5643961317791797,-8.956884465757469,3.8821941181716806,-15.891539483089401,-0.5131587202119815,-17.796300892945993,14.679606771706714,-43.20395037759855,7.058820987762832,,0.0,,insufficient,,0.0,,insufficient,-10.546392307680746,13.277940186624848,-36.784782893731816,12.85714310689971,1,2
cool_days,40765,Sarpol-E-Zahab,34,False,-7.6923074080823675,,,-11.153845865639255,-16.62191216611322,-5.685779565165292,-24.61538416422461,,,-16.923076756142244,-13.461538298585356,-3.4615384575568875,-7.278905399087501,3.638950557386104,-11.999999456306428,1.0526310219692692,-8.972023833743542,2.4493857309416804,-12.503287482367348,-3.9937517025761373,-22.432249255140363,8.700051193542386,-36.6922991106604,-2.0995524192500135,,0.0,,insufficient,,1.0,,insufficient,-15.153343856052865,8.20505260580815,-27.055639386015145,4.575446742741752,1,2
cool_days,40766,Kermanshah,34,False,-4.999999995408676,,,-4.814814924554465,-10.714942982818222,1.085313133709291,-17.999997775079233,,,-12.999997779670558,-13.185182850524768,0.1851850708542111,-4.651956404470414,4.713142604996992,-10.433332959179626,4.54545444108496,-4.121159737658763,3.5783143839399387,-9.999996269208362,2.033333267766318,-16.142675172130083,14.843970683367552,-41.86607011646291,10.909091191599568,,0.0,,insufficient,,0.0,,insufficient,-11.49071876765967,13.868645220810974,-41.50472632624183,14.31493312858324,2,2
cool_days,40768,Hamedan (Airport),34,False,-9.999999979423938,,,-10.000000229592253,-15.666044499500302,-4.333955959684203,-10.588255923132678,,,-0.5882559437087398,-0.5882556935404253,-2.5016831450841437e-07,-10.173528407709835,1.5746250720657744,-12.85713937017219,-6.666668787201536,-8.9150606189125,3.3990484672645316,-15.005433097265662,-1.5779466725898386,-13.847305606240786,13.109675443054217,-53.913034809547696,-2.727272697466642,,1.0,,insufficient,,1.0,,insufficient,-3.673777198530951,12.623731994519142,-41.69181341550921,8.108725307832046,1,2
cool_days,40769,Arak,34,False,-7.083315511023736,,,-12.105260614085243,-17.250793860932824,-6.959727367237662,-19.999999720198925,,,-12.91668420917519,-7.894739106113683,-5.0219451030615065,-6.599770673205671,2.7827676264306374,-13.342104786538947,-2.2222221968950993,-9.55066548474377,3.8964298471636742,-15.008335426097592,-1.2481617084419756,-17.659674250881473,7.658869077966874,-37.04659833805265,-5.333335845434492,,1.0,,insufficient,,1.0,,insufficient,-11.0599035776758,7.306775918713653,-31.326717013869114,0.22222560073754943,1,2
cool_days,40770,Qom,34,False,-7.49999992344329,,,-10.555558774453404,-16.934513643998926,-4.17660390490788,-20.645163137945694,,,-13.145163214502404,-10.08960436349229,-3.0555588510101144,-6.703176430647838,3.7073179415349533,-13.47499866670917,-2.0000026035726135,-8.813240903066603,5.568793507241155,-16.24999976833085,2.8571420074394305,-16.240978723254717,8.975616694512919,-31.49999827988694,1.1145874066814714,,1.0,,insufficient,,0.0,,insufficient,-9.537802292606875,8.499204543032326,-23.179406930666286,7.527777946455935,1,2
cool_days,40771,Kangavar,34,False,-9.047619304610798,,,-10.000000390625113,-15.934322666128246,-4.0656781151219805,-18.181818310376485,,,-9.134199005765687,-8.181817919751373,-0.9523810860143147,-8.1107714727406,3.476379536440229,-13.571428383667424,-1.4285730717410194,-9.118777033691781,3.7353898747206133,-14.386594255064,-1.9916688653990924,-16.29496375892202,10.929208255249916,-41.21379111114338,-2.3055560077900754,,1.0,,insufficient,,1.0,,insufficient,-8.18419228618142,10.449897290792759,-34.098588221346624,5.1512684728386855,1,2
cool_days,40772,Qorveh,34,False,-10.952382494025349,,,-13.749999895078158,-19.60292478248502,-7.897075007671298,-21.874995842989712,,,-10.922613348964363,-8.124995947911554,-2.7976174010528094,-10.800771159022567,2.8849291530110253,-16.249999607177692,-4.267839031900058,-12.800078505201759,2.7793737583118827,-17.1428177562776,-6.666667146485027,-16.43915413025601,9.776555800805326,-38.88888804057282,-3.6842111363536416,,1.0,,insufficient,,1.0,,insufficient,-5.638382971233446,9.518355518589148,-28.005625694951156,10.002773030684002,1,2
cool_days,40774,Borujerd,34,False,-6.000000194444523,,,-11.42857306123539,-18.090388551636206,-4.766757570834575,-15.185185483758932,,,-9.18518528931441,-3.756612422523542,-5.4285728667908675,-5.751691397463695,3.305421170271603,-12.500001747602823,-0.6964293909154887,-10.17628638379751,3.938440856002867,-16.03333827763687,-1.0833312390035421,-15.925020991320238,10.71610527229795,-48.001919024445634,-2.500000756010366,,1.0,,insufficient,,1.0,,insufficient,-10.173329593856543,9.86306107974452,-39.17515357345737,3.1371548742562276,2,2
cool_days,40778,Gonabad,34,False,-11.250000984987958,,,-10.476191905292856,-15.201294464433428,-5.751089346152283,-13.43750002821182,,,-2.1874990432238626,-2.9613081229189646,0.773809079695102,-12.478818802769442,2.1247215877015933,-16.521731832152888,-9.977272630099803,-10.657820168011458,2.3286030064130436,-15.454546439370997,-6.3157905521746045,-8.878555387563035,6.378975758853813,-18.749989357597578,2.356617184628018,,1.0,,insufficient,,0.0,,insufficient,3.6002634152064075,6.114721015622887,-6.846434459975582,16.10660886692085,1,2
cool_days,40779,Eslamabad-E-Gharb,34,False,-2.857143004533019,,,-7.600000191999968,-13.134586081502256,-2.065414302497678,-13.333339624335093,,,-10.476196619802074,-5.733339432335125,-4.7428571874669485,-5.846568164727873,5.610249592831355,-13.636359936441533,4.117646803409308,-6.743995343251397,3.121931524264701,-12.005555167550279,0.01786850645885772,-14.8666544520167,7.985787188626833,-36.78914830099769,-6.153847865859103,,0.0,,insufficient,,1.0,,insufficient,-9.020086287288827,8.746835724842105,-31.63437640519834,4.079446176313931,2,2
cool_days,40780,Ilam,34,False,-4.66666679506159,,,-15.882351723956049,-21.47154995127137,-10.293153496640729,-21.153844476760213,,,-16.487177681698622,-5.271492752804164,-11.215684928894458,-8.857152243393347,4.907903969700195,-19.272724723528217,-3.333334264802666,-15.002644408840519,3.3078262535689587,-19.500000759987714,-7.98749892168506,-24.333302725770793,9.004604672431983,-48.274467251817114,-15.992858089827244,,1.0,,insufficient,,1.0,,insufficient,-15.476150482377445,9.227606621004513,-41.01145760314879,-2.85966242813756,1,2
cool_days,40782,Khorramabad,34,False,-8.333333317901214,,,-12.142854120398352,-18.67271504475244,-5.612993196044266,-22.800000333311566,,,-14.466667015410351,-10.657146212913213,-3.809520802497138,-7.776784539443944,7.16540371779299,-15.185183393029394,9.411763031417157,-8.978245954644285,4.147962614286762,-15.00961595952107,-6.016339537712446e-06,-19.503827305327274,11.83565188255874,-46.95651804977714,-4.573529656809759,,0.0,,insufficient,,1.0,,insufficient,-11.727042765883333,11.26867261263828,-35.12617617231674,3.3571724625497823,1,2
cool_days,40783,Aligudarz,34,False,-3.6363646683429325,,,-12.49999819316471,-19.09643444039448,-5.903561945934943,-19.259266759287737,,,-15.622902090944805,-6.759268566123026,-8.863633524821779,-5.155553946784144,3.5861946503243964,-15.333324559422152,-1.3928496198941647,-11.1759533760147,3.9030802000785068,-17.72727140138329,-1.8181912042082038,-15.012595858110881,10.567265744131074,-41.95376271631821,-1.9968749610255216,,1.0,,insufficient,,1.0,,insufficient,-9.857041911326736,9.625963003907415,-31.807730016722523,3.504167214028571,1,2
cool_days,40785,Kashan,34,False,-6.818179783786421,,,-9.166661426056159,-14.706197949132875,-3.6271249029794426,-19.03225819817739,,,-12.21407841439097,-9.865596772121233,-2.3484816422697374,-4.626936003342454,3.928713193033223,-12.352934247066562,1.2499994113006716,-6.331709936574291,4.148247226668254,-15.781250316048956,0.645083473553285,-17.075634228985763,7.948508604682224,-32.69791337233496,-1.2675301829945433e-05,,0.0,,insufficient,,1.0,,insufficient,-12.448698225643307,8.675591163217549,-32.28835261956932,5.473139615073329,2,2
cool_days,40787,Daran,33,False,-4.999991173104991,,,-14.1666668444354,-21.57434491462144,-6.758988774249358,-22.500011452465063,,,-17.500020279360072,-8.333344608029664,-9.166675671330408,-4.841552242645149,4.4684019764270895,-15.05833358870072,-0.7142837865270983,-9.352909488650766,4.8847516403743265,-17.312955755364726,-1.2414668711358454,-14.010140439189211,8.555031920836463,-31.693181758253267,1.4369757309488347,,1.0,,insufficient,,0.0,,insufficient,-9.16858819654406,8.752416273370674,-28.01346642700313,5.327776637268971,1,2
cool_days,40789,Khur-Va-Biabanak,34,False,-6.666666975308417,,,-9.999998956383363,-15.082082612857196,-4.91791529990953,-16.923077114040122,,,-10.256410138731706,-6.923078157656759,-3.333331981074946,-4.882156279319238,3.850875674780838,-11.30434725940842,2.5089287225785912,-7.678421283321414,2.416859694239856,-12.66818133071253,-3.8095482006126256,-13.872445861341234,6.439777474018145,-24.54536549303405,-0.9906227492843627,,0.0,,insufficient,,1.0,,insufficient,-8.990289582021996,6.130815924340474,-21.75978542895116,4.3015907140782454,2,2
cool_days,40790,Robat-E-Poshtebadam,33,False,-3.6363621246933997,,,-6.250000104166385,-11.521497877087818,-0.9785023312449521,-12.500000745982954,,,-8.863638621289553,-6.250000641816569,-2.613637979472985,-4.184450180173061,2.23462181346062,-9.24999958546181,-1.111110783814073,-5.569147060398491,3.1012279732364,-11.439731392253108,0.017883267489280052,-8.532144964657673,6.625983531541194,-17.692305450155104,2.6041670404285964,,1.0,,insufficient,,0.0,,insufficient,-4.347694784484611,6.045696282661255,-13.900640943380882,7.156782074413077,2,2
cool_days,40791,Tabas,34,False,-6.470590219370784,,,-12.500000694449174,-18.180123174043977,-6.819878214854371,-19.166666095679076,,,-12.696075876308292,-6.666665401229903,-6.0294104750783895,-9.545719523895475,4.2684440876834735,-17.858086097765664,-4.166667613137877,-10.326823511480397,4.015293329579569,-15.058339498664376,-3.8452405972027806,-13.580487987914358,7.498096819019745,-23.167255715994582,4.999981057494238,,1.0,,insufficient,,0.0,,insufficient,-4.034768464018883,7.231315516128027,-15.010598719151183,10.634390524223406,1,2
cool_days,40792,Ferdows,34,False,-3.333333375771815,,,-7.499998893594295,-13.115603613328013,-1.884394173860577,-9.999998664166693,,,-6.666665288394878,-2.4999997705723978,-4.16666551782248,-2.183027283180431,3.0348124270579615,-8.555555233538051,3.5034059418109256,-5.179960842508918,3.7557587410639672,-12.27272071897877,2.0249991115146133,-2.333838237117671,7.911130797780136,-16.538461086816106,13.333327369422964,,0.0,,insufficient,,0.0,,insufficient,-0.15081095393723928,7.2856424619382,-13.205126082817648,13.899989279736095,2,1
cool_days,40793,Qaen,34,False,-8.400022683303746,,,-10.999999399991163,-16.678145670992215,-5.321853128990108,-14.999999946145069,,,-6.599977262841323,-4.000000546153906,-2.599976716687417,-9.713796817704067,3.967904158869357,-15.022732577225911,-6.5000087511621505,-11.298647319061638,3.066524191956607,-18.78124980503305,-6.307896439228897,-14.543044127595115,5.992038465534281,-22.500001143638066,-3.333338633303025,,1.0,,insufficient,,1.0,,insufficient,-4.829247309891048,6.061915444454529,-14.398389950017839,6.0514354009456826,2,2
cool_days,40794,Safiabad (Dezful),34,False,-2.727281865811505,,,-8.571428681901144,-14.381566851510478,-2.7612905122918114,-20.00000014009173,,,-17.272718274280223,-11.428571458190584,-5.84414681608964,-5.583224905713113,4.456635584549987,-13.907051289403574,4.047057443370606,-7.833542859491031,3.588110553046044,-13.691289186116007,-0.44318298294079184,-15.504883921722275,10.032080872514372,-30.714285579921185,0.04166616460296937,,0.0,,insufficient,,0.0,,insufficient,-9.921659016009164,9.322517959202285,-26.714829093440635,6.111115277551477,2,2
cool_days,40796,Dehloran,34,False,-10.000000140541282,,,-15.62499953295004,-20.4110652668609,-10.838933799039182,-19.99999929552143,,,-9.999999154980149,-4.37499976257139,-5.624999392408759,-10.054352284129461,3.8647690573800246,-16.94998034509765,-2.8571445663534027,-15.567404695387431,2.1483514262820043,-18.75853647144626,-11.812728017490498,-19.74428083966916,10.446935766854148,-42.85714110505451,-6.360796469172308,,1.0,,insufficient,,1.0,,insufficient,-9.6899285555397,10.087497467050229,-32.98744812750883,5.835338442265294,1,2
cool_days,40797,Kuhrang,34,False,-6.6666688908528,,,-12.333333577777964,-18.197773635835496,-6.468893519720433,-26.00000241840457,,,-19.33333352755177,-13.666668840626606,-5.666664686925164,-8.946439183171941,4.058467986625366,-18.677285223696277,-4.545455070982749,-13.892127835215712,2.588267941773482,-18.399999229658043,-10.00000020012936,-23.675484763685645,8.171256018381497,-47.272729016025814,-12.178031802858012,,1.0,,insufficient,,1.0,,insufficient,-14.7290455805137,8.322182785845431,-35.805183773698445,-3.000670541326907,1,2
cool_days,40798,Shahrekord,34,False,-6.50000005000008,,,-15.35714235368663,-22.094791723767575,-8.619492983605685,-19.999997605061093,,,-13.499997555061015,-4.642855251374463,-8.857142303686551,-7.252044302250328,4.013707402278539,-16.36363577883475,-2.491071071250561,-13.520759447129059,3.6665002864459355,-18.6704516110619,-5.250017295928047,-17.968506286644065,8.379005646155937,-35.45451846101129,-7.058823475191508,,1.0,,insufficient,,1.0,,insufficient,-10.716461984393737,9.122378473046236,-29.454966308064396,4.6194024609863495,1,2
cool_days,40799,Ardestan,33,False,-8.333333240736534,,,-10.83333385092129,-16.354094290504754,-5.312573411337826,-22.500000401236942,,,-14.166667160500408,-11.666666550315652,-2.500000610184756,-7.070322316368381,4.005487455449934,-13.333308861508012,-3.1250001993706906,-7.3386965706051335,3.3223736599178095,-12.875000017746116,-0.1649090208218739,-14.466048465298208,9.013873511428029,-28.333333129582332,4.999999509912157,,1.0,,insufficient,,0.0,,insufficient,-7.395726148929828,8.726441164767499,-21.417350624433734,10.739120273740244,1,2
cool_days,40800,Esfahan,33,False,-6.818181795224958,,,-14.439847138581898,-22.229734535436123,-6.649959741727674,-18.749999991326984,,,-11.931818196102025,-4.310152852745086,-7.62166534335694,-6.483552469656388,4.627510594606735,-15.454546679684606,1.2794610582875363,-11.000249156328017,6.0535305980923155,-20.292942720345298,1.1111120579104996,-18.26476387108525,8.151710105395688,-31.923076450910386,-4.381947567116062e-09,,0.0,,insufficient,,1.0,,insufficient,-11.781211401428868,7.485823884002175,-26.113638758477826,3.747383394680059,1,2
cool_days,40801,Naein,33,False,-7.142856757368663,,,-6.818201951274288,-12.203908030903602,-1.4324958716449752,-15.8333337345851,,,-8.690476977216438,-9.015131783310812,0.324654806094375,-6.810862508001678,3.0925107707330683,-13.366665861022376,-3.571428998034477,-5.4194465527961775,3.985732713538555,-11.803576398480482,1.66666456724344,-9.568536354348511,5.598021039402356,-15.999999717961483,5.049634707324577,,1.0,,insufficient,,0.0,,insufficient,-2.7576738463468344,5.448896724515883,-10.368871413402603,11.680125268710956,2,2
cool_days,40802,Esfahan (Airport),34,False,-7.222221934203281,,,-8.66666631111005,-15.62595285074936,-1.707379771470741,-16.08695645872723,,,-8.864734524523948,-7.4202901476171785,-1.4444443769067696,-6.205357360842974,3.7026401092763566,-16.879385309541103,-1.1111112606264424,-6.973029817831227,5.12531454358964,-17.85713849442453,2.8571378460691434,-13.589148083142852,5.37093409822598,-23.18181744721733,-1.6666663368042987,,1.0,,insufficient,,1.0,,insufficient,-7.383790722299877,5.724594763513416,-18.240992619111914,4.722199803836763,2,2
cool_days,40803,Kabutarabad,33,False,-5.909111612825972,,,-15.333331399198759,-22.28914954803106,-8.377513250366459,-27.083333066647455,,,-21.17422145382148,-11.750001667448696,-9.424219786372786,-6.365860772649688,5.999552503060172,-17.54326955768429,0.6666645503227526,-11.55991527706748,4.852967111617152,-20.000000491062725,-1.8614567424538704,-21.0161237391346,8.989412770405817,-30.74073680558188,0.6249998448663252,,0.0,,insufficient,,0.0,,insufficient,-14.65026296648491,8.737185461302445,-26.024769037752733,5.877622378760072,1,2
cool_days,40809,Birjand,34,False,-6.666666954416331,,,-14.516128021855558,-20.474227769757455,-8.55802827395366,-11.666666878368432,,,-4.9999999239521005,2.849461143487126,-7.8494610674392264,-6.964227280204187,6.086407083864705,-17.172618705857793,2.5208391813236397,-10.003183585431227,5.097287429841528,-16.24999706328664,-1.8750009958870795,-7.435097608543378,7.5496109862498955,-17.519017544143423,7.272726663158239,,0.0,,insufficient,,0.0,,insufficient,-0.47087032833919,8.076793732772462,-14.9358365640028,16.3353046608254,1,2
cool_days,40810,Bostan,34,False,-4.285715056697932,,,-13.684192396265132,-22.541318130476334,-4.827066662053928,-23.870967336556856,,,-19.585252279858924,-10.186774940291723,-9.3984773395672,-7.799622257182334,8.809514698248751,-30.64508913094245,1.8181704639792458,-12.784484233907683,6.743912342866202,-28.037470972420415,-0.9999980897881999,-21.956223562499428,14.114586394483338,-44.6931829343416,7.000001217138352,,0.0,,insufficient,,0.0,,insufficient,-14.156601305317094,12.060176220056,-34.623209908880135,11.752915510380785,1,3
cool_days,40811,Ahvaz,34,False,-3.636372823943096,,,-10.833333472223334,-18.195085029713425,-3.4715819147332434,-16.1290324718708,,,-12.492659647927704,-5.295698999647467,-7.196960648280237,-6.048653020319291,5.2837242602772205,-16.428571990258536,3.1249998720349,-9.831529839640487,5.004841546194398,-20.999999669472462,-2.496322733561514,-16.73286346057089,10.997397818934008,-35.99999986961266,6.250000151671206,,0.0,,insufficient,,0.0,,insufficient,-10.684210440251599,9.899824092455496,-30.90909012744141,8.283313177332989,2,2
cool_days,40812,Masjedsoleyman,34,False,-3.000000080759414,,,-8.99999984999967,-15.02293018388567,-2.97706951611367,-16.66666611149889,,,-13.666666030739478,-7.666666261499222,-5.999999769240256,-4.242328734721155,3.482426564682653,-10.053581864487263,-0.36430477946569434,-8.78178291541262,4.377462627680781,-18.027272992777068,-2.141914721471576,-16.80879996436575,11.26252060053903,-41.030851822197945,-2.817839176438481,,1.0,,insufficient,,1.0,,insufficient,-12.566471229644595,10.571180843047353,-38.13739893205064,1.8295769674460698,2,2
cool_days,40813,Ramhormoz,34,False,-2.8571436281236156,,,-13.888889197531434,-20.96314074260084,-6.814637652462029,-22.187499594184114,,,-19.330355966060498,-8.29861039665268,-11.031745569407818,-6.978662590865908,4.362881311716475,-12.777779059423606,-0.6250000378580698,-11.550501375500462,5.60971639237037,-20.557275032685585,-4.375002235593477,-19.432695092812324,7.92934768968673,-34.61537997367465,-6.000003754535874,,1.0,,insufficient,,1.0,,insufficient,-12.454032501946417,7.809472798815172,-27.145449757662533,0.6450957662646255,1,2
cool_days,40818,Abadeh,34,False,0.9090904119021928,,,-6.42857055571327,-12.70331621452193,-0.15382489690461032,-13.333335444195281,,,-14.242425856097475,-6.904764888482012,-7.337660967615463,-0.36836388361944583,6.990821640843222,-22.60416493182845,6.428571199964515,-4.4981425003893385,5.149796671284092,-10.869563944097195,7.506938906258893,-11.701481180695232,6.121774833946463,-20.50601758185029,1.2500029981305523,,0.0,,insufficient,,0.0,,insufficient,-11.333117297075788,6.972866589727279,-20.723283372469147,7.5291655669044655,2,1
cool_days,40821,Yazd,34,False,-1.578947899236931,,,-4.400001397980647,-9.886215825523209,1.0862130295619146,-12.142857232120903,,,-10.563909332883972,-7.742855834140256,-2.821053498743716,-3.4930372609189844,5.140078917225703,-16.333333346281183,5.555553918348169,-4.867757244182064,4.371949094037351,-12.151784868578286,6.260416340637551,-9.70780891719628,6.553308499007478,-22.083330491828004,3.3499947325082053,,0.0,,insufficient,,0.0,,insufficient,-6.214771656277296,7.295444492103805,-19.061310636738508,9.895832208379598,2,1
cool_days,40827,Nehbandan,34,False,-4.28571418367304,,,-13.529410992219871,-20.22468736974204,-6.834134614697704,-15.00000007438003,,,-10.71428589070699,-1.4705890821601582,-9.243696808546831,-5.438195650935017,5.818684742312977,-16.404545270131933,-0.664697870376506,-12.927846230385944,4.349707919998414,-19.444442565832603,-3.750001380466618,-12.075584263221458,6.285875259496732,-20.909090000226435,4.177888294534243,,1.0,,insufficient,,0.0,,insufficient,-6.637388612286441,7.055424143084442,-16.64815087048089,8.925536887769125,2,2
cool_days,40829,Zabol,34,False,-4.761900297544488,,,-9.310347806253306,-14.923864274991601,-3.696831337515011,-20.624999586159202,,,-15.863099288614713,-11.314651779905896,-4.548447508708818,-6.136722799973069,5.763874839235179,-27.49997723872152,0.6120057267082705,-10.804197281324091,5.129935746094968,-20.000001185946303,-3.3333327761822713,-16.476836146904706,9.412613191477558,-28.42104735543868,4.090908415640637,,0.0,,insufficient,,0.0,,insufficient,-10.340113346931638,8.65689999795721,-25.090727308471873,5.957740268214414,2,2
cool_days,40831,Abadan,34,False,-6.6666676487113925,,,-8.636364090909332,-15.696388548207345,-1.5763396336113198,-27.187499580554903,,,-20.52083193184351,-18.55113548964557,-1.9696964421979395,-5.867132728775968,4.020908491553468,-12.978175735973739,1.7706360672557087,-8.426471541176788,4.647821479906417,-18.322891867764564,-2.307704077278894,-20.846649607650743,10.549677730827911,-43.80952219234816,2.7513940457439456e-06,,0.0,,insufficient,,0.0,,insufficient,-14.979516878874774,9.801947544120763,-37.066811137287914,3.0215911118004564,1,2
cool_days,40832,Bandar-E- Mahshahr,34,False,-7.222209118753063,,,-8.500000150000476,-13.859355974206645,-3.140644325794307,-14.333332904439157,,,-7.111123785686094,-5.833332754438681,-1.2777910312474132,-6.78910633425458,3.1753459885644015,-13.107135803565457,-2.2222225590910805,-9.045286666443289,2.9225014296110037,-15.007349564421991,-3.309525622207656,-15.71914698478809,5.822533795200731,-29.999998335461616,-6.111111445058901,,1.0,,insufficient,,1.0,,insufficient,-8.930040650533508,5.897169751281847,-23.11687528117213,0.5686544535737481,2,2
cool_days,40833,Omidiyeh (Aghajari),34,False,-6.4705882429838315,,,-9.99999998839253,-16.350850129253455,-3.6491498475316044,-14.37499920642306,,,-7.904410963439229,-4.374999218030531,-3.529411745408698,-7.5391858488452,3.0895224655636144,-13.59326156734897,-0.9090916447258646,-9.755623722797012,3.606910725855916,-17.510416275097022,-3.593333922164274,-17.40874607293303,9.441826017448067,-33.70370355706746,9.999861462880506,,1.0,,insufficient,,0.0,,insufficient,-9.869560224087829,8.577521095783393,-26.630815334074068,10.981605631356318,2,2
cool_days,40835,Dogonbadan,32,False,-9.374995907752185,,,-11.499999799979271,-16.574938856980502,-6.42506074297804,-17.99999982222216,,,-8.625003914469977,-6.50000002224289,-2.1250038922270864,-6.875268461453346,5.635562299005387,-17.8857117009169,0.04411884881420001,-12.543279568085632,4.3249090954495,-21.007605862761338,-7.777793447910851,-19.71646905863096,5.285891918717085,-28.235292346817968,-5.555557031374221,,0.0,,insufficient,,1.0,,insufficient,-12.841200597177613,7.296935295873471,-24.4868236279786,2.301737654843257,1,2
cool_days,40836,Yasuj,33,False,-5.71428420347202,,,-8.148149497329037,-14.204932086802916,-2.091366907855156,-15.999998835307865,,,-10.285714631835845,-7.851849337978829,-2.433865293857017,-6.3097406684181125,4.910190382962412,-18.01666643762411,-1.0000034605631978,-9.673474433049627,4.638801546667491,-19.130434467114956,-3.328125982255827,-18.074946513997794,10.25375013300933,-45.2173896091774,-8.66666677534796,,1.0,,insufficient,,1.0,,insufficient,-11.765205845579679,9.03099094894027,-36.9330792086003,1.1175502868627512,2,2
cool_days,40839,Anar,34,False,-4.2105284269104555,,,-7.142857324266331,-12.583831882453907,-1.7018827660787563,-14.062499963107658,,,-9.851971536197203,-6.919642638841327,-2.932328897355876,-5.856244472166334,5.11533493727509,-17.504809044984825,1.4285713125697714,-6.445243790871243,3.288886651778781,-10.714283870203362,0.7321446499693955,-12.629536726928759,5.11805496427175,-21.111110013838456,-1.5000004834833838,,0.0,,insufficient,,1.0,,insufficient,-6.773292254762425,6.438934210080109,-19.050322043075305,5.838139716713141,2,2
cool_days,40841,Kerman,34,False,3.857935832118475e-09,,,-7.407407462277173,-13.11960831322586,-1.6952066113284863,-13.33332677393566,,,-13.333326777793596,-5.925919311658487,-7.407407466135109,0.02696158651068586,5.127053197997627,-12.234848417378219,6.8421042884364685,-5.468048203303677,5.818637865316923,-13.571428007452337,5.721430156837988,-7.39319927504135,8.746406085639457,-18.46428640102049,11.545836136381498,,0.0,,insufficient,,0.0,,insufficient,-7.420160861552035,8.851051977644213,-19.772987694448243,13.293150404862136,2,1
cool_days,40844,Dorudzan,34,False,-3.181823474932023,,,-8.260868941397321,-14.160691897352429,-2.361045985442215,-14.399998708505468,,,-11.218175233573444,-6.139129767108146,-5.079045466465298,-6.472537239494578,4.911644185935008,-17.77777838886608,-2.117059822848971,-9.27633792735391,4.328908468628657,-17.692289789859863,-0.5000029750361477,-15.91060389143487,8.738257034823366,-39.27777973208047,-2.000003212358724,,1.0,,insufficient,,1.0,,insufficient,-9.438066651940291,8.240332078590658,-32.47285339246943,2.870649940174355,2,2
cool_days,40847,Zarqan,34,False,-5.500001774423449,,,-10.000000557756238,-18.255133206913918,-1.7448679085985592,-20.000007941506606,,,-14.500006167083157,-10.000007383750368,-4.499998783332789,-8.096477523621385,5.672791058469271,-21.111105946645804,-3.0416666384382265,-12.24182261453097,7.907379387110874,-25.45454421888719,2.639327015663286,-17.637949814353306,7.308347228066026,-31.617646508591065,-4.999998951463345,,1.0,,insufficient,,1.0,,insufficient,-9.541472290731921,6.610491076326885,-24.052274919389628,2.3389734632941637,2,2
cool_days,40848,Shiraz,34,False,-5.000000038889101,,,-9.999999947966261,-16.754898339034984,-3.245101556897538,-15.000003197749407,,,-10.000003158860306,-5.000003249783147,-4.99999990907716,-5.173953028561694,5.361961266135031,-16.70454420304612,4.444444568416404,-9.772046006297963,4.861065427937684,-19.999993264568342,1.5833266978593912,-15.4613830774017,6.1206563682087145,-26.297979267868776,-4.824998132360406,,0.0,,insufficient,,1.0,,insufficient,-10.287430048840008,7.023146260477174,-24.98765836270473,5.6383105437316745,2,2
cool_days,40849,Shahrebabak,34,False,-4.452155947037876e-06,,,-9.000000050001642,-15.644812545954032,-2.355187554049251,-16.08695645872716,,,-16.08695200657121,-7.086956408725516,-8.999995597845695,-2.245993392978472,5.282567094387087,-12.857142100323298,5.053571744135359,-9.469644843992981,6.284886710855315,-17.727261325243266,6.332894669906645,-13.6674335309896,4.847420010070978,-22.023541363070883,-6.183034255200341,,0.0,,insufficient,,1.0,,insufficient,-11.421440138011128,6.146240616119275,-24.945768199362686,-1.2792777691012367,2,1
cool_days,40851,Sirjan,34,False,-0.8333335223765037,,,-6.666665546341739,-14.973703869756168,1.6403727770726908,-12.608699036443857,,,-11.775365514067353,-5.942033490102118,-5.8333320239652355,0.3543643548596092,5.4896621077774865,-9.999991052109513,10.63715347944639,-4.895602993153552,6.803611176276383,-14.681590060580731,7.919590724162861,-8.52089587374031,5.982285405509513,-15.643485735244225,4.999999750367923,,0.0,,insufficient,,0.0,,insufficient,-8.875260228599918,7.188592665437246,-23.12499826484968,6.07176826401104,2,1
cool_days,40853,Baft,34,False,-3.8094682497002395,,,-8.181816643698745,-16.68339141577152,0.31975812837402984,-17.407409311976597,,,-13.597941062276357,-9.225592668277852,-4.3723483939985055,-2.883870878848682,2.6801989413527,-9.130417632301889,2.2222133459365736,-6.027740994279243,6.801691280494753,-17.339261534289456,6.716661939685181,-13.366394306057266,8.813846984875196,-25.555555997765374,8.499996248106108,,0.0,,insufficient,,0.0,,insufficient,-10.482523427208584,8.395714477788264,-23.30779241991015,9.02207804417748,2,2
cool_days,40854,Bam,34,False,-7.000000349366483,,,-11.176468651680059,-16.999471411110267,-5.353465892249852,-17.187499538006474,,,-10.18749918863999,-6.011030886326415,-4.176468302313576,-8.02811081999117,5.2549159851962,-21.750000381833605,-2.6666655387292724,-11.511320504797078,4.587266472490518,-18.58629718424324,-3.5000029120422878,-16.213280863630793,5.8862879859664705,-24.331352391996138,-1.6666706083064282,,1.0,,insufficient,,1.0,,insufficient,-8.185170043639625,6.386411635735054,-18.297511701282268,6.14346115444491,2,2
cool_days,40856,Zahedan,34,False,-4.999991779630386,,,-11.071428787259764,-19.410972660864367,-2.7318849136551613,-15.925928221203046,,,-10.92593644157266,-4.854499433943282,-6.071437007629378,-6.386893821682347,7.002046634446057,-29.999977336948774,2.499999505151813,-10.183743532101397,5.8630915778550685,-18.852941676913815,0.046880932336203024,-11.553667328038987,7.849828828245854,-22.68823986458534,5.570836321093982,,0.0,,insufficient,,0.0,,insufficient,-5.166773506356639,7.8877881939739405,-18.985285616010604,11.663471313143933,2,2
cool_days,40857,Bushehr (Coastal),34,False,-6.666666795061718,,,-20.49999974999195,-29.708585373584135,-11.291414126399767,-37.199998710582285,,,-30.533331915520566,-16.699998960590335,-13.833332954930231,-7.117206576353822,5.663419273288054,-17.14285723961253,-1.099134050077539e-05,-18.165195586538267,7.214442739529368,-31.434523851815403,-6.649999771055816,-35.50747640451327,10.708282825064835,-53.59880940470707,-15.000000004142601,,1.0,,insufficient,,1.0,,insufficient,-28.390269828159454,10.45944449817397,-47.124963962156265,-11.984308904408326,3,3
cool_days,40858,Bushehr (Airport),34,False,-0.9523788903276309,,,-9.375001096157167,-16.036438802597026,-2.713563389717307,-22.105263006995564,,,-21.152884116667934,-12.730261910838397,-8.422622205829535,-3.051485281236809,4.650775023166369,-13.736110312344909,2.6729335410282244,-8.610849796110148,3.1484382471409242,-14.201389627460705,-0.464287363118863,-20.273543954205437,7.393333965369279,-27.93698061314221,3.7499909676376113,,0.0,,insufficient,,0.0,,insufficient,-17.222058672968632,7.7895315348376695,-27.89675517296914,4.666346660397503,2,2
cool_days,40859,Fasa,34,False,-2.5000006816727423,,,-4.583335429741204,-11.655434259142172,2.4887633996597636,-7.272734743390885,,,-4.772734061718142,-2.6893993136496803,-2.083334748068462,-3.2647853537035,4.274550011874224,-13.589284067744464,4.713235214774894,-4.069038153866191,5.7481257944684545,-12.229164468447404,9.999999328146464,-8.284401687139903,7.862811726677258,-27.407404991672436,3.4999876392634692,,0.0,,insufficient,,0.0,,insufficient,-5.019616333436403,7.549241013209785,-24.247301461320127,7.896650508961729,2,1
cool_days,40870,Khash,34,False,-3.3333329060670187,,,-8.12500039506767,-15.798846693760211,-0.45115409637512816,-12.962964404806206,,,-9.629631498739187,-4.837964009738537,-4.79166748900065,-5.23581002174129,4.177025874895605,-14.448716305746522,-7.0867929455605616e-09,-8.595352803258352,4.889801831491135,-17.069853563569982,0.8268716975903213,-11.959065367973272,10.012406144933719,-26.99999937874543,9.99999839011521,,1.0,,insufficient,,0.0,,insufficient,-6.723255346231979,9.231207534606481,-20.118651860984645,10.07692264307791,2,2
cool_days,40873,Lar,34,False,-4.70586970441788,,,-6.666686329190571,-14.540028233002195,1.2066555746210526,-14.074074016156095,,,-9.368204311738214,-7.4073876869655235,-1.9608166247726908,-4.480520021704226,5.023267720755174,-15.792016653468552,2.8592470582398506,-8.244004049003745,6.944462793197489,-20.500001521632527,1.8352270040048504,-12.69787642690032,7.2450556084530975,-23.89427696600712,7.1484958926721305,,0.0,,insufficient,,0.0,,insufficient,-8.217356405196092,6.674260245306361,-18.174866593068856,7.385191666708993,2,2
cool_days,40875,Bandarabbas,34,False,-6.922961022177126,,,-11.999999933333127,-21.691301875371302,-2.3086979912949506,-27.777777695473155,,,-20.85481667329603,-15.777777762140028,-5.077038911156001,-5.972109548629909,1.959330614010416,-8.695640884366522,4.90789412552296e-07,-8.908746726082251,6.792707278070613,-19.024999670838476,3.00833304911104,-21.483494095187094,12.16164064201156,-35.909088632682725,4.448718235208765,,0.0,,insufficient,,0.0,,insufficient,-15.511384546557183,12.009187603162573,-30.73588749470291,9.281249355395625,1,2
cool_days,40876,Minab,34,False,-9.374958111857108,,,-11.052631800559144,-18.930520722197095,-3.174742878921193,-30.303033913720284,,,-20.928075801863177,-19.25040211316114,-1.6776736887020363,-10.016490530521237,3.232164813613442,-18.33332351677064,-6.000000054057714,-13.10262364488405,4.898980845334191,-21.99998590486046,-2.2222483759053464,-24.41196823253072,9.935909218844946,-41.73912554636021,-3.6919651587259583,,1.0,,insufficient,,1.0,,insufficient,-14.395477702009485,9.478445518851448,-30.570466248636027,2.5991543259827052,1,2
cool_days,40877,Kahnuj,34,False,9.20457696839277e-08,,,-6.250001040439976,-13.691432854118656,1.1914307732387037,-8.260890769441044,,,-8.260890861486814,-2.010889729001068,-6.250001132485746,1.0810349752953272,2.47804705478058,-4.705882267639356,5.99999363824018,-5.224902017077809,4.812641635016746,-15.01134891028357,2.857141311699354,-8.57902336163324,7.041387212571335,-18.74999958163621,11.11111009370982,,0.0,,insufficient,,0.0,,insufficient,-9.660058336928568,6.719728691682248,-19.637565440760543,6.128969761643913,2,1
cool_days,40878,Saravan,34,False,-4.70576598101421,,,-5.000000454546569,-13.46737917004684,3.4673782609537014,-12.857155599408799,,,-8.151389618394589,-7.857155144862229,-0.29423447353235943,-3.8566164723929592,4.075157246334958,-10.249997899245548,2.8571416883406267,-7.11413832391545,4.94376488515241,-15.93162799002073,2.4999922473793363,-11.138687581870194,4.123996954900699,-19.999981494311786,0.8333322755380447,,0.0,,insufficient,,0.0,,insufficient,-7.2820711094772355,4.828864486498095,-17.78332762510775,6.502924983456732,2,2
cool_days,40879,Iranshahr,34,False,-8.043977453649597e-07,,,-7.916646992118194,-18.668678023636442,2.8353840394000542,-17.407409827892295,,,-17.407409023494548,-9.4907628357741,-7.916646187720448,-0.8022562909745165,3.649768669433561,-8.888887656094834,4.999999624980326,-7.329856360720651,8.507037727743157,-22.000000453444905,8.333332707887905,-14.850403501908952,7.356481173031593,-26.25000679510058,2.392858978143739,,0.0,,insufficient,,0.0,,insufficient,-14.048147210934435,7.304676639542667,-27.199493411118215,4.1427466498154235,2,1
cool_days,40882,Kish Island,34,False,-7.8571460308434755,,,-8.947369106541922,-18.242391124193716,0.34765291110987384,-26.81818361115973,,,-18.96103758031625,-17.870814504617805,-1.0902230756984466,-6.6035083094565685,4.679503523838252,-16.42856701621912,3.7499916936220714,-7.308380571191781,3.5632404700984948,-13.749999108637462,-3.913079507016647e-06,-23.198740131314615,11.116797435963166,-44.09085423544842,-1.3636370254066794,,0.0,,insufficient,,1.0,,insufficient,-16.59523182185805,10.994598199618464,-37.13294310374086,3.3715289072505947,1,2
cool_days,40883,Bandar-E-Lengeh,34,False,-7.36842307377317,,,-14.166666840278697,-22.924491863615582,-5.408841816941813,-41.07143104795601,,,-33.70300797418284,-26.904764207677314,-6.798243766505528,-9.909993653061091,5.394322728125272,-22.499996205467014,-5.000004520595315,-13.89753594307279,6.858914193105357,-25.259917856865517,-3.323525597192701,-30.01482055499688,14.606976436977755,-60.03125092642188,-2.360941566542515,,1.0,,insufficient,,1.0,,insufficient,-20.104826901935787,13.14732327190599,-46.97058000609431,4.861280750713458,4,3
cool_days,40889,Siri Island,34,False,-7.391300231727016,,,-12.66666682222231,-20.990643441056335,-4.342690203388289,-29.999999580331227,,,-22.608699348604212,-17.333332758108916,-5.275366590495295,-8.3635010395762,5.294382962284799,-16.44176898007538,-0.9091061370674555,-12.737326964929593,4.095008617576546,-21.4814758887584,-4.615385165680774,-24.069093059593712,11.051594744950975,-40.064803658205015,1.8352279425246236,,1.0,,insufficient,,0.0,,insufficient,-15.705592020017512,10.127392219588886,-30.91313718447932,7.282956796551075,1,2
cool_days,40890,Abumusa Island,34,False,-7.500000018408591,,,-19.999999554731193,-28.835450196129116,-11.16454891333327,-31.562501520154065,,,-24.062501501745473,-11.562501965422872,-12.499999536322601,-8.924417162874184,8.872065804211367,-25.741881158239728,-0.5263163002596316,-16.61493288502173,7.344068308518077,-29.458333988863405,-5.549998082792781,-29.97362987609961,7.401612575865456,-42.2759085668546,-9.89583127111476,,1.0,,insufficient,,1.0,,insufficient,-21.049212713225426,8.974888507479553,-31.687491036524438,-0.10044677340612407,3,3
cool_days,40893,Jask,34,False,-7.037041755598769,,,-9.166666527777767,-17.52449543071393,-0.8088376248416047,-32.5806476966917,,,-25.54360594109293,-23.41398116891393,-2.1296247721789987,-7.225036035756439,2.1286104234482974,-12.222217129268385,-2.0000003231989574,-7.186101689723113,4.454808966049151,-16.475490864663755,0.5270445607360454,-20.89641729792791,11.198889928331521,-41.363634006634804,-6.428572823699359,,1.0,,insufficient,,1.0,,insufficient,-13.671381262171476,11.464808264258307,-35.46666584766634,0.47902636978133895,4,2
cool_days,40898,Chahbahar,34,False,-4.166663452076941,,,-9.499998809496274,-20.023059869024447,1.0230622500318987,-37.037027993326596,,,-32.87036454124966,-27.53702918383032,-5.333335357419333,-2.788026124306631,3.3246868386342734,-7.999996928594931,5.000000202600139,-2.9068424629021212,6.713214454728771,-13.78124969467439,7.016177221850458,-24.357589393503744,15.794867627969891,-39.16666640122745,13.804811160014735,,0.0,,insufficient,,0.0,,insufficient,-21.569563269197104,14.988885103237484,-38.50831454547121,17.690230054356576,4,4
cool_days,88187,Jam,33,False,-5.454537203047348,,,-12.665659801745361,-19.293065138041378,-6.038254465449347,-19.99999943739889,,,-14.545462234351543,-7.33433963565353,-7.211122598698013,-5.590618028403664,4.189680590963761,-15.555555100156607,-0.9090953818957737,-12.99951970720586,3.452781565111795,-19.52380739735585,-4.988634260006247,-15.662332132946435,6.864804766539895,-27.50000078047768,1.4285709543744245,,1.0,,insufficient,,0.0,,insufficient,-10.071714104542771,7.281941544812376,-22.84613600219942,6.90548533899533,1,2
cool_days,99331,Tehran (Geophysic),33,False,-11.666666618655588,,,-15.200000108153631,-19.411647733674585,-10.988352482632678,-19.61538733992252,,,-7.948720721266932,-4.415387231768889,-3.533333489498043,-13.567149509273813,3.6883505475605096,-21.818181991154706,-7.708334538433996,-14.328540007527497,2.75886135909049,-18.260865898924187,-8.177269716733582,-15.788275835959274,10.734707616662588,-39.999993456338494,1.1111104769730078,,1.0,,insufficient,,0.0,,insufficient,-2.221126326685459,9.528306678367597,-22.830178361726453,12.11601999415047,1,2
cool_days,99407,Boshruyeh,34,False,-7.499997573058183,,,-6.875001980494226,-11.599344594728866,-2.150659366259587,-10.96774199362861,,,-3.467744420570428,-4.092740013134384,0.6249955925639563,-6.773381163675785,2.8465637211337036,-10.648849151502946,-1.428571631144813,-6.970554430578248,2.8134384739904736,-13.895833185691803,-2.3076947177167293,-10.163631356263053,7.616209923232972,-22.24613398726204,6.470587306225462,,1.0,,insufficient,,0.0,,insufficient,-3.3902501925872697,6.7174294063122675,-14.85228446421287,10.851951282938957,2,2
cool_days,99421,Natanz,33,False,-9.52380799817156,,,-10.333332772561423,-15.691470786880096,-4.9751947582427505,-17.99871925468544,,,-8.47491125651388,-7.665386482124017,-0.8095247743898639,-8.77765058729172,4.086295864546544,-15.333328175664896,-0.5555564059036504,-8.06679981722352,3.301516230159814,-15.000000212997277,-2.7272729342108786,-14.13175124009783,5.573383747936092,-23.490384768119036,-3.3362872764107256e-06,,1.0,,insufficient,,1.0,,insufficient,-5.354100652806108,5.939863754400274,-17.40827974331441,6.199399060981176,1,2
cool_days,99459,Borujen,34,False,-6.1290332364988656,,,-15.769230150163933,-22.530634299697507,-9.00782600063036,-23.33333276122607,,,-17.204299524727205,-7.564102611062138,-9.640196913665068,-7.580899355565321,4.745706734925007,-16.666662321458745,-3.1345031765311444,-14.605855863653565,3.7709629565555622,-20.04545809932442,-7.84492519778564,-23.583318747132434,6.799506284814876,-36.92307525634193,-12.4910757039506,,1.0,,insufficient,,1.0,,insufficient,-16.00241939156711,7.9535762402913255,-30.29953494492477,0.5639573058646246,1,2
cool_days,99623,Zahak,32,False,-4.297558131244869e-06,,,-8.571428469383722,-14.863536912313789,-2.2793200264536555,-18.571430237735385,,,-18.571425940177253,-10.000001768351662,-8.57142417182559,-1.9776352315520496,4.3106819082986085,-11.739130513564797,3.7499988276000398,-7.3078339049568095,4.030361057465812,-15.499997923964356,-5.599191934430791e-06,-12.433704959364164,11.680238705659367,-23.333333234567892,11.919640946198793,,0.0,,insufficient,,0.0,,insufficient,-10.456069727812112,11.185664388103765,-25.83333263162052,11.919640194227876,2,2
cool_nights,19996,Bahookalat,32,False,-6.363633207315874,,,-13.116354403782246,-23.41337399697788,-2.8193348105866107,-19.99999911995542,,,-13.636365912639544,-6.883644716173173,-6.752721196466372,-1.926982124741054,4.8896139433127015,-9.999995805552707,8.181817943066958,-7.202363400019492,8.280691230606,-18.499999874773792,7.074661149475772,-15.335825485808641,7.704411921488265,-28.571427184326065,-4.899998014515299,,0.0,,insufficient,,1.0,,insufficient,-13.408843361067586,8.403997998308675,-32.38163152629035,0.5447337057849099,2,2
cool_nights,40700,Parsabad,34,False,1.1021147267837853e-07,,,-1.5789449664802786,-6.210792014271433,3.052902081310875,-10.322586333207418,,,-10.32258644341889,-8.74364136672714,-1.5789450766917512,0.5224214082621079,2.9133330068992067,-5.999991793521307,6.281249656479441,-1.8423393962132553,2.6742996970225077,-6.99998813203904,3.021138251683914,-5.235243712009913,6.6794758351855394,-14.999999656300425,9.999994378339437,,0.0,,insufficient,,0.0,,insufficient,-5.75766512027202,6.739024826774197,-15.36689365398969,9.11101938943254,2,2
cool_nights,40701,Maku,34,False,-9.166666732252889,,,-4.814814759944334,-11.738652359974859,2.1090228400861903,-20.869568811898326,,,-11.702902079645437,-16.054754051953992,4.3518519723085545,-7.858148535078446,2.617352521821035,-10.68571180204534,-3.0568182243187696,-4.686838860963792,3.468017664715476,-12.863838495717257,3.0159100010823052,-16.58948004941627,9.072385057025345,-35.71428536234483,-3.7499999884443604,,1.0,,insufficient,,1.0,,insufficient,-8.731331514337823,8.99839940110878,-28.585747177644325,5.730589292739676,2,2
cool_nights,40702,Jolfa,34,False,-4.999997542706264,,,-8.333334027777916,-17.393174591390455,0.7265065358346234,-18.50000004999992,,,-13.500002507293654,-10.166666022222003,-3.3333364850716514,-4.6443385423079295,3.2925809235963674,-8.89583277928001,1.5930451157607861,-8.005117940598668,6.388369267497931,-18.607124287463662,5.498730816085366,-14.083966188046132,6.528952721538127,-24.426379335056303,-2.142866250936705,,0.0,,insufficient,,1.0,,insufficient,-9.4396276457382,6.732692810787563,-22.47212786770106,2.473213846017566,2,2
cool_nights,40703,Khoy,34,False,-8.571433517372594,,,-12.94117699471628,-21.0389570594306,-4.84339693000196,-27.41935893833198,,,-18.847925420959385,-14.478181943615699,-4.369743477343686,-10.13502749639305,3.4931846270833753,-16.66666730106143,-4.117650217519655,-10.837610392969218,4.374397686326544,-18.823529390138525,-1.405355336531876,-21.23770647444184,10.801513370099618,-38.095238946550865,-4.974998752741141,,1.0,,insufficient,,1.0,,insufficient,-11.10267897804879,10.41664034071566,-29.44444429770372,5.877271312747137,2,2
cool_nights,40704,Ahar,34,False,-3.74999995659874,,,-5.483879857503094,-9.42165698063029,-1.5461027343758986,-14.782608388991545,,,-11.032608432392804,-9.29872853148845,-1.7338799009043542,-4.050713350588366,2.9087734029418537,-9.655170591297662,8.48602420771453e-08,-6.226954555003451,2.2190043052340043,-10.560896826609003,-1.6666667623688476,-9.826675615887137,7.90242267256072,-18.03077094060345,7.910701667717316,,0.0,,insufficient,,0.0,,insufficient,-5.775962265298769,7.594967830514759,-16.906065218610063,11.738303535713484,2,2
cool_nights,40706,Tabriz,34,False,-3.8888860934878284,,,-1.904755621998829,-9.326737313282656,5.517226069284997,-9.52380390174153,,,-5.634917808253702,-7.619048279742701,1.9841304714889993,-2.195400053824235,3.8357519496073422,-6.9565221223150315,6.235772965899497,-0.7770795521607803,4.998450131819957,-9.187500195113707,10.04166674310051,0.17125544957820107,9.974046199873738,-14.999999617426768,21.000000006178738,,0.0,,insufficient,,0.0,,insufficient,2.366655503402436,9.988863880851568,-12.987714403277062,24.896117438487984,2,2
cool_nights,40708,Ardebil,34,False,-7.499999956597113,,,-14.00000167078749,-18.123714508684895,-9.876288832890086,-17.857169096293774,,,-10.35716913969666,-3.857167425506283,-6.500001714190377,-7.601112769018898,2.48323118403859,-13.636363618151245,-4.9791572406514195,-14.571019062945524,3.9238719305318335,-22.499995757312114,-9.999982333028436,-19.263693158772544,4.808970222345905,-26.538461033334904,-4.000001680856902,,1.0,,insufficient,,1.0,,insufficient,-11.662580389753643,4.565356967048041,-19.596681261537025,1.5102274709940147,2,2
cool_nights,40709,Astara,34,False,-1.9230767725902649,,,-8.07692159133166,-16.163675258692304,0.00983207602898517,-18.695649168411652,,,-16.77257239582139,-10.618727577079992,-6.153844818741395,-2.0593549230877652,1.8670683352841253,-5.33333153245973,0.9677412768108,-5.621581308119798,5.8320715176957885,-16.85500106006102,3.846152473350478,-15.088872819832028,5.483903807229057,-21.53846165865943,0.029413284283812065,,0.0,,insufficient,,0.0,,insufficient,-13.029517896744261,5.72626333939285,-20.94917673926519,1.4805922563852498,2,2
cool_nights,40710,Sarab,34,False,-4.00000011111112,,,-6.296296241426355,-12.609169483016103,0.016577000163392697,-7.826087009898502,,,-3.8260868987873815,-1.5297907684721466,-2.296296130315235,-6.3638190024710415,2.7534270670317897,-12.499994808323539,-1.3636373760215,-6.403973083474487,3.51057915151155,-13.571429938815827,-1.2999979382292426,-7.459582452158127,3.772675533043317,-14.173608119137208,2.2291678457897883,,1.0,,insufficient,,0.0,,insufficient,-1.0957634496870852,4.997627257704254,-11.153678840330484,9.645374013246245,2,2
cool_nights,40712,Orumiyeh,34,False,0.9090917099631491,,,-0.41666570724234037,-8.892907967964794,8.059576553480111,-12.083331367767356,,,-12.992423077730505,-11.666665660525014,-1.3257574172054896,2.581365251180161,5.234003961122736,-4.999984636962507,16.159096103502154,1.4688339465902942,5.6234418235448755,-10.909087395719785,14.999987195096546,-1.8245945210520995,12.945522412578493,-32.0000000587969,20.767856998702953,,0.0,,insufficient,,0.0,,insufficient,-4.4059597722322605,11.536839266639094,-29.26682181965394,18.618080788629932,2,1
cool_nights,40713,Maragheh-Synoptic,34,False,-6.999999350498423,,,-8.823530103807034,-15.011582338994588,-2.63547786861948,-19.999999834711442,,,-13.000000484213018,-11.176469730904408,-1.823530753308611,-6.410733106513633,3.9771759238173443,-13.268933302616245,0.5555545458245247,-8.9167928400861,3.682469972937095,-15.518749843234069,-2.991632777186635,-15.084815154674315,11.618657591473381,-31.99999510810593,5.142858116782139,,0.0,,insufficient,,0.0,,insufficient,-8.674082048160685,11.090471523895324,-30.682827484445696,14.06012105460794,2,2
cool_nights,40716,Mianeh,34,False,-7.692307508218404,,,-11.249998029196137,-16.447026110874567,-6.052969947517708,-13.793103667252817,,,-6.100796159034413,-2.54310563805668,-3.557690520977733,-8.129229304834789,3.0569525155601935,-13.575875526254288,-1.6624995168895025,-10.369144800905179,2.995137625702796,-16.687500021122744,-4.9999990579519435,-13.51358041586792,6.983057694963892,-32.4999978700741,-2.285704021513123,,1.0,,insufficient,,1.0,,insufficient,-5.384351111033132,6.78399421198558,-20.57866974328496,7.705464348814485,2,2
cool_nights,40717,Khalkhal,34,False,-9.375000746098785,,,-11.578949279171926,-16.65401056839666,-6.5038879899471915,-23.57144156225851,,,-14.196440816159726,-11.992492283086584,-2.2039485330731416,-9.66090379037379,1.9172894601139856,-15.55555501009799,-7.000008923866854,-11.289512488020915,3.904730355064441,-18.67500071553175,-4.542926124833292,-17.85972216847193,8.446168596684219,-31.785698454575986,-2.142860007800405,,1.0,,insufficient,,1.0,,insufficient,-8.19881837809814,8.11175477849793,-22.28568867547192,7.144843629344174,2,2
cool_nights,40718,Bandar-E-Anzali,34,False,-2.3999882164362454,,,-3.7499994574620032,-10.383367189454912,2.8833682745309046,-17.391308098089667,,,-14.991319881653421,-13.641308640627663,-1.3500112410257579,-1.5146607977249542,3.435974519897064,-8.429269936490696,2.6715581039489122,-3.8283721957966033,4.921369422601532,-13.156813402101827,5.017849402180084,-12.778067516300466,7.099905679422229,-24.9999962323736,2.500000278452981,,0.0,,insufficient,,0.0,,insufficient,-11.263406718575512,7.530022245925005,-22.588198306517878,3.0865380296136298,2,2
cool_nights,40719,Rasht,34,False,-6.923076357659244,,,-12.608691852839303,-18.43616699243925,-6.781216713239356,-21.904767877569682,,,-14.981691519910438,-9.296076024730379,-5.68561549518006,-6.596203109533315,1.896034486243046,-11.111109145336831,-4.654164602729945,-12.714398063106696,1.7454941366138064,-16.521738129876805,-10.39001855201179,-20.270324092266286,6.859241227572277,-27.916665358785444,-6.666667665797877,,1.0,,insufficient,,1.0,,insufficient,-13.674120982732973,6.885145888652501,-23.11203916878595,0.26307075549453857,2,2
cool_nights,40723,Bojnurd,34,False,-3.4999998969776227,,,-0.6451622133321057,-6.432631697691072,5.14230727102686,-1.9230770402045314,,,1.5769228567730913,-1.2779148268724256,2.854837683645517,-2.8872817611310335,4.118749159477831,-9.42646899472624,5.555553370232351,-1.93157593381282,3.2171233579422642,-8.339283821079553,3.3333346360405276,-2.9095119573740704,5.59834423456447,-15.199916194738202,5.294069687189177,,0.0,,insufficient,,0.0,,insufficient,-0.022230196243037046,5.291529708852815,-9.854166185764878,11.314011151674993,2,2
cool_nights,40724,Piranshahr,34,False,-7.272727402764083,,,-12.499999583331682,-18.438178741306373,-6.561820425356991,-28.500000901369177,,,-21.227273498605093,-16.000001318037494,-5.227272180567599,-10.163984127996308,4.889755722706695,-22.526784688310304,-3.104567547085957,-14.92431999284922,5.353272759455963,-29.625009814253033,-9.411764543064518,-28.886715352969876,13.080650934798438,-61.24999412937246,-6.0735276899824715,,1.0,,insufficient,,1.0,,insufficient,-18.722731224973572,11.913519118344297,-44.66771698962138,3.5373304929223592,2,2
cool_nights,40726,Mahabad,34,False,-3.333319256914595,,,-7.61904822696026,-15.78123508807518,0.5431386341546602,-17.499999583334045,,,-14.16668032641945,-9.880951356373785,-4.285728970045665,-3.2085971003071005,2.4506762786134555,-8.14814789481884,4.37499968581822,-6.509461525960939,5.9927468542925295,-15.80207618865491,4.686369299082235,-15.962323489719342,7.867606999870182,-32.59259186792893,3.116659331167813,,0.0,,insufficient,,0.0,,insufficient,-12.753726389412245,7.545473422412678,-28.60696329607484,6.260598683916674,2,2
cool_nights,40727,Saqez,34,False,-9.999998463927923,,,-11.333332961634582,-16.205199236419414,-6.461466686849751,-20.000007953377004,,,-10.00000948944908,-8.666674991742422,-1.3333344977066588,-11.838436017018863,3.1667103471784577,-19.411763244249947,-7.200000217550318,-11.881838871903087,1.4050032908083638,-14.54544458812315,-8.998215402586252,-16.647537320354086,7.482659806678949,-25.92592597153657,2.2222207151339526,,1.0,,insufficient,,0.0,,insufficient,-4.809101303335226,9.312810844224009,-18.10572184028807,20.79653688510176,2,2
cool_nights,40728,Takab,34,False,-7.692307758054182,,,-7.727272520660621,-12.923124388647741,-2.5314206526735017,-12.962963548736036,,,-5.270655790681855,-5.235691028075415,-0.03496476260643977,-7.037629577510906,3.0099965565288547,-10.499996410024616,-1.4937505079437292,-7.049714532914603,2.038628718103164,-10.773808150437082,-2.7215905120629293,-13.059307970222203,8.737240963795031,-25.263071300119687,10.999992291230559,,1.0,,insufficient,,0.0,,insufficient,-6.021678392711299,8.606062369233777,-19.46666516123809,17.028125482931653,2,2
cool_nights,40729,Zanjan,34,False,-9.411766227167591,,,-11.176471141872456,-16.708064351439727,-5.644877932305185,-20.00000371899584,,,-10.588237491828247,-8.823532577123382,-1.7647049147048648,-11.440927458679704,4.579743591346791,-19.999989987622072,-4.999999876502797,-13.258112505230145,3.7463613185852447,-20.718128057803227,-6.998913913450612,-16.428872690429657,6.917482902978967,-29.6428566607694,-2.5000002210938126,,1.0,,insufficient,,1.0,,insufficient,-4.987945231749952,7.261955469641411,-18.403271259508955,9.426467376916953,2,2
cool_nights,40730,Khorramdareh,34,False,-9.166667579978505,,,-12.499997535717826,-18.51928355875278,-6.480711512682873,-15.555554474000658,,,-6.3888868940221535,-3.055556938282832,-3.3333299557393214,-10.913547262463618,3.885944547366899,-23.346153828965356,-7.333333174439174,-11.987891963135466,3.8182856811199337,-19.999999475201612,-4.9926422019348875,-16.530613617410875,8.8926851326754,-38.5659713736099,-3.9714008610761375,,1.0,,insufficient,,1.0,,insufficient,-5.617066354947253,8.827017098571673,-27.144790390953247,11.028569689850404,2,2
cool_nights,40731,Qazvin,34,False,-7.499999611116665,,,-8.823529688581681,-15.198810974350645,-2.448248402812718,-13.33333382716143,,,-5.833334216044766,-4.509804138579749,-1.3235300774650165,-8.734078604933867,4.709007728485623,-18.888889705452407,0.7142808399195533,-8.999701635597626,3.703879490185853,-17.619046560276267,-4.162490436328112,-11.293288295550408,9.43667291153034,-28.00161256655731,6.923068357390977,,0.0,,insufficient,,0.0,,insufficient,-2.559209690616543,10.289489493715397,-20.552975377274674,19.049931991705854,2,2
cool_nights,40732,Ramsar,34,False,-8.50000001666692,,,-12.38094667646964,-18.02775802427462,-6.734135328664659,-19.677419334027512,,,-11.177419317360592,-7.296472657557873,-3.880946659802719,-11.150282782011018,4.124947891230685,-17.512500330490987,-6.153846296762027,-11.87363349890615,3.549993633259733,-18.99999912570369,-6.862216367837816,-20.936120537292947,10.180988410192729,-50.446246709885706,-6.66666542052445,,1.0,,insufficient,,1.0,,insufficient,-9.785837755281928,10.594785945157584,-37.57554193094225,9.333322751847424,2,2
cool_nights,40734,Nowshahr,34,False,-9.999991161995121,,,-13.33333329860908,-17.368938006800388,-9.297728590417773,-24.61538434868207,,,-14.61539318668695,-11.28205105007299,-3.3333421366139593,-10.839263660755627,3.3175285079990173,-19.999995432277736,-7.350877836319329,-13.27820613284739,2.6288031035930883,-20.000000424429334,-9.990739870490687,-22.134248870551545,6.52551527715139,-33.75694122412252,-6.6666808768306245,,1.0,,insufficient,,1.0,,insufficient,-11.294985209795916,6.097273327977188,-21.816785494657672,1.4461759590930214,2,2
cool_nights,40736,Babolsar,34,False,-9.000011537660331,,,-9.333331777797236,-13.605766367765897,-5.060897187828575,-20.000007782732382,,,-10.999996245072051,-10.666676004935146,-0.33332024013690464,-9.530366450646365,3.6825904416448427,-18.374998117038366,-0.8327921577809394,-9.559421287170778,3.527910198585807,-21.24999861661294,-4.975001825619063,-18.15580206834211,7.691500076592163,-34.58327821549613,-5.71428883887853,,1.0,,insufficient,,1.0,,insufficient,-8.625435617695741,7.882187597173668,-23.765221920097986,5.793846661544763,2,2
cool_nights,40737,Gharakhil,34,False,-6.499999832934719,,,-0.555555617285252,-5.292487042506262,4.1813758079357575,-8.275862018760751,,,-1.775862185826032,-7.720306401475499,5.944444215649467,-5.517813028782076,4.421385619379254,-13.076923921920022,4.285713760208936,-0.9449715688346785,3.0423472784446655,-8.75743956144932,3.503407041885929,-8.532546459192439,5.378479649672715,-20.651046076410836,0.9585743519187684,,0.0,,insufficient,,0.0,,insufficient,-3.0147334304103612,6.1728401503864925,-14.809556379559762,10.579163493086536,2,2
cool_nights,40738,Gorgan,34,False,7.777777702331887,,,7.142856836733953,-0.8944160981374356,15.180129771605342,3.6363632369146046,,,-4.141414465417283,-3.5064935998193487,-0.6349208655979339,7.482295888956538,7.634719783120524,-11.250001228762805,19.23076836349007,7.488104420500917,5.19315408603611,-2.7777577580682733,17.697368600296763,6.575147572737019,7.132124815299498,-6.956520891733604,19.13043356615904,,0.0,,insufficient,,0.0,,insufficient,-0.9071483162195192,8.999956822181913,-14.447898096168428,16.67373654387159,1,1
cool_nights,40739,Shahrud,34,False,-1.5789468462517415,,,-4.99999158876849,-10.570208370723517,0.5702251931865367,-10.322582733771787,,,-8.743635887520046,-5.322591145003297,-3.421044742516748,-2.777184437933762,3.5822391085917165,-11.701923031235905,1.6666667065758505,-3.685410766397928,2.986266283542673,-8.6487145733286,2.4999994855180026,-6.57262099908457,7.597960012710542,-23.487072095083153,4.285697845277689,,0.0,,insufficient,,0.0,,insufficient,-3.7954365611508094,7.348751547012779,-21.917622178445235,7.529175058840013,2,2
cool_nights,40740,Quchan,34,False,11.739129835067724,,,8.80000141723475,-1.2556499622314536,18.85565279670095,11.904762111368582,,,0.1656322763008582,3.104760694133832,-2.9391284178329737,13.365157184454938,5.506073336189521,-2.238096054986211,22.012500032079735,13.866192118362365,8.135090331275126,-6.363636116943457,31.64363975154174,14.375883421266167,9.910106334549827,-3.3333385079505495,38.657143513338156,,0.0,,insufficient,,0.0,,insufficient,1.0107262368112309,11.866844314778907,-21.25714897600991,25.5528266535608,1,1
cool_nights,40741,Sarakhs,34,False,-7.1428651798450264,,,-7.391304574669605,-12.37470993287478,-2.40789921646443,-6.818181831956119,,,0.3246833478889073,0.573122742713486,-0.24843939482457866,-7.901704742287629,3.714622679047824,-12.999998676279352,-2.500000556513173,-6.816056034681516,2.409679351157266,-11.006248403137231,-1.664472056685177,-7.204235714711377,3.9647272465978256,-16.00476187194256,0.7692308855146949,,1.0,,insufficient,,0.0,,insufficient,0.6974690275762525,4.811761524122356,-8.358764604652745,7.728144506565195,2,2
cool_nights,40742,Biyarjomand,33,False,-7.3333341167422255,,,-9.642883798377603,-16.04951109343083,-3.236256503324375,-16.785718564746645,,,-9.45238444800442,-7.142834766369042,-2.309549681635378,-6.736794716623063,2.736141897451324,-14.090902797378808,-1.7647276102567062,-7.468195845819557,4.907296874597739,-15.384604618608272,2.9411713887475988,-11.153530178084333,6.315906547439225,-22.51642981781774,-6.611616779969273e-07,,1.0,,insufficient,,1.0,,insufficient,-4.416735461461271,5.991241303054579,-16.682879912048712,5.738967984282737,2,2
cool_nights,40743,Sabzevar,34,False,-0.8333337152777681,,,-5.000001562501704,-10.837774064194969,0.8377709391915609,-26.47058819684715,,,-25.637254481569382,-21.470586634345445,-4.166667847223936,-0.8553110451512105,2.9236494708377814,-5.562500322287791,4.009375293207227,-4.4588778451335465,9.09073469141987,-28.744117196001415,1.29227996605712,-13.77096424214244,26.129614776902002,-61.25445113843959,37.6874995715811,,0.0,,insufficient,,0.0,,insufficient,-12.91565319699123,25.683390691439275,-59.3283103939027,37.10078886222618,2,2
cool_nights,40744,Golmakan,32,False,-7.142856126808378,,,-6.1111100912343534,-11.840403874547194,-0.3818163079215129,-8.888889294758384,,,-1.7460331679500056,-2.7777792035240303,1.0317460355740247,-5.303955160543534,2.7632303108836886,-9.090908697017339,1.0685417951985137e-06,-5.367465596620177,2.8950928074618063,-11.666665705141595,-0.7142850156739468,-9.335398970555584,5.760332623981988,-16.86605333352578,3.333332763092734,,0.0,,insufficient,,0.0,,insufficient,-4.031443810012051,5.534894061138599,-13.818454046135141,8.4803596830273,2,2
cool_nights,40745,Mashhad,34,False,-8.42105218355678,,,-10.41666489872659,-15.686568011982592,-5.14676178547059,-14.545459162789694,,,-6.124406979232914,-4.128794264063103,-1.9956127151698109,-8.40726062378499,3.1116657112034165,-15.238067912939641,-3.624401661538502,-9.53749575135919,2.24862973058175,-13.926329969147892,-4.615385007340576,-13.5200344700649,3.777283694500569,-20.025010592954587,-5.307143199463704,,1.0,,insufficient,,1.0,,insufficient,-5.112773846279908,4.059735578939885,-13.015906819086744,3.1741200412261286,2,2
cool_nights,40746,Neyshabur,34,False,-3.333327754893792,,,-5.000000925658305,-11.89809803056786,1.898096179251251,-10.49998861664206,,,-7.166660861748268,-5.4999876909837555,-1.6666731707645126,-2.3820675263450917,3.756281918531155,-6.363628502763999,7.290907647258345,-3.104886554403354,4.1051045564706365,-8.461538398657503,5.714274506163948,-1.2816568262144028,6.655403857202601,-14.446967431631535,9.235297922311231,,0.0,,insufficient,,0.0,,insufficient,1.1004107001306889,7.005528154279139,-14.742565250289323,11.925584089821724,2,2
cool_nights,40747,Sanandaj,34,False,-11.666666917134647,,,-10.526316121884088,-17.45624282457325,-3.596389419194929,-13.870972045993566,,,-2.2043051288589197,-3.344655924109478,1.1403507952505585,-7.530430536743123,5.010113190812561,-12.50000001777668,4.716266978294709e-06,-9.859352144157434,4.119597168273332,-16.785712711814483,-2.1445837870234903,-14.09368004616923,10.08180814316458,-35.19999824086263,-1.1111087440668304,,0.0,,insufficient,,1.0,,insufficient,-6.563249509426107,10.457792986532088,-28.69701787329242,10.138884298158715,2,2
cool_nights,40748,Bijar,34,False,-8.235294057165177,,,-6.66668972536931,-11.931606844567726,-1.4017726061708942,-10.500000027778539,,,-2.2647059706133614,-3.8333103024092283,1.568604331795867,-7.821608956653996,3.351693641835387,-14.615383970271436,-2.5000002944589252,-8.1114212070565,3.058285364187117,-13.575891930582454,-3.500037467490046,-11.52638434724631,7.583760195792773,-33.103447707055764,-0.6666672523194334,,1.0,,insufficient,,1.0,,insufficient,-3.704775390592313,7.594987399186099,-24.86815237185472,6.624213483990219,2,2
cool_nights,40749,Zarrineh,34,False,-6.3635388165401,,,-4.736841994459117,-10.540004541396257,1.0663205524780244,-9.565217443144137,,,-3.2016786266040373,-4.82837544868502,1.6266968220809828,-5.613105331887109,2.6132427203741844,-10.83749910971217,0.5263108871084643,-4.501346153419327,3.9488459560883227,-10.384597187797992,3.9999997649998504,-8.592269520061777,7.079881338716752,-22.655789299890145,4.328571858366148,,0.0,,insufficient,,0.0,,insufficient,-2.97916418817467,7.056810225535983,-16.076351017243244,10.655860350617745,2,2
cool_nights,40751,Tehran (Shemiran),34,False,-8.235289931994522,,,-10.000011730789389,-13.827472861012314,-6.172550600566463,-11.538461236028017,,,-3.3031713040334942,-1.5384495052386278,-1.7647217987948665,-9.071881503531921,3.396086047220348,-18.333326058191254,-2.50000197232773,-10.294440525794057,1.591190128011598,-13.141702018036769,-7.489583269526758,-11.205355010166835,8.43735572398482,-28.42105164974269,1.6704517604743379,,1.0,,insufficient,,0.0,,insufficient,-2.1334735066349135,8.595168858041678,-20.2535998100702,12.671384759373248,2,2
cool_nights,40752,Karaj,34,False,-6.956522161890994,,,-10.00000030500859,-16.357714196561897,-3.6422864134552837,-14.545457822165213,,,-7.5889356602742195,-4.545457517156622,-3.0434781431175972,-7.055764295110626,3.569636426464917,-14.999995022878764,-1.4965913426207837,-7.803054547108275,3.877682795598446,-14.44444323616538,-1.0833368388694358,-12.241558395517648,6.723990363476808,-25.454519876301198,-3.333333674897144,,1.0,,insufficient,,1.0,,insufficient,-5.185794100407022,6.732166387444968,-17.627041288934493,6.333394330126906,2,2
cool_nights,40754,Tehran (Mehrabad Airport),34,False,-5.789474398610074,,,-8.461538934915303,-14.19206517225469,-2.731012697575916,-13.66666863379591,,,-7.8771942351858355,-5.205129698880606,-2.6720645363052293,-6.212252115196297,4.650328000067926,-15.416666144197443,1.2572111229991414,-7.8819916464028825,4.239772286405198,-15.333332136772663,0.7321496524145793,-10.357475155303264,8.05165317150483,-23.33327782304035,1.4153861075072551,,0.0,,insufficient,,0.0,,insufficient,-4.145223040106966,8.138098971455578,-20.192446070394904,12.564568585630635,2,2
cool_nights,40755,Abali,34,False,-3.6666727950427385,,,-3.500000150000873,-8.57990512128082,1.5799048212790732,-5.2173913337535325,,,-1.550718538710794,-1.7173911837526594,0.1666726450418654,-4.549791373691472,1.8155224097039906,-9.374861314715934,0.6249996822551157,-3.654625852417673,2.654947486450931,-7.272721637193313,3.7514889779127145,-5.223633836611993,9.362823690664797,-30.69166608604502,5.555554721956097,,0.0,,insufficient,,0.0,,insufficient,-0.6738424629205206,9.531409418307309,-27.005531611656178,11.228327471131294,2,2
cool_nights,40757,Semnan,34,False,-2.631579039704557,,,-4.5454547520662745,-10.61228622476176,1.5213767206292106,-17.333331406359367,,,-14.70175236665481,-12.787876654293093,-1.9138757123617176,-3.368574417031847,2.8075138513818727,-7.499998830913479,-1.1764727320026083,-4.654875980947405,4.420949548088941,-14.121849313807967,4.285714449392398,-11.919118710734462,7.922626725864795,-20.833302751180103,13.107143991705563,,1.0,,insufficient,,0.0,,insufficient,-8.550544293702616,8.608367417311234,-17.951281706652683,15.008334149023858,2,2
cool_nights,40758,Garmsar,34,False,-26.3636361616161,,,-19.56522697180115,-23.810585914901864,-15.319868028700434,-24.642856685381485,,,1.7207794762346147,-5.077629713580336,6.798409189814951,-21.108835467746395,10.556492771271028,-35.83333334116134,-5.165432460847543e-07,-21.831823471728967,4.907098440509044,-36.66666495032145,-14.994999859987251,-26.574129695891653,7.205446693765055,-45.464285357591066,-16.81773083814101,,1.0,,insufficient,,1.0,,insufficient,-5.465294228145261,9.901086010992794,-21.666649812158525,11.512789025612191,4,3
cool_nights,40762,Torbat-E Heydariyeh,34,False,-6.666666898028782,,,-9.166655420184863,-14.962754724656953,-3.370556115712774,-11.666666404320313,,,-4.999999506291531,-2.50001098413545,-2.499988522156081,-7.148563576808421,1.7819988001950997,-11.622579584072218,-3.3214286962754014,-7.876915843815742,3.9318429945157054,-14.011112578159759,-2.3538734966479086e-05,-10.037102727450419,4.052084724427434,-17.006820442150865,0.022727458416930302,,1.0,,insufficient,,0.0,,insufficient,-2.8885391506419995,4.147559283897298,-10.458334778209684,6.666653781856175,2,2
cool_nights,40763,Kashmar,34,False,-7.499999663085841,,,-7.083332487501155,-12.478118327256047,-1.6885466477462643,-11.428573119597678,,,-3.9285734565118364,-4.345240632096522,0.4166671755846858,-6.292958450131701,3.550130027458074,-13.641609377738044,2.142848521812194,-6.203328799923244,2.818713724818648,-11.818181282744733,-2.126784133945498,-10.929948773029592,6.454202583678561,-27.319446919868817,-2.7215905236885356,,0.0,,insufficient,,1.0,,insufficient,-4.63699032289789,7.024877616276133,-19.581270793583073,8.732197317189387,2,2
cool_nights,40764,Ravansar,34,False,-5.000000416657478,,,-13.33333471493154,-20.27318192536055,-6.39348750450253,-18.09523777817136,,,-13.095237361513881,-4.761903063239819,-8.333334298274062,-7.788260644813968,2.6716822511657843,-12.365549840626699,-3.600004646751196,-14.41683770298061,3.011428975252154,-19.41330129086877,-8.177272571199127,-18.010008072275795,4.63351672839862,-29.999999261942637,-10.71429288969885,,1.0,,insufficient,,1.0,,insufficient,-10.221747427461828,5.2292184271064,-22.23626407923575,-1.4473690615227521,2,2
cool_nights,40765,Sarpol-E-Zahab,34,False,-14.210356674238323,,,-15.789471134429267,-22.820171920222016,-8.758770348636517,-24.999999480251105,,,-10.789642806012782,-9.210528345821839,-1.5791144601909437,-11.112771040089733,5.528343470490973,-21.12499968849442,-2.6086967390897473,-16.250484707868768,4.305750089738358,-27.281384116692386,-9.56310165026393,-24.296846390561903,6.381643141244056,-32.17391346207285,-9.74999704228611,,1.0,,insufficient,,1.0,,insufficient,-13.184075350472172,8.666141614832066,-26.35953866191423,8.800483362934319,2,2
cool_nights,40766,Kermanshah,34,False,-8.947366855662517,,,-12.999981239956679,-20.131562072194104,-5.868400407719253,-19.655188410108224,,,-10.707821554445706,-6.655207170151545,-4.052614384294161,-11.54734713609159,3.6293291470110574,-17.272727434643695,-2.222223550447686,-13.539299669114962,2.82237474867492,-17.857144264249,-6.000000708689126,-19.013320158370835,4.208549481663925,-24.230768150672713,-3.3333392175383803,,1.0,,insufficient,,1.0,,insufficient,-7.465973022279247,5.195040633495946,-15.693158076860836,6.305058999019988,2,2
cool_nights,40768,Hamedan (Airport),34,False,-1.8181817952249741,,,-7.391297811211975,-13.465203132890121,-1.3173924895338276,-11.81818165289166,,,-9.999999857666685,-4.426883841679685,-5.573116015987001,-3.808914553978558,5.130338822920085,-12.502315797387398,4.000000903208673,-5.598898901874801,5.4828877504622415,-16.709999607749026,3.5294100244296365,-11.302376577289914,8.564108275531526,-30.03000033025547,3.8229153094418464,,0.0,,insufficient,,0.0,,insufficient,-7.493462023311358,7.732055218627197,-26.753245045185047,5.3601666521294415,2,2
cool_nights,40769,Arak,34,False,-6.818181887052416,,,-7.142860909248839,-13.459562418498852,-0.8261593999988248,-14.999998621000755,,,-8.181816733948338,-7.857137711751916,-0.3246790221964231,-6.551831220961095,3.828882453490119,-13.715276434409041,3.3333288730536874,-6.691304941222443,3.7069162636397883,-14.549465117290058,0.037499478313293116,-14.329075629722924,9.304309164342206,-35.01630670066752,-4.000002437008514,,0.0,,insufficient,,1.0,,insufficient,-7.777244408761828,9.56942638282846,-27.42189181195811,5.488954153202604,2,2
cool_nights,40770,Qom,34,False,-6.666666632373097,,,-13.000008252512174,-18.18911733066905,-7.810899174355301,-18.461500156332836,,,-11.794833523959738,-5.4614919038206615,-6.333341620139077,-8.799413480998947,5.739701408547767,-24.545454567778823,-3.125000314315203,-11.215416564860279,3.734378433864532,-17.833333129858012,-2.7272736701636267,-15.0470781430621,6.002286846277507,-29.999999717302185,-5.882353134391474,,1.0,,insufficient,,1.0,,insufficient,-6.247664662063153,6.237008877640945,-19.268420822851848,5.006309650057237,2,2
cool_nights,40771,Kangavar,34,False,-11.428571584782357,,,-10.333333622222737,-15.406275686702738,-5.260391557742736,-15.333333461728307,,,-3.9047618769459493,-4.99999983950557,1.0952379625596205,-12.02945586462531,1.9498358052216902,-15.33333096109761,-8.421053473070861,-11.060230317593373,2.6389251764516817,-16.00000056105125,-7.368419790187992,-15.349556991892143,4.356723510481571,-25.555551250568715,-8.750001170207549,,1.0,,insufficient,,1.0,,insufficient,-3.3201011272668337,4.1427739577816,-12.530935833560378,2.782461885539938,2,2
cool_nights,40772,Qorveh,34,False,-11.578947508551108,,,-14.782608544423454,-18.366874869800302,-11.198342219046603,-14.545453063586406,,,-2.9665055550352974,0.23715548083704796,-3.2036610358723454,-12.74635551174199,4.777891611860006,-24.99999909496945,-2.500000935357807,-14.302903213323036,1.9763311530882726,-18.58082519227598,-9.999999944214073,-15.998314787875266,7.1970448134274845,-35.23809311241051,-5.443181595001017,,1.0,,insufficient,,1.0,,insufficient,-3.251959276133276,7.38324244327342,-22.374966279584925,10.091100146383836,2,2
cool_nights,40774,Borujerd,34,False,-10.909090932048166,,,-16.08695682419757,-21.64394359012538,-10.529970058269761,-20.000023876871406,,,-9.09093294482324,-3.913067052673835,-5.177865892149406,-12.357252366382395,3.75172048723452,-23.89285012248767,-6.666667025505699,-17.593447040210922,2.701927407613243,-22.003571775697647,-13.333335046322501,-22.975117777162176,4.941360415446166,-29.999999980028495,-12.641666700681196,,1.0,,insufficient,,1.0,,insufficient,-10.617865410779782,5.620848531885313,-18.770386997028996,0.5312487576870231,2,2
cool_nights,40778,Gonabad,34,False,-0.8333335030863707,,,-8.000000000042004,-14.83716032203042,-1.1628396780535883,-13.571428560090016,,,-12.738095057003646,-5.5714285600480125,-7.166666496955633,-2.2428422714168166,4.254803623473791,-15.999993318914036,0.840275736556388,-7.494330435432023,4.2761735215506755,-15.90196477782671,-0.6212818711727687,-12.3437593273346,4.062946632357426,-18.636321655850704,-6.250000456252104,,0.0,,insufficient,,1.0,,insufficient,-10.100917055917783,5.189562367305425,-17.350008362471268,2.891910027271297,2,2
cool_nights,40779,Eslamabad-E-Gharb,34,False,-10.99997633227272,,,-11.052630118315298,-19.143223886725607,-2.962036349904986,-15.99999954637094,,,-5.000023214098221,-4.947369428055643,-0.05265378604257798,-9.368439919226995,4.092465998871116,-16.470587171826885,-2.7272731336395735,-11.237687198710837,4.61785396270079,-20.00961644800727,-4.272333533576503,-16.631188270564557,5.857123528189379,-27.600007657067128,-6.054490076924284,,1.0,,insufficient,,1.0,,insufficient,-7.262748351337561,6.115114933856184,-17.639411692775088,4.576189709374467,2,2
cool_nights,40780,Ilam,34,False,3.7500000434029443,,,6.521739445232845,-6.138332312422915,19.181811202888607,16.00000221276941,,,12.250002169366464,9.478262767536563,2.771739401829901,6.3915904763670826,5.318076085712875,1.475694083341274,16.265624291660455,6.835019337992105,10.555639271751703,-18.375000042623338,27.400002512482406,7.9909604621737325,23.387644695494046,-27.737012897597843,45.294109891408965,,1.0,,insufficient,,0.0,,insufficient,1.5993699858066501,21.719128533369823,-35.71912961089916,36.405083153661046,1,1
cool_nights,40782,Khorramabad,34,False,-6.428571249231326,,,-12.999999321267845,-21.309714271324776,-4.690284371210915,-27.666661144974867,,,-21.238089895743542,-14.666661823707022,-6.571428072036519,-6.16026366546399,3.8982806095494276,-11.260416826873673,0.6249461315062045,-12.557541570521757,5.577874054855337,-19.999997842966664,-2.5492873278048572e-06,-20.425968258734702,13.800278101498884,-39.58331486751561,8.571428855727055,,0.0,,insufficient,,0.0,,insufficient,-14.265704593270712,12.852336270206797,-30.361787190555937,13.707669660028925,2,2
cool_nights,40783,Aligudarz,34,False,-7.894733119198409,,,-9.333333683692274,-15.94676724576828,-2.719900121616268,-21.49999821416537,,,-13.60526509496696,-12.166664530473096,-1.438600564493865,-8.457870820471683,3.2895495857838895,-15.62722920625322,-4.578125121606508,-10.645159507604928,4.894340103678775,-21.875001558722325,-1.0513175202023322,-19.521468303934704,5.6959191886450125,-32.5208342088891,-7.000000225231435,,1.0,,insufficient,,1.0,,insufficient,-11.063597483463022,6.256020696829868,-24.007142768930393,2.8607168572769517,2,2
cool_nights,40785,Kashan,34,False,-6.499996649992042,,,-10.000016963633325,-16.618868797274533,-3.381165129992115,-21.500000016667,,,-15.000003366674957,-11.499983053033674,-3.500020313641283,-7.5217940134313315,5.761894520234702,-24.999986772301707,-2.8272924087677375e-06,-11.811285712197106,5.4049625050676315,-21.11110462510088,-1.9307692280570616,-22.12705303600364,11.463014550569197,-45.20636329346731,-0.729168788034043,,1.0,,insufficient,,1.0,,insufficient,-14.60525902257231,10.148689105145472,-36.259127081271274,6.1614492592650825,2,2
cool_nights,40787,Daran,33,False,-7.000002180750427,,,-7.272732998143219,-12.360476996308144,-2.1849889999782937,-15.294119563039247,,,-8.294117382288821,-8.021386564896028,-0.2727308173927918,-7.127092495775826,4.434963910936283,-13.74999841081542,4.374996227696033,-6.001518901034521,3.1371825591478415,-12.30768867783634,1.2499984279018943,-10.311771343073636,7.171819364138161,-29.99999967521277,-2.2115417184389137,,0.0,,insufficient,,1.0,,insufficient,-3.1846788472978096,7.619348759346234,-21.846672265530213,9.06623672423974,2,2
cool_nights,40789,Khur-Va-Biabanak,34,False,-9.999999328382984,,,-15.000000535717435,-20.218039082635666,-9.781961988799203,-19.99999982297595,,,-10.000000494592967,-4.999999287258516,-5.000001207334451,-9.869340172125739,3.3915940346663738,-18.749994681854428,-6.400000088959457,-13.474658355198136,3.76004969404591,-21.254461863606096,-7.391307734473297,-18.996522312129798,6.215382178303402,-34.37563017086762,-8.177275725018884,,1.0,,insufficient,,1.0,,insufficient,-9.12718214000406,6.082272933999663,-22.400000441500367,0.16742508368616446,2,2
cool_nights,40790,Robat-E-Poshtebadam,33,False,-1.3842412433285656e-06,,,-5.454543647921107,-11.989721838721263,1.0806345428790474,-10.357142675737625,,,-10.357141291496383,-4.902599027816518,-5.454542263679864,-0.7637718280597402,3.4985932925122714,-8.489568095144788,4.130090894348753,-3.1573962647567226,3.1898520980188687,-10.027774984575467,2.353640174118739,-6.350184654092624,5.008401648983477,-14.024999868154797,6.666664568643508,,0.0,,insufficient,,0.0,,insufficient,-5.586412826032883,4.9348732161625914,-13.558033622369924,6.7166672524759985,2,2
cool_nights,40791,Tabas,34,False,-4.545455036730381,,,-10.499998462772652,-16.319676712137422,-4.680320213407883,-15.882352887350988,,,-11.336897850620607,-5.382354424578336,-5.954543426042271,-4.870988216027684,2.6276600109604042,-11.26682688906406,-1.9047890793073972,-9.501543342966448,4.8198012385100375,-16.19047101799396,-1.0263155454573083,-14.5547241695269,5.1860615254630735,-21.66666605635762,-2.727272472075017,,1.0,,insufficient,,1.0,,insufficient,-9.683735953499216,5.037718480585797,-16.442079251579077,1.9859620647022291,2,2
cool_nights,40792,Ferdows,34,False,-8.888928301191603,,,-13.600001302532549,-20.725827457337942,-6.474175147727154,-23.548386956626615,,,-14.659458655435012,-9.948385654094066,-4.711073001340946,-10.929772121200498,8.0699197021115,-33.333331671812104,0.8332902075422651,-14.267592405592941,6.000763762187609,-28.33749260427824,-5.999999803288327,-20.87324152871525,6.862586449215251,-35.25867865410404,-10.000009589962298,,0.0,,insufficient,,1.0,,insufficient,-9.943469407514753,8.100878060440822,-23.66843394226517,5.438595283621183,2,2
cool_nights,40793,Qaen,34,False,-7.500000304783442,,,-12.72727105175046,-20.197917876790775,-5.256624226710143,-15.555559260383697,,,-8.055558955600254,-2.8282882086332375,-5.227270746967018,-9.924011935939594,5.304350674536779,-24.03888751355605,-5.281764860275865,-10.600371296510922,4.948791732752881,-17.866665517617236,-3.29167174402086,-13.603689944859589,6.19523257704682,-25.025068580297724,-2.3357846376226585,,1.0,,insufficient,,1.0,,insufficient,-3.679678008919994,6.483428999108238,-15.357141657043224,7.674504503148635,2,2
cool_nights,40794,Safiabad (Dezful),34,False,-11.111112496413341,,,-12.142857857144076,-19.164535479786565,-5.121180234501587,-17.307709121946857,,,-6.196596625533516,-5.164851264802781,-1.031745360730735,-12.216498841412498,4.536232399612492,-22.742423461200957,-3.2500006009191544,-14.30819884587976,6.064867530537307,-27.164286498093123,-6.097228643174494,-17.89621407159386,6.9751556193361575,-32.99999458389415,-5.919875609773546,,1.0,,insufficient,,1.0,,insufficient,-5.679715230181361,7.042640982839703,-18.183709493265937,8.469690623699206,2,2
cool_nights,40796,Dehloran,34,False,-7.999998298468668,,,-12.857143485037271,-20.533907790407515,-5.180379179667028,-13.939393902441594,,,-5.939395603972926,-1.0822504174043228,-4.857145186568603,-7.104708729473546,4.247949756035272,-18.571423056807436,-0.7142982116880636,-11.011289468021978,5.020315434517101,-19.166666579860983,-1.8676002859194052,-12.75704800134532,9.770377200210321,-32.08333016129958,8.189740480699822,,1.0,,insufficient,,0.0,,insufficient,-5.652339271871774,9.797248150639765,-22.301319351361443,16.124995686285807,2,2
cool_nights,40797,Kuhrang,34,False,-4.736840241854506,,,-4.285710899600895,-9.982532159207118,1.4111103600053285,-7.50000057098979,,,-2.7631603291352835,-3.2142896713888947,0.4511293422536111,-3.9190834512853154,2.479289802086623,-6.36363818887814,0.66666646518533,-3.53540455577064,1.94346030068523,-7.4999916702856835,-9.406693742294337e-06,-4.999188982044991,6.7778574973236285,-23.19750875281726,2.857143501700851,,0.0,,insufficient,,0.0,,insufficient,-1.0801055307596759,7.35199685448823,-20.899985263741378,6.385095361286491,2,2
cool_nights,40798,Shahrekord,34,False,4.782608876286214,,,13.928571968679467,2.8235137333037326,25.0336302040552,7.368417823124542,,,2.585808946838328,-6.560154145554925,9.145963092393252,4.660758663329821,8.483079674581747,-8.916666840988459,25.62499998734385,14.696394943003774,7.491748702543931,-2.1062030807781387,27.499972400096443,9.938001713813243,8.783546111444238,-3.7499997003400503,28.4999928183411,,0.0,,insufficient,,0.0,,insufficient,5.277243050483422,11.77886699719192,-18.017544622403978,28.093648823642123,1,1
cool_nights,40799,Ardestan,33,False,-8.21428288859107,,,-9.090909008273481,-14.258277096071724,-3.9235409204752383,-11.25000013888861,,,-3.035717250297541,-2.1590911306151295,-0.8766261196824114,-6.986563427554184,1.9079327812620996,-12.666655644554723,-3.1250005206652838,-8.731183140922786,2.3228017515141737,-13.706354731174288,-3.5000000495162857,-10.57435668675089,6.154895156441995,-25.000000554590592,-1.250000784375653,,1.0,,insufficient,,1.0,,insufficient,-3.5877932591967068,6.309341144015575,-18.958322371740998,5.490183442128982,2,2
cool_nights,40800,Esfahan,33,False,0.3333389826612069,,,-13.124999357302537,-18.010519789676568,-8.239478924928505,-25.45453313830439,,,-25.7878721209656,-12.329533781001855,-13.458338339963744,-8.232215746211297,7.944977669483761,-19.999996311336012,6.66666590498989,-14.007638540105502,2.1492689559587683,-17.499996720656743,-7.1428580270305515,-25.589282244558536,3.121456135166971,-31.764703860074206,-18.571433340316613,,0.0,,insufficient,,1.0,,insufficient,-17.35706649834724,9.224094069526332,-34.44444586377192,-1.7581098531212305,2,2
cool_nights,40801,Naein,33,False,-7.916665278905365,,,-11.5384602000145,-17.983515646620614,-5.093404753408385,-19.99999922745645,,,-12.083333948551084,-8.46153902744195,-3.621794921109135,-5.903284242030013,3.309285859094299,-10.833332951469716,1.8749983022923418,-8.279657012085323,4.629959192863613,-15.004998316795689,1.4455070343742453,-12.927149189279547,6.970687769645858,-21.11111026107179,4.071549864764639e-06,,0.0,,insufficient,,0.0,,insufficient,-7.023864947249533,7.1344656284174,-17.839606448976987,6.343740217586507,2,2
cool_nights,40802,Esfahan (Airport),34,False,8.75000052951899,,,7.368430605552417,-2.173871542691943,16.91073275379678,9.047618998016798,,,0.2976184684978076,1.679188392464381,-1.3815699239665733,10.390729215941796,8.44818042687696,-8.750000207406682,29.16662828509865,10.372057331159935,6.8846071971922465,-5.048076899086564,24.007141633054097,11.132945220767743,10.503518768041443,-7.880434435405195,29.013654623989495,,0.0,,insufficient,,0.0,,insufficient,0.7422160048259454,10.298907424168755,-19.862470283284264,18.825953630215675,1,1
cool_nights,40803,Kabutarabad,33,False,-7.333328002853516,,,-14.166666805547097,-20.109352693246592,-8.223980917847602,-21.666667222223296,,,-14.33333921936978,-7.500000416676199,-6.83333880269358,-7.2883104451359735,2.478593161267971,-14.99999719509054,-4.196170051685812,-12.179361967847804,4.037398845651977,-17.50480690245673,-2.200758380189841,-12.483414186951455,6.814340240950788,-25.99999926055948,-1.5175991472106269e-06,,1.0,,insufficient,,1.0,,insufficient,-5.19510374181548,6.8168403974588765,-18.408749256687166,6.207554671867442,2,2
cool_nights,40809,Birjand,34,False,-5.263964634074235e-05,,,-5.882351799972388,-11.574785310425927,-0.1899182895188476,-9.642860716769375,,,-9.642808077123034,-3.7605089167969874,-5.882299160326047,-2.1084249894842073,3.0491946455429257,-7.916665793634826,2.5486104100790756,-2.3128456613690997,3.610527388502811,-7.500000387979513,4.624995362699782,-7.96065887027725,3.9503098747773557,-14.426360163762105,1.4595991553319252e-07,,0.0,,insufficient,,0.0,,insufficient,-5.852233880793044,3.971159639952379,-13.103637765577043,0.7550565258197748,2,2
cool_nights,40810,Bostan,34,False,-13.529411849288726,,,-19.090898946927407,-26.77187662014184,-11.409921273712975,-21.29032259417338,,,-7.760910744884653,-2.199423647245972,-5.561487097638681,-13.101566217609916,5.260819415271785,-23.08333343182342,-7.387501601620465,-17.699443076471375,2.9723111389519232,-22.308823737010325,-12.307710122702803,-22.604545736952517,6.001257623338862,-35.769229327083366,-10.000013684925742,,1.0,,insufficient,,1.0,,insufficient,-9.502979519342603,6.556362363118264,-20.41025935223623,4.449268981352132,2,2
cool_nights,40811,Ahvaz,34,False,-4.21052649430601,,,-6.315796939081139,-13.443126833424646,0.8115329552623685,-6.923077225511246,,,-2.712550731205236,-0.6072802864301075,-2.1052704447751287,-3.8047554431032045,5.876518585572625,-19.999991809732137,3.4999997030255887,-5.864587823368449,4.317629193189605,-14.665673917577779,-0.609377340145918,-9.41807785941159,9.184147729295391,-27.91666558977963,6.587500194887191,,0.0,,insufficient,,0.0,,insufficient,-5.613322416308385,9.123094162180582,-22.985069100091287,12.716759867490474,2,2
cool_nights,40812,Masjedsoleyman,34,False,-6.111102280683594,,,-7.391303506288588,-14.574758234892181,-0.207848777684994,-15.555555233168732,,,-9.444452952485138,-8.164251726880146,-1.2802012256049933,-6.246199324413681,3.6313966069095103,-12.50892879932382,2.4999993137259695,-7.856754094199937,4.5767042622846486,-15.212857053873451,1.1996853402522325,-12.101767412083621,8.440466919047628,-23.84600515750337,15.555551967550969,,0.0,,insufficient,,0.0,,insufficient,-5.855568087669939,9.117564989173143,-17.738346266430916,19.84124204512887,2,2
cool_nights,40813,Ramhormoz,34,False,-7.999996971101066,,,-10.666666867170314,-16.506721109153126,-4.826612625187501,-24.687477341428224,,,-16.687480370327158,-14.02081047425791,-2.666669896069248,-7.880014581540068,3.0596431334720067,-14.285713999080372,-4.395832302565607,-13.625975754241022,7.43884686212532,-34.18749913260556,-6.11111137538592,-20.887273076720433,11.370733130563165,-40.000002991060015,7.526785683616261,,1.0,,insufficient,,0.0,,insufficient,-13.007258495180368,10.74412509006732,-31.057565610522026,14.839810171874097,2,2
cool_nights,40818,Abadeh,34,False,-8.999990951313677,,,-9.65517283327436,-13.831451242627919,-5.478894423920801,-17.2413792668747,,,-8.241388315561021,-7.5862064336003385,-0.6551818819606829,-7.572335594146852,3.5577830139828714,-13.333328793570017,-1.4625006785272212,-7.719830659115292,3.5344801364249387,-12.142857828392453,-3.762282521076833e-07,-14.409018156923034,7.282596800885771,-31.074642092187332,-3.333332143456305,,1.0,,insufficient,,1.0,,insufficient,-6.836682562776179,6.82480618207294,-22.12072741006888,2.255221102317172,2,2
cool_nights,40821,Yazd,34,False,-7.6923079681723046,,,-12.962964704058676,-17.974737125935913,-7.951192282181439,-21.538461499013835,,,-13.84615353084153,-8.575496794955159,-5.270656735886371,-7.437226933201527,4.43244123451721,-17.142854556743725,-2.1428588582978927,-14.038689745282682,3.9810815705390086,-20.48928596266091,-7.391304870436856,-23.105458590704387,6.722023260390153,-39.00714275323037,-14.999999622242358,,1.0,,insufficient,,1.0,,insufficient,-15.668231657502863,6.524092476189664,-31.1096310461526,-4.011704301382353,2,2
cool_nights,40827,Nehbandan,34,False,-1.6666740568340503,,,-6.428572142861688,-12.311766642412795,-0.545377643310581,-6.363626127137362,,,-4.696952070303311,0.06494601572432579,-4.761898086027637,-3.623361075797604,3.8529223070998135,-12.222221903806155,3.1622834337004835,-4.8955572014158095,2.973273839034336,-9.999998818621037,2.1151324389250075,-4.947062326017537,3.2973220038458337,-11.250000150497316,0.8333346707878683,,0.0,,insufficient,,0.0,,insufficient,-1.3237012502199337,4.345339285037418,-8.287221156786694,7.461549556558516,2,2
cool_nights,40829,Zabol,34,False,-6.666661290289705,,,-6.999998999992963,-12.715745371555338,-1.284252628430588,-6.071423366576804,,,0.5952379237129009,0.928575633416159,-0.33333770970325816,-6.69843534384859,3.2768853005158056,-13.913043090933815,-0.4545459325196955,-4.622929205605598,3.6042223329073595,-8.965514790040205,3.340932872130158,-3.873083615809679,5.190185759344895,-13.008333232818744,4.736841664534826,,1.0,,insufficient,,0.0,,insufficient,2.8253517280389118,4.728883751322462,-6.10856262027404,11.024828964560923,2,2
cool_nights,40831,Abadan,34,False,-10.800000337777522,,,-16.42857112244909,-23.11173188419944,-9.745410360698738,-24.00000590836103,,,-13.200005570583507,-7.57143478591194,-5.628570784671567,-11.538086796741634,2.8311933663424287,-19.99999754295502,-7.494307660573597,-17.155459487723935,3.374716935259957,-23.333333412168432,-11.52501573835101,-22.324226825696627,7.6178257578011666,-32.528408998752845,-9.411766286295705,,1.0,,insufficient,,1.0,,insufficient,-10.786140028954994,7.504900774879836,-21.906998457091014,3.115008425926479,2,2
cool_nights,40832,Bandar-E- Mahshahr,34,False,-13.57142751407886,,,-18.846154209128144,-25.084739974654692,-12.607568443601597,-17.50000565021272,,,-3.9285781361338614,1.3461485589154236,-5.274726695049285,-11.38410871474556,3.893761531217996,-20.624995638680574,-5.000000032633969,-17.620204070198,3.801698801490891,-21.42856813855839,-9.527405768595095,-17.71874781786419,3.9244358819096856,-24.60336480565969,-11.873573797367621,,1.0,,insufficient,,1.0,,insufficient,-6.334639103118632,4.301559682990493,-14.761906704291366,1.4285752037396824,2,2
cool_nights,40833,Omidiyeh (Aghajari),33,False,-16.250000069444493,,,-14.999991997759416,-21.6606011998999,-8.339382795618931,-20.000000008098414,,,-3.7499999386539216,-5.000008010338998,1.2500080716850768,-15.7311446792569,5.135153259059284,-23.333329887048645,-8.957729571129075,-14.011440705229447,2.9702491830833275,-22.49999822103982,-9.5178664829182,-16.355699117604455,5.837461304690772,-23.333334373696857,-1.111149383012856,,1.0,,insufficient,,1.0,,insufficient,-0.6245544383475544,7.67050874096651,-10.917270232740824,15.168747770760698,2,2
cool_nights,40835,Dogonbadan,32,False,-7.272726365571756,,,-5.000000481927998,-11.827561730676763,1.8275607668207678,-12.77778116671537,,,-5.505054801143614,-7.777780684787372,2.2727258836437576,-6.645086786396185,3.7085985802174624,-12.666661130463709,-0.8333345726253243,-4.130818910876778,4.83305598946638,-14.210527998306077,2.6170083910031123,-11.745470268249328,12.047066514664921,-35.199999291466476,12.766656196226489,,1.0,,insufficient,,0.0,,insufficient,-5.100383481853144,11.882852023214276,-28.494027923813135,18.104698433077644,2,2
cool_nights,40836,Yasuj,33,False,4.374999887152386,,,6.538461012877057,-5.348818650547465,18.42574067630158,-6.818181827364688,,,-11.193181714517074,-13.356642840241744,2.1634611257246705,3.1533718321447686,6.267581850661843,-4.2105262470746885,13.781247390384214,6.711652792371171,7.818982272257463,-14.334821303774202,20.03124936823788,-4.536674149423788,13.804353631160183,-22.85713959447946,34.23743052107644,,0.0,,insufficient,,0.0,,insufficient,-7.690045981568556,13.34018848905306,-27.115113174721305,26.243750921429942,1,1
cool_nights,40839,Anar,34,False,-7.999999769716728,,,-10.909090503279028,-16.66546473005355,-5.1527162765045045,-17.500001293224717,,,-9.500001523507988,-6.5909107899456885,-2.9090907335622997,-6.441672641596333,3.4815284370126314,-11.442858320338953,0.04412183748045048,-9.44704445738376,4.0316707023671885,-16.666660287262637,-2.8214240934789423,-15.795859144773486,6.676487522596042,-26.772727646630823,-0.9091026120900181,,0.0,,insufficient,,1.0,,insufficient,-9.354186503177154,6.312734427851289,-21.94654672634111,4.845665704029561,2,2
cool_nights,40841,Kerman,34,False,-7.500001863335135,,,-10.526307200922611,-17.140262844030065,-3.9123515578151578,-15.833333368577211,,,-8.333331505242075,-5.3070261676546,-3.026305337587476,-6.637652208857633,2.955363509669553,-12.525000976562657,-1.666668328968026,-10.194699591222534,4.951274174542435,-17.786469372693862,1.1190457344639422,-16.277936712152655,4.284578474915315,-24.999996013264873,-6.111121842392212,,1.0,,insufficient,,1.0,,insufficient,-9.640284503295023,4.357251784114189,-17.62379920607355,0.7619041026422338,2,2
cool_nights,40844,Dorudzan,34,False,6.315789233604592,,,9.23076908283967,-1.4831359156435564,19.944674081322894,2.8571432038762756,,,-3.4586460297283166,-6.373625878963394,2.9149798492350776,6.192323725523801,8.49189716100644,-3.3333301945706384,26.153846989104583,14.026979482968919,9.588998134602889,-5.860579516307544,35.00833372129318,14.22905199477164,13.197216017762893,-12.500002837459398,36.68757688302414,,0.0,,insufficient,,0.0,,insufficient,8.036728269247838,12.680905441949683,-17.035717499195044,25.328420277569016,1,1
cool_nights,40847,Zarqan,34,False,-10.833331543684313,,,-12.799999999999995,-17.43746788928041,-8.162532110719582,-19.090912695347463,,,-8.25758115166315,-6.290912695347467,-1.9666684563156824,-11.477760927055133,2.22446272257892,-15.263158053359378,-8.666666783668528,-12.221429295814287,1.9942693423655693,-14.74342601868068,-8.12500200747761,-17.459630966299414,7.51455680707531,-34.55334040422225,-7.500001027803283,,1.0,,insufficient,,1.0,,insufficient,-5.9818700392442805,8.278737167433206,-25.215589592332467,6.032387765411694,2,2
cool_nights,40848,Shiraz,34,False,7.826086935517592,,,11.999998844543043,0.3784730781292005,23.621524610956886,-16.923068785769715,,,-24.74915572128731,-28.923067630312758,4.173911909025451,10.289570102328064,6.86284061106296,3.3125021840503153,30.98636229756938,13.275024980738749,9.508219013659671,-3.7885364751920694,32.52083074327998,3.889720535278398,18.3493965250374,-23.9999989966304,35.05675900306235,,1.0,,insufficient,,0.0,,insufficient,-6.3998495670496665,18.457603824061447,-45.74643239250903,23.634738634419257,1,1
cool_nights,40849,Shahrebabak,34,False,-3.8461541875288083,,,-2.3809551024143265,-8.515512095718126,3.7536018908894735,-4.1379309304223595,,,-0.29177674289355116,-1.756975828008033,1.4651990851144818,-2.858731144543805,4.315281390405546,-14.99999738424414,2.683340004004876,-2.707751207412934,3.2591145529564276,-7.619047690899335,1.6704573572519095,-1.2280621423536275,4.758197920967137,-10.027799574662035,8.666666602335583,,0.0,,insufficient,,0.0,,insufficient,1.6306690021901777,4.7733652461182405,-7.915441715770399,11.51805128788357,2,2
cool_nights,40851,Sirjan,34,False,-6.666668599171242,,,-4.761897804026537,-11.087273764140079,1.5634781560870046,-9.130434744801388,,,-2.463766145630146,-4.368536940774851,1.9047707951447048,-5.098025330397352,4.780199383740703,-13.33333218909012,4.727037578920345,-2.8742143010242427,3.9488611631755783,-9.285713175061218,7.499998918900002,-5.548920534337437,5.7626857988715265,-12.799915990886904,5.501515949161347,,0.0,,insufficient,,0.0,,insufficient,-0.4508952039400853,6.360764829588783,-10.579508058535787,11.970234406536779,2,2
cool_nights,40853,Baft,34,False,-10.434791496083081,,,-16.249998940807565,-22.591245674773777,-9.908752206841353,-17.499999898295105,,,-7.065208402212024,-1.25000095748754,-5.815207444724484,-11.333190448416865,3.2789184210584734,-18.695652058400757,-5.0000020131983876,-12.013968338280929,4.652841266602295,-18.571425526835387,-1.108332722964464,-17.023032659855602,6.47210253527037,-32.977598267409114,-4.282738557531548,,1.0,,insufficient,,1.0,,insufficient,-5.689842211438738,6.253252151296089,-20.670972814704797,6.914141514331454,2,2
cool_nights,40854,Bam,34,False,-9.54545430503756,,,-12.72727305785103,-18.713302536860684,-6.741243578841375,-17.857169442335113,,,-8.311715137297552,-5.129896384484084,-3.1818187528134683,-8.973096121340948,4.48098812131996,-17.784090037143695,-3.516176391181914,-13.391070118964858,2.853772525097854,-17.40094951702222,-6.18571465568829,-18.979119507668734,5.176042799378379,-25.624998044569868,-2.2222226272455528,,1.0,,insufficient,,1.0,,insufficient,-10.006023386327787,5.203479005670058,-18.22930694330787,2.7878728376976945,2,2
cool_nights,40856,Zahedan,34,False,-5.384615555555129,,,-8.749999609371203,-14.8905349736611,-2.6094642450813046,-10.476184986155475,,,-5.091569430600346,-1.7261853767842723,-3.365384053816074,-6.255369367111591,3.490976580693237,-14.285709580905488,-0.5416566431429779,-8.247526826494061,3.530737297330961,-14.40842057169191,-2.000003204834611,-10.699686737001398,5.986745351971579,-21.24999963930677,3.9999890922489696,,1.0,,insufficient,,0.0,,insufficient,-4.4443173698898075,6.099767431489341,-15.139690232075651,8.295676663284986,2,2
cool_nights,40857,Bushehr (Coastal),34,False,-6.363631548094655,,,-13.181817975206483,-19.510882421457524,-6.852753528955445,-29.999997421352518,,,-23.636365873257862,-16.818179446146033,-6.818186427111828,-6.022423208343515,3.1895089626504496,-13.392858307090254,-1.2500000282120387,-11.227804830639649,4.184535905606996,-18.607141914894317,-3.071429080541873,-24.95418984570426,11.402672515781083,-43.38461985578309,3.670452183623335,,1.0,,insufficient,,0.0,,insufficient,-18.93176663736074,10.666274603384583,-37.921879195701045,8.461858007340794,2,2
cool_nights,40858,Bushehr (Airport),34,False,-7.619047513227521,,,-14.000000792619591,-18.619346060206716,-9.380655525032468,-17.391304623135888,,,-9.772257109908367,-3.3913038305162964,-6.38095327939207,-7.368311959489474,3.681343329145771,-15.384614277902152,-1.6666727051924022,-13.328615570314883,3.0492611030184635,-17.000001549348738,-5.621881131178033,-19.459790649578125,5.039301429296057,-32.02142835401244,-13.793103640217538,,1.0,,insufficient,,1.0,,insufficient,-12.091478690088652,5.507247509181855,-25.847929548784574,-3.4569429433495307,2,2
cool_nights,40859,Fasa,34,False,-13.333304674113203,,,-14.61538550202127,-19.546963604107493,-9.683807399935048,-17.931036146022855,,,-4.597731471909652,-3.3156506440015843,-1.282080827908068,-11.294782200917316,4.684859886661661,-20.624999803502266,-5.000000602501647,-14.79305508388085,3.00725770110188,-19.99999961654204,-9.999999537489762,-19.62028904487196,9.915554430968518,-46.26411758736354,-4.430552434975278,,1.0,,insufficient,,1.0,,insufficient,-8.32550684395464,8.925523197802619,-28.540831318921498,3.1441170735844226,2,2
cool_nights,40870,Khash,34,False,-16.25000302138922,,,-14.374984513564193,-20.18368367725195,-8.566285349876438,-18.620690210514784,,,-2.370687189125565,-4.245705696950591,1.8750185078250254,-16.084899202889165,2.4148206389259586,-19.99998179618133,-11.111111138536785,-13.189180122150866,2.643504042050747,-17.648198614530628,-6.250002155196439,-18.37633809282767,7.5095980388080426,-34.736840809753105,-7.500001245846622,,1.0,,insufficient,,1.0,,insufficient,-2.2914388899385036,6.915898860408562,-17.46502252321368,8.008147968502351,2,2
cool_nights,40873,Lar,34,False,-6.842107480377503,,,-10.00000046589895,-15.063055460250286,-4.936945471547614,-24.347829959235472,,,-17.50572247885797,-14.347829493336523,-3.157892985521447,-7.34616300973449,1.9019847677774342,-13.099999536905516,-4.986107450682557,-9.198466896168043,4.1504135750484545,-15.444452343253301,0.022730009591860258,-18.022303841169197,12.98103878574501,-43.57142804311487,3.333337310160876,,1.0,,insufficient,,0.0,,insufficient,-10.676140831434704,12.440156490065409,-35.38960447152995,11.039639694214978,2,2
cool_nights,40875,Bandarabbas,34,False,-5.0000003186690325,,,-5.833333085450342,-12.523872170401216,0.8572059995005317,-9.20000015212636,,,-4.199999833457328,-3.366667066676019,-0.8333327667813091,-2.382653202069511,6.690810857927537,-15.18750167754031,8.149165763553611,-3.6197140086658637,3.8097135775593554,-10.43545380632919,3.1856042896289276,-2.69852740614565,10.072136666214215,-22.222221667211034,14.166656744969119,,0.0,,insufficient,,0.0,,insufficient,-0.31587420407613914,9.01519679267271,-16.696023988712707,16.19637641880434,2,2
cool_nights,40876,Minab,34,False,-8.095239918515935,,,-12.272705993157233,-20.830179117215046,-3.715232869099422,-11.538461657092821,,,-3.443221738576886,0.7342443360644122,-4.177466074641298,-7.182413235837281,4.798724880559478,-20.031249086343067,-1.1673824532408896e-06,-7.138393489412749,5.114524461957297,-18.42105300796636,2.0055557999188096,-6.316356150783403,9.528238739459344,-22.138392698947353,11.428570749511168,,1.0,,insufficient,,0.0,,insufficient,0.8660570850538774,9.404655962883751,-16.519787560475947,19.767856330217334,2,2
cool_nights,40877,Kahnuj,34,False,-1.6000001244440538,,,-8.235294117647078,-13.686265182726258,-2.7843230525678972,-11.199999647003407,,,-9.599999522559354,-2.96470552935633,-6.635293993203024,-2.538046401214312,5.272340761857842,-18.57141978787712,3.333319321059429,-6.505559753594348,3.9816816224432956,-14.303569757916447,1.11110547215426,-6.010284216395105,7.932855134697722,-19.44444272221517,8.571432480148957,,0.0,,insufficient,,0.0,,insufficient,-3.4722378151807924,7.7705170167579025,-16.518858031427172,10.511537282075777,2,2
cool_nights,40878,Saravan,34,False,-6.666661039077556,,,-9.642857413544952,-14.862595891660334,-4.423118935429571,-10.714319816261575,,,-4.04765877718402,-1.071462402716623,-2.9761963744673965,-6.213340071053433,3.1206537145296855,-14.02499981916188,-1.3333352380245878,-8.435733571589783,3.4710170718551665,-16.153844845262675,-3.5654815314459576,-10.011034907019337,4.501295200384209,-15.23809418794579,-4.261904370167117,,1.0,,insufficient,,1.0,,insufficient,-3.7976948359659035,4.71375409565593,-10.366068141413143,7.726032064313204,2,2
cool_nights,40879,Iranshahr,34,False,-1.2000005731314403,,,-6.129029079127991,-11.812835478587576,-0.44522267966840534,-14.13793074203805,,,-12.93793016890661,-8.00890166291006,-4.929028505996551,-1.3251288467107654,2.6201781252606895,-9.486842329964825,2.857142575136599,-4.762600945244268,2.818565273942953,-9.132173132083606,1.6826948930314762,-7.250591254292774,8.483104166805932,-19.99999885884941,7.9999977094800085,,0.0,,insufficient,,0.0,,insufficient,-5.92546240758201,7.824102928911479,-18.888884010050326,9.203329980728624,2,2
cool_nights,40882,Kish Island,34,False,-0.9090817549427315,,,-14.444442962957746,-23.657945253822856,-5.230940672092636,-49.68750207445634,,,-48.77842031951361,-35.243059111498596,-13.535361208015015,-3.7566611917060264,9.353777368038884,-32.37744214618254,1.176470671988637,-14.029107312659102,12.238910574139467,-41.17948518497227,1.0526291611966776,-30.50678066663223,21.65920122225323,-74.6299985830948,16.254465246621912,,0.0,,insufficient,,0.0,,insufficient,-26.7501194749262,20.701962914822026,-70.52891667826286,16.80056997535713,3,4
cool_nights,40883,Bandar-E-Lengeh,34,False,-2.941176527958857,,,-13.199997544809063,-22.947858004224706,-3.452137085393419,-23.448288119544774,,,-20.507111591585918,-10.24829057473571,-10.258821016850206,-2.9701939869003877,5.365351291424495,-17.633920504167744,2.222221924037155,-8.86112825751153,6.774556403503203,-22.548610224072608,1.2499979072348935,-17.00601353768012,13.264810888490924,-41.612894262837784,8.181816274498184,,0.0,,insufficient,,0.0,,insufficient,-14.035819550779728,12.789221429964229,-39.09090903375928,10.346574569545522,2,2
cool_nights,40889,Siri Island,34,False,-5.000000222435429,,,-5.625005137453565,-15.105537958165533,3.855527683258403,-28.43749991970517,,,-23.437499697269743,-22.812494782251605,-0.6250049150181356,-5.387647709987437,3.938683371222038,-19.999989748881784,0.5882138153820018,-6.165213090631262,5.244608387030477,-19.999998361959097,1.3333254455973556,-17.83664574168329,12.647054962134549,-42.77021316979904,12.649040116953671,,0.0,,insufficient,,0.0,,insufficient,-12.448998031695856,12.03059403773182,-35.50486076076597,16.594505584895778,2,2
cool_nights,40890,Abumusa Island,34,False,-3.1250031611228732,,,0.7142835822241044,-5.390445654661692,6.819012819109901,-27.391304867473387,,,-24.266301706350514,-28.105588449697493,3.8392867433469777,-2.317450092125339,4.481178685724056,-7.04861038077322,7.50892735132143,2.4195200100611682,3.6520448165863506,-4.782606568544973,12.142856135711634,-9.20123990027699,22.3686585360138,-41.78570993366397,20.740545933682984,,0.0,,insufficient,,0.0,,insufficient,-6.883789808151648,21.60159716589785,-40.00524237460017,25.980473544987845,2,2
cool_nights,40893,Jask,34,False,-6.315792667305287,,,-12.857115886806593,-19.648038831292343,-6.066192942320844,-23.7037036823655,,,-17.38791101506021,-10.846587795558907,-6.541323219501306,-8.286165729037235,3.3682319322970558,-15.294115815129773,-3.250000726750486,-11.358624015031124,3.183923048564086,-17.028124940428633,-4.278577867178528,-17.107331997404852,7.8259779844059745,-30.00000790346429,0.04999804058833193,,1.0,,insufficient,,0.0,,insufficient,-8.821166268367618,7.421638237584735,-19.55870418575531,7.812502360697572,2,2
cool_nights,40898,Chahbahar,34,False,-14.000002959110255,,,-14.444445302596082,-20.094941244630153,-8.79394936056201,-30.000002834561855,,,-15.9999998754516,-15.555557531965773,-0.4444423434858269,-15.148837051967885,1.8674954337153136,-18.333344783580877,-11.525005806822895,-15.10241526523509,2.694695020560979,-22.666657290130775,-10.625000771013179,-27.303545418384953,9.03764849168714,-46.525361418994024,-11.000001295376002,,1.0,,insufficient,,1.0,,insufficient,-12.154708366417067,8.33043114095274,-28.84168656949456,3.999994861914647,2,2
cool_nights,88187,Jam,33,False,-9.545453239858455,,,-15.217390896078426,-21.96460127287137,-8.47018051928548,-17.89474987599216,,,-8.349296636133706,-2.677358979913736,-5.671937656219971,-9.73553795445698,4.895249505728626,-16.66666753003106,0.9090929279720125,-13.428791742046288,5.170322088572094,-23.078126116457277,-2.857143390709947,-8.8812577949199,10.75745586524447,-20.78846521674645,6.272321738749671,,0.0,,insufficient,,0.0,,insufficient,0.8542801595370806,10.313298093769447,-15.605015284063306,20.27880026416067,2,2
cool_nights,99331,Tehran (Geophysic),34,False,-1.746957255492961e-06,,,-2.2222216666654147,-6.83170954987255,2.387266216541721,-3.750029206648429,,,-3.750027459691174,-1.5278075399830144,-2.2222199197081594,-1.8195198622723967,4.599018310654049,-12.63157728095429,2.000000596902178,-2.7570948004832343,3.4457158957760825,-10.767843804436053,1.6666665958203943,-1.8164523833755981,10.259694156811431,-24.347825282204706,18.333332681284475,,0.0,,insufficient,,0.0,,insufficient,0.003067478896799045,9.256340373237016,-22.721781628333,16.694447738111965,2,2
cool_nights,99407,Boshruyeh,34,False,-8.695651737796467,,,-11.481481173114332,-16.69651862131147,-6.266443724917197,-13.103446048645345,,,-4.407794310848878,-1.6219648755310132,-2.785829435317865,-8.552644309891448,2.0495626755915826,-11.818182197390879,-3.9999995823915846,-10.3141768804397,3.238208490808885,-15.909090461535593,-3.990909674442805,-9.493438292743418,5.044915732074068,-15.784410182168498,1.8282825819255926,,1.0,,insufficient,,0.0,,insufficient,-0.9407939828519706,4.788223515664976,-8.380838062767054,9.515739639683252,2,2
cool_nights,99421,Natanz,33,False,-5.882346932596714,,,-8.928570856206443,-14.088135224732593,-3.7690064876802944,-11.481481506162032,,,-5.599134573565318,-2.5529106499555887,-3.0462239236097295,-6.975155802486568,3.3926654862058108,-13.846152925560217,-2.281250003864438,-8.540373033003103,2.588262218878182,-13.499996110832974,-3.3214285313049623,-12.248930299107654,5.408513443580096,-29.999989012011397,-4.972223023179667,,1.0,,insufficient,,1.0,,insufficient,-5.273774496621087,5.647683479389904,-22.380941521042793,4.008327226999983,2,2
cool_nights,99459,Borujen,34,False,-14.666665238156279,,,-12.999999799999701,-17.568178901080195,-8.431820698919207,-17.083335993512286,,,-2.416670755356007,-4.083336193512585,1.6666654381565777,-11.899522085512565,6.120680724506503,-19.58333073520799,1.0526299246345387,-12.65271460081079,2.60714607124017,-18.749997948786223,-8.000000981674638,-16.778656271409396,4.354796729166491,-26.363635858416423,-9.27415923391119,,0.0,,insufficient,,1.0,,insufficient,-4.87913418589683,6.55585930981891,-18.424161007938363,3.459585493882629,2,2
cool_nights,99623,Zahak,32,False,-4.090912809268682,,,-4.666665548445558,-11.59991821472725,2.266587117836134,-12.857141950117363,,,-8.766229140848681,-8.190476401671805,-0.5757527391768766,-4.533408470497763,2.961931126448021,-11.111104422820604,1.9999937344784724,-3.507180055809976,4.433764994422063,-15.714284489793986,5.009618738221822,-11.33527308429447,3.6629908734406236,-16.67187402828227,-2.0000028165191477,,0.0,,insufficient,,1.0,,insufficient,-6.801864613796707,4.546274702347363,-15.087660870366568,1.699340743366335,2,2
