index_name,station_id,station_name,latitude,longitude,tau,slope,ci_low,ci_high,analytic_p,fdr_q,fdr_reject
cool_days,19996,Bahookalat,25.7,61.417,0.1,-6.875000191970451,,,,,
cool_days,40700,Parsabad,39.608,47.877,0.1,-2.46959298651447e-07,,,,,
cool_days,40701,Maku,39.379,44.392,0.1,-4.615384049967751,,,,,
cool_days,40702,Jolfa,38.932,45.607,0.1,-2.592592857794263,,,,,
cool_days,40703,Khoy,38.56,44.99,0.1,-6.470584536964627,,,,,
cool_days,40704,Ahar,38.433,47.067,0.1,-4.090910043748948,,,,,
cool_days,40706,Tabriz,38.122,46.234,0.1,-4.117643290725689,,,,,
cool_days,40708,Ardebil,38.219,48.329,0.1,-1.363959571084196e-06,,,,,
cool_days,40709,Astara,38.365,48.855,0.1,-5.789304622974991,,,,,
cool_days,40710,Sarab,37.935,47.508,0.1,-5.357140638798416,,,,,
cool_days,40712,Orumiyeh,37.658,45.056,0.1,-1.9999989714470856,,,,,
cool_days,40713,Maragheh-Synoptic,37.348,46.146,0.1,-9.00000077232083,,,,,
cool_days,40716,Mianeh,37.421,47.732,0.1,-5.217416068787509,,,,,
cool_days,40717,Khalkhal,37.609,48.538,0.1,-6.84210446339093,,,,,
cool_days,40718,Bandar-E-Anzali,37.48,49.458,0.1,-2.2222224485594886,,,,,
cool_days,40719,Rasht,37.323,49.624,0.1,-3.181815810692271,,,,,
cool_days,40723,Bojnurd,37.488,57.303,0.1,-7.647058846597575,,,,,
cool_days,40724,Piranshahr,36.698,45.147,0.1,-4.583337873949817,,,,,
cool_days,40726,Mahabad,36.753,45.715,0.1,-4.285714688636588,,,,,
cool_days,40727,Saqez,36.221,46.311,0.1,-5.000000451009272,,,,,
cool_days,40728,Takab,36.39,47.1,0.1,-7.500000273451727,,,,,
cool_days,40729,Zanjan,36.66,48.522,0.1,-11.818178623152855,,,,,
cool_days,40730,Khorramdareh,36.195,49.211,0.1,-6.666665566274407,,,,,
cool_days,40731,Qazvin,36.245,50.045,0.1,-7.692306536522531,,,,,
cool_days,40732,Ramsar,36.905,50.684,0.1,-3.999995952787154,,,,,
cool_days,40734,Nowshahr,36.661,51.466,0.1,-5.4999997650154695,,,,,
cool_days,40736,Babolsar,36.699,52.643,0.1,-2.7272673982664117,,,,,
cool_days,40737,Gharakhil,36.487,52.108,0.1,-4.500002187123611,,,,,
cool_days,40738,Gorgan,36.905,54.413,0.1,-4.999999304627131,,,,,
cool_days,40739,Shahrud,36.38,54.929,0.1,-1.000000614330959,,,,,
cool_days,40740,Quchan,37.117,58.45,0.1,-3.478260791083664,,,,,
cool_days,40741,Sarakhs,36.537,61.149,0.1,-6.818185571622941,,,,,
cool_days,40742,Biyarjomand,36.086,55.805,0.1,-4.99999680760122,,,,,
cool_days,40743,Sabzevar,36.207,57.649,0.1,-3.8461539283366384,,,,,
cool_days,40744,Golmakan,36.483,59.283,0.1,-5.90909099861381,,,,,
cool_days,40745,Mashhad,36.236,59.631,0.1,-3.47826146123124,,,,,
cool_days,40746,Neyshabur,36.267,58.8,0.1,-8.076922568233925,,,,,
cool_days,40747,Sanandaj,35.255,47.015,0.1,-10.000005382696862,,,,,
cool_days,40748,Bijar,35.886,47.621,0.1,-10.555556556379344,,,,,
cool_days,40749,Zarrineh,36.06,46.914,0.1,-10.555549238219008,,,,,
cool_days,40751,Tehran (Shemiran),35.799,51.485,0.1,-12.142856138425316,,,,,
cool_days,40752,Karaj,35.807,50.954,0.1,-9.999999524623531,,,,,
cool_days,40754,Tehran (Mehrabad Airport),35.693,51.309,0.1,-5.000000532078636,,,,,
cool_days,40755,Abali,35.771,51.987,0.1,-7.500001326080637,,,,,
cool_days,40757,Semnan,35.588,53.422,0.1,-6.153847280258581,,,,,
cool_days,40758,Garmsar,35.243,52.36,0.1,-3.9999978385627264,,,,,
cool_days,40762,Torbat-E Heydariyeh,35.332,59.206,0.1,-9.166666709104938,,,,,
cool_days,40763,Kashmar,35.271,58.473,0.1,-7.692307573964585,,,,,
cool_days,40764,Ravansar,34.71,46.65,0.1,-6.666666621315084,,,,,
cool_days,40765,Sarpol-E-Zahab,34.45,45.86,0.1,-7.692307408082367,,,,,
cool_days,40766,Kermanshah,34.352,47.153,0.1,-4.999999995408676,,,,,
cool_days,40768,Hamedan (Airport),34.85,48.53,0.1,-9.999999979423938,,,,,
cool_days,40769,Arak,34.07,49.78,0.1,-7.083315511023736,,,,,
cool_days,40770,Qom,34.774,50.855,0.1,-7.49999992344329,,,,,
cool_days,40771,Kangavar,34.5,47.98,0.1,-9.047619304610798,,,,,
cool_days,40772,Qorveh,35.18,47.786,0.1,-10.952382494025349,,,,,
cool_days,40774,Borujerd,33.915,48.758,0.1,-6.000000194444523,,,,,
cool_days,40778,Gonabad,34.35,58.683,0.1,-11.250000984987958,,,,,
cool_days,40779,Eslamabad-E-Gharb,34.12,46.47,0.1,-2.857143004533019,,,,,
cool_days,40780,Ilam,33.588,46.398,0.1,-4.66666679506159,,,,,
cool_days,40782,Khorramabad,33.433,48.295,0.1,-8.333333317901214,,,,,
cool_days,40783,Aligudarz,33.408,49.703,0.1,-3.636364668342933,,,,,
cool_days,40785,Kashan,33.967,51.48,0.1,-6.818179783786421,,,,,
cool_days,40787,Daran,32.988,50.407,0.1,-4.999991173104991,,,,,
cool_days,40789,Khur-Va-Biabanak,33.77,55.081,0.1,-6.666666975308417,,,,,
cool_days,40790,Robat-E-Poshtebadam,33.012,55.558,0.1,-3.6363621246934,,,,,
cool_days,40791,Tabas,33.6,56.95,0.1,-6.470590219370784,,,,,
cool_days,40792,Ferdows,34.031,58.184,0.1,-3.333333375771815,,,,,
cool_days,40793,Qaen,33.74,59.176,0.1,-8.400022683303746,,,,,
cool_days,40794,Safiabad (Dezful),32.253,48.433,0.1,-2.727281865811505,,,,,
cool_days,40796,Dehloran,32.681,47.281,0.1,-10.000000140541282,,,,,
cool_days,40797,Kuhrang,32.458,50.125,0.1,-6.6666688908528,,,,,
cool_days,40798,Shahrekord,32.293,50.84,0.1,-6.50000005000008,,,,,
cool_days,40799,Ardestan,33.355,52.376,0.1,-8.333333240736534,,,,,
cool_days,40800,Esfahan,32.518,51.707,0.1,-6.818181795224958,,,,,
cool_days,40801,Naein,32.851,53.079,0.1,-7.142856757368663,,,,,
cool_days,40802,Esfahan (Airport),32.493,51.863,0.1,-7.222221934203281,,,,,
cool_days,40803,Kabutarabad,32.515,51.834,0.1,-5.909111612825972,,,,,
cool_days,40809,Birjand,32.9,59.25,0.1,-6.666666954416331,,,,,
cool_days,40810,Bostan,31.708,48.01,0.1,-4.285715056697932,,,,,
cool_days,40811,Ahvaz,31.344,48.744,0.1,-3.636372823943096,,,,,
cool_days,40812,Masjedsoleyman,31.983,49.241,0.1,-3.000000080759414,,,,,
cool_days,40813,Ramhormoz,31.273,49.596,0.1,-2.857143628123616,,,,,
cool_days,40818,Abadeh,31.198,52.617,0.1,0.9090904119021928,,,,,
cool_days,40821,Yazd,31.9,54.28,0.1,-1.578947899236931,,,,,
cool_days,40827,Nehbandan,31.53,60.03,0.1,-4.28571418367304,,,,,
cool_days,40829,Zabol,31.089,61.543,0.1,-4.761900297544488,,,,,
cool_days,40831,Abadan,30.37,48.22,0.1,-6.6666676487113925,,,,,
cool_days,40832,Bandar-E- Mahshahr,30.546,49.159,0.1,-7.222209118753063,,,,,
cool_days,40833,Omidiyeh (Aghajari),30.743,49.688,0.1,-6.470588242983832,,,,,
cool_days,40835,Dogonbadan,30.346,50.819,0.1,-9.374995907752185,,,,,
cool_days,40836,Yasuj,30.699,51.555,0.1,-5.71428420347202,,,,,
cool_days,40839,Anar,30.88,55.25,0.1,-4.210528426910456,,,,,
cool_days,40841,Kerman,30.252,56.965,0.1,3.857935832118475e-09,,,,,
cool_days,40844,Dorudzan,30.183,52.465,0.1,-3.181823474932023,,,,,
cool_days,40847,Zarqan,29.778,52.704,0.1,-5.500001774423449,,,,,
cool_days,40848,Shiraz,29.545,52.603,0.1,-5.000000038889101,,,,,
cool_days,40849,Shahrebabak,30.146,55.107,0.1,-4.452155947037876e-06,,,,,
cool_days,40851,Sirjan,29.471,55.661,0.1,-0.8333335223765037,,,,,
cool_days,40853,Baft,29.239,56.58,0.1,-3.80946824970024,,,,,
cool_days,40854,Bam,29.08,58.35,0.1,-7.000000349366483,,,,,
cool_days,40856,Zahedan,29.472,60.9,0.1,-4.999991779630386,,,,,
cool_days,40857,Bushehr (Coastal),28.904,50.821,0.1,-6.666666795061718,,,,,
cool_days,40858,Bushehr (Airport),28.96,50.82,0.1,-0.9523788903276308,,,,,
cool_days,40859,Fasa,28.899,53.719,0.1,-2.5000006816727423,,,,,
cool_days,40870,Khash,28.22,61.19,0.1,-3.3333329060670187,,,,,
cool_days,40873,Lar,27.67,54.375,0.1,-4.70586970441788,,,,,
cool_days,40875,Bandarabbas,27.215,56.373,0.1,-6.922961022177126,,,,,
cool_days,40876,Minab,27.107,57.089,0.1,-9.374958111857108,,,,,
cool_days,40877,Kahnuj,27.994,57.713,0.1,9.20457696839277e-08,,,,,
cool_days,40878,Saravan,27.39,62.319,0.1,-4.70576598101421,,,,,
cool_days,40879,Iranshahr,27.23,60.718,0.1,-8.043977453649597e-07,,,,,
cool_days,40882,Kish Island,26.522,53.982,0.1,-7.8571460308434755,,,,,
cool_days,40883,Bandar-E-Lengeh,26.528,54.828,0.1,-7.36842307377317,,,,,
cool_days,40889,Siri Island,25.898,54.551,0.1,-7.391300231727016,,,,,
cool_days,40890,Abumusa Island,25.874,55.013,0.1,-7.500000018408591,,,,,
cool_days,40893,Jask,25.638,57.77,0.1,-7.037041755598769,,,,,
cool_days,40898,Chahbahar,25.281,60.651,0.1,-4.166663452076941,,,,,
cool_days,88187,Jam,27.816,52.356,0.1,-5.454537203047348,,,,,
cool_days,99331,Tehran (Geophysic),35.747,51.387,0.1,-11.666666618655588,,,,,
cool_days,99407,Boshruyeh,33.85,57.42,0.1,-7.499997573058183,,,,,
cool_days,99421,Natanz,33.49,51.931,0.1,-9.52380799817156,,,,,
cool_days,99459,Borujen,31.979,51.299,0.1,-6.1290332364988656,,,,,
cool_days,99623,Zahak,30.9,61.683,0.1,-4.297558131244869e-06,,,,,
cool_nights,19996,Bahookalat,25.7,61.417,0.1,-6.363633207315874,,,,,
cool_nights,40700,Parsabad,39.608,47.877,0.1,1.1021147267837853e-07,,,,,
cool_nights,40701,Maku,39.379,44.392,0.1,-9.166666732252889,,,,,
cool_nights,40702,Jolfa,38.932,45.607,0.1,-4.999997542706264,,,,,
cool_nights,40703,Khoy,38.56,44.99,0.1,-8.571433517372594,,,,,
cool_nights,40704,Ahar,38.433,47.067,0.1,-3.74999995659874,,,,,
cool_nights,40706,Tabriz,38.122,46.234,0.1,-3.888886093487829,,,,,
cool_nights,40708,Ardebil,38.219,48.329,0.1,-7.499999956597113,,,,,
cool_nights,40709,Astara,38.365,48.855,0.1,-1.9230767725902649,,,,,
cool_nights,40710,Sarab,37.935,47.508,0.1,-4.00000011111112,,,,,
cool_nights,40712,Orumiyeh,37.658,45.056,0.1,0.9090917099631493,,,,,
cool_nights,40713,Maragheh-Synoptic,37.348,46.146,0.1,-6.999999350498423,,,,,
cool_nights,40716,Mianeh,37.421,47.732,0.1,-7.692307508218404,,,,,
cool_nights,40717,Khalkhal,37.609,48.538,0.1,-9.375000746098785,,,,,
cool_nights,40718,Bandar-E-Anzali,37.48,49.458,0.1,-2.3999882164362454,,,,,
cool_nights,40719,Rasht,37.323,49.624,0.1,-6.923076357659244,,,,,
cool_nights,40723,Bojnurd,37.488,57.303,0.1,-3.4999998969776227,,,,,
cool_nights,40724,Piranshahr,36.698,45.147,0.1,-7.272727402764083,,,,,
cool_nights,40726,Mahabad,36.753,45.715,0.1,-3.333319256914595,,,,,
cool_nights,40727,Saqez,36.221,46.311,0.1,-9.999998463927923,,,,,
cool_nights,40728,Takab,36.39,47.1,0.1,-7.692307758054182,,,,,
cool_nights,40729,Zanjan,36.66,48.522,0.1,-9.411766227167591,,,,,
cool_nights,40730,Khorramdareh,36.195,49.211,0.1,-9.166667579978505,,,,,
cool_nights,40731,Qazvin,36.245,50.045,0.1,-7.499999611116665,,,,,
cool_nights,40732,Ramsar,36.905,50.684,0.1,-8.50000001666692,,,,,
cool_nights,40734,Nowshahr,36.661,51.466,0.1,-9.99999116199512,,,,,
cool_nights,40736,Babolsar,36.699,52.643,0.1,-9.000011537660331,,,,,
cool_nights,40737,Gharakhil,36.487,52.108,0.1,-6.499999832934719,,,,,
cool_nights,40738,Gorgan,36.905,54.413,0.1,7.777777702331887,,,,,
cool_nights,40739,Shahrud,36.38,54.929,0.1,-1.5789468462517415,,,,,
cool_nights,40740,Quchan,37.117,58.45,0.1,11.739129835067724,,,,,
cool_nights,40741,Sarakhs,36.537,61.149,0.1,-7.142865179845026,,,,,
cool_nights,40742,Biyarjomand,36.086,55.805,0.1,-7.3333341167422255,,,,,
cool_nights,40743,Sabzevar,36.207,57.649,0.1,-0.8333337152777681,,,,,
cool_nights,40744,Golmakan,36.483,59.283,0.1,-7.142856126808378,,,,,
cool_nights,40745,Mashhad,36.236,59.631,0.1,-8.42105218355678,,,,,
cool_nights,40746,Neyshabur,36.267,58.8,0.1,-3.333327754893792,,,,,
cool_nights,40747,Sanandaj,35.255,47.015,0.1,-11.666666917134648,,,,,
cool_nights,40748,Bijar,35.886,47.621,0.1,-8.235294057165177,,,,,
cool_nights,40749,Zarrineh,36.06,46.914,0.1,-6.3635388165401,,,,,
cool_nights,40751,Tehran (Shemiran),35.799,51.485,0.1,-8.235289931994522,,,,,
cool_nights,40752,Karaj,35.807,50.954,0.1,-6.956522161890994,,,,,
cool_nights,40754,Tehran (Mehrabad Airport),35.693,51.309,0.1,-5.789474398610074,,,,,
cool_nights,40755,Abali,35.771,51.987,0.1,-3.6666727950427385,,,,,
cool_nights,40757,Semnan,35.588,53.422,0.1,-2.631579039704557,,,,,
cool_nights,40758,Garmsar,35.243,52.36,0.1,-26.3636361616161,,,,,
cool_nights,40762,Torbat-E Heydariyeh,35.332,59.206,0.1,-6.666666898028782,,,,,
cool_nights,40763,Kashmar,35.271,58.473,0.1,-7.499999663085841,,,,,
cool_nights,40764,Ravansar,34.71,46.65,0.1,-5.000000416657478,,,,,
cool_nights,40765,Sarpol-E-Zahab,34.45,45.86,0.1,-14.210356674238325,,,,,
cool_nights,40766,Kermanshah,34.352,47.153,0.1,-8.947366855662517,,,,,
cool_nights,40768,Hamedan (Airport),34.85,48.53,0.1,-1.818181795224974,,,,,
cool_nights,40769,Arak,34.07,49.78,0.1,-6.818181887052416,,,,,
cool_nights,40770,Qom,34.774,50.855,0.1,-6.666666632373097,,,,,
cool_nights,40771,Kangavar,34.5,47.98,0.1,-11.428571584782356,,,,,
cool_nights,40772,Qorveh,35.18,47.786,0.1,-11.578947508551108,,,,,
cool_nights,40774,Borujerd,33.915,48.758,0.1,-10.909090932048166,,,,,
cool_nights,40778,Gonabad,34.35,58.683,0.1,-0.8333335030863707,,,,,
cool_nights,40779,Eslamabad-E-Gharb,34.12,46.47,0.1,-10.99997633227272,,,,,
cool_nights,40780,Ilam,33.588,46.398,0.1,3.750000043402944,,,,,
cool_nights,40782,Khorramabad,33.433,48.295,0.1,-6.428571249231326,,,,,
cool_nights,40783,Aligudarz,33.408,49.703,0.1,-7.894733119198409,,,,,
cool_nights,40785,Kashan,33.967,51.48,0.1,-6.499996649992042,,,,,
cool_nights,40787,Daran,32.988,50.407,0.1,-7.000002180750427,,,,,
cool_nights,40789,Khur-Va-Biabanak,33.77,55.081,0.1,-9.999999328382984,,,,,
cool_nights,40790,Robat-E-Poshtebadam,33.012,55.558,0.1,-1.3842412433285656e-06,,,,,
cool_nights,40791,Tabas,33.6,56.95,0.1,-4.545455036730381,,,,,
cool_nights,40792,Ferdows,34.031,58.184,0.1,-8.888928301191603,,,,,
cool_nights,40793,Qaen,33.74,59.176,0.1,-7.500000304783442,,,,,
cool_nights,40794,Safiabad (Dezful),32.253,48.433,0.1,-11.11111249641334,,,,,
cool_nights,40796,Dehloran,32.681,47.281,0.1,-7.999998298468668,,,,,
cool_nights,40797,Kuhrang,32.458,50.125,0.1,-4.736840241854506,,,,,
cool_nights,40798,Shahrekord,32.293,50.84,0.1,4.782608876286214,,,,,
cool_nights,40799,Ardestan,33.355,52.376,0.1,-8.21428288859107,,,,,
cool_nights,40800,Esfahan,32.518,51.707,0.1,0.3333389826612069,,,,,
cool_nights,40801,Naein,32.851,53.079,0.1,-7.916665278905365,,,,,
cool_nights,40802,Esfahan (Airport),32.493,51.863,0.1,8.75000052951899,,,,,
cool_nights,40803,Kabutarabad,32.515,51.834,0.1,-7.333328002853516,,,,,
cool_nights,40809,Birjand,32.9,59.25,0.1,-5.263964634074235e-05,,,,,
cool_nights,40810,Bostan,31.708,48.01,0.1,-13.529411849288726,,,,,
cool_nights,40811,Ahvaz,31.344,48.744,0.1,-4.21052649430601,,,,,
cool_nights,40812,Masjedsoleyman,31.983,49.241,0.1,-6.111102280683594,,,,,
cool_nights,40813,Ramhormoz,31.273,49.596,0.1,-7.999996971101066,,,,,
cool_nights,40818,Abadeh,31.198,52.617,0.1,-8.999990951313677,,,,,
cool_nights,40821,Yazd,31.9,54.28,0.1,-7.692307968172304,,,,,
cool_nights,40827,Nehbandan,31.53,60.03,0.1,-1.6666740568340503,,,,,
cool_nights,40829,Zabol,31.089,61.543,0.1,-6.666661290289705,,,,,
cool_nights,40831,Abadan,30.37,48.22,0.1,-10.800000337777522,,,,,
cool_nights,40832,Bandar-E- Mahshahr,30.546,49.159,0.1,-13.57142751407886,,,,,
cool_nights,40833,Omidiyeh (Aghajari),30.743,49.688,0.1,-16.250000069444493,,,,,
cool_nights,40835,Dogonbadan,30.346,50.819,0.1,-7.272726365571756,,,,,
cool_nights,40836,Yasuj,30.699,51.555,0.1,4.374999887152386,,,,,
cool_nights,40839,Anar,30.88,55.25,0.1,-7.999999769716728,,,,,
cool_nights,40841,Kerman,30.252,56.965,0.1,-7.500001863335135,,,,,
cool_nights,40844,Dorudzan,30.183,52.465,0.1,6.315789233604592,,,,,
cool_nights,40847,Zarqan,29.778,52.704,0.1,-10.833331543684311,,,,,
cool_nights,40848,Shiraz,29.545,52.603,0.1,7.826086935517592,,,,,
cool_nights,40849,Shahrebabak,30.146,55.107,0.1,-3.846154187528808,,,,,
cool_nights,40851,Sirjan,29.471,55.661,0.1,-6.666668599171242,,,,,
cool_nights,40853,Baft,29.239,56.58,0.1,-10.43479149608308,,,,,
cool_nights,40854,Bam,29.08,58.35,0.1,-9.54545430503756,,,,,
cool_nights,40856,Zahedan,29.472,60.9,0.1,-5.384615555555129,,,,,
cool_nights,40857,Bushehr (Coastal),28.904,50.821,0.1,-6.363631548094655,,,,,
cool_nights,40858,Bushehr (Airport),28.96,50.82,0.1,-7.619047513227521,,,,,
cool_nights,40859,Fasa,28.899,53.719,0.1,-13.333304674113204,,,,,
cool_nights,40870,Khash,28.22,61.19,0.1,-16.25000302138922,,,,,
cool_nights,40873,Lar,27.67,54.375,0.1,-6.842107480377503,,,,,
cool_nights,40875,Bandarabbas,27.215,56.373,0.1,-5.0000003186690325,,,,,
cool_nights,40876,Minab,27.107,57.089,0.1,-8.095239918515935,,,,,
cool_nights,40877,Kahnuj,27.994,57.713,0.1,-1.6000001244440538,,,,,
cool_nights,40878,Saravan,27.39,62.319,0.1,-6.666661039077556,,,,,
cool_nights,40879,Iranshahr,27.23,60.718,0.1,-1.2000005731314405,,,,,
cool_nights,40882,Kish Island,26.522,53.982,0.1,-0.9090817549427316,,,,,
cool_nights,40883,Bandar-E-Lengeh,26.528,54.828,0.1,-2.941176527958857,,,,,
cool_nights,40889,Siri Island,25.898,54.551,0.1,-5.000000222435429,,,,,
cool_nights,40890,Abumusa Island,25.874,55.013,0.1,-3.125003161122873,,,,,
cool_nights,40893,Jask,25.638,57.77,0.1,-6.315792667305287,,,,,
cool_nights,40898,Chahbahar,25.281,60.651,0.1,-14.000002959110256,,,,,
cool_nights,88187,Jam,27.816,52.356,0.1,-9.545453239858457,,,,,
cool_nights,99331,Tehran (Geophysic),35.747,51.387,0.1,-1.746957255492961e-06,,,,,
cool_nights,99407,Boshruyeh,33.85,57.42,0.1,-8.695651737796467,,,,,
cool_nights,99421,Natanz,33.49,51.931,0.1,-5.882346932596714,,,,,
cool_nights,99459,Borujen,31.979,51.299,0.1,-14.66666523815628,,,,,
cool_nights,99623,Zahak,30.9,61.683,0.1,-4.090912809268682,,,,,
warm_days,19996,Bahookalat,25.7,61.417,0.1,-1.3043444359953982,,,,,
warm_days,40700,Parsabad,39.608,47.877,0.1,4.5833344419676125,,,,,
warm_days,40701,Maku,39.379,44.392,0.1,6.428576734295909,,,,,
warm_days,40702,Jolfa,38.932,45.607,0.1,12.105262159200011,,,,,
warm_days,40703,Khoy,38.56,44.99,0.1,11.05263444396301,,,,,
warm_days,40704,Ahar,38.433,47.067,0.1,6.875000359322222,,,,,
warm_days,40706,Tabriz,38.122,46.234,0.1,8.518518436213954,,,,,
warm_days,40708,Ardebil,38.219,48.329,0.1,8.437500394518732,,,,,
warm_days,40709,Astara,38.365,48.855,0.1,7.4999970668667535,,,,,
warm_days,40710,Sarab,37.935,47.508,0.1,8.928570777627614,,,,,
warm_days,40712,Orumiyeh,37.658,45.056,0.1,9.99999846879756,,,,,
warm_days,40713,Maragheh-Synoptic,37.348,46.146,0.1,10.625000373452828,,,,,
warm_days,40716,Mianeh,37.421,47.732,0.1,9.411770127000311,,,,,
warm_days,40717,Khalkhal,37.609,48.538,0.1,9.3334669682708,,,,,
warm_days,40718,Bandar-E-Anzali,37.48,49.458,0.1,6.666667068082136,,,,,
warm_days,40719,Rasht,37.323,49.624,0.1,4.99999885414191,,,,,
warm_days,40723,Bojnurd,37.488,57.303,0.1,4.615384681130807,,,,,
warm_days,40724,Piranshahr,36.698,45.147,0.1,10.869566726244187,,,,,
warm_days,40726,Mahabad,36.753,45.715,0.1,11.05264012334682,,,,,
warm_days,40727,Saqez,36.221,46.311,0.1,11.93548187312221,,,,,
warm_days,40728,Takab,36.39,47.1,0.1,10.967741586311046,,,,,
warm_days,40729,Zanjan,36.66,48.522,0.1,9.473683228365212,,,,,
warm_days,40730,Khorramdareh,36.195,49.211,0.1,8.999999638888916,,,,,
warm_days,40731,Qazvin,36.245,50.045,0.1,10.76921543564988,,,,,
warm_days,40732,Ramsar,36.905,50.684,0.1,9.999999987080136,,,,,
warm_days,40734,Nowshahr,36.661,51.466,0.1,7.500000488176562,,,,,
warm_days,40736,Babolsar,36.699,52.643,0.1,4.500000050000892,,,,,
warm_days,40737,Gharakhil,36.487,52.108,0.1,7.500001754674947,,,,,
warm_days,40738,Gorgan,36.905,54.413,0.1,8.518516091112398,,,,,
warm_days,40739,Shahrud,36.38,54.929,0.1,4.615389049055192,,,,,
warm_days,40740,Quchan,37.117,58.45,0.1,6.296294700023265,,,,,
warm_days,40741,Sarakhs,36.537,61.149,0.1,7.037038593053533,,,,,
warm_days,40742,Biyarjomand,36.086,55.805,0.1,3.5294119838529974,,,,,
warm_days,40743,Sabzevar,36.207,57.649,0.1,7.49999745755817,,,,,
warm_days,40744,Golmakan,36.483,59.283,0.1,9.999999716289585,,,,,
warm_days,40745,Mashhad,36.236,59.631,0.1,4.848483242741478,,,,,
warm_days,40746,Neyshabur,36.267,58.8,0.1,5.555555589864139,,,,,
warm_days,40747,Sanandaj,35.255,47.015,0.1,10.714285498811543,,,,,
warm_days,40748,Bijar,35.886,47.621,0.1,9.333334450042717,,,,,
warm_days,40749,Zarrineh,36.06,46.914,0.1,7.857142641719588,,,,,
warm_days,40751,Tehran (Shemiran),35.799,51.485,0.1,12.941174996115745,,,,,
warm_days,40752,Karaj,35.807,50.954,0.1,10.38461177296233,,,,,
warm_days,40754,Tehran (Mehrabad Airport),35.693,51.309,0.1,6.9999999580246826,,,,,
warm_days,40755,Abali,35.771,51.987,0.1,11.538457863453456,,,,,
warm_days,40757,Semnan,35.588,53.422,0.1,8.46153843195241,,,,,
warm_days,40758,Garmsar,35.243,52.36,0.1,4.44444439262291,,,,,
warm_days,40762,Torbat-E Heydariyeh,35.332,59.206,0.1,9.999999856729216,,,,,
warm_days,40763,Kashmar,35.271,58.473,0.1,6.36363640036702,,,,,
warm_days,40764,Ravansar,34.71,46.65,0.1,7.368424629617316,,,,,
warm_days,40765,Sarpol-E-Zahab,34.45,45.86,0.1,10.624979199237572,,,,,
warm_days,40766,Kermanshah,34.352,47.153,0.1,6.842105232379657,,,,,
warm_days,40768,Hamedan (Airport),34.85,48.53,0.1,8.947368180977845,,,,,
warm_days,40769,Arak,34.07,49.78,0.1,11.07142889348386,,,,,
warm_days,40770,Qom,34.774,50.855,0.1,9.166666929012475,,,,,
warm_days,40771,Kangavar,34.5,47.98,0.1,8.928573298273806,,,,,
warm_days,40772,Qorveh,35.18,47.786,0.1,8.235294155322125,,,,,
warm_days,40774,Borujerd,33.915,48.758,0.1,9.642857985423332,,,,,
warm_days,40778,Gonabad,34.35,58.683,0.1,2.96296200176063,,,,,
warm_days,40779,Eslamabad-E-Gharb,34.12,46.47,0.1,7.500010208301274,,,,,
warm_days,40780,Ilam,33.588,46.398,0.1,13.000001755117768,,,,,
warm_days,40782,Khorramabad,33.433,48.295,0.1,11.999999933331472,,,,,
warm_days,40783,Aligudarz,33.408,49.703,0.1,8.63636371142909,,,,,
warm_days,40785,Kashan,33.967,51.48,0.1,8.000018460299408,,,,,
warm_days,40787,Daran,32.988,50.407,0.1,6.666668148632737,,,,,
warm_days,40789,Khur-Va-Biabanak,33.77,55.081,0.1,9.999999891652129,,,,,
warm_days,40790,Robat-E-Poshtebadam,33.012,55.558,0.1,8.928568209293934,,,,,
warm_days,40791,Tabas,33.6,56.95,0.1,10.740735847672305,,,,,
warm_days,40792,Ferdows,34.031,58.184,0.1,4.285714290754464,,,,,
warm_days,40793,Qaen,33.74,59.176,0.1,11.111111077579624,,,,,
warm_days,40794,Safiabad (Dezful),32.253,48.433,0.1,9.49999990555604,,,,,
warm_days,40796,Dehloran,32.681,47.281,0.1,10.000000023068678,,,,,
warm_days,40797,Kuhrang,32.458,50.125,0.1,6.666666558641762,,,,,
warm_days,40798,Shahrekord,32.293,50.84,0.1,6.818183058375416,,,,,
warm_days,40799,Ardestan,33.355,52.376,0.1,8.148142742662941,,,,,
warm_days,40800,Esfahan,32.518,51.707,0.1,7.894736756452887,,,,,
warm_days,40801,Naein,32.851,53.079,0.1,8.518512983366278,,,,,
warm_days,40802,Esfahan (Airport),32.493,51.863,0.1,6.666666671705973,,,,,
warm_days,40803,Kabutarabad,32.515,51.834,0.1,8.750000450363835,,,,,
warm_days,40809,Birjand,32.9,59.25,0.1,7.142857100340262,,,,,
warm_days,40810,Bostan,31.708,48.01,0.1,7.692307626560982,,,,,
warm_days,40811,Ahvaz,31.344,48.744,0.1,8.82352771843301,,,,,
warm_days,40812,Masjedsoleyman,31.983,49.241,0.1,12.857142962962914,,,,,
warm_days,40813,Ramhormoz,31.273,49.596,0.1,11.48148150253528,,,,,
warm_days,40818,Abadeh,31.198,52.617,0.1,7.499928952800188,,,,,
warm_days,40821,Yazd,31.9,54.28,0.1,7.999999805554084,,,,,
warm_days,40827,Nehbandan,31.53,60.03,0.1,7.692307836949886,,,,,
warm_days,40829,Zabol,31.089,61.543,0.1,9.000000391685782,,,,,
warm_days,40831,Abadan,30.37,48.22,0.1,10.74073977428182,,,,,
warm_days,40832,Bandar-E- Mahshahr,30.546,49.159,0.1,9.16667115442083,,,,,
warm_days,40833,Omidiyeh (Aghajari),30.743,49.688,0.1,10.000000668010893,,,,,
warm_days,40835,Dogonbadan,30.346,50.819,0.1,14.999997338094916,,,,,
warm_days,40836,Yasuj,30.699,51.555,0.1,9.374998630910977,,,,,
warm_days,40839,Anar,30.88,55.25,0.1,8.46153843195256,,,,,
warm_days,40841,Kerman,30.252,56.965,0.1,6.999999645040491,,,,,
warm_days,40844,Dorudzan,30.183,52.465,0.1,12.14285507972591,,,,,
warm_days,40847,Zarqan,29.778,52.704,0.1,11.176470519031144,,,,,
warm_days,40848,Shiraz,29.545,52.603,0.1,9.5238066725552,,,,,
warm_days,40849,Shahrebabak,30.146,55.107,0.1,9.374928925394403,,,,,
warm_days,40851,Sirjan,29.471,55.661,0.1,8.799995344577638,,,,,
warm_days,40853,Baft,29.239,56.58,0.1,7.500000268343326,,,,,
warm_days,40854,Bam,29.08,58.35,0.1,9.999999922429764,,,,,
warm_days,40856,Zahedan,29.472,60.9,0.1,5.909090876951151,,,,,
warm_days,40857,Bushehr (Coastal),28.904,50.821,0.1,9.444448935016478,,,,,
warm_days,40858,Bushehr (Airport),28.96,50.82,0.1,4.5454500818077,,,,,
warm_days,40859,Fasa,28.899,53.719,0.1,7.142864316599027,,,,,
warm_days,40870,Khash,28.22,61.19,0.1,2.999998278043621,,,,,
warm_days,40873,Lar,27.67,54.375,0.1,10.000005161066932,,,,,
warm_days,40875,Bandarabbas,27.215,56.373,0.1,5.0000000793652974,,,,,
warm_days,40876,Minab,27.107,57.089,0.1,8.750000142286286,,,,,
warm_days,40877,Kahnuj,27.994,57.713,0.1,2.608699995903536,,,,,
warm_days,40878,Saravan,27.39,62.319,0.1,3.500058125161348,,,,,
warm_days,40879,Iranshahr,27.23,60.718,0.1,7.499999548592234,,,,,
warm_days,40882,Kish Island,26.522,53.982,0.1,9.999998792537692,,,,,
warm_days,40883,Bandar-E-Lengeh,26.528,54.828,0.1,9.999999318105347,,,,,
warm_days,40889,Siri Island,25.898,54.551,0.1,6.250009216298547,,,,,
warm_days,40890,Abumusa Island,25.874,55.013,0.1,5.000000535631428,,,,,
warm_days,40893,Jask,25.638,57.77,0.1,1.8518685370950247,,,,,
warm_days,40898,Chahbahar,25.281,60.651,0.1,6.666665344399322,,,,,
warm_days,88187,Jam,27.816,52.356,0.1,9.200008990946015,,,,,
warm_days,99331,Tehran (Geophysic),35.747,51.387,0.1,11.874999756865243,,,,,
warm_days,99407,Boshruyeh,33.85,57.42,0.1,5.357142842970526,,,,,
warm_days,99421,Natanz,33.49,51.931,0.1,8.333332225108693,,,,,
warm_days,99459,Borujen,31.979,51.299,0.1,5.999999733330134,,,,,
warm_days,99623,Zahak,30.9,61.683,0.1,7.333331731915595,,,,,
warm_nights,19996,Bahookalat,25.7,61.417,0.1,6.000004046889463,,,,,
warm_nights,40700,Parsabad,39.608,47.877,0.1,10.000003027405011,,,,,
warm_nights,40701,Maku,39.379,44.392,0.1,8.23529581381563,,,,,
warm_nights,40702,Jolfa,38.932,45.607,0.1,11.538415774460454,,,,,
warm_nights,40703,Khoy,38.56,44.99,0.1,12.999997873410544,,,,,
warm_nights,40704,Ahar,38.433,47.067,0.1,5.882353090069574,,,,,
warm_nights,40706,Tabriz,38.122,46.234,0.1,9.545454281542169,,,,,
warm_nights,40708,Ardebil,38.219,48.329,0.1,10.00000222227636,,,,,
warm_nights,40709,Astara,38.365,48.855,0.1,10.000002748790177,,,,,
warm_nights,40710,Sarab,37.935,47.508,0.1,8.399999120969367,,,,,
warm_nights,40712,Orumiyeh,37.658,45.056,0.1,8.928571374716576,,,,,
warm_nights,40713,Maragheh-Synoptic,37.348,46.146,0.1,10.66666705357486,,,,,
warm_nights,40716,Mianeh,37.421,47.732,0.1,10.000000272651212,,,,,
warm_nights,40717,Khalkhal,37.609,48.538,0.1,7.500003416266576,,,,,
warm_nights,40718,Bandar-E-Anzali,37.48,49.458,0.1,12.258062174295487,,,,,
warm_nights,40719,Rasht,37.323,49.624,0.1,11.42857121315248,,,,,
warm_nights,40723,Bojnurd,37.488,57.303,0.1,6.296298496711697,,,,,
warm_nights,40724,Piranshahr,36.698,45.147,0.1,11.875003670408049,,,,,
warm_nights,40726,Mahabad,36.753,45.715,0.1,9.230769095989892,,,,,
warm_nights,40727,Saqez,36.221,46.311,0.1,10.714285837713774,,,,,
warm_nights,40728,Takab,36.39,47.1,0.1,7.499999764739535,,,,,
warm_nights,40729,Zanjan,36.66,48.522,0.1,7.407407447035741,,,,,
warm_nights,40730,Khorramdareh,36.195,49.211,0.1,8.399998400963277,,,,,
warm_nights,40731,Qazvin,36.245,50.045,0.1,5.925925904587659,,,,,
warm_nights,40732,Ramsar,36.905,50.684,0.1,11.666666714677833,,,,,
warm_nights,40734,Nowshahr,36.661,51.466,0.1,9.523809791454036,,,,,
warm_nights,40736,Babolsar,36.699,52.643,0.1,10.6250002914629,,,,,
warm_nights,40737,Gharakhil,36.487,52.108,0.1,6.451612515898676,,,,,
warm_nights,40738,Gorgan,36.905,54.413,0.1,5.625000116537212,,,,,
warm_nights,40739,Shahrud,36.38,54.929,0.1,5.38461960867117,,,,,
warm_nights,40740,Quchan,37.117,58.45,0.1,-3.8528249608540773e-07,,,,,
warm_nights,40741,Sarakhs,36.537,61.149,0.1,5.000000078126552,,,,,
warm_nights,40742,Biyarjomand,36.086,55.805,0.1,7.499999810194938,,,,,
warm_nights,40743,Sabzevar,36.207,57.649,0.1,8.571429795919563,,,,,
warm_nights,40744,Golmakan,36.483,59.283,0.1,6.499999412723507,,,,,
warm_nights,40745,Mashhad,36.236,59.631,0.1,9.33333332345698,,,,,
warm_nights,40746,Neyshabur,36.267,58.8,0.1,5.500000016666744,,,,,
warm_nights,40747,Sanandaj,35.255,47.015,0.1,8.235292665613121,,,,,
warm_nights,40748,Bijar,35.886,47.621,0.1,7.999998981580687,,,,,
warm_nights,40749,Zarrineh,36.06,46.914,0.1,8.51851846669714,,,,,
warm_nights,40751,Tehran (Shemiran),35.799,51.485,0.1,1.7857136348948213,,,,,
warm_nights,40752,Karaj,35.807,50.954,0.1,7.307696486946755,,,,,
warm_nights,40754,Tehran (Mehrabad Airport),35.693,51.309,0.1,5.454545422405994,,,,,
warm_nights,40755,Abali,35.771,51.987,0.1,4.999998752580193,,,,,
warm_nights,40757,Semnan,35.588,53.422,0.1,5.357142831632652,,,,,
warm_nights,40758,Garmsar,35.243,52.36,0.1,14.761911804366772,,,,,
warm_nights,40762,Torbat-E Heydariyeh,35.332,59.206,0.1,4.00000099016505,,,,,
warm_nights,40763,Kashmar,35.271,58.473,0.1,4.090909058769597,,,,,
warm_nights,40764,Ravansar,34.71,46.65,0.1,10.909083860863731,,,,,
warm_nights,40765,Sarpol-E-Zahab,34.45,45.86,0.1,10.952381158982272,,,,,
warm_nights,40766,Kermanshah,34.352,47.153,0.1,8.799999555555573,,,,,
warm_nights,40768,Hamedan (Airport),34.85,48.53,0.1,4.615380809521569,,,,,
warm_nights,40769,Arak,34.07,49.78,0.1,6.428571394558177,,,,,
warm_nights,40770,Qom,34.774,50.855,0.1,8.33336213765899,,,,,
warm_nights,40771,Kangavar,34.5,47.98,0.1,4.166667505948859,,,,,
warm_nights,40772,Qorveh,35.18,47.786,0.1,10.38461530900678,,,,,
warm_nights,40774,Borujerd,33.915,48.758,0.1,12.857142800454886,,,,,
warm_nights,40778,Gonabad,34.35,58.683,0.1,6.666667345244724,,,,,
warm_nights,40779,Eslamabad-E-Gharb,34.12,46.47,0.1,11.000027718787264,,,,,
warm_nights,40780,Ilam,33.588,46.398,0.1,1.1111108573502633,,,,,
warm_nights,40782,Khorramabad,33.433,48.295,0.1,9.999993763259775,,,,,
warm_nights,40783,Aligudarz,33.408,49.703,0.1,8.66666655802468,,,,,
warm_nights,40785,Kashan,33.967,51.48,0.1,8.00000163721588,,,,,
warm_nights,40787,Daran,32.988,50.407,0.1,7.619046621525932,,,,,
warm_nights,40789,Khur-Va-Biabanak,33.77,55.081,0.1,10.00000027484208,,,,,
warm_nights,40790,Robat-E-Poshtebadam,33.012,55.558,0.1,4.0909091138660605,,,,,
warm_nights,40791,Tabas,33.6,56.95,0.1,9.62963118165008,,,,,
warm_nights,40792,Ferdows,34.031,58.184,0.1,8.18182079157285,,,,,
warm_nights,40793,Qaen,33.74,59.176,0.1,5.714285696469101,,,,,
warm_nights,40794,Safiabad (Dezful),32.253,48.433,0.1,9.999999133802714,,,,,
warm_nights,40796,Dehloran,32.681,47.281,0.1,7.692315955368445,,,,,
warm_nights,40797,Kuhrang,32.458,50.125,0.1,4.193555429474944,,,,,
warm_nights,40798,Shahrekord,32.293,50.84,0.1,-1.333334412088316,,,,,
warm_nights,40799,Ardestan,33.355,52.376,0.1,6.29629075041566,,,,,
warm_nights,40800,Esfahan,32.518,51.707,0.1,11.666664250741809,,,,,
warm_nights,40801,Naein,32.851,53.079,0.1,7.77777809300716,,,,,
warm_nights,40802,Esfahan (Airport),32.493,51.863,0.1,5.294117731641918,,,,,
warm_nights,40803,Kabutarabad,32.515,51.834,0.1,11.25000193926584,,,,,
warm_nights,40809,Birjand,32.9,59.25,0.1,2.222222187928991,,,,,
warm_nights,40810,Bostan,31.708,48.01,0.1,10.00000064163717,,,,,
warm_nights,40811,Ahvaz,31.344,48.744,0.1,15.294113886020892,,,,,
warm_nights,40812,Masjedsoleyman,31.983,49.241,0.1,10.476190269589347,,,,,
warm_nights,40813,Ramhormoz,31.273,49.596,0.1,14.090909104680897,,,,,
warm_nights,40818,Abadeh,31.198,52.617,0.1,9.000000820653565,,,,,
warm_nights,40821,Yazd,31.9,54.28,0.1,9.090910892256352,,,,,
warm_nights,40827,Nehbandan,31.53,60.03,0.1,4.285715916260879,,,,,
warm_nights,40829,Zabol,31.089,61.543,0.1,7.333333422222338,,,,,
warm_nights,40831,Abadan,30.37,48.22,0.1,16.190512649946104,,,,,
warm_nights,40832,Bandar-E- Mahshahr,30.546,49.159,0.1,11.333335657538052,,,,,
warm_nights,40833,Omidiyeh (Aghajari),30.743,49.688,0.1,7.333337839115527,,,,,
warm_nights,40835,Dogonbadan,30.346,50.819,0.1,6.666666666666658,,,,,
warm_nights,40836,Yasuj,30.699,51.555,0.1,3.6363816571688,,,,,
warm_nights,40839,Anar,30.88,55.25,0.1,8.421053870184517,,,,,
warm_nights,40841,Kerman,30.252,56.965,0.1,8.181818168045824,,,,,
warm_nights,40844,Dorudzan,30.183,52.465,0.1,1.1764686135342777,,,,,
warm_nights,40847,Zarqan,29.778,52.704,0.1,8.181818982377832,,,,,
warm_nights,40848,Shiraz,29.545,52.603,0.1,3.8461539250491215,,,,,
warm_nights,40849,Shahrebabak,30.146,55.107,0.1,4.230773910212914,,,,,
warm_nights,40851,Sirjan,29.471,55.661,0.1,7.894736577104896,,,,,
warm_nights,40853,Baft,29.239,56.58,0.1,13.04347803822728,,,,,
warm_nights,40854,Bam,29.08,58.35,0.1,10.000002396069258,,,,,
warm_nights,40856,Zahedan,29.472,60.9,0.1,4.000000649489455,,,,,
warm_nights,40857,Bushehr (Coastal),28.904,50.821,0.1,8.181818305785427,,,,,
warm_nights,40858,Bushehr (Airport),28.96,50.82,0.1,18.00001357806275,,,,,
warm_nights,40859,Fasa,28.899,53.719,0.1,8.888891854006557,,,,,
warm_nights,40870,Khash,28.22,61.19,0.1,5.833333528667894,,,,,
warm_nights,40873,Lar,27.67,54.375,0.1,6.999994320551149,,,,,
warm_nights,40875,Bandarabbas,27.215,56.373,0.1,7.307700429333962,,,,,
warm_nights,40876,Minab,27.107,57.089,0.1,7.999999111114769,,,,,
warm_nights,40877,Kahnuj,27.994,57.713,0.1,10.666671472662095,,,,,
warm_nights,40878,Saravan,27.39,62.319,0.1,4.482758728364712,,,,,
warm_nights,40879,Iranshahr,27.23,60.718,0.1,8.124999221334525,,,,,
warm_nights,40882,Kish Island,26.522,53.982,0.1,7.272729111014079,,,,,
warm_nights,40883,Bandar-E-Lengeh,26.528,54.828,0.1,3.6363664683112034,,,,,
warm_nights,40889,Siri Island,25.898,54.551,0.1,9.375046176554871,,,,,
warm_nights,40890,Abumusa Island,25.874,55.013,0.1,4.782618363051468,,,,,
warm_nights,40893,Jask,25.638,57.77,0.1,7.4999987724410335,,,,,
warm_nights,40898,Chahbahar,25.281,60.651,0.1,11.999999666666628,,,,,
warm_nights,88187,Jam,27.816,52.356,0.1,7.692423202660618,,,,,
warm_nights,99331,Tehran (Geophysic),35.747,51.387,0.1,0.7407468787738867,,,,,
warm_nights,99407,Boshruyeh,33.85,57.42,0.1,7.727272281910494,,,,,
warm_nights,99421,Natanz,33.49,51.931,0.1,8.823529630913155,,,,,
warm_nights,99459,Borujen,31.979,51.299,0.1,8.000000736016354,,,,,
warm_nights,99623,Zahak,30.9,61.683,0.1,4.666669822094323,,,,,
cool_days,19996,Bahookalat,25.7,61.417,0.5,-6.249997158467758,-16.986042448627558,4.4860481316920415,0.2538634594675049,0.2601575948262033,0.0
cool_days,40700,Parsabad,39.608,47.877,0.5,-2.2222237037056907,-8.38389496310429,3.939447555692909,0.47964142902835993,0.48354095284159865,0.0
cool_days,40701,Maku,39.379,44.392,0.5,-12.962963687658132,-22.391622264019556,-3.534305111296712,0.00704519738587428,0.012084820049363421,1.0
cool_days,40702,Jolfa,38.932,45.607,0.5,-4.444448034078141,-14.299077839888156,5.4101817717318745,0.37671673322515553,0.3828924173763876,0.0
cool_days,40703,Khoy,38.56,44.99,0.5,-10.000001468148811,-17.865067743380962,-2.1349351929166644,0.012701431898931803,0.01897563319840414,1.0
cool_days,40704,Ahar,38.433,47.067,0.5,-6.666666929392672,-11.50305967242243,-1.8302741863629135,0.006897804487802306,0.012046869809682899,1.0
cool_days,40706,Tabriz,38.122,46.234,0.5,-8.709677061866447,-15.724031278845398,-1.695322844887496,0.014944592392220457,0.020890502769897516,1.0
cool_days,40708,Ardebil,38.219,48.329,0.5,-7.500001250024589,-12.40553159518507,-2.5944709048641075,0.0027299221161258824,0.00583638521378637,1.0
cool_days,40709,Astara,38.365,48.855,0.5,-6.111110555553445,-12.913752477856892,0.6915313667500032,0.07828010553429321,0.09157295364389016,0.0
cool_days,40710,Sarab,37.935,47.508,0.5,-4.444444945961737,-10.31095462881526,1.4220647368917865,0.1375733930923808,0.15096549330491346,0.0
cool_days,40712,Orumiyeh,37.658,45.056,0.5,-9.99999897142465,-17.63235350119618,-2.367644441653119,0.010228284341079918,0.015658114299924815,1.0
cool_days,40713,Maragheh-Synoptic,37.348,46.146,0.5,-13.684212501676267,-20.08760170716063,-7.280823296191909,2.807152958150816e-05,0.00015134215948291356,1.0
cool_days,40716,Mianeh,37.421,47.732,0.5,-12.727267937305824,-19.700088080010016,-5.754447794601632,0.0003468617636754878,0.0010240680641847735,1.0
cool_days,40717,Khalkhal,37.609,48.538,0.5,-9.999998776822215,-14.834963253284924,-5.16503430035951,5.039147395180521e-05,0.00024994171080095385,1.0
cool_days,40718,Bandar-E-Anzali,37.48,49.458,0.5,-6.071436500259465,-14.150644980460488,2.0077719799415563,0.1407730161971572,0.1531215263898903,0.0
cool_days,40719,Rasht,37.323,49.624,0.5,-8.095235989238839,-14.563842147337304,-1.6266298311403735,0.014172078154859546,0.02043415920003004,1.0
cool_days,40723,Bojnurd,37.488,57.303,0.5,-7.692307218929137,-12.865402906070749,-2.5192115317875263,0.00356273201270918,0.00712546402541836,1.0
cool_days,40724,Piranshahr,36.698,45.147,0.5,-10.0000041705775,-16.65417881852889,-3.345829522626108,0.0032241172906468663,0.006663175734003523,1.0
cool_days,40726,Mahabad,36.753,45.715,0.5,-9.047625360729496,-17.14935662207065,-0.945894099388342,0.028608899791386477,0.03734214288559919,1.0
cool_days,40727,Saqez,36.221,46.311,0.5,-9.090909090909102,-16.297744075985776,-1.884074105832429,0.013420909925664137,0.019578739185674744,1.0
cool_days,40728,Takab,36.39,47.1,0.5,-10.499999306231295,-15.969093573231042,-5.030905039231553,0.00016791214165245982,0.0005972899239092197,1.0
cool_days,40729,Zanjan,36.66,48.522,0.5,-13.000001000004945,-18.6465454688078,-7.353456531202088,6.406953777293722e-06,5.728082191832787e-05,1.0
cool_days,40730,Khorramdareh,36.195,49.211,0.5,-8.095238458050078,-13.629579410393031,-2.560897505707123,0.004144511861694955,0.0077866586492450676,1.0
cool_days,40731,Qazvin,36.245,50.045,0.5,-13.157890524310403,-18.875528743618744,-7.440252305002066,6.4671895714241145e-06,5.728082191832787e-05,1.0
cool_days,40732,Ramsar,36.905,50.684,0.5,-5.416666493054729,-12.944238596296724,2.110905610187265,0.15843028408672533,0.16790901903208494,0.0
cool_days,40734,Nowshahr,36.661,51.466,0.5,-7.727272266219553,-15.69139910277764,0.2368545703385329,0.057209176428964614,0.06954841056070207,0.0
cool_days,40736,Babolsar,36.699,52.643,0.5,-5.217392742058857,-10.431327638120482,-0.0034578459972323,0.04984405378349899,0.06243093605205934,0.0
cool_days,40737,Gharakhil,36.487,52.108,0.5,-7.0588239446506496,-14.235939300639076,0.1182914113377746,0.053892978228890165,0.0661656366374493,0.0
cool_days,40738,Gorgan,36.905,54.413,0.5,-7.857145750618205,-12.761377729832656,-2.9529137714037548,0.0016886350920040094,0.0038776065075647624,1.0
cool_days,40739,Shahrud,36.38,54.929,0.5,-4.166667360744205,-9.75777252730727,1.4244378058188616,0.14411052196972407,0.15538873673257206,0.0
cool_days,40740,Quchan,37.117,58.45,0.5,-5.0000006470102,-11.339245237521917,1.3392439435015169,0.12212250773286226,0.1352070621328118,0.0
cool_days,40741,Sarakhs,36.537,61.149,0.5,-10.000000407954346,-14.215132665816506,-5.784868150092185,3.3207411671565268e-06,4.5752433858601035e-05,1.0
cool_days,40742,Biyarjomand,36.086,55.805,0.5,-8.421052526107129,-15.206293558491431,-1.6358114937228247,0.01499398989129741,0.020890502769897516,1.0
cool_days,40743,Sabzevar,36.207,57.649,0.5,-6.874999765623235,-12.07381850044254,-1.6761810308039298,0.009543783870580747,0.014980116455088767,1.0
cool_days,40744,Golmakan,36.483,59.283,0.5,-5.555555308640023,-11.164864318422136,0.0537537011420914,0.05223191014797979,0.06476756858349494,0.0
cool_days,40745,Mashhad,36.236,59.631,0.5,-6.999996671056636,-12.838068908908738,-1.1619244332045335,0.018768887041634263,0.025025182722179018,1.0
cool_days,40746,Neyshabur,36.267,58.8,0.5,-8.333331596691586,-13.469612710598811,-3.19705048278436,0.0014727940738479273,0.0035809110815126074,1.0
cool_days,40747,Sanandaj,35.255,47.015,0.5,-12.799992794020904,-17.972976549829216,-7.627009038212591,1.2358008936175224e-06,2.18913301155104e-05,1.0
cool_days,40748,Bijar,35.886,47.621,0.5,-12.962962406203324,-18.674550010384827,-7.251374802021823,8.651371835144417e-06,6.293703496703291e-05,1.0
cool_days,40749,Zarrineh,36.06,46.914,0.5,-12.105263268699243,-16.885839291964228,-7.324687245434258,6.938886336627093e-07,1.4340365095695992e-05,1.0
cool_days,40751,Tehran (Shemiran),35.799,51.485,0.5,-12.000001000003676,-17.99808384023941,-6.001918159767944,8.808961475459398e-05,0.00039011115105605905,1.0
cool_days,40752,Karaj,35.807,50.954,0.5,-11.999998928243771,-16.506350855224895,-7.493647001262651,1.7960165665797945e-07,4.4541210851178905e-06,1.0
cool_days,40754,Tehran (Mehrabad Airport),35.693,51.309,0.5,-3.4615400287330047,-8.398773155818226,1.4756930983522176,0.16938760370483652,0.17800053270677735,0.0
cool_days,40755,Abali,35.771,51.987,0.5,-11.999996733393711,-16.312694354652887,-7.687299112134537,4.934305031234487e-08,1.529634559682691e-06,1.0
cool_days,40757,Semnan,35.588,53.422,0.5,-10.625000546876535,-16.734784610536003,-4.515216483217071,0.0006532884078913614,0.0018001725017450848,1.0
cool_days,40758,Garmsar,35.243,52.36,0.5,-1.5789531262854664,-6.921219573942524,3.7633133213715912,0.5623901531232258,0.5623901531232258,0.0
cool_days,40762,Torbat-E Heydariyeh,35.332,59.206,0.5,-11.176468805210693,-17.29430101707023,-5.0586365933511575,0.0003427270155043072,0.0010240680641847735,1.0
cool_days,40763,Kashmar,35.271,58.473,0.5,-10.909086945461189,-17.00152535853847,-4.816648532383908,0.00044883984067434213,0.001294328842874847,1.0
cool_days,40764,Ravansar,34.71,46.65,0.5,-9.565217149067754,-15.50632978889082,-3.624104509244688,0.0016016367730560255,0.003747225657715984,1.0
cool_days,40765,Sarpol-E-Zahab,34.45,45.86,0.5,-11.153845865639257,-16.62191216611322,-5.685779565165292,6.386964787230553e-05,0.00030460908985253406,1.0
cool_days,40766,Kermanshah,34.352,47.153,0.5,-4.814814924554465,-10.714942982818222,1.085313133709291,0.10971773617870961,0.12481650721247699,0.0
cool_days,40768,Hamedan (Airport),34.85,48.53,0.5,-10.000000229592253,-15.666044499500302,-4.333955959684203,0.0005417753048706508,0.0015268213137263795,1.0
cool_days,40769,Arak,34.07,49.78,0.5,-12.105260614085244,-17.250793860932824,-6.959727367237662,4.0064025272901205e-06,4.66000693972129e-05,1.0
cool_days,40770,Qom,34.774,50.855,0.5,-10.555558774453404,-16.934513643998926,-4.17660390490788,0.0011815172352958037,0.0029301627435335932,1.0
cool_days,40771,Kangavar,34.5,47.98,0.5,-10.000000390625113,-15.934322666128246,-4.0656781151219805,0.0009571766547733507,0.0025253171317424572,1.0
cool_days,40772,Qorveh,35.18,47.786,0.5,-13.749999895078158,-19.60292478248502,-7.897075007671298,4.133877123946306e-06,4.66000693972129e-05,1.0
cool_days,40774,Borujerd,33.915,48.758,0.5,-11.42857306123539,-18.09038855163621,-4.766757570834575,0.0007725488371701505,0.00208252295237171,1.0
cool_days,40778,Gonabad,34.35,58.683,0.5,-10.476191905292856,-15.201294464433428,-5.751089346152283,1.3890479075628903e-05,8.61209702688992e-05,1.0
cool_days,40779,Eslamabad-E-Gharb,34.12,46.47,0.5,-7.600000191999968,-13.134586081502256,-2.065414302497678,0.0071144505129316915,0.012084820049363421,1.0
cool_days,40780,Ilam,33.588,46.398,0.5,-15.882351723956049,-21.47154995127137,-10.293153496640729,2.553743883026982e-08,1.0555474716511526e-06,1.0
cool_days,40782,Khorramabad,33.433,48.295,0.5,-12.142854120398352,-18.67271504475244,-5.612993196044266,0.00026760667655012504,0.000850851997236295,1.0
cool_days,40783,Aligudarz,33.408,49.703,0.5,-12.49999819316471,-19.09643444039448,-5.903561945934943,0.00020390705312678392,0.0006653809102031896,1.0
cool_days,40785,Kashan,33.967,51.48,0.5,-9.16666142605616,-14.706197949132877,-3.6271249029794426,0.0011813294963796128,0.0029301627435335932,1.0
cool_days,40787,Daran,32.988,50.407,0.5,-14.1666668444354,-21.57434491462144,-6.758988774249358,0.00017799245921890083,0.0006027269345986996,1.0
cool_days,40789,Khur-Va-Biabanak,33.77,55.081,0.5,-9.999998956383363,-15.082082612857196,-4.91791529990953,0.00011493492041836362,0.00048007331904909023,1.0
cool_days,40790,Robat-E-Poshtebadam,33.012,55.558,0.5,-6.250000104166385,-11.521497877087818,-0.978502331244952,0.02013526287272982,0.026561410598069126,1.0
cool_days,40791,Tabas,33.6,56.95,0.5,-12.500000694449174,-18.180123174043977,-6.819878214854371,1.608447256540302e-05,9.06579362777261e-05,1.0
cool_days,40792,Ferdows,34.031,58.184,0.5,-7.499998893594295,-13.115603613328013,-1.884394173860577,0.008852323860257139,0.014255690372362146,1.0
cool_days,40793,Qaen,33.74,59.176,0.5,-10.999999399991164,-16.678145670992215,-5.321853128990108,0.00014644973576971587,0.000567492726107649,1.0
cool_days,40794,Safiabad (Dezful),32.253,48.433,0.5,-8.571428681901144,-14.381566851510478,-2.7612905122918114,0.003834105959395595,0.0074285802963289654,1.0
cool_days,40796,Dehloran,32.681,47.281,0.5,-15.62499953295004,-20.4110652668609,-10.838933799039182,1.5661960617308068e-10,9.710415582731002e-09,1.0
cool_days,40797,Kuhrang,32.458,50.125,0.5,-12.333333577777964,-18.197773635835496,-6.468893519720433,3.755660854221077e-05,0.00019404247746808898,1.0
cool_days,40798,Shahrekord,32.293,50.84,0.5,-15.35714235368663,-22.09479172376757,-8.619492983605685,7.916369031857329e-06,6.293703496703291e-05,1.0
cool_days,40799,Ardestan,33.355,52.376,0.5,-10.83333385092129,-16.354094290504754,-5.312573411337826,0.00012001832976227256,0.00048007331904909023,1.0
cool_days,40800,Esfahan,32.518,51.707,0.5,-14.439847138581898,-22.229734535436123,-6.649959741727674,0.0002799443819962999,0.0008678275841885297,1.0
cool_days,40801,Naein,32.851,53.079,0.5,-6.818201951274288,-12.203908030903602,-1.4324958716449752,0.01308957378695319,0.019322704161692805,1.0
cool_days,40802,Esfahan (Airport),32.493,51.863,0.5,-8.66666631111005,-15.62595285074936,-1.707379771470741,0.014652206557411729,0.020883604748494877,1.0
cool_days,40803,Kabutarabad,32.515,51.834,0.5,-15.33333139919876,-22.28914954803106,-8.377513250366459,1.556033240346366e-05,9.06579362777261e-05,1.0
cool_days,40809,Birjand,32.9,59.25,0.5,-14.516128021855558,-20.47422776975745,-8.55802827395366,1.7945493526738687e-06,2.7815514966444965e-05,1.0
cool_days,40810,Bostan,31.708,48.01,0.5,-13.684192396265132,-22.54131813047633,-4.827066662053928,0.002460272558147736,0.005352171880882794,1.0
cool_days,40811,Ahvaz,31.344,48.744,0.5,-10.833333472223334,-18.195085029713425,-3.4715819147332434,0.003923130110339734,0.007484125133571186,1.0
cool_days,40812,Masjedsoleyman,31.983,49.241,0.5,-8.99999984999967,-15.02293018388567,-2.97706951611367,0.003402657761207406,0.006916878071962596,1.0
cool_days,40813,Ramhormoz,31.273,49.596,0.5,-13.888889197531434,-20.96314074260084,-6.814637652462029,0.00011905151166780037,0.00048007331904909023,1.0
cool_days,40818,Abadeh,31.198,52.617,0.5,-6.42857055571327,-12.70331621452193,-0.1538248969046103,0.04463805882007699,0.056480809119281085,0.0
cool_days,40821,Yazd,31.9,54.28,0.5,-4.400001397980647,-9.886215825523209,1.0862130295619146,0.11596434702580227,0.12954575703783316,0.0
cool_days,40827,Nehbandan,31.53,60.03,0.5,-13.529410992219873,-20.22468736974204,-6.834134614697704,7.47460616687956e-05,0.0003432782091455798,1.0
cool_days,40829,Zabol,31.089,61.543,0.5,-9.310347806253306,-14.9238642749916,-3.696831337515011,0.0011509070699409207,0.0029301627435335932,1.0
cool_days,40831,Abadan,30.37,48.22,0.5,-8.636364090909332,-15.696388548207343,-1.5763396336113198,0.016501861301313925,0.022486052762229963,1.0
cool_days,40832,Bandar-E- Mahshahr,30.546,49.159,0.5,-8.500000150000476,-13.859355974206643,-3.140644325794307,0.0018798708645881845,0.004238254312889725,1.0
cool_days,40833,Omidiyeh (Aghajari),30.743,49.688,0.5,-9.99999998839253,-16.350850129253455,-3.649149847531605,0.0020273173538372102,0.004489059854925251,1.0
cool_days,40835,Dogonbadan,30.346,50.819,0.5,-11.499999799979271,-16.574938856980502,-6.42506074297804,8.936195131203917e-06,6.293703496703291e-05,1.0
cool_days,40836,Yasuj,30.699,51.555,0.5,-8.148149497329037,-14.204932086802916,-2.091366907855156,0.008369832316403425,0.013656042200447693,1.0
cool_days,40839,Anar,30.88,55.25,0.5,-7.142857324266331,-12.583831882453907,-1.7018827660787563,0.010080124888987463,0.015624193577930568,1.0
cool_days,40841,Kerman,30.252,56.965,0.5,-7.407407462277173,-13.11960831322586,-1.6952066113284865,0.011032488383491135,0.01668327511649879,1.0
cool_days,40844,Dorudzan,30.183,52.465,0.5,-8.260868941397321,-14.160691897352429,-2.361045985442215,0.006062697414406681,0.01073963541980612,1.0
cool_days,40847,Zarqan,29.778,52.704,0.5,-10.000000557756238,-18.25513320691392,-1.7448679085985592,0.01758318362442357,0.02369907358074481,1.0
cool_days,40848,Shiraz,29.545,52.603,0.5,-9.99999994796626,-16.754898339034984,-3.245101556897538,0.0037126459138869805,0.00730743005272993,1.0
cool_days,40849,Shahrebabak,30.146,55.107,0.5,-9.000000050001642,-15.644812545954032,-2.355187554049251,0.00793783889443156,0.01312389363879351,1.0
cool_days,40851,Sirjan,29.471,55.661,0.5,-6.666665546341739,-14.973703869756168,1.6403727770726908,0.1157273705526296,0.12954575703783316,0.0
cool_days,40853,Baft,29.239,56.58,0.5,-8.181816643698745,-16.68339141577152,0.3197581283740298,0.05925707196549257,0.07065266272808729,0.0
cool_days,40854,Bam,29.08,58.35,0.5,-11.17646865168006,-16.999471411110267,-5.353465892249852,0.00016858989787760237,0.0005972899239092197,1.0
cool_days,40856,Zahedan,29.472,60.9,0.5,-11.071428787259764,-19.410972660864367,-2.7318849136551613,0.009266541523952787,0.014731424986796738,1.0
cool_days,40857,Bushehr (Coastal),28.904,50.821,0.5,-20.49999974999195,-29.708585373584132,-11.291414126399768,1.281037497258275e-05,8.360455245264531e-05,1.0
cool_days,40858,Bushehr (Airport),28.96,50.82,0.5,-9.375001096157169,-16.036438802597026,-2.713563389717307,0.005808260950652455,0.010591534674719183,1.0
cool_days,40859,Fasa,28.899,53.719,0.5,-4.583335429741204,-11.655434259142172,2.488763399659764,0.2039953957798426,0.2125666308966427,0.0
cool_days,40870,Khash,28.22,61.19,0.5,-8.12500039506767,-15.798846693760211,-0.4511540963751281,0.0379651665079106,0.04853279017506097,1.0
cool_days,40873,Lar,27.67,54.375,0.5,-6.666686329190571,-14.540028233002197,1.2066555746210526,0.096992213061738,0.11240219083790198,0.0
cool_days,40875,Bandarabbas,27.215,56.373,0.5,-11.999999933333129,-21.691301875371305,-2.3086979912949506,0.015227676661057732,0.020980354510790653,1.0
cool_days,40876,Minab,27.107,57.089,0.5,-11.052631800559144,-18.93052072219709,-3.174742878921193,0.005961919116949099,0.010714173485531716,1.0
cool_days,40877,Kahnuj,27.994,57.713,0.5,-6.250001040439976,-13.691432854118656,1.1914307732387035,0.09972488525399958,0.11449894232866618,0.0
cool_days,40878,Saravan,27.39,62.319,0.5,-5.000000454546569,-13.46737917004684,3.4673782609537014,0.2471158821437187,0.255353078215176,0.0
cool_days,40879,Iranshahr,27.23,60.718,0.5,-7.916646992118194,-18.66867802363644,2.8353840394000542,0.14898255552560902,0.15925721452737518,0.0
cool_days,40882,Kish Island,26.522,53.982,0.5,-8.947369106541922,-18.24239112419372,0.3476529111098738,0.05920176767617136,0.07065266272808729,0.0
cool_days,40883,Bandar-E-Lengeh,26.528,54.828,0.5,-14.166666840278696,-22.924491863615582,-5.408841816941813,0.001521778632749049,0.0036288567396323473,1.0
cool_days,40889,Siri Island,25.898,54.551,0.5,-12.66666682222231,-20.99064344105633,-4.342690203388289,0.002858590166866959,0.006007884418500049,1.0
cool_days,40890,Abumusa Island,25.874,55.013,0.5,-19.999999554731197,-28.83545019612912,-11.16454891333327,9.136021204891875e-06,6.293703496703291e-05,1.0
cool_days,40893,Jask,25.638,57.77,0.5,-9.166666527777767,-17.52449543071393,-0.8088376248416047,0.03158045256976871,0.04079141790261792,1.0
cool_days,40898,Chahbahar,25.281,60.651,0.5,-9.499998809496274,-20.023059869024447,1.0230622500318989,0.07681932640250766,0.09071996641819952,0.0
cool_days,88187,Jam,27.816,52.356,0.5,-12.66565980174536,-19.293065138041374,-6.038254465449347,0.0001798459401625152,0.0006027269345986996,1.0
cool_days,99331,Tehran (Geophysic),35.747,51.387,0.5,-15.200000108153631,-19.411647733674585,-10.988352482632678,1.5083490012557377e-12,1.8703527615571147e-10,1.0
cool_days,99407,Boshruyeh,33.85,57.42,0.5,-6.875001980494226,-11.599344594728866,-2.150659366259587,0.0043411011990170945,0.008034276845942085,1.0
cool_days,99421,Natanz,33.49,51.931,0.5,-10.333332772561423,-15.691470786880096,-4.975194758242751,0.00015687885139126223,0.0005894841688641369,1.0
cool_days,99459,Borujen,31.979,51.299,0.5,-15.769230150163931,-22.530634299697507,-9.00782600063036,4.849527079686666e-06,5.011177982342889e-05,1.0
cool_days,99623,Zahak,30.9,61.683,0.5,-8.571428469383722,-14.863536912313789,-2.2793200264536555,0.00758487245865469,0.01270978628207002,1.0
cool_nights,19996,Bahookalat,25.7,61.417,0.5,-13.116354403782246,-23.41337399697788,-2.8193348105866107,0.012537260918132231,0.019931030177543548,1.0
cool_nights,40700,Parsabad,39.608,47.877,0.5,-1.5789449664802786,-6.210792014271433,3.052902081310875,0.5040428737558478,0.525221145762396,0.0
cool_nights,40701,Maku,39.379,44.392,0.5,-4.814814759944334,-11.73865235997486,2.1090228400861903,0.17288950772487555,0.1948936268898597,0.0
cool_nights,40702,Jolfa,38.932,45.607,0.5,-8.333334027777916,-17.393174591390455,0.7265065358346234,0.07141522351897911,0.09420731613141925,0.0
cool_nights,40703,Khoy,38.56,44.99,0.5,-12.94117699471628,-21.0389570594306,-4.84339693000196,0.001734403322382727,0.003910291126826512,1.0
cool_nights,40704,Ahar,38.433,47.067,0.5,-5.483879857503094,-9.42165698063029,-1.5461027343758986,0.006341863397627545,0.010772480291860486,1.0
cool_nights,40706,Tabriz,38.122,46.234,0.5,-1.904755621998829,-9.326737313282656,5.517226069284997,0.6149581879211796,0.6354567941852189,0.0
cool_nights,40708,Ardebil,38.219,48.329,0.5,-14.00000167078749,-18.12371450868489,-9.876288832890086,2.8484770098202716e-11,1.1773704973923789e-09,1.0
cool_nights,40709,Astara,38.365,48.855,0.5,-8.07692159133166,-16.163675258692304,0.0098320760289851,0.05027497300840622,0.0682005344045008,0.0
cool_nights,40710,Sarab,37.935,47.508,0.5,-6.296296241426355,-12.609169483016103,0.0165770001633926,0.05060039649366188,0.0682005344045008,0.0
cool_nights,40712,Orumiyeh,37.658,45.056,0.5,-0.4166657072423403,-8.892907967964794,8.059576553480111,0.9232445837077676,0.9232445837077676,0.0
cool_nights,40713,Maragheh-Synoptic,37.348,46.146,0.5,-8.823530103807034,-15.011582338994588,-2.63547786861948,0.00519383057905376,0.009122777891099058,1.0
cool_nights,40716,Mianeh,37.421,47.732,0.5,-11.249998029196137,-16.447026110874567,-6.052969947517708,2.2073955834089887e-05,8.631371000017429e-05,1.0
cool_nights,40717,Khalkhal,37.609,48.538,0.5,-11.578949279171926,-16.65401056839666,-6.503887989947192,7.755812508003501e-06,4.007169795801809e-05,1.0
cool_nights,40718,Bandar-E-Anzali,37.48,49.458,0.5,-3.7499994574620032,-10.383367189454912,2.8833682745309046,0.2678470052062645,0.29134235654014734,0.0
cool_nights,40719,Rasht,37.323,49.624,0.5,-12.608691852839303,-18.43616699243925,-6.781216713239356,2.2274505806496592e-05,8.631371000017429e-05,1.0
cool_nights,40723,Bojnurd,37.488,57.303,0.5,-0.6451622133321057,-6.432631697691072,5.14230727102686,0.8270455006686224,0.8337694478285299,0.0
cool_nights,40724,Piranshahr,36.698,45.147,0.5,-12.499999583331682,-18.438178741306373,-6.561820425356991,3.693780486546672e-05,0.00013471434715640803,1.0
cool_nights,40726,Mahabad,36.753,45.715,0.5,-7.61904822696026,-15.78123508807518,0.5431386341546602,0.06731348740771326,0.08975131654361768,0.0
cool_nights,40727,Saqez,36.221,46.311,0.5,-11.333332961634582,-16.205199236419414,-6.461466686849751,5.127263407400662e-06,2.8899121023531002e-05,1.0
cool_nights,40728,Takab,36.39,47.1,0.5,-7.727272520660621,-12.92312438864774,-2.5314206526735017,0.003557881514260508,0.006787343196435431,1.0
cool_nights,40729,Zanjan,36.66,48.522,0.5,-11.176471141872456,-16.708064351439727,-5.644877932305185,7.490584176195192e-05,0.00024442958890742207,1.0
cool_nights,40730,Khorramdareh,36.195,49.211,0.5,-12.499997535717826,-18.51928355875278,-6.480711512682873,4.696283989691352e-05,0.0001617608929782577,1.0
cool_nights,40731,Qazvin,36.245,50.045,0.5,-8.823529688581681,-15.198810974350645,-2.448248402812718,0.006674088616385632,0.011183607951781329,1.0
cool_nights,40732,Ramsar,36.905,50.684,0.5,-12.38094667646964,-18.02775802427462,-6.734135328664659,1.7280650068229875e-05,7.38896761538105e-05,1.0
cool_nights,40734,Nowshahr,36.661,51.466,0.5,-13.33333329860908,-17.368938006800388,-9.297728590417773,9.437828296654516e-11,2.9257267719629e-09,1.0
cool_nights,40736,Babolsar,36.699,52.643,0.5,-9.333331777797236,-13.605766367765897,-5.060897187828575,1.8546172961819707e-05,7.665751490885478e-05,1.0
cool_nights,40737,Gharakhil,36.487,52.108,0.5,-0.555555617285252,-5.292487042506262,4.1813758079357575,0.818191052520074,0.832032538597199,0.0
cool_nights,40738,Gorgan,36.905,54.413,0.5,7.142856836733953,-0.8944160981374356,15.180129771605342,0.08152869474493651,0.10530789737887633,0.0
cool_nights,40739,Shahrud,36.38,54.929,0.5,-4.99999158876849,-10.570208370723517,0.5702251931865367,0.078517389622339,0.10248585592810565,0.0
cool_nights,40740,Quchan,37.117,58.45,0.5,8.80000141723475,-1.2556499622314536,18.85565279670095,0.08629854934367809,0.10919408284302126,0.0
cool_nights,40741,Sarakhs,36.537,61.149,0.5,-7.391304574669605,-12.37470993287478,-2.40789921646443,0.0036486694698552036,0.006855075973667353,1.0
cool_nights,40742,Biyarjomand,36.086,55.805,0.5,-9.642883798377603,-16.04951109343083,-3.236256503324375,0.003176933912940827,0.006155309456322852,1.0
cool_nights,40743,Sabzevar,36.207,57.649,0.5,-5.000001562501704,-10.837774064194967,0.8377709391915609,0.09320603810548223,0.11443117549583956,0.0
cool_nights,40744,Golmakan,36.483,59.283,0.5,-6.1111100912343534,-11.840403874547194,-0.3818163079215129,0.03656214757189602,0.052111566654196625,0.0
cool_nights,40745,Mashhad,36.236,59.631,0.5,-10.41666489872659,-15.686568011982592,-5.14676178547059,0.000106975153531641,0.00033575929813902674,1.0
cool_nights,40746,Neyshabur,36.267,58.8,0.5,-5.000000925658305,-11.89809803056786,1.898096179251251,0.155409252029985,0.17679584634603798,0.0
cool_nights,40747,Sanandaj,35.255,47.015,0.5,-10.526316121884088,-17.45624282457325,-3.596389419194929,0.002909213159149937,0.00591381035630479,1.0
cool_nights,40748,Bijar,35.886,47.621,0.5,-6.66668972536931,-11.931606844567726,-1.4017726061708942,0.013070386268922096,0.02051554300438405,1.0
cool_nights,40749,Zarrineh,36.06,46.914,0.5,-4.736841994459117,-10.540004541396256,1.0663205524780244,0.10963107181935472,0.13198303791844646,0.0
cool_nights,40751,Tehran (Shemiran),35.799,51.485,0.5,-10.000011730789389,-13.827472861012314,-6.172550600566463,3.040904441586889e-07,2.9005550058213403e-06,1.0
cool_nights,40752,Karaj,35.807,50.954,0.5,-10.00000030500859,-16.357714196561897,-3.642286413455284,0.0020501521653517596,0.004383083939717555,1.0
cool_nights,40754,Tehran (Mehrabad Airport),35.693,51.309,0.5,-8.461538934915303,-14.19206517225469,-2.731012697575916,0.003802681054405177,0.00703779777233197,1.0
cool_nights,40755,Abali,35.771,51.987,0.5,-3.500000150000873,-8.57990512128082,1.5799048212790732,0.17688161318092988,0.19759747778770545,0.0
cool_nights,40757,Semnan,35.588,53.422,0.5,-4.5454547520662745,-10.61228622476176,1.5213767206292106,0.14197072476359685,0.16452682122136456,0.0
cool_nights,40758,Garmsar,35.243,52.36,0.5,-19.56522697180115,-23.810585914901864,-15.319868028700434,0.0,0.0,1.0
cool_nights,40762,Torbat-E Heydariyeh,35.332,59.206,0.5,-9.166655420184863,-14.962754724656952,-3.370556115712774,0.0019366308694177548,0.004213021540487747,1.0
cool_nights,40763,Kashmar,35.271,58.473,0.5,-7.083332487501155,-12.478118327256048,-1.6885466477462645,0.010068371940221699,0.016214001566071307,1.0
cool_nights,40764,Ravansar,34.71,46.65,0.5,-13.33333471493154,-20.27318192536055,-6.39348750450253,0.00016608757943026298,0.0005023136548622588,1.0
cool_nights,40765,Sarpol-E-Zahab,34.45,45.86,0.5,-15.789471134429268,-22.820171920222016,-8.758770348636517,1.0738291744027961e-05,4.9316599120721005e-05,1.0
cool_nights,40766,Kermanshah,34.352,47.153,0.5,-12.99998123995668,-20.131562072194104,-5.868400407719253,0.00035313697824901347,0.0009316805383590993,1.0
cool_nights,40768,Hamedan (Airport),34.85,48.53,0.5,-7.391297811211975,-13.46520313289012,-1.3173924895338276,0.017073928183119813,0.02581911091105923,1.0
cool_nights,40769,Arak,34.07,49.78,0.5,-7.142860909248839,-13.459562418498852,-0.8261593999988248,0.026667692937371035,0.03936659433611915,1.0
cool_nights,40770,Qom,34.774,50.855,0.5,-13.000008252512174,-18.18911733066905,-7.810899174355301,9.094307302781601e-07,6.633494738499521e-06,1.0
cool_nights,40771,Kangavar,34.5,47.98,0.5,-10.333333622222735,-15.406275686702738,-5.260391557742736,6.540139242594556e-05,0.00021918304488695268,1.0
cool_nights,40772,Qorveh,35.18,47.786,0.5,-14.782608544423454,-18.366874869800306,-11.198342219046603,6.661338147750939e-16,4.1300296516055823e-14,1.0
cool_nights,40774,Borujerd,33.915,48.758,0.5,-16.08695682419757,-21.64394359012538,-10.52997005826976,1.394875748239599e-08,2.1620574097713785e-07,1.0
cool_nights,40778,Gonabad,34.35,58.683,0.5,-8.000000000042004,-14.83716032203042,-1.1628396780535883,0.021827876441521177,0.032610321430706336,1.0
cool_nights,40779,Eslamabad-E-Gharb,34.12,46.47,0.5,-11.052630118315298,-19.143223886725607,-2.962036349904986,0.007415770156153467,0.012260739991507065,1.0
cool_nights,40780,Ilam,33.588,46.398,0.5,6.521739445232845,-6.138332312422915,19.181811202888607,0.31264907950417875,0.33421108498722557,0.0
cool_nights,40782,Khorramabad,33.433,48.295,0.5,-12.999999321267843,-21.309714271324776,-4.690284371210915,0.0021673274776758955,0.004479143453863518,1.0
cool_nights,40783,Aligudarz,33.408,49.703,0.5,-9.333333683692274,-15.94676724576828,-2.719900121616268,0.005673335955538983,0.009770745256761582,1.0
cool_nights,40785,Kashan,33.967,51.48,0.5,-10.000016963633325,-16.618868797274533,-3.381165129992115,0.0030639939885799272,0.006032432930850822,1.0
cool_nights,40787,Daran,32.988,50.407,0.5,-7.272732998143219,-12.360476996308144,-2.1849889999782937,0.005082717468593678,0.009122777891099058,1.0
cool_nights,40789,Khur-Va-Biabanak,33.77,55.081,0.5,-15.000000535717437,-20.218039082635663,-9.781961988799203,1.7576954780551546e-08,2.421713769764879e-07,1.0
cool_nights,40790,Robat-E-Poshtebadam,33.012,55.558,0.5,-5.454543647921107,-11.989721838721264,1.0806345428790474,0.10186027625416072,0.12383013975996009,0.0
cool_nights,40791,Tabas,33.6,56.95,0.5,-10.499998462772652,-16.319676712137422,-4.680320213407883,0.0004058082485893788,0.001048337975522562,1.0
cool_nights,40792,Ferdows,34.031,58.184,0.5,-13.600001302532547,-20.725827457337942,-6.474175147727154,0.00018346494431420446,0.0005416584070228894,1.0
cool_nights,40793,Qaen,33.74,59.176,0.5,-12.72727105175046,-20.197917876790772,-5.256624226710143,0.0008404161622943551,0.0019662566815943404,1.0
cool_nights,40794,Safiabad (Dezful),32.253,48.433,0.5,-12.142857857144076,-19.164535479786565,-5.121180234501587,0.0007001929604408819,0.0016696909056667182,1.0
cool_nights,40796,Dehloran,32.681,47.281,0.5,-12.857143485037271,-20.533907790407515,-5.180379179667028,0.0010284239333890888,0.0023615660692638337,1.0
cool_nights,40797,Kuhrang,32.458,50.125,0.5,-4.285710899600895,-9.982532159207118,1.4111103600053283,0.14034558123700802,0.16417784974895278,0.0
cool_nights,40798,Shahrekord,32.293,50.84,0.5,13.928571968679467,2.823513733303733,25.0336302040552,0.01395812309241884,0.0216350907932492,1.0
cool_nights,40799,Ardestan,33.355,52.376,0.5,-9.09090900827348,-14.258277096071724,-3.9235409204752383,0.0005643105134598425,0.0013994900733804096,1.0
cool_nights,40800,Esfahan,32.518,51.707,0.5,-13.124999357302537,-18.010519789676568,-8.239478924928505,1.3976300938800534e-07,1.4442177636760554e-06,1.0
cool_nights,40801,Naein,32.851,53.079,0.5,-11.5384602000145,-17.983515646620614,-5.093404753408385,0.00044987824200637405,0.0011384673879344977,1.0
cool_nights,40802,Esfahan (Airport),32.493,51.863,0.5,7.368430605552417,-2.173871542691943,16.91073275379678,0.13015669947388875,0.15518683398809813,0.0
cool_nights,40803,Kabutarabad,32.515,51.834,0.5,-14.166666805547097,-20.109352693246592,-8.223980917847602,2.976854908576243e-06,1.7577619460164484e-05,1.0
cool_nights,40809,Birjand,32.9,59.25,0.5,-5.882351799972388,-11.574785310425929,-0.1899182895188476,0.0428271240278697,0.05989283579871122,0.0
cool_nights,40810,Bostan,31.708,48.01,0.5,-19.090898946927407,-26.77187662014184,-11.409921273712976,1.1073378471948558e-06,7.628327391786785e-06,1.0
cool_nights,40811,Ahvaz,31.344,48.744,0.5,-6.315796939081139,-13.443126833424646,0.8115329552623685,0.08241714192068228,0.10535799585736705,0.0
cool_nights,40812,Masjedsoleyman,31.983,49.241,0.5,-7.391303506288588,-14.57475823489218,-0.207848777684994,0.04372564203717788,0.060244217917889524,0.0
cool_nights,40813,Ramhormoz,31.273,49.596,0.5,-10.666666867170314,-16.506721109153126,-4.826612625187501,0.0003437579585567896,0.0009266518882835198,1.0
cool_nights,40818,Abadeh,31.198,52.617,0.5,-9.65517283327436,-13.83145124262792,-5.478894423920801,5.861063000045519e-06,3.159877443502801e-05,1.0
cool_nights,40821,Yazd,31.9,54.28,0.5,-12.962964704058676,-17.974737125935913,-7.951192282181439,3.98765760856179e-07,3.5319253104404424e-06,1.0
cool_nights,40827,Nehbandan,31.53,60.03,0.5,-6.428572142861688,-12.311766642412795,-0.545377643310581,0.03221812700741733,0.04700056175199705,1.0
cool_nights,40829,Zabol,31.089,61.543,0.5,-6.999998999992963,-12.715745371555338,-1.284252628430588,0.016377787597209315,0.025072168667332778,1.0
cool_nights,40831,Abadan,30.37,48.22,0.5,-16.42857112244909,-23.11173188419944,-9.745410360698738,1.449466701997082e-06,8.986693552381909e-06,1.0
cool_nights,40832,Bandar-E- Mahshahr,30.546,49.159,0.5,-18.846154209128144,-25.08473997465469,-12.607568443601595,3.2005351702224516e-09,6.614439351793067e-08,1.0
cool_nights,40833,Omidiyeh (Aghajari),30.743,49.688,0.5,-14.999991997759416,-21.6606011998999,-8.339382795618931,1.0147406465543796e-05,4.8395323143362715e-05,1.0
cool_nights,40835,Dogonbadan,30.346,50.819,0.5,-5.000000481927998,-11.827561730676765,1.827560766820768,0.15118484564371015,0.17358260055388944,0.0
cool_nights,40836,Yasuj,30.699,51.555,0.5,6.538461012877057,-5.348818650547465,18.42574067630158,0.2810001160563702,0.30299142948686875,0.0
cool_nights,40839,Anar,30.88,55.25,0.5,-10.909090503279028,-16.66546473005355,-5.1527162765045045,0.00020363869502326715,0.000582186823298207,1.0
cool_nights,40841,Kerman,30.252,56.965,0.5,-10.526307200922613,-17.140262844030065,-3.9123515578151578,0.0018122079667823865,0.004012746212160999,1.0
cool_nights,40844,Dorudzan,30.183,52.465,0.5,9.23076908283967,-1.4831359156435564,19.94467408132289,0.09128165968314916,0.11318925800710497,0.0
cool_nights,40847,Zarqan,29.778,52.704,0.5,-12.799999999999995,-17.43746788928041,-8.162532110719582,6.307798949833909e-08,7.110609725267315e-07,1.0
cool_nights,40848,Shiraz,29.545,52.603,0.5,11.999998844543043,0.3784730781292005,23.62152461095689,0.04298759988778467,0.05989283579871122,0.0
cool_nights,40849,Shahrebabak,30.146,55.107,0.5,-2.3809551024143265,-8.515512095718126,3.7536018908894735,0.4468251244739545,0.4695450460573759,0.0
cool_nights,40851,Sirjan,29.471,55.661,0.5,-4.761897804026537,-11.08727376414008,1.5634781560870046,0.14006850757316824,0.16417784974895278,0.0
cool_nights,40853,Baft,29.239,56.58,0.5,-16.249998940807565,-22.591245674773777,-9.908752206841353,5.095771518082159e-07,4.210080199129607e-06,1.0
cool_nights,40854,Bam,29.08,58.35,0.5,-12.72727305785103,-18.713302536860684,-6.741243578841375,3.0825706752724e-05,0.00011582992840417505,1.0
cool_nights,40856,Zahedan,29.472,60.9,0.5,-8.749999609371203,-14.8905349736611,-2.6094642450813046,0.005223526050548655,0.009122777891099058,1.0
cool_nights,40857,Bushehr (Coastal),28.904,50.821,0.5,-13.181817975206483,-19.510882421457524,-6.852753528955445,4.461573763947513e-05,0.00015806718477985474,1.0
cool_nights,40858,Bushehr (Airport),28.96,50.82,0.5,-14.000000792619591,-18.61934606020672,-9.380655525032468,2.846118674071363e-09,6.614439351793067e-08,1.0
cool_nights,40859,Fasa,28.899,53.719,0.5,-14.61538550202127,-19.546963604107493,-9.683807399935048,6.295232779507387e-09,1.1151555209413086e-07,1.0
cool_nights,40870,Khash,28.22,61.19,0.5,-14.374984513564192,-20.18368367725195,-8.566285349876438,1.2316406576839967e-06,8.03807587120082e-06,1.0
cool_nights,40873,Lar,27.67,54.375,0.5,-10.00000046589895,-15.063055460250286,-4.936945471547614,0.00010830945101258926,0.00033575929813902674,1.0
cool_nights,40875,Bandarabbas,27.215,56.373,0.5,-5.833333085450342,-12.523872170401216,0.8572059995005317,0.08747305763083024,0.10956221359821162,0.0
cool_nights,40876,Minab,27.107,57.089,0.5,-12.272705993157231,-20.83017911721505,-3.715232869099422,0.0049397709827054825,0.009007817674345293,1.0
cool_nights,40877,Kahnuj,27.994,57.713,0.5,-8.235294117647078,-13.686265182726258,-2.784323052567897,0.0030648651180935627,0.006032432930850822,1.0
cool_nights,40878,Saravan,27.39,62.319,0.5,-9.642857413544952,-14.862595891660334,-4.423118935429571,0.0002936127080248596,0.0008090661287796132,1.0
cool_nights,40879,Iranshahr,27.23,60.718,0.5,-6.129029079127991,-11.812835478587576,-0.4452226796684053,0.03455540517292954,0.04982407257492166,1.0
cool_nights,40882,Kish Island,26.522,53.982,0.5,-14.444442962957746,-23.657945253822856,-5.230940672092636,0.0021207148392312636,0.004457095594316554,1.0
cool_nights,40883,Bandar-E-Lengeh,26.528,54.828,0.5,-13.199997544809063,-22.947858004224702,-3.452137085393419,0.007951545216316802,0.012973573773990572,1.0
cool_nights,40889,Siri Island,25.898,54.551,0.5,-5.625005137453565,-15.105537958165533,3.855527683258403,0.24486586363647955,0.26870236363649086,0.0
cool_nights,40890,Abumusa Island,25.874,55.013,0.5,0.7142835822241044,-5.390445654661692,6.819012819109901,0.8186126589424054,0.832032538597199,0.0
cool_nights,40893,Jask,25.638,57.77,0.5,-12.857115886806591,-19.648038831292343,-6.066192942320844,0.00020658242117033154,0.000582186823298207,1.0
cool_nights,40898,Chahbahar,25.281,60.651,0.5,-14.444445302596082,-20.094941244630157,-8.79394936056201,5.432361547264009e-07,4.210080199129607e-06,1.0
cool_nights,88187,Jam,27.816,52.356,0.5,-15.217390896078426,-21.96460127287137,-8.47018051928548,9.846990262296629e-06,4.8395323143362715e-05,1.0
cool_nights,99331,Tehran (Geophysic),35.747,51.387,0.5,-2.2222216666654147,-6.83170954987255,2.387266216541721,0.3447044634636014,0.36532780743150917,0.0
cool_nights,99407,Boshruyeh,33.85,57.42,0.5,-11.481481173114332,-16.69651862131147,-6.266443724917197,1.5948982369007325e-05,7.06312076341753e-05,1.0
cool_nights,99421,Natanz,33.49,51.931,0.5,-8.928570856206443,-14.088135224732593,-3.7690064876802944,0.0006944549405865086,0.0016696909056667182,1.0
cool_nights,99459,Borujen,31.979,51.299,0.5,-12.9999997999997,-17.568178901080195,-8.431820698919207,2.4369894546794058e-08,3.021866923802463e-07,1.0
cool_nights,99623,Zahak,30.9,61.683,0.5,-4.666665548445558,-11.59991821472725,2.266587117836134,0.18708695047646273,0.20713198088465518,0.0
warm_days,19996,Bahookalat,25.7,61.417,0.5,4.399999411472645,-2.6790912820305994,11.479090104975889,0.2231345327648877,0.23448035646479723,0.0
warm_days,40700,Parsabad,39.608,47.877,0.5,8.82352913494715,2.6241250642106118,15.022933205683689,0.0052766374476045375,0.006537260961429323,1.0
warm_days,40701,Maku,39.379,44.392,0.5,13.750002229159488,6.665210399289346,20.83479405902963,0.00014242232280881062,0.0002597112945337135,1.0
warm_days,40702,Jolfa,38.932,45.607,0.5,12.608694436354336,7.51426611285373,17.703122759854942,1.2284427941544607e-06,6.3469544364647135e-06,1.0
warm_days,40703,Khoy,38.56,44.99,0.5,17.826083279792655,13.19227076422355,22.45989579536176,4.707345624410664e-14,5.837108574269223e-12,1.0
warm_days,40704,Ahar,38.433,47.067,0.5,14.444445643144036,8.48884467413583,20.40004661215224,1.99731794969793e-06,9.407365626046271e-06,1.0
warm_days,40706,Tabriz,38.122,46.234,0.5,15.555555493826928,8.748437535798207,22.36267345185565,7.500347166233823e-06,2.2192623652529335e-05,1.0
warm_days,40708,Ardebil,38.219,48.329,0.5,11.428575184099085,4.386054959303921,18.471095408894243,0.0014692953176118628,0.0020703706748167157,1.0
warm_days,40709,Astara,38.365,48.855,0.5,10.625000986658666,5.630270328299805,15.619731645017527,3.054101099664308e-05,7.728745639966821e-05,1.0
warm_days,40710,Sarab,37.935,47.508,0.5,14.166667570722602,6.916812083703229,21.416523057741976,0.00012816323440145716,0.00024027332784249013,1.0
warm_days,40712,Orumiyeh,37.658,45.056,0.5,18.749999816303976,11.849812355140871,25.650187277467083,1.0043106191126583e-07,6.918584264998312e-07,1.0
warm_days,40713,Maragheh-Synoptic,37.348,46.146,0.5,20.000000723559463,13.36961734380148,26.630384103317446,3.3761504703022638e-09,6.178944835154101e-08,1.0
warm_days,40716,Mianeh,37.421,47.732,0.5,17.500000393906095,11.239253654848923,23.760747132963267,4.2875315520163326e-08,3.127375955588384e-07,1.0
warm_days,40717,Khalkhal,37.609,48.538,0.5,18.88889146905301,12.621164225585396,25.156618712520636,3.4881140198450566e-09,6.178944835154101e-08,1.0
warm_days,40718,Bandar-E-Anzali,37.48,49.458,0.5,16.153846863905304,8.932689008351275,23.375004719459334,1.1622488579554613e-05,3.275428599692663e-05,1.0
warm_days,40719,Rasht,37.323,49.624,0.5,2.0000000000114606,-2.89895934827248,6.898959348295401,0.4236123444121438,0.434115129810792,0.0
warm_days,40723,Bojnurd,37.488,57.303,0.5,7.999999743999838,0.2574126632662432,15.742586824733433,0.042850647901613526,0.04620417686782676,1.0
warm_days,40724,Piranshahr,36.698,45.147,0.5,17.058823944638146,9.874056948840558,24.24359094043573,3.2613131264458417e-06,1.3480094255976145e-05,1.0
warm_days,40726,Mahabad,36.753,45.715,0.5,12.857151082696118,6.281583112606674,19.432719052785565,0.00012691414231658094,0.00024027332784249013,1.0
warm_days,40727,Saqez,36.221,46.311,0.5,13.076922603550228,6.224838510075676,19.929006697024786,0.00018359614058161,0.0003299408903205745,1.0
warm_days,40728,Takab,36.39,47.1,0.5,13.2000016467551,6.190676003494228,20.20932729001597,0.00022330118736890725,0.00038999080610907744,1.0
warm_days,40729,Zanjan,36.66,48.522,0.5,16.875000029891556,9.68450015646959,24.065499903313523,4.228575933629131e-06,1.5421865169706242e-05,1.0
warm_days,40730,Khorramdareh,36.195,49.211,0.5,14.999996631077432,8.555214545461872,21.444778716692998,5.0709955505823245e-06,1.6994687791140763e-05,1.0
warm_days,40731,Qazvin,36.245,50.045,0.5,14.615384142005198,7.350501563360438,21.88026672064996,8.043535374313571e-05,0.00016350793219916112,1.0
warm_days,40732,Ramsar,36.905,50.684,0.5,14.000000355567684,8.814750490530788,19.18525022060458,1.2102949220604842e-07,7.698293977842496e-07,1.0
warm_days,40734,Nowshahr,36.661,51.466,0.5,11.538462566910166,5.9432050936204925,17.13372004019984,5.3023261666229615e-05,0.00012021429927193078,1.0
warm_days,40736,Babolsar,36.699,52.643,0.5,10.909091570254668,3.838646885186196,17.97953625532314,0.002493637704039653,0.0033609899489230105,1.0
warm_days,40737,Gharakhil,36.487,52.108,0.5,12.307691439332874,8.13070553813905,16.484677340526698,7.68457497635211e-09,8.855132101655747e-08,1.0
warm_days,40738,Gorgan,36.905,54.413,0.5,11.666663286242011,6.218319931756314,17.115006640727714,2.7048204457091884e-05,6.98745281808207e-05,1.0
warm_days,40739,Shahrud,36.38,54.929,0.5,7.368420720220103,-0.0231210821610625,14.75996252260127,0.050716707997662924,0.05421441199750175,0.0
warm_days,40740,Quchan,37.117,58.45,0.5,10.62500039062622,2.5646586687205097,18.68534211253193,0.009776450186050667,0.011224813176576691,1.0
warm_days,40741,Sarakhs,36.537,61.149,0.5,11.875000546506204,6.402886073562282,17.347115019450126,2.1056456588119943e-05,5.676088297667115e-05,1.0
warm_days,40742,Biyarjomand,36.086,55.805,0.5,9.999999321135713,2.935327049750814,17.06467159252061,0.005530912265452548,0.006662470608494087,1.0
warm_days,40743,Sabzevar,36.207,57.649,0.5,9.999999596621471,2.7354295034285894,17.26456968981436,0.006975198631852697,0.008247454126564463,1.0
warm_days,40744,Golmakan,36.483,59.283,0.5,9.13043504725909,1.2008170484292329,17.060053046088946,0.024019858983891362,0.026358075345155125,1.0
warm_days,40745,Mashhad,36.236,59.631,0.5,11.333334958969214,3.737486568514564,18.929183349423862,0.0034511547599167525,0.004411785466285333,1.0
warm_days,40746,Neyshabur,36.267,58.8,0.5,11.052632357842803,3.3000830914170995,18.805181624268503,0.005200782456743713,0.006514111359961823,1.0
warm_days,40747,Sanandaj,35.255,47.015,0.5,16.999998821777115,9.983182393818923,24.01681524973531,2.0483779992197526e-06,9.407365626046271e-06,1.0
warm_days,40748,Bijar,35.886,47.621,0.5,14.062509138177356,7.927819677816799,20.197198598537916,7.026130785403595e-06,2.1781005434751143e-05,1.0
warm_days,40749,Zarrineh,36.06,46.914,0.5,15.294115255407885,6.936743272063508,23.65148723875226,0.00033472340745022144,0.0005461276647872034,1.0
warm_days,40751,Tehran (Shemiran),35.799,51.485,0.5,19.52380736165724,14.042305514806436,25.005309208508045,2.929656517380863e-12,1.816387040776135e-10,1.0
warm_days,40752,Karaj,35.807,50.954,0.5,15.806451488032778,8.793583382182657,22.8193195938829,9.976349461426892e-06,2.8769007749231034e-05,1.0
warm_days,40754,Tehran (Mehrabad Airport),35.693,51.309,0.5,4.999999466563328,-3.0913538262784863,13.091352759405144,0.2258305142204864,0.23531919128857404,0.0
warm_days,40755,Abali,35.771,51.987,0.5,11.000001211736786,4.043178504432264,17.956823919041305,0.0019409883749392787,0.0026862023154807938,1.0
warm_days,40757,Semnan,35.588,53.422,0.5,11.666666481480837,6.07708234030782,17.25625062265385,4.2962398628221266e-05,0.00010244879672883532,1.0
warm_days,40758,Garmsar,35.243,52.36,0.5,3.571455022775447,-4.802654690550222,11.945564736101115,0.4032021908777681,0.416642263907027,0.0
warm_days,40762,Torbat-E Heydariyeh,35.332,59.206,0.5,15.600000317352858,8.806254399570552,22.393746235135165,6.7758737316570006e-06,2.1543803659627386e-05,1.0
warm_days,40763,Kashmar,35.271,58.473,0.5,13.66666596161918,7.02100258689535,20.31232933634301,5.5611345143313784e-05,0.00012313940710305195,1.0
warm_days,40764,Ravansar,34.71,46.65,0.5,16.666666111071486,7.071042382649113,26.26228983949386,0.000663266761819381,0.0010153713390815217,1.0
warm_days,40765,Sarpol-E-Zahab,34.45,45.86,0.5,11.999999449996327,4.99984801965057,19.000150880342087,0.0007796302440030711,0.0011789530519070832,1.0
warm_days,40766,Kermanshah,34.352,47.153,0.5,2.105263854925504,-7.843195740201434,12.05372345005244,0.6783106827443357,0.6783106827443357,0.0
warm_days,40768,Hamedan (Airport),34.85,48.53,0.5,11.176469599847392,4.54959905550303,17.803340144191754,0.0009476832081471986,0.0013989609263125313,1.0
warm_days,40769,Arak,34.07,49.78,0.5,17.368416027912648,12.350962410032356,22.38586964579294,1.1630030272158365e-11,4.807079179158791e-10,1.0
warm_days,40770,Qom,34.774,50.855,0.5,17.49999903244135,10.98961236975014,24.01038569513256,1.3754005423471938e-07,8.121412726240574e-07,1.0
warm_days,40771,Kangavar,34.5,47.98,0.5,18.94736566027653,10.920312757751894,26.974418562801176,3.719692194259494e-06,1.4878768777037976e-05,1.0
warm_days,40772,Qorveh,35.18,47.786,0.5,16.470580681062067,10.36489011741093,22.576271244713205,1.2416603190068543e-07,7.698293977842496e-07,1.0
warm_days,40774,Borujerd,33.915,48.758,0.5,15.99999947175078,10.732956515730308,21.26704242777125,2.616591388004963e-09,6.178944835154101e-08,1.0
warm_days,40778,Gonabad,34.35,58.683,0.5,13.548387397321983,7.872705919477996,19.224068875165976,2.8869244559359686e-06,1.2784951162002147e-05,1.0
warm_days,40779,Eslamabad-E-Gharb,34.12,46.47,0.5,12.727271971811549,4.218000875100669,21.23654306852243,0.003372623866194191,0.004356305827167496,1.0
warm_days,40780,Ilam,33.588,46.398,0.5,21.11111185487762,13.923546718157809,28.298676991597432,8.56948267902169e-09,8.855132101655747e-08,1.0
warm_days,40782,Khorramabad,33.433,48.295,0.5,16.153847301772974,9.60471664419264,22.70297795935331,1.335044189643142e-06,6.6218191806299845e-06,1.0
warm_days,40783,Aligudarz,33.408,49.703,0.5,14.333333222222194,7.671654823498581,20.995011620945807,2.4740347099649895e-05,6.527240511396994e-05,1.0
warm_days,40785,Kashan,33.967,51.48,0.5,15.416666716586246,10.003984339693073,20.82934909347942,2.3699306961333377e-08,1.959142708803559e-07,1.0
warm_days,40787,Daran,32.988,50.407,0.5,14.666662013479002,5.644786237258415,23.688537789699588,0.001440910180635857,0.002053711062055704,1.0
warm_days,40789,Khur-Va-Biabanak,33.77,55.081,0.5,9.999999822216054,3.447613361127587,16.55238628330452,0.0027781381743514633,0.0036647780172295898,1.0
warm_days,40790,Robat-E-Poshtebadam,33.012,55.558,0.5,11.428571301116548,4.697693663369862,18.159448938863232,0.0008748870932129282,0.001307060235643411,1.0
warm_days,40791,Tabas,33.6,56.95,0.5,17.999994282464243,10.29273740288701,25.70725116204148,4.7055982999033574e-06,1.620817192188934e-05,1.0
warm_days,40792,Ferdows,34.031,58.184,0.5,6.250000390625339,-1.2169628753615704,13.716963656612249,0.10088879761119562,0.10692487951955774,0.0
warm_days,40793,Qaen,33.74,59.176,0.5,15.55555549852403,10.060820345129184,21.050290651918875,2.8772610516369923e-08,2.229877315018669e-07,1.0
warm_days,40794,Safiabad (Dezful),32.253,48.433,0.5,12.91666766601132,3.520850795202401,22.312484536820243,0.007050243043676074,0.008247454126564463,1.0
warm_days,40796,Dehloran,32.681,47.281,0.5,17.000001419817597,10.397164216162563,23.60283862347263,4.504103265912107e-07,2.5386763862413693e-06,1.0
warm_days,40797,Kuhrang,32.458,50.125,0.5,18.333332379074285,9.31641826224778,27.35024649590079,6.745086225778962e-05,0.00014176113423671038,1.0
warm_days,40798,Shahrekord,32.293,50.84,0.5,18.69565237669044,10.605090450093416,26.786214303287466,5.9217632275565535e-06,1.932364842676349e-05,1.0
warm_days,40799,Ardestan,33.355,52.376,0.5,10.000004500115582,1.8719973444556024,18.12801165577556,0.015890699420770593,0.017751772325905888,1.0
warm_days,40800,Esfahan,32.518,51.707,0.5,13.333333538160236,7.05526828841794,19.61139878790253,3.1458733969147445e-05,7.801766024348567e-05,1.0
warm_days,40801,Naein,32.851,53.079,0.5,10.95238084820788,4.412800272009174,17.491961424406586,0.001028634650087401,0.001483147635009741,1.0
warm_days,40802,Esfahan (Airport),32.493,51.863,0.5,10.000000997560427,3.354637987221466,16.645364007899392,0.0031836550037609435,0.00415550758385639,1.0
warm_days,40803,Kabutarabad,32.515,51.834,0.5,17.272727788318754,11.37083330919511,23.1746222674424,9.68147007007758e-09,9.234632989920154e-08,1.0
warm_days,40809,Birjand,32.9,59.25,0.5,14.999999789782189,6.977189780753241,23.02280979881114,0.0002477724866658537,0.00042087381296665563,1.0
warm_days,40810,Bostan,31.708,48.01,0.5,13.793108137749286,4.860167202346856,22.726049073151717,0.002474993757417776,0.0033609899489230105,1.0
warm_days,40811,Ahvaz,31.344,48.744,0.5,15.500001645001316,7.063327419280119,23.93667587072252,0.00031706216587013003,0.0005242094475719483,1.0
warm_days,40812,Masjedsoleyman,31.983,49.241,0.5,15.000003518745666,8.702681204098562,21.29732583339277,3.0318231465376044e-06,1.2963657592091827e-05,1.0
warm_days,40813,Ramhormoz,31.273,49.596,0.5,12.692307781065772,3.724992575511907,21.65962298661964,0.005534148973184605,0.006662470608494087,1.0
warm_days,40818,Abadeh,31.198,52.617,0.5,17.727270300119827,8.684646629321309,26.769893970918343,0.00012183307400315257,0.00023605158088110811,1.0
warm_days,40821,Yazd,31.9,54.28,0.5,13.333330238121526,7.642424971281372,19.02423550496168,4.387632181801493e-06,1.554475401552529e-05,1.0
warm_days,40827,Nehbandan,31.53,60.03,0.5,14.399992131208602,7.322653660073643,21.477330602343564,6.665017279527952e-05,0.00014176113423671038,1.0
warm_days,40829,Zabol,31.089,61.543,0.5,19.545457410257917,13.014839012243874,26.076075808271952,4.46232339967878e-09,6.340457926591448e-08,1.0
warm_days,40831,Abadan,30.37,48.22,0.5,12.222221728380871,5.207822313874833,19.23662114288691,0.0006373593844382075,0.0010004121983587055,1.0
warm_days,40832,Bandar-E- Mahshahr,30.546,49.159,0.5,13.225806159490354,7.601883222081833,18.84972909689888,4.039468059602314e-06,1.517860725426324e-05,1.0
warm_days,40833,Omidiyeh (Aghajari),30.743,49.688,0.5,15.999999428084248,8.711852362893104,23.28814649327539,1.6859461287044297e-05,4.645718221318873e-05,1.0
warm_days,40835,Dogonbadan,30.346,50.819,0.5,15.000000390162365,6.632308491271605,23.367692289053124,0.0004422214809711722,0.0007030187646208378,1.0
warm_days,40836,Yasuj,30.699,51.555,0.5,13.846153447925904,7.968960883381743,19.723346012470063,3.882238707175745e-06,1.504367499030601e-05,1.0
warm_days,40839,Anar,30.88,55.25,0.5,10.769236467317878,3.9554531057935103,17.583019828842247,0.0019496629709134794,0.0026862023154807938,1.0
warm_days,40841,Kerman,30.252,56.965,0.5,13.333333550535452,3.5818817908105327,23.08478531026037,0.007363472300986107,0.008533369769367078,1.0
warm_days,40844,Dorudzan,30.183,52.465,0.5,17.199998985387495,9.062656312957175,25.337341657817817,3.429780807939764e-05,8.339074905579034e-05,1.0
warm_days,40847,Zarqan,29.778,52.704,0.5,17.307692337278183,9.733044658764165,24.8823400157922,7.516856398437355e-06,2.2192623652529335e-05,1.0
warm_days,40848,Shiraz,29.545,52.603,0.5,15.555561521656555,8.067198234762671,23.043924808550443,4.67105732964157e-05,0.00010928511488218014,1.0
warm_days,40849,Shahrebabak,30.146,55.107,0.5,14.6153889483697,7.129699566924765,22.101078329814637,0.00012982510456005514,0.00024027332784249013,1.0
warm_days,40851,Sirjan,29.471,55.661,0.5,14.40000710801803,6.113387949396987,22.686626266639077,0.000659283255114218,0.0010153713390815217,1.0
warm_days,40853,Baft,29.239,56.58,0.5,18.57142810340581,9.48165773322208,27.66119847358955,6.214839680218631e-05,0.00013520002111352811,1.0
warm_days,40854,Bam,29.08,58.35,0.5,17.999999822220165,12.243322445467273,23.75667719897306,8.869183165671757e-10,2.7494467813582446e-08,1.0
warm_days,40856,Zahedan,29.472,60.9,0.5,9.375009621569088,2.0454200938798586,16.704599149258318,0.012177302983218175,0.013853078623110584,1.0
warm_days,40857,Bushehr (Coastal),28.904,50.821,0.5,23.600000128000765,15.483483326692086,31.71651692930944,1.2051475151153568e-08,1.0674163705307446e-07,1.0
warm_days,40858,Bushehr (Airport),28.96,50.82,0.5,2.3809522902493803,-3.570456624986436,8.332361205485196,0.4329649955579904,0.44006278237041646,0.0
warm_days,40859,Fasa,28.899,53.719,0.5,12.72727173553058,5.627500478038304,19.82704299302285,0.00044214916202078847,0.0007030187646208378,1.0
warm_days,40870,Khash,28.22,61.19,0.5,11.000001400010271,3.2632627474556024,18.73674005256494,0.00532470449277711,0.006537260961429323,1.0
warm_days,40873,Lar,27.67,54.375,0.5,12.40000127358163,4.332986190166501,20.46701635699676,0.0025888122589574625,0.00345174967860995,1.0
warm_days,40875,Bandarabbas,27.215,56.373,0.5,12.083330729303826,6.034696944360126,18.131964514247528,9.022306392525437e-05,0.0001797998287740863,1.0
warm_days,40876,Minab,27.107,57.089,0.5,16.99999063889662,11.314919796823943,22.685061480969296,4.601945269300245e-09,6.340457926591448e-08,1.0
warm_days,40877,Kahnuj,27.994,57.713,0.5,9.285715491640216,1.94869899102926,16.622731992251172,0.013117153533932502,0.014786609438251185,1.0
warm_days,40878,Saravan,27.39,62.319,0.5,12.608692889546097,3.4449803588256387,21.77240542026655,0.007000154797550673,0.008247454126564463,1.0
warm_days,40879,Iranshahr,27.23,60.718,0.5,14.166666631943878,6.474503405340255,21.8588298585475,0.000306510628956147,0.0005136124052778679,1.0
warm_days,40882,Kish Island,26.522,53.982,0.5,12.96296849375008,6.469040486365231,19.456896501134928,9.1349913006189e-05,0.0001797998287740863,1.0
warm_days,40883,Bandar-E-Lengeh,26.528,54.828,0.5,13.599999156222342,6.356763913674299,20.843234398770385,0.0002331212605719557,0.00040148661542947924,1.0
warm_days,40889,Siri Island,25.898,54.551,0.5,9.67741927159202,0.7314314659171934,18.623407077266844,0.03398486298833592,0.03696599132064609,1.0
warm_days,40890,Abumusa Island,25.874,55.013,0.5,16.66669300019608,8.582017476244411,24.75136852414775,5.332085854803381e-05,0.00012021429927193078,1.0
warm_days,40893,Jask,25.638,57.77,0.5,-2.142856224488327,-9.549038187010586,5.263325738033933,0.570650608423005,0.5752900442638424,0.0
warm_days,40898,Chahbahar,25.281,60.651,0.5,12.083333159722187,2.162343700997729,22.00432261844665,0.01697749947947713,0.018796517280849682,1.0
warm_days,88187,Jam,27.816,52.356,0.5,15.555567849909911,7.384915352475122,23.7262203473447,0.000190331616190198,0.00033715886296549355,1.0
warm_days,99331,Tehran (Geophysic),35.747,51.387,0.5,13.571421135117612,6.8502453597009145,20.29259691053431,7.569433228260536e-05,0.00015643495338405107,1.0
warm_days,99407,Boshruyeh,33.85,57.42,0.5,10.666668705188709,4.322668513932306,17.01066889644511,0.000982457096249334,0.0014332315286460873,1.0
warm_days,99421,Natanz,33.49,51.931,0.5,11.428570408167472,3.558075640357732,19.29906517597721,0.004426212894825143,0.005600514275084876,1.0
warm_days,99459,Borujen,31.979,51.299,0.5,18.095238196998107,10.838108004406989,25.352368389589227,1.0230736133820528e-06,5.515701219972806e-06,1.0
warm_days,99623,Zahak,30.9,61.683,0.5,16.666667639913978,10.99351499507582,22.339820284752136,8.505811610604042e-09,8.855132101655747e-08,1.0
warm_nights,19996,Bahookalat,25.7,61.417,0.5,3.333338676547658,-4.018845587539463,10.68552294063478,0.37420398782561515,0.386677454086469,0.0
warm_nights,40700,Parsabad,39.608,47.877,0.5,11.250000104166691,6.3274095012366125,16.17259070709677,7.487111042037142e-06,2.1590738818897803e-05,1.0
warm_nights,40701,Maku,39.379,44.392,0.5,13.749994790838846,7.136594059362636,20.363395522315056,4.600293287060353e-05,9.351415862221046e-05,1.0
warm_nights,40702,Jolfa,38.932,45.607,0.5,17.14284572525735,11.379685291567462,22.906006158947235,5.5384035135830345e-09,3.614537029917349e-08,1.0
warm_nights,40703,Khoy,38.56,44.99,0.5,15.714282087996764,10.898404031236392,20.530160144757133,1.6001311387014994e-10,1.6534688433248827e-09,1.0
warm_nights,40704,Ahar,38.433,47.067,0.5,10.000000422846613,4.52574379291382,15.474257052779402,0.00034307524437227066,0.0005597543460810732,1.0
warm_nights,40706,Tabriz,38.122,46.234,0.5,9.333333688892376,2.925967949247648,15.740699428537104,0.00430303822609468,0.005995244270064497,1.0
warm_nights,40708,Ardebil,38.219,48.329,0.5,17.27272727272726,11.915238134345763,22.630216411108755,2.630795581382017e-10,2.3301332292240725e-09,1.0
warm_nights,40709,Astara,38.365,48.855,0.5,14.99999686014776,10.820538022616052,19.17945569767947,2.001065979584382e-12,3.915661445879388e-11,1.0
warm_nights,40710,Sarab,37.935,47.508,0.5,10.740766681261055,5.419677111183109,16.061856251339005,7.611500899162849e-05,0.000143003956287302,1.0
warm_nights,40712,Orumiyeh,37.658,45.056,0.5,6.153846949601213,0.2892480729053011,12.018445826297125,0.03971805447763832,0.04735614187718415,1.0
warm_nights,40713,Maragheh-Synoptic,37.348,46.146,0.5,13.888888827160446,8.148040858937216,19.62973679538368,2.117786526589782e-06,6.910671823608763e-06,1.0
warm_nights,40716,Mianeh,37.421,47.732,0.5,13.333333688901169,7.945122321500983,18.721545056301352,1.2340270096888872e-06,4.135658086524919e-06,1.0
warm_nights,40717,Khalkhal,37.609,48.538,0.5,11.935483912591058,7.718362739766756,16.15260508541536,2.9014925795323165e-08,1.6353867266454875e-07,1.0
warm_nights,40718,Bandar-E-Anzali,37.48,49.458,0.5,13.684210193905264,7.84571666903651,19.522703718774014,4.351820627856995e-06,1.3836557893699163e-05,1.0
warm_nights,40719,Rasht,37.323,49.624,0.5,18.709678149682468,14.895989856989363,22.52336644237557,0.0,0.0,1.0
warm_nights,40723,Bojnurd,37.488,57.303,0.5,9.56521724007505,4.712915183864229,14.417519296285873,0.00011168365951963466,0.00019783962543478139,1.0
warm_nights,40724,Piranshahr,36.698,45.147,0.5,16.956523110506087,12.22257335272934,21.690472868282832,2.2104540420286867e-12,3.915661445879388e-11,1.0
warm_nights,40726,Mahabad,36.753,45.715,0.5,14.090908271619066,7.665142228409368,20.51667431482876,1.7231740271128615e-05,3.956918136333237e-05,1.0
warm_nights,40727,Saqez,36.221,46.311,0.5,11.666666086192487,5.760294152937176,17.5730380194478,0.00010815664230290345,0.00019436845863130477,1.0
warm_nights,40728,Takab,36.39,47.1,0.5,8.666667022222551,4.082335516776843,13.250998527668258,0.00021107820610710704,0.0003536986156389361,1.0
warm_nights,40729,Zanjan,36.66,48.522,0.5,10.322580304938503,3.122723705344135,17.522436904532874,0.004952738370566756,0.006748786351101953,1.0
warm_nights,40730,Khorramdareh,36.195,49.211,0.5,15.29411778546812,9.397977539045815,21.190258031890423,3.694049113267539e-07,1.4314440313911714e-06,1.0
warm_nights,40731,Qazvin,36.245,50.045,0.5,9.375009704154529,4.034961895822455,14.7150575124866,0.0005796028243547635,0.0008983843777498835,1.0
warm_nights,40732,Ramsar,36.905,50.684,0.5,15.757581583772089,9.508423795949312,22.006739371594865,7.722864658887829e-07,2.7361006220059736e-06,1.0
warm_nights,40734,Nowshahr,36.661,51.466,0.5,16.666668001345947,9.417214476656111,23.91612152603578,6.603397915805331e-06,1.949574622761574e-05,1.0
warm_nights,40736,Babolsar,36.699,52.643,0.5,12.413794018360202,7.549387302656764,17.27820073406364,5.678255008412236e-07,2.0708930030679923e-06,1.0
warm_nights,40737,Gharakhil,36.487,52.108,0.5,13.12499870089665,7.293106418064237,18.956890983729064,1.0285190237491193e-05,2.5557565909544167e-05,1.0
warm_nights,40738,Gorgan,36.905,54.413,0.5,6.250000883939546,-1.1051854710579845,13.605187238937075,0.0958147007126211,0.10514179547225679,0.0
warm_nights,40739,Shahrud,36.38,54.929,0.5,4.285714178066622,-2.210153749438126,10.78158210557137,0.19596620220053707,0.2076906758364666,0.0
warm_nights,40740,Quchan,37.117,58.45,0.5,-2.4999951278251467,-10.135559445234424,5.13556918958413,0.5210468262444683,0.533965342597637,0.0
warm_nights,40741,Sarakhs,36.537,61.149,0.5,9.999997638888768,6.119839894315211,13.880155383462323,4.387217285017897e-07,1.6485301313400584e-06,1.0
warm_nights,40742,Biyarjomand,36.086,55.805,0.5,9.047619230170268,3.568851719276675,14.52638674106386,0.001209044607709986,0.0017432736204190493,1.0
warm_nights,40743,Sabzevar,36.207,57.649,0.5,8.799999805235931,0.0049572478027499,17.595042362669112,0.04986680631252094,0.05672921085094125,0.0
warm_nights,40744,Golmakan,36.483,59.283,0.5,10.837795372415146,6.065500617986031,15.61009012684426,8.542172809100634e-06,2.341833804350109e-05,1.0
warm_nights,40745,Mashhad,36.236,59.631,0.5,12.400000128003844,7.9249686206206436,16.875031635387042,5.6031826733971e-08,2.894977714588502e-07,1.0
warm_nights,40746,Neyshabur,36.267,58.8,0.5,5.862068870392172,0.0039264824149087,11.720211258369435,0.049842438843950454,0.05672921085094125,0.0
warm_nights,40747,Sanandaj,35.255,47.015,0.5,9.615384763314324,5.342522594470143,13.888246932158506,1.0305470124816196e-05,2.5557565909544167e-05,1.0
warm_nights,40748,Bijar,35.886,47.621,0.5,14.999991189008805,8.02510628563278,21.97487609238483,2.4964447961739467e-05,5.430862363606481e-05,1.0
warm_nights,40749,Zarrineh,36.06,46.914,0.5,7.142863373210676,1.5720996655588273,12.713627080862524,0.011966773748206538,0.01483879944777611,1.0
warm_nights,40751,Tehran (Shemiran),35.799,51.485,0.5,9.032257352066887,4.078147663658536,13.98636704047524,0.0003523190985981195,0.0005673710159242443,1.0
warm_nights,40752,Karaj,35.807,50.954,0.5,11.904761353385274,6.096285219233224,17.713237487537324,5.8914304267743134e-05,0.00011595831316190712,1.0
warm_nights,40754,Tehran (Mehrabad Airport),35.693,51.309,0.5,7.647059570981783,0.0492402398931393,15.244878902070427,0.048529473426951686,0.05672921085094125,0.0
warm_nights,40755,Abali,35.771,51.987,0.5,8.333332566038303,1.4738353256082144,15.192829806468392,0.017259775740427363,0.021190219720920722,1.0
warm_nights,40757,Semnan,35.588,53.422,0.5,7.058823667821305,0.0359551480088935,14.081692187633717,0.048834398523443845,0.05672921085094125,0.0
warm_nights,40758,Garmsar,35.243,52.36,0.5,19.166666962309893,13.238698416403112,25.09463550821668,2.339923810268374e-10,2.2319273267175257e-09,1.0
warm_nights,40762,Torbat-E Heydariyeh,35.332,59.206,0.5,11.153846360947616,6.874193501865987,15.433499220029246,3.2515538928024057e-07,1.3484818017772682e-06,1.0
warm_nights,40763,Kashmar,35.271,58.473,0.5,9.444446727572917,3.728204701756592,15.16068875338924,0.001202288824506681,0.0017432736204190493,1.0
warm_nights,40764,Ravansar,34.71,46.65,0.5,9.50000147353686,4.068158079126634,14.931844867947085,0.0006081923798928468,0.0009310599395890495,1.0
warm_nights,40765,Sarpol-E-Zahab,34.45,45.86,0.5,12.592595678150792,7.175418448465405,18.00977290783618,5.209902832481461e-06,1.615069878069253e-05,1.0
warm_nights,40766,Kermanshah,34.352,47.153,0.5,10.00000008264245,4.085263544401044,15.914736620883854,0.0009205143780521841,0.0013752262997406123,1.0
warm_nights,40768,Hamedan (Airport),34.85,48.53,0.5,6.428571454081632,0.7008722952936175,12.156270612869646,0.027818517386024144,0.0338185897634019,1.0
warm_nights,40769,Arak,34.07,49.78,0.5,11.428572767754506,5.589008455168283,17.26813708034073,0.00012510374930485568,0.00021849105512397328,1.0
warm_nights,40770,Qom,34.774,50.855,0.5,14.210526426596871,10.012945658785672,18.408107194408075,3.236211298940361e-11,4.0129020106860483e-10,1.0
warm_nights,40771,Kangavar,34.5,47.98,0.5,4.782601573612134,0.2499082989802072,9.31529484824406,0.038634019867781255,0.046510858869950246,1.0
warm_nights,40772,Qorveh,35.18,47.786,0.5,16.81817261116524,11.472174795712302,22.16417042661818,7.002287638613325e-10,5.563855487444869e-09,1.0
warm_nights,40774,Borujerd,33.915,48.758,0.5,17.77777260177066,11.957029543849709,23.59851565969161,2.1473169908858836e-09,1.5662782757049976e-08,1.0
warm_nights,40778,Gonabad,34.35,58.683,0.5,11.1764708650582,5.890284971074346,16.462656759042055,3.4131987002528064e-05,7.29718342812669e-05,1.0
warm_nights,40779,Eslamabad-E-Gharb,34.12,46.47,0.5,10.952380054715906,5.6252477977557565,16.279512311676058,5.5851647517313197e-05,0.00011170329503462639,1.0
warm_nights,40780,Ilam,33.588,46.398,0.5,-6.896551488100842,-16.306814058253348,2.513711082051664,0.15087828547538118,0.16128368447368335,0.0
warm_nights,40782,Khorramabad,33.433,48.295,0.5,12.608674172503546,6.837414443956249,18.379933901050844,1.851535903107937e-05,4.099829499739004e-05,1.0
warm_nights,40783,Aligudarz,33.408,49.703,0.5,11.000001000001708,4.929075291820256,17.07092670818316,0.00038325559924068386,0.0006092781321262153,1.0
warm_nights,40785,Kashan,33.967,51.48,0.5,16.875001171331935,10.390632181500669,23.3593701611632,3.3834956481015865e-07,1.3533982592406346e-06,1.0
warm_nights,40787,Daran,32.988,50.407,0.5,13.33333880792056,7.351319642094414,19.315357973746707,1.2501731587288845e-05,2.981182147738109e-05,1.0
warm_nights,40789,Khur-Va-Biabanak,33.77,55.081,0.5,17.60000019200255,13.213845927658491,21.986154456346608,3.774758283725532e-15,2.34035013590983e-13,1.0
warm_nights,40790,Robat-E-Poshtebadam,33.012,55.558,0.5,7.50331242956779,1.8738512017848483,13.132773657350732,0.00899048864516061,0.011612714499999122,1.0
warm_nights,40791,Tabas,33.6,56.95,0.5,14.166666805555536,10.112272168073048,18.221061443038025,7.460920770085977e-12,1.1564427193633264e-10,1.0
warm_nights,40792,Ferdows,34.031,58.184,0.5,15.714285637754104,11.738197472814443,19.690373802693763,9.547918011776346e-15,3.94647277820089e-13,1.0
warm_nights,40793,Qaen,33.74,59.176,0.5,11.666666111109532,6.337321911586647,16.996010310632414,1.781035066472647e-05,4.015424513501968e-05,1.0
warm_nights,40794,Safiabad (Dezful),32.253,48.433,0.5,9.230765094862514,2.884011838105465,15.577518351619563,0.004363153498421646,0.0060114559311587115,1.0
warm_nights,40796,Dehloran,32.681,47.281,0.5,10.666661458291422,5.294307586476905,16.03901533010594,9.961558307303164e-05,0.0001816519456037636,1.0
warm_nights,40797,Kuhrang,32.458,50.125,0.5,11.25000007812645,7.140787687874122,15.359212468378775,8.050558153449572e-08,3.9930768441109877e-07,1.0
warm_nights,40798,Shahrekord,32.293,50.84,0.5,-0.4761912276972332,-7.388255672078313,6.435873216683846,0.8925882986008145,0.8925882986008145,0.0
warm_nights,40799,Ardestan,33.355,52.376,0.5,11.818181735533011,6.22256314502974,17.41380032603628,3.479082649882059e-05,7.311970315006362e-05,1.0
warm_nights,40800,Esfahan,32.518,51.707,0.5,15.000000200010833,9.470799669885125,20.529200730136544,1.0536205374833685e-07,4.910051668624057e-07,1.0
warm_nights,40801,Naein,32.851,53.079,0.5,12.38095627600558,7.629881518679469,17.132031033331693,3.262455972041778e-07,1.3484818017772682e-06,1.0
warm_nights,40802,Esfahan (Airport),32.493,51.863,0.5,4.999998961326801,-0.1368963901480659,10.136894312801669,0.05642137471966069,0.06360227695670842,0.0
warm_nights,40803,Kabutarabad,32.515,51.834,0.5,18.01248737070458,11.36952124818849,24.65545349322067,1.0691241536520124e-07,4.910051668624057e-07,1.0
warm_nights,40809,Birjand,32.9,59.25,0.5,6.999998260243174,1.6998117110068511,12.300184809479497,0.009637046285802864,0.012319523087005723,1.0
warm_nights,40810,Bostan,31.708,48.01,0.5,18.846154398567343,14.000195224134051,23.692113573000636,2.4868995751603507e-14,7.709388682997087e-13,1.0
warm_nights,40811,Ahvaz,31.344,48.744,0.5,12.50000301140978,6.991291924260269,18.008714098559288,8.687447983879437e-06,2.341833804350109e-05,1.0
warm_nights,40812,Masjedsoleyman,31.983,49.241,0.5,12.727272396685905,5.372959879019317,20.081584914352494,0.0006939732484230188,0.001049422961029931,1.0
warm_nights,40813,Ramhormoz,31.273,49.596,0.5,17.499990381207315,12.2012613161553,22.79871944625933,9.591905048011995e-11,1.0812692963213522e-09,1.0
warm_nights,40818,Abadeh,31.198,52.617,0.5,15.714277085203294,11.176152445747014,20.25240172465957,1.145372685584789e-11,1.5780690334723757e-10,1.0
warm_nights,40821,Yazd,31.9,54.28,0.5,16.363626829321817,10.836099065310885,21.89115459333275,6.538780183973358e-09,3.9993184087179435e-08,1.0
warm_nights,40827,Nehbandan,31.53,60.03,0.5,8.4615377725606,2.465220636693956,14.457854908427244,0.0056783345561546295,0.007648249841648358,1.0
warm_nights,40829,Zabol,31.089,61.543,0.5,14.000002216208824,7.786333030464048,20.2136714019536,1.0051107893316313e-05,2.5557565909544167e-05,1.0
warm_nights,40831,Abadan,30.37,48.22,0.5,16.666657844722863,11.031034685098495,22.30228100434723,6.773039240570711e-09,3.9993184087179435e-08,1.0
warm_nights,40832,Bandar-E- Mahshahr,30.546,49.159,0.5,15.200004234077731,9.779899145863157,20.62010932229231,3.87240803867428e-08,2.0877330295461335e-07,1.0
warm_nights,40833,Omidiyeh (Aghajari),30.743,49.688,0.5,12.857137665209551,5.959277443794879,19.754997886624228,0.00025888603321710946,0.0004280249082522876,1.0
warm_nights,40835,Dogonbadan,30.346,50.819,0.5,8.148149965824722,-0.4026519101376689,16.698951841787114,0.06180322554558315,0.06904144115002082,0.0
warm_nights,40836,Yasuj,30.699,51.555,0.5,-2.0000002830934083,-11.422006108509429,7.422005542322612,0.6773753553360964,0.6884798693579995,0.0
warm_nights,40839,Anar,30.88,55.25,0.5,10.833331068839184,5.281129184186922,16.385532953491442,0.000131140008564401,0.00022585223697202392,1.0
warm_nights,40841,Kerman,30.252,56.965,0.5,10.74074046639204,5.999912124386719,15.481568808397364,8.973224184138928e-06,2.3674038273047384e-05,1.0
warm_nights,40844,Dorudzan,30.183,52.465,0.5,-4.500005735644717,-11.727098679228504,2.7270872079390704,0.22230976400782843,0.23361365031331122,0.0
warm_nights,40847,Zarqan,29.778,52.704,0.5,15.454544581996451,9.657798944966972,21.251290219025933,1.736830066434436e-07,7.69167600849536e-07,1.0
warm_nights,40848,Shiraz,29.545,52.603,0.5,-1.1538452618092572,-8.839712214652366,6.532021691033851,0.7685698227625009,0.7748183579069114,0.0
warm_nights,40849,Shahrebabak,30.146,55.107,0.5,2.5000067518620623,-2.9543777680416348,7.954391271765759,0.36899244697953204,0.3844963313064031,0.0
warm_nights,40851,Sirjan,29.471,55.661,0.5,13.333331604643044,7.998866480599552,18.667796728686536,9.634537510017083e-07,3.3185629201169948e-06,1.0
warm_nights,40853,Baft,29.239,56.58,0.5,13.928569775219898,9.498254203835838,18.35888534660396,7.179168370896605e-10,5.563855487444869e-09,1.0
warm_nights,40854,Bam,29.08,58.35,0.5,14.9999957823448,8.317886147182225,21.682105417507373,1.0834727276032297e-05,2.6343258475058917e-05,1.0
warm_nights,40856,Zahedan,29.472,60.9,0.5,7.826087032136536,2.2734455682104864,13.378728496062584,0.0057361873812362685,0.007648249841648358,1.0
warm_nights,40857,Bushehr (Coastal),28.904,50.821,0.5,12.307693525503325,6.457350706301462,18.158036344705188,3.7338273747744566e-05,7.716576574533877e-05,1.0
warm_nights,40858,Bushehr (Airport),28.96,50.82,0.5,17.69231601065504,13.049357402333149,22.335274618976936,8.104628079763643e-14,2.0099477637813834e-12,1.0
warm_nights,40859,Fasa,28.899,53.719,0.5,15.925924697128051,10.57613716695047,21.27571222730564,5.386284751551784e-09,3.614537029917349e-08,1.0
warm_nights,40870,Khash,28.22,61.19,0.5,9.375004385152916,4.435399024964124,14.31460974534171,0.00019927441916789412,0.0003384935339290256,1.0
warm_nights,40873,Lar,27.67,54.375,0.5,11.53846698285746,6.547624611915871,16.529309353799047,5.860006647706584e-06,1.772294693452723e-05,1.0
warm_nights,40875,Bandarabbas,27.215,56.373,0.5,7.500000606495627,1.76940254120138,13.230598671789874,0.010312303755076746,0.01304822107785221,1.0
warm_nights,40876,Minab,27.107,57.089,0.5,9.677419521332745,2.638524043799931,16.716314998865556,0.00704511116593709,0.0092935508997468,1.0
warm_nights,40877,Kahnuj,27.994,57.713,0.5,10.999995464372708,5.593770208774668,16.406220719970747,6.66344925039919e-05,0.00012711810877684608,1.0
warm_nights,40878,Saravan,27.39,62.319,0.5,7.727264535281409,2.997134388575048,12.457394681987772,0.001365208992190059,0.0019458151153053712,1.0
warm_nights,40879,Iranshahr,27.23,60.718,0.5,9.655172491857709,3.8655634826590575,15.44478150105636,0.0010806632791808823,0.0015952648406955883,1.0
warm_nights,40882,Kish Island,26.522,53.982,0.5,16.296301257630915,9.123052914825635,23.4695496004362,8.477364842773838e-06,2.341833804350109e-05,1.0
warm_nights,40883,Bandar-E-Lengeh,26.528,54.828,0.5,6.785714362245068,-1.5131706622765346,15.084599386766673,0.10901748318508253,0.118580420306581,0.0
warm_nights,40889,Siri Island,25.898,54.551,0.5,10.000000009041694,2.322826208005048,17.67717381007834,0.01067924947091714,0.013376029640340662,1.0
warm_nights,40890,Abumusa Island,25.874,55.013,0.5,9.999999935999922,-0.7257059830389725,20.725705855038814,0.06764182232021465,0.07488916042595194,0.0
warm_nights,40893,Jask,25.638,57.77,0.5,6.666666887605452,0.0065303808325616,13.32680339437834,0.04977158765799672,0.05672921085094125,0.0
warm_nights,40898,Chahbahar,25.281,60.651,0.5,15.714289983293806,6.860283279927373,24.56829668666024,0.0005039424990771479,0.0007909983529818525,1.0
warm_nights,88187,Jam,27.816,52.356,0.5,13.333333209881514,4.9578129965375926,21.708853423225435,0.0018072572743570436,0.002546589795684925,1.0
warm_nights,99331,Tehran (Geophysic),35.747,51.387,0.5,-6.428569997614756,-14.60692951620685,1.7497895209773384,0.12340176552999815,0.13305929500625888,0.0
warm_nights,99407,Boshruyeh,33.85,57.42,0.5,13.999993683208125,7.634190016425635,20.36579734999061,1.6286373817786526e-05,3.8103968932179795e-05,1.0
warm_nights,99421,Natanz,33.49,51.931,0.5,12.500001952827027,6.284274349341684,18.715729556312372,8.093488639948632e-05,0.00014978993900800454,1.0
warm_nights,99459,Borujen,31.979,51.299,0.5,10.714285882259484,5.480924862208148,15.947646902310822,6.002368294977245e-05,0.00011629588571518412,1.0
warm_nights,99623,Zahak,30.9,61.683,0.5,10.55555662271503,2.670483853765813,18.44062939166425,0.008695362952582109,0.011349736906528227,1.0
cool_days,19996,Bahookalat,25.7,61.417,0.9,-13.333330611408693,,,,,
cool_days,40700,Parsabad,39.608,47.877,0.9,-9.61540419438106,,,,,
cool_days,40701,Maku,39.379,44.392,0.9,-26.428571582963485,,,,,
cool_days,40702,Jolfa,38.932,45.607,0.9,-19.06249987630223,,,,,
cool_days,40703,Khoy,38.56,44.99,0.9,-22.85714278155726,,,,,
cool_days,40704,Ahar,38.433,47.067,0.9,-14.7619047871033,,,,,
cool_days,40706,Tabriz,38.122,46.234,0.9,-21.49999489559595,,,,,
cool_days,40708,Ardebil,38.219,48.329,0.9,-20.62499990379961,,,,,
cool_days,40709,Astara,38.365,48.855,0.9,-18.88888855997913,,,,,
cool_days,40710,Sarab,37.935,47.508,0.9,-17.14285713435376,,,,,
cool_days,40712,Orumiyeh,37.658,45.056,0.9,-28.387099009664777,,,,,
cool_days,40713,Maragheh-Synoptic,37.348,46.146,0.9,-28.18181787419645,,,,,
cool_days,40716,Mianeh,37.421,47.732,0.9,-25.806454194094144,,,,,
cool_days,40717,Khalkhal,37.609,48.538,0.9,-17.307691844181498,,,,,
cool_days,40718,Bandar-E-Anzali,37.48,49.458,0.9,-20.476190430838884,,,,,
cool_days,40719,Rasht,37.323,49.624,0.9,-13.076922699084408,,,,,
cool_days,40723,Bojnurd,37.488,57.303,0.9,-8.709677398543217,,,,,
cool_days,40724,Piranshahr,36.698,45.147,0.9,-20.49999953749938,,,,,
cool_days,40726,Mahabad,36.753,45.715,0.9,-16.296296893294862,,,,,
cool_days,40727,Saqez,36.221,46.311,0.9,-11.66667467623168,,,,,
cool_days,40728,Takab,36.39,47.1,0.9,-20.90909095041343,,,,,
cool_days,40729,Zanjan,36.66,48.522,0.9,-20.645161269510915,,,,,
cool_days,40730,Khorramdareh,36.195,49.211,0.9,-13.076930051174568,,,,,
cool_days,40731,Qazvin,36.245,50.045,0.9,-18.709679226387813,,,,,
cool_days,40732,Ramsar,36.905,50.684,0.9,-15.769250467053906,,,,,
cool_days,40734,Nowshahr,36.661,51.466,0.9,-13.57142881270428,,,,,
cool_days,40736,Babolsar,36.699,52.643,0.9,-18.928575036758566,,,,,
cool_days,40737,Gharakhil,36.487,52.108,0.9,-16.25007080358346,,,,,
cool_days,40738,Gorgan,36.905,54.413,0.9,-15.000000555558218,,,,,
cool_days,40739,Shahrud,36.38,54.929,0.9,-14.230776586287163,,,,,
cool_days,40740,Quchan,37.117,58.45,0.9,-8.846153809993314,,,,,
cool_days,40741,Sarakhs,36.537,61.149,0.9,-14.285708554876908,,,,,
cool_days,40742,Biyarjomand,36.086,55.805,0.9,-14.230777277139246,,,,,
cool_days,40743,Sabzevar,36.207,57.649,0.9,-15.161290494144897,,,,,
cool_days,40744,Golmakan,36.483,59.283,0.9,-8.23529909470282,,,,,
cool_days,40745,Mashhad,36.236,59.631,0.9,-12.96296292943144,,,,,
cool_days,40746,Neyshabur,36.267,58.8,0.9,-13.54838903620276,,,,,
cool_days,40747,Sanandaj,35.255,47.015,0.9,-15.483871184748972,,,,,
cool_days,40748,Bijar,35.886,47.621,0.9,-13.928571607142944,,,,,
cool_days,40749,Zarrineh,36.06,46.914,0.9,-17.419356680144162,,,,,
cool_days,40751,Tehran (Shemiran),35.799,51.485,0.9,-17.777790675483196,,,,,
cool_days,40752,Karaj,35.807,50.954,0.9,-15.384622630736224,,,,,
cool_days,40754,Tehran (Mehrabad Airport),35.693,51.309,0.9,-15.000007139201628,,,,,
cool_days,40755,Abali,35.771,51.987,0.9,-16.923083989416465,,,,,
cool_days,40757,Semnan,35.588,53.422,0.9,-18.709677315484143,,,,,
cool_days,40758,Garmsar,35.243,52.36,0.9,-15.769238143006184,,,,,
cool_days,40762,Torbat-E Heydariyeh,35.332,59.206,0.9,-16.12903416128816,,,,,
cool_days,40763,Kashmar,35.271,58.473,0.9,-16.451614870281258,,,,,
cool_days,40764,Ravansar,34.71,46.65,0.9,-25.333333194868715,,,,,
cool_days,40765,Sarpol-E-Zahab,34.45,45.86,0.9,-24.61538416422461,,,,,
cool_days,40766,Kermanshah,34.352,47.153,0.9,-17.999997775079233,,,,,
cool_days,40768,Hamedan (Airport),34.85,48.53,0.9,-10.588255923132678,,,,,
cool_days,40769,Arak,34.07,49.78,0.9,-19.999999720198925,,,,,
cool_days,40770,Qom,34.774,50.855,0.9,-20.64516313794569,,,,,
cool_days,40771,Kangavar,34.5,47.98,0.9,-18.181818310376485,,,,,
cool_days,40772,Qorveh,35.18,47.786,0.9,-21.874995842989712,,,,,
cool_days,40774,Borujerd,33.915,48.758,0.9,-15.185185483758932,,,,,
cool_days,40778,Gonabad,34.35,58.683,0.9,-13.43750002821182,,,,,
cool_days,40779,Eslamabad-E-Gharb,34.12,46.47,0.9,-13.333339624335093,,,,,
cool_days,40780,Ilam,33.588,46.398,0.9,-21.153844476760213,,,,,
cool_days,40782,Khorramabad,33.433,48.295,0.9,-22.80000033331157,,,,,
cool_days,40783,Aligudarz,33.408,49.703,0.9,-19.259266759287737,,,,,
cool_days,40785,Kashan,33.967,51.48,0.9,-19.03225819817739,,,,,
cool_days,40787,Daran,32.988,50.407,0.9,-22.500011452465063,,,,,
cool_days,40789,Khur-Va-Biabanak,33.77,55.081,0.9,-16.923077114040122,,,,,
cool_days,40790,Robat-E-Poshtebadam,33.012,55.558,0.9,-12.500000745982954,,,,,
cool_days,40791,Tabas,33.6,56.95,0.9,-19.16666609567908,,,,,
cool_days,40792,Ferdows,34.031,58.184,0.9,-9.999998664166691,,,,,
cool_days,40793,Qaen,33.74,59.176,0.9,-14.999999946145069,,,,,
cool_days,40794,Safiabad (Dezful),32.253,48.433,0.9,-20.00000014009173,,,,,
cool_days,40796,Dehloran,32.681,47.281,0.9,-19.99999929552143,,,,,
cool_days,40797,Kuhrang,32.458,50.125,0.9,-26.00000241840457,,,,,
cool_days,40798,Shahrekord,32.293,50.84,0.9,-19.999997605061093,,,,,
cool_days,40799,Ardestan,33.355,52.376,0.9,-22.500000401236942,,,,,
cool_days,40800,Esfahan,32.518,51.707,0.9,-18.749999991326984,,,,,
cool_days,40801,Naein,32.851,53.079,0.9,-15.8333337345851,,,,,
cool_days,40802,Esfahan (Airport),32.493,51.863,0.9,-16.08695645872723,,,,,
cool_days,40803,Kabutarabad,32.515,51.834,0.9,-27.08333306664745,,,,,
cool_days,40809,Birjand,32.9,59.25,0.9,-11.666666878368432,,,,,
cool_days,40810,Bostan,31.708,48.01,0.9,-23.870967336556856,,,,,
cool_days,40811,Ahvaz,31.344,48.744,0.9,-16.1290324718708,,,,,
cool_days,40812,Masjedsoleyman,31.983,49.241,0.9,-16.66666611149889,,,,,
cool_days,40813,Ramhormoz,31.273,49.596,0.9,-22.187499594184118,,,,,
cool_days,40818,Abadeh,31.198,52.617,0.9,-13.33333544419528,,,,,
cool_days,40821,Yazd,31.9,54.28,0.9,-12.142857232120903,,,,,
cool_days,40827,Nehbandan,31.53,60.03,0.9,-15.00000007438003,,,,,
cool_days,40829,Zabol,31.089,61.543,0.9,-20.6249995861592,,,,,
cool_days,40831,Abadan,30.37,48.22,0.9,-27.187499580554903,,,,,
cool_days,40832,Bandar-E- Mahshahr,30.546,49.159,0.9,-14.333332904439157,,,,,
cool_days,40833,Omidiyeh (Aghajari),30.743,49.688,0.9,-14.37499920642306,,,,,
cool_days,40835,Dogonbadan,30.346,50.819,0.9,-17.99999982222216,,,,,
cool_days,40836,Yasuj,30.699,51.555,0.9,-15.999998835307863,,,,,
cool_days,40839,Anar,30.88,55.25,0.9,-14.062499963107658,,,,,
cool_days,40841,Kerman,30.252,56.965,0.9,-13.33332677393566,,,,,
cool_days,40844,Dorudzan,30.183,52.465,0.9,-14.399998708505468,,,,,
cool_days,40847,Zarqan,29.778,52.704,0.9,-20.00000794150661,,,,,
cool_days,40848,Shiraz,29.545,52.603,0.9,-15.000003197749407,,,,,
cool_days,40849,Shahrebabak,30.146,55.107,0.9,-16.08695645872716,,,,,
cool_days,40851,Sirjan,29.471,55.661,0.9,-12.608699036443856,,,,,
cool_days,40853,Baft,29.239,56.58,0.9,-17.407409311976597,,,,,
cool_days,40854,Bam,29.08,58.35,0.9,-17.187499538006474,,,,,
cool_days,40856,Zahedan,29.472,60.9,0.9,-15.925928221203046,,,,,
cool_days,40857,Bushehr (Coastal),28.904,50.821,0.9,-37.199998710582285,,,,,
cool_days,40858,Bushehr (Airport),28.96,50.82,0.9,-22.105263006995564,,,,,
cool_days,40859,Fasa,28.899,53.719,0.9,-7.272734743390885,,,,,
cool_days,40870,Khash,28.22,61.19,0.9,-12.962964404806206,,,,,
cool_days,40873,Lar,27.67,54.375,0.9,-14.074074016156096,,,,,
cool_days,40875,Bandarabbas,27.215,56.373,0.9,-27.777777695473155,,,,,
cool_days,40876,Minab,27.107,57.089,0.9,-30.303033913720284,,,,,
cool_days,40877,Kahnuj,27.994,57.713,0.9,-8.260890769441044,,,,,
cool_days,40878,Saravan,27.39,62.319,0.9,-12.8571555994088,,,,,
cool_days,40879,Iranshahr,27.23,60.718,0.9,-17.407409827892295,,,,,
cool_days,40882,Kish Island,26.522,53.982,0.9,-26.81818361115973,,,,,
cool_days,40883,Bandar-E-Lengeh,26.528,54.828,0.9,-41.07143104795601,,,,,
cool_days,40889,Siri Island,25.898,54.551,0.9,-29.999999580331227,,,,,
cool_days,40890,Abumusa Island,25.874,55.013,0.9,-31.562501520154065,,,,,
cool_days,40893,Jask,25.638,57.77,0.9,-32.5806476966917,,,,,
cool_days,40898,Chahbahar,25.281,60.651,0.9,-37.0370279933266,,,,,
cool_days,88187,Jam,27.816,52.356,0.9,-19.99999943739889,,,,,
cool_days,99331,Tehran (Geophysic),35.747,51.387,0.9,-19.61538733992252,,,,,
cool_days,99407,Boshruyeh,33.85,57.42,0.9,-10.96774199362861,,,,,
cool_days,99421,Natanz,33.49,51.931,0.9,-17.99871925468544,,,,,
cool_days,99459,Borujen,31.979,51.299,0.9,-23.33333276122607,,,,,
cool_days,99623,Zahak,30.9,61.683,0.9,-18.571430237735385,,,,,
cool_nights,19996,Bahookalat,25.7,61.417,0.9,-19.99999911995542,,,,,
cool_nights,40700,Parsabad,39.608,47.877,0.9,-10.322586333207418,,,,,
cool_nights,40701,Maku,39.379,44.392,0.9,-20.86956881189833,,,,,
cool_nights,40702,Jolfa,38.932,45.607,0.9,-18.50000004999992,,,,,
cool_nights,40703,Khoy,38.56,44.99,0.9,-27.41935893833198,,,,,
cool_nights,40704,Ahar,38.433,47.067,0.9,-14.782608388991545,,,,,
cool_nights,40706,Tabriz,38.122,46.234,0.9,-9.52380390174153,,,,,
cool_nights,40708,Ardebil,38.219,48.329,0.9,-17.857169096293774,,,,,
cool_nights,40709,Astara,38.365,48.855,0.9,-18.69564916841165,,,,,
cool_nights,40710,Sarab,37.935,47.508,0.9,-7.826087009898502,,,,,
cool_nights,40712,Orumiyeh,37.658,45.056,0.9,-12.083331367767356,,,,,
cool_nights,40713,Maragheh-Synoptic,37.348,46.146,0.9,-19.99999983471144,,,,,
cool_nights,40716,Mianeh,37.421,47.732,0.9,-13.793103667252815,,,,,
cool_nights,40717,Khalkhal,37.609,48.538,0.9,-23.57144156225851,,,,,
cool_nights,40718,Bandar-E-Anzali,37.48,49.458,0.9,-17.391308098089667,,,,,
cool_nights,40719,Rasht,37.323,49.624,0.9,-21.90476787756968,,,,,
cool_nights,40723,Bojnurd,37.488,57.303,0.9,-1.9230770402045316,,,,,
cool_nights,40724,Piranshahr,36.698,45.147,0.9,-28.500000901369177,,,,,
cool_nights,40726,Mahabad,36.753,45.715,0.9,-17.499999583334045,,,,,
cool_nights,40727,Saqez,36.221,46.311,0.9,-20.000007953377004,,,,,
cool_nights,40728,Takab,36.39,47.1,0.9,-12.962963548736036,,,,,
cool_nights,40729,Zanjan,36.66,48.522,0.9,-20.00000371899584,,,,,
cool_nights,40730,Khorramdareh,36.195,49.211,0.9,-15.555554474000658,,,,,
cool_nights,40731,Qazvin,36.245,50.045,0.9,-13.33333382716143,,,,,
cool_nights,40732,Ramsar,36.905,50.684,0.9,-19.677419334027512,,,,,
cool_nights,40734,Nowshahr,36.661,51.466,0.9,-24.61538434868207,,,,,
cool_nights,40736,Babolsar,36.699,52.643,0.9,-20.000007782732386,,,,,
cool_nights,40737,Gharakhil,36.487,52.108,0.9,-8.275862018760751,,,,,
cool_nights,40738,Gorgan,36.905,54.413,0.9,3.6363632369146046,,,,,
cool_nights,40739,Shahrud,36.38,54.929,0.9,-10.322582733771789,,,,,
cool_nights,40740,Quchan,37.117,58.45,0.9,11.904762111368582,,,,,
cool_nights,40741,Sarakhs,36.537,61.149,0.9,-6.818181831956119,,,,,
cool_nights,40742,Biyarjomand,36.086,55.805,0.9,-16.785718564746645,,,,,
cool_nights,40743,Sabzevar,36.207,57.649,0.9,-26.47058819684715,,,,,
cool_nights,40744,Golmakan,36.483,59.283,0.9,-8.888889294758384,,,,,
cool_nights,40745,Mashhad,36.236,59.631,0.9,-14.545459162789694,,,,,
cool_nights,40746,Neyshabur,36.267,58.8,0.9,-10.49998861664206,,,,,
cool_nights,40747,Sanandaj,35.255,47.015,0.9,-13.870972045993566,,,,,
cool_nights,40748,Bijar,35.886,47.621,0.9,-10.50000002777854,,,,,
cool_nights,40749,Zarrineh,36.06,46.914,0.9,-9.565217443144135,,,,,
cool_nights,40751,Tehran (Shemiran),35.799,51.485,0.9,-11.538461236028017,,,,,
cool_nights,40752,Karaj,35.807,50.954,0.9,-14.545457822165211,,,,,
cool_nights,40754,Tehran (Mehrabad Airport),35.693,51.309,0.9,-13.66666863379591,,,,,
cool_nights,40755,Abali,35.771,51.987,0.9,-5.2173913337535325,,,,,
cool_nights,40757,Semnan,35.588,53.422,0.9,-17.333331406359367,,,,,
cool_nights,40758,Garmsar,35.243,52.36,0.9,-24.642856685381485,,,,,
cool_nights,40762,Torbat-E Heydariyeh,35.332,59.206,0.9,-11.666666404320312,,,,,
cool_nights,40763,Kashmar,35.271,58.473,0.9,-11.428573119597678,,,,,
cool_nights,40764,Ravansar,34.71,46.65,0.9,-18.09523777817136,,,,,
cool_nights,40765,Sarpol-E-Zahab,34.45,45.86,0.9,-24.999999480251105,,,,,
cool_nights,40766,Kermanshah,34.352,47.153,0.9,-19.655188410108224,,,,,
cool_nights,40768,Hamedan (Airport),34.85,48.53,0.9,-11.81818165289166,,,,,
cool_nights,40769,Arak,34.07,49.78,0.9,-14.999998621000756,,,,,
cool_nights,40770,Qom,34.774,50.855,0.9,-18.46150015633284,,,,,
cool_nights,40771,Kangavar,34.5,47.98,0.9,-15.333333461728309,,,,,
cool_nights,40772,Qorveh,35.18,47.786,0.9,-14.545453063586406,,,,,
cool_nights,40774,Borujerd,33.915,48.758,0.9,-20.000023876871406,,,,,
cool_nights,40778,Gonabad,34.35,58.683,0.9,-13.571428560090016,,,,,
cool_nights,40779,Eslamabad-E-Gharb,34.12,46.47,0.9,-15.99999954637094,,,,,
cool_nights,40780,Ilam,33.588,46.398,0.9,16.00000221276941,,,,,
cool_nights,40782,Khorramabad,33.433,48.295,0.9,-27.666661144974867,,,,,
cool_nights,40783,Aligudarz,33.408,49.703,0.9,-21.49999821416537,,,,,
cool_nights,40785,Kashan,33.967,51.48,0.9,-21.500000016667,,,,,
cool_nights,40787,Daran,32.988,50.407,0.9,-15.294119563039247,,,,,
cool_nights,40789,Khur-Va-Biabanak,33.77,55.081,0.9,-19.99999982297595,,,,,
cool_nights,40790,Robat-E-Poshtebadam,33.012,55.558,0.9,-10.357142675737624,,,,,
cool_nights,40791,Tabas,33.6,56.95,0.9,-15.882352887350988,,,,,
cool_nights,40792,Ferdows,34.031,58.184,0.9,-23.54838695662661,,,,,
cool_nights,40793,Qaen,33.74,59.176,0.9,-15.555559260383696,,,,,
cool_nights,40794,Safiabad (Dezful),32.253,48.433,0.9,-17.307709121946857,,,,,
cool_nights,40796,Dehloran,32.681,47.281,0.9,-13.939393902441594,,,,,
cool_nights,40797,Kuhrang,32.458,50.125,0.9,-7.50000057098979,,,,,
cool_nights,40798,Shahrekord,32.293,50.84,0.9,7.368417823124542,,,,,
cool_nights,40799,Ardestan,33.355,52.376,0.9,-11.25000013888861,,,,,
cool_nights,40800,Esfahan,32.518,51.707,0.9,-25.45453313830439,,,,,
cool_nights,40801,Naein,32.851,53.079,0.9,-19.99999922745645,,,,,
cool_nights,40802,Esfahan (Airport),32.493,51.863,0.9,9.047618998016798,,,,,
cool_nights,40803,Kabutarabad,32.515,51.834,0.9,-21.666667222223296,,,,,
cool_nights,40809,Birjand,32.9,59.25,0.9,-9.642860716769375,,,,,
cool_nights,40810,Bostan,31.708,48.01,0.9,-21.29032259417338,,,,,
cool_nights,40811,Ahvaz,31.344,48.744,0.9,-6.923077225511246,,,,,
cool_nights,40812,Masjedsoleyman,31.983,49.241,0.9,-15.555555233168732,,,,,
cool_nights,40813,Ramhormoz,31.273,49.596,0.9,-24.687477341428224,,,,,
cool_nights,40818,Abadeh,31.198,52.617,0.9,-17.2413792668747,,,,,
cool_nights,40821,Yazd,31.9,54.28,0.9,-21.538461499013835,,,,,
cool_nights,40827,Nehbandan,31.53,60.03,0.9,-6.363626127137362,,,,,
cool_nights,40829,Zabol,31.089,61.543,0.9,-6.071423366576804,,,,,
cool_nights,40831,Abadan,30.37,48.22,0.9,-24.00000590836103,,,,,
cool_nights,40832,Bandar-E- Mahshahr,30.546,49.159,0.9,-17.50000565021272,,,,,
cool_nights,40833,Omidiyeh (Aghajari),30.743,49.688,0.9,-20.00000000809841,,,,,
cool_nights,40835,Dogonbadan,30.346,50.819,0.9,-12.77778116671537,,,,,
cool_nights,40836,Yasuj,30.699,51.555,0.9,-6.818181827364688,,,,,
cool_nights,40839,Anar,30.88,55.25,0.9,-17.500001293224717,,,,,
cool_nights,40841,Kerman,30.252,56.965,0.9,-15.833333368577213,,,,,
cool_nights,40844,Dorudzan,30.183,52.465,0.9,2.857143203876276,,,,,
cool_nights,40847,Zarqan,29.778,52.704,0.9,-19.090912695347463,,,,,
cool_nights,40848,Shiraz,29.545,52.603,0.9,-16.923068785769715,,,,,
cool_nights,40849,Shahrebabak,30.146,55.107,0.9,-4.13793093042236,,,,,
cool_nights,40851,Sirjan,29.471,55.661,0.9,-9.130434744801388,,,,,
cool_nights,40853,Baft,29.239,56.58,0.9,-17.499999898295105,,,,,
cool_nights,40854,Bam,29.08,58.35,0.9,-17.857169442335113,,,,,
cool_nights,40856,Zahedan,29.472,60.9,0.9,-10.476184986155475,,,,,
cool_nights,40857,Bushehr (Coastal),28.904,50.821,0.9,-29.99999742135252,,,,,
cool_nights,40858,Bushehr (Airport),28.96,50.82,0.9,-17.391304623135888,,,,,
cool_nights,40859,Fasa,28.899,53.719,0.9,-17.931036146022855,,,,,
cool_nights,40870,Khash,28.22,61.19,0.9,-18.620690210514784,,,,,
cool_nights,40873,Lar,27.67,54.375,0.9,-24.347829959235472,,,,,
cool_nights,40875,Bandarabbas,27.215,56.373,0.9,-9.20000015212636,,,,,
cool_nights,40876,Minab,27.107,57.089,0.9,-11.53846165709282,,,,,
cool_nights,40877,Kahnuj,27.994,57.713,0.9,-11.199999647003407,,,,,
cool_nights,40878,Saravan,27.39,62.319,0.9,-10.714319816261575,,,,,
cool_nights,40879,Iranshahr,27.23,60.718,0.9,-14.13793074203805,,,,,
cool_nights,40882,Kish Island,26.522,53.982,0.9,-49.68750207445634,,,,,
cool_nights,40883,Bandar-E-Lengeh,26.528,54.828,0.9,-23.44828811954477,,,,,
cool_nights,40889,Siri Island,25.898,54.551,0.9,-28.43749991970517,,,,,
cool_nights,40890,Abumusa Island,25.874,55.013,0.9,-27.391304867473387,,,,,
cool_nights,40893,Jask,25.638,57.77,0.9,-23.7037036823655,,,,,
cool_nights,40898,Chahbahar,25.281,60.651,0.9,-30.00000283456185,,,,,
cool_nights,88187,Jam,27.816,52.356,0.9,-17.89474987599216,,,,,
cool_nights,99331,Tehran (Geophysic),35.747,51.387,0.9,-3.750029206648429,,,,,
cool_nights,99407,Boshruyeh,33.85,57.42,0.9,-13.103446048645344,,,,,
cool_nights,99421,Natanz,33.49,51.931,0.9,-11.481481506162032,,,,,
cool_nights,99459,Borujen,31.979,51.299,0.9,-17.083335993512286,,,,,
cool_nights,99623,Zahak,30.9,61.683,0.9,-12.857141950117365,,,,,
warm_days,19996,Bahookalat,25.7,61.417,0.9,0.4167075236824206,,,,,
warm_days,40700,Parsabad,39.608,47.877,0.9,11.923083334819973,,,,,
warm_days,40701,Maku,39.379,44.392,0.9,20.909086159666103,,,,,
warm_days,40702,Jolfa,38.932,45.607,0.9,24.0909041221259,,,,,
warm_days,40703,Khoy,38.56,44.99,0.9,24.99999705274335,,,,,
warm_days,40704,Ahar,38.433,47.067,0.9,24.499996768037875,,,,,
warm_days,40706,Tabriz,38.122,46.234,0.9,11.428576642175788,,,,,
warm_days,40708,Ardebil,38.219,48.329,0.9,17.49999725893328,,,,,
warm_days,40709,Astara,38.365,48.855,0.9,15.90909014362122,,,,,
warm_days,40710,Sarab,37.935,47.508,0.9,17.272726706452737,,,,,
warm_days,40712,Orumiyeh,37.658,45.056,0.9,23.63635876410589,,,,,
warm_days,40713,Maragheh-Synoptic,37.348,46.146,0.9,25.8333561654416,,,,,
warm_days,40716,Mianeh,37.421,47.732,0.9,24.999995179389327,,,,,
warm_days,40717,Khalkhal,37.609,48.538,0.9,27.500002638953045,,,,,
warm_days,40718,Bandar-E-Anzali,37.48,49.458,0.9,32.81249773533209,,,,,
warm_days,40719,Rasht,37.323,49.624,0.9,6.521736113019494,,,,,
warm_days,40723,Bojnurd,37.488,57.303,0.9,12.222215302688962,,,,,
warm_days,40724,Piranshahr,36.698,45.147,0.9,22.30771731285714,,,,,
warm_days,40726,Mahabad,36.753,45.715,0.9,28.49999701856709,,,,,
warm_days,40727,Saqez,36.221,46.311,0.9,22.49999718226766,,,,,
warm_days,40728,Takab,36.39,47.1,0.9,26.153832473345854,,,,,
warm_days,40729,Zanjan,36.66,48.522,0.9,37.91664450587492,,,,,
warm_days,40730,Khorramdareh,36.195,49.211,0.9,28.4615247226712,,,,,
warm_days,40731,Qazvin,36.245,50.045,0.9,21.92306313965986,,,,,
warm_days,40732,Ramsar,36.905,50.684,0.9,15.62500013020862,,,,,
warm_days,40734,Nowshahr,36.661,51.466,0.9,19.090908879670213,,,,,
warm_days,40736,Babolsar,36.699,52.643,0.9,19.99999469811341,,,,,
warm_days,40737,Gharakhil,36.487,52.108,0.9,14.166661782898796,,,,,
warm_days,40738,Gorgan,36.905,54.413,0.9,18.499981965860403,,,,,
warm_days,40739,Shahrud,36.38,54.929,0.9,6.086955296274241,,,,,
warm_days,40740,Quchan,37.117,58.45,0.9,9.615385940305254,,,,,
warm_days,40741,Sarakhs,36.537,61.149,0.9,17.142869170992245,,,,,
warm_days,40742,Biyarjomand,36.086,55.805,0.9,12.666665983754344,,,,,
warm_days,40743,Sabzevar,36.207,57.649,0.9,8.333325097155788,,,,,
warm_days,40744,Golmakan,36.483,59.283,0.9,12.857143854873724,,,,,
warm_days,40745,Mashhad,36.236,59.631,0.9,11.428568028052728,,,,,
warm_days,40746,Neyshabur,36.267,58.8,0.9,8.076924374295443,,,,,
warm_days,40747,Sanandaj,35.255,47.015,0.9,23.999999997530885,,,,,
warm_days,40748,Bijar,35.886,47.621,0.9,31.53844770893564,,,,,
warm_days,40749,Zarrineh,36.06,46.914,0.9,25.416689637749588,,,,,
warm_days,40751,Tehran (Shemiran),35.799,51.485,0.9,29.090918764920804,,,,,
warm_days,40752,Karaj,35.807,50.954,0.9,18.84613946591117,,,,,
warm_days,40754,Tehran (Mehrabad Airport),35.693,51.309,0.9,2.6086958474306585,,,,,
warm_days,40755,Abali,35.771,51.987,0.9,19.04761520899775,,,,,
warm_days,40757,Semnan,35.588,53.422,0.9,13.478260792692858,,,,,
warm_days,40758,Garmsar,35.243,52.36,0.9,-1.8134149593835088e-06,,,,,
warm_days,40762,Torbat-E Heydariyeh,35.332,59.206,0.9,19.59999696223215,,,,,
warm_days,40763,Kashmar,35.271,58.473,0.9,14.34783182481933,,,,,
warm_days,40764,Ravansar,34.71,46.65,0.9,31.363631230614647,,,,,
warm_days,40765,Sarpol-E-Zahab,34.45,45.86,0.9,21.42857767669034,,,,,
warm_days,40766,Kermanshah,34.352,47.153,0.9,9.499997033288851,,,,,
warm_days,40768,Hamedan (Airport),34.85,48.53,0.9,21.3333333308642,,,,,
warm_days,40769,Arak,34.07,49.78,0.9,20.499997262027435,,,,,
warm_days,40770,Qom,34.774,50.855,0.9,24.61537103107405,,,,,
warm_days,40771,Kangavar,34.5,47.98,0.9,20.99999997698088,,,,,
warm_days,40772,Qorveh,35.18,47.786,0.9,25.00002278743668,,,,,
warm_days,40774,Borujerd,33.915,48.758,0.9,22.25809423167746,,,,,
warm_days,40778,Gonabad,34.35,58.683,0.9,11.600022796586462,,,,,
warm_days,40779,Eslamabad-E-Gharb,34.12,46.47,0.9,18.57143246650393,,,,,
warm_days,40780,Ilam,33.588,46.398,0.9,31.92310115245928,,,,,
warm_days,40782,Khorramabad,33.433,48.295,0.9,26.45164215143926,,,,,
warm_days,40783,Aligudarz,33.408,49.703,0.9,11.61291286631838,,,,,
warm_days,40785,Kashan,33.967,51.48,0.9,27.333325759923856,,,,,
warm_days,40787,Daran,32.988,50.407,0.9,34.814786121188334,,,,,
warm_days,40789,Khur-Va-Biabanak,33.77,55.081,0.9,26.07142861394573,,,,,
warm_days,40790,Robat-E-Poshtebadam,33.012,55.558,0.9,9.285714206345329,,,,,
warm_days,40791,Tabas,33.6,56.95,0.9,21.90476466102377,,,,,
warm_days,40792,Ferdows,34.031,58.184,0.9,9.500005945719938,,,,,
warm_days,40793,Qaen,33.74,59.176,0.9,18.50000221125745,,,,,
warm_days,40794,Safiabad (Dezful),32.253,48.433,0.9,30.000001493073142,,,,,
warm_days,40796,Dehloran,32.681,47.281,0.9,28.076947493573044,,,,,
warm_days,40797,Kuhrang,32.458,50.125,0.9,18.148148632000503,,,,,
warm_days,40798,Shahrekord,32.293,50.84,0.9,20.606060999897917,,,,,
warm_days,40799,Ardestan,33.355,52.376,0.9,13.636371132605262,,,,,
warm_days,40800,Esfahan,32.518,51.707,0.9,42.000000950499455,,,,,
warm_days,40801,Naein,32.851,53.079,0.9,10.000002601684724,,,,,
warm_days,40802,Esfahan (Airport),32.493,51.863,0.9,14.49999681682556,,,,,
warm_days,40803,Kabutarabad,32.515,51.834,0.9,33.44827581844427,,,,,
warm_days,40809,Birjand,32.9,59.25,0.9,16.875000060764012,,,,,
warm_days,40810,Bostan,31.708,48.01,0.9,32.72727164675773,,,,,
warm_days,40811,Ahvaz,31.344,48.744,0.9,22.000000485713308,,,,,
warm_days,40812,Masjedsoleyman,31.983,49.241,0.9,23.9999896233493,,,,,
warm_days,40813,Ramhormoz,31.273,49.596,0.9,25.000000710688823,,,,,
warm_days,40818,Abadeh,31.198,52.617,0.9,19.166666639660512,,,,,
warm_days,40821,Yazd,31.9,54.28,0.9,15.217391436526173,,,,,
warm_days,40827,Nehbandan,31.53,60.03,0.9,17.27272723803499,,,,,
warm_days,40829,Zabol,31.089,61.543,0.9,22.66664409477214,,,,,
warm_days,40831,Abadan,30.37,48.22,0.9,27.61904396754489,,,,,
warm_days,40832,Bandar-E- Mahshahr,30.546,49.159,0.9,27.037017005946826,,,,,
warm_days,40833,Omidiyeh (Aghajari),30.743,49.688,0.9,27.142855008314456,,,,,
warm_days,40835,Dogonbadan,30.346,50.819,0.9,29.999993964752672,,,,,
warm_days,40836,Yasuj,30.699,51.555,0.9,19.666659511059592,,,,,
warm_days,40839,Anar,30.88,55.25,0.9,11.0000022261688,,,,,
warm_days,40841,Kerman,30.252,56.965,0.9,11.250000485308613,,,,,
warm_days,40844,Dorudzan,30.183,52.465,0.9,30.00000321023303,,,,,
warm_days,40847,Zarqan,29.778,52.704,0.9,32.33332823041834,,,,,
warm_days,40848,Shiraz,29.545,52.603,0.9,21.21212213437408,,,,,
warm_days,40849,Shahrebabak,30.146,55.107,0.9,22.66666830620948,,,,,
warm_days,40851,Sirjan,29.471,55.661,0.9,19.09090993869692,,,,,
warm_days,40853,Baft,29.239,56.58,0.9,25.999999931842417,,,,,
warm_days,40854,Bam,29.08,58.35,0.9,22.121221555950445,,,,,
warm_days,40856,Zahedan,29.472,60.9,0.9,11.333320473402244,,,,,
warm_days,40857,Bushehr (Coastal),28.904,50.821,0.9,26.45161311088177,,,,,
warm_days,40858,Bushehr (Airport),28.96,50.82,0.9,-5.652173191466076,,,,,
warm_days,40859,Fasa,28.899,53.719,0.9,13.939413758195684,,,,,
warm_days,40870,Khash,28.22,61.19,0.9,16.249999644094338,,,,,
warm_days,40873,Lar,27.67,54.375,0.9,9.615385186176796,,,,,
warm_days,40875,Bandarabbas,27.215,56.373,0.9,2.272728818130468,,,,,
warm_days,40876,Minab,27.107,57.089,0.9,24.444444111579152,,,,,
warm_days,40877,Kahnuj,27.994,57.713,0.9,13.12500107681486,,,,,
warm_days,40878,Saravan,27.39,62.319,0.9,13.043477912202164,,,,,
warm_days,40879,Iranshahr,27.23,60.718,0.9,14.230769260355004,,,,,
warm_days,40882,Kish Island,26.522,53.982,0.9,7.142857460319185,,,,,
warm_days,40883,Bandar-E-Lengeh,26.528,54.828,0.9,10.000000038447098,,,,,
warm_days,40889,Siri Island,25.898,54.551,0.9,12.50000114544485,,,,,
warm_days,40890,Abumusa Island,25.874,55.013,0.9,32.424244126984284,,,,,
warm_days,40893,Jask,25.638,57.77,0.9,2.400001042271695,,,,,
warm_days,40898,Chahbahar,25.281,60.651,0.9,18.5000009811342,,,,,
warm_days,88187,Jam,27.816,52.356,0.9,20.66666952494052,,,,,
warm_days,99331,Tehran (Geophysic),35.747,51.387,0.9,21.428570816309115,,,,,
warm_days,99407,Boshruyeh,33.85,57.42,0.9,11.538468891226756,,,,,
warm_days,99421,Natanz,33.49,51.931,0.9,21.111110101341435,,,,,
warm_days,99459,Borujen,31.979,51.299,0.9,22.42424285996993,,,,,
warm_days,99623,Zahak,30.9,61.683,0.9,18.18181763654453,,,,,
warm_nights,19996,Bahookalat,25.7,61.417,0.9,16.000000355554526,,,,,
warm_nights,40700,Parsabad,39.608,47.877,0.9,11.578947075120167,,,,,
warm_nights,40701,Maku,39.379,44.392,0.9,21.111103886011936,,,,,
warm_nights,40702,Jolfa,38.932,45.607,0.9,20.333331421033183,,,,,
warm_nights,40703,Khoy,38.56,44.99,0.9,24.99999808212684,,,,,
warm_nights,40704,Ahar,38.433,47.067,0.9,14.999994919131648,,,,,
warm_nights,40706,Tabriz,38.122,46.234,0.9,13.99999460142974,,,,,
warm_nights,40708,Ardebil,38.219,48.329,0.9,20.000000148621783,,,,,
warm_nights,40709,Astara,38.365,48.855,0.9,19.999999974512097,,,,,
warm_nights,40710,Sarab,37.935,47.508,0.9,12.333330056848991,,,,,
warm_nights,40712,Orumiyeh,37.658,45.056,0.9,-3.333330123456945,,,,,
warm_nights,40713,Maragheh-Synoptic,37.348,46.146,0.9,20.370370409998497,,,,,
warm_nights,40716,Mianeh,37.421,47.732,0.9,19.99999899917209,,,,,
warm_nights,40717,Khalkhal,37.609,48.538,0.9,15.882352799905838,,,,,
warm_nights,40718,Bandar-E-Anzali,37.48,49.458,0.9,10.833328511139998,,,,,
warm_nights,40719,Rasht,37.323,49.624,0.9,18.33333335555555,,,,,
warm_nights,40723,Bojnurd,37.488,57.303,0.9,12.499991300027045,,,,,
warm_nights,40724,Piranshahr,36.698,45.147,0.9,23.99999964130255,,,,,
warm_nights,40726,Mahabad,36.753,45.715,0.9,17.647052042262192,,,,,
warm_nights,40727,Saqez,36.221,46.311,0.9,14.999999815768197,,,,,
warm_nights,40728,Takab,36.39,47.1,0.9,9.56521773997048,,,,,
warm_nights,40729,Zanjan,36.66,48.522,0.9,22.307716789405468,,,,,
warm_nights,40730,Khorramdareh,36.195,49.211,0.9,25.62500029634213,,,,,
warm_nights,40731,Qazvin,36.245,50.045,0.9,17.272629557631983,,,,,
warm_nights,40732,Ramsar,36.905,50.684,0.9,23.333336077928625,,,,,
warm_nights,40734,Nowshahr,36.661,51.466,0.9,24.0000002666702,,,,,
warm_nights,40736,Babolsar,36.699,52.643,0.9,22.99999699997495,,,,,
warm_nights,40737,Gharakhil,36.487,52.108,0.9,19.999990638978936,,,,,
warm_nights,40738,Gorgan,36.905,54.413,0.9,2.7272749702307824,,,,,
warm_nights,40739,Shahrud,36.38,54.929,0.9,4.375017153711688,,,,,
warm_nights,40740,Quchan,37.117,58.45,0.9,-4.285716647085954,,,,,
warm_nights,40741,Sarakhs,36.537,61.149,0.9,19.23069301817609,,,,,
warm_nights,40742,Biyarjomand,36.086,55.805,0.9,9.166666662808709,,,,,
warm_nights,40743,Sabzevar,36.207,57.649,0.9,11.304347964713305,,,,,
warm_nights,40744,Golmakan,36.483,59.283,0.9,11.999999960493849,,,,,
warm_nights,40745,Mashhad,36.236,59.631,0.9,17.999992169240898,,,,,
warm_nights,40746,Neyshabur,36.267,58.8,0.9,7.647043984121216,,,,,
warm_nights,40747,Sanandaj,35.255,47.015,0.9,8.888884152634606,,,,,
warm_nights,40748,Bijar,35.886,47.621,0.9,18.49999685659849,,,,,
warm_nights,40749,Zarrineh,36.06,46.914,0.9,13.333333410493768,,,,,
warm_nights,40751,Tehran (Shemiran),35.799,51.485,0.9,7.499997189544111,,,,,
warm_nights,40752,Karaj,35.807,50.954,0.9,16.666666481481492,,,,,
warm_nights,40754,Tehran (Mehrabad Airport),35.693,51.309,0.9,2.799995433282087,,,,,
warm_nights,40755,Abali,35.771,51.987,0.9,9.499997326874771,,,,,
warm_nights,40757,Semnan,35.588,53.422,0.9,7.00000217047622,,,,,
warm_nights,40758,Garmsar,35.243,52.36,0.9,24.444444341563152,,,,,
warm_nights,40762,Torbat-E Heydariyeh,35.332,59.206,0.9,11.17646671362308,,,,,
warm_nights,40763,Kashmar,35.271,58.473,0.9,10.555544542421854,,,,,
warm_nights,40764,Ravansar,34.71,46.65,0.9,10.66666518512226,,,,,
warm_nights,40765,Sarpol-E-Zahab,34.45,45.86,0.9,14.09088888039985,,,,,
warm_nights,40766,Kermanshah,34.352,47.153,0.9,13.6363654463185,,,,,
warm_nights,40768,Hamedan (Airport),34.85,48.53,0.9,8.749999756942865,,,,,
warm_nights,40769,Arak,34.07,49.78,0.9,14.090908965328104,,,,,
warm_nights,40770,Qom,34.774,50.855,0.9,14.666666735802696,,,,,
warm_nights,40771,Kangavar,34.5,47.98,0.9,9.545451073426662,,,,,
warm_nights,40772,Qorveh,35.18,47.786,0.9,18.799993544032475,,,,,
warm_nights,40774,Borujerd,33.915,48.758,0.9,17.99999735863953,,,,,
warm_nights,40778,Gonabad,34.35,58.683,0.9,14.11766236809435,,,,,
warm_nights,40779,Eslamabad-E-Gharb,34.12,46.47,0.9,4.782610399362985,,,,,
warm_nights,40780,Ilam,33.588,46.398,0.9,-17.142857254634745,,,,,
warm_nights,40782,Khorramabad,33.433,48.295,0.9,11.578948590095337,,,,,
warm_nights,40783,Aligudarz,33.408,49.703,0.9,9.599993469014343,,,,,
warm_nights,40785,Kashan,33.967,51.48,0.9,19.523798093802657,,,,,
warm_nights,40787,Daran,32.988,50.407,0.9,15.357143284301246,,,,,
warm_nights,40789,Khur-Va-Biabanak,33.77,55.081,0.9,17.499998871109447,,,,,
warm_nights,40790,Robat-E-Poshtebadam,33.012,55.558,0.9,5.652173927746339,,,,,
warm_nights,40791,Tabas,33.6,56.95,0.9,21.66656072877717,,,,,
warm_nights,40792,Ferdows,34.031,58.184,0.9,21.81818164829832,,,,,
warm_nights,40793,Qaen,33.74,59.176,0.9,18.181818200184107,,,,,
warm_nights,40794,Safiabad (Dezful),32.253,48.433,0.9,12.222221700960384,,,,,
warm_nights,40796,Dehloran,32.681,47.281,0.9,18.46154106050789,,,,,
warm_nights,40797,Kuhrang,32.458,50.125,0.9,8.928561164834967,,,,,
warm_nights,40798,Shahrekord,32.293,50.84,0.9,-3.478260806553114,,,,,
warm_nights,40799,Ardestan,33.355,52.376,0.9,9.99999885972359,,,,,
warm_nights,40800,Esfahan,32.518,51.707,0.9,15.806451623309048,,,,,
warm_nights,40801,Naein,32.851,53.079,0.9,14.333328171305332,,,,,
warm_nights,40802,Esfahan (Airport),32.493,51.863,0.9,0.7692306836006656,,,,,
warm_nights,40803,Kabutarabad,32.515,51.834,0.9,19.65517285464759,,,,,
warm_nights,40809,Birjand,32.9,59.25,0.9,7.500000088734662,,,,,
warm_nights,40810,Bostan,31.708,48.01,0.9,23.33333215303829,,,,,
warm_nights,40811,Ahvaz,31.344,48.744,0.9,17.99999995061725,,,,,
warm_nights,40812,Masjedsoleyman,31.983,49.241,0.9,10.999995265577216,,,,,
warm_nights,40813,Ramhormoz,31.273,49.596,0.9,21.428573737254,,,,,
warm_nights,40818,Abadeh,31.198,52.617,0.9,15.757570042320728,,,,,
warm_nights,40821,Yazd,31.9,54.28,0.9,17.600022937942686,,,,,
warm_nights,40827,Nehbandan,31.53,60.03,0.9,6.842105797579153,,,,,
warm_nights,40829,Zabol,31.089,61.543,0.9,20.34482604689053,,,,,
warm_nights,40831,Abadan,30.37,48.22,0.9,17.407407581160435,,,,,
warm_nights,40832,Bandar-E- Mahshahr,30.546,49.159,0.9,18.947368525700337,,,,,
warm_nights,40833,Omidiyeh (Aghajari),30.743,49.688,0.9,18.095229031155736,,,,,
warm_nights,40835,Dogonbadan,30.346,50.819,0.9,12.222225664124178,,,,,
warm_nights,40836,Yasuj,30.699,51.555,0.9,-6.956521779038332,,,,,
warm_nights,40839,Anar,30.88,55.25,0.9,14.705879844533436,,,,,
warm_nights,40841,Kerman,30.252,56.965,0.9,7.999999851791609,,,,,
warm_nights,40844,Dorudzan,30.183,52.465,0.9,-4.499998499721523,,,,,
warm_nights,40847,Zarqan,29.778,52.704,0.9,13.870968137356895,,,,,
warm_nights,40848,Shiraz,29.545,52.603,0.9,-12.608695809939286,,,,,
warm_nights,40849,Shahrebabak,30.146,55.107,0.9,8.571422815593788,,,,,
warm_nights,40851,Sirjan,29.471,55.661,0.9,16.818202083872027,,,,,
warm_nights,40853,Baft,29.239,56.58,0.9,17.99998694324626,,,,,
warm_nights,40854,Bam,29.08,58.35,0.9,22.66665944360797,,,,,
warm_nights,40856,Zahedan,29.472,60.9,0.9,7.0588236293735935,,,,,
warm_nights,40857,Bushehr (Coastal),28.904,50.821,0.9,15.19999764897335,,,,,
warm_nights,40858,Bushehr (Airport),28.96,50.82,0.9,21.111111200274443,,,,,
warm_nights,40859,Fasa,28.899,53.719,0.9,21.61288874658172,,,,,
warm_nights,40870,Khash,28.22,61.19,0.9,16.666664078235417,,,,,
warm_nights,40873,Lar,27.67,54.375,0.9,17.499995785532874,,,,,
warm_nights,40875,Bandarabbas,27.215,56.373,0.9,14.090910002032224,,,,,
warm_nights,40876,Minab,27.107,57.089,0.9,21.999998684405764,,,,,
warm_nights,40877,Kahnuj,27.994,57.713,0.9,13.63636525460209,,,,,
warm_nights,40878,Saravan,27.39,62.319,0.9,14.333329945371924,,,,,
warm_nights,40879,Iranshahr,27.23,60.718,0.9,21.818169686276743,,,,,
warm_nights,40882,Kish Island,26.522,53.982,0.9,18.12500315992963,,,,,
warm_nights,40883,Bandar-E-Lengeh,26.528,54.828,0.9,4.736859419349156,,,,,
warm_nights,40889,Siri Island,25.898,54.551,0.9,14.545454550046683,,,,,
warm_nights,40890,Abumusa Island,25.874,55.013,0.9,16.4285712478291,,,,,
warm_nights,40893,Jask,25.638,57.77,0.9,11.739133212389753,,,,,
warm_nights,40898,Chahbahar,25.281,60.651,0.9,23.636363686868783,,,,,
warm_nights,88187,Jam,27.816,52.356,0.9,18.400000257777734,,,,,
warm_nights,99331,Tehran (Geophysic),35.747,51.387,0.9,-7.500001792919719,,,,,
warm_nights,99407,Boshruyeh,33.85,57.42,0.9,17.22222701735059,,,,,
warm_nights,99421,Natanz,33.49,51.931,0.9,8.571428571428697,,,,,
warm_nights,99459,Borujen,31.979,51.299,0.9,14.210526420437112,,,,,
warm_nights,99623,Zahak,30.9,61.683,0.9,25.71428364123961,,,,,
