definition,definition_title,station_id,station_name,return_period_threshold_years,n_valid_years,event_years,event_frequency_pct,baseline_event_frequency_pct,comparison_event_frequency_pct,comparison_minus_baseline_frequency_pct,first_event_year,last_event_year,dry_dominant_events,hot_dominant_events,co_dominant_events,station_name_station_meta,latitude,longitude,elevation
annual_tmean,Annual precipitation + annual mean temperature,40700,Parsabad,5.0,34,14,41.17647058823529,41.17647058823529,41.17647058823529,0.0,1993,2023,7,7,0,Parsabad,39.608,47.877,72.6
annual_tmean,Annual precipitation + annual mean temperature,40700,Parsabad,10.0,34,9,26.47058823529412,23.52941176470588,29.411764705882355,5.882352941176475,1996,2023,5,4,0,Parsabad,39.608,47.877,72.6
annual_tmean,Annual precipitation + annual mean temperature,40700,Parsabad,20.0,34,3,8.823529411764707,17.647058823529413,0.0,-17.647058823529413,1996,2001,1,2,0,Parsabad,39.608,47.877,72.6
annual_tmean,Annual precipitation + annual mean temperature,40701,Maku,5.0,34,14,41.17647058823529,41.17647058823529,41.17647058823529,0.0,1995,2024,7,6,1,Maku,39.379,44.392,1411.2
annual_tmean,Annual precipitation + annual mean temperature,40701,Maku,10.0,34,8,23.52941176470588,17.647058823529413,29.411764705882355,11.764705882352942,1998,2023,3,4,1,Maku,39.379,44.392,1411.2
annual_tmean,Annual precipitation + annual mean temperature,40701,Maku,20.0,34,5,14.705882352941178,5.88235294117647,23.52941176470588,17.64705882352941,2000,2023,2,3,0,Maku,39.379,44.392,1411.2
annual_tmean,Annual precipitation + annual mean temperature,40702,Jolfa,5.0,34,13,38.23529411764706,35.294117647058826,41.17647058823529,5.882352941176464,1995,2024,8,5,0,Jolfa,38.932,45.607,736.2
annual_tmean,Annual precipitation + annual mean temperature,40702,Jolfa,10.0,34,7,20.588235294117645,17.647058823529413,23.52941176470588,5.8823529411764675,1996,2023,4,3,0,Jolfa,38.932,45.607,736.2
annual_tmean,Annual precipitation + annual mean temperature,40702,Jolfa,20.0,34,6,17.647058823529413,11.76470588235294,23.52941176470588,11.76470588235294,1996,2023,3,3,0,Jolfa,38.932,45.607,736.2
annual_tmean,Annual precipitation + annual mean temperature,40703,Khoy,5.0,34,12,35.294117647058826,35.294117647058826,35.294117647058826,0.0,1995,2024,7,5,0,Khoy,38.56,44.99,1103.4
annual_tmean,Annual precipitation + annual mean temperature,40703,Khoy,10.0,34,9,26.47058823529412,17.647058823529413,35.294117647058826,17.647058823529413,1995,2024,4,5,0,Khoy,38.56,44.99,1103.4
annual_tmean,Annual precipitation + annual mean temperature,40703,Khoy,20.0,34,3,8.823529411764707,0.0,17.647058823529413,17.647058823529413,2021,2023,1,2,0,Khoy,38.56,44.99,1103.4
annual_tmean,Annual precipitation + annual mean temperature,40704,Ahar,5.0,34,12,35.294117647058826,17.647058823529413,52.94117647058824,35.294117647058826,2000,2023,7,5,0,Ahar,38.433,47.067,1391.0
annual_tmean,Annual precipitation + annual mean temperature,40704,Ahar,10.0,34,6,17.647058823529413,5.88235294117647,29.411764705882355,23.529411764705884,2001,2023,4,2,0,Ahar,38.433,47.067,1391.0
annual_tmean,Annual precipitation + annual mean temperature,40704,Ahar,20.0,34,3,8.823529411764707,0.0,17.647058823529413,17.647058823529413,2010,2023,1,2,0,Ahar,38.433,47.067,1391.0
annual_tmean,Annual precipitation + annual mean temperature,40706,Tabriz,5.0,34,14,41.17647058823529,35.294117647058826,47.05882352941176,11.764705882352935,1995,2023,7,6,1,Tabriz,38.122,46.234,1361.0
annual_tmean,Annual precipitation + annual mean temperature,40706,Tabriz,10.0,34,10,29.411764705882355,29.411764705882355,29.411764705882355,0.0,1995,2023,4,5,1,Tabriz,38.122,46.234,1361.0
annual_tmean,Annual precipitation + annual mean temperature,40706,Tabriz,20.0,34,2,5.88235294117647,0.0,11.76470588235294,11.76470588235294,2010,2022,1,1,0,Tabriz,38.122,46.234,1361.0
annual_tmean,Annual precipitation + annual mean temperature,40708,Ardebil,5.0,34,13,38.23529411764706,17.647058823529413,58.82352941176471,41.1764705882353,1995,2023,7,5,1,Ardebil,38.219,48.329,1335.2
annual_tmean,Annual precipitation + annual mean temperature,40708,Ardebil,10.0,34,6,17.647058823529413,11.76470588235294,23.52941176470588,11.76470588235294,2001,2023,3,2,1,Ardebil,38.219,48.329,1335.2
annual_tmean,Annual precipitation + annual mean temperature,40708,Ardebil,20.0,34,1,2.941176470588235,0.0,5.88235294117647,5.88235294117647,2021,2021,0,0,1,Ardebil,38.219,48.329,1335.2
annual_tmean,Annual precipitation + annual mean temperature,40709,Astara,5.0,34,18,52.94117647058824,35.294117647058826,70.58823529411765,35.294117647058826,1991,2024,7,11,0,Astara,38.365,48.855,-21.1
annual_tmean,Annual precipitation + annual mean temperature,40709,Astara,10.0,34,9,26.47058823529412,17.647058823529413,35.294117647058826,17.647058823529413,1994,2023,5,4,0,Astara,38.365,48.855,-21.1
annual_tmean,Annual precipitation + annual mean temperature,40709,Astara,20.0,34,5,14.705882352941178,5.88235294117647,23.52941176470588,17.64705882352941,2007,2023,2,3,0,Astara,38.365,48.855,-21.1
annual_tmean,Annual precipitation + annual mean temperature,40710,Sarab,5.0,34,15,44.11764705882353,23.52941176470588,64.70588235294117,41.17647058823529,1998,2024,8,6,1,Sarab,37.935,47.508,1682.0
annual_tmean,Annual precipitation + annual mean temperature,40710,Sarab,10.0,34,9,26.47058823529412,11.76470588235294,41.17647058823529,29.411764705882348,1999,2022,4,4,1,Sarab,37.935,47.508,1682.0
annual_tmean,Annual precipitation + annual mean temperature,40710,Sarab,20.0,34,3,8.823529411764707,5.88235294117647,11.76470588235294,5.88235294117647,2001,2017,2,1,0,Sarab,37.935,47.508,1682.0
annual_tmean,Annual precipitation + annual mean temperature,40712,Orumiyeh,5.0,34,12,35.294117647058826,29.411764705882355,41.17647058823529,11.764705882352935,1998,2024,6,6,0,Orumiyeh,37.658,45.056,1328.0
annual_tmean,Annual precipitation + annual mean temperature,40712,Orumiyeh,10.0,34,10,29.411764705882355,23.52941176470588,35.294117647058826,11.764705882352946,1998,2023,5,5,0,Orumiyeh,37.658,45.056,1328.0
annual_tmean,Annual precipitation + annual mean temperature,40712,Orumiyeh,20.0,34,7,20.588235294117645,17.647058823529413,23.52941176470588,5.8823529411764675,1999,2023,4,3,0,Orumiyeh,37.658,45.056,1328.0
annual_tmean,Annual precipitation + annual mean temperature,40713,Maragheh-Synoptic,5.0,34,14,41.17647058823529,17.647058823529413,64.70588235294117,47.05882352941176,1999,2024,7,7,0,Maragheh-Synoptic,37.348,46.146,1344.0
annual_tmean,Annual precipitation + annual mean temperature,40713,Maragheh-Synoptic,10.0,34,8,23.52941176470588,11.76470588235294,35.294117647058826,23.529411764705884,1999,2022,5,3,0,Maragheh-Synoptic,37.348,46.146,1344.0
annual_tmean,Annual precipitation + annual mean temperature,40713,Maragheh-Synoptic,20.0,34,5,14.705882352941178,0.0,29.411764705882355,29.411764705882355,2010,2022,2,3,0,Maragheh-Synoptic,37.348,46.146,1344.0
annual_tmean,Annual precipitation + annual mean temperature,40716,Mianeh,5.0,34,13,38.23529411764706,17.647058823529413,58.82352941176471,41.1764705882353,1995,2024,7,6,0,Mianeh,37.421,47.732,1110.0
annual_tmean,Annual precipitation + annual mean temperature,40716,Mianeh,10.0,34,7,20.588235294117645,17.647058823529413,23.52941176470588,5.8823529411764675,1995,2023,3,4,0,Mianeh,37.421,47.732,1110.0
annual_tmean,Annual precipitation + annual mean temperature,40716,Mianeh,20.0,34,2,5.88235294117647,0.0,11.76470588235294,11.76470588235294,2021,2022,1,1,0,Mianeh,37.421,47.732,1110.0
annual_tmean,Annual precipitation + annual mean temperature,40717,Khalkhal,5.0,34,16,47.05882352941176,29.411764705882355,64.70588235294117,35.29411764705882,1995,2023,8,7,1,Khalkhal,37.609,48.538,1797.4
annual_tmean,Annual precipitation + annual mean temperature,40717,Khalkhal,10.0,34,9,26.47058823529412,17.647058823529413,35.294117647058826,17.647058823529413,1998,2021,5,3,1,Khalkhal,37.609,48.538,1797.4
annual_tmean,Annual precipitation + annual mean temperature,40717,Khalkhal,20.0,34,3,8.823529411764707,0.0,17.647058823529413,17.647058823529413,2008,2021,1,1,1,Khalkhal,37.609,48.538,1797.4
annual_tmean,Annual precipitation + annual mean temperature,40718,Bandar-E-Anzali,5.0,34,19,55.88235294117647,47.05882352941176,64.70588235294117,17.647058823529413,1991,2024,9,9,1,Bandar-E-Anzali,37.48,49.458,-23.6
annual_tmean,Annual precipitation + annual mean temperature,40718,Bandar-E-Anzali,10.0,34,10,29.411764705882355,29.411764705882355,29.411764705882355,0.0,1991,2023,6,4,0,Bandar-E-Anzali,37.48,49.458,-23.6
annual_tmean,Annual precipitation + annual mean temperature,40718,Bandar-E-Anzali,20.0,34,4,11.76470588235294,5.88235294117647,17.647058823529413,11.764705882352942,1991,2023,2,2,0,Bandar-E-Anzali,37.48,49.458,-23.6
annual_tmean,Annual precipitation + annual mean temperature,40719,Rasht,5.0,34,12,35.294117647058826,17.647058823529413,52.94117647058824,35.294117647058826,1995,2024,6,5,1,Rasht,37.323,49.624,-8.6
annual_tmean,Annual precipitation + annual mean temperature,40719,Rasht,10.0,34,6,17.647058823529413,0.0,35.294117647058826,35.294117647058826,2010,2023,2,3,1,Rasht,37.323,49.624,-8.6
annual_tmean,Annual precipitation + annual mean temperature,40719,Rasht,20.0,34,2,5.88235294117647,0.0,11.76470588235294,11.76470588235294,2010,2023,1,1,0,Rasht,37.323,49.624,-8.6
annual_tmean,Annual precipitation + annual mean temperature,40723,Bojnurd,5.0,34,10,29.411764705882355,5.88235294117647,52.94117647058824,47.05882352941177,2001,2024,6,4,0,Bojnurd,37.488,57.303,1065.0
annual_tmean,Annual precipitation + annual mean temperature,40723,Bojnurd,10.0,34,10,29.411764705882355,5.88235294117647,52.94117647058824,47.05882352941177,2001,2024,6,4,0,Bojnurd,37.488,57.303,1065.0
annual_tmean,Annual precipitation + annual mean temperature,40723,Bojnurd,20.0,34,3,8.823529411764707,0.0,17.647058823529413,17.647058823529413,2018,2023,1,2,0,Bojnurd,37.488,57.303,1065.0
annual_tmean,Annual precipitation + annual mean temperature,40724,Piranshahr,5.0,34,15,44.11764705882353,35.294117647058826,52.94117647058824,17.647058823529413,1995,2024,7,8,0,Piranshahr,36.698,45.147,1443.5
annual_tmean,Annual precipitation + annual mean temperature,40724,Piranshahr,10.0,34,8,23.52941176470588,17.647058823529413,29.411764705882355,11.764705882352942,1998,2023,4,4,0,Piranshahr,36.698,45.147,1443.5
annual_tmean,Annual precipitation + annual mean temperature,40724,Piranshahr,20.0,34,2,5.88235294117647,5.88235294117647,5.88235294117647,0.0,1999,2010,1,1,0,Piranshahr,36.698,45.147,1443.5
annual_tmean,Annual precipitation + annual mean temperature,40726,Mahabad,5.0,34,13,38.23529411764706,29.411764705882355,47.05882352941176,17.647058823529406,1998,2024,7,6,0,Mahabad,36.753,45.715,1351.8
annual_tmean,Annual precipitation + annual mean temperature,40726,Mahabad,10.0,34,7,20.588235294117645,11.76470588235294,29.411764705882355,17.647058823529413,1999,2023,3,4,0,Mahabad,36.753,45.715,1351.8
annual_tmean,Annual precipitation + annual mean temperature,40726,Mahabad,20.0,34,3,8.823529411764707,5.88235294117647,11.76470588235294,5.88235294117647,1999,2017,2,1,0,Mahabad,36.753,45.715,1351.8
annual_tmean,Annual precipitation + annual mean temperature,40727,Saqez,5.0,34,15,44.11764705882353,23.52941176470588,64.70588235294117,41.17647058823529,1999,2024,6,9,0,Saqez,36.221,46.311,1522.8
annual_tmean,Annual precipitation + annual mean temperature,40727,Saqez,10.0,34,10,29.411764705882355,17.647058823529413,41.17647058823529,23.529411764705877,1999,2024,4,6,0,Saqez,36.221,46.311,1522.8
annual_tmean,Annual precipitation + annual mean temperature,40727,Saqez,20.0,34,3,8.823529411764707,11.76470588235294,5.88235294117647,-5.88235294117647,1999,2021,2,1,0,Saqez,36.221,46.311,1522.8
annual_tmean,Annual precipitation + annual mean temperature,40728,Takab,5.0,34,13,38.23529411764706,17.647058823529413,58.82352941176471,41.1764705882353,1995,2024,6,6,1,Takab,36.39,47.1,1817.2
annual_tmean,Annual precipitation + annual mean temperature,40728,Takab,10.0,34,7,20.588235294117645,11.76470588235294,29.411764705882355,17.647058823529413,1999,2024,3,4,0,Takab,36.39,47.1,1817.2
annual_tmean,Annual precipitation + annual mean temperature,40728,Takab,20.0,34,3,8.823529411764707,5.88235294117647,11.76470588235294,5.88235294117647,1999,2021,1,2,0,Takab,36.39,47.1,1817.2
annual_tmean,Annual precipitation + annual mean temperature,40729,Zanjan,5.0,34,11,32.35294117647059,11.76470588235294,52.94117647058824,41.1764705882353,1999,2023,5,6,0,Zanjan,36.66,48.522,1659.4
annual_tmean,Annual precipitation + annual mean temperature,40729,Zanjan,10.0,34,8,23.52941176470588,11.76470588235294,35.294117647058826,23.529411764705884,1999,2022,5,3,0,Zanjan,36.66,48.522,1659.4
annual_tmean,Annual precipitation + annual mean temperature,40729,Zanjan,20.0,34,2,5.88235294117647,0.0,11.76470588235294,11.76470588235294,2017,2021,1,1,0,Zanjan,36.66,48.522,1659.4
annual_tmean,Annual precipitation + annual mean temperature,40730,Khorramdareh,5.0,34,13,38.23529411764706,35.294117647058826,41.17647058823529,5.882352941176464,1995,2023,6,6,1,Khorramdareh,36.195,49.211,1575.0
annual_tmean,Annual precipitation + annual mean temperature,40730,Khorramdareh,10.0,34,7,20.588235294117645,5.88235294117647,35.294117647058826,29.411764705882355,1999,2023,4,2,1,Khorramdareh,36.195,49.211,1575.0
annual_tmean,Annual precipitation + annual mean temperature,40730,Khorramdareh,20.0,34,4,11.76470588235294,5.88235294117647,17.647058823529413,11.764705882352942,1999,2023,2,1,1,Khorramdareh,36.195,49.211,1575.0
annual_tmean,Annual precipitation + annual mean temperature,40731,Qazvin,5.0,34,13,38.23529411764706,17.647058823529413,58.82352941176471,41.1764705882353,1995,2024,6,7,0,Qazvin,36.245,50.045,1279.1
annual_tmean,Annual precipitation + annual mean temperature,40731,Qazvin,10.0,34,6,17.647058823529413,0.0,35.294117647058826,35.294117647058826,2008,2024,3,3,0,Qazvin,36.245,50.045,1279.1
annual_tmean,Annual precipitation + annual mean temperature,40731,Qazvin,20.0,34,2,5.88235294117647,0.0,11.76470588235294,11.76470588235294,2022,2023,1,1,0,Qazvin,36.245,50.045,1279.1
annual_tmean,Annual precipitation + annual mean temperature,40732,Ramsar,5.0,34,17,50.0,41.17647058823529,58.82352941176471,17.64705882352942,1991,2024,7,9,1,Ramsar,36.905,50.684,-20.0
annual_tmean,Annual precipitation + annual mean temperature,40732,Ramsar,10.0,34,9,26.47058823529412,11.76470588235294,41.17647058823529,29.411764705882348,2000,2024,3,5,1,Ramsar,36.905,50.684,-20.0
annual_tmean,Annual precipitation + annual mean temperature,40732,Ramsar,20.0,34,3,8.823529411764707,5.88235294117647,11.76470588235294,5.88235294117647,2000,2023,1,1,1,Ramsar,36.905,50.684,-20.0
annual_tmean,Annual precipitation + annual mean temperature,40734,Nowshahr,5.0,34,13,38.23529411764706,23.52941176470588,52.94117647058824,29.41176470588236,1991,2024,7,5,1,Nowshahr,36.661,51.466,-20.9
annual_tmean,Annual precipitation + annual mean temperature,40734,Nowshahr,10.0,34,9,26.47058823529412,17.647058823529413,35.294117647058826,17.647058823529413,1991,2024,4,4,1,Nowshahr,36.661,51.466,-20.9
annual_tmean,Annual precipitation + annual mean temperature,40734,Nowshahr,20.0,34,3,8.823529411764707,0.0,17.647058823529413,17.647058823529413,2010,2023,1,2,0,Nowshahr,36.661,51.466,-20.9
annual_tmean,Annual precipitation + annual mean temperature,40736,Babolsar,5.0,34,11,32.35294117647059,17.647058823529413,47.05882352941176,29.411764705882348,1998,2024,7,4,0,Babolsar,36.699,52.643,-21.0
annual_tmean,Annual precipitation + annual mean temperature,40736,Babolsar,10.0,34,8,23.52941176470588,0.0,47.05882352941176,47.05882352941176,2010,2024,5,3,0,Babolsar,36.699,52.643,-21.0
annual_tmean,Annual precipitation + annual mean temperature,40736,Babolsar,20.0,34,2,5.88235294117647,0.0,11.76470588235294,11.76470588235294,2010,2023,1,1,0,Babolsar,36.699,52.643,-21.0
annual_tmean,Annual precipitation + annual mean temperature,40737,Gharakhil,5.0,34,11,32.35294117647059,11.76470588235294,52.94117647058824,41.1764705882353,1991,2024,5,6,0,Gharakhil,36.487,52.108,14.7
annual_tmean,Annual precipitation + annual mean temperature,40737,Gharakhil,10.0,34,6,17.647058823529413,0.0,35.294117647058826,35.294117647058826,2010,2023,3,3,0,Gharakhil,36.487,52.108,14.7
annual_tmean,Annual precipitation + annual mean temperature,40737,Gharakhil,20.0,34,2,5.88235294117647,0.0,11.76470588235294,11.76470588235294,2010,2023,1,1,0,Gharakhil,36.487,52.108,14.7
annual_tmean,Annual precipitation + annual mean temperature,40738,Gorgan,5.0,34,14,41.17647058823529,29.411764705882355,52.94117647058824,23.529411764705884,1998,2023,6,8,0,Gorgan,36.905,54.413,0.0
annual_tmean,Annual precipitation + annual mean temperature,40738,Gorgan,10.0,34,6,17.647058823529413,5.88235294117647,29.411764705882355,23.529411764705884,2001,2023,3,3,0,Gorgan,36.905,54.413,0.0
annual_tmean,Annual precipitation + annual mean temperature,40738,Gorgan,20.0,34,4,11.76470588235294,0.0,23.52941176470588,23.52941176470588,2008,2023,2,2,0,Gorgan,36.905,54.413,0.0
annual_tmean,Annual precipitation + annual mean temperature,40739,Shahrud,5.0,34,14,41.17647058823529,29.411764705882355,52.94117647058824,23.529411764705884,1997,2024,6,7,1,Shahrud,36.38,54.929,1325.2
annual_tmean,Annual precipitation + annual mean temperature,40739,Shahrud,10.0,34,8,23.52941176470588,5.88235294117647,41.17647058823529,35.29411764705882,2001,2023,3,5,0,Shahrud,36.38,54.929,1325.2
annual_tmean,Annual precipitation + annual mean temperature,40739,Shahrud,20.0,34,4,11.76470588235294,0.0,23.52941176470588,23.52941176470588,2008,2023,2,2,0,Shahrud,36.38,54.929,1325.2
annual_tmean,Annual precipitation + annual mean temperature,40740,Quchan,5.0,34,10,29.411764705882355,35.294117647058826,23.52941176470588,-11.764705882352946,1994,2023,4,5,1,Quchan,37.117,58.45,1287.0
annual_tmean,Annual precipitation + annual mean temperature,40740,Quchan,10.0,34,5,14.705882352941178,11.76470588235294,17.647058823529413,5.882352941176473,1995,2023,2,2,1,Quchan,37.117,58.45,1287.0
annual_tmean,Annual precipitation + annual mean temperature,40740,Quchan,20.0,34,4,11.76470588235294,5.88235294117647,17.647058823529413,11.764705882352942,1995,2023,2,1,1,Quchan,37.117,58.45,1287.0
annual_tmean,Annual precipitation + annual mean temperature,40741,Sarakhs,5.0,34,13,38.23529411764706,41.17647058823529,35.294117647058826,-5.882352941176464,1995,2023,6,6,1,Sarakhs,36.537,61.149,278.0
annual_tmean,Annual precipitation + annual mean temperature,40741,Sarakhs,10.0,34,10,29.411764705882355,29.411764705882355,29.411764705882355,0.0,1995,2023,5,4,1,Sarakhs,36.537,61.149,278.0
annual_tmean,Annual precipitation + annual mean temperature,40741,Sarakhs,20.0,34,2,5.88235294117647,0.0,11.76470588235294,11.76470588235294,2021,2023,1,1,0,Sarakhs,36.537,61.149,278.0
annual_tmean,Annual precipitation + annual mean temperature,40742,Biyarjomand,5.0,33,14,42.42424242424242,31.25,52.94117647058824,21.69117647058824,1993,2024,7,7,0,Biyarjomand,36.086,55.805,1099.3
annual_tmean,Annual precipitation + annual mean temperature,40742,Biyarjomand,10.0,33,7,21.21212121212121,12.5,29.411764705882355,16.911764705882355,1995,2023,3,4,0,Biyarjomand,36.086,55.805,1099.3
annual_tmean,Annual precipitation + annual mean temperature,40742,Biyarjomand,20.0,33,3,9.090909090909092,6.25,11.76470588235294,5.51470588235294,2001,2023,1,2,0,Biyarjomand,36.086,55.805,1099.3
annual_tmean,Annual precipitation + annual mean temperature,40743,Sabzevar,5.0,34,12,35.294117647058826,11.76470588235294,58.82352941176471,47.05882352941177,1995,2024,5,7,0,Sabzevar,36.207,57.649,962.0
annual_tmean,Annual precipitation + annual mean temperature,40743,Sabzevar,10.0,34,7,20.588235294117645,5.88235294117647,35.294117647058826,29.411764705882355,2001,2024,3,4,0,Sabzevar,36.207,57.649,962.0
annual_tmean,Annual precipitation + annual mean temperature,40743,Sabzevar,20.0,34,2,5.88235294117647,0.0,11.76470588235294,11.76470588235294,2008,2023,1,1,0,Sabzevar,36.207,57.649,962.0
annual_tmean,Annual precipitation + annual mean temperature,40744,Golmakan,5.0,32,12,37.5,20.0,52.94117647058824,32.94117647058824,2000,2023,5,5,2,Golmakan,36.483,59.283,1176.0
annual_tmean,Annual precipitation + annual mean temperature,40744,Golmakan,10.0,32,7,21.875,13.333333333333334,29.411764705882355,16.07843137254902,2000,2023,3,2,2,Golmakan,36.483,59.283,1176.0
annual_tmean,Annual precipitation + annual mean temperature,40744,Golmakan,20.0,32,1,3.125,0.0,5.88235294117647,5.88235294117647,2023,2023,0,0,1,Golmakan,36.483,59.283,1176.0
annual_tmean,Annual precipitation + annual mean temperature,40745,Mashhad,5.0,34,12,35.294117647058826,17.647058823529413,52.94117647058824,35.294117647058826,2000,2023,5,7,0,Mashhad,36.236,59.631,999.2
annual_tmean,Annual precipitation + annual mean temperature,40745,Mashhad,10.0,34,5,14.705882352941178,5.88235294117647,23.52941176470588,17.64705882352941,2001,2023,3,2,0,Mashhad,36.236,59.631,999.2
annual_tmean,Annual precipitation + annual mean temperature,40745,Mashhad,20.0,34,2,5.88235294117647,0.0,11.76470588235294,11.76470588235294,2021,2023,1,1,0,Mashhad,36.236,59.631,999.2
annual_tmean,Annual precipitation + annual mean temperature,40746,Neyshabur,5.0,34,15,44.11764705882353,47.05882352941176,41.17647058823529,-5.882352941176471,1994,2023,8,6,1,Neyshabur,36.267,58.8,1213.0
annual_tmean,Annual precipitation + annual mean temperature,40746,Neyshabur,10.0,34,7,20.588235294117645,17.647058823529413,23.52941176470588,5.8823529411764675,1998,2023,3,3,1,Neyshabur,36.267,58.8,1213.0
annual_tmean,Annual precipitation + annual mean temperature,40746,Neyshabur,20.0,34,3,8.823529411764707,5.88235294117647,11.76470588235294,5.88235294117647,1999,2023,2,1,0,Neyshabur,36.267,58.8,1213.0
annual_tmean,Annual precipitation + annual mean temperature,40747,Sanandaj,5.0,34,14,41.17647058823529,11.76470588235294,70.58823529411765,58.82352941176471,1999,2024,6,6,2,Sanandaj,35.255,47.015,1373.4
annual_tmean,Annual precipitation + annual mean temperature,40747,Sanandaj,10.0,34,8,23.52941176470588,11.76470588235294,35.294117647058826,23.529411764705884,1999,2024,4,2,2,Sanandaj,35.255,47.015,1373.4
annual_tmean,Annual precipitation + annual mean temperature,40747,Sanandaj,20.0,34,1,2.941176470588235,0.0,5.88235294117647,5.88235294117647,2021,2021,0,0,1,Sanandaj,35.255,47.015,1373.4
annual_tmean,Annual precipitation + annual mean temperature,40748,Bijar,5.0,34,12,35.294117647058826,17.647058823529413,52.94117647058824,35.294117647058826,1998,2024,5,7,0,Bijar,35.886,47.621,1883.4
annual_tmean,Annual precipitation + annual mean temperature,40748,Bijar,10.0,34,5,14.705882352941178,11.76470588235294,17.647058823529413,5.882352941176473,1999,2022,2,3,0,Bijar,35.886,47.621,1883.4
annual_tmean,Annual precipitation + annual mean temperature,40748,Bijar,20.0,34,2,5.88235294117647,5.88235294117647,5.88235294117647,0.0,2001,2021,1,1,0,Bijar,35.886,47.621,1883.4
annual_tmean,Annual precipitation + annual mean temperature,40749,Zarrineh,5.0,34,14,41.17647058823529,17.647058823529413,64.70588235294117,47.05882352941176,1998,2024,7,7,0,Zarrineh,36.06,46.914,2142.6
annual_tmean,Annual precipitation + annual mean temperature,40749,Zarrineh,10.0,34,9,26.47058823529412,5.88235294117647,47.05882352941176,41.17647058823529,1999,2022,5,4,0,Zarrineh,36.06,46.914,2142.6
annual_tmean,Annual precipitation + annual mean temperature,40749,Zarrineh,20.0,34,2,5.88235294117647,0.0,11.76470588235294,11.76470588235294,2010,2021,1,1,0,Zarrineh,36.06,46.914,2142.6
annual_tmean,Annual precipitation + annual mean temperature,40751,Tehran (Shemiran),5.0,34,14,41.17647058823529,17.647058823529413,64.70588235294117,47.05882352941176,1995,2024,7,6,1,Tehran (Shemiran),35.799,51.485,1549.1
annual_tmean,Annual precipitation + annual mean temperature,40751,Tehran (Shemiran),10.0,34,10,29.411764705882355,17.647058823529413,41.17647058823529,23.529411764705877,1995,2023,6,3,1,Tehran (Shemiran),35.799,51.485,1549.1
annual_tmean,Annual precipitation + annual mean temperature,40751,Tehran (Shemiran),20.0,34,6,17.647058823529413,5.88235294117647,29.411764705882355,23.529411764705884,1995,2023,3,2,1,Tehran (Shemiran),35.799,51.485,1549.1
annual_tmean,Annual precipitation + annual mean temperature,40752,Karaj,5.0,34,15,44.11764705882353,35.294117647058826,52.94117647058824,17.647058823529413,1995,2023,8,7,0,Karaj,35.807,50.954,1292.9
annual_tmean,Annual precipitation + annual mean temperature,40752,Karaj,10.0,34,9,26.47058823529412,23.52941176470588,29.411764705882355,5.882352941176475,1995,2023,5,4,0,Karaj,35.807,50.954,1292.9
annual_tmean,Annual precipitation + annual mean temperature,40752,Karaj,20.0,34,2,5.88235294117647,5.88235294117647,5.88235294117647,0.0,2001,2022,1,1,0,Karaj,35.807,50.954,1292.9
annual_tmean,Annual precipitation + annual mean temperature,40754,Tehran (Mehrabad Airport),5.0,34,14,41.17647058823529,17.647058823529413,64.70588235294117,47.05882352941176,1995,2024,7,6,1,Tehran (Mehrabad Airport),35.693,51.309,1191.0
annual_tmean,Annual precipitation + annual mean temperature,40754,Tehran (Mehrabad Airport),10.0,34,8,23.52941176470588,5.88235294117647,41.17647058823529,35.29411764705882,1995,2024,4,4,0,Tehran (Mehrabad Airport),35.693,51.309,1191.0
annual_tmean,Annual precipitation + annual mean temperature,40754,Tehran (Mehrabad Airport),20.0,34,3,8.823529411764707,0.0,17.647058823529413,17.647058823529413,2014,2022,2,1,0,Tehran (Mehrabad Airport),35.693,51.309,1191.0
annual_tmean,Annual precipitation + annual mean temperature,40755,Abali,5.0,34,15,44.11764705882353,47.05882352941176,41.17647058823529,-5.882352941176471,1995,2024,8,7,0,Abali,35.771,51.987,2465.2
annual_tmean,Annual precipitation + annual mean temperature,40755,Abali,10.0,34,8,23.52941176470588,23.52941176470588,23.52941176470588,0.0,1995,2023,5,3,0,Abali,35.771,51.987,2465.2
annual_tmean,Annual precipitation + annual mean temperature,40755,Abali,20.0,34,3,8.823529411764707,5.88235294117647,11.76470588235294,5.88235294117647,2001,2021,2,1,0,Abali,35.771,51.987,2465.2
annual_tmean,Annual precipitation + annual mean temperature,40757,Semnan,5.0,34,11,32.35294117647059,17.647058823529413,47.05882352941176,29.411764705882348,1995,2024,5,5,1,Semnan,35.588,53.422,1127.0
annual_tmean,Annual precipitation + annual mean temperature,40757,Semnan,10.0,34,8,23.52941176470588,11.76470588235294,35.294117647058826,23.529411764705884,1995,2024,4,3,1,Semnan,35.588,53.422,1127.0
annual_tmean,Annual precipitation + annual mean temperature,40757,Semnan,20.0,34,3,8.823529411764707,0.0,17.647058823529413,17.647058823529413,2008,2022,1,1,1,Semnan,35.588,53.422,1127.0
annual_tmean,Annual precipitation + annual mean temperature,40758,Garmsar,5.0,34,12,35.294117647058826,11.76470588235294,58.82352941176471,47.05882352941177,1995,2023,5,7,0,Garmsar,35.243,52.36,899.9
annual_tmean,Annual precipitation + annual mean temperature,40758,Garmsar,10.0,34,6,17.647058823529413,11.76470588235294,23.52941176470588,11.76470588235294,1995,2022,2,4,0,Garmsar,35.243,52.36,899.9
annual_tmean,Annual precipitation + annual mean temperature,40758,Garmsar,20.0,34,2,5.88235294117647,5.88235294117647,5.88235294117647,0.0,1995,2014,1,1,0,Garmsar,35.243,52.36,899.9
annual_tmean,Annual precipitation + annual mean temperature,40762,Torbat-E Heydariyeh,5.0,34,13,38.23529411764706,11.76470588235294,64.70588235294117,52.94117647058823,2001,2024,5,8,0,Torbat-E Heydariyeh,35.332,59.206,1451.0
annual_tmean,Annual precipitation + annual mean temperature,40762,Torbat-E Heydariyeh,10.0,34,5,14.705882352941178,5.88235294117647,23.52941176470588,17.64705882352941,2001,2023,2,3,0,Torbat-E Heydariyeh,35.332,59.206,1451.0
annual_tmean,Annual precipitation + annual mean temperature,40762,Torbat-E Heydariyeh,20.0,34,3,8.823529411764707,5.88235294117647,11.76470588235294,5.88235294117647,2001,2023,2,1,0,Torbat-E Heydariyeh,35.332,59.206,1451.0
annual_tmean,Annual precipitation + annual mean temperature,40763,Kashmar,5.0,34,15,44.11764705882353,35.294117647058826,52.94117647058824,17.647058823529413,1994,2023,8,7,0,Kashmar,35.271,58.473,1109.7
annual_tmean,Annual precipitation + annual mean temperature,40763,Kashmar,10.0,34,7,20.588235294117645,17.647058823529413,23.52941176470588,5.8823529411764675,1994,2023,3,4,0,Kashmar,35.271,58.473,1109.7
annual_tmean,Annual precipitation + annual mean temperature,40763,Kashmar,20.0,34,3,8.823529411764707,0.0,17.647058823529413,17.647058823529413,2008,2023,2,1,0,Kashmar,35.271,58.473,1109.7
annual_tmean,Annual precipitation + annual mean temperature,40764,Ravansar,5.0,34,9,26.47058823529412,11.76470588235294,41.17647058823529,29.411764705882348,1999,2024,3,5,1,Ravansar,34.71,46.65,1380.0
annual_tmean,Annual precipitation + annual mean temperature,40764,Ravansar,10.0,34,7,20.588235294117645,11.76470588235294,29.411764705882355,17.647058823529413,1999,2022,2,4,1,Ravansar,34.71,46.65,1380.0
annual_tmean,Annual precipitation + annual mean temperature,40764,Ravansar,20.0,34,1,2.941176470588235,0.0,5.88235294117647,5.88235294117647,2021,2021,0,0,1,Ravansar,34.71,46.65,1380.0
annual_tmean,Annual precipitation + annual mean temperature,40765,Sarpol-E-Zahab,5.0,34,14,41.17647058823529,17.647058823529413,64.70588235294117,47.05882352941176,1999,2024,8,6,0,Sarpol-E-Zahab,34.45,45.86,545.0
annual_tmean,Annual precipitation + annual mean temperature,40765,Sarpol-E-Zahab,10.0,34,5,14.705882352941178,0.0,29.411764705882355,29.411764705882355,2010,2022,3,2,0,Sarpol-E-Zahab,34.45,45.86,545.0
annual_tmean,Annual precipitation + annual mean temperature,40765,Sarpol-E-Zahab,20.0,34,2,5.88235294117647,0.0,11.76470588235294,11.76470588235294,2012,2021,1,1,0,Sarpol-E-Zahab,34.45,45.86,545.0
annual_tmean,Annual precipitation + annual mean temperature,40766,Kermanshah,5.0,34,9,26.47058823529412,17.647058823529413,35.294117647058826,17.647058823529413,1995,2024,3,3,3,Kermanshah,34.352,47.153,1318.5
annual_tmean,Annual precipitation + annual mean temperature,40766,Kermanshah,10.0,34,6,17.647058823529413,11.76470588235294,23.52941176470588,11.76470588235294,1995,2022,2,1,3,Kermanshah,34.352,47.153,1318.5
annual_tmean,Annual precipitation + annual mean temperature,40766,Kermanshah,20.0,34,1,2.941176470588235,0.0,5.88235294117647,5.88235294117647,2021,2021,0,0,1,Kermanshah,34.352,47.153,1318.5
annual_tmean,Annual precipitation + annual mean temperature,40768,Hamedan (Airport),5.0,34,14,41.17647058823529,17.647058823529413,64.70588235294117,47.05882352941176,1995,2024,7,7,0,Hamedan (Airport),34.85,48.53,1740.8
annual_tmean,Annual precipitation + annual mean temperature,40768,Hamedan (Airport),10.0,34,7,20.588235294117645,0.0,41.17647058823529,41.17647058823529,2010,2022,4,3,0,Hamedan (Airport),34.85,48.53,1740.8
annual_tmean,Annual precipitation + annual mean temperature,40768,Hamedan (Airport),20.0,34,4,11.76470588235294,0.0,23.52941176470588,23.52941176470588,2010,2022,2,2,0,Hamedan (Airport),34.85,48.53,1740.8
annual_tmean,Annual precipitation + annual mean temperature,40769,Arak,5.0,34,11,32.35294117647059,11.76470588235294,52.94117647058824,41.1764705882353,1999,2024,5,5,1,Arak,34.07,49.78,1702.8
annual_tmean,Annual precipitation + annual mean temperature,40769,Arak,10.0,34,6,17.647058823529413,0.0,35.294117647058826,35.294117647058826,2008,2023,2,3,1,Arak,34.07,49.78,1702.8
annual_tmean,Annual precipitation + annual mean temperature,40769,Arak,20.0,34,3,8.823529411764707,0.0,17.647058823529413,17.647058823529413,2010,2023,1,1,1,Arak,34.07,49.78,1702.8
annual_tmean,Annual precipitation + annual mean temperature,40770,Qom,5.0,34,12,35.294117647058826,11.76470588235294,58.82352941176471,47.05882352941177,1995,2024,5,6,1,Qom,34.774,50.855,879.1
annual_tmean,Annual precipitation + annual mean temperature,40770,Qom,10.0,34,7,20.588235294117645,5.88235294117647,35.294117647058826,29.411764705882355,1997,2023,4,3,0,Qom,34.774,50.855,879.1
annual_tmean,Annual precipitation + annual mean temperature,40770,Qom,20.0,34,2,5.88235294117647,0.0,11.76470588235294,11.76470588235294,2010,2023,1,1,0,Qom,34.774,50.855,879.1
annual_tmean,Annual precipitation + annual mean temperature,40771,Kangavar,5.0,34,18,52.94117647058824,23.52941176470588,82.35294117647058,58.823529411764696,1995,2024,9,8,1,Kangavar,34.5,47.98,1468.0
annual_tmean,Annual precipitation + annual mean temperature,40771,Kangavar,10.0,34,8,23.52941176470588,5.88235294117647,41.17647058823529,35.29411764705882,2001,2024,5,3,0,Kangavar,34.5,47.98,1468.0
annual_tmean,Annual precipitation + annual mean temperature,40771,Kangavar,20.0,34,3,8.823529411764707,0.0,17.647058823529413,17.647058823529413,2010,2021,1,2,0,Kangavar,34.5,47.98,1468.0
annual_tmean,Annual precipitation + annual mean temperature,40772,Qorveh,5.0,34,10,29.411764705882355,11.76470588235294,47.05882352941176,35.29411764705882,1999,2022,5,5,0,Qorveh,35.18,47.786,1906.0
annual_tmean,Annual precipitation + annual mean temperature,40772,Qorveh,10.0,34,4,11.76470588235294,5.88235294117647,17.647058823529413,11.764705882352942,2001,2022,2,2,0,Qorveh,35.18,47.786,1906.0
annual_tmean,Annual precipitation + annual mean temperature,40772,Qorveh,20.0,34,2,5.88235294117647,0.0,11.76470588235294,11.76470588235294,2021,2022,1,1,0,Qorveh,35.18,47.786,1906.0
annual_tmean,Annual precipitation + annual mean temperature,40774,Borujerd,5.0,34,13,38.23529411764706,23.52941176470588,52.94117647058824,29.41176470588236,1995,2024,6,7,0,Borujerd,33.915,48.758,1629.0
annual_tmean,Annual precipitation + annual mean temperature,40774,Borujerd,10.0,34,8,23.52941176470588,17.647058823529413,29.411764705882355,11.764705882352942,1995,2022,5,3,0,Borujerd,33.915,48.758,1629.0
annual_tmean,Annual precipitation + annual mean temperature,40774,Borujerd,20.0,34,2,5.88235294117647,0.0,11.76470588235294,11.76470588235294,2021,2022,1,1,0,Borujerd,33.915,48.758,1629.0
annual_tmean,Annual precipitation + annual mean temperature,40778,Gonabad,5.0,34,12,35.294117647058826,41.17647058823529,29.411764705882355,-11.764705882352935,1998,2023,6,5,1,Gonabad,34.35,58.683,1056.0
annual_tmean,Annual precipitation + annual mean temperature,40778,Gonabad,10.0,34,10,29.411764705882355,29.411764705882355,29.411764705882355,0.0,2001,2023,6,3,1,Gonabad,34.35,58.683,1056.0
annual_tmean,Annual precipitation + annual mean temperature,40778,Gonabad,20.0,34,1,2.941176470588235,5.88235294117647,0.0,-5.88235294117647,2001,2001,0,0,1,Gonabad,34.35,58.683,1056.0
annual_tmean,Annual precipitation + annual mean temperature,40779,Eslamabad-E-Gharb,5.0,34,13,38.23529411764706,41.17647058823529,35.294117647058826,-5.882352941176464,1995,2024,6,6,1,Eslamabad-E-Gharb,34.12,46.47,1348.8
annual_tmean,Annual precipitation + annual mean temperature,40779,Eslamabad-E-Gharb,10.0,34,7,20.588235294117645,17.647058823529413,23.52941176470588,5.8823529411764675,1995,2024,3,3,1,Eslamabad-E-Gharb,34.12,46.47,1348.8
annual_tmean,Annual precipitation + annual mean temperature,40779,Eslamabad-E-Gharb,20.0,34,1,2.941176470588235,0.0,5.88235294117647,5.88235294117647,2021,2021,0,0,1,Eslamabad-E-Gharb,34.12,46.47,1348.8
annual_tmean,Annual precipitation + annual mean temperature,40780,Ilam,5.0,34,12,35.294117647058826,23.52941176470588,47.05882352941176,23.52941176470588,1995,2022,6,5,1,Ilam,33.588,46.398,1337.0
annual_tmean,Annual precipitation + annual mean temperature,40780,Ilam,10.0,34,8,23.52941176470588,11.76470588235294,35.294117647058826,23.529411764705884,1995,2022,4,3,1,Ilam,33.588,46.398,1337.0
annual_tmean,Annual precipitation + annual mean temperature,40780,Ilam,20.0,34,1,2.941176470588235,0.0,5.88235294117647,5.88235294117647,2021,2021,0,0,1,Ilam,33.588,46.398,1337.0
annual_tmean,Annual precipitation + annual mean temperature,40782,Khorramabad,5.0,34,11,32.35294117647059,17.647058823529413,47.05882352941176,29.411764705882348,1995,2024,6,5,0,Khorramabad,33.433,48.295,1147.8
annual_tmean,Annual precipitation + annual mean temperature,40782,Khorramabad,10.0,34,6,17.647058823529413,5.88235294117647,29.411764705882355,23.529411764705884,1999,2022,3,3,0,Khorramabad,33.433,48.295,1147.8
annual_tmean,Annual precipitation + annual mean temperature,40782,Khorramabad,20.0,34,2,5.88235294117647,0.0,11.76470588235294,11.76470588235294,2021,2022,1,1,0,Khorramabad,33.433,48.295,1147.8
annual_tmean,Annual precipitation + annual mean temperature,40783,Aligudarz,5.0,34,12,35.294117647058826,17.647058823529413,52.94117647058824,35.294117647058826,1995,2024,6,6,0,Aligudarz,33.408,49.703,2022.1
annual_tmean,Annual precipitation + annual mean temperature,40783,Aligudarz,10.0,34,6,17.647058823529413,5.88235294117647,29.411764705882355,23.529411764705884,1995,2023,2,4,0,Aligudarz,33.408,49.703,2022.1
annual_tmean,Annual precipitation + annual mean temperature,40783,Aligudarz,20.0,34,3,8.823529411764707,0.0,17.647058823529413,17.647058823529413,2010,2023,1,2,0,Aligudarz,33.408,49.703,2022.1
annual_tmean,Annual precipitation + annual mean temperature,40785,Kashan,5.0,34,11,32.35294117647059,11.76470588235294,52.94117647058824,41.1764705882353,1995,2024,4,6,1,Kashan,33.967,51.48,955.0
annual_tmean,Annual precipitation + annual mean temperature,40785,Kashan,10.0,34,6,17.647058823529413,0.0,35.294117647058826,35.294117647058826,2010,2023,3,2,1,Kashan,33.967,51.48,955.0
annual_tmean,Annual precipitation + annual mean temperature,40785,Kashan,20.0,34,3,8.823529411764707,0.0,17.647058823529413,17.647058823529413,2021,2023,1,2,0,Kashan,33.967,51.48,955.0
annual_tmean,Annual precipitation + annual mean temperature,40787,Daran,5.0,33,12,36.36363636363637,18.75,52.94117647058824,34.19117647058824,1995,2024,6,5,1,Daran,32.988,50.407,2290.0
annual_tmean,Annual precipitation + annual mean temperature,40787,Daran,10.0,33,6,18.181818181818183,0.0,35.294117647058826,35.294117647058826,2008,2024,2,3,1,Daran,32.988,50.407,2290.0
annual_tmean,Annual precipitation + annual mean temperature,40787,Daran,20.0,33,2,6.0606060606060606,0.0,11.76470588235294,11.76470588235294,2008,2021,1,1,0,Daran,32.988,50.407,2290.0
annual_tmean,Annual precipitation + annual mean temperature,40789,Khur-Va-Biabanak,5.0,34,11,32.35294117647059,11.76470588235294,52.94117647058824,41.1764705882353,1997,2024,5,5,1,Khur-Va-Biabanak,33.77,55.081,842.2
annual_tmean,Annual precipitation + annual mean temperature,40789,Khur-Va-Biabanak,10.0,34,9,26.47058823529412,5.88235294117647,47.05882352941176,41.17647058823529,2005,2024,4,4,1,Khur-Va-Biabanak,33.77,55.081,842.2
annual_tmean,Annual precipitation + annual mean temperature,40789,Khur-Va-Biabanak,20.0,34,3,8.823529411764707,0.0,17.647058823529413,17.647058823529413,2016,2023,2,1,0,Khur-Va-Biabanak,33.77,55.081,842.2
annual_tmean,Annual precipitation + annual mean temperature,40790,Robat-E-Poshtebadam,5.0,33,12,36.36363636363637,25.0,47.05882352941176,22.05882352941176,2000,2023,6,6,0,Robat-E-Poshtebadam,33.012,55.558,1188.0
annual_tmean,Annual precipitation + annual mean temperature,40790,Robat-E-Poshtebadam,10.0,33,5,15.151515151515152,0.0,29.411764705882355,29.411764705882355,2010,2022,2,3,0,Robat-E-Poshtebadam,33.012,55.558,1188.0
annual_tmean,Annual precipitation + annual mean temperature,40790,Robat-E-Poshtebadam,20.0,33,3,9.090909090909092,0.0,17.647058823529413,17.647058823529413,2015,2021,2,1,0,Robat-E-Poshtebadam,33.012,55.558,1188.0
annual_tmean,Annual precipitation + annual mean temperature,40791,Tabas,5.0,34,9,26.47058823529412,0.0,52.94117647058824,52.94117647058824,2013,2024,4,4,1,Tabas,33.6,56.95,711.0
annual_tmean,Annual precipitation + annual mean temperature,40791,Tabas,10.0,34,7,20.588235294117645,0.0,41.17647058823529,41.17647058823529,2015,2024,3,3,1,Tabas,33.6,56.95,711.0
annual_tmean,Annual precipitation + annual mean temperature,40791,Tabas,20.0,34,4,11.76470588235294,0.0,23.52941176470588,23.52941176470588,2016,2023,1,2,1,Tabas,33.6,56.95,711.0
annual_tmean,Annual precipitation + annual mean temperature,40792,Ferdows,5.0,34,15,44.11764705882353,41.17647058823529,47.05882352941176,5.882352941176471,1997,2024,6,9,0,Ferdows,34.031,58.184,1293.0
annual_tmean,Annual precipitation + annual mean temperature,40792,Ferdows,10.0,34,9,26.47058823529412,23.52941176470588,29.411764705882355,5.882352941176475,1998,2023,5,4,0,Ferdows,34.031,58.184,1293.0
annual_tmean,Annual precipitation + annual mean temperature,40792,Ferdows,20.0,34,3,8.823529411764707,5.88235294117647,11.76470588235294,5.88235294117647,2001,2016,2,1,0,Ferdows,34.031,58.184,1293.0
annual_tmean,Annual precipitation + annual mean temperature,40793,Qaen,5.0,34,16,47.05882352941176,58.82352941176471,35.294117647058826,-23.529411764705884,1994,2023,7,9,0,Qaen,33.74,59.176,1432.0
annual_tmean,Annual precipitation + annual mean temperature,40793,Qaen,10.0,34,9,26.47058823529412,29.411764705882355,23.52941176470588,-5.882352941176475,2000,2023,2,7,0,Qaen,33.74,59.176,1432.0
annual_tmean,Annual precipitation + annual mean temperature,40793,Qaen,20.0,34,2,5.88235294117647,5.88235294117647,5.88235294117647,0.0,2001,2021,1,1,0,Qaen,33.74,59.176,1432.0
annual_tmean,Annual precipitation + annual mean temperature,40794,Safiabad (Dezful),5.0,34,12,35.294117647058826,11.76470588235294,58.82352941176471,47.05882352941177,1995,2024,5,7,0,Safiabad (Dezful),32.253,48.433,82.9
annual_tmean,Annual precipitation + annual mean temperature,40794,Safiabad (Dezful),10.0,34,7,20.588235294117645,5.88235294117647,35.294117647058826,29.411764705882355,1995,2023,4,3,0,Safiabad (Dezful),32.253,48.433,82.9
annual_tmean,Annual precipitation + annual mean temperature,40794,Safiabad (Dezful),20.0,34,2,5.88235294117647,0.0,11.76470588235294,11.76470588235294,2010,2021,1,1,0,Safiabad (Dezful),32.253,48.433,82.9
annual_tmean,Annual precipitation + annual mean temperature,40796,Dehloran,5.0,34,16,47.05882352941176,41.17647058823529,52.94117647058824,11.76470588235295,1995,2024,8,7,1,Dehloran,32.681,47.281,232.0
annual_tmean,Annual precipitation + annual mean temperature,40796,Dehloran,10.0,34,6,17.647058823529413,0.0,35.294117647058826,35.294117647058826,2008,2022,2,3,1,Dehloran,32.681,47.281,232.0
annual_tmean,Annual precipitation + annual mean temperature,40796,Dehloran,20.0,34,3,8.823529411764707,0.0,17.647058823529413,17.647058823529413,2010,2021,1,1,1,Dehloran,32.681,47.281,232.0
annual_tmean,Annual precipitation + annual mean temperature,40797,Kuhrang,5.0,34,13,38.23529411764706,11.76470588235294,64.70588235294117,52.94117647058823,1995,2024,5,8,0,Kuhrang,32.458,50.125,2365.0
annual_tmean,Annual precipitation + annual mean temperature,40797,Kuhrang,10.0,34,5,14.705882352941178,5.88235294117647,23.52941176470588,17.64705882352941,1995,2021,2,3,0,Kuhrang,32.458,50.125,2365.0
annual_tmean,Annual precipitation + annual mean temperature,40797,Kuhrang,20.0,34,2,5.88235294117647,0.0,11.76470588235294,11.76470588235294,2008,2021,1,1,0,Kuhrang,32.458,50.125,2365.0
annual_tmean,Annual precipitation + annual mean temperature,40798,Shahrekord,5.0,34,14,41.17647058823529,35.294117647058826,47.05882352941176,11.764705882352935,1995,2024,7,7,0,Shahrekord,32.293,50.84,2048.9
annual_tmean,Annual precipitation + annual mean temperature,40798,Shahrekord,10.0,34,8,23.52941176470588,17.647058823529413,29.411764705882355,11.764705882352942,1998,2021,4,4,0,Shahrekord,32.293,50.84,2048.9
annual_tmean,Annual precipitation + annual mean temperature,40798,Shahrekord,20.0,34,4,11.76470588235294,0.0,23.52941176470588,23.52941176470588,2008,2021,2,2,0,Shahrekord,32.293,50.84,2048.9
annual_tmean,Annual precipitation + annual mean temperature,40799,Ardestan,5.0,33,13,39.39393939393939,37.5,41.17647058823529,3.67647058823529,1994,2023,7,6,0,Ardestan,33.355,52.376,1255.5
annual_tmean,Annual precipitation + annual mean temperature,40799,Ardestan,10.0,33,6,18.181818181818183,12.5,23.52941176470588,11.02941176470588,1994,2022,5,1,0,Ardestan,33.355,52.376,1255.5
annual_tmean,Annual precipitation + annual mean temperature,40799,Ardestan,20.0,33,2,6.0606060606060606,0.0,11.76470588235294,11.76470588235294,2010,2016,1,1,0,Ardestan,33.355,52.376,1255.5
annual_tmean,Annual precipitation + annual mean temperature,40800,Esfahan,5.0,33,13,39.39393939393939,12.5,64.70588235294117,52.205882352941174,2000,2024,6,7,0,Esfahan,32.518,51.707,1550.4
annual_tmean,Annual precipitation + annual mean temperature,40800,Esfahan,10.0,33,7,21.21212121212121,0.0,41.17647058823529,41.17647058823529,2008,2024,3,4,0,Esfahan,32.518,51.707,1550.4
annual_tmean,Annual precipitation + annual mean temperature,40800,Esfahan,20.0,33,3,9.090909090909092,0.0,17.647058823529413,17.647058823529413,2008,2021,2,1,0,Esfahan,32.518,51.707,1550.4
annual_tmean,Annual precipitation + annual mean temperature,40801,Naein,5.0,33,15,45.45454545454545,50.0,41.17647058823529,-8.82352941176471,1992,2022,8,6,1,Naein,32.851,53.079,1573.7
annual_tmean,Annual precipitation + annual mean temperature,40801,Naein,10.0,33,9,27.27272727272727,25.0,29.411764705882355,4.411764705882355,1992,2022,6,3,0,Naein,32.851,53.079,1573.7
annual_tmean,Annual precipitation + annual mean temperature,40801,Naein,20.0,33,6,18.181818181818183,12.5,23.52941176470588,11.02941176470588,2001,2021,4,2,0,Naein,32.851,53.079,1573.7
annual_tmean,Annual precipitation + annual mean temperature,40802,Esfahan (Airport),5.0,34,11,32.35294117647059,17.647058823529413,47.05882352941176,29.411764705882348,2001,2022,4,4,3,Esfahan (Airport),32.493,51.863,1551.9
annual_tmean,Annual precipitation + annual mean temperature,40802,Esfahan (Airport),10.0,34,6,17.647058823529413,5.88235294117647,29.411764705882355,23.529411764705884,2001,2022,2,2,2,Esfahan (Airport),32.493,51.863,1551.9
annual_tmean,Annual precipitation + annual mean temperature,40802,Esfahan (Airport),20.0,34,3,8.823529411764707,0.0,17.647058823529413,17.647058823529413,2008,2021,1,1,1,Esfahan (Airport),32.493,51.863,1551.9
annual_tmean,Annual precipitation + annual mean temperature,40803,Kabutarabad,5.0,33,10,30.303030303030305,6.25,52.94117647058824,46.69117647058824,2001,2022,4,4,2,Kabutarabad,32.515,51.834,1542.5
annual_tmean,Annual precipitation + annual mean temperature,40803,Kabutarabad,10.0,33,8,24.242424242424242,6.25,41.17647058823529,34.92647058823529,2001,2021,3,4,1,Kabutarabad,32.515,51.834,1542.5
annual_tmean,Annual precipitation + annual mean temperature,40803,Kabutarabad,20.0,33,4,12.121212121212121,0.0,23.52941176470588,23.52941176470588,2008,2021,2,1,1,Kabutarabad,32.515,51.834,1542.5
annual_tmean,Annual precipitation + annual mean temperature,40809,Birjand,5.0,34,11,32.35294117647059,11.76470588235294,52.94117647058824,41.1764705882353,2000,2024,5,5,1,Birjand,32.9,59.25,1491.0
annual_tmean,Annual precipitation + annual mean temperature,40809,Birjand,10.0,34,6,17.647058823529413,5.88235294117647,29.411764705882355,23.529411764705884,2001,2024,3,3,0,Birjand,32.9,59.25,1491.0
annual_tmean,Annual precipitation + annual mean temperature,40809,Birjand,20.0,34,4,11.76470588235294,5.88235294117647,17.647058823529413,11.764705882352942,2001,2023,2,2,0,Birjand,32.9,59.25,1491.0
annual_tmean,Annual precipitation + annual mean temperature,40810,Bostan,5.0,34,14,41.17647058823529,11.76470588235294,70.58823529411765,58.82352941176471,1995,2024,6,8,0,Bostan,31.708,48.01,7.8
annual_tmean,Annual precipitation + annual mean temperature,40810,Bostan,10.0,34,5,14.705882352941178,0.0,29.411764705882355,29.411764705882355,2008,2022,2,3,0,Bostan,31.708,48.01,7.8
annual_tmean,Annual precipitation + annual mean temperature,40810,Bostan,20.0,34,2,5.88235294117647,0.0,11.76470588235294,11.76470588235294,2017,2021,1,1,0,Bostan,31.708,48.01,7.8
annual_tmean,Annual precipitation + annual mean temperature,40811,Ahvaz,5.0,34,12,35.294117647058826,11.76470588235294,58.82352941176471,47.05882352941177,1995,2024,5,6,1,Ahvaz,31.344,48.744,22.5
annual_tmean,Annual precipitation + annual mean temperature,40811,Ahvaz,10.0,34,6,17.647058823529413,5.88235294117647,29.411764705882355,23.529411764705884,1995,2022,2,3,1,Ahvaz,31.344,48.744,22.5
annual_tmean,Annual precipitation + annual mean temperature,40811,Ahvaz,20.0,34,3,8.823529411764707,0.0,17.647058823529413,17.647058823529413,2010,2021,1,1,1,Ahvaz,31.344,48.744,22.5
annual_tmean,Annual precipitation + annual mean temperature,40812,Masjedsoleyman,5.0,34,12,35.294117647058826,23.52941176470588,47.05882352941176,23.52941176470588,1995,2024,7,4,1,Masjedsoleyman,31.983,49.241,320.5
annual_tmean,Annual precipitation + annual mean temperature,40812,Masjedsoleyman,10.0,34,6,17.647058823529413,5.88235294117647,29.411764705882355,23.529411764705884,1998,2022,3,2,1,Masjedsoleyman,31.983,49.241,320.5
annual_tmean,Annual precipitation + annual mean temperature,40812,Masjedsoleyman,20.0,34,1,2.941176470588235,0.0,5.88235294117647,5.88235294117647,2021,2021,0,0,1,Masjedsoleyman,31.983,49.241,320.5
annual_tmean,Annual precipitation + annual mean temperature,40813,Ramhormoz,5.0,34,14,41.17647058823529,17.647058823529413,64.70588235294117,47.05882352941176,1998,2024,7,7,0,Ramhormoz,31.273,49.596,150.5
annual_tmean,Annual precipitation + annual mean temperature,40813,Ramhormoz,10.0,34,5,14.705882352941178,0.0,29.411764705882355,29.411764705882355,2008,2022,3,2,0,Ramhormoz,31.273,49.596,150.5
annual_tmean,Annual precipitation + annual mean temperature,40813,Ramhormoz,20.0,34,2,5.88235294117647,0.0,11.76470588235294,11.76470588235294,2017,2021,1,1,0,Ramhormoz,31.273,49.596,150.5
annual_tmean,Annual precipitation + annual mean temperature,40818,Abadeh,5.0,34,13,38.23529411764706,11.76470588235294,64.70588235294117,52.94117647058823,1998,2024,6,6,1,Abadeh,31.198,52.617,2030.0
annual_tmean,Annual precipitation + annual mean temperature,40818,Abadeh,10.0,34,7,20.588235294117645,5.88235294117647,35.294117647058826,29.411764705882355,1998,2022,3,3,1,Abadeh,31.198,52.617,2030.0
annual_tmean,Annual precipitation + annual mean temperature,40818,Abadeh,20.0,34,3,8.823529411764707,0.0,17.647058823529413,17.647058823529413,2010,2021,1,1,1,Abadeh,31.198,52.617,2030.0
annual_tmean,Annual precipitation + annual mean temperature,40821,Yazd,5.0,34,14,41.17647058823529,23.52941176470588,58.82352941176471,35.294117647058826,1994,2024,7,7,0,Yazd,31.9,54.28,1230.2
annual_tmean,Annual precipitation + annual mean temperature,40821,Yazd,10.0,34,9,26.47058823529412,5.88235294117647,47.05882352941176,41.17647058823529,2005,2024,4,5,0,Yazd,31.9,54.28,1230.2
annual_tmean,Annual precipitation + annual mean temperature,40821,Yazd,20.0,34,3,8.823529411764707,0.0,17.647058823529413,17.647058823529413,2010,2023,2,1,0,Yazd,31.9,54.28,1230.2
annual_tmean,Annual precipitation + annual mean temperature,40827,Nehbandan,5.0,34,13,38.23529411764706,41.17647058823529,35.294117647058826,-5.882352941176464,1994,2023,6,6,1,Nehbandan,31.53,60.03,1188.0
annual_tmean,Annual precipitation + annual mean temperature,40827,Nehbandan,10.0,34,9,26.47058823529412,29.411764705882355,23.52941176470588,-5.882352941176475,1998,2023,4,4,1,Nehbandan,31.53,60.03,1188.0
annual_tmean,Annual precipitation + annual mean temperature,40827,Nehbandan,20.0,34,1,2.941176470588235,5.88235294117647,0.0,-5.88235294117647,2001,2001,0,0,1,Nehbandan,31.53,60.03,1188.0
annual_tmean,Annual precipitation + annual mean temperature,40829,Zabol,5.0,34,12,35.294117647058826,11.76470588235294,58.82352941176471,47.05882352941177,2001,2024,7,5,0,Zabol,31.089,61.543,489.2
annual_tmean,Annual precipitation + annual mean temperature,40829,Zabol,10.0,34,8,23.52941176470588,11.76470588235294,35.294117647058826,23.529411764705884,2001,2024,4,4,0,Zabol,31.089,61.543,489.2
annual_tmean,Annual precipitation + annual mean temperature,40829,Zabol,20.0,34,5,14.705882352941178,11.76470588235294,17.647058823529413,5.882352941176473,2001,2023,3,2,0,Zabol,31.089,61.543,489.2
annual_tmean,Annual precipitation + annual mean temperature,40831,Abadan,5.0,34,13,38.23529411764706,5.88235294117647,70.58823529411765,64.70588235294119,1998,2024,6,6,1,Abadan,30.37,48.22,6.6
annual_tmean,Annual precipitation + annual mean temperature,40831,Abadan,10.0,34,5,14.705882352941178,0.0,29.411764705882355,29.411764705882355,2010,2022,2,2,1,Abadan,30.37,48.22,6.6
annual_tmean,Annual precipitation + annual mean temperature,40831,Abadan,20.0,34,2,5.88235294117647,0.0,11.76470588235294,11.76470588235294,2010,2021,1,1,0,Abadan,30.37,48.22,6.6
annual_tmean,Annual precipitation + annual mean temperature,40832,Bandar-E- Mahshahr,5.0,34,16,47.05882352941176,23.52941176470588,70.58823529411765,47.05882352941177,1998,2024,8,8,0,Bandar-E- Mahshahr,30.546,49.159,6.2
annual_tmean,Annual precipitation + annual mean temperature,40832,Bandar-E- Mahshahr,10.0,34,8,23.52941176470588,5.88235294117647,41.17647058823529,35.29411764705882,2007,2022,4,4,0,Bandar-E- Mahshahr,30.546,49.159,6.2
annual_tmean,Annual precipitation + annual mean temperature,40832,Bandar-E- Mahshahr,20.0,34,2,5.88235294117647,0.0,11.76470588235294,11.76470588235294,2010,2021,1,1,0,Bandar-E- Mahshahr,30.546,49.159,6.2
annual_tmean,Annual precipitation + annual mean temperature,40833,Omidiyeh (Aghajari),5.0,33,12,36.36363636363637,12.5,58.82352941176471,46.32352941176471,2001,2024,6,6,0,Omidiyeh (Aghajari),30.743,49.688,27.0
annual_tmean,Annual precipitation + annual mean temperature,40833,Omidiyeh (Aghajari),10.0,33,7,21.21212121212121,0.0,41.17647058823529,41.17647058823529,2008,2022,4,3,0,Omidiyeh (Aghajari),30.743,49.688,27.0
annual_tmean,Annual precipitation + annual mean temperature,40833,Omidiyeh (Aghajari),20.0,33,4,12.121212121212121,0.0,23.52941176470588,23.52941176470588,2010,2022,1,3,0,Omidiyeh (Aghajari),30.743,49.688,27.0
annual_tmean,Annual precipitation + annual mean temperature,40835,Dogonbadan,5.0,32,9,28.125,12.5,43.75,31.25,1992,2022,4,4,1,Dogonbadan,30.346,50.819,726.0
annual_tmean,Annual precipitation + annual mean temperature,40835,Dogonbadan,10.0,32,6,18.75,0.0,37.5,37.5,2008,2021,2,3,1,Dogonbadan,30.346,50.819,726.0
annual_tmean,Annual precipitation + annual mean temperature,40835,Dogonbadan,20.0,32,1,3.125,0.0,6.25,6.25,2010,2010,0,0,1,Dogonbadan,30.346,50.819,726.0
annual_tmean,Annual precipitation + annual mean temperature,40836,Yasuj,5.0,33,13,39.39393939393939,23.52941176470588,56.25,32.720588235294116,1998,2023,6,6,1,Yasuj,30.699,51.555,1816.3
annual_tmean,Annual precipitation + annual mean temperature,40836,Yasuj,10.0,33,7,21.21212121212121,5.88235294117647,37.5,31.61764705882353,1998,2022,3,3,1,Yasuj,30.699,51.555,1816.3
annual_tmean,Annual precipitation + annual mean temperature,40836,Yasuj,20.0,33,3,9.090909090909092,0.0,18.75,18.75,2008,2021,1,1,1,Yasuj,30.699,51.555,1816.3
annual_tmean,Annual precipitation + annual mean temperature,40839,Anar,5.0,34,14,41.17647058823529,23.52941176470588,58.82352941176471,35.294117647058826,1998,2024,6,7,1,Anar,30.88,55.25,1409.0
annual_tmean,Annual precipitation + annual mean temperature,40839,Anar,10.0,34,9,26.47058823529412,11.76470588235294,41.17647058823529,29.411764705882348,1998,2024,4,4,1,Anar,30.88,55.25,1409.0
annual_tmean,Annual precipitation + annual mean temperature,40839,Anar,20.0,34,4,11.76470588235294,0.0,23.52941176470588,23.52941176470588,2010,2023,1,2,1,Anar,30.88,55.25,1409.0
annual_tmean,Annual precipitation + annual mean temperature,40841,Kerman,5.0,34,10,29.411764705882355,5.88235294117647,52.94117647058824,47.05882352941177,2002,2024,6,4,0,Kerman,30.252,56.965,1754.0
annual_tmean,Annual precipitation + annual mean temperature,40841,Kerman,10.0,34,7,20.588235294117645,0.0,41.17647058823529,41.17647058823529,2010,2024,4,3,0,Kerman,30.252,56.965,1754.0
annual_tmean,Annual precipitation + annual mean temperature,40841,Kerman,20.0,34,3,8.823529411764707,0.0,17.647058823529413,17.647058823529413,2010,2023,2,1,0,Kerman,30.252,56.965,1754.0
annual_tmean,Annual precipitation + annual mean temperature,40844,Dorudzan,5.0,34,10,29.411764705882355,0.0,58.82352941176471,58.82352941176471,2008,2023,5,4,1,Dorudzan,30.183,52.465,1642.0
annual_tmean,Annual precipitation + annual mean temperature,40844,Dorudzan,10.0,34,4,11.76470588235294,0.0,23.52941176470588,23.52941176470588,2010,2022,1,2,1,Dorudzan,30.183,52.465,1642.0
annual_tmean,Annual precipitation + annual mean temperature,40844,Dorudzan,20.0,34,3,8.823529411764707,0.0,17.647058823529413,17.647058823529413,2010,2021,1,1,1,Dorudzan,30.183,52.465,1642.0
annual_tmean,Annual precipitation + annual mean temperature,40847,Zarqan,5.0,34,9,26.47058823529412,5.88235294117647,47.05882352941176,41.17647058823529,2001,2022,3,5,1,Zarqan,29.778,52.704,1596.0
annual_tmean,Annual precipitation + annual mean temperature,40847,Zarqan,10.0,34,5,14.705882352941178,0.0,29.411764705882355,29.411764705882355,2008,2022,2,3,0,Zarqan,29.778,52.704,1596.0
annual_tmean,Annual precipitation + annual mean temperature,40847,Zarqan,20.0,34,2,5.88235294117647,0.0,11.76470588235294,11.76470588235294,2016,2021,1,1,0,Zarqan,29.778,52.704,1596.0
annual_tmean,Annual precipitation + annual mean temperature,40848,Shiraz,5.0,34,8,23.52941176470588,11.76470588235294,35.294117647058826,23.529411764705884,1999,2022,4,3,1,Shiraz,29.545,52.603,1488.0
annual_tmean,Annual precipitation + annual mean temperature,40848,Shiraz,10.0,34,6,17.647058823529413,5.88235294117647,29.411764705882355,23.529411764705884,2001,2022,3,2,1,Shiraz,29.545,52.603,1488.0
annual_tmean,Annual precipitation + annual mean temperature,40848,Shiraz,20.0,34,1,2.941176470588235,0.0,5.88235294117647,5.88235294117647,2021,2021,0,0,1,Shiraz,29.545,52.603,1488.0
annual_tmean,Annual precipitation + annual mean temperature,40849,Shahrebabak,5.0,34,12,35.294117647058826,17.647058823529413,52.94117647058824,35.294117647058826,2001,2024,7,5,0,Shahrebabak,30.146,55.107,1834.1
annual_tmean,Annual precipitation + annual mean temperature,40849,Shahrebabak,10.0,34,6,17.647058823529413,0.0,35.294117647058826,35.294117647058826,2010,2024,2,4,0,Shahrebabak,30.146,55.107,1834.1
annual_tmean,Annual precipitation + annual mean temperature,40849,Shahrebabak,20.0,34,2,5.88235294117647,0.0,11.76470588235294,11.76470588235294,2010,2021,1,1,0,Shahrebabak,30.146,55.107,1834.1
annual_tmean,Annual precipitation + annual mean temperature,40851,Sirjan,5.0,34,13,38.23529411764706,29.411764705882355,47.05882352941176,17.647058823529406,1998,2024,7,6,0,Sirjan,29.471,55.661,1739.4
annual_tmean,Annual precipitation + annual mean temperature,40851,Sirjan,10.0,34,7,20.588235294117645,5.88235294117647,35.294117647058826,29.411764705882355,2001,2024,4,3,0,Sirjan,29.471,55.661,1739.4
annual_tmean,Annual precipitation + annual mean temperature,40851,Sirjan,20.0,34,2,5.88235294117647,0.0,11.76470588235294,11.76470588235294,2021,2023,1,1,0,Sirjan,29.471,55.661,1739.4
annual_tmean,Annual precipitation + annual mean temperature,40853,Baft,5.0,34,9,26.47058823529412,5.88235294117647,47.05882352941176,41.17647058823529,2001,2024,5,4,0,Baft,29.239,56.58,2280.0
annual_tmean,Annual precipitation + annual mean temperature,40853,Baft,10.0,34,8,23.52941176470588,5.88235294117647,41.17647058823529,35.29411764705882,2001,2024,4,4,0,Baft,29.239,56.58,2280.0
annual_tmean,Annual precipitation + annual mean temperature,40853,Baft,20.0,34,2,5.88235294117647,5.88235294117647,5.88235294117647,0.0,2001,2021,1,1,0,Baft,29.239,56.58,2280.0
annual_tmean,Annual precipitation + annual mean temperature,40854,Bam,5.0,34,13,38.23529411764706,23.52941176470588,52.94117647058824,29.41176470588236,2001,2024,7,6,0,Bam,29.08,58.35,1066.9
annual_tmean,Annual precipitation + annual mean temperature,40854,Bam,10.0,34,7,20.588235294117645,5.88235294117647,35.294117647058826,29.411764705882355,2001,2023,4,3,0,Bam,29.08,58.35,1066.9
annual_tmean,Annual precipitation + annual mean temperature,40854,Bam,20.0,34,2,5.88235294117647,0.0,11.76470588235294,11.76470588235294,2021,2023,1,1,0,Bam,29.08,58.35,1066.9
annual_tmean,Annual precipitation + annual mean temperature,40856,Zahedan,5.0,34,12,35.294117647058826,29.411764705882355,41.17647058823529,11.764705882352935,2001,2024,7,5,0,Zahedan,29.472,60.9,1370.0
annual_tmean,Annual precipitation + annual mean temperature,40856,Zahedan,10.0,34,8,23.52941176470588,17.647058823529413,29.411764705882355,11.764705882352942,2001,2023,4,4,0,Zahedan,29.472,60.9,1370.0
annual_tmean,Annual precipitation + annual mean temperature,40856,Zahedan,20.0,34,7,20.588235294117645,11.76470588235294,29.411764705882355,17.647058823529413,2004,2023,3,4,0,Zahedan,29.472,60.9,1370.0
annual_tmean,Annual precipitation + annual mean temperature,40857,Bushehr (Coastal),5.0,33,11,33.33333333333333,5.88235294117647,62.5,56.61764705882353,2007,2024,5,5,1,Bushehr (Coastal),28.904,50.821,8.4
annual_tmean,Annual precipitation + annual mean temperature,40857,Bushehr (Coastal),10.0,33,7,21.21212121212121,0.0,43.75,43.75,2010,2024,2,4,1,Bushehr (Coastal),28.904,50.821,8.4
annual_tmean,Annual precipitation + annual mean temperature,40857,Bushehr (Coastal),20.0,33,3,9.090909090909092,0.0,18.75,18.75,2010,2021,1,2,0,Bushehr (Coastal),28.904,50.821,8.4
annual_tmean,Annual precipitation + annual mean temperature,40858,Bushehr (Airport),5.0,33,15,45.45454545454545,23.52941176470588,68.75,45.220588235294116,1998,2024,8,7,0,Bushehr (Airport),28.96,50.82,9.0
annual_tmean,Annual precipitation + annual mean temperature,40858,Bushehr (Airport),10.0,33,6,18.181818181818183,0.0,37.5,37.5,2010,2024,3,3,0,Bushehr (Airport),28.96,50.82,9.0
annual_tmean,Annual precipitation + annual mean temperature,40858,Bushehr (Airport),20.0,33,2,6.0606060606060606,0.0,12.5,12.5,2010,2021,1,1,0,Bushehr (Airport),28.96,50.82,9.0
annual_tmean,Annual precipitation + annual mean temperature,40859,Fasa,5.0,34,12,35.294117647058826,5.88235294117647,64.70588235294117,58.8235294117647,2001,2024,6,4,2,Fasa,28.899,53.719,1268.0
annual_tmean,Annual precipitation + annual mean temperature,40859,Fasa,10.0,34,4,11.76470588235294,0.0,23.52941176470588,23.52941176470588,2010,2022,1,1,2,Fasa,28.899,53.719,1268.0
annual_tmean,Annual precipitation + annual mean temperature,40859,Fasa,20.0,34,1,2.941176470588235,0.0,5.88235294117647,5.88235294117647,2021,2021,0,0,1,Fasa,28.899,53.719,1268.0
annual_tmean,Annual precipitation + annual mean temperature,40870,Khash,5.0,34,10,29.411764705882355,41.17647058823529,17.647058823529413,-23.529411764705877,1999,2023,2,6,2,Khash,28.22,61.19,1427.0
annual_tmean,Annual precipitation + annual mean temperature,40870,Khash,10.0,34,7,20.588235294117645,29.411764705882355,11.76470588235294,-17.647058823529413,2000,2018,2,3,2,Khash,28.22,61.19,1427.0
annual_tmean,Annual precipitation + annual mean temperature,40870,Khash,20.0,34,3,8.823529411764707,11.76470588235294,5.88235294117647,-5.88235294117647,2000,2016,1,1,1,Khash,28.22,61.19,1427.0
annual_tmean,Annual precipitation + annual mean temperature,40873,Lar,5.0,34,15,44.11764705882353,52.94117647058824,35.294117647058826,-17.647058823529413,1994,2023,7,8,0,Lar,27.67,54.375,792.0
annual_tmean,Annual precipitation + annual mean temperature,40873,Lar,10.0,34,8,23.52941176470588,29.411764705882355,17.647058823529413,-11.764705882352942,1998,2023,3,5,0,Lar,27.67,54.375,792.0
annual_tmean,Annual precipitation + annual mean temperature,40873,Lar,20.0,34,2,5.88235294117647,5.88235294117647,5.88235294117647,0.0,2001,2021,1,1,0,Lar,27.67,54.375,792.0
annual_tmean,Annual precipitation + annual mean temperature,40875,Bandarabbas,5.0,34,15,44.11764705882353,35.294117647058826,52.94117647058824,17.647058823529413,1994,2024,6,8,1,Bandarabbas,27.215,56.373,9.8
annual_tmean,Annual precipitation + annual mean temperature,40875,Bandarabbas,10.0,34,6,17.647058823529413,5.88235294117647,29.411764705882355,23.529411764705884,1994,2024,3,3,0,Bandarabbas,27.215,56.373,9.8
annual_tmean,Annual precipitation + annual mean temperature,40875,Bandarabbas,20.0,34,3,8.823529411764707,0.0,17.647058823529413,17.647058823529413,2010,2024,1,2,0,Bandarabbas,27.215,56.373,9.8
annual_tmean,Annual precipitation + annual mean temperature,40876,Minab,5.0,30,13,43.333333333333336,35.294117647058826,53.84615384615385,18.55203619909502,1994,2024,6,7,0,Minab,27.107,57.089,29.6
annual_tmean,Annual precipitation + annual mean temperature,40876,Minab,10.0,30,8,26.666666666666668,23.52941176470588,30.76923076923077,7.23981900452489,2001,2024,5,3,0,Minab,27.107,57.089,29.6
annual_tmean,Annual precipitation + annual mean temperature,40876,Minab,20.0,30,2,6.666666666666667,5.88235294117647,7.6923076923076925,1.8099547511312224,2001,2021,1,1,0,Minab,27.107,57.089,29.6
annual_tmean,Annual precipitation + annual mean temperature,40877,Kahnuj,5.0,34,10,29.411764705882355,17.647058823529413,41.17647058823529,23.529411764705877,2001,2024,4,6,0,Kahnuj,27.994,57.713,499.0
annual_tmean,Annual precipitation + annual mean temperature,40877,Kahnuj,10.0,34,7,20.588235294117645,5.88235294117647,35.294117647058826,29.411764705882355,2001,2024,2,5,0,Kahnuj,27.994,57.713,499.0
annual_tmean,Annual precipitation + annual mean temperature,40877,Kahnuj,20.0,34,2,5.88235294117647,5.88235294117647,5.88235294117647,0.0,2001,2018,1,1,0,Kahnuj,27.994,57.713,499.0
annual_tmean,Annual precipitation + annual mean temperature,40878,Saravan,5.0,34,13,38.23529411764706,23.52941176470588,52.94117647058824,29.41176470588236,1993,2024,7,6,0,Saravan,27.39,62.319,1182.0
annual_tmean,Annual precipitation + annual mean temperature,40878,Saravan,10.0,34,6,17.647058823529413,5.88235294117647,29.411764705882355,23.529411764705884,2001,2023,3,3,0,Saravan,27.39,62.319,1182.0
annual_tmean,Annual precipitation + annual mean temperature,40878,Saravan,20.0,34,3,8.823529411764707,5.88235294117647,11.76470588235294,5.88235294117647,2001,2023,2,1,0,Saravan,27.39,62.319,1182.0
annual_tmean,Annual precipitation + annual mean temperature,40879,Iranshahr,5.0,34,11,32.35294117647059,23.52941176470588,41.17647058823529,17.64705882352941,2000,2024,5,6,0,Iranshahr,27.23,60.718,591.1
annual_tmean,Annual precipitation + annual mean temperature,40879,Iranshahr,10.0,34,9,26.47058823529412,23.52941176470588,29.411764705882355,5.882352941176475,2000,2024,4,5,0,Iranshahr,27.23,60.718,591.1
annual_tmean,Annual precipitation + annual mean temperature,40879,Iranshahr,20.0,34,4,11.76470588235294,5.88235294117647,17.647058823529413,11.764705882352942,2001,2023,1,3,0,Iranshahr,27.23,60.718,591.1
annual_tmean,Annual precipitation + annual mean temperature,40882,Kish Island,5.0,34,15,44.11764705882353,29.411764705882355,58.82352941176471,29.411764705882355,1999,2024,7,7,1,Kish Island,26.522,53.982,30.0
annual_tmean,Annual precipitation + annual mean temperature,40882,Kish Island,10.0,34,7,20.588235294117645,11.76470588235294,29.411764705882355,17.647058823529413,1999,2024,3,3,1,Kish Island,26.522,53.982,30.0
annual_tmean,Annual precipitation + annual mean temperature,40882,Kish Island,20.0,34,1,2.941176470588235,0.0,5.88235294117647,5.88235294117647,2021,2021,0,0,1,Kish Island,26.522,53.982,30.0
annual_tmean,Annual precipitation + annual mean temperature,40883,Bandar-E-Lengeh,5.0,34,12,35.294117647058826,23.52941176470588,47.05882352941176,23.52941176470588,2001,2024,7,5,0,Bandar-E-Lengeh,26.528,54.828,22.7
annual_tmean,Annual precipitation + annual mean temperature,40883,Bandar-E-Lengeh,10.0,34,6,17.647058823529413,11.76470588235294,23.52941176470588,11.76470588235294,2001,2024,5,1,0,Bandar-E-Lengeh,26.528,54.828,22.7
annual_tmean,Annual precipitation + annual mean temperature,40883,Bandar-E-Lengeh,20.0,34,2,5.88235294117647,0.0,11.76470588235294,11.76470588235294,2021,2024,1,1,0,Bandar-E-Lengeh,26.528,54.828,22.7
annual_tmean,Annual precipitation + annual mean temperature,40889,Siri Island,5.0,34,15,44.11764705882353,35.294117647058826,52.94117647058824,17.647058823529413,1994,2024,7,8,0,Siri Island,25.898,54.551,4.4
annual_tmean,Annual precipitation + annual mean temperature,40889,Siri Island,10.0,34,10,29.411764705882355,17.647058823529413,41.17647058823529,23.529411764705877,1994,2024,5,5,0,Siri Island,25.898,54.551,4.4
annual_tmean,Annual precipitation + annual mean temperature,40889,Siri Island,20.0,34,3,8.823529411764707,11.76470588235294,5.88235294117647,-5.88235294117647,1994,2021,2,1,0,Siri Island,25.898,54.551,4.4
annual_tmean,Annual precipitation + annual mean temperature,40890,Abumusa Island,5.0,34,15,44.11764705882353,23.52941176470588,64.70588235294117,41.17647058823529,1994,2024,7,8,0,Abumusa Island,25.874,55.013,6.6
annual_tmean,Annual precipitation + annual mean temperature,40890,Abumusa Island,10.0,34,10,29.411764705882355,11.76470588235294,47.05882352941176,35.29411764705882,1994,2024,3,7,0,Abumusa Island,25.874,55.013,6.6
annual_tmean,Annual precipitation + annual mean temperature,40890,Abumusa Island,20.0,34,2,5.88235294117647,5.88235294117647,5.88235294117647,0.0,2001,2021,1,1,0,Abumusa Island,25.874,55.013,6.6
annual_tmean,Annual precipitation + annual mean temperature,40893,Jask,5.0,34,15,44.11764705882353,23.52941176470588,64.70588235294117,41.17647058823529,2000,2024,8,7,0,Jask,25.638,57.77,5.2
annual_tmean,Annual precipitation + annual mean temperature,40893,Jask,10.0,34,8,23.52941176470588,11.76470588235294,35.294117647058826,23.529411764705884,2000,2024,4,4,0,Jask,25.638,57.77,5.2
annual_tmean,Annual precipitation + annual mean temperature,40893,Jask,20.0,34,3,8.823529411764707,0.0,17.647058823529413,17.647058823529413,2015,2021,1,2,0,Jask,25.638,57.77,5.2
annual_tmean,Annual precipitation + annual mean temperature,40898,Chahbahar,5.0,34,17,50.0,23.52941176470588,76.47058823529412,52.94117647058823,1993,2024,7,10,0,Chahbahar,25.281,60.651,8.0
annual_tmean,Annual precipitation + annual mean temperature,40898,Chahbahar,10.0,34,9,26.47058823529412,11.76470588235294,41.17647058823529,29.411764705882348,1993,2024,4,5,0,Chahbahar,25.281,60.651,8.0
annual_tmean,Annual precipitation + annual mean temperature,40898,Chahbahar,20.0,34,5,14.705882352941178,5.88235294117647,23.52941176470588,17.64705882352941,2001,2024,2,3,0,Chahbahar,25.281,60.651,8.0
annual_tmean,Annual precipitation + annual mean temperature,88187,Jam,5.0,33,13,39.39393939393939,12.5,64.70588235294117,52.205882352941174,2001,2024,5,7,1,Jam,27.816,52.356,659.0
annual_tmean,Annual precipitation + annual mean temperature,88187,Jam,10.0,33,6,18.181818181818183,0.0,35.294117647058826,35.294117647058826,2010,2022,2,4,0,Jam,27.816,52.356,659.0
annual_tmean,Annual precipitation + annual mean temperature,88187,Jam,20.0,33,2,6.0606060606060606,0.0,11.76470588235294,11.76470588235294,2010,2021,1,1,0,Jam,27.816,52.356,659.0
annual_tmean,Annual precipitation + annual mean temperature,99331,Tehran (Geophysic),5.0,33,14,42.42424242424242,29.411764705882355,56.25,26.838235294117645,1995,2023,8,5,1,Tehran (Geophysic),35.747,51.387,1418.6
annual_tmean,Annual precipitation + annual mean temperature,99331,Tehran (Geophysic),10.0,33,9,27.27272727272727,17.647058823529413,37.5,19.852941176470587,1995,2023,4,4,1,Tehran (Geophysic),35.747,51.387,1418.6
annual_tmean,Annual precipitation + annual mean temperature,99331,Tehran (Geophysic),20.0,33,6,18.181818181818183,5.88235294117647,31.25,25.36764705882353,2001,2023,3,3,0,Tehran (Geophysic),35.747,51.387,1418.6
annual_tmean,Annual precipitation + annual mean temperature,99407,Boshruyeh,5.0,32,12,37.5,17.647058823529413,60.0,42.35294117647059,2001,2024,5,6,1,Boshruyeh,33.85,57.42,879.0
annual_tmean,Annual precipitation + annual mean temperature,99407,Boshruyeh,10.0,32,6,18.75,5.88235294117647,33.33333333333333,27.450980392156858,2001,2022,2,3,1,Boshruyeh,33.85,57.42,879.0
annual_tmean,Annual precipitation + annual mean temperature,99407,Boshruyeh,20.0,32,1,3.125,0.0,6.666666666666667,6.666666666666667,2016,2016,0,0,1,Boshruyeh,33.85,57.42,879.0
annual_tmean,Annual precipitation + annual mean temperature,99421,Natanz,5.0,33,9,27.27272727272727,6.25,47.05882352941176,40.80882352941176,2001,2023,5,4,0,Natanz,33.49,51.931,1685.0
annual_tmean,Annual precipitation + annual mean temperature,99421,Natanz,10.0,33,7,21.21212121212121,6.25,35.294117647058826,29.044117647058826,2001,2023,4,3,0,Natanz,33.49,51.931,1685.0
annual_tmean,Annual precipitation + annual mean temperature,99421,Natanz,20.0,33,3,9.090909090909092,0.0,17.647058823529413,17.647058823529413,2016,2022,1,2,0,Natanz,33.49,51.931,1685.0
annual_tmean,Annual precipitation + annual mean temperature,99459,Borujen,5.0,34,14,41.17647058823529,35.294117647058826,47.05882352941176,11.764705882352935,1995,2022,6,8,0,Borujen,31.979,51.299,2260.0
annual_tmean,Annual precipitation + annual mean temperature,99459,Borujen,10.0,34,9,26.47058823529412,17.647058823529413,35.294117647058826,17.647058823529413,1999,2022,5,4,0,Borujen,31.979,51.299,2260.0
annual_tmean,Annual precipitation + annual mean temperature,99459,Borujen,20.0,34,5,14.705882352941178,0.0,29.411764705882355,29.411764705882355,2008,2022,3,2,0,Borujen,31.979,51.299,2260.0
annual_tmean,Annual precipitation + annual mean temperature,99623,Zahak,5.0,32,13,40.625,26.666666666666668,52.94117647058824,26.27450980392157,2000,2023,6,6,1,Zahak,30.9,61.683,495.0
annual_tmean,Annual precipitation + annual mean temperature,99623,Zahak,10.0,32,6,18.75,6.666666666666667,29.411764705882355,22.745098039215687,2001,2023,2,3,1,Zahak,30.9,61.683,495.0
annual_tmean,Annual precipitation + annual mean temperature,99623,Zahak,20.0,32,4,12.5,6.666666666666667,17.647058823529413,10.980392156862745,2001,2023,2,1,1,Zahak,30.9,61.683,495.0
warm_season_tmax,Warm-season precipitation + maximum temperature,40700,Parsabad,5.0,34,11,32.35294117647059,23.52941176470588,41.17647058823529,17.64705882352941,1996,2022,7,4,0,Parsabad,39.608,47.877,72.6
warm_season_tmax,Warm-season precipitation + maximum temperature,40700,Parsabad,10.0,34,8,23.52941176470588,11.76470588235294,35.294117647058826,23.529411764705884,2001,2022,5,3,0,Parsabad,39.608,47.877,72.6
warm_season_tmax,Warm-season precipitation + maximum temperature,40700,Parsabad,20.0,34,3,8.823529411764707,5.88235294117647,11.76470588235294,5.88235294117647,2005,2021,2,1,0,Parsabad,39.608,47.877,72.6
warm_season_tmax,Warm-season precipitation + maximum temperature,40701,Maku,5.0,34,11,32.35294117647059,17.647058823529413,47.05882352941176,29.411764705882348,2000,2024,4,6,1,Maku,39.379,44.392,1411.2
warm_season_tmax,Warm-season precipitation + maximum temperature,40701,Maku,10.0,34,7,20.588235294117645,17.647058823529413,23.52941176470588,5.8823529411764675,2000,2022,3,3,1,Maku,39.379,44.392,1411.2
warm_season_tmax,Warm-season precipitation + maximum temperature,40701,Maku,20.0,34,3,8.823529411764707,5.88235294117647,11.76470588235294,5.88235294117647,2001,2022,1,1,1,Maku,39.379,44.392,1411.2
warm_season_tmax,Warm-season precipitation + maximum temperature,40702,Jolfa,5.0,34,12,35.294117647058826,23.52941176470588,47.05882352941176,23.52941176470588,2000,2022,4,7,1,Jolfa,38.932,45.607,736.2
warm_season_tmax,Warm-season precipitation + maximum temperature,40702,Jolfa,10.0,34,5,14.705882352941178,11.76470588235294,17.647058823529413,5.882352941176473,2001,2022,2,2,1,Jolfa,38.932,45.607,736.2
warm_season_tmax,Warm-season precipitation + maximum temperature,40702,Jolfa,20.0,34,3,8.823529411764707,5.88235294117647,11.76470588235294,5.88235294117647,2002,2022,1,1,1,Jolfa,38.932,45.607,736.2
warm_season_tmax,Warm-season precipitation + maximum temperature,40703,Khoy,5.0,34,12,35.294117647058826,23.52941176470588,47.05882352941176,23.52941176470588,1998,2023,5,7,0,Khoy,38.56,44.99,1103.4
warm_season_tmax,Warm-season precipitation + maximum temperature,40703,Khoy,10.0,34,6,17.647058823529413,11.76470588235294,23.52941176470588,11.76470588235294,2001,2022,4,2,0,Khoy,38.56,44.99,1103.4
warm_season_tmax,Warm-season precipitation + maximum temperature,40703,Khoy,20.0,34,2,5.88235294117647,0.0,11.76470588235294,11.76470588235294,2017,2022,1,1,0,Khoy,38.56,44.99,1103.4
warm_season_tmax,Warm-season precipitation + maximum temperature,40704,Ahar,5.0,34,11,32.35294117647059,23.52941176470588,41.17647058823529,17.64705882352941,2001,2022,5,6,0,Ahar,38.433,47.067,1391.0
warm_season_tmax,Warm-season precipitation + maximum temperature,40704,Ahar,10.0,34,6,17.647058823529413,17.647058823529413,17.647058823529413,0.0,2001,2022,3,3,0,Ahar,38.433,47.067,1391.0
warm_season_tmax,Warm-season precipitation + maximum temperature,40704,Ahar,20.0,34,3,8.823529411764707,5.88235294117647,11.76470588235294,5.88235294117647,2001,2021,1,2,0,Ahar,38.433,47.067,1391.0
warm_season_tmax,Warm-season precipitation + maximum temperature,40706,Tabriz,5.0,34,13,38.23529411764706,23.52941176470588,52.94117647058824,29.41176470588236,2001,2023,6,6,1,Tabriz,38.122,46.234,1361.0
warm_season_tmax,Warm-season precipitation + maximum temperature,40706,Tabriz,10.0,34,10,29.411764705882355,17.647058823529413,41.17647058823529,23.529411764705877,2001,2023,4,5,1,Tabriz,38.122,46.234,1361.0
warm_season_tmax,Warm-season precipitation + maximum temperature,40706,Tabriz,20.0,34,3,8.823529411764707,5.88235294117647,11.76470588235294,5.88235294117647,2006,2022,1,2,0,Tabriz,38.122,46.234,1361.0
warm_season_tmax,Warm-season precipitation + maximum temperature,40708,Ardebil,5.0,34,15,44.11764705882353,35.294117647058826,52.94117647058824,17.647058823529413,1994,2022,6,7,2,Ardebil,38.219,48.329,1335.2
warm_season_tmax,Warm-season precipitation + maximum temperature,40708,Ardebil,10.0,34,6,17.647058823529413,11.76470588235294,23.52941176470588,11.76470588235294,2001,2022,3,3,0,Ardebil,38.219,48.329,1335.2
warm_season_tmax,Warm-season precipitation + maximum temperature,40708,Ardebil,20.0,34,4,11.76470588235294,5.88235294117647,17.647058823529413,11.764705882352942,2006,2022,2,2,0,Ardebil,38.219,48.329,1335.2
warm_season_tmax,Warm-season precipitation + maximum temperature,40709,Astara,5.0,34,13,38.23529411764706,23.52941176470588,52.94117647058824,29.41176470588236,1994,2024,6,7,0,Astara,38.365,48.855,-21.1
warm_season_tmax,Warm-season precipitation + maximum temperature,40709,Astara,10.0,34,7,20.588235294117645,11.76470588235294,29.411764705882355,17.647058823529413,2002,2022,3,4,0,Astara,38.365,48.855,-21.1
warm_season_tmax,Warm-season precipitation + maximum temperature,40709,Astara,20.0,34,4,11.76470588235294,5.88235294117647,17.647058823529413,11.764705882352942,2007,2022,2,2,0,Astara,38.365,48.855,-21.1
warm_season_tmax,Warm-season precipitation + maximum temperature,40710,Sarab,5.0,34,13,38.23529411764706,17.647058823529413,58.82352941176471,41.1764705882353,2000,2023,4,9,0,Sarab,37.935,47.508,1682.0
warm_season_tmax,Warm-season precipitation + maximum temperature,40710,Sarab,10.0,34,5,14.705882352941178,5.88235294117647,23.52941176470588,17.64705882352941,2002,2022,2,3,0,Sarab,37.935,47.508,1682.0
warm_season_tmax,Warm-season precipitation + maximum temperature,40710,Sarab,20.0,34,2,5.88235294117647,5.88235294117647,5.88235294117647,0.0,2002,2022,1,1,0,Sarab,37.935,47.508,1682.0
warm_season_tmax,Warm-season precipitation + maximum temperature,40712,Orumiyeh,5.0,34,14,41.17647058823529,35.294117647058826,47.05882352941176,11.764705882352935,1991,2023,7,7,0,Orumiyeh,37.658,45.056,1328.0
warm_season_tmax,Warm-season precipitation + maximum temperature,40712,Orumiyeh,10.0,34,10,29.411764705882355,17.647058823529413,41.17647058823529,23.529411764705877,2001,2023,4,6,0,Orumiyeh,37.658,45.056,1328.0
warm_season_tmax,Warm-season precipitation + maximum temperature,40712,Orumiyeh,20.0,34,2,5.88235294117647,5.88235294117647,5.88235294117647,0.0,2002,2017,1,1,0,Orumiyeh,37.658,45.056,1328.0
warm_season_tmax,Warm-season precipitation + maximum temperature,40713,Maragheh-Synoptic,5.0,34,14,41.17647058823529,23.52941176470588,58.82352941176471,35.294117647058826,1999,2024,6,8,0,Maragheh-Synoptic,37.348,46.146,1344.0
warm_season_tmax,Warm-season precipitation + maximum temperature,40713,Maragheh-Synoptic,10.0,34,8,23.52941176470588,11.76470588235294,35.294117647058826,23.529411764705884,2002,2023,4,4,0,Maragheh-Synoptic,37.348,46.146,1344.0
warm_season_tmax,Warm-season precipitation + maximum temperature,40713,Maragheh-Synoptic,20.0,34,4,11.76470588235294,5.88235294117647,17.647058823529413,11.764705882352942,2006,2023,2,2,0,Maragheh-Synoptic,37.348,46.146,1344.0
warm_season_tmax,Warm-season precipitation + maximum temperature,40716,Mianeh,5.0,34,15,44.11764705882353,29.411764705882355,58.82352941176471,29.411764705882355,1991,2023,8,6,1,Mianeh,37.421,47.732,1110.0
warm_season_tmax,Warm-season precipitation + maximum temperature,40716,Mianeh,10.0,34,7,20.588235294117645,11.76470588235294,29.411764705882355,17.647058823529413,2003,2023,3,4,0,Mianeh,37.421,47.732,1110.0
warm_season_tmax,Warm-season precipitation + maximum temperature,40716,Mianeh,20.0,34,3,8.823529411764707,0.0,17.647058823529413,17.647058823529413,2017,2022,1,2,0,Mianeh,37.421,47.732,1110.0
warm_season_tmax,Warm-season precipitation + maximum temperature,40717,Khalkhal,5.0,34,14,41.17647058823529,29.411764705882355,52.94117647058824,23.529411764705884,1991,2023,7,6,1,Khalkhal,37.609,48.538,1797.4
warm_season_tmax,Warm-season precipitation + maximum temperature,40717,Khalkhal,10.0,34,9,26.47058823529412,11.76470588235294,41.17647058823529,29.411764705882348,2001,2023,5,4,0,Khalkhal,37.609,48.538,1797.4
warm_season_tmax,Warm-season precipitation + maximum temperature,40717,Khalkhal,20.0,34,4,11.76470588235294,5.88235294117647,17.647058823529413,11.764705882352942,2006,2022,2,2,0,Khalkhal,37.609,48.538,1797.4
warm_season_tmax,Warm-season precipitation + maximum temperature,40718,Bandar-E-Anzali,5.0,34,18,52.94117647058824,29.411764705882355,76.47058823529412,47.05882352941176,1991,2024,9,9,0,Bandar-E-Anzali,37.48,49.458,-23.6
warm_season_tmax,Warm-season precipitation + maximum temperature,40718,Bandar-E-Anzali,10.0,34,10,29.411764705882355,17.647058823529413,41.17647058823529,23.529411764705877,1996,2022,6,4,0,Bandar-E-Anzali,37.48,49.458,-23.6
warm_season_tmax,Warm-season precipitation + maximum temperature,40718,Bandar-E-Anzali,20.0,34,4,11.76470588235294,5.88235294117647,17.647058823529413,11.764705882352942,1996,2022,3,1,0,Bandar-E-Anzali,37.48,49.458,-23.6
warm_season_tmax,Warm-season precipitation + maximum temperature,40719,Rasht,5.0,34,12,35.294117647058826,23.52941176470588,47.05882352941176,23.52941176470588,1991,2022,7,5,0,Rasht,37.323,49.624,-8.6
warm_season_tmax,Warm-season precipitation + maximum temperature,40719,Rasht,10.0,34,5,14.705882352941178,0.0,29.411764705882355,29.411764705882355,2010,2022,2,3,0,Rasht,37.323,49.624,-8.6
warm_season_tmax,Warm-season precipitation + maximum temperature,40719,Rasht,20.0,34,2,5.88235294117647,0.0,11.76470588235294,11.76470588235294,2010,2014,1,1,0,Rasht,37.323,49.624,-8.6
warm_season_tmax,Warm-season precipitation + maximum temperature,40723,Bojnurd,5.0,34,16,47.05882352941176,47.05882352941176,47.05882352941176,0.0,1993,2022,9,6,1,Bojnurd,37.488,57.303,1065.0
warm_season_tmax,Warm-season precipitation + maximum temperature,40723,Bojnurd,10.0,34,8,23.52941176470588,17.647058823529413,29.411764705882355,11.764705882352942,1994,2022,4,3,1,Bojnurd,37.488,57.303,1065.0
warm_season_tmax,Warm-season precipitation + maximum temperature,40723,Bojnurd,20.0,34,1,2.941176470588235,0.0,5.88235294117647,5.88235294117647,2021,2021,0,0,1,Bojnurd,37.488,57.303,1065.0
warm_season_tmax,Warm-season precipitation + maximum temperature,40724,Piranshahr,5.0,34,15,44.11764705882353,29.411764705882355,58.82352941176471,29.411764705882355,1991,2024,7,8,0,Piranshahr,36.698,45.147,1443.5
warm_season_tmax,Warm-season precipitation + maximum temperature,40724,Piranshahr,10.0,34,12,35.294117647058826,23.52941176470588,47.05882352941176,23.52941176470588,1991,2023,6,6,0,Piranshahr,36.698,45.147,1443.5
warm_season_tmax,Warm-season precipitation + maximum temperature,40724,Piranshahr,20.0,34,3,8.823529411764707,5.88235294117647,11.76470588235294,5.88235294117647,2006,2022,1,2,0,Piranshahr,36.698,45.147,1443.5
warm_season_tmax,Warm-season precipitation + maximum temperature,40726,Mahabad,5.0,34,10,29.411764705882355,5.88235294117647,52.94117647058824,47.05882352941177,2006,2023,5,5,0,Mahabad,36.753,45.715,1351.8
warm_season_tmax,Warm-season precipitation + maximum temperature,40726,Mahabad,10.0,34,9,26.47058823529412,5.88235294117647,47.05882352941176,41.17647058823529,2006,2023,5,4,0,Mahabad,36.753,45.715,1351.8
warm_season_tmax,Warm-season precipitation + maximum temperature,40726,Mahabad,20.0,34,4,11.76470588235294,0.0,23.52941176470588,23.52941176470588,2017,2021,2,2,0,Mahabad,36.753,45.715,1351.8
warm_season_tmax,Warm-season precipitation + maximum temperature,40727,Saqez,5.0,34,13,38.23529411764706,17.647058823529413,58.82352941176471,41.1764705882353,1991,2023,6,6,1,Saqez,36.221,46.311,1522.8
warm_season_tmax,Warm-season precipitation + maximum temperature,40727,Saqez,10.0,34,8,23.52941176470588,11.76470588235294,35.294117647058826,23.529411764705884,1991,2022,4,3,1,Saqez,36.221,46.311,1522.8
warm_season_tmax,Warm-season precipitation + maximum temperature,40727,Saqez,20.0,34,2,5.88235294117647,0.0,11.76470588235294,11.76470588235294,2017,2022,0,1,1,Saqez,36.221,46.311,1522.8
warm_season_tmax,Warm-season precipitation + maximum temperature,40728,Takab,5.0,34,12,35.294117647058826,11.76470588235294,58.82352941176471,47.05882352941177,2002,2024,5,7,0,Takab,36.39,47.1,1817.2
warm_season_tmax,Warm-season precipitation + maximum temperature,40728,Takab,10.0,34,8,23.52941176470588,11.76470588235294,35.294117647058826,23.529411764705884,2002,2022,3,5,0,Takab,36.39,47.1,1817.2
warm_season_tmax,Warm-season precipitation + maximum temperature,40728,Takab,20.0,34,2,5.88235294117647,0.0,11.76470588235294,11.76470588235294,2013,2017,1,1,0,Takab,36.39,47.1,1817.2
warm_season_tmax,Warm-season precipitation + maximum temperature,40729,Zanjan,5.0,34,12,35.294117647058826,11.76470588235294,58.82352941176471,47.05882352941177,1994,2022,5,7,0,Zanjan,36.66,48.522,1659.4
warm_season_tmax,Warm-season precipitation + maximum temperature,40729,Zanjan,10.0,34,7,20.588235294117645,11.76470588235294,29.411764705882355,17.647058823529413,1994,2022,4,3,0,Zanjan,36.66,48.522,1659.4
warm_season_tmax,Warm-season precipitation + maximum temperature,40729,Zanjan,20.0,34,3,8.823529411764707,0.0,17.647058823529413,17.647058823529413,2015,2022,1,2,0,Zanjan,36.66,48.522,1659.4
warm_season_tmax,Warm-season precipitation + maximum temperature,40730,Khorramdareh,5.0,34,17,50.0,35.294117647058826,64.70588235294117,29.411764705882348,1991,2023,8,8,1,Khorramdareh,36.195,49.211,1575.0
warm_season_tmax,Warm-season precipitation + maximum temperature,40730,Khorramdareh,10.0,34,10,29.411764705882355,17.647058823529413,41.17647058823529,23.529411764705877,1991,2022,4,5,1,Khorramdareh,36.195,49.211,1575.0
warm_season_tmax,Warm-season precipitation + maximum temperature,40730,Khorramdareh,20.0,34,5,14.705882352941178,5.88235294117647,23.52941176470588,17.64705882352941,2006,2022,1,3,1,Khorramdareh,36.195,49.211,1575.0
warm_season_tmax,Warm-season precipitation + maximum temperature,40731,Qazvin,5.0,34,16,47.05882352941176,23.52941176470588,70.58823529411765,47.05882352941177,1991,2023,8,8,0,Qazvin,36.245,50.045,1279.1
warm_season_tmax,Warm-season precipitation + maximum temperature,40731,Qazvin,10.0,34,10,29.411764705882355,11.76470588235294,47.05882352941176,35.29411764705882,2002,2022,5,5,0,Qazvin,36.245,50.045,1279.1
warm_season_tmax,Warm-season precipitation + maximum temperature,40731,Qazvin,20.0,34,6,17.647058823529413,0.0,35.294117647058826,35.294117647058826,2010,2022,2,4,0,Qazvin,36.245,50.045,1279.1
warm_season_tmax,Warm-season precipitation + maximum temperature,40732,Ramsar,5.0,34,10,29.411764705882355,17.647058823529413,41.17647058823529,23.529411764705877,1998,2024,4,5,1,Ramsar,36.905,50.684,-20.0
warm_season_tmax,Warm-season precipitation + maximum temperature,40732,Ramsar,10.0,34,7,20.588235294117645,17.647058823529413,23.52941176470588,5.8823529411764675,1998,2021,4,3,0,Ramsar,36.905,50.684,-20.0
warm_season_tmax,Warm-season precipitation + maximum temperature,40732,Ramsar,20.0,34,4,11.76470588235294,11.76470588235294,11.76470588235294,0.0,1998,2014,3,1,0,Ramsar,36.905,50.684,-20.0
warm_season_tmax,Warm-season precipitation + maximum temperature,40734,Nowshahr,5.0,34,11,32.35294117647059,17.647058823529413,47.05882352941176,29.411764705882348,2000,2024,4,7,0,Nowshahr,36.661,51.466,-20.9
warm_season_tmax,Warm-season precipitation + maximum temperature,40734,Nowshahr,10.0,34,6,17.647058823529413,5.88235294117647,29.411764705882355,23.529411764705884,2002,2022,2,4,0,Nowshahr,36.661,51.466,-20.9
warm_season_tmax,Warm-season precipitation + maximum temperature,40734,Nowshahr,20.0,34,2,5.88235294117647,5.88235294117647,5.88235294117647,0.0,2002,2010,1,1,0,Nowshahr,36.661,51.466,-20.9
warm_season_tmax,Warm-season precipitation + maximum temperature,40736,Babolsar,5.0,34,10,29.411764705882355,17.647058823529413,41.17647058823529,23.529411764705877,1991,2024,3,6,1,Babolsar,36.699,52.643,-21.0
warm_season_tmax,Warm-season precipitation + maximum temperature,40736,Babolsar,10.0,34,6,17.647058823529413,11.76470588235294,23.52941176470588,11.76470588235294,1991,2021,3,2,1,Babolsar,36.699,52.643,-21.0
warm_season_tmax,Warm-season precipitation + maximum temperature,40736,Babolsar,20.0,34,1,2.941176470588235,0.0,5.88235294117647,5.88235294117647,2010,2010,0,0,1,Babolsar,36.699,52.643,-21.0
warm_season_tmax,Warm-season precipitation + maximum temperature,40737,Gharakhil,5.0,34,13,38.23529411764706,17.647058823529413,58.82352941176471,41.1764705882353,1991,2024,7,5,1,Gharakhil,36.487,52.108,14.7
warm_season_tmax,Warm-season precipitation + maximum temperature,40737,Gharakhil,10.0,34,7,20.588235294117645,11.76470588235294,29.411764705882355,17.647058823529413,1991,2024,3,3,1,Gharakhil,36.487,52.108,14.7
warm_season_tmax,Warm-season precipitation + maximum temperature,40737,Gharakhil,20.0,34,1,2.941176470588235,0.0,5.88235294117647,5.88235294117647,2017,2017,0,0,1,Gharakhil,36.487,52.108,14.7
warm_season_tmax,Warm-season precipitation + maximum temperature,40738,Gorgan,5.0,34,12,35.294117647058826,11.76470588235294,58.82352941176471,47.05882352941177,2006,2024,5,5,2,Gorgan,36.905,54.413,0.0
warm_season_tmax,Warm-season precipitation + maximum temperature,40738,Gorgan,10.0,34,7,20.588235294117645,5.88235294117647,35.294117647058826,29.411764705882355,2006,2023,3,3,1,Gorgan,36.905,54.413,0.0
warm_season_tmax,Warm-season precipitation + maximum temperature,40738,Gorgan,20.0,34,3,8.823529411764707,5.88235294117647,11.76470588235294,5.88235294117647,2006,2021,1,1,1,Gorgan,36.905,54.413,0.0
warm_season_tmax,Warm-season precipitation + maximum temperature,40739,Shahrud,5.0,34,13,38.23529411764706,35.294117647058826,41.17647058823529,5.882352941176464,1994,2022,7,5,1,Shahrud,36.38,54.929,1325.2
warm_season_tmax,Warm-season precipitation + maximum temperature,40739,Shahrud,10.0,34,7,20.588235294117645,11.76470588235294,29.411764705882355,17.647058823529413,1997,2022,3,3,1,Shahrud,36.38,54.929,1325.2
warm_season_tmax,Warm-season precipitation + maximum temperature,40739,Shahrud,20.0,34,1,2.941176470588235,0.0,5.88235294117647,5.88235294117647,2021,2021,0,0,1,Shahrud,36.38,54.929,1325.2
warm_season_tmax,Warm-season precipitation + maximum temperature,40740,Quchan,5.0,34,12,35.294117647058826,23.52941176470588,47.05882352941176,23.52941176470588,1994,2023,5,5,2,Quchan,37.117,58.45,1287.0
warm_season_tmax,Warm-season precipitation + maximum temperature,40740,Quchan,10.0,34,5,14.705882352941178,5.88235294117647,23.52941176470588,17.64705882352941,2001,2021,1,2,2,Quchan,37.117,58.45,1287.0
warm_season_tmax,Warm-season precipitation + maximum temperature,40740,Quchan,20.0,34,2,5.88235294117647,5.88235294117647,5.88235294117647,0.0,2001,2021,1,1,0,Quchan,37.117,58.45,1287.0
warm_season_tmax,Warm-season precipitation + maximum temperature,40741,Sarakhs,5.0,34,12,35.294117647058826,5.88235294117647,64.70588235294117,58.8235294117647,2005,2023,4,8,0,Sarakhs,36.537,61.149,278.0
warm_season_tmax,Warm-season precipitation + maximum temperature,40741,Sarakhs,10.0,34,5,14.705882352941178,0.0,29.411764705882355,29.411764705882355,2013,2022,0,5,0,Sarakhs,36.537,61.149,278.0
warm_season_tmax,Warm-season precipitation + maximum temperature,40741,Sarakhs,20.0,34,3,8.823529411764707,0.0,17.647058823529413,17.647058823529413,2013,2022,0,3,0,Sarakhs,36.537,61.149,278.0
warm_season_tmax,Warm-season precipitation + maximum temperature,40742,Biyarjomand,5.0,33,14,42.42424242424242,25.0,58.82352941176471,33.82352941176471,1994,2024,8,6,0,Biyarjomand,36.086,55.805,1099.3
warm_season_tmax,Warm-season precipitation + maximum temperature,40742,Biyarjomand,10.0,33,10,30.303030303030305,18.75,41.17647058823529,22.42647058823529,1994,2023,7,3,0,Biyarjomand,36.086,55.805,1099.3
warm_season_tmax,Warm-season precipitation + maximum temperature,40742,Biyarjomand,20.0,33,5,15.151515151515152,12.5,17.647058823529413,5.147058823529413,1994,2023,3,2,0,Biyarjomand,36.086,55.805,1099.3
warm_season_tmax,Warm-season precipitation + maximum temperature,40743,Sabzevar,5.0,34,12,35.294117647058826,23.52941176470588,47.05882352941176,23.52941176470588,1996,2023,6,5,1,Sabzevar,36.207,57.649,962.0
warm_season_tmax,Warm-season precipitation + maximum temperature,40743,Sabzevar,10.0,34,6,17.647058823529413,5.88235294117647,29.411764705882355,23.529411764705884,1999,2023,3,2,1,Sabzevar,36.207,57.649,962.0
warm_season_tmax,Warm-season precipitation + maximum temperature,40743,Sabzevar,20.0,34,1,2.941176470588235,0.0,5.88235294117647,5.88235294117647,2021,2021,0,0,1,Sabzevar,36.207,57.649,962.0
warm_season_tmax,Warm-season precipitation + maximum temperature,40744,Golmakan,5.0,32,16,50.0,40.0,58.82352941176471,18.82352941176471,1994,2023,8,8,0,Golmakan,36.483,59.283,1176.0
warm_season_tmax,Warm-season precipitation + maximum temperature,40744,Golmakan,10.0,32,9,28.125,20.0,35.294117647058826,15.294117647058826,1994,2023,5,4,0,Golmakan,36.483,59.283,1176.0
warm_season_tmax,Warm-season precipitation + maximum temperature,40744,Golmakan,20.0,32,2,6.25,0.0,11.76470588235294,11.76470588235294,2021,2023,1,1,0,Golmakan,36.483,59.283,1176.0
warm_season_tmax,Warm-season precipitation + maximum temperature,40745,Mashhad,5.0,34,12,35.294117647058826,17.647058823529413,52.94117647058824,35.294117647058826,1994,2021,5,7,0,Mashhad,36.236,59.631,999.2
warm_season_tmax,Warm-season precipitation + maximum temperature,40745,Mashhad,10.0,34,9,26.47058823529412,11.76470588235294,41.17647058823529,29.411764705882348,1994,2021,4,5,0,Mashhad,36.236,59.631,999.2
warm_season_tmax,Warm-season precipitation + maximum temperature,40745,Mashhad,20.0,34,4,11.76470588235294,11.76470588235294,11.76470588235294,0.0,1994,2021,3,1,0,Mashhad,36.236,59.631,999.2
warm_season_tmax,Warm-season precipitation + maximum temperature,40746,Neyshabur,5.0,34,15,44.11764705882353,35.294117647058826,52.94117647058824,17.647058823529413,1991,2024,6,8,1,Neyshabur,36.267,58.8,1213.0
warm_season_tmax,Warm-season precipitation + maximum temperature,40746,Neyshabur,10.0,34,8,23.52941176470588,17.647058823529413,29.411764705882355,11.764705882352942,1994,2023,3,4,1,Neyshabur,36.267,58.8,1213.0
warm_season_tmax,Warm-season precipitation + maximum temperature,40746,Neyshabur,20.0,34,2,5.88235294117647,5.88235294117647,5.88235294117647,0.0,1994,2021,1,1,0,Neyshabur,36.267,58.8,1213.0
warm_season_tmax,Warm-season precipitation + maximum temperature,40747,Sanandaj,5.0,34,15,44.11764705882353,23.52941176470588,64.70588235294117,41.17647058823529,2002,2024,6,9,0,Sanandaj,35.255,47.015,1373.4
warm_season_tmax,Warm-season precipitation + maximum temperature,40747,Sanandaj,10.0,34,6,17.647058823529413,5.88235294117647,29.411764705882355,23.529411764705884,2002,2022,3,3,0,Sanandaj,35.255,47.015,1373.4
warm_season_tmax,Warm-season precipitation + maximum temperature,40747,Sanandaj,20.0,34,4,11.76470588235294,0.0,23.52941176470588,23.52941176470588,2013,2022,2,2,0,Sanandaj,35.255,47.015,1373.4
warm_season_tmax,Warm-season precipitation + maximum temperature,40748,Bijar,5.0,34,14,41.17647058823529,17.647058823529413,64.70588235294117,47.05882352941176,1991,2024,5,9,0,Bijar,35.886,47.621,1883.4
warm_season_tmax,Warm-season precipitation + maximum temperature,40748,Bijar,10.0,34,8,23.52941176470588,5.88235294117647,41.17647058823529,35.29411764705882,2002,2023,3,5,0,Bijar,35.886,47.621,1883.4
warm_season_tmax,Warm-season precipitation + maximum temperature,40748,Bijar,20.0,34,2,5.88235294117647,0.0,11.76470588235294,11.76470588235294,2013,2018,1,1,0,Bijar,35.886,47.621,1883.4
warm_season_tmax,Warm-season precipitation + maximum temperature,40749,Zarrineh,5.0,34,14,41.17647058823529,11.76470588235294,70.58823529411765,58.82352941176471,1996,2024,5,7,2,Zarrineh,36.06,46.914,2142.6
warm_season_tmax,Warm-season precipitation + maximum temperature,40749,Zarrineh,10.0,34,5,14.705882352941178,5.88235294117647,23.52941176470588,17.64705882352941,1996,2022,2,2,1,Zarrineh,36.06,46.914,2142.6
warm_season_tmax,Warm-season precipitation + maximum temperature,40749,Zarrineh,20.0,34,3,8.823529411764707,0.0,17.647058823529413,17.647058823529413,2013,2022,1,1,1,Zarrineh,36.06,46.914,2142.6
warm_season_tmax,Warm-season precipitation + maximum temperature,40751,Tehran (Shemiran),5.0,34,15,44.11764705882353,23.52941176470588,64.70588235294117,41.17647058823529,1994,2024,7,7,1,Tehran (Shemiran),35.799,51.485,1549.1
warm_season_tmax,Warm-season precipitation + maximum temperature,40751,Tehran (Shemiran),10.0,34,10,29.411764705882355,5.88235294117647,52.94117647058824,47.05882352941177,2003,2024,4,5,1,Tehran (Shemiran),35.799,51.485,1549.1
warm_season_tmax,Warm-season precipitation + maximum temperature,40751,Tehran (Shemiran),20.0,34,3,8.823529411764707,5.88235294117647,11.76470588235294,5.88235294117647,2003,2021,1,1,1,Tehran (Shemiran),35.799,51.485,1549.1
warm_season_tmax,Warm-season precipitation + maximum temperature,40752,Karaj,5.0,34,16,47.05882352941176,29.411764705882355,64.70588235294117,35.29411764705882,1991,2024,9,7,0,Karaj,35.807,50.954,1292.9
warm_season_tmax,Warm-season precipitation + maximum temperature,40752,Karaj,10.0,34,9,26.47058823529412,5.88235294117647,47.05882352941176,41.17647058823529,1991,2022,5,4,0,Karaj,35.807,50.954,1292.9
warm_season_tmax,Warm-season precipitation + maximum temperature,40752,Karaj,20.0,34,3,8.823529411764707,0.0,17.647058823529413,17.647058823529413,2019,2022,1,2,0,Karaj,35.807,50.954,1292.9
warm_season_tmax,Warm-season precipitation + maximum temperature,40754,Tehran (Mehrabad Airport),5.0,34,14,41.17647058823529,29.411764705882355,52.94117647058824,23.529411764705884,1991,2021,8,5,1,Tehran (Mehrabad Airport),35.693,51.309,1191.0
warm_season_tmax,Warm-season precipitation + maximum temperature,40754,Tehran (Mehrabad Airport),10.0,34,10,29.411764705882355,11.76470588235294,47.05882352941176,35.29411764705882,2003,2021,4,5,1,Tehran (Mehrabad Airport),35.693,51.309,1191.0
warm_season_tmax,Warm-season precipitation + maximum temperature,40754,Tehran (Mehrabad Airport),20.0,34,5,14.705882352941178,5.88235294117647,23.52941176470588,17.64705882352941,2006,2021,2,2,1,Tehran (Mehrabad Airport),35.693,51.309,1191.0
warm_season_tmax,Warm-season precipitation + maximum temperature,40755,Abali,5.0,34,16,47.05882352941176,35.294117647058826,58.82352941176471,23.529411764705884,1991,2024,6,9,1,Abali,35.771,51.987,2465.2
warm_season_tmax,Warm-season precipitation + maximum temperature,40755,Abali,10.0,34,11,32.35294117647059,23.52941176470588,41.17647058823529,17.64705882352941,1991,2023,4,7,0,Abali,35.771,51.987,2465.2
warm_season_tmax,Warm-season precipitation + maximum temperature,40755,Abali,20.0,34,3,8.823529411764707,11.76470588235294,5.88235294117647,-5.88235294117647,1991,2021,2,1,0,Abali,35.771,51.987,2465.2
warm_season_tmax,Warm-season precipitation + maximum temperature,40757,Semnan,5.0,34,17,50.0,29.411764705882355,70.58823529411765,41.1764705882353,1991,2024,10,7,0,Semnan,35.588,53.422,1127.0
warm_season_tmax,Warm-season precipitation + maximum temperature,40757,Semnan,10.0,34,11,32.35294117647059,17.647058823529413,47.05882352941176,29.411764705882348,1991,2022,6,5,0,Semnan,35.588,53.422,1127.0
warm_season_tmax,Warm-season precipitation + maximum temperature,40757,Semnan,20.0,34,5,14.705882352941178,5.88235294117647,23.52941176470588,17.64705882352941,1991,2021,3,2,0,Semnan,35.588,53.422,1127.0
warm_season_tmax,Warm-season precipitation + maximum temperature,40758,Garmsar,5.0,34,18,52.94117647058824,47.05882352941176,58.82352941176471,11.76470588235295,1991,2022,10,8,0,Garmsar,35.243,52.36,899.9
warm_season_tmax,Warm-season precipitation + maximum temperature,40758,Garmsar,10.0,34,8,23.52941176470588,29.411764705882355,17.647058823529413,-11.764705882352942,1997,2021,3,5,0,Garmsar,35.243,52.36,899.9
warm_season_tmax,Warm-season precipitation + maximum temperature,40758,Garmsar,20.0,34,2,5.88235294117647,0.0,11.76470588235294,11.76470588235294,2019,2021,1,1,0,Garmsar,35.243,52.36,899.9
warm_season_tmax,Warm-season precipitation + maximum temperature,40762,Torbat-E Heydariyeh,5.0,34,17,50.0,29.411764705882355,70.58823529411765,41.1764705882353,1994,2024,9,8,0,Torbat-E Heydariyeh,35.332,59.206,1451.0
warm_season_tmax,Warm-season precipitation + maximum temperature,40762,Torbat-E Heydariyeh,10.0,34,13,38.23529411764706,17.647058823529413,58.82352941176471,41.1764705882353,1994,2024,6,7,0,Torbat-E Heydariyeh,35.332,59.206,1451.0
warm_season_tmax,Warm-season precipitation + maximum temperature,40762,Torbat-E Heydariyeh,20.0,34,4,11.76470588235294,5.88235294117647,17.647058823529413,11.764705882352942,1994,2021,2,2,0,Torbat-E Heydariyeh,35.332,59.206,1451.0
warm_season_tmax,Warm-season precipitation + maximum temperature,40763,Kashmar,5.0,34,14,41.17647058823529,23.52941176470588,58.82352941176471,35.294117647058826,1996,2023,4,9,1,Kashmar,35.271,58.473,1109.7
warm_season_tmax,Warm-season precipitation + maximum temperature,40763,Kashmar,10.0,34,9,26.47058823529412,5.88235294117647,47.05882352941176,41.17647058823529,2006,2023,1,8,0,Kashmar,35.271,58.473,1109.7
warm_season_tmax,Warm-season precipitation + maximum temperature,40763,Kashmar,20.0,34,3,8.823529411764707,0.0,17.647058823529413,17.647058823529413,2014,2023,0,3,0,Kashmar,35.271,58.473,1109.7
warm_season_tmax,Warm-season precipitation + maximum temperature,40764,Ravansar,5.0,34,18,52.94117647058824,17.647058823529413,88.23529411764706,70.58823529411765,2003,2024,8,9,1,Ravansar,34.71,46.65,1380.0
warm_season_tmax,Warm-season precipitation + maximum temperature,40764,Ravansar,10.0,34,13,38.23529411764706,11.76470588235294,64.70588235294117,52.94117647058823,2005,2024,5,7,1,Ravansar,34.71,46.65,1380.0
warm_season_tmax,Warm-season precipitation + maximum temperature,40764,Ravansar,20.0,34,6,17.647058823529413,5.88235294117647,29.411764705882355,23.529411764705884,2006,2024,2,4,0,Ravansar,34.71,46.65,1380.0
warm_season_tmax,Warm-season precipitation + maximum temperature,40765,Sarpol-E-Zahab,5.0,34,10,29.411764705882355,5.88235294117647,52.94117647058824,47.05882352941177,1998,2024,0,9,1,Sarpol-E-Zahab,34.45,45.86,545.0
warm_season_tmax,Warm-season precipitation + maximum temperature,40765,Sarpol-E-Zahab,10.0,34,3,8.823529411764707,0.0,17.647058823529413,17.647058823529413,2017,2024,0,3,0,Sarpol-E-Zahab,34.45,45.86,545.0
warm_season_tmax,Warm-season precipitation + maximum temperature,40765,Sarpol-E-Zahab,20.0,34,1,2.941176470588235,0.0,5.88235294117647,5.88235294117647,2017,2017,0,1,0,Sarpol-E-Zahab,34.45,45.86,545.0
warm_season_tmax,Warm-season precipitation + maximum temperature,40766,Kermanshah,5.0,34,14,41.17647058823529,23.52941176470588,58.82352941176471,35.294117647058826,1998,2024,6,8,0,Kermanshah,34.352,47.153,1318.5
warm_season_tmax,Warm-season precipitation + maximum temperature,40766,Kermanshah,10.0,34,6,17.647058823529413,5.88235294117647,29.411764705882355,23.529411764705884,1998,2024,1,5,0,Kermanshah,34.352,47.153,1318.5
warm_season_tmax,Warm-season precipitation + maximum temperature,40766,Kermanshah,20.0,34,1,2.941176470588235,0.0,5.88235294117647,5.88235294117647,2022,2022,0,1,0,Kermanshah,34.352,47.153,1318.5
warm_season_tmax,Warm-season precipitation + maximum temperature,40768,Hamedan (Airport),5.0,34,16,47.05882352941176,29.411764705882355,64.70588235294117,35.29411764705882,1991,2024,9,7,0,Hamedan (Airport),34.85,48.53,1740.8
warm_season_tmax,Warm-season precipitation + maximum temperature,40768,Hamedan (Airport),10.0,34,10,29.411764705882355,23.52941176470588,35.294117647058826,11.764705882352946,1991,2024,5,5,0,Hamedan (Airport),34.85,48.53,1740.8
warm_season_tmax,Warm-season precipitation + maximum temperature,40768,Hamedan (Airport),20.0,34,5,14.705882352941178,5.88235294117647,23.52941176470588,17.64705882352941,2006,2024,2,3,0,Hamedan (Airport),34.85,48.53,1740.8
warm_season_tmax,Warm-season precipitation + maximum temperature,40769,Arak,5.0,33,14,42.42424242424242,25.0,58.82352941176471,33.82352941176471,1993,2024,6,7,1,Arak,34.07,49.78,1702.8
warm_season_tmax,Warm-season precipitation + maximum temperature,40769,Arak,10.0,33,10,30.303030303030305,12.5,47.05882352941176,34.55882352941176,2003,2024,4,5,1,Arak,34.07,49.78,1702.8
warm_season_tmax,Warm-season precipitation + maximum temperature,40769,Arak,20.0,33,2,6.0606060606060606,6.25,5.88235294117647,-0.3676470588235299,2006,2019,1,1,0,Arak,34.07,49.78,1702.8
warm_season_tmax,Warm-season precipitation + maximum temperature,40770,Qom,5.0,34,15,44.11764705882353,11.76470588235294,76.47058823529412,64.70588235294117,2002,2024,4,10,1,Qom,34.774,50.855,879.1
warm_season_tmax,Warm-season precipitation + maximum temperature,40770,Qom,10.0,34,6,17.647058823529413,0.0,35.294117647058826,35.294117647058826,2011,2021,0,5,1,Qom,34.774,50.855,879.1
warm_season_tmax,Warm-season precipitation + maximum temperature,40770,Qom,20.0,34,1,2.941176470588235,0.0,5.88235294117647,5.88235294117647,2021,2021,0,1,0,Qom,34.774,50.855,879.1
warm_season_tmax,Warm-season precipitation + maximum temperature,40771,Kangavar,5.0,34,13,38.23529411764706,11.76470588235294,64.70588235294117,52.94117647058823,2003,2024,5,8,0,Kangavar,34.5,47.98,1468.0
warm_season_tmax,Warm-season precipitation + maximum temperature,40771,Kangavar,10.0,34,7,20.588235294117645,0.0,41.17647058823529,41.17647058823529,2014,2024,1,6,0,Kangavar,34.5,47.98,1468.0
warm_season_tmax,Warm-season precipitation + maximum temperature,40771,Kangavar,20.0,34,2,5.88235294117647,0.0,11.76470588235294,11.76470588235294,2022,2024,0,2,0,Kangavar,34.5,47.98,1468.0
warm_season_tmax,Warm-season precipitation + maximum temperature,40772,Qorveh,5.0,34,14,41.17647058823529,11.76470588235294,70.58823529411765,58.82352941176471,2002,2024,8,6,0,Qorveh,35.18,47.786,1906.0
warm_season_tmax,Warm-season precipitation + maximum temperature,40772,Qorveh,10.0,34,9,26.47058823529412,11.76470588235294,41.17647058823529,29.411764705882348,2002,2024,5,4,0,Qorveh,35.18,47.786,1906.0
warm_season_tmax,Warm-season precipitation + maximum temperature,40772,Qorveh,20.0,34,4,11.76470588235294,5.88235294117647,17.647058823529413,11.764705882352942,2002,2022,2,2,0,Qorveh,35.18,47.786,1906.0
warm_season_tmax,Warm-season precipitation + maximum temperature,40774,Borujerd,5.0,34,15,44.11764705882353,17.647058823529413,70.58823529411765,52.94117647058824,2002,2024,6,8,1,Borujerd,33.915,48.758,1629.0
warm_season_tmax,Warm-season precipitation + maximum temperature,40774,Borujerd,10.0,34,9,26.47058823529412,5.88235294117647,47.05882352941176,41.17647058823529,2006,2024,2,6,1,Borujerd,33.915,48.758,1629.0
warm_season_tmax,Warm-season precipitation + maximum temperature,40774,Borujerd,20.0,34,4,11.76470588235294,0.0,23.52941176470588,23.52941176470588,2017,2024,0,4,0,Borujerd,33.915,48.758,1629.0
warm_season_tmax,Warm-season precipitation + maximum temperature,40778,Gonabad,5.0,34,14,41.17647058823529,17.647058823529413,64.70588235294117,47.05882352941176,1997,2024,2,12,0,Gonabad,34.35,58.683,1056.0
warm_season_tmax,Warm-season precipitation + maximum temperature,40778,Gonabad,10.0,34,5,14.705882352941178,0.0,29.411764705882355,29.411764705882355,2014,2024,0,5,0,Gonabad,34.35,58.683,1056.0
warm_season_tmax,Warm-season precipitation + maximum temperature,40778,Gonabad,20.0,34,1,2.941176470588235,0.0,5.88235294117647,5.88235294117647,2021,2021,0,1,0,Gonabad,34.35,58.683,1056.0
warm_season_tmax,Warm-season precipitation + maximum temperature,40779,Eslamabad-E-Gharb,5.0,34,12,35.294117647058826,11.76470588235294,58.82352941176471,47.05882352941177,2005,2024,2,9,1,Eslamabad-E-Gharb,34.12,46.47,1348.8
warm_season_tmax,Warm-season precipitation + maximum temperature,40779,Eslamabad-E-Gharb,10.0,34,7,20.588235294117645,5.88235294117647,35.294117647058826,29.411764705882355,2006,2024,0,7,0,Eslamabad-E-Gharb,34.12,46.47,1348.8
warm_season_tmax,Warm-season precipitation + maximum temperature,40779,Eslamabad-E-Gharb,20.0,34,1,2.941176470588235,0.0,5.88235294117647,5.88235294117647,2022,2022,0,1,0,Eslamabad-E-Gharb,34.12,46.47,1348.8
warm_season_tmax,Warm-season precipitation + maximum temperature,40780,Ilam,5.0,34,13,38.23529411764706,5.88235294117647,70.58823529411765,64.70588235294119,2006,2024,4,9,0,Ilam,33.588,46.398,1337.0
warm_season_tmax,Warm-season precipitation + maximum temperature,40780,Ilam,10.0,34,6,17.647058823529413,0.0,35.294117647058826,35.294117647058826,2015,2024,0,6,0,Ilam,33.588,46.398,1337.0
warm_season_tmax,Warm-season precipitation + maximum temperature,40780,Ilam,20.0,34,1,2.941176470588235,0.0,5.88235294117647,5.88235294117647,2017,2017,0,1,0,Ilam,33.588,46.398,1337.0
warm_season_tmax,Warm-season precipitation + maximum temperature,40782,Khorramabad,5.0,34,13,38.23529411764706,11.76470588235294,64.70588235294117,52.94117647058823,2000,2024,5,8,0,Khorramabad,33.433,48.295,1147.8
warm_season_tmax,Warm-season precipitation + maximum temperature,40782,Khorramabad,10.0,34,7,20.588235294117645,0.0,41.17647058823529,41.17647058823529,2011,2024,1,6,0,Khorramabad,33.433,48.295,1147.8
warm_season_tmax,Warm-season precipitation + maximum temperature,40782,Khorramabad,20.0,34,1,2.941176470588235,0.0,5.88235294117647,5.88235294117647,2022,2022,0,1,0,Khorramabad,33.433,48.295,1147.8
warm_season_tmax,Warm-season precipitation + maximum temperature,40783,Aligudarz,5.0,34,15,44.11764705882353,23.52941176470588,64.70588235294117,41.17647058823529,1991,2024,7,8,0,Aligudarz,33.408,49.703,2022.1
warm_season_tmax,Warm-season precipitation + maximum temperature,40783,Aligudarz,10.0,34,10,29.411764705882355,11.76470588235294,47.05882352941176,35.29411764705882,2003,2024,5,5,0,Aligudarz,33.408,49.703,2022.1
warm_season_tmax,Warm-season precipitation + maximum temperature,40783,Aligudarz,20.0,34,4,11.76470588235294,0.0,23.52941176470588,23.52941176470588,2013,2024,2,2,0,Aligudarz,33.408,49.703,2022.1
warm_season_tmax,Warm-season precipitation + maximum temperature,40785,Kashan,5.0,34,14,41.17647058823529,23.52941176470588,58.82352941176471,35.294117647058826,2000,2024,5,9,0,Kashan,33.967,51.48,955.0
warm_season_tmax,Warm-season precipitation + maximum temperature,40785,Kashan,10.0,34,6,17.647058823529413,5.88235294117647,29.411764705882355,23.529411764705884,2002,2024,1,5,0,Kashan,33.967,51.48,955.0
warm_season_tmax,Warm-season precipitation + maximum temperature,40785,Kashan,20.0,34,1,2.941176470588235,0.0,5.88235294117647,5.88235294117647,2021,2021,0,1,0,Kashan,33.967,51.48,955.0
warm_season_tmax,Warm-season precipitation + maximum temperature,40787,Daran,5.0,33,16,48.484848484848484,31.25,64.70588235294117,33.455882352941174,1994,2024,6,9,1,Daran,32.988,50.407,2290.0
warm_season_tmax,Warm-season precipitation + maximum temperature,40787,Daran,10.0,33,7,21.21212121212121,18.75,23.52941176470588,4.7794117647058805,1994,2024,3,4,0,Daran,32.988,50.407,2290.0
warm_season_tmax,Warm-season precipitation + maximum temperature,40787,Daran,20.0,33,3,9.090909090909092,6.25,11.76470588235294,5.51470588235294,2003,2024,1,2,0,Daran,32.988,50.407,2290.0
warm_season_tmax,Warm-season precipitation + maximum temperature,40789,Khur-Va-Biabanak,5.0,34,14,41.17647058823529,17.647058823529413,64.70588235294117,47.05882352941176,2002,2024,6,8,0,Khur-Va-Biabanak,33.77,55.081,842.2
warm_season_tmax,Warm-season precipitation + maximum temperature,40789,Khur-Va-Biabanak,10.0,34,9,26.47058823529412,11.76470588235294,41.17647058823529,29.411764705882348,2002,2024,1,8,0,Khur-Va-Biabanak,33.77,55.081,842.2
warm_season_tmax,Warm-season precipitation + maximum temperature,40789,Khur-Va-Biabanak,20.0,34,3,8.823529411764707,0.0,17.647058823529413,17.647058823529413,2019,2024,0,3,0,Khur-Va-Biabanak,33.77,55.081,842.2
warm_season_tmax,Warm-season precipitation + maximum temperature,40790,Robat-E-Poshtebadam,5.0,33,11,33.33333333333333,18.75,47.05882352941176,28.30882352941176,2002,2024,0,11,0,Robat-E-Poshtebadam,33.012,55.558,1188.0
warm_season_tmax,Warm-season precipitation + maximum temperature,40790,Robat-E-Poshtebadam,10.0,33,8,24.242424242424242,12.5,35.294117647058826,22.794117647058826,2002,2024,0,8,0,Robat-E-Poshtebadam,33.012,55.558,1188.0
warm_season_tmax,Warm-season precipitation + maximum temperature,40790,Robat-E-Poshtebadam,20.0,33,3,9.090909090909092,6.25,11.76470588235294,5.51470588235294,2002,2024,0,3,0,Robat-E-Poshtebadam,33.012,55.558,1188.0
warm_season_tmax,Warm-season precipitation + maximum temperature,40791,Tabas,5.0,34,10,29.411764705882355,5.88235294117647,52.94117647058824,47.05882352941177,1997,2024,0,10,0,Tabas,33.6,56.95,711.0
warm_season_tmax,Warm-season precipitation + maximum temperature,40791,Tabas,10.0,34,6,17.647058823529413,0.0,35.294117647058826,35.294117647058826,2013,2024,0,6,0,Tabas,33.6,56.95,711.0
warm_season_tmax,Warm-season precipitation + maximum temperature,40791,Tabas,20.0,34,2,5.88235294117647,0.0,11.76470588235294,11.76470588235294,2019,2024,0,2,0,Tabas,33.6,56.95,711.0
warm_season_tmax,Warm-season precipitation + maximum temperature,40792,Ferdows,5.0,34,15,44.11764705882353,41.17647058823529,47.05882352941176,5.882352941176471,1995,2024,1,14,0,Ferdows,34.031,58.184,1293.0
warm_season_tmax,Warm-season precipitation + maximum temperature,40792,Ferdows,10.0,34,6,17.647058823529413,17.647058823529413,17.647058823529413,0.0,1995,2024,0,6,0,Ferdows,34.031,58.184,1293.0
warm_season_tmax,Warm-season precipitation + maximum temperature,40792,Ferdows,20.0,34,2,5.88235294117647,0.0,11.76470588235294,11.76470588235294,2019,2024,0,2,0,Ferdows,34.031,58.184,1293.0
warm_season_tmax,Warm-season precipitation + maximum temperature,40793,Qaen,5.0,34,12,35.294117647058826,11.76470588235294,58.82352941176471,47.05882352941177,2006,2023,5,7,0,Qaen,33.74,59.176,1432.0
warm_season_tmax,Warm-season precipitation + maximum temperature,40793,Qaen,10.0,34,8,23.52941176470588,0.0,47.05882352941176,47.05882352941176,2008,2023,2,6,0,Qaen,33.74,59.176,1432.0
warm_season_tmax,Warm-season precipitation + maximum temperature,40793,Qaen,20.0,34,3,8.823529411764707,0.0,17.647058823529413,17.647058823529413,2014,2023,0,3,0,Qaen,33.74,59.176,1432.0
warm_season_tmax,Warm-season precipitation + maximum temperature,40794,Safiabad (Dezful),5.0,34,8,23.52941176470588,0.0,47.05882352941176,47.05882352941176,2012,2024,0,8,0,Safiabad (Dezful),32.253,48.433,82.9
warm_season_tmax,Warm-season precipitation + maximum temperature,40794,Safiabad (Dezful),10.0,34,4,11.76470588235294,0.0,23.52941176470588,23.52941176470588,2017,2024,0,4,0,Safiabad (Dezful),32.253,48.433,82.9
warm_season_tmax,Warm-season precipitation + maximum temperature,40794,Safiabad (Dezful),20.0,34,2,5.88235294117647,0.0,11.76470588235294,11.76470588235294,2023,2024,0,2,0,Safiabad (Dezful),32.253,48.433,82.9
warm_season_tmax,Warm-season precipitation + maximum temperature,40796,Dehloran,5.0,34,6,17.647058823529413,0.0,35.294117647058826,35.294117647058826,2017,2024,0,6,0,Dehloran,32.681,47.281,232.0
warm_season_tmax,Warm-season precipitation + maximum temperature,40796,Dehloran,10.0,34,3,8.823529411764707,0.0,17.647058823529413,17.647058823529413,2017,2021,0,3,0,Dehloran,32.681,47.281,232.0
warm_season_tmax,Warm-season precipitation + maximum temperature,40796,Dehloran,20.0,34,1,2.941176470588235,0.0,5.88235294117647,5.88235294117647,2017,2017,0,1,0,Dehloran,32.681,47.281,232.0
warm_season_tmax,Warm-season precipitation + maximum temperature,40797,Kuhrang,5.0,34,15,44.11764705882353,23.52941176470588,64.70588235294117,41.17647058823529,1991,2024,7,8,0,Kuhrang,32.458,50.125,2365.0
warm_season_tmax,Warm-season precipitation + maximum temperature,40797,Kuhrang,10.0,34,10,29.411764705882355,11.76470588235294,47.05882352941176,35.29411764705882,1993,2024,5,5,0,Kuhrang,32.458,50.125,2365.0
warm_season_tmax,Warm-season precipitation + maximum temperature,40797,Kuhrang,20.0,34,4,11.76470588235294,0.0,23.52941176470588,23.52941176470588,2013,2024,2,2,0,Kuhrang,32.458,50.125,2365.0
warm_season_tmax,Warm-season precipitation + maximum temperature,40798,Shahrekord,5.0,34,14,41.17647058823529,17.647058823529413,64.70588235294117,47.05882352941176,1992,2024,6,8,0,Shahrekord,32.293,50.84,2048.9
warm_season_tmax,Warm-season precipitation + maximum temperature,40798,Shahrekord,10.0,34,9,26.47058823529412,5.88235294117647,47.05882352941176,41.17647058823529,2003,2024,4,5,0,Shahrekord,32.293,50.84,2048.9
warm_season_tmax,Warm-season precipitation + maximum temperature,40798,Shahrekord,20.0,34,5,14.705882352941178,0.0,29.411764705882355,29.411764705882355,2013,2024,1,4,0,Shahrekord,32.293,50.84,2048.9
warm_season_tmax,Warm-season precipitation + maximum temperature,40799,Ardestan,5.0,33,13,39.39393939393939,31.25,47.05882352941176,15.808823529411761,1997,2024,5,8,0,Ardestan,33.355,52.376,1255.5
warm_season_tmax,Warm-season precipitation + maximum temperature,40799,Ardestan,10.0,33,6,18.181818181818183,0.0,35.294117647058826,35.294117647058826,2011,2024,1,5,0,Ardestan,33.355,52.376,1255.5
warm_season_tmax,Warm-season precipitation + maximum temperature,40799,Ardestan,20.0,33,1,3.0303030303030303,0.0,5.88235294117647,5.88235294117647,2021,2021,0,1,0,Ardestan,33.355,52.376,1255.5
warm_season_tmax,Warm-season precipitation + maximum temperature,40800,Esfahan,5.0,34,16,47.05882352941176,23.52941176470588,70.58823529411765,47.05882352941177,2002,2024,7,9,0,Esfahan,32.518,51.707,1550.4
warm_season_tmax,Warm-season precipitation + maximum temperature,40800,Esfahan,10.0,34,7,20.588235294117645,11.76470588235294,29.411764705882355,17.647058823529413,2003,2024,2,5,0,Esfahan,32.518,51.707,1550.4
warm_season_tmax,Warm-season precipitation + maximum temperature,40800,Esfahan,20.0,34,3,8.823529411764707,0.0,17.647058823529413,17.647058823529413,2021,2024,0,3,0,Esfahan,32.518,51.707,1550.4
warm_season_tmax,Warm-season precipitation + maximum temperature,40801,Naein,5.0,33,16,48.484848484848484,31.25,64.70588235294117,33.455882352941174,2000,2024,7,8,1,Naein,32.851,53.079,1573.7
warm_season_tmax,Warm-season precipitation + maximum temperature,40801,Naein,10.0,33,8,24.242424242424242,12.5,35.294117647058826,22.794117647058826,2002,2024,3,4,1,Naein,32.851,53.079,1573.7
warm_season_tmax,Warm-season precipitation + maximum temperature,40801,Naein,20.0,33,4,12.121212121212121,6.25,17.647058823529413,11.397058823529413,2003,2024,0,3,1,Naein,32.851,53.079,1573.7
warm_season_tmax,Warm-season precipitation + maximum temperature,40802,Esfahan (Airport),5.0,34,13,38.23529411764706,29.411764705882355,47.05882352941176,17.647058823529406,1991,2024,6,6,1,Esfahan (Airport),32.493,51.863,1551.9
warm_season_tmax,Warm-season precipitation + maximum temperature,40802,Esfahan (Airport),10.0,34,8,23.52941176470588,17.647058823529413,29.411764705882355,11.764705882352942,1991,2024,4,3,1,Esfahan (Airport),32.493,51.863,1551.9
warm_season_tmax,Warm-season precipitation + maximum temperature,40802,Esfahan (Airport),20.0,34,4,11.76470588235294,0.0,23.52941176470588,23.52941176470588,2013,2024,0,3,1,Esfahan (Airport),32.493,51.863,1551.9
warm_season_tmax,Warm-season precipitation + maximum temperature,40803,Kabutarabad,5.0,33,9,27.27272727272727,6.25,47.05882352941176,40.80882352941176,2003,2024,0,9,0,Kabutarabad,32.515,51.834,1542.5
warm_season_tmax,Warm-season precipitation + maximum temperature,40803,Kabutarabad,10.0,33,6,18.181818181818183,0.0,35.294117647058826,35.294117647058826,2011,2024,0,6,0,Kabutarabad,32.515,51.834,1542.5
warm_season_tmax,Warm-season precipitation + maximum temperature,40803,Kabutarabad,20.0,33,2,6.0606060606060606,0.0,11.76470588235294,11.76470588235294,2023,2024,0,2,0,Kabutarabad,32.515,51.834,1542.5
warm_season_tmax,Warm-season precipitation + maximum temperature,40809,Birjand,5.0,34,14,41.17647058823529,23.52941176470588,58.82352941176471,35.294117647058826,1991,2024,3,9,2,Birjand,32.9,59.25,1491.0
warm_season_tmax,Warm-season precipitation + maximum temperature,40809,Birjand,10.0,34,6,17.647058823529413,0.0,35.294117647058826,35.294117647058826,2013,2024,0,5,1,Birjand,32.9,59.25,1491.0
warm_season_tmax,Warm-season precipitation + maximum temperature,40809,Birjand,20.0,34,3,8.823529411764707,0.0,17.647058823529413,17.647058823529413,2022,2024,0,3,0,Birjand,32.9,59.25,1491.0
warm_season_tmax,Warm-season precipitation + maximum temperature,40810,Bostan,5.0,34,8,23.52941176470588,0.0,47.05882352941176,47.05882352941176,2010,2024,0,8,0,Bostan,31.708,48.01,7.8
warm_season_tmax,Warm-season precipitation + maximum temperature,40810,Bostan,10.0,34,4,11.76470588235294,0.0,23.52941176470588,23.52941176470588,2017,2024,0,4,0,Bostan,31.708,48.01,7.8
warm_season_tmax,Warm-season precipitation + maximum temperature,40810,Bostan,20.0,34,1,2.941176470588235,0.0,5.88235294117647,5.88235294117647,2017,2017,0,1,0,Bostan,31.708,48.01,7.8
warm_season_tmax,Warm-season precipitation + maximum temperature,40811,Ahvaz,5.0,34,10,29.411764705882355,5.88235294117647,52.94117647058824,47.05882352941177,1998,2024,0,10,0,Ahvaz,31.344,48.744,22.5
warm_season_tmax,Warm-season precipitation + maximum temperature,40811,Ahvaz,10.0,34,5,14.705882352941178,0.0,29.411764705882355,29.411764705882355,2017,2024,0,5,0,Ahvaz,31.344,48.744,22.5
warm_season_tmax,Warm-season precipitation + maximum temperature,40811,Ahvaz,20.0,34,1,2.941176470588235,0.0,5.88235294117647,5.88235294117647,2017,2017,0,1,0,Ahvaz,31.344,48.744,22.5
warm_season_tmax,Warm-season precipitation + maximum temperature,40812,Masjedsoleyman,5.0,34,6,17.647058823529413,5.88235294117647,29.411764705882355,23.529411764705884,1998,2024,0,6,0,Masjedsoleyman,31.983,49.241,320.5
warm_season_tmax,Warm-season precipitation + maximum temperature,40812,Masjedsoleyman,10.0,34,3,8.823529411764707,0.0,17.647058823529413,17.647058823529413,2010,2019,0,3,0,Masjedsoleyman,31.983,49.241,320.5
warm_season_tmax,Warm-season precipitation + maximum temperature,40812,Masjedsoleyman,20.0,34,1,2.941176470588235,0.0,5.88235294117647,5.88235294117647,2017,2017,0,1,0,Masjedsoleyman,31.983,49.241,320.5
warm_season_tmax,Warm-season precipitation + maximum temperature,40813,Ramhormoz,5.0,34,6,17.647058823529413,0.0,35.294117647058826,35.294117647058826,2015,2024,0,6,0,Ramhormoz,31.273,49.596,150.5
warm_season_tmax,Warm-season precipitation + maximum temperature,40813,Ramhormoz,10.0,34,3,8.823529411764707,0.0,17.647058823529413,17.647058823529413,2017,2021,0,3,0,Ramhormoz,31.273,49.596,150.5
warm_season_tmax,Warm-season precipitation + maximum temperature,40813,Ramhormoz,20.0,34,1,2.941176470588235,0.0,5.88235294117647,5.88235294117647,2017,2017,0,1,0,Ramhormoz,31.273,49.596,150.5
warm_season_tmax,Warm-season precipitation + maximum temperature,40818,Abadeh,5.0,34,18,52.94117647058824,41.17647058823529,64.70588235294117,23.529411764705884,1991,2024,7,11,0,Abadeh,31.198,52.617,2030.0
warm_season_tmax,Warm-season precipitation + maximum temperature,40818,Abadeh,10.0,34,10,29.411764705882355,17.647058823529413,41.17647058823529,23.529411764705877,1993,2024,4,6,0,Abadeh,31.198,52.617,2030.0
warm_season_tmax,Warm-season precipitation + maximum temperature,40818,Abadeh,20.0,34,3,8.823529411764707,5.88235294117647,11.76470588235294,5.88235294117647,2006,2024,1,2,0,Abadeh,31.198,52.617,2030.0
warm_season_tmax,Warm-season precipitation + maximum temperature,40821,Yazd,5.0,34,12,35.294117647058826,17.647058823529413,52.94117647058824,35.294117647058826,2002,2024,1,11,0,Yazd,31.9,54.28,1230.2
warm_season_tmax,Warm-season precipitation + maximum temperature,40821,Yazd,10.0,34,8,23.52941176470588,5.88235294117647,41.17647058823529,35.29411764705882,2003,2024,0,8,0,Yazd,31.9,54.28,1230.2
warm_season_tmax,Warm-season precipitation + maximum temperature,40821,Yazd,20.0,34,2,5.88235294117647,0.0,11.76470588235294,11.76470588235294,2011,2024,0,2,0,Yazd,31.9,54.28,1230.2
warm_season_tmax,Warm-season precipitation + maximum temperature,40827,Nehbandan,5.0,34,14,41.17647058823529,11.76470588235294,70.58823529411765,58.82352941176471,2001,2024,2,12,0,Nehbandan,31.53,60.03,1188.0
warm_season_tmax,Warm-season precipitation + maximum temperature,40827,Nehbandan,10.0,34,6,17.647058823529413,0.0,35.294117647058826,35.294117647058826,2008,2024,0,6,0,Nehbandan,31.53,60.03,1188.0
warm_season_tmax,Warm-season precipitation + maximum temperature,40827,Nehbandan,20.0,34,2,5.88235294117647,0.0,11.76470588235294,11.76470588235294,2019,2024,0,2,0,Nehbandan,31.53,60.03,1188.0
warm_season_tmax,Warm-season precipitation + maximum temperature,40829,Zabol,5.0,34,6,17.647058823529413,0.0,35.294117647058826,35.294117647058826,2008,2024,0,6,0,Zabol,31.089,61.543,489.2
warm_season_tmax,Warm-season precipitation + maximum temperature,40829,Zabol,10.0,34,3,8.823529411764707,0.0,17.647058823529413,17.647058823529413,2013,2024,0,3,0,Zabol,31.089,61.543,489.2
warm_season_tmax,Warm-season precipitation + maximum temperature,40829,Zabol,20.0,34,1,2.941176470588235,0.0,5.88235294117647,5.88235294117647,2021,2021,0,1,0,Zabol,31.089,61.543,489.2
warm_season_tmax,Warm-season precipitation + maximum temperature,40831,Abadan,5.0,34,9,26.47058823529412,0.0,52.94117647058824,52.94117647058824,2010,2023,0,9,0,Abadan,30.37,48.22,6.6
warm_season_tmax,Warm-season precipitation + maximum temperature,40831,Abadan,10.0,34,4,11.76470588235294,0.0,23.52941176470588,23.52941176470588,2017,2023,0,4,0,Abadan,30.37,48.22,6.6
warm_season_tmax,Warm-season precipitation + maximum temperature,40831,Abadan,20.0,34,1,2.941176470588235,0.0,5.88235294117647,5.88235294117647,2017,2017,0,1,0,Abadan,30.37,48.22,6.6
warm_season_tmax,Warm-season precipitation + maximum temperature,40832,Bandar-E- Mahshahr,5.0,34,8,23.52941176470588,0.0,47.05882352941176,47.05882352941176,2011,2024,0,8,0,Bandar-E- Mahshahr,30.546,49.159,6.2
warm_season_tmax,Warm-season precipitation + maximum temperature,40832,Bandar-E- Mahshahr,10.0,34,4,11.76470588235294,0.0,23.52941176470588,23.52941176470588,2018,2024,0,4,0,Bandar-E- Mahshahr,30.546,49.159,6.2
warm_season_tmax,Warm-season precipitation + maximum temperature,40832,Bandar-E- Mahshahr,20.0,34,2,5.88235294117647,0.0,11.76470588235294,11.76470588235294,2018,2024,0,2,0,Bandar-E- Mahshahr,30.546,49.159,6.2
warm_season_tmax,Warm-season precipitation + maximum temperature,40833,Omidiyeh (Aghajari),5.0,34,8,23.52941176470588,0.0,47.05882352941176,47.05882352941176,2015,2024,0,8,0,Omidiyeh (Aghajari),30.743,49.688,27.0
warm_season_tmax,Warm-season precipitation + maximum temperature,40833,Omidiyeh (Aghajari),10.0,34,5,14.705882352941178,0.0,29.411764705882355,29.411764705882355,2017,2024,0,5,0,Omidiyeh (Aghajari),30.743,49.688,27.0
warm_season_tmax,Warm-season precipitation + maximum temperature,40833,Omidiyeh (Aghajari),20.0,34,1,2.941176470588235,0.0,5.88235294117647,5.88235294117647,2017,2017,0,1,0,Omidiyeh (Aghajari),30.743,49.688,27.0
warm_season_tmax,Warm-season precipitation + maximum temperature,40835,Dogonbadan,5.0,32,16,50.0,29.411764705882355,73.33333333333333,43.921568627450974,1992,2023,7,8,1,Dogonbadan,30.346,50.819,726.0
warm_season_tmax,Warm-season precipitation + maximum temperature,40835,Dogonbadan,10.0,32,9,28.125,0.0,60.0,60.0,2011,2023,2,6,1,Dogonbadan,30.346,50.819,726.0
warm_season_tmax,Warm-season precipitation + maximum temperature,40835,Dogonbadan,20.0,32,5,15.625,0.0,33.33333333333333,33.33333333333333,2016,2023,0,4,1,Dogonbadan,30.346,50.819,726.0
warm_season_tmax,Warm-season precipitation + maximum temperature,40836,Yasuj,5.0,32,20,62.5,35.294117647058826,93.33333333333333,58.0392156862745,1991,2023,9,10,1,Yasuj,30.699,51.555,1816.3
warm_season_tmax,Warm-season precipitation + maximum temperature,40836,Yasuj,10.0,32,11,34.375,11.76470588235294,60.0,48.23529411764706,1993,2023,5,5,1,Yasuj,30.699,51.555,1816.3
warm_season_tmax,Warm-season precipitation + maximum temperature,40836,Yasuj,20.0,32,2,6.25,0.0,13.333333333333334,13.333333333333334,2019,2023,0,1,1,Yasuj,30.699,51.555,1816.3
warm_season_tmax,Warm-season precipitation + maximum temperature,40839,Anar,5.0,33,7,21.21212121212121,5.88235294117647,37.5,31.61764705882353,2005,2024,0,7,0,Anar,30.88,55.25,1409.0
warm_season_tmax,Warm-season precipitation + maximum temperature,40839,Anar,10.0,33,4,12.121212121212121,0.0,25.0,25.0,2013,2024,0,4,0,Anar,30.88,55.25,1409.0
warm_season_tmax,Warm-season precipitation + maximum temperature,40839,Anar,20.0,33,1,3.0303030303030303,0.0,6.25,6.25,2024,2024,0,1,0,Anar,30.88,55.25,1409.0
warm_season_tmax,Warm-season precipitation + maximum temperature,40841,Kerman,5.0,34,16,47.05882352941176,35.294117647058826,58.82352941176471,23.529411764705884,1991,2024,6,10,0,Kerman,30.252,56.965,1754.0
warm_season_tmax,Warm-season precipitation + maximum temperature,40841,Kerman,10.0,34,10,29.411764705882355,5.88235294117647,52.94117647058824,47.05882352941177,2004,2024,2,8,0,Kerman,30.252,56.965,1754.0
warm_season_tmax,Warm-season precipitation + maximum temperature,40841,Kerman,20.0,34,3,8.823529411764707,0.0,17.647058823529413,17.647058823529413,2018,2024,0,3,0,Kerman,30.252,56.965,1754.0
warm_season_tmax,Warm-season precipitation + maximum temperature,40844,Dorudzan,5.0,34,13,38.23529411764706,0.0,76.47058823529412,76.47058823529412,2008,2024,0,13,0,Dorudzan,30.183,52.465,1642.0
warm_season_tmax,Warm-season precipitation + maximum temperature,40844,Dorudzan,10.0,34,8,23.52941176470588,0.0,47.05882352941176,47.05882352941176,2008,2021,0,8,0,Dorudzan,30.183,52.465,1642.0
warm_season_tmax,Warm-season precipitation + maximum temperature,40844,Dorudzan,20.0,34,2,5.88235294117647,0.0,11.76470588235294,11.76470588235294,2013,2019,0,2,0,Dorudzan,30.183,52.465,1642.0
warm_season_tmax,Warm-season precipitation + maximum temperature,40847,Zarqan,5.0,34,13,38.23529411764706,11.76470588235294,64.70588235294117,52.94117647058823,2001,2024,3,9,1,Zarqan,29.778,52.704,1596.0
warm_season_tmax,Warm-season precipitation + maximum temperature,40847,Zarqan,10.0,34,7,20.588235294117645,0.0,41.17647058823529,41.17647058823529,2011,2024,0,7,0,Zarqan,29.778,52.704,1596.0
warm_season_tmax,Warm-season precipitation + maximum temperature,40847,Zarqan,20.0,34,3,8.823529411764707,0.0,17.647058823529413,17.647058823529413,2014,2024,0,3,0,Zarqan,29.778,52.704,1596.0
warm_season_tmax,Warm-season precipitation + maximum temperature,40848,Shiraz,5.0,34,14,41.17647058823529,23.52941176470588,58.82352941176471,35.294117647058826,1991,2024,5,9,0,Shiraz,29.545,52.603,1488.0
warm_season_tmax,Warm-season precipitation + maximum temperature,40848,Shiraz,10.0,34,8,23.52941176470588,5.88235294117647,41.17647058823529,35.29411764705882,1997,2024,3,5,0,Shiraz,29.545,52.603,1488.0
warm_season_tmax,Warm-season precipitation + maximum temperature,40848,Shiraz,20.0,34,3,8.823529411764707,0.0,17.647058823529413,17.647058823529413,2011,2024,1,2,0,Shiraz,29.545,52.603,1488.0
warm_season_tmax,Warm-season precipitation + maximum temperature,40849,Shahrebabak,5.0,34,16,47.05882352941176,29.411764705882355,64.70588235294117,35.29411764705882,1991,2024,7,8,1,Shahrebabak,30.146,55.107,1834.1
warm_season_tmax,Warm-season precipitation + maximum temperature,40849,Shahrebabak,10.0,34,9,26.47058823529412,11.76470588235294,41.17647058823529,29.411764705882348,2002,2024,2,6,1,Shahrebabak,30.146,55.107,1834.1
warm_season_tmax,Warm-season precipitation + maximum temperature,40849,Shahrebabak,20.0,34,3,8.823529411764707,0.0,17.647058823529413,17.647058823529413,2018,2024,0,2,1,Shahrebabak,30.146,55.107,1834.1
warm_season_tmax,Warm-season precipitation + maximum temperature,40851,Sirjan,5.0,34,16,47.05882352941176,35.294117647058826,58.82352941176471,23.529411764705884,1991,2024,6,10,0,Sirjan,29.471,55.661,1739.4
warm_season_tmax,Warm-season precipitation + maximum temperature,40851,Sirjan,10.0,34,7,20.588235294117645,5.88235294117647,35.294117647058826,29.411764705882355,1991,2024,1,6,0,Sirjan,29.471,55.661,1739.4
warm_season_tmax,Warm-season precipitation + maximum temperature,40851,Sirjan,20.0,34,3,8.823529411764707,0.0,17.647058823529413,17.647058823529413,2018,2024,0,3,0,Sirjan,29.471,55.661,1739.4
warm_season_tmax,Warm-season precipitation + maximum temperature,40853,Baft,5.0,34,16,47.05882352941176,29.411764705882355,64.70588235294117,35.29411764705882,1992,2024,7,7,2,Baft,29.239,56.58,2280.0
warm_season_tmax,Warm-season precipitation + maximum temperature,40853,Baft,10.0,34,8,23.52941176470588,11.76470588235294,35.294117647058826,23.529411764705884,1992,2024,4,3,1,Baft,29.239,56.58,2280.0
warm_season_tmax,Warm-season precipitation + maximum temperature,40853,Baft,20.0,34,5,14.705882352941178,5.88235294117647,23.52941176470588,17.64705882352941,1992,2024,2,2,1,Baft,29.239,56.58,2280.0
warm_season_tmax,Warm-season precipitation + maximum temperature,40854,Bam,5.0,34,7,20.588235294117645,5.88235294117647,35.294117647058826,29.411764705882355,2005,2024,0,7,0,Bam,29.08,58.35,1066.9
warm_season_tmax,Warm-season precipitation + maximum temperature,40854,Bam,10.0,34,3,8.823529411764707,0.0,17.647058823529413,17.647058823529413,2019,2024,0,3,0,Bam,29.08,58.35,1066.9
warm_season_tmax,Warm-season precipitation + maximum temperature,40854,Bam,20.0,34,1,2.941176470588235,0.0,5.88235294117647,5.88235294117647,2024,2024,0,1,0,Bam,29.08,58.35,1066.9
warm_season_tmax,Warm-season precipitation + maximum temperature,40856,Zahedan,5.0,34,14,41.17647058823529,17.647058823529413,64.70588235294117,47.05882352941176,1991,2024,6,8,0,Zahedan,29.472,60.9,1370.0
warm_season_tmax,Warm-season precipitation + maximum temperature,40856,Zahedan,10.0,34,6,17.647058823529413,0.0,35.294117647058826,35.294117647058826,2008,2024,2,4,0,Zahedan,29.472,60.9,1370.0
warm_season_tmax,Warm-season precipitation + maximum temperature,40856,Zahedan,20.0,34,2,5.88235294117647,0.0,11.76470588235294,11.76470588235294,2021,2024,0,2,0,Zahedan,29.472,60.9,1370.0
warm_season_tmax,Warm-season precipitation + maximum temperature,40857,Bushehr (Coastal),5.0,32,7,21.875,0.0,43.75,43.75,2017,2024,0,7,0,Bushehr (Coastal),28.904,50.821,8.4
warm_season_tmax,Warm-season precipitation + maximum temperature,40857,Bushehr (Coastal),10.0,32,4,12.5,0.0,25.0,25.0,2017,2024,0,4,0,Bushehr (Coastal),28.904,50.821,8.4
warm_season_tmax,Warm-season precipitation + maximum temperature,40857,Bushehr (Coastal),20.0,32,1,3.125,0.0,6.25,6.25,2017,2017,0,1,0,Bushehr (Coastal),28.904,50.821,8.4
warm_season_tmax,Warm-season precipitation + maximum temperature,40858,Bushehr (Airport),5.0,33,8,24.242424242424242,29.411764705882355,18.75,-10.661764705882355,1996,2024,0,8,0,Bushehr (Airport),28.96,50.82,9.0
warm_season_tmax,Warm-season precipitation + maximum temperature,40858,Bushehr (Airport),10.0,33,5,15.151515151515152,23.52941176470588,6.25,-17.27941176470588,1996,2017,0,5,0,Bushehr (Airport),28.96,50.82,9.0
warm_season_tmax,Warm-season precipitation + maximum temperature,40858,Bushehr (Airport),20.0,33,2,6.0606060606060606,11.76470588235294,0.0,-11.76470588235294,1998,1999,0,2,0,Bushehr (Airport),28.96,50.82,9.0
warm_season_tmax,Warm-season precipitation + maximum temperature,40859,Fasa,5.0,34,17,50.0,47.05882352941176,52.94117647058824,5.882352941176478,1993,2024,7,9,1,Fasa,28.899,53.719,1268.0
warm_season_tmax,Warm-season precipitation + maximum temperature,40859,Fasa,10.0,34,6,17.647058823529413,11.76470588235294,23.52941176470588,11.76470588235294,2002,2024,1,4,1,Fasa,28.899,53.719,1268.0
warm_season_tmax,Warm-season precipitation + maximum temperature,40859,Fasa,20.0,34,3,8.823529411764707,0.0,17.647058823529413,17.647058823529413,2019,2024,0,3,0,Fasa,28.899,53.719,1268.0
warm_season_tmax,Warm-season precipitation + maximum temperature,40870,Khash,5.0,34,15,44.11764705882353,11.76470588235294,76.47058823529412,64.70588235294117,1991,2024,8,7,0,Khash,28.22,61.19,1427.0
warm_season_tmax,Warm-season precipitation + maximum temperature,40870,Khash,10.0,34,11,32.35294117647059,5.88235294117647,58.82352941176471,52.94117647058824,1991,2024,6,5,0,Khash,28.22,61.19,1427.0
warm_season_tmax,Warm-season precipitation + maximum temperature,40870,Khash,20.0,34,4,11.76470588235294,0.0,23.52941176470588,23.52941176470588,2008,2024,2,2,0,Khash,28.22,61.19,1427.0
warm_season_tmax,Warm-season precipitation + maximum temperature,40873,Lar,5.0,34,13,38.23529411764706,29.411764705882355,47.05882352941176,17.647058823529406,1991,2024,5,8,0,Lar,27.67,54.375,792.0
warm_season_tmax,Warm-season precipitation + maximum temperature,40873,Lar,10.0,34,10,29.411764705882355,23.52941176470588,35.294117647058826,11.764705882352946,1991,2024,4,6,0,Lar,27.67,54.375,792.0
warm_season_tmax,Warm-season precipitation + maximum temperature,40873,Lar,20.0,34,3,8.823529411764707,5.88235294117647,11.76470588235294,5.88235294117647,1999,2018,2,1,0,Lar,27.67,54.375,792.0
warm_season_tmax,Warm-season precipitation + maximum temperature,40875,Bandarabbas,5.0,34,11,32.35294117647059,11.76470588235294,52.94117647058824,41.1764705882353,1997,2024,3,8,0,Bandarabbas,27.215,56.373,9.8
warm_season_tmax,Warm-season precipitation + maximum temperature,40875,Bandarabbas,10.0,34,5,14.705882352941178,5.88235294117647,23.52941176470588,17.64705882352941,1998,2020,0,5,0,Bandarabbas,27.215,56.373,9.8
warm_season_tmax,Warm-season precipitation + maximum temperature,40875,Bandarabbas,20.0,34,1,2.941176470588235,0.0,5.88235294117647,5.88235294117647,2017,2017,0,1,0,Bandarabbas,27.215,56.373,9.8
warm_season_tmax,Warm-season precipitation + maximum temperature,40876,Minab,5.0,30,10,33.33333333333333,11.76470588235294,61.53846153846154,49.7737556561086,1998,2024,0,10,0,Minab,27.107,57.089,29.6
warm_season_tmax,Warm-season precipitation + maximum temperature,40876,Minab,10.0,30,5,16.666666666666664,5.88235294117647,30.76923076923077,24.8868778280543,1998,2024,0,5,0,Minab,27.107,57.089,29.6
warm_season_tmax,Warm-season precipitation + maximum temperature,40876,Minab,20.0,30,1,3.3333333333333335,0.0,7.6923076923076925,7.6923076923076925,2012,2012,0,1,0,Minab,27.107,57.089,29.6
warm_season_tmax,Warm-season precipitation + maximum temperature,40877,Kahnuj,5.0,34,15,44.11764705882353,35.294117647058826,52.94117647058824,17.647058823529413,1993,2024,7,8,0,Kahnuj,27.994,57.713,499.0
warm_season_tmax,Warm-season precipitation + maximum temperature,40877,Kahnuj,10.0,34,7,20.588235294117645,5.88235294117647,35.294117647058826,29.411764705882355,2004,2024,4,3,0,Kahnuj,27.994,57.713,499.0
warm_season_tmax,Warm-season precipitation + maximum temperature,40877,Kahnuj,20.0,34,2,5.88235294117647,0.0,11.76470588235294,11.76470588235294,2017,2018,1,1,0,Kahnuj,27.994,57.713,499.0
warm_season_tmax,Warm-season precipitation + maximum temperature,40878,Saravan,5.0,34,15,44.11764705882353,23.52941176470588,64.70588235294117,41.17647058823529,1992,2024,8,7,0,Saravan,27.39,62.319,1182.0
warm_season_tmax,Warm-season precipitation + maximum temperature,40878,Saravan,10.0,34,9,26.47058823529412,11.76470588235294,41.17647058823529,29.411764705882348,1999,2024,4,5,0,Saravan,27.39,62.319,1182.0
warm_season_tmax,Warm-season precipitation + maximum temperature,40878,Saravan,20.0,34,4,11.76470588235294,0.0,23.52941176470588,23.52941176470588,2008,2021,2,2,0,Saravan,27.39,62.319,1182.0
warm_season_tmax,Warm-season precipitation + maximum temperature,40879,Iranshahr,5.0,34,17,50.0,47.05882352941176,52.94117647058824,5.882352941176478,1991,2024,9,8,0,Iranshahr,27.23,60.718,591.1
warm_season_tmax,Warm-season precipitation + maximum temperature,40879,Iranshahr,10.0,34,12,35.294117647058826,29.411764705882355,41.17647058823529,11.764705882352935,1993,2024,6,6,0,Iranshahr,27.23,60.718,591.1
warm_season_tmax,Warm-season precipitation + maximum temperature,40879,Iranshahr,20.0,34,5,14.705882352941178,5.88235294117647,23.52941176470588,17.64705882352941,1993,2021,2,3,0,Iranshahr,27.23,60.718,591.1
warm_season_tmax,Warm-season precipitation + maximum temperature,40882,Kish Island,5.0,34,9,26.47058823529412,5.88235294117647,47.05882352941176,41.17647058823529,1998,2024,0,9,0,Kish Island,26.522,53.982,30.0
warm_season_tmax,Warm-season precipitation + maximum temperature,40882,Kish Island,10.0,34,4,11.76470588235294,5.88235294117647,17.647058823529413,11.764705882352942,1998,2020,0,4,0,Kish Island,26.522,53.982,30.0
warm_season_tmax,Warm-season precipitation + maximum temperature,40882,Kish Island,20.0,34,1,2.941176470588235,0.0,5.88235294117647,5.88235294117647,2017,2017,0,1,0,Kish Island,26.522,53.982,30.0
warm_season_tmax,Warm-season precipitation + maximum temperature,40883,Bandar-E-Lengeh,5.0,34,7,20.588235294117645,0.0,41.17647058823529,41.17647058823529,2012,2024,0,7,0,Bandar-E-Lengeh,26.528,54.828,22.7
warm_season_tmax,Warm-season precipitation + maximum temperature,40883,Bandar-E-Lengeh,10.0,34,4,11.76470588235294,0.0,23.52941176470588,23.52941176470588,2015,2019,0,4,0,Bandar-E-Lengeh,26.528,54.828,22.7
warm_season_tmax,Warm-season precipitation + maximum temperature,40883,Bandar-E-Lengeh,20.0,34,1,2.941176470588235,0.0,5.88235294117647,5.88235294117647,2019,2019,0,1,0,Bandar-E-Lengeh,26.528,54.828,22.7
warm_season_tmax,Warm-season precipitation + maximum temperature,40889,Siri Island,5.0,33,6,18.181818181818183,6.25,29.411764705882355,23.161764705882355,1998,2024,0,6,0,Siri Island,25.898,54.551,4.4
warm_season_tmax,Warm-season precipitation + maximum temperature,40889,Siri Island,10.0,33,3,9.090909090909092,0.0,17.647058823529413,17.647058823529413,2015,2024,0,3,0,Siri Island,25.898,54.551,4.4
warm_season_tmax,Warm-season precipitation + maximum temperature,40889,Siri Island,20.0,33,1,3.0303030303030303,0.0,5.88235294117647,5.88235294117647,2024,2024,0,1,0,Siri Island,25.898,54.551,4.4
warm_season_tmax,Warm-season precipitation + maximum temperature,40890,Abumusa Island,5.0,34,7,20.588235294117645,0.0,41.17647058823529,41.17647058823529,2010,2024,0,7,0,Abumusa Island,25.874,55.013,6.6
warm_season_tmax,Warm-season precipitation + maximum temperature,40890,Abumusa Island,10.0,34,3,8.823529411764707,0.0,17.647058823529413,17.647058823529413,2021,2024,0,3,0,Abumusa Island,25.874,55.013,6.6
warm_season_tmax,Warm-season precipitation + maximum temperature,40890,Abumusa Island,20.0,34,1,2.941176470588235,0.0,5.88235294117647,5.88235294117647,2023,2023,0,1,0,Abumusa Island,25.874,55.013,6.6
warm_season_tmax,Warm-season precipitation + maximum temperature,40893,Jask,5.0,34,8,23.52941176470588,5.88235294117647,41.17647058823529,35.29411764705882,1998,2021,0,8,0,Jask,25.638,57.77,5.2
warm_season_tmax,Warm-season precipitation + maximum temperature,40893,Jask,10.0,34,4,11.76470588235294,0.0,23.52941176470588,23.52941176470588,2009,2020,0,4,0,Jask,25.638,57.77,5.2
warm_season_tmax,Warm-season precipitation + maximum temperature,40893,Jask,20.0,34,2,5.88235294117647,0.0,11.76470588235294,11.76470588235294,2009,2015,0,2,0,Jask,25.638,57.77,5.2
warm_season_tmax,Warm-season precipitation + maximum temperature,40898,Chahbahar,5.0,34,17,50.0,35.294117647058826,64.70588235294117,29.411764705882348,1993,2024,8,8,1,Chahbahar,25.281,60.651,8.0
warm_season_tmax,Warm-season precipitation + maximum temperature,40898,Chahbahar,10.0,34,7,20.588235294117645,17.647058823529413,23.52941176470588,5.8823529411764675,1993,2024,3,4,0,Chahbahar,25.281,60.651,8.0
warm_season_tmax,Warm-season precipitation + maximum temperature,40898,Chahbahar,20.0,34,2,5.88235294117647,5.88235294117647,5.88235294117647,0.0,1998,2020,1,1,0,Chahbahar,25.281,60.651,8.0
warm_season_tmax,Warm-season precipitation + maximum temperature,88187,Jam,5.0,31,10,32.25806451612903,0.0,58.82352941176471,58.82352941176471,2010,2023,0,10,0,Jam,27.816,52.356,659.0
warm_season_tmax,Warm-season precipitation + maximum temperature,88187,Jam,10.0,31,4,12.903225806451612,0.0,23.52941176470588,23.52941176470588,2016,2019,0,4,0,Jam,27.816,52.356,659.0
warm_season_tmax,Warm-season precipitation + maximum temperature,88187,Jam,20.0,31,1,3.225806451612903,0.0,5.88235294117647,5.88235294117647,2018,2018,0,1,0,Jam,27.816,52.356,659.0
warm_season_tmax,Warm-season precipitation + maximum temperature,99331,Tehran (Geophysic),5.0,33,12,36.36363636363637,11.76470588235294,62.5,50.73529411764706,2000,2023,5,5,2,Tehran (Geophysic),35.747,51.387,1418.6
warm_season_tmax,Warm-season precipitation + maximum temperature,99331,Tehran (Geophysic),10.0,33,9,27.27272727272727,0.0,56.25,56.25,2008,2023,3,4,2,Tehran (Geophysic),35.747,51.387,1418.6
warm_season_tmax,Warm-season precipitation + maximum temperature,99331,Tehran (Geophysic),20.0,33,2,6.0606060606060606,0.0,12.5,12.5,2019,2021,0,2,0,Tehran (Geophysic),35.747,51.387,1418.6
warm_season_tmax,Warm-season precipitation + maximum temperature,99407,Boshruyeh,5.0,33,9,27.27272727272727,5.88235294117647,50.0,44.11764705882353,1997,2024,0,9,0,Boshruyeh,33.85,57.42,879.0
warm_season_tmax,Warm-season precipitation + maximum temperature,99407,Boshruyeh,10.0,33,6,18.181818181818183,0.0,37.5,37.5,2008,2024,0,6,0,Boshruyeh,33.85,57.42,879.0
warm_season_tmax,Warm-season precipitation + maximum temperature,99407,Boshruyeh,20.0,33,3,9.090909090909092,0.0,18.75,18.75,2013,2024,0,3,0,Boshruyeh,33.85,57.42,879.0
warm_season_tmax,Warm-season precipitation + maximum temperature,99421,Natanz,5.0,33,16,48.484848484848484,25.0,70.58823529411765,45.58823529411765,2002,2024,7,9,0,Natanz,33.49,51.931,1685.0
warm_season_tmax,Warm-season precipitation + maximum temperature,99421,Natanz,10.0,33,8,24.242424242424242,12.5,35.294117647058826,22.794117647058826,2002,2024,3,5,0,Natanz,33.49,51.931,1685.0
warm_season_tmax,Warm-season precipitation + maximum temperature,99421,Natanz,20.0,33,3,9.090909090909092,0.0,17.647058823529413,17.647058823529413,2013,2021,1,2,0,Natanz,33.49,51.931,1685.0
warm_season_tmax,Warm-season precipitation + maximum temperature,99459,Borujen,5.0,34,15,44.11764705882353,29.411764705882355,58.82352941176471,29.411764705882355,1992,2024,7,7,1,Borujen,31.979,51.299,2260.0
warm_season_tmax,Warm-season precipitation + maximum temperature,99459,Borujen,10.0,34,10,29.411764705882355,11.76470588235294,47.05882352941176,35.29411764705882,2002,2024,4,5,1,Borujen,31.979,51.299,2260.0
warm_season_tmax,Warm-season precipitation + maximum temperature,99459,Borujen,20.0,34,5,14.705882352941178,0.0,29.411764705882355,29.411764705882355,2013,2024,2,3,0,Borujen,31.979,51.299,2260.0
warm_season_tmax,Warm-season precipitation + maximum temperature,99623,Zahak,5.0,33,6,18.181818181818183,0.0,35.294117647058826,35.294117647058826,2008,2024,0,6,0,Zahak,30.9,61.683,495.0
warm_season_tmax,Warm-season precipitation + maximum temperature,99623,Zahak,10.0,33,3,9.090909090909092,0.0,17.647058823529413,17.647058823529413,2013,2023,0,3,0,Zahak,30.9,61.683,495.0
warm_season_tmax,Warm-season precipitation + maximum temperature,99623,Zahak,20.0,33,1,3.0303030303030303,0.0,5.88235294117647,5.88235294117647,2013,2013,0,1,0,Zahak,30.9,61.683,495.0
