joint_change,dry_marginal,hot_marginal,excess_joint
23.929183323814964,8.615245070044008,14.759633150804579,0.554305102966373
20.616790405482583,8.034064568145938,12.102328081432459,0.4803977559041899
14.962878355225586,4.385729163167267,12.05865555816844,-1.4815063661101215
18.675042832667053,6.4954479793059425,13.076561292706689,-0.8969664393455834
16.790405482581377,5.452346558269225,10.7736755467464,0.5643833775657612
19.988577955454033,6.033527060167302,13.021130782410049,0.9339201128766756
7.02455739577384,0.5072731548358923,6.399704370611753,0.11757987032620035
11.479154768703594,2.139953639936843,8.610205932744313,0.7289951960224416
12.964020559680177,3.184734773406794,9.671784190546576,0.10750159572681156
28.21245002855511,12.01834245977089,17.030604360533474,-0.8364967917492515
11.25071387778413,2.4943729633486744,9.344240266066446,-0.5878993516310005
10.90805254140491,2.452380152517889,8.223872073101083,0.2318003157859374
21.016561964591663,7.894648436187728,12.523935902173545,0.5979776262303896
22.272986864648775,8.541337722981826,14.437128363624149,-0.7054792219572011
22.501427755568244,8.116370477374277,16.00094063896261,-1.6158833607686363
15.933752141633352,5.469143682601539,10.713205899150063,-0.2485974401182516
16.10508280982296,4.3554943393691,11.584976651997183,0.16461181845668066
16.276413478012568,6.5290422279705735,10.281519803809587,-0.5341485537675947
25.18560822387208,8.57997110894615,14.415292101992142,2.1903450129337867
10.108509423186746,2.279369771895052,7.849296200490475,-0.020156549198776748
16.04797258709309,4.528504719991937,11.069304934995127,0.45016293210602376
9.994288977727004,1.7250646689286802,7.573823361440522,0.6954009473578124
11.079383209594516,1.9921389458124772,8.32801424396143,0.7592300198206071
19.588806396344946,6.0956764201968605,13.63422582053953,-0.14109584439143968
17.87549971444889,4.392448012900192,10.389021399536396,3.094030302012297
12.278697886921757,3.681929653643295,8.502704337017505,0.09406389626096005
9.194745859508846,1.7519400678603823,6.465213155507778,0.9775926361406926
15.476870359794404,3.844861759666745,12.219907951758657,-0.5878993516310008
11.364934323243858,3.396378539993953,8.831927973930862,-0.8633721906809547
11.364934323243855,2.7816037894312493,8.610205932744313,-0.026875398931702547
8.852084523129635,2.151711626969463,7.039674807672926,-0.3393019115127491
11.936036550542546,3.4266133637921192,7.162293815298822,1.3471293714516084
14.962878355225588,3.901971982396612,10.409177948735177,0.6517284240937959
14.448886350656766,4.971948802365035,10.20257331944771,-0.7256357711559775
15.248429468874926,3.915409681862465,11.806698693183726,-0.47367890617126285
7.367218732153054,0.29394967581550013,5.185272281385427,1.8879967749521287
28.95488292404341,12.743978230926862,15.166123559646586,1.0447811334699502
13.934894346087946,3.4803641616555248,10.699768199684215,-0.2452380152517883
10.051399200456874,3.137702825276314,8.92263244532536,-2.0089360701447916
12.392918332381502,2.2642523599959685,8.489266637551651,1.6393993348338778
9.423186750428323,0.908724426378204,7.718278630698428,0.7961836933516979
21.302113078241007,7.143816978533273,14.541270534484504,-0.38297443477676557
15.24842946887493,4.8258138206739005,12.018342459770887,-1.595726811569859
24.271844660194194,8.889038196660737,16.514932643531427,-1.1321261799979838
19.47458595088521,5.003863338596435,13.120233815970705,1.3504887963180705
10.90805254140491,2.606913696375181,7.924883259985891,0.3762555850438405
21.987435750999442,8.58501024624584,12.908590049383546,0.4938354553700416
9.137635636778977,2.6774616185708995,7.236201162361004,-0.7760271441529206
13.135351227869789,2.6539456445056606,9.450062149360031,1.031343434004099
23.015419760137068,7.716598918265195,13.283165921994152,2.015654919877717
11.07938320959451,2.040850606376188,8.94782813182383,0.09070447139449749
8.966304968589375,0.8600127658144928,7.199247488829916,0.907044713944973
17.532838378069673,4.968589377498573,12.376121208049172,0.18812779252192047
24.100513992004583,8.418718715355936,14.096146739678169,1.5856485369704716
11.079383209594514,2.8723082608257458,8.737864077669904,-0.530789128901132
23.015419760137068,8.289380857997111,14.205328047838208,0.5207108543017442
23.415191319246148,8.717707528471125,15.379447038666976,-0.6819632478919606
14.448886350656764,4.456277085362986,10.546914368260156,-0.5543051029663719
23.75785265562536,7.651090133369166,14.457284912822919,1.6494776094332668
22.615648201027998,8.442234689421173,14.489199449054329,-0.31578593744750827
18.103940605368358,5.371720361474117,12.080491819800452,0.651728424093796
18.446601941747574,6.770920818355899,13.91305808445594,-2.237376961064266
23.472301541976027,9.431585312594486,15.61292706688615,-1.5722108375046189
12.906910336950313,4.212718782544429,10.525078106628143,-1.8308865522222593
17.133066818960597,4.253031880941983,10.810629220277495,2.0694057177411236
24.443175328383784,7.127019854200965,15.381126751100208,1.9350287230826082
15.07709880068532,2.912621359223301,10.484765008230589,1.6797124332314322
15.134209023415188,4.269829005274296,11.771424732085869,-0.9070447139449722
18.617932609937185,4.775422447676958,12.189673127960496,1.6528370342997285
18.218161050828098,5.840360130345684,11.632008600127662,0.7457923203547557
12.22158766419189,3.132663687976619,9.115799375146972,-0.026875398931702998
9.13763563677898,0.028555111364934403,7.190848926663756,1.918231598750294
11.650485436893202,2.6573050693721236,9.177948735176537,-0.18476836765545712
13.649343232438612,3.0385997917156584,8.608526220311084,2.002217220411866
6.624785836664761,0.43840494507340344,4.409245137232506,1.777135754358853
16.44774414620216,4.998824201296737,11.01891356199818,0.43000638290724624
22.330097087378658,6.814593341619912,14.658850404810698,0.8566533409480307
18.275271273557973,5.983135687170356,10.824066919743338,1.4680686666442708
16.276413478012568,4.142170860348707,9.917022205798363,2.217220411865489
19.474585950885217,5.712701985420093,12.525615614606776,1.2362683508583339
13.249571673329527,3.424933651358888,9.307286592535357,0.5173514294352809
12.450028555111366,3.387979977827796,9.075486276749421,-0.013437699465851157
11.307824100513987,2.85215171162697,9.876709107400814,-1.4210367185137902
9.937178754997138,2.4053482043874093,7.525111700876809,0.006718849732925702
22.2158766419189,7.298350522390565,12.542412738939099,2.3751133805892444
12.450028555111365,3.384620552961333,8.61524507004401,0.45016293210602415
13.42090234151913,4.16736654684718,9.985890415560855,-0.7323546208889037
31.29640205596803,11.766385594786172,18.310545234655823,1.21947122652602
14.563106796116514,4.076662075452682,10.59058689152417,-0.1041421708603479
12.964020559680181,3.811267511002117,10.096751436154133,-0.9439983874760643
13.021130782410047,3.525716397352774,10.288238653542514,-0.7928242684852357
9.53740719588806,1.2245103638257129,8.114690764941043,0.19820606712130925
9.651627641347796,1.4882252158430473,6.890180401115332,1.2732220243894248
10.336950314106218,1.8275271273557971,8.875600497194885,-0.3661773104444514
23.243860651056536,8.17180098767091,15.276984580239853,-0.20492491685423392
10.39406053683609,1.632680485100951,7.212685188295765,1.5486948634393793
9.594517418617928,1.486545503409816,8.353209930459906,-0.2452380152517887
13.992004568817821,4.026270702455738,10.620821715322338,-0.6550878489602576
12.45002855511137,3.833103772634124,9.01669634158632,-0.39977155910908013
7.995431182181607,1.478146941243659,5.734538247052105,0.7827459938858465
12.050256996002279,2.141633352370074,9.465179561259111,0.4434440823730987
11.193603655054249,2.5430846239123865,9.191386434642393,-0.5408674035005208
19.81724728726443,7.3000302348238,13.582154735109345,-1.0649376826687271
19.303255282695606,6.225014277555683,13.202539725199046,-0.12429872005912439
12.050256996002288,2.6069136963751802,8.838646823663787,0.6046964759633151
9.48029697315819,1.6645950213323477,7.123660429334497,0.6920415224913499
24.728726442033118,9.424866462861557,15.747304061544659,-0.4434440823730972
11.30782410051399,2.496052675781906,7.958477508650522,0.8532939160815666
13.992004568817821,4.211039070111198,10.462928746598584,-0.6819632478919602
10.965162764134776,2.60523398394195,8.363288205059293,-0.0033594248664628353
14.620217018846366,3.5357946719521607,10.674572513185742,0.40984983370847
24.386065105653902,9.021735478886017,15.253468606174621,0.11086102059327488
16.904625928041128,4.330298652870629,11.361574898377395,1.2127523767930941
10.508280982295828,2.4691772768502025,8.213793798501698,-0.17469009305606933
12.107367218732158,2.6522659320724298,9.545805758054223,-0.09070447139449726
16.733295259851516,4.360533476668794,10.091712298854436,2.2810494843282845
9.937178754997138,1.1069304934995128,7.05311250713878,1.7771357543588535
7.02455739577384,1.1186884805321329,5.643833775657608,0.26203513958410307
6.796116504854367,0.6870023851916552,6.189740316457823,-0.08062619679510837
18.617932609937185,5.776531057882891,12.49538079080861,0.3460207612456758
17.190177041690472,4.953471965599489,11.97802936137333,0.25867571471764056
17.875499714448885,5.875634091443546,11.905801726744379,0.0940638962609605
10.565391205025698,2.0290926193435688,7.988712332448686,0.5475862532334468
11.022272986864644,1.4495918298787251,8.920952732892127,0.6517284240937956
18.103940605368358,5.694225148654551,11.972990224073639,0.4367252326401724
12.678469446030839,3.6500151174118987,7.929922397285584,1.0985319313333555
17.304397487150204,6.35267242248127,12.322370410185776,-1.370645345516847
7.8812107367218704,0.8482547787818726,6.616387274498607,0.41656868344139547
11.13649343232438,1.943427285248766,8.527900023515977,0.665166123559647
12.050256996002284,3.9187691067289285,8.62868276950986,-0.4971948802365035
12.62135922330097,3.223368159371116,9.361037390398762,0.03695367353109206
22.7869788692176,8.071018241677027,14.497598011220479,0.2183626163200864
14.505996573386637,4.4613162226626795,11.734471058554774,-1.6897907078308188
13.078241005139917,3.2216884469378844,7.2261228877616155,2.6304296704404213
12.450028555111365,3.7256021769073127,9.802801760338626,-1.0783753821345785
9.308966304968584,1.6343601975341822,7.244599724527162,0.43000638290724674
22.7869788692176,9.290489468203043,12.562569288137874,0.9339201128766755
24.557395773843524,8.34985050559344,14.679006954009468,1.528538314240602
17.475728155339805,5.176873719219271,12.050256996002283,0.24859744011825258
16.047972587093092,5.667349749722844,11.196963079920721,-0.8163402425504745
13.192461450599659,3.268720395068366,10.471327308764737,-0.5475862532334459
17.818389491719014,5.788289044915513,12.570967850304031,-0.5408674035005203
12.107367218732152,2.0895622669399003,9.564282594819769,0.4535223569724863
26.099371787549984,9.807840897638325,16.31504686397689,-0.023515974065239625
24.842946887492886,9.55588403265361,14.967917492525277,0.3191453623139721
10.051399200456874,1.0666173951019589,8.47414922565257,0.5106325797023551
11.936036550542543,2.0442100312426503,9.515570934256056,0.37625558504384116
13.82067390062821,3.5324352470857,9.303927167668892,0.9843114858736192
19.303255282695606,5.653912050256996,10.86438001814089,2.784963214297712
14.563106796116505,4.474753922128531,10.8274263446098,-0.7390734706218295
17.190177041690465,4.501629321060235,9.5071723720899,3.1813753485403313
6.282124500285549,0.18812779252192038,6.1578257802264265,-0.06382907246279429
14.84865790976585,4.187523096045956,10.170658783216313,0.49047603050357846
14.448886350656773,3.7524775758390163,10.528437531494607,0.16797124332314328
11.250713877784126,2.3549568313904654,9.285450330903348,-0.3896932845096919
10.622501427755566,2.815198038095878,7.93496153458528,-0.12765814492558822
16.276413478012568,4.28494641717338,10.604024590990027,1.3874424698491625
10.165619645916614,1.9115127490173685,8.089495078442571,0.1646118184566804
16.504854368932044,4.67295998924984,11.301105250781065,0.5307891289011331
16.96173615077099,4.719991937380319,10.914771391137831,1.3269728222528314
15.533980582524276,5.081130110525077,12.394598044814732,-1.9417475728155333
10.39406053683609,2.0962811166728255,8.482547787818724,-0.18476836765545668
10.45117075956596,2.133234790203917,7.397453555951219,0.9204824134108237
17.647058823529417,6.463533443074544,11.737830483421238,-0.554305102966372
14.905768132495721,4.568817818389492,10.595626028823865,-0.25867571471763995
19.017704169046258,5.425471159337518,11.5967346390298,1.9954983706789404
16.961736150770985,6.01337051096852,10.797191520811639,0.151174118990829
9.423186750428323,1.767057479759465,6.913696375180569,0.7424328954882925
13.53512278697887,1.8829576376524346,9.750730674908457,1.9014344744179799
13.934894346087946,4.610810629220278,10.059797762623038,-0.7357140457553665
14.277555682467163,4.896361742869621,10.640978264521115,-1.2597843249235727
15.419760137064529,4.557059831356872,11.994826485705644,-1.1321261799979843
15.705311250713882,4.029630127322202,11.285987838881985,0.3896932845096924
6.967447173043971,0.5946182013639266,5.210467967883897,1.16236100379615
13.706453455168484,3.8062283737024223,9.456780999092956,0.4434440823730975
12.564249000571106,3.2015318977391067,10.07155574965566,-0.7088386468236636
14.734437464306113,3.166257936641248,10.973561326300938,0.5946182013639268
11.59337521416334,2.5917962844760973,8.773138038767765,0.2284408909194748
17.989720159908618,6.141028655894111,13.346994994456944,-1.4983034904424357
23.415191319246148,7.506634864111264,13.73500856653341,2.1735478886014716
12.73557966876071,2.333120569758458,10.661134813719892,-0.2586757147176397
8.566533409480295,1.1102899183659758,6.727248295091881,0.7289951960224413
6.510565391205024,0.32586421204689753,6.231733127288608,-0.04703194813047997
15.07709880068532,4.3454160647697115,10.153861658883997,0.5778210770316126
13.820673900628217,4.268149292841066,10.113548560486443,-0.5610239526992977
11.764705882352938,1.9215910236167564,7.121980716901265,2.721134141834919
18.44660194174757,6.6466220982967705,13.294923909026773,-1.4949440655759731
20.445459737292982,7.5284711257432715,12.933785735882022,-0.016797124332313944
19.47458595088522,7.452884066247857,13.997043706117513,-1.975341821480162
21.530553969160486,7.390734706218295,13.719891154634325,0.41992810830785793
14.84865790976585,3.6533745422783612,12.09224980683307,-0.8969664393455842
6.910336950314103,1.1925958275943158,5.3482043874088765,0.3695367353109151
14.448886350656773,4.82413410824067,10.629220277488495,-1.0044680350723958
24.043403769274708,8.168441562804448,14.826821648133844,1.048140558336414
19.874357509994294,6.332515873282495,12.6549534719656,0.8868881647461968
25.071387778412337,10.084993449121509,16.011018913561998,-1.0246245842711714
7.995431182181606,1.605805086169248,6.141028655894112,0.24859744011825186
12.27869788692176,3.928847381328317,7.6746061074344025,0.6752443981590351
8.623643632210161,1.753619780293614,7.115261867168339,-0.2452380152517884
12.392918332381498,2.8303154499949623,8.84368596096348,0.7189169214230524
11.53626499143346,2.4742164141498972,9.848153996035878,-0.7861054187523092
26.727584237578526,12.031780159236739,16.11012194712264,-1.4143178687808635
14.505996573386637,3.725602176907314,10.85094231867504,-0.07054792219571958
11.536264991433457,2.3062451708267546,8.823529411764707,0.40649040884200627
16.904625928041117,4.782141297409884,9.938858467430375,2.1836261632008602
19.58880639634495,6.93553263681258,12.431551718345817,0.22172204118654937
22.158766419189046,8.492626062418113,14.764672288104272,-1.0985319313333548
13.363792118789263,3.164578224208015,9.433265025027715,0.7659488695535328
17.87549971444889,5.917626902274331,12.179594853361104,-0.2217220411865483
23.986293546544832,7.1488561158329675,14.08606846507878,2.751368965633084
14.563106796116507,4.479793059428226,11.356535761077701,-1.2732220243894243
14.791547687035981,3.7155239023079245,12.07377297006753,-0.9977491853394692
15.362649914334664,3.7407195888063964,10.197534182148019,1.4243961433802543
16.39063392347231,4.192562233345652,11.532905566567004,0.665166123559647
15.990862364363219,5.193670843551585,11.532905566567003,-0.7357140457553657
22.33009708737864,5.717741122719791,14.858736184365233,1.7536197802936135
12.27869788692176,3.4434104881244325,7.978634057849298,0.8566533409480301
19.64591661907482,6.843148452984848,13.9214566466221,-1.1186884805321322
22.958309537407203,8.249067759599555,12.659992609265297,2.0492491685423464
17.418617932609937,5.400275472839052,10.284879228676052,1.7334632310948364
8.852084523129637,1.4277555682467162,7.148856115832969,0.275472839049955
13.592233009708742,3.633217993079586,9.660026203513958,0.29898881311519493
13.249571673329529,2.6522659320724293,8.793294587966537,1.8040111532905572
13.42090234151913,2.5817180098767105,9.562602882386539,1.2765814492558876
9.937178754997138,2.076124567474049,7.921523835119429,-0.060469647596331506
16.504854368932044,4.830852957973597,10.91477139113784,0.7592300198206066
14.677327241576249,3.3879799778277953,9.525649208855445,1.763698054893002
7.024557395773841,0.06382907246279436,5.9159471898411,1.0447811334699506
8.109651627641345,0.8969664393455843,7.027916820640309,0.18476836765545773
12.278697886921757,1.8762387879195088,9.300567742802432,1.101891356199819
16.27641347801257,5.961299425538349,12.035139584103199,-1.720025531628985
12.964020559680185,3.631538280646353,10.202573319447712,-0.8700910404138803
19.417475728155345,5.944502301206036,12.203110827426343,1.2698625995229624
26.556253569388932,10.266402391910503,15.685154701515103,0.6046964759633158
20.27412906910338,6.969126885477207,13.056404743507908,0.24859744011825247
13.763563677898347,3.1024288641784543,9.925420767964523,0.735714045755367
20.616790405482586,7.48311889004603,13.231094836563978,-0.09742332112742275
13.478012564249001,3.1343434004098505,9.621392817549637,0.7222763462895155
27.984009137635635,10.236167568112336,15.896798468102258,1.8510431014210385
12.221587664191892,3.540833809251857,8.304498269896197,0.37625558504384055
14.905768132495723,4.2815869923069165,11.521147579534382,-0.8969664393455834
17.532838378069673,6.298921624617863,11.495951893035912,-0.2620351395841027
16.047972587093085,5.69254543622132,11.588336076863643,-1.23290892599187
8.794974300399767,1.5067020526085932,7.251318574260086,0.03695367353109177
7.481439177612788,0.7105183592568954,6.428259481976687,0.342661336379212
13.592233009708737,3.9607619175597137,8.61356535761078,1.0179057345382474
12.964020559680181,4.204320220378272,10.17737763294924,-1.4176772936473268
8.395202741290687,1.7284240937951423,6.2367722645883,0.43000638290724674
17.475728155339816,6.797796217287602,12.80108845365673,-2.123156515604528
23.81496287835522,9.933819330130683,15.916955017301033,-2.035811469076494
11.936036550542546,3.290556656700372,10.0631571874895,-1.4176772936473276
6.796116504854368,0.09406389626096023,6.493768266872712,0.20828434172069749
9.822958309537402,0.910404138811436,7.8274599388584685,1.0850942318675052
12.278697886921757,2.712735579668761,8.887358484227496,0.678603823025498
15.134209023415195,4.6040917794873515,11.255753015083817,-0.7256357711559771
19.874357509994294,6.849867302717772,12.37276178318272,0.6517284240937956
12.107367218732152,3.117546276077535,8.586689958679072,0.4031309839755436
15.47687035979441,4.130412873316088,11.208721066953334,0.13773641952497745
24.443175328383788,9.266973494137803,16.194107568784222,-1.0179057345382463
19.874357509994294,5.805086169247826,13.471293714516078,0.59797762623039
2.455739577384352,-0.9893506231733129,3.592904894682031,-0.14781469412436568
18.275271273557973,6.3157187489501805,12.57768670003695,-0.6181341754291662
19.417475728155342,7.266435986159172,13.10175697920515,-0.9507172372089894
20.788121073672194,7.081667618503713,12.513857627574154,1.192595827594316
7.8812107367218704,0.4955151678032723,7.02959653307354,0.35609903584506364
9.366076527698453,1.0615782578022643,8.328014243961434,-0.02351597406523995
16.16219303255283,4.723351362246785,11.028991836597578,0.4098498337084693
13.192461450599655,3.317432055632075,9.86495112036819,0.010078274599388688
14.962878355225588,3.9993953035240355,9.522289783988981,1.4411932677125685
21.587664191890344,7.1622938152988205,13.558638761044106,0.8667316155474181
17.98972015990862,6.075519870998088,11.470756206537441,0.4434440823730989
9.822958309537402,1.357207646050996,7.3302650586219675,1.1354856048644473
18.846373500856657,6.9792051600765985,14.380018140894274,-2.5128498001142203
10.79383209594517,2.529646924446535,9.080525414049115,-0.8163402425504744
13.420902341519135,4.10689689925085,9.700339301911514,-0.3863338596432289
14.3917761279269,3.545872946551551,10.241206705412038,0.6046964759633153
7.595659623072527,0.13941613195820896,7.076628481204019,0.3796150099103039
29.75442604226157,10.76359727214701,16.477978970000343,2.5128498001142217
13.363792118789263,3.658413679578057,9.154432761111298,0.5509456780999097
17.41861793260994,6.312359324083715,11.650485436893206,-0.544226828366983
19.18903483723587,5.010582188329359,12.77085362985857,1.4075990190479402
21.587664191890358,6.848187590284546,12.69694628279638,2.0425303188094213
19.760137064534554,5.4792219572009255,13.219336849531361,1.061578257802265
22.90119931467734,7.615816172271306,12.083851244666915,3.2015318977391076
18.33238149628783,6.498807404172403,13.103436691638393,-1.269862599522961
12.507138777841238,2.638828232606577,9.643229079181646,0.22508146605301166
20.959451741861805,7.3319447710551975,14.813383948667989,-1.1858769778613896
10.850942318675036,1.8460039641213424,8.971344105889074,0.03359424866462912
12.278697886921762,3.02852151711627,9.458460711526186,-0.20828434172069746
15.705311250713873,4.6040917794873515,11.20872106695334,-0.10750159572681126
15.248429468874928,5.534652467497564,10.741761010515,-1.0279840091376353
8.623643632210161,2.0156549198777163,7.891289011321261,-1.2833002989888134
11.022272986864644,1.4042395941814765,8.805052574999161,0.8129808176840125
14.791547687035983,4.283266704740148,11.082742634460974,-0.5744616521651491
8.566533409480293,1.1556421540632245,6.7893976551214426,0.6214936002956295
15.648201027984014,4.63432660328552,12.723821681728086,-1.7099472570295964
28.84066247858367,10.38734168710317,16.955017301038055,1.4983034904424373
13.592233009708734,3.4383713508247373,10.096751436154127,0.057110222729868904
14.163335237007429,3.994356166224342,11.43548224543958,-1.266503174656498
18.56082238720732,4.881244330970538,11.865488628346826,1.8140894278899453
13.420902341519135,3.7323210266402405,9.89686565659959,-0.20828434172069704
14.448886350656766,3.809587798568885,9.043571740518026,1.5957268115698595
9.594517418617928,1.4395135552793363,7.046393657405852,1.1086102059327445
32.381496287835525,12.4248328686129,18.233278462727178,1.7233849564954482
6.053683609366074,0.8381765041824839,4.899721167736082,0.315785937447509
12.906910336950315,3.7575167131387115,10.170658783216314,-1.0212651594047086
10.222729868646487,2.6791413310041325,6.219975140255988,1.3236133973863682
21.016561964591677,7.632613296603623,14.66388954211038,-1.2799408741223495
16.619074814391773,4.229515906876742,11.889004602412069,0.5005543051029668
7.424328954882921,1.745221218127457,5.487620519367083,0.19148721738838295
11.821816105082807,3.22840729667081,9.057009439983874,-0.4636006315718743
8.68075385494003,1.3874424698491619,7.216044613162229,0.07726677192864612
21.01656196459167,6.174622904558738,12.661672321698527,2.180266738334398
9.8229583095374,1.239627775724796,8.495985487284576,0.0873450465280346
17.13306681896059,4.923237141801322,10.993717875499717,1.2161118016595576
8.68075385494003,1.4865455034098163,7.150535828266202,0.04367252326401753
16.619074814391784,6.057043034232537,12.755736217959482,-2.193704437800248
12.849800114220443,2.23065811133134,8.059260254644407,2.5598817482447016
12.05025699600228,3.001646118184566,8.316256256928815,0.7323546208889041
16.561964591661912,4.830852957973595,12.050256996002275,-0.3191453623139708
8.852084523129637,1.2093929519266307,6.759162831323276,0.883528739879733
17.647058823529417,5.044176436993986,11.269190714549667,1.333691671985757
14.90576813249572,4.735109349279404,10.758558134847316,-0.5878993516310005
15.24842946887493,4.494910471327309,11.51274901736822,-0.7592300198206063
11.59337521416333,2.534686061746229,9.720495851110288,-0.661806698693183
10.108509423186746,3.817986360735042,7.617495884704539,-1.3269728222528308
23.300970873786408,8.36664762992576,15.754022911277595,-0.8196996674169377
12.05025699600228,3.0839520274129066,9.403030201229546,-0.43672523264017227
13.934894346087955,4.234555044176437,10.533476668794302,-0.8331373668827892
21.75899486007995,7.688043806900264,14.165014949440657,-0.09406389626095908
21.016561964591663,7.558705949541439,14.33130648033057,-0.873450465280343
26.613363792118793,9.955655591762694,13.829072462794365,2.82863573756173
20.27412906910337,6.446736318742231,12.315651560452853,1.511741189908289
25.071387778412337,9.480296973158195,15.796015722108374,-0.2049249168542342
12.050256996002283,2.9445358954546985,8.877280209628111,0.2284408909194751
10.279840091376352,2.008936070144791,7.142137266100044,1.1287667551315212
10.279840091376352,2.3549568313904667,8.993180367521079,-1.0682971075351904
22.729868646487727,8.690832129539423,12.6818288708973,1.3572076460509968
17.58994860079955,4.783821009843115,12.749017368226557,0.057110222729868876
7.995431182181607,1.133805892431216,6.283804212718781,0.5778210770316122
13.934894346087955,4.024590990022509,8.428796989955325,1.4815063661101233
12.621359223300976,3.335908892397622,7.850975912923708,1.4344744179796423
11.022272986864648,2.380152517888938,8.645479893842174,-0.0033594248664626973
15.81953169617361,4.313501528538314,11.028991836597573,0.4770383310377266
14.620217018846377,4.956831390465954,11.178486243155168,-1.5151006147747499
11.536264991433464,2.821916887828803,7.904726710787114,0.8096213928175497
13.649343232438605,3.62817885577989,9.137635636778983,0.8835287398797328
12.678469446030839,2.558202035811469,9.303927167668897,0.8163402425504757
21.18789263278127,7.899687573487417,14.151577249974798,-0.8633721906809547
20.55968018275272,6.9892834346759845,13.46289515234992,0.10750159572681194
27.127355796687603,10.431014210367191,16.891188228575263,-0.19484664225484513
27.127355796687603,10.111868848053215,15.52390230792488,1.4915846407095106
7.652769845802396,1.0380622837370244,6.5240030906708775,0.09070447139449757
11.82181610508281,3.354385729163168,8.99150065508785,-0.5240702791682061
20.38834951456311,6.099035845063322,12.361003796150095,1.9283098733496833
20.788121073672187,5.884032653609703,12.361003796150097,2.5430846239123883
19.41747572815534,6.510565391205028,13.615748983773972,-0.708838646823663
11.878926327812682,2.040850606376189,7.476400040313097,2.3616756811233923
9.93717875499714,2.4171061914200282,7.661168407968557,-0.14109584439143988
14.848657909765846,3.146101387442472,11.134813719891156,0.5677428024322237
17.4757281553398,5.485940806933854,11.640407162293824,0.3493801861121381
31.353512278697902,12.81452615312258,17.339671448248055,1.1993146773272418
10.45117075956596,2.564920885544395,8.54805657271475,-0.6618066986931839
8.052541404911475,1.293378573588202,6.732287432391575,0.026875398931703195
16.561964591661905,4.605771491920583,12.218228239325432,-0.26203513958410307
22.501427755568262,7.328585346188729,14.736117176739347,0.43672523264017254
6.2250142775556805,-0.10750159572681142,5.156717170020493,1.175798703262002
16.219303255282693,4.721671649813553,11.188564517754559,0.3090670877145832
14.334665905197035,4.116975173850237,10.284879228676052,-0.0671884973292568
11.479154768703594,2.144992777236537,8.175160412537371,1.159001578929688
21.930325528269563,7.180770652064368,12.149360029562937,2.6001948466422555
11.364934323243855,2.3952699297880202,8.583330533812612,0.3863338596432297
14.334665905197037,4.012833002989888,9.93549904256391,0.3863338596432294
21.01656196459167,7.9366412470185095,13.745086841132796,-0.6651661235596462
24.043403769274697,9.819598884670947,14.082709040212313,0.1410958443914406
9.366076527698453,2.10132025397252,6.925454362213188,0.33930191151274935
10.279840091376352,1.961904122014311,8.794974300399772,-0.4770383310377261
13.021130782410049,3.0688346155138237,9.515570934256058,0.43672523264017254
20.84523129640206,7.184130076930829,14.85033762219908,-1.1892364027278528
11.99314677327242,3.18137534854033,8.88567877179427,-0.07390734706218262
11.650485436893208,1.7821748916585487,8.46743037591964,1.4008801693150135
16.390633923472304,5.49433936910001,9.948936742029765,0.9473578123425275
21.359223300970875,8.798333725266234,14.495918298787243,-1.9350287230826075
13.76356367789834,3.8129472234353483,8.936070144791216,1.0145463096717846
11.650485436893202,3.6432962676789744,8.773138038767764,-0.7659488695535321
18.16105082809823,6.09063728289717,12.14432089226324,-0.07390734706218273
19.246145059965745,6.428259481976688,13.422582053952368,-0.6046964759633153
11.59337521416333,2.9109416467900693,8.54469714784829,0.13773641952497742
17.24728726442033,5.427150871770751,11.218799341552728,0.6013370510968524
25.985151342090237,10.232808143245878,15.86656364430409,-0.11422044545973685
15.591090805254142,5.074411260792154,11.621930325528268,-1.1052507810662804
13.306681896059397,3.4652467497564423,8.978062955621999,0.8633721906809558
20.616790405482583,6.172943192125511,14.850337622199076,-0.4064904088420062
20.0456881781839,6.534081365270264,11.479154768703596,2.0324520442100327
16.390633923472304,5.254140491147915,11.808378405616958,-0.6718849732925724
20.102798400913766,6.36443040951389,12.881714650451842,0.8566533409480307
12.27869788692176,2.6606644942385858,9.75576981220815,-0.13773641952497673
17.07595659623073,6.4383377565760735,12.041858433836122,-1.4042395941814765
16.105082809822964,4.824134108240668,12.077132394933988,-0.7961836933516976
14.791547687035983,4.041388114354823,9.974132428528236,0.7760271441529211
13.192461450599657,4.0010750159572686,10.058118050189808,-0.8667316155474181
8.794974300399769,1.7284240937951425,6.606308999899217,0.46024120670541235
16.04797258709309,3.996035878657574,10.913091678704607,1.1388450297309105
11.93603655054254,2.2121812745657943,10.086673161554744,-0.3628178855779887
10.279840091376352,1.6965095575637452,8.74122350253637,-0.15789296872375422
21.016561964591677,8.44223468942117,15.399603587865755,-2.825276312695266
11.993146773272418,2.924379346255921,8.890717909093963,0.1780495179225325
20.731010850942326,6.866664427050088,12.94722343534787,0.9171229885443616
12.450028555111365,3.4652467497564405,9.82127859710418,-0.8364967917492522
12.450028555111366,2.487654113615748,9.539086908321291,0.4232875331743205
9.594517418617926,1.1757987032620016,8.233950347700471,0.18476836765545787
16.047972587093096,4.370611751268184,11.002116437665867,0.6752443981590356
12.221587664191892,3.21832902207142,7.881210736721873,1.122047905398596
17.98972015990862,6.3089998992172545,12.685188295763767,-1.0044680350723958
9.651627641347794,1.6813921456646623,8.773138038767765,-0.8029025430846239
17.475728155339816,5.512816205865556,11.7411899082877,0.2217220411865495
33.923472301541985,13.155507777068568,19.494742500083987,1.2732220243894248
13.363792118789263,2.5733194477105523,7.934961534585276,2.855511136493433
24.957167332952608,10.155541371317224,15.597809654987058,-0.7961836933516978
22.33009708737865,9.114119662713744,15.00319145362314,-1.7872140289582412
22.558537978298116,9.077165989182651,15.164443847213354,-1.6830718580978934
18.50371216447744,7.01783854604092,12.755736217959482,-1.2698625995229609
8.852084523129635,0.5593442402660666,7.432727517049081,0.8600127658144928
8.509423186750423,2.1903450129337854,6.772600530789128,-0.453522356972486
20.445459737292982,6.676856922094936,13.520005375079784,0.248597440118252
8.737864077669899,1.263143749790036,7.427688379749386,0.0470319481304805
10.222729868646482,1.1186884805321329,6.194779453757517,2.9092619343568407
18.161050828098233,5.773171633016428,13.100077266771923,-0.7121980716901265
5.825242718446602,0.14613498169113437,5.161756307320188,0.5173514294352806
18.675042832667053,6.39802465817852,11.742869620720933,0.534148553767596
18.161050828098226,5.993213961769745,13.259649947928912,-1.0918130816004294
9.765848086807534,1.0783753821345787,7.165653240165285,1.521819464507676
15.81953169617362,4.602412067054121,12.486982228642454,-1.2698625995229615
25.585379782981175,8.564853697047067,13.261329660362144,3.7591964255719432
17.075956596230732,6.641582960997079,13.148788927335637,-2.714415292101992
23.92918332381497,8.761380051735143,16.380555648872903,-1.2127523767930923
16.504854368932037,6.176302616991975,11.144891994490544,-0.8163402425504749
13.478012564249,3.6164208687472708,9.760808949507844,0.10078274599388644
13.992004568817821,3.5072395605872275,10.37390398763732,0.11086102059327489
7.5956596230725255,0.1058218832935801,6.233412839721838,1.2564249000571108
7.766990291262132,1.6158833607686363,5.983135687170356,0.16797124332314345
24.32895488292405,8.744582927402826,14.408573252259213,1.1757987032620019
13.135351227869789,3.628178855779891,8.341451943427286,1.1657204286626133
18.732153055396918,6.142708368327343,12.572647562737265,0.016797124332315398
20.217018846373502,7.6712466825679435,14.376658716027814,-1.8308865522222588
11.193603655054252,2.9277387711223835,8.175160412537373,0.09070447139449718
9.822958309537402,1.7956125911243994,6.626465549097993,1.400880169315013
11.764705882352944,1.8879967749521287,9.61803339268317,0.25867571471764034
15.591090805254144,4.797258709308966,11.805018980750495,-1.0111868848053214
14.334665905197033,4.412604562098969,9.670104478113347,0.2519568649847146
12.392918332381496,3.634897705512816,9.10740081298082,-0.3493801861121372
14.848657909765853,4.164007121980718,11.259112439950284,-0.5744616521651488
15.876641918903488,4.034669264621895,11.196963079920716,0.6450095743608698
16.047972587093096,4.9316357039674825,11.163368831256085,-0.04703194813048032
13.763563677898343,3.201531897739107,9.490375247757585,1.0716565324016532
11.821816105082814,2.9546141700540867,10.651056539120503,-1.78385460409178
14.734437464306119,4.468035072395607,10.938287365203085,-0.6718849732925715
10.565391205025696,2.497732388215138,8.185238687136764,-0.11757987032620035
18.10394060536836,5.212147680317129,12.478583666476297,0.41320925857493196
10.051399200456878,1.5621325629052307,7.66284812040179,0.8264185171498645
13.36379211878926,4.34541606476971,9.018376054019551,-2.0695419488158259e-16
20.959451741861805,8.932710719924744,14.553028521517115,-2.526287499580071
11.87892632781268,3.1041085766116843,8.502704337017505,0.2721134141834923
19.017704169046265,7.244599724527162,11.941075687842243,-0.1679712433231424
14.79154768703598,4.691436826015386,10.929888803036919,-0.8297779420163267
17.64705882352941,5.717741122719793,13.941613195820873,-2.0122954950112537
20.331239291833246,6.843148452984851,12.35260523398395,1.1354856048644475
18.560822387207306,5.546410454530182,12.036819296536434,0.9775926361406935
11.993146773272409,2.4120670541203344,8.516142036483355,1.0649376826687276
9.53740719588806,3.011724392783956,6.972486310343669,-0.4468035072395602
8.737864077669899,1.320253972519905,7.2899519602244105,0.1276581449255894
18.90348372358653,7.032955957939999,13.06984244297376,-1.1993146773272418
21.64477441462022,8.964625256156147,13.268048510095069,-0.5878993516309992
13.820673900628211,2.4809352638828224,10.473007021197972,0.8667316155474185
12.906910336950315,3.4484496254241277,10.03292236369134,-0.5744616521651492
17.475728155339812,5.3717203614741145,12.628078073033903,-0.524070279168206
10.793832095945172,3.681929653643297,7.830819363724932,-0.7189169214230525
17.361507709880065,5.454026270702457,11.769745019652635,0.13773641952497773
15.47687035979441,4.743507911445563,11.072664359861589,-0.33930191151274897
12.507138777841234,3.2284072966708104,9.691940739745354,-0.4132092585749319
11.650485436893202,3.6668122417442137,9.135955924345753,-1.1522827291967608
10.39406053683609,2.6421876574730416,8.185238687136764,-0.4333658077737095
18.90348372358653,6.004971948802366,13.227735411697514,-0.3292236369133602
23.81496287835522,7.701481506366108,15.898478180535493,0.2150031914536238
14.90576813249572,4.0447475392212855,11.66392313635905,-0.8029025430846237
9.822958309537402,2.024053482043874,6.179662041858433,1.6192427856350993
21.701884637350084,7.679645244734105,13.609030134041049,0.4132092585749322
16.105082809822964,5.475862532334464,12.896832062350924,-2.2676117848624306
19.246145059965734,6.754123694023583,13.01945106997682,-0.5274297040346686
14.620217018846375,3.999395303524037,10.550273793126623,0.07054792219572041
11.079383209594514,2.90086337219068,8.376725904525143,-0.19820606712130873
13.59223300970874,2.7194544294016865,8.847045385829945,2.025733194477106
22.729868646487724,9.253535794671954,15.609567642019682,-2.133234790203917
17.932609937178757,6.288843350018479,13.165586051667953,-1.5218194645076764
16.733295259851516,5.222225954916518,10.805590082977794,0.7054792219572021
19.760137064534554,6.431618906843147,12.969059696979876,0.3594584607115269
9.594517418617926,2.0929216918063633,7.867773037256021,-0.3661773104444519
17.875499714448893,6.018409648268217,11.443880807605732,0.41320925857493274
12.392918332381496,4.049786676520982,9.035173178351865,-0.6920415224913493
18.732153055396914,6.547519064736116,13.6862969059697,-1.5016629153088983
10.336950314106222,1.8460039641213424,8.336412806127592,0.1545335438572921
19.81724728726443,7.683004669600567,12.55081130110525,-0.41656868344139447
17.875499714448885,5.77317163301643,12.78765075419088,-0.6853226727584235
22.958309537407203,7.684684382033794,15.209796082910612,0.06382907246279539
15.648201027984006,4.165686834413949,11.028991836597573,0.4535223569724863
22.558537978298116,11.489233043302987,10.884536567339667,0.18476836765545784
22.729868646487727,7.985352907582223,12.92370746128263,1.8208082776228705
14.16333523700743,3.366143716195788,9.460140423959418,1.3370510968522187
18.103940605368365,5.205428830584203,11.443880807605735,1.4546309671784206
17.64705882352941,5.532972755064331,12.65831289683206,-0.5442268283669834
7.88121073672187,1.9988577955454032,6.117512681828871,-0.23515974065240006
19.531696173615078,6.204857728356906,13.397386367453889,-0.07054792219571941
9.880068532267272,2.0895622669399,7.981993482715761,-0.1914872173883825
19.988577955454026,8.433836127255013,12.71710283199516,-1.1623610037961485
12.73557966876071,3.868377733731988,8.813451137165318,0.05375079786340616
12.564249000571106,1.8812779252192025,10.632579702354958,0.05039137299694315
27.984009137635635,11.588336076863637,17.37326569691268,-0.9775926361406915
26.61336379211881,9.8279974468371,15.841367957805621,0.943998387476064
16.847515705311253,4.454597372929755,10.420935935767796,1.9719823966136998
21.13078241005141,6.421540632243761,12.942184298048169,1.7670574797594656
13.649343232438607,3.125944838243693,10.261363254610812,0.26203513958410335
12.906910336950315,3.5341149595189307,9.325763429300906,0.04703194813048047
14.56310679611651,5.467463970168306,10.886216279772901,-1.7905734538247045
13.249571673329527,3.9506836429603256,11.082742634460981,-1.783854604091779
14.163335237007429,3.1528202371753955,9.740652400309065,1.2698625995229615
17.875499714448882,5.368360936607652,10.98867873820002,1.5184600396412147
16.447744146202172,4.980347364531193,11.249034165350889,0.21836261632008688
25.471159337521424,8.999899217254004,15.6851547015151,0.7861054187523097
16.84751570531126,4.714952800080625,11.202002217220413,0.9305606880102132
20.84523129640206,6.419860919810527,15.053582826620078,-0.628212450028555
16.219303255282696,5.92602546444049,12.305573285853463,-2.0122954950112537
25.985151342090234,10.116907985352908,13.845869587126684,2.0223737696106423
11.650485436893199,3.1931333355729494,8.27594315853126,0.18140894278899494
15.41976013706454,4.636006315718749,10.938287365203076,-0.15453354385729126
14.334665905197037,3.458527900023515,10.731682735915612,0.1444552692579032
16.904625928041124,4.746867336312025,11.559780965498712,0.5979776262303894
25.41404911479156,9.258574931971646,14.579903920448817,1.5755702623710832
12.450028555111365,3.127624550676926,9.067087714583264,0.2553162898511775
18.78926327812679,5.512816205865556,12.060335270601675,1.216111801659557
16.904625928041124,5.171834581919575,13.012732220243896,-1.27994087412235
14.334665905197028,3.0923505895790644,9.992609265293783,1.249706050324185
14.277555682467165,4.741828199012327,10.819027782443648,-1.2833002989888131
10.850942318675036,3.188094198273255,8.764739476601605,-1.1018913561998187
29.183323814962876,10.357106863305,17.784795243054383,1.0414217086034878
13.992004568817823,3.648335404978668,10.00100782745994,0.3426613363792123
19.531696173615085,4.950112540733027,12.290455873954373,2.291127758927673
15.591090805254149,5.576645278328352,11.438841670306047,-1.4243961433802528
11.936036550542548,3.893573420230456,8.576611684079687,-0.5341485537675944
20.788121073672187,7.637652433903314,12.515537340007393,0.6349312997614811
16.676185037121645,4.053146101387443,11.883965465112372,0.7390734706218295
9.99428897772701,2.502771525514832,6.967447173043975,0.5240702791682064
9.594517418617928,2.924379346255921,6.72724829509188,-0.057110222729868654
14.106225014277559,3.784392112070414,10.610743440722946,-0.28891053851580556
23.129640205596807,8.581650821379379,10.405818523868712,4.142170860348709
18.332381496287837,5.67070917458931,12.705344844962545,-0.04367252326401712
12.450028555111368,3.7827123996371816,9.27537205630396,-0.6080559008297779
21.47344374643062,7.835858501024626,15.209796082910605,-1.5722108375046189
13.706453455168484,4.224476769577049,10.446131622266268,-0.9641549366748405
10.165619645916614,2.734571841300769,8.06261967951087,-0.6315718748950173
7.652769845802395,0.7172372089898209,6.70037289616018,0.2351597406524005
22.044545973729303,8.984781805354922,13.546880774011488,-0.4871166056371137
25.242718446601955,9.562602882386537,14.24564114623576,1.434474417979642
13.249571673329525,2.7110558672355296,8.422078140222396,2.116437665871603
18.218161050828098,6.164544629959351,11.149931131790238,0.90368528907851
22.901199314677335,8.03910370544563,15.48022978466087,-0.6181341754291662
14.505996573386634,4.0716229381529905,11.28430812644875,-0.8499344912151031
8.966304968589373,1.568851412638156,7.74683374206336,-0.34938018611213756
9.708737864077664,2.558202035811469,7.583901636039905,-0.43336580777370903
8.280982295830949,1.3555279336177648,6.740685994557729,0.1847683676554573
7.481439177612791,1.2648234622232677,5.608559814559748,0.6080559008297776
12.164477441462022,2.8655894110928215,8.160043000638291,1.1388450297309103
20.95945174186181,6.401384083044983,12.80780730338966,1.7502603554271514
9.251856082238717,1.7334632310948361,6.258608526220313,1.2597843249235734
14.90576813249572,3.436691638391505,9.372795377431387,2.0962811166728255
10.108509423186744,2.6069136963751802,9.117479087580207,-1.6158833607686367
18.50371216447744,6.507205966338566,12.396277757247956,-0.3997715591090796
20.102798400913773,7.892968723754494,11.729431921255081,0.48039775590418987
14.220445459737297,3.562670070883866,11.306144388080758,-0.6483689992273317
13.76356367789834,4.0665838008532935,9.535727483454833,0.16125239359021779
6.510565391205024,-0.0487116605637116,5.544730742096952,1.0145463096717844
20.388349514563117,6.104074982363017,12.829643565021664,1.4546309671784203
18.27527127355797,5.746296234084726,11.85709006618067,0.6718849732925731
28.212450028555125,11.1583296939564,15.730506937212338,1.3236133973863693
11.936036550542546,3.221688446937885,8.45231296402056,0.262035139584103
13.64934323243861,3.5643497833170956,9.618033392683172,0.4669600564383383
22.672758423757866,8.375046192091915,13.736688278966637,0.5610239526992985
6.4534551684751555,0.2569960022844088,5.887392078476168,0.3090670877145837
15.362649914334662,5.36332179930796,10.247925555144958,-0.24859744011825133
23.072529982866946,7.649410420935934,15.120771323949336,0.3023482379816582
20.217018846373502,7.039674807672926,12.592804111936038,0.5845399267645381
22.786978869217588,7.303389659690263,13.820673900628206,1.6629153088991167
21.873215305539695,7.195888063963448,13.249571673329521,1.4277555682467176
21.473443746430608,7.689723519333489,12.611280948701582,1.172439278395539
10.394060536836088,1.5688514126381565,8.529579735949202,0.29562938824873203
19.246145059965738,5.4053146101387455,13.199180300332584,0.6416501494944068
20.274129069103378,7.67628581986764,14.022239392615983,-1.4243961433802528
27.984009137635645,10.604024590990017,17.232169852521245,0.14781469412436632
9.99428897772701,1.832566264655491,7.462962340847247,0.6987603722242756
15.591090805254145,4.803977559041891,10.921490240870764,-0.13437699465851452
13.135351227869782,4.080021500319145,9.371115664998154,-0.31578593744750855
10.165619645916614,1.6998689824302085,8.331373668827897,0.13437699465851488
11.82181610508281,2.721134141834918,8.976383243188765,0.12429872005912636
8.852084523129639,1.0095071723720899,6.166224342392584,1.6763530083649685
19.93146773272416,6.628145261531227,12.745657943360092,0.5576645278328352
9.480296973158191,1.5419760137064535,7.8140222393926155,0.12429872005912636
22.215876641918914,7.641011858769777,14.655490979944226,-0.0806261967951083
14.563106796116502,3.7004064904088407,9.932139617697452,0.9305606880102131
13.877784123358085,2.8219168878288023,11.099539758793295,-0.04367252326401669
10.622501427755566,1.6024456613027858,7.054792219572009,1.9652635468807742
19.874357509994294,6.164544629959351,12.812846440689352,0.8969664393455843
22.901199314677335,9.194745859508856,15.00319145362313,-1.2967379984546643
7.5956596230725255,1.0229448718379415,7.056471932005239,-0.48375718077065166
17.304397487150204,5.398595760405819,9.429905600161248,2.4758961265831303
10.051399200456878,2.848792286760506,8.092854503309033,-0.8902475896126583
30.95374071958882,11.704236234756609,20.139752074444846,-0.8902475896126577
14.905768132495716,4.236234756609669,10.881177142473213,-0.21164376658715953
15.191319246145062,4.874525481237613,10.498202707696445,-0.18140894278899386
5.311250713877784,0.07222763462895153,5.235663654382369,0.003359424866462872
15.191319246145062,3.8851748580642997,11.581617227130712,-0.2754728390499543
17.93260993717876,5.769812208149962,12.562569288137873,-0.3997715591090806
10.336950314106222,1.7284240937951427,7.815701951825846,0.7928242684852352
21.1307824100514,7.79386569019384,10.323512614640373,3.0134041052171865
11.878926327812675,2.2844089091947453,8.536298585682133,1.0582188329358015
27.6984580239863,10.916451103571063,15.182920683978901,1.599086236436323
16.33352370074244,4.541942419457787,11.143212282057313,0.6483689992273323
16.27641347801256,4.627607753552593,11.22215876641919,0.42664695804078373
15.4768703597944,4.929955991534248,12.458427117277521,-1.9115127490173678
13.021130782410047,3.2200087345046513,10.73840158564854,-0.9372795377431378
27.241576242147353,9.228340108173485,16.303288876944258,1.7099472570295968
11.19360365505425,2.9932475560184093,8.280982295830952,-0.0806261967951085
18.503712164477445,5.78492962004905,10.629220277488495,2.089562266939901
6.853226727584235,0.7306749084556726,5.336446400376256,0.7861054187523099
15.876641918903491,3.913729969429234,12.08385124466691,-0.1209392951926627
13.306681896059397,3.624819430913428,9.372795377431386,0.3090670877145834
5.768132495716731,0.06718849732925733,5.311250713877784,0.38969328450969215
16.790405482581384,5.615278664292674,11.514428729801454,-0.3393019115127488
12.107367218732152,2.3297611448919957,9.008297779420165,0.7693082944199954
17.4757281553398,4.326939228004166,11.959552524607787,1.1892364027278537
12.22158766419189,2.249134948096886,8.091174790875804,1.8812779252192022
14.905768132495721,5.983135687170357,11.243995028051193,-2.321362582725838
10.67961165048543,1.9451069976819964,8.069338529243796,0.6651661235596468
23.52941176470588,9.298888030369197,14.848657909765844,-0.6181341754291667
19.874357509994294,7.417610105149993,10.58554775422448,1.8711996506198143
18.732153055396918,7.394094131084758,13.316760170658782,-1.978701246346625
14.334665905197033,4.851009507172374,11.260792152383512,-1.7771357543588535
8.22387207310108,1.110289918365976,6.015050223401754,1.0985319313333555
10.965162764134773,2.3112843081264494,8.166761850371214,0.4871166056371157
21.98743575099943,7.90976584808681,14.537911109618026,-0.4602412067054121
19.303255282695613,6.436658044142843,12.984177108878958,-0.11757987032619888
14.220445459737293,3.455168475157053,10.939967077636307,-0.17469009305606883
22.61564820102799,8.354889642893136,15.127490173682263,-0.866731615547417
16.84751570531126,5.462424832868615,11.643766587160277,-0.2586757147176397
18.789263278126786,6.181341754291666,13.78707965196358,-1.1791581281284647
21.016561964591673,8.875600497194881,14.230523734336677,-2.089562266939899
23.64363221016563,8.810091712298856,15.44159639869654,-0.6080559008297776
14.848657909765851,3.982598179191721,10.039641213424263,0.8264185171498645
17.647058823529417,5.49265965666678,11.999865623005343,0.15453354385729187
24.386065105653913,7.471360903013401,13.750125978432488,3.164578224208015
21.873215305539695,9.152753048678065,14.732757751872883,-2.012295495011253
15.648201027984006,4.486511909161152,11.027312124164345,0.13437699465851521
18.27527127355797,7.167332952598514,12.569288137870796,-1.4613498169113441
24.271844660194184,8.427117277522086,14.410252964692438,1.434474417979643
12.335808109651628,3.4366916383915083,9.325763429300904,-0.426646958040783
9.708737864077664,1.1707595659623071,7.399133268384453,1.1388450297309107
24.043403769274708,9.628111667282562,15.097255349884096,-0.6819632478919605
12.849800114220445,4.358853764235562,9.371115664998156,-0.880169315013269
12.450028555111368,3.2082507474720323,8.89911647126012,0.3426613363792122
14.677327241576243,4.671280276816608,9.821278597104175,0.1847683676554577
8.909194745859505,1.6729935834985055,6.453455168475157,0.7827459938858469
24.671616219303257,9.45174186179326,15.166123559646586,0.05375079786340632
21.75899486007995,6.935532636812577,12.283737024221448,2.5397251990459244
25.242718446601955,9.61131454295025,14.98975375415728,0.6416501494944076
22.844089091947477,9.396311351496623,15.419760137064534,-1.9719823966136991
8.395202741290687,1.874559075486277,5.338126112809488,1.1825175529949281
6.1107938320959425,0.23012060335270615,6.068801021265162,-0.1881277925219201
17.70416904625928,5.5010582188329336,13.268048510095067,-1.064937682668727
23.300970873786426,9.21490240870763,14.680686666442702,-0.5946182013639262
10.279840091376354,1.548694863439379,7.605737897671921,1.1254073302650587
20.73101085094231,7.486478314912486,13.16054691436826,0.08398562166157222
12.221587664191892,2.9848489938522533,8.685792992239728,0.5509456780999098
9.53740719588806,1.602445661302785,7.803943964793226,0.131017569792052
12.50713877784123,3.3392683172640827,9.25857493197165,-0.09070447139449717
16.790405482581384,5.3230087009104015,12.478583666476297,-1.0111868848053212
20.21701884637351,6.893539825981789,12.231665938791275,1.0918130816004308
24.38606510565392,9.018376054019551,13.664460644337689,1.703228407296671
9.08052541404911,1.7082675445963658,6.2804447878523195,1.0918130816004294
8.509423186750425,1.0867739443007356,7.153895253132664,0.2687539893170293
23.072529982866932,8.198676386602612,14.29939194409918,0.5744616521651501
16.961736150770992,5.422111734471058,12.157758591729099,-0.6181341754291664
14.791547687035983,3.5811469076494102,9.181308160043,2.0290926193435683
23.872073101085096,9.302247455235667,14.55638794638358,0.013437699465852045
8.623643632210161,1.3588873584842278,7.174051802331438,0.09070447139449746
8.052541404911475,0.9607955118083786,5.391876910672893,1.6998689824302087
14.334665905197035,3.996035878657574,9.767527799240773,0.5711022272986869
9.594517418617928,1.568851412638157,8.472469513219336,-0.44680350723956036
20.731010850942315,6.579433600967514,9.099002250814664,5.052574999160142
20.845231296402055,6.777639668088827,12.28037759935499,1.787214028958243
5.711022272986862,0.47031948130480056,5.395236335539353,-0.15453354385729132
9.42318675042832,1.600765948869553,8.10125306547519,-0.27883226391641736
19.01770416904626,6.130950381294723,12.621359223300963,0.2653945644505663
17.81838949171902,4.9685893774985725,11.855410353747445,0.9943897604730078
13.877784123358087,3.1612187993415524,9.046931165384489,1.669634158632042
12.735579668760712,2.151711626969463,9.132596499479288,1.4512715423119564
16.676185037121645,4.54194241945779,11.999865623005345,0.1343769946585147
10.965162764134776,2.2608929351295077,8.902475896126582,-0.19820606712130867
12.22158766419189,2.8067994759297203,8.504384049450737,0.910404138811436
23.18675042832668,8.307857694762658,15.550777706856582,-0.6718849732925709
7.88121073672187,1.3353713844189876,5.517855343165251,1.0279840091376355
20.331239291833242,6.9758457352101315,13.029529344576206,0.32586421204689875
10.565391205025692,2.8706285483925145,7.382336144052137,0.31242651258104587
9.93717875499714,2.195384150233479,7.308428796989955,0.43336580777370903
7.652769845802395,0.8751301777135758,6.851547015151006,-0.0739073470621828
17.64705882352941,5.197030268418048,11.072664359861593,1.3773641952497735
30.95374071958881,11.29270668861491,16.818960593946308,2.8420734370275835
19.58880639634495,5.993213961769745,12.228306513924815,1.3672859206503845
10.850942318675036,1.8460039641213426,8.43383612725501,0.5711022272986872
14.106225014277559,4.22447676957705,10.493163570396746,-0.6114153256962402
17.76127926898915,5.90250949037525,12.433231430779049,-0.5744616521651487
17.30439748715021,4.6544831524842945,12.334128397218393,0.3157859374475094
15.81953169617361,4.014512715423119,10.548594080693384,1.2564249000571115
14.277555682467163,4.017872140289582,10.80391037054456,-0.5442268283669832
13.820673900628211,2.8739879732589793,9.193066147075623,1.7536197802936146
6.796116504854368,1.083414519434273,4.607451204353814,1.1052507810662817
13.535122786978873,3.020122954950112,8.976383243188764,1.5386165888399908
14.791547687035976,4.778781872543422,10.892935129505828,-0.8801693150132696
21.187892632781274,7.788826552894144,15.04182483958746,-1.6427587597003392
13.934894346087948,3.498840998421071,10.170658783216316,0.26539456445056675
7.766990291262133,0.8196996674169384,7.377297006752443,-0.43000638290724613
10.279840091376354,2.4154264789867974,8.05254140491148,-0.18812779252191963
14.791547687035981,3.7776732623374873,12.10568750629892,-1.09181308160043
21.70188463735009,7.123660429334497,12.791010179057348,1.7872140289582423
10.908052541404912,1.7821748916585476,8.632042194376321,0.4938354553700412
11.250713877784118,2.4053482043874084,8.223872073101084,0.6214936002956295
8.909194745859505,0.9154432761111297,6.717170020492491,1.2765814492558873
25.64249000571104,9.952296166896227,15.851446232405014,-0.16125239359021723
3.5408338092518563,-0.4636006315718749,3.537474384385393,0.4669600564383378
26.89891490576814,9.984210703127625,16.18570900661807,0.728995196022442
13.192461450599657,3.8465414720999767,10.16561964591662,-0.8196996674169383
12.849800114220445,1.8661605133201196,9.962374441495616,1.0212651594047102
19.817247287264426,6.455134880908392,12.549131588672022,0.8129808176840125
16.733295259851523,5.6774280243222375,12.597843249235735,-1.5419760137064535
20.673900628212465,7.137098128800348,14.33298619276379,-0.796183693351697
25.014277555682476,9.749050962475222,16.037894312493698,-0.7726677192864582
18.2181610508281,6.660059797762621,12.834682702321365,-1.276581449255887
15.648201027984012,4.172405684146874,10.09843114858736,1.3773641952497744
12.507138777841234,3.3997379648604165,9.342560553633215,-0.2351597406524001
11.364934323243858,3.912050256996003,7.641011858769777,-0.18812779252192044
9.02341519131924,1.0229448718379415,6.314039036516947,1.6864312829643566
21.24500285551114,7.3067490845567225,14.183491786206199,-0.2452380152517882
15.248429468874932,5.267578190613768,11.969630799207174,-1.9887795209460137
20.445459737292982,7.790506265327375,13.928175496355024,-1.2732220243894241
16.2193032552827,4.993785063997044,12.57264756273726,-1.3471293714516082
25.8709308966305,9.436624449894177,14.146538112675104,2.2877683340612105
20.27412906910338,6.861625289750395,13.355393556623104,0.05711022272986948
13.478012564249005,3.5996237444149557,8.581650821379377,1.2967379984546652
13.992004568817814,2.9210199213894574,9.055329727550644,2.015654919877717
12.164477441462022,2.7816037894312493,7.871132462122484,1.5117411899082878
25.75671045117076,9.036852890785099,15.3592904894682,1.3605670709174604
11.536264991433466,2.825276312695266,9.554204320220377,-0.8432156414821785
12.335808109651628,3.6802499412100653,9.542446333187762,-0.8868881647461954
21.187892632781278,7.358820169986897,13.792118789263277,0.03695367353109205
13.649343232438602,3.8247052104679686,9.337521416333523,0.48711660563711545
22.84408909194746,9.065408002150031,14.93768266872711,-1.1590015789296868
13.877784123358087,4.100178049517923,11.208721066953334,-1.4311149931131786
14.334665905197035,3.799509523969497,9.853193133335571,0.6819632478919613
7.88121073672187,1.1623610037961498,6.087277858030705,0.631571874895018
12.27869788692176,2.282729196761515,8.67571471764034,1.3202539725199052
12.16447744146202,2.815198038095879,9.315685154701516,0.03359424866462929
12.849800114220445,2.150031914536231,9.644908791614876,1.0548594080693394
7.709880068532264,0.7457923203547555,6.036886485033761,0.9272012631437495
12.621359223300967,4.35717405180233,9.89686565659959,-1.6326804851009504
9.765848086807535,2.1584304767023883,7.718278630698424,-0.11086102059327385
9.53740719588806,1.8594416635871938,7.819061376692312,-0.14109584439143974
19.531696173615078,5.791648469781972,11.721033359088926,2.0190143447441806
15.41976013706454,4.74350791144556,11.102899183659755,-0.4266469580407826
13.535122786978873,4.2059999328115,11.045788960929888,-1.7166661067625217
8.737864077669899,2.1752276010347034,6.431618906843149,0.13101756979205123
12.73557966876071,3.6315382806463545,8.539658010548592,0.5643833775657607
12.5642490005711,3.21664930963819,9.266973494137806,0.08062619679510905
9.023415191319243,0.5610239526992978,7.397453555951221,1.0649376826687276
14.848657909765846,4.120334598716698,9.67346390297981,1.0548594080693394
17.01884637350086,4.583935230288576,11.72271307152215,0.7121980716901269
11.53626499143346,2.368394530856318,8.79161487553331,0.3762555850438408
15.3055396916048,4.197601370645344,9.458460711526183,1.6494776094332655
15.134209023415197,4.142170860348708,10.004367252326402,0.9876709107400815
24.4431753283838,8.8873584842275,14.759633150804586,0.7961836933516988
13.30668189605939,3.799509523969497,10.142103671851377,-0.6349312997614804
6.510565391205023,0.045352235697248555,5.195350555984815,1.2698625995229624
9.99428897772701,2.287768334061209,7.2630765612927055,0.4434440823730975
21.530553969160486,7.585581348473141,13.340276144724028,0.6046964759633158
19.417475728155352,7.152215540699432,14.196929485672051,-1.931669298216146
9.308966304968589,2.6690630564047435,7.214364900728996,-0.5744616521651492
31.296402055968016,11.865488628346826,17.97628246044277,1.4546309671784188
20.0456881781839,6.332515873282494,12.785971041757648,0.9272012631437501
8.452312964020555,2.351597406524003,7.441126079215238,-1.3404105217186815
16.162193032552835,5.089528672691235,11.109618033392682,-0.03695367353109099
16.733295259851516,5.744616521651495,12.30893271071992,-1.3202539725199032
10.565391205025692,3.4803641616555248,7.70316121879934,-0.6181341754291664
12.621359223300972,3.3107132058991513,10.382302549803473,-1.0716565324016523
14.334665905197033,4.333658077737092,10.064836899922735,-0.06382907246279408
9.366076527698453,1.5839688245372376,6.14942721806027,1.6326804851009509
12.450028555111368,2.759767527799241,9.518930359122518,0.17133066818960638
17.87549971444889,5.986495112036819,12.67846944603084,-0.7894648436187721
28.041119360365517,10.341989451405919,16.526690630564048,1.1724392783955389
12.392918332381498,3.6097020190143443,10.869419155440589,-2.086202842073437
27.47001713306683,11.202002217220413,15.441596398696545,0.8264185171498643
24.842946887492865,8.966304968589379,14.069271340746461,1.807370578157021
12.5642490005711,3.7860718245036447,9.604595693217318,-0.8264185171498634
20.78812107367219,8.297779420163268,12.997614808344816,-0.507273154835892
13.763563677898349,4.083380925185609,8.870561359895184,0.8096213928175491
19.303255282695613,6.3593912722141965,12.53065475190647,0.41320925857493224
10.965162764134776,1.809050290590252,9.26025464440488,-0.10414217086034881
11.650485436893202,3.0083649679174918,9.794403198172473,-1.1522827291967606
13.078241005139926,3.7507978634057855,9.008297779420163,0.3191453623139717
10.736721873215302,2.8219168878288037,8.247388047166327,-0.33258306177982316
36.43632210165619,17.17170020492491,18.481875902845424,0.7827459938858474
20.67390062821245,6.935532636812577,12.478583666476299,1.2597843249235734
6.967447173043973,0.9910303356065442,5.717741122719793,0.25867571471764067
9.99428897772701,2.9764504316860947,7.827459938858469,-0.8096213928175494
12.10736721873215,4.024590990022508,8.805052574999157,-0.7222763462895144
11.079383209594516,3.246884133436356,8.699230691705578,-0.8667316155474181
25.471159337521406,9.66170591594719,15.984143514630302,-0.17469009305606847
5.996573386636206,0.36953673531091485,4.773742735243726,0.853293916081567
11.193603655054252,2.7127355796687613,7.560385661974669,0.9204824134108242
12.392918332381502,3.6550542547115943,9.735613263009371,-0.9977491853394698
11.593375214163334,2.5044512379480643,9.082205126482346,0.0067188497329259125
13.19246145059966,4.528504719991937,9.742332112742297,-1.0783753821345783
12.107367218732152,3.8851748580642997,9.861591695501732,-1.639399334833876
16.619074814391773,5.667349749722848,11.196963079920716,-0.2452380152517886
20.902341519131927,7.471360903013402,13.313400745792325,0.11757987032620103
19.246145059965734,5.783249907615821,13.782040514663885,-0.31914536231397145
15.24842946887493,4.61081062922028,10.825746632176573,-0.18812779252191975
15.762421473443755,3.7608761380051745,10.200893607014478,1.8006517284240942
11.250713877784118,2.307924883259986,8.364967917492526,0.5778210770316121
11.650485436893206,1.5302180266738332,10.090032586421204,0.030234823798166173
18.903483723586525,6.327476735982799,13.577115597809644,-1.001108610205932
10.565391205025696,2.482614976316054,8.180199549837068,-0.09742332112742254
10.336950314106218,2.1466724896697693,10.132025397251992,-1.9417475728155338
12.678469446030839,3.147781099875701,9.796082910605707,-0.2653945644505654
13.021130782410054,2.8067994759297217,10.13034568481876,0.08398562166157182
12.335808109651623,3.2200087345046526,7.68804380690026,1.4277555682467173
9.822958309537402,2.380152517888937,8.101253065475191,-0.6584472738267203
17.4757281553398,5.700943998387477,12.490341653508919,-0.7155574965565887
18.218161050828098,6.831390465952228,12.115765780898311,-0.7289951960224418
15.419760137064538,4.677999126549535,10.143783384284609,0.5979776262303894
12.678469446030839,2.5615614606779316,9.653307353781035,0.4636006315718752
16.390633923472308,5.114724359189707,11.615211475795343,-0.3393019115127484
16.2193032552827,5.57832499076158,11.736150770987999,-1.0951725064668922
12.450028555111365,4.37901031343434,8.994860079954309,-0.9238418382772865
29.240434037692758,10.803910370544564,17.089394295696575,1.3471293714516084
10.622501427755566,2.2860886216279774,7.221083750461921,1.1153290556656705
8.509423186750425,1.5167803272079823,6.717170020492491,0.2754728390499543
29.41176470588236,11.853730641314206,18.246716162193017,-0.6886820976248866
14.50599657338664,3.8700574461652177,10.55867235529277,0.07726677192864613
11.136493432324384,2.4053482043874093,7.924883259985889,0.8062619679510876
6.396344945745286,-0.46192091913864336,6.87842241408271,-0.020156549198776453
15.705311250713876,3.4518090502905894,11.050828098229582,1.202674102193704
20.55968018275271,7.990392044881922,13.866026136325463,-1.296737998454664
23.64363221016562,8.867201935028723,13.634225820539516,1.1422044545973726
17.761279268989153,5.690865723788088,12.29549501125407,-0.2250814660530111
17.304397487150204,5.956260288238657,10.971881613867705,0.3762555850438409
14.505996573386644,4.232875331743206,11.317902375113379,-1.044781133469949
12.278697886921753,3.646655692545435,9.834716296570026,-1.2026741021937044
13.363792118789268,3.6432962676789726,10.358786575738232,-0.638290724627944
11.936036550542548,2.091241979373131,8.517821748916585,1.3269728222528308
12.450028555111365,3.1057882890449156,8.158363288205058,1.1858769778613905
22.901199314677335,7.501595726811569,13.061443880807603,2.3381597070581526
10.222729868646484,2.5279672120133037,8.121409614673968,-0.4266469580407832
5.653912050256995,0.9742332112742302,4.451237948063293,0.22844089091947523
12.278697886921766,3.6298585682131224,9.088923976215272,-0.44008465750663456
5.882352941176468,0.1797292303557631,4.627607753552594,1.075015957268116
11.707595659623074,3.1108274263446103,8.79497430039977,-0.19820606712130884
17.1330668189606,5.512816205865555,11.092820909060364,0.5274297040346697
21.35922330097088,7.011119696307993,12.785971041757648,1.5621325629052323
18.218161050828105,5.042496724560754,11.358215473510935,1.817448852756408
22.615648201027998,8.118050189807509,15.192998958578285,-0.6954009473578121
16.619074814391777,4.7485470487452535,9.834716296570026,2.0358114690764952
11.022272986864644,2.5867571471764044,6.671817784795243,1.7636980548930026
18.56082238720732,6.070480733698392,12.325729835052242,0.1646118184566805
10.850942318675036,1.5234991769409074,7.825780226425236,1.5016629153088994
10.50828098229583,1.9518258474149228,9.255215507105184,-0.6987603722242756
12.107367218732152,3.3980582524271856,9.374475089864614,-0.6651661235596463
11.13649343232438,2.568280310410858,8.383444754258074,0.1847683676554577
12.392918332381495,4.162327409547486,9.433265025027712,-1.2026741021937042
20.845231296402055,7.491517452212183,13.185742600866732,0.16797124332314325
10.451170759565958,1.7418617932609939,8.484227500251958,0.22508146605301205
13.192461450599655,4.444519098330367,8.408640440756542,0.3393019115127498
16.04797258709309,5.309571001444551,11.89404373971176,-1.1556421540632238
16.676185037121655,4.934995128833943,10.105149998320288,1.6360399099674139
15.077098800685324,3.458527900023516,11.33301978701246,0.28555111364934366
8.909194745859503,2.0509288809755772,7.422649242449694,-0.564383377565761
13.592233009708742,4.457956797796219,10.40077938656902,-1.2665031746564979
25.014277555682472,7.546947962508821,15.824570833473302,1.6427587597003408
16.676185037121655,4.8123761212080485,11.682399973124603,0.18140894278899483
14.677327241576243,3.834783485067355,9.391272214196926,1.4512715423119558
20.159908623643638,6.235092552155071,12.836362414754593,1.0884536567339684
7.652769845802395,0.393052709376155,5.862196391977695,1.3975207444485507
11.536264991433464,2.255853797829812,9.11243995028051,0.16797124332314342
7.6527698458023945,0.6819632478919612,6.305640474350789,0.6651661235596468
24.728726442033135,9.189706722209156,16.19074814391776,-0.6517284240937943
5.08280982295831,-0.8196996674169382,4.081701212752376,1.8208082776228716
13.420902341519135,3.23008700910404,10.580508616924787,-0.38969328450969165
21.016561964591663,6.910336950314105,13.17566432626734,0.930560688010213
11.650485436893199,3.1259448382436923,9.03853260321833,-0.5139920045688176
22.786978869217595,7.468001478146943,13.77364195249773,1.5453354385729168
21.47344374643062,7.570463936574058,14.396815265226593,-0.4938354553700402
17.30439748715021,5.027379312661674,11.433802533006354,0.8432156414821782
12.906910336950315,5.312930426311017,10.056438337756575,-2.462458427117277
18.50371216447745,5.981455974737126,10.69472906238452,1.8275271273557983
17.418617932609937,5.516175630732022,13.417542916652664,-1.5151006147747497
16.219303255282693,5.480901669634158,11.76974501965263,-1.031343434004098
17.361507709880076,3.8918937077972258,11.574898377397783,1.8947156246850545
30.6110793832096,12.633117210333593,18.616252897503948,-0.6382907246279428
9.937178754997138,2.2978466086605973,7.105183592568954,0.534148553767595
11.136493432324386,2.1819464507676294,8.235630060133703,0.7189169214230531
22.672758423757855,8.457352101320257,14.302751368965627,-0.08734504652803389
25.07138777841234,8.133167601706589,15.987502939496753,0.9507172372089907
10.508280982295826,1.1993146773272414,8.653878456008336,0.6550878489602583
21.873215305539702,7.54862767494205,13.901300097423325,0.423287533174321
10.222729868646484,2.3028857459602916,7.211005475862531,0.7088386468236645
15.533980582524272,4.7099136627809335,10.29999664057513,0.5240702791682068
29.126213592233018,12.310612423153154,16.66442705008902,0.15117411899082944
21.587664191890347,6.4786508549736315,14.521113985285714,0.5878993516310012
12.164477441462024,2.684180468303826,8.502704337017503,0.9775926361406935
8.338092518560819,1.113649343232439,7.133738703933886,0.09070447139449739
14.277555682467158,3.6164208687472703,9.84815399603588,0.8129808176840128
15.648201027984012,4.817415258507743,9.56428259481977,1.2665031746564988
15.24842946887493,4.997144488863507,12.166157153895247,-1.9148721738838301
17.418617932609948,5.870594954143849,11.08442234689421,0.4636006315718749
28.55511136493433,10.236167568112336,16.74673295931736,1.5722108375046198
23.072529982866943,9.011657204286625,15.35089192730205,-1.2900191487217385
15.476870359794406,3.7256021769073144,10.145463096717842,1.605805086169248
26.784694460308398,9.196425571942083,15.784257735075759,1.8040111532905572
20.445459737292982,7.009439983874762,13.788759364396812,-0.3527396109786003
15.019988577955456,5.674068599455772,10.864380018140892,-1.5184600396412136
6.3392347230154185,0.21836261632008624,6.7759599556555905,-0.6550878489602576
8.395202741290689,0.7827459938858469,6.597910437733061,1.014546309671785
11.707595659623072,2.1029999664057515,8.035744280579166,1.568851412638156
15.648201027984017,5.151678032720796,11.353176336211243,-0.8566533409480294
12.335808109651625,3.6181005811805034,9.443343299627104,-0.7256357711559779
15.077098800685325,3.3812611280948706,9.901904793899288,1.793932878691169
21.245002855511153,8.104612490341651,13.180703463567028,-0.04031309839755352
12.906910336950315,4.093459199784996,9.989249840427316,-1.1757987032620012
8.680753854940033,0.4636006315718751,7.333624483488425,0.8835287398797329
16.561964591661912,5.976416837437429,12.829643565021664,-2.244095810797191
16.96173615077099,6.631504686397689,12.665031746564992,-2.334800282191689
12.849800114220443,3.3039943561662244,9.969093291228539,-0.42328753317432055
19.58880639634495,5.778210770316122,11.637047737427348,2.1735478886014716
11.250713877784122,2.8807068229919035,8.937749857224446,-0.5677428024322235
12.507138777841245,2.2239392615984146,8.250747472032787,2.032452044210032
11.022272986864651,1.5520542883058421,7.9416803843182056,1.5285383142406013
27.64134780125643,10.489804145530286,15.300500554305101,1.8510431014210365
15.019988577955461,4.493230758894078,10.35878657573823,0.1679712433231437
15.077098800685327,4.861087781771761,11.559780965498707,-1.343769946585144
12.507138777841236,3.1444216750092386,9.775926361406928,-0.41320925857493174
24.21473443746431,9.050290590250947,14.133100413209256,1.0313434340040997
20.159908623643638,7.0682299190378615,13.696375180569078,-0.6046964759633144
13.078241005139922,4.936674841267176,9.616353680249938,-1.4747875163771955
18.960593946316397,5.6421540632243765,13.399066079887126,-0.08062619679510788
23.01541976013707,9.471898410992038,15.041824839587463,-1.4983034904424357
18.90348372358653,6.062082171532233,12.559209863271409,0.2821916887828808
16.047972587093092,4.389088588033729,11.070984647428359,0.5878993516310015
11.764705882352937,3.147781099875702,9.20146470924178,-0.5845399267645377
9.194745859508846,1.5117411899082887,6.913696375180569,0.7693082944199949
11.593375214163332,3.3140726307656148,8.464070951053182,-0.18476836765545718
21.416333523700757,7.6376524339033125,14.581583632882056,-0.8029025430846232
21.416333523700757,7.775388853428294,13.553599623744413,0.08734504652803446
15.876641918903484,4.936674841267175,11.480834481136826,-0.5408674035005199
21.47344374643062,6.671817784795242,14.159975812140958,0.6416501494944076
19.474585950885217,6.940571774112273,13.447777740450835,-0.9137635636778976
14.049114791547687,2.5430846239123848,10.239526992978798,1.2665031746564988
10.051399200456881,1.7704169046259282,7.454563778681091,0.826418517149864
13.535122786978869,4.180804246313031,10.667853663452812,-1.3135351227869785
9.42318675042832,1.6864312829643566,7.2529982866933205,0.4837571807706522
18.103940605368365,5.546410454530183,10.713205899150063,1.8443242516881115
22.558537978298116,8.09789364060873,14.450566063089994,0.01007827459938943
9.93717875499714,1.5688514126381563,8.774817751200992,-0.4064904088420062
19.531696173615085,7.165653240165286,12.144320892263249,0.22172204118654987
16.447744146202172,4.409245137232504,12.159438304162325,-0.1209392951926626
11.479154768703593,2.491013538482212,8.729465515503744,0.2586757147176406
12.05025699600229,3.070514327947056,9.366076527698455,-0.3863338596432286
15.476870359794406,5.524574192898175,11.739510195854473,-1.7872140289582412
14.677327241576243,4.283266704740147,10.572110054758625,-0.17804951792253146
22.21587664191891,7.294991097524104,15.357610777034973,-0.43672523264017166
11.193603655054252,2.994927268451641,8.238989485000172,-0.040313098397554224
9.937178754997138,1.6226022105015625,7.202606913696374,1.1119696307992075
17.36150770988007,5.405314610138747,12.167836866328486,-0.21164376658715994
14.848657909765853,3.675210803910373,10.719924748882995,0.4535223569724868
18.275271273557966,5.447307420969529,12.942184298048172,-0.11422044545973678
20.102798400913766,7.269795411025633,11.610172338495648,1.222830651392483
9.251856082238717,1.9954983706789404,5.865555816844157,1.3908018947156249
8.509423186750425,1.3051365606208216,6.952329761144892,0.25195686498471465
11.193603655054252,2.3700742432895487,8.689152417106191,0.13437699465851446
13.078241005139919,3.290556656700373,9.999328115026708,-0.21164376658715928
20.61679040548259,6.69197433399402,14.039036516948293,-0.11422044545973678
9.137635636778976,1.0347028588705616,6.614707562065372,1.4882252158430478
13.877784123358085,3.8784560083313724,9.562602882386537,0.43672523264017254
17.53283837806968,5.6707091745893115,12.953942285080785,-1.09181308160043
15.134209023415197,4.422682836698358,10.22776900594618,0.4837571807706527
5.996573386636206,0.6130950381294722,5.302852151711628,0.08062619679510898
12.906910336950311,3.1998521853058746,9.938858467430371,-0.23180031578593746
15.762421473443746,5.674068599455771,11.002116437665872,-0.9137635636778979
17.761279268989156,5.532972755064333,13.168945476534414,-0.940638962609601
16.447744146202176,4.389088588033728,10.31847347734068,1.7401820808277624
22.61564820102799,8.060939967077635,14.490879161487555,0.06382907246279551
12.450028555111365,2.9327779084220773,9.843114858736183,-0.32586421204689664
14.677327241576249,4.155608559814558,10.417576510901336,0.10414217086034894
11.136493432324386,3.241844996136661,8.502704337017502,-0.6080559008297782
16.16219303255283,4.798938421742197,10.587227466657708,0.7760271441529223
20.217018846373506,6.917055800047033,14.542950246917723,-1.242987200591258
10.565391205025698,3.6298585682131215,7.079987906070481,-0.14445526925790278
20.159908623643638,6.297241912184632,13.728289716800484,0.13437699465851435
21.302113078241007,7.748513454496591,13.939933483387641,-0.38633385964322825
18.789263278126786,7.192528639096986,12.60120267410219,-1.0044680350723953
6.567675613934891,0.7004400846575068,6.398024658178518,-0.5307891289011324
20.50256996002285,6.176302616991972,11.994826485705643,2.3314408573252265
14.391776127926898,4.266469580407835,11.768065307219404,-1.6427587597003392
13.078241005139917,3.65169482984513,9.52396949642221,-0.09742332112742268
18.732153055396918,6.527362515537339,13.064803305674062,-0.8600127658144923
13.649343232438605,3.241844996136661,9.587798568885006,0.819699667416939
16.276413478012564,4.456277085362985,11.302784963214298,0.517351429435282
11.36493432324386,2.4557395773843522,8.774817751200993,0.1343769946585149
10.622501427755562,1.7653777673262339,7.751872879363053,1.1052507810662817
16.847515705311256,4.320220378271239,11.519467867101149,1.0078274599388586
17.304397487150204,5.653912050256995,11.573218664964559,0.07726677192864558
20.90234151913193,8.286021433130648,13.197500587899356,-0.5811805018980747
12.164477441462017,2.9226996338226896,9.416467900695404,-0.17469009305606828
12.564249000571099,3.5929048946820306,10.409177948735177,-1.4378338428461042
8.909194745859505,1.8544025262875001,7.310108509423186,-0.2553162898511769
11.307824100513983,3.396378539993953,8.7109886787382,-0.7995431182181606
8.852084523129635,1.2077132394933987,7.335304195921657,0.3090670877145837
17.818389491719017,5.430510296637217,10.6779319380522,1.7099472570295957
10.85094231867504,3.1393825377095435,8.111331340074578,-0.39977155910908113
9.708737864077664,2.0677260053078905,5.910908052541407,1.7301038062283745
20.38834951456311,6.755803406456818,13.800517351429436,-0.16797124332314226
22.387207310108515,6.948970336278429,13.355393556623103,2.0828434172069756
8.280982295830949,1.5738905499378504,6.102395269929787,0.6046964759633152
9.080525414049111,1.313535122786979,6.9036181005811805,0.8633721906809552
17.93260993717876,4.980347364531195,12.485302516209222,0.4669600564383385
11.422044545973728,2.4507004400846575,8.611885645177546,0.35945846071152665
9.423186750428323,1.17411899082877,7.036315382806466,1.212752376793093
14.277555682467163,3.500520710854302,9.638189941881953,1.1388450297309112
11.479154768703593,2.2323378237645715,9.109080525414049,0.1377364195249775
18.960593946316393,6.3526724224812705,12.54073302650586,0.06718849732925773
15.990862364363222,5.07105183592569,11.040749823630197,-0.12093929519266292
10.965162764134774,2.2356972486310345,8.030705143279473,0.6987603722242756
9.594517418617928,1.0632579702354956,7.5032754392448,1.0279840091376355
10.565391205025698,2.3247220075923005,8.022306581113316,0.2183626163200864
9.537407195888058,1.8023314408573254,8.050861692478248,-0.3157859374475088
14.220445459737295,4.399166862633116,10.459569321732118,-0.6382907246279435
11.364934323243855,1.8527228138542684,7.812342526959383,1.6998689824302085
12.849800114220447,2.4255047535861864,9.631471092149024,0.792824268485236
14.563106796116507,4.244633318775826,11.124735445291762,-0.8062619679510861
19.703026841804682,6.957368898444589,11.986427923539495,0.7592300198206074
19.76013706453456,7.593979910639296,12.10568750629892,0.060469647596332096
16.44774414620217,4.945073403433334,11.052507810662812,0.45016293210602376
12.906910336950315,3.923808244028623,10.007726677192865,-1.0246245842711728
15.019988577955449,4.362213189102027,11.474115631403903,-0.816340242550475
8.566533409480295,2.3650351059898544,6.272046225686162,-0.0705479221957202
10.79383209594517,2.0677260053078905,9.099002250814657,-0.372896160177377
11.30782410051399,1.9736621090469317,7.940000671884976,1.3941613195820877
15.93375214163336,4.751906473611717,10.78879295864548,0.39305270937615516
23.129640205596807,7.630933584170392,14.252359995968687,1.246346625457722
15.077098800685325,4.172405684146874,10.813988645143954,0.09070447139449775
22.72986864648772,8.640440756542478,15.329055665670037,-1.2396277757247955
10.39406053683609,3.1830550609735613,7.627574159303926,-0.41656868344139447
15.591090805254144,4.656162864917525,11.277589276715831,-0.34266133637921115
14.848657909765851,5.249101353848222,11.840292941848357,-2.2407363859307288
11.936036550542543,2.9109416467900697,8.527900023515974,0.49719488023650404
15.87664191890348,4.884603755837,12.446669130244901,-1.4546309671784188
10.451170759565958,2.8219168878288037,7.353781032687202,0.275472839049955
6.681896059394629,0.3141062250142778,6.374508684113281,-0.006718849732925624
8.28098229583095,0.6500487116605639,7.143816978533276,0.4871166056371151
19.360365505425484,6.052003896932846,11.34981691134478,1.9585446971478493
8.338092518560819,0.1125407330265061,7.509994288977724,0.71555749655659
18.389491719017705,5.932744314173414,12.157758591729095,0.29898881311519476
18.389491719017702,6.320757886249877,13.97352773205227,-1.9047938992844422
10.336950314106222,1.3740047703833103,8.73450465280344,0.228440890919475
19.760137064534565,6.208217153223372,14.254039708401924,-0.7021197970907377
24.671616219303267,9.831356871703568,16.20082641851715,-1.3605670709174584
22.901199314677335,8.13820673900628,14.487519736621088,0.275472839049955
16.10508280982296,5.554809016696341,11.551382403332543,-1.001108610205932
16.27641347801256,4.301743541505693,11.806698693183726,0.16797124332314353
13.363792118789268,2.900863372190681,9.539086908321293,0.9238418382772869
17.47572815533981,5.287734739812545,12.584405549769881,-0.3964121342426173
27.812678469446038,9.792723485739241,17.254006114153256,0.7659488695535333
12.621359223300978,2.648906507205967,10.100110861020593,-0.12765814492558827
12.27869788692176,3.7894312493701072,8.78153660093392,-0.29226996338226857
9.937178754997142,2.5128498001142203,7.360499882420128,0.06382907246279457
18.161050828098237,5.507777068565862,11.84701179158128,0.8062619679510875
20.217018846373502,6.7457251318574265,13.491450263714851,-0.020156549198777116
8.794974300399767,0.9876709107400815,8.180199549837068,-0.37289616017737764
19.988577955454033,7.709880068532267,11.687439110424293,0.5912587764974638
25.471159337521428,10.105149998320284,15.85984479457117,-0.4938354553700401
12.22158766419189,3.1880941982732565,8.996539792387544,0.03695367353109209
20.902341519131934,7.624214734437465,13.54016192427856,-0.2620351395841027
16.561964591661912,5.111364934323242,11.064265797695436,0.386333859643229
5.482581382067388,0.9523969496422213,4.227836194443511,0.3023482379816572
9.080525414049111,2.2021029999664057,7.338663620788119,-0.46024120670541147
16.04797258709309,4.627607753552592,12.327409547485473,-0.9070447139449724
16.733295259851516,4.340376927470018,11.542983841166388,0.8499344912151043
10.222729868646484,1.7065878321631331,8.200356099035846,0.31578593744750927
20.27412906910337,6.087277858030705,12.853159539086906,1.3336916719857566
14.677327241576247,5.3868377733731965,10.835824906775958,-1.5453354385729172
13.82067390062821,3.5189975476198496,10.903013404105216,-0.6013370510968515
17.532838378069677,4.74182819901233,10.358786575738229,2.432223603319111
11.136493432324384,2.7748849396983255,10.041320925857493,-1.6797124332314317
12.84980011422045,2.9462156078879294,8.865522222595494,1.038062283737025
14.277555682467165,3.655054254711593,10.649376826687275,-0.026875398931702165
16.44774414620217,5.467463970168307,11.322941512413072,-0.3426613363792114
11.079383209594514,2.35999596869016,8.54469714784829,0.1746900930560692
15.19131924614506,4.27318843014076,10.95172506466893,-0.03359424866462821
21.644774414620226,7.007760271441528,13.575435885376425,1.0615782578022643
25.29982866933183,8.936070144791215,15.678435851782172,0.6853226727584245
12.964020559680183,4.278227567440454,9.569321732119464,-0.8835287398797325
10.85094231867504,1.6276413478012566,7.630933584170392,1.5923673867033972
20.9594517418618,7.169012665031751,14.153256962408033,-0.36281788557798844
9.8229583095374,1.704908119729902,6.344273860315113,1.7737763294923918
9.99428897772701,2.0341317566432626,6.744045419424195,1.2161118016595558
17.532838378069677,5.818523868713678,12.413074881580272,-0.6987603722242748
15.419760137064532,4.2160782074108925,10.585547754224475,0.6181341754291665
13.53512278697887,4.164007121980716,9.505492659656664,-0.13437699465851408
11.022272986864646,2.2944871837941343,8.553095710014446,0.17469009305606858
30.097087378640786,11.722713071522156,15.915275304867807,2.459099002250815
12.450028555111366,3.0940303020122952,8.885678771794266,0.4703194813048012
10.908052541404912,2.151711626969463,8.057580542211175,0.6987603722242758
14.791547687035981,3.806228373702422,10.034602076124571,0.9507172372089904
9.822958309537402,2.155071051835926,8.598447945711694,-0.9305606880102123
10.7367218732153,2.477575839016361,6.770920818355898,1.4882252158430485
14.677327241576247,4.987066214264119,11.111297745825915,-1.4210367185137898
24.38606510565392,9.606275405650551,16.442705008902468,-1.6629153088991162
18.046830382638493,5.969697987704508,11.986427923539487,0.09070447139449764
21.873215305539702,8.06765881681056,13.14710921490241,0.6584472738267219
16.047972587093092,4.903080592602548,11.329660362145995,-0.1847683676554565
14.563106796116514,3.656733967144825,9.74737125004199,1.1590015789296886
14.505996573386637,3.2955957940000666,11.358215473510935,-0.14781469412436513
13.078241005139919,3.6029831692814187,9.8011220479054,-0.32586421204689703
14.334665905197031,4.368932038834951,10.07323546208889,-0.10750159572681132
9.994288977727008,1.436154130412874,9.562602882386537,-1.0044680350723956
13.99200456881782,3.5912251822487993,9.490375247757585,0.9104041388114358
12.964020559680181,2.8941445224577556,9.206503846541471,0.8633721906809559
10.108509423186746,2.210501562132563,7.861054187523099,0.036953673531092336
17.418617932609944,6.188060604024591,11.43884167030604,-0.20828434172069732
11.821816105082808,2.8118386132294138,10.03796150099103,-1.0279840091376355
15.191319246145065,4.2950246917727695,11.329660362146003,-0.43336580777370903
9.880068532267272,1.7065878321631338,7.494876877078644,0.6786038230254982
15.705311250713883,5.450666845835993,11.39013000974233,-1.1354856048644468
16.676185037121645,5.38515806093997,11.882285752679142,-0.5912587764974635
15.705311250713882,5.072731548358921,12.124164343064468,-1.4915846407095095
18.38949171901771,5.264218765747304,11.136493432324384,1.9887795209460148
18.046830382638504,5.929384889306949,11.3884502973091,0.7289951960224413
21.701884637350084,7.916484697819733,13.509927100480398,0.2754728390499552
12.22158766419189,2.7429704034669267,7.698122081499645,1.7804951792253176
17.018846373500857,5.02569960022844,11.579937514697487,0.41320925857493246
19.58880639634495,6.161185205092887,10.924849665737229,2.502771525514832
12.849800114220443,2.465817851983741,10.148822521584306,0.2351597406524007
9.13763563677898,1.9669432593140053,7.157254677999125,0.013437699465851936
18.389491719017705,5.919306614707563,14.196929485672044,-1.72674438136191
11.42204454597373,1.9047938992844435,8.973023818322304,0.5442268283669841
18.103940605368358,5.158396882453723,10.718245036449762,2.227298686464878
20.673900628212454,6.275405650552626,14.096146739678167,0.3023482379816577
11.422044545973725,3.305674068599456,8.73450465280344,-0.6181341754291665
12.849800114220443,2.726173279134612,9.609634830517019,0.5139920045688182
22.33009708737864,7.716598918265191,11.936036550542548,2.6774616185709017
17.875499714448893,5.502737931266166,11.455638794638359,0.917122988544362
16.676185037121645,5.593442402660666,11.909161151610844,-0.8264185171498633
17.818389491719024,5.608559814559749,12.522256189740318,-0.3124265125810455
9.93717875499714,1.6461181845668023,6.910336950314109,1.3807236201162358
11.99314677327241,3.5240366849195417,8.751301777135753,-0.2821916887828803
28.26956025128499,11.151610844223462,16.97685356267007,0.14109584439144063
27.01313535122787,10.348708301138844,14.2154063224376,2.4490207276514266
9.594517418617928,1.457990392044882,8.119729902240737,0.01679712433231471
24.614505996573396,7.2563577115597795,16.23610037961501,1.122047905398597
16.67618503712164,4.8190949709409745,11.675681123391675,0.18140894278899514
23.015419760137068,7.237880874794233,15.253468606174621,0.5240702791682069
9.88006853226727,2.391910504921557,8.287701145563878,-0.7995431182181606
8.794974300399769,1.157321866496456,6.680216346961401,0.957436086941916
18.332381496287848,6.431618906843147,12.948903147781095,-1.0481405583364125
13.478012564249,4.138811435482245,10.252964692444651,-0.9137635636778981
15.19131924614506,5.558168441562803,10.600665166123562,-0.9675143615413037
11.707595659623072,2.9109416467900697,8.988141230221386,-0.1914872173883825
14.620217018846377,4.053146101387443,10.694729062384521,-0.12765814492558872
14.962878355225584,5.687506298921625,11.58665636443041,-2.3112843081264494
24.50028555111366,8.514462324050125,13.936574058521181,2.049249168542346
18.10394060536837,5.101286659723852,11.675681123391675,1.3269728222528316
27.470017133066833,9.110760237847282,15.449994960862695,2.9092619343568393
8.338092518560819,0.6886820976248866,7.02119797090738,0.6282124500285556
13.934894346087946,3.6332179930795845,9.142674774078676,1.1590015789296877
11.422044545973732,3.213289884771727,8.353209930459903,-0.1444552692579027
11.079383209594518,2.255853797829812,7.835858501024627,0.9876709107400818
11.536264991433464,2.8370342997278883,8.699230691705578,4.656469384835608e-16
14.848657909765846,3.9338865186280114,11.475795343837135,-0.5610239526992972
12.450028555111365,2.764806665098934,9.144354486511908,0.5408674035005212
12.22158766419189,3.1360231128430813,8.951187556690295,0.13437699465851463
7.310108509423183,0.8751301777135757,6.424900057110223,0.01007827459938868
12.164477441462017,3.4417307756912012,8.564853697047067,0.15789296872375402
14.448886350656773,3.9557227802600194,10.50324184499614,-0.010078274599388024
15.248429468874932,4.498269896193771,10.793832095945175,-0.04367252326401635
10.793832095945174,1.8191285651896387,7.520072563577115,1.4546309671784197
14.391776127926907,4.024590990022507,9.295528605502739,1.0716565324016536
17.018846373500864,5.406994322571977,12.40803574428058,-0.7961836933516975
19.189034837235862,6.8078744918869925,12.132562905230627,0.24859744011825186
8.509423186750425,1.8359256895219538,6.888500688682096,-0.21500319145362295
23.472301541976016,8.19531696173615,16.039574024926935,-0.7625894446870692
25.29982866933182,11.015554137131721,15.245070044008454,-0.9607955118083777
11.707595659623072,2.531326636879765,9.757449524641382,-0.5811805018980745
17.704169046259285,4.380690025867571,12.087210669533377,1.2362683508583323
26.21359223300971,10.684650787785129,16.949978163738365,-1.4210367185137898
17.41861793260994,5.311250713877785,11.33134007457923,0.7760271441529215
16.504854368932047,5.1046460845903185,9.455101286659724,1.9451069976819981
26.898914905768127,9.722175563543525,16.05133201195955,1.1254073302650598
7.9383209594517385,1.1976349648940106,6.592871300433365,0.14781469412436576
13.249571673329529,3.6903282158094535,9.488695535324348,0.07054792219572018
22.901199314677335,6.9321732119461155,14.329626767897329,1.639399334833877
11.53626499143347,3.0100446803507244,9.433265025027712,-0.9070447139449728
16.904625928041128,4.9400342661336385,11.820136392649575,0.14445526925790317
18.27527127355797,6.041925622333455,12.780931904457951,-0.5475862532334456
15.019988577955452,4.14217086034871,10.978600463600632,-0.1007827459938855
18.046830382638497,5.237343366815599,12.033459871669969,0.776027144152922
14.049114791547689,2.776564652131556,10.8593408808412,0.4132092585749324
11.422044545973728,2.2037827123996374,7.931602109718814,1.2866597238552755
11.764705882352938,2.7530486780663153,8.796654012833002,0.21500319145362345
10.793832095945174,2.45405986495112,7.728356905297815,0.611415325696241
15.019988577955457,5.709342560553633,11.191923942621024,-1.8812779252192031
13.192461450599657,3.794470386669802,8.894077333960427,0.5039137299694292
19.931467732724162,5.758054221117345,12.82628414015521,1.3471293714516082
12.73557966876071,3.8028689488359584,9.846474283602648,-0.9137635636778975
12.67846944603084,3.564349783317097,9.708737864077673,-0.594618201363926
16.047972587093096,5.568246716162194,10.217690731346792,0.2620351395841042
12.107367218732149,2.4355830281855746,9.5071723720899,0.16461181845668055
14.620217018846377,5.902509490375246,10.363825713037926,-1.6461181845668018
14.620217018846377,3.4568481875902846,9.503812947223434,1.6595558840326543
9.023415191319243,2.635468807740115,7.0262371082070745,-0.6382907246279433
8.338092518560819,0.26035542715087195,6.962408035744282,1.115329055665671
14.049114791547689,2.91094164679007,10.053078912890111,1.0850942318675052
12.221587664191894,4.034669264621896,8.798333725266232,-0.6114153256962407
30.097087378640786,11.376692310276479,16.815601169079855,1.9047938992844426
18.61793260993719,5.437229146370143,11.78318271911849,1.397520744448551
17.532838378069677,5.113044646756476,12.399637182114423,0.02015654919877775
18.732153055396925,5.920986327140795,12.633117210333593,0.1780495179225321
10.565391205025692,2.7295327040010737,7.4898377397789515,0.34602076124567493
19.189034837235873,6.171263479692278,13.56199818591057,-0.544226828366983
10.051399200456878,2.936137333288541,8.022306581113314,-0.9070447139449717
15.533980582524272,4.750226761178486,10.881177142473208,-0.09742332112742257
11.707595659623072,2.3717539557227814,10.06483689992273,-0.728995196022441
14.962878355225584,4.516746732959319,10.95340477710216,-0.5072731548358915
15.362649914334673,4.157288272247792,10.456209896865655,0.7491517452212184
10.336950314106222,1.7149863943292913,8.101253065475193,0.5207108543017437
12.450028555111368,2.339839419491383,9.690261027312124,0.41992810830785776
13.021130782410049,3.950683642960327,10.619142002889104,-1.5486948634393782
22.444317532838383,7.985352907582223,11.932677125676085,2.526287499580072
10.279840091376354,1.8258474149225654,7.8492962004904765,0.6046964759633152
12.564249000571099,3.0150838176504187,9.02845432861894,0.5207108543017437
7.652769845802396,1.7888937413914743,5.215507105183592,0.6483689992273322
19.074814391776133,6.584472738267207,14.049114791547689,-1.5587731380387677
22.27298686464878,7.8324990761581645,15.733866362078809,-1.293378573588201
25.014277555682472,10.012765814492559,16.21762354284946,-1.2161118016595551
22.958309537407192,9.287130043336584,16.241139516914696,-2.569960022844089
8.109651627641343,1.8896764873853593,7.086706755803405,-0.8667316155474182
11.479154768703596,2.6808210434373634,8.153324150905366,0.6450095743608698
8.052541404911475,1.0716565324016532,6.93721234924581,0.04367252326401712
19.01770416904626,6.137669231027646,13.924816071488559,-1.0447811334699497
15.990862364363222,5.274297040346691,12.006584472738261,-1.2900191487217385
19.131924614505998,6.5659959015016645,11.867168340780056,0.6987603722242755
11.479154768703596,2.3700742432895487,7.960157221083749,1.1489233043302987
21.58766419189035,6.762522256189739,13.659421507037994,1.1657204286626126
15.019988577955457,5.119763496489402,9.826317734403869,0.07390734706218366
7.195888063963445,1.0044680350723956,5.321328988477174,0.8700910404138811
9.53740719588806,1.4983034904424368,6.779319380522051,1.2597843249235734
17.304397487150197,3.757516713138711,11.702556522323379,1.844324251688112
12.678469446030833,2.282729196761514,8.62868276950986,1.767057479759466
22.38720731010851,8.410320153189774,15.408002150031919,-1.4311149931131788
11.36493432324386,2.848792286760507,9.443343299627102,-0.9272012631437487
17.647058823529417,5.28269560251285,12.256861625289748,0.10750159572681173
13.021130782410047,2.664023919105049,8.84200624853025,1.5151006147747508
9.994288977727008,1.4630295293445763,8.158363288205063,0.37289616017737814
11.193603655054252,3.0520374911815096,7.721638055564889,0.419928108307858
7.881210736721868,1.8359256895219536,6.4719320052407,-0.4266469580407838
19.988577955454037,6.4030637954782135,11.314542950246913,2.270971209728894
11.993146773272413,1.745221218127456,9.314005442268282,0.9339201128766758
10.850942318675042,3.0150838176504178,7.852655625356937,-0.016797124332313652
17.532838378069677,6.189740316457822,12.670070883864682,-1.3269728222528299
23.586521987435756,9.211542983841168,14.102865589411097,0.27211341418349216
12.278697886921755,2.32304229515907,8.423757852655626,1.5318977391070658
19.47458595088522,6.364430409513892,12.377800920482413,0.7323546208889044
12.67846944603084,2.633789095306883,8.831927973930863,1.212752376793094
14.563106796116507,3.166257936641248,10.61074344072295,0.78610541875231
12.564249000571099,2.800080626196795,9.115799375146972,0.6483689992273325
6.282124500285549,0.230120603352706,5.380118923640272,0.6718849732925725
15.134209023415195,6.0654415963986965,10.751839285114391,-1.6830718580978927
11.82181610508281,2.800080626196795,7.761951153962445,1.2597843249235736
7.995431182181608,0.9859911983068501,6.8817818389491725,0.12765814492558883
11.479154768703594,2.309604595693218,8.390163603990997,0.7793865690193842
25.01427755568247,8.47246951321934,12.866597238552766,3.6752108039103693
20.84523129640206,7.689723519333489,14.317868780864716,-1.1623610037961496
17.989720159908625,5.549769879396648,12.026741021937049,0.4132092585749327
18.218161050828098,6.367789834380356,13.698054893002316,-1.8476836765545728
17.989720159908632,4.578896092988879,10.780394396479323,2.630429670440423
9.594517418617926,1.03302314643733,7.825780226425236,0.735714045755367
12.564249000571099,3.2771189572345216,8.131487889273359,1.155642154063224
19.189034837235877,5.768132495716732,14.10622501427755,-0.6853226727584233
21.53055396916048,7.247959149393623,14.158296099707725,0.12429872005912673
13.763563677898347,3.5425135216850876,9.112439950280512,1.108610205932744
12.964020559680181,2.695938455336446,9.81120032250479,0.4568817818389497
22.672758423757855,8.668995867907414,12.770853629858564,1.2329089259918713
9.251856082238715,1.194275540027547,6.28044478785232,1.7771357543588548
17.41861793260994,4.884603755837,12.732220243894243,-0.1982060671213081
19.931467732724165,6.772600530789128,12.58776497463634,0.571102227298687
10.7367218732153,2.3700742432895487,9.646588504048111,-1.27994087412235
14.049114791547689,4.2815869923069165,9.6835421775792,0.08398562166157221
17.190177041690465,4.899721167736085,13.197500587899347,-0.9070447139449722
16.219303255282693,5.4792219572009255,11.788221856418176,-1.0481405583364123
15.648201027984014,3.9708401921591023,11.710955084489532,-0.03359424866462803
23.07252998286694,8.133167601706589,15.577653105788286,-0.6382907246279432
20.502569960022846,7.533510263042967,14.084388752645546,-1.1153290556656694
18.218161050828105,6.89186011354856,12.444989417811668,-1.1186884805321322
14.90576813249572,4.343736352336479,11.385090872442637,-0.8230590922834006
13.249571673329529,3.577787482782948,9.819598884670947,-0.1478146941243656
11.479154768703594,3.2250478718043487,9.100681963247894,-0.8465750663486405
17.3043974871502,5.215507105183593,10.4797258709309,1.6091645110357113
15.933752141633356,5.210467967883898,10.965162764134783,-0.24187859038532553
13.820673900628208,3.925487956461854,9.512211509389596,0.38297443477676646
9.594517418617928,2.0492491685423455,7.4982363019451075,0.04703194813048032
16.2193032552827,5.2759767527799255,13.137030940303017,-2.193704437800249
23.129640205596807,8.67739443007357,14.301071656532404,0.15117411899082955
18.67504283266705,6.265327375953238,13.410824066919739,-1.0011086102059326
14.620217018846377,3.690328215809454,10.587227466657707,0.34266133637921226
22.15876641918904,8.171800987670913,13.345315282023718,0.6416501494944074
26.042261564820098,10.101790573453824,16.350320825074746,-0.4098498337084683
11.193603655054252,2.6001948466422564,7.27651426075856,1.3168945476534422
18.3894917190177,6.085598145597475,12.710383982262236,-0.4064904088420058
12.107367218732154,2.996606980884873,8.697550979272352,0.41320925857493224
16.162193032552835,4.36893203883495,11.191923942621022,0.6013370510968526
15.648201027984008,5.385158060939967,11.57321866496456,-1.310175697920516
10.165619645916614,1.837605401955186,8.710988678738198,-0.3829744347767661
13.93489434608795,3.1461013874424704,9.992609265293783,0.7961836933516987
17.589948600799545,4.679678838982766,12.278697886921757,0.6315718748950185
8.794974300399767,1.1724392783955389,8.133167601706589,-0.5106325797023543
14.049114791547689,3.273759532368058,11.20872106695334,-0.43336580777370753
13.820673900628211,4.803977559041891,9.688581314878892,-0.6718849732925718
21.701884637350098,8.233950347700473,15.601169079853529,-2.1332347902039173
10.965162764134776,2.496052675781906,7.861054187523094,0.6080559008297785
20.731010850942315,7.437766654348773,12.056975845735215,1.2362683508583339
29.411764705882348,10.798871233244872,16.563644304095135,2.0492491685423455
14.106225014277559,3.742399301239629,9.409749050962478,0.9540766620754535
16.67618503712165,4.60241206705412,11.408606846507876,0.6651661235596469
13.99200456881782,3.327510330231465,10.425975073067494,0.23851916551886343
16.733295259851516,5.6135989518594425,10.679611650485441,0.4400846575066352
15.876641918903486,4.053146101387443,9.307286592535359,2.516209224980683
9.308966304968584,2.1382739275036116,7.3117882218564185,-0.1410958443914394
17.58994860079955,4.694796250881851,11.789901568851416,1.1052507810662828
18.27527127355797,6.275405650552628,12.765814492558874,-0.7659488695535323
14.448886350656775,3.120905700943998,9.161151610844222,2.166829038868546
10.679611650485432,2.43054389088588,7.536869687909429,0.7121980716901269
17.761279268989156,5.7059831356871715,12.780931904457958,-0.7256357711559775
23.643632210165627,8.677394430073575,15.18795982127859,-0.22172204118654842
10.736721873215302,2.821916887828804,9.500453522356972,-1.5856485369704703
20.73101085094232,7.567104511707594,14.571505358282659,-1.4075990190479377
9.480296973158191,1.851043101421037,5.852118117378304,1.7771357543588537
25.64249000571103,9.443343299627104,16.269694628279634,-0.07054792219571951
10.965162764134776,2.504451237948064,8.420398427789163,0.04031309839755423
13.306681896059391,3.33422917996439,8.343131655860516,1.6293210602344879
25.928041119360365,10.180737057815703,16.761850371216447,-1.0145463096717835
6.282124500285549,0.4216078207410891,5.531293042631101,0.3292236369133605
15.81953169617361,3.7423993012396273,10.975241038734167,1.101891356199819
16.733295259851516,5.333086975509791,9.230019820606714,2.170188463735008
19.70302684180469,6.648301810730003,14.069271340746461,-1.0145463096717842
13.363792118789263,4.446198810763598,9.502133234790202,-0.5845399267645377
7.5956596230725255,1.06829710753519,5.10632579702355,1.4210367185137907
16.44774414620218,5.275976752779922,11.957872812174555,-0.7861054187523087
25.014277555682472,9.559243457520072,14.981355191991131,0.47367890617126374
11.936036550542552,2.6085934088084124,8.9511875566903,0.37625558504384055
9.765848086807532,1.8611213760204246,6.8733832767830165,1.0313434340040986
13.592233009708734,3.4753250243558305,10.788792958645473,-0.6718849732925712
12.450028555111366,3.270400107501596,9.935499042563913,-0.7558705949541432
12.564249000571108,2.134914502637149,8.655558168441564,1.773776329492391
15.419760137064532,5.549769879396648,11.64040716229381,-1.7704169046259275
14.049114791547687,3.394698827560724,11.7999798434508,-1.145563879463836
24.50028555111365,8.86552222259549,14.885611583296932,0.749151745221219
27.47001713306682,11.395169147042024,17.126347969227666,-1.0514999832028755
12.964020559680183,3.3325494675311575,9.201464709241783,0.4300063829072471
10.793832095945174,2.0425303188094195,9.124197937313133,-0.37289616017737764
12.964020559680181,2.7799240769980176,9.77760607384016,0.40649040884200704
12.564249000571104,2.5128498001142203,8.311217119629118,1.7401820808277626
22.558537978298105,7.814022239392617,14.462324050122614,0.28219168878288114
19.760137064534554,6.307320186784023,14.433768938757686,-0.9809520610071549
11.536264991433463,2.2978466086605973,8.858803372862566,0.37961500991030367
9.251856082238717,0.7810662814526155,6.606308999899217,1.8644808008868885
13.877784123358085,3.5341149595189307,9.282090906036885,1.0615782578022648
20.902341519131937,6.3526724224812705,11.872207478079755,2.6774616185709013
8.109651627641343,1.0011086102059328,6.342594147881881,0.7659488695535323
22.67275842375786,8.118050189807501,15.233312056975844,-0.6786038230254974
12.507138777841236,3.2771189572345207,8.443914401854402,0.7861054187523092
15.762421473443746,4.869486343937917,10.644337689387577,0.24859744011825233
17.418617932609944,5.326368125776866,10.688010212651598,1.4042395941814765
17.3043974871502,6.757483118890047,12.455067692411058,-1.9081533241509052
19.303255282695613,7.239560587227467,13.13871065273625,-1.0750159572681153
11.878926327812676,2.885745960291598,9.016696341586321,-0.023515974065239847
12.84980011422045,3.1746564988074053,10.216011018913566,-0.5408674035005201
30.725299828669346,12.142641179830015,16.540128330029894,2.0425303188094217
9.765848086807534,1.5957268115698593,7.12534014176773,1.0447811334699504
9.308966304968584,1.7804951792253167,8.798333725266232,-1.2698625995229613
20.90234151913193,8.490946349984881,13.200860012765812,-0.7894648436187719
11.536264991433464,3.8045486612691906,7.513353713844189,0.21836261632008638
12.964020559680183,2.963012732220243,10.491483857963516,-0.4904760305035772
9.13763563677898,1.4680686666442706,7.350421607820741,0.319145362313972
16.733295259851516,4.120334598716701,11.26583128968321,1.3471293714516086
17.01884637350086,4.575536668122418,11.717673934222457,0.7256357711559785
15.191319246145067,5.403634897705515,12.186313703094036,-2.3986293546544832
13.13535122786979,3.320791480498539,10.05979776262304,-0.24523801525178843
25.071387778412355,8.31457654449558,15.570934256055365,1.1858769778613905
18.389491719017716,5.440588571236605,12.004904760305038,0.9439983874760635
11.25071387778412,2.0912419793731316,9.075486276749418,0.083985621661572
13.76356367789834,3.6836093660765283,10.03964121342426,0.040313098397554925
17.475728155339812,4.819094970940977,10.970201901434473,1.6864312829643566
12.735579668760705,3.171297073940942,7.676285819867639,1.8879967749521291
7.195888063963447,0.7491517452212183,6.251889676487388,0.19484664225484624
12.5642490005711,2.2037827123996374,9.130916787046056,1.2295495011254074
10.336950314106222,2.658984781805355,7.714919205831963,-0.03695367353109137
24.157624214734447,6.969126885477211,16.210904693116536,0.9775926361406932
16.105082809822964,4.807336983908354,11.13313400745792,0.16461181845668105
21.016561964591663,8.074377666543493,14.188530923505894,-1.2463466254577213
12.335808109651628,2.0710854301743544,8.591729095978765,1.6729935834985052
13.53512278697887,3.5878657573823367,9.913662780931906,0.03359424866462871
16.561964591661912,3.8616588839990587,10.808949507844256,1.8913561998185922
29.126213592233018,10.839184331642425,15.518863170625183,2.7681660899654
9.594517418617928,1.7049081197299025,7.553666812241746,0.3359424866462859
19.53169617361508,6.8162730540531475,12.315651560452851,0.39977155910908074
8.338092518560819,1.8963953371182847,7.392414418651527,-0.9507172372089899
17.304397487150197,4.503309033493466,10.607384015856486,2.193704437800249
16.561964591661912,5.312930426311016,11.359895185944168,-0.11086102059327418
9.308966304968584,1.5906876742701648,8.400241878590384,-0.6819632478919608
10.279840091376354,1.4445526925790306,8.106292202774885,0.7289951960224412
9.880068532267272,2.074444855040817,6.989283434675983,0.8163402425504757
15.591090805254144,4.394127725333423,11.112977458259147,0.08398562166157185
16.504854368932037,5.185272281385427,11.70591594718984,-0.3863338596432289
15.24842946887493,4.110256324117311,10.953404777102161,0.18476836765545723
11.650485436893197,3.339268317264084,9.607955118083781,-1.296737998454664
9.251856082238717,1.2984177108878971,7.940000671884974,0.013437699465851221
10.336950314106222,2.351597406524003,8.516142036483354,-0.5307891289011315
9.194745859508847,1.8392851143884172,7.509994288977727,-0.15453354385729154
10.565391205025696,2.2105015621325625,7.629253871737159,0.7256357711559782
17.3043974871502,5.502737931266166,12.097288944132767,-0.29562938824873136
26.49914334665906,10.54355494339369,16.19074814391775,-0.23515974065239964
12.792689891490575,3.0335606544159655,8.9461484193906,0.8129808176840128
26.32781267846944,10.133705109685224,15.80777370914099,0.3863338596432296
11.022272986864644,1.7418617932609937,8.642120468975712,0.638290724627944
9.19474585950885,3.3426277421305484,6.749084556723889,-0.8969664393455837
10.965162764134778,2.3868713676218634,8.178519837403835,0.39977155910908047
20.90234151913193,6.498807404172408,14.312829643565017,0.09070447139449797
15.191319246145058,5.09624752242416,10.69640877481775,-0.6013370510968526
17.589948600799545,5.816844156280444,12.008264185171495,-0.23515974065239986
17.647058823529424,6.455134880908387,13.556959048610873,-2.3650351059898544
18.0468303826385,5.511136493432324,12.236705076090972,0.2989888131151951
17.190177041690465,6.025128498001144,12.011623610037962,-0.8465750663486405
15.819531696173616,5.37507978634058,11.186884805321323,-0.7424328954882922
14.620217018846375,3.290556656700373,10.788792958645478,0.5408674035005212
20.38834951456311,6.977525447643362,13.444418315584374,-0.03359424866462806
16.847515705311256,4.971948802365036,11.50267074276884,0.3728961601773782
16.847515705311256,5.227265092216213,12.312292135586391,-0.6920415224913491
15.419760137064534,4.442839385897137,11.793260993717874,-0.8163402425504752
20.731010850942326,8.490946349984883,13.422582053952366,-1.1825175529949266
19.360365505425474,5.51617563073202,12.345886384251022,1.498303490442437
7.481439177612789,0.3006685255484262,6.999361709275373,0.181408942788995
21.816105082809834,6.219975140255989,13.563677898343803,2.032452044210032
18.61793260993718,6.994322571975676,12.161118016595555,-0.5375079786340573
16.50485436893204,3.913729969429235,12.056975845735213,0.5341485537675957
10.679611650485434,2.415426478986797,9.312325729835054,-1.048140558336413
11.650485436893202,2.759767527799241,9.82463802197064,-0.9339201128766753
11.250713877784122,2.5598817482447,8.657237880874794,0.033594248664628804
19.931467732724162,5.826922430879832,11.779823294252026,2.324722007592301
14.277555682467165,2.963012732220245,11.20032250478718,0.11422044545973764
9.822958309537402,1.5974065240030908,7.130379279067424,1.095172506466893
15.07709880068532,4.316860953404779,10.824066919743343,-0.06382907246279432
11.307824100513988,3.0167635300836495,7.683004669600564,0.6080559008297783
11.25071387778412,2.7900023515974066,8.588369671112304,-0.12765814492558838
9.251856082238717,2.346558269224309,6.613027849632144,0.2922699633822689
11.650485436893202,2.6169919709745697,8.270904021231566,0.7625894446870698
10.79383209594517,1.9518258474149226,8.096213928175496,0.7457923203547555
12.735579668760709,2.299526321093829,7.916484697819734,2.5195686498471463
10.850942318675042,2.228978398898109,8.259146034198944,0.36281788557798905
6.567675613934891,0.42160782074108927,5.588403265360968,0.557664527832835
12.621359223300969,3.7272818893405453,9.485336110457888,-0.5912587764974633
10.508280982295826,1.6175630732018678,7.54694796250882,1.343769946585145
12.621359223300969,3.1091477139113777,9.908623643632211,-0.39641213424261734
11.25071387778412,2.810158900796184,7.997110894614839,0.4434440823730977
9.53740719588806,0.7810662814526156,8.131487889273357,0.6248530251620927
13.934894346087946,5.2138273927503604,9.843114858736183,-1.1220479053985957
14.220445459737292,4.1959216582121135,10.703127624550673,-0.678603823025498
11.136493432324386,2.568280310410857,10.983639600900322,-2.4154264789867974
13.192461450599657,4.284946417173381,9.77760607384016,-0.8700910404138807
21.01656196459167,7.17237208989821,13.897940672556855,-0.05375079786340467
11.764705882352938,2.544764336345618,7.667887257701478,1.5520542883058421
21.530553969160483,7.158934390432356,13.985285719084889,0.3863338596432296
6.567675613934893,0.47367890617126385,5.993213961769745,0.10078274599388556
17.19017704169047,5.2843753149460815,12.026741021937044,-0.1209392951926629
27.355796687607093,10.42933449793395,15.478550072227637,1.447912117445494
27.81267846944604,11.578257802264249,17.164981355191987,-0.9305606880102117
9.366076527698453,2.0962811166728264,7.269795411025636,1.4659255470778767e-16
11.30782410051399,1.773776329492391,8.53965801054859,0.9943897604730073
13.249571673329532,3.527396109786005,9.749050962475225,-0.02687539893170273
6.2250142775556805,0.8818490274465013,5.017301038062284,0.32586421204689797
9.880068532267272,2.2659320724292007,7.839217925891093,-0.22508146605301138
15.191319246145062,4.281586992306917,9.787684348439546,1.1220479053985961
23.92918332381498,7.2664359861591725,12.144320892263242,4.518426445392549
20.73101085094232,7.533510263042967,13.664460644337687,-0.4669600564383375
11.936036550542546,2.7160950045352243,9.18298787247623,0.03695367353109169
17.19017704169047,5.060973561326303,12.098968656565997,0.03023482379816582
15.705311250713878,4.222797057143818,10.11858769778614,1.363926495783922
13.363792118789261,3.9977155910908064,9.604595693217322,-0.238519165518863
16.733295259851516,5.454026270702457,10.785433533779017,0.49383545537004064
19.18903483723588,6.465213155507777,12.344206671817785,0.3796150099103042
15.13420902341519,4.365572613968488,10.294957503275437,0.47367890617126396
23.186750428326672,9.634830517015487,14.882252158430468,-1.3303322471192927
12.392918332381495,3.3409480296973157,8.191957536869687,0.8600127658144925
15.07709880068532,3.880135720764606,11.307824100513992,-0.11086102059327325
17.475728155339805,6.142708368327341,10.093392011287667,1.2396277757247967
20.388349514563107,8.411999865623008,14.082709040212315,-2.1063593912722136
14.677327241576243,3.5576309335841696,9.463499848825881,1.6561964591661913
15.077098800685324,4.830852957973597,10.209292169180634,0.03695367353109117
8.852084523129635,1.647797897000033,6.448416031175462,0.7558705949541444
16.56196459166191,5.294453589545469,10.682971075351901,0.5845399267645384
9.651627641347794,1.9501461349816918,6.00833137366883,1.6931501326972827
20.9594517418618,7.461282628414018,14.213726610004361,-0.7155574965565885
23.01541976013707,8.27762287096449,14.979675479557898,-0.2418785903853251
11.136493432324393,2.919340208956227,8.553095710014446,-0.33594248664628595
10.222729868646482,3.0789128901132132,7.704840931232572,-0.5610239526992976
25.87093089663049,10.095071723720897,15.725467799912652,0.050391372996943865
29.86864648772131,11.529546141700544,17.875499714448882,0.4636006315718755
8.852084523129637,1.422716430947022,7.160614102865591,0.26875398931702943
9.480296973158193,1.683071858097894,8.055900829777944,-0.25867571471764006
14.106225014277555,4.01451271542312,9.628111667282562,0.4636006315718751
13.078241005139919,3.79111096180334,9.999328115026705,-0.712198071690127
17.361507709880073,6.003292236369135,12.695266570363145,-1.3370510968522187
9.251856082238715,1.2614640373568047,6.64326267343031,1.3471293714516073
9.594517418617928,1.9283098733496828,6.362750697080663,1.3034568481875897
10.679611650485432,2.200423287533175,7.101824167702488,1.3773641952497733
9.194745859508847,1.8829576376524335,8.269224308798334,-0.9574360869419155
8.737864077669899,2.0811637047737426,6.065441596398697,0.5912587764974641
11.59337521416333,3.965801054859407,9.529008633721908,-1.9014344744179787
21.530553969160476,7.775388853428293,12.720462256861621,1.0347028588705618
21.24500285551114,7.667887257701481,14.1247018510431,-0.5475862532334461
20.616790405482575,6.730607719958343,13.133671515436554,0.752511170087681
7.195888063963445,1.4260758558134843,5.23566365438237,0.534148553767595
18.503712164477445,5.652232337823766,10.688010212651596,2.163469614002083
15.476870359794404,4.286626129606611,10.511640407162297,0.6786038230254984
15.07709880068532,3.6869687909429913,10.556992642859543,0.8331373668827903
16.619074814391777,5.625356938892061,13.308361608492625,-2.3146437329929115
11.30782410051399,2.7043370175026036,8.173480700104143,0.43000638290724646
10.222729868646484,2.1298753653374547,8.50942318675043,-0.4165686834413952
17.01884637350086,5.099606947290625,11.516108442234689,0.40313098397554453
5.711022272986862,0.01343769946585116,4.599052642187656,1.098531931333356
23.01541976013707,8.013908018947156,12.770853629858568,2.23065811133134
16.333523700742433,5.275976752779922,12.055296133301978,-0.9977491853394695
8.166761850371214,1.2933785735882017,6.201498303490444,0.6718849732925724
10.679611650485432,2.4842946887492863,8.742903214969598,-0.5475862532334461
13.992004568817817,3.300634931299762,10.335270601672994,0.3560990358450639
18.560822387207313,6.151106930493501,12.97073940941311,-0.5610239526992973
23.129640205596804,8.761380051735147,15.23499176940907,-0.8667316155474184
15.93375214163335,6.070480733698388,11.324621224846304,-1.4613498169113452
21.87321530553969,8.41367957805624,14.346423892229646,-0.8868881647461955
9.822958309537402,0.8768098901468069,7.672926395001177,1.2732220243894252
12.16447744146202,2.8857459602915987,9.295528605502739,-0.016797124332314402
21.01656196459167,7.588940773339608,13.615748983773976,-0.18812779252191972
16.619074814391777,4.987066214264118,12.065374407901366,-0.4333658077737082
14.848657909765844,3.7037659152753046,9.686901602445662,1.457990392044882
12.792689891490578,2.9764504316860947,9.56428259481977,0.2519568649847151
13.706453455168479,2.8891053851580613,8.576611684079685,2.240736385930729
17.647058823529417,6.392985520878824,12.497060503241846,-1.2429872005912581
12.507138777841236,3.2620015453354396,9.866630832801423,-0.6214936002956286
18.903483723586525,6.512245103638257,12.391238619948265,3.7079293249616877e-16
8.223872073101083,0.908724426378204,6.078879295864549,1.236268350858333
24.157624214734447,9.975812140961468,16.358719387240903,-2.176907313467934
9.02341519131924,1.4932643531427414,7.200927201263142,0.3292236369133607
10.73672187321531,2.556522323378238,8.623643632210163,-0.4434440823730973
13.763563677898345,4.370611751268183,10.293277790842204,-0.9003258642120461
12.906910336950313,3.5929048946820306,10.140423959418149,-0.826418517149864
20.731010850942333,7.152215540699432,12.520576477307085,1.0582188329358022
9.537407195888058,1.9232707360499883,6.216615715389525,1.3975207444485507
9.708737864077666,2.0290926193435683,7.15893439043236,0.5207108543017439
14.22044545973729,4.562098968656566,9.900225081466049,-0.2418785903853256
10.165619645916614,2.7110558672355296,7.810662814526154,-0.35609903584506347
13.706453455168475,3.3762219907951763,9.769207511674002,0.5610239526992981
9.53740719588806,1.1690798535290756,8.15668357577183,0.2116437665871608
8.566533409480293,2.4238250411529547,6.996002284408909,-0.8532939160815666
18.560822387207317,5.059293848893071,13.263009372795375,0.23851916551886343
16.219303255282696,4.269829005274298,10.669533375886047,1.2799408741223497
15.876641918903486,4.803977559041891,11.583296939563944,-0.5106325797023545
12.507138777841234,2.717774716968456,8.93942956965767,0.8499344912151041
10.622501427755568,2.6321093828736526,7.321866496455809,0.6685255484261093
18.67504283266705,6.532401652837035,12.260221050156213,-0.1175798703261995
20.274129069103367,8.354889642893136,14.516074847986017,-2.596835421775793
21.016561964591663,7.976954345416066,13.862666711458996,-0.823059092283401
15.762421473443753,4.6175294789532035,11.736150770988013,-0.5912587764974634
18.2181610508281,5.984815399603587,13.234454261430438,-1.0011086102059321
18.218161050828105,5.312930426311017,11.699197097456917,1.2060335270601679
15.819531696173616,5.092888097557698,12.100648368999229,-1.3740047703833105
21.01656196459167,7.142137266100045,13.656062082171527,0.21836261632008638
21.47344374643062,7.824100513992002,12.530654751906475,1.1186884805321333
11.136493432324386,2.2558537978298117,7.835858501024624,1.0447811334699502
18.218161050828105,5.134880908388485,10.684650787785134,2.3986293546544846
34.43746430611078,13.674538918937085,20.2388551080055,0.5240702791682067
13.420902341519131,3.292236369133604,11.129774582591462,-1.0011086102059321
11.25071387778412,2.087882554506669,7.856015050223403,1.3068162730540538
9.88006853226727,2.4423018779185,6.812913629186683,0.6248530251620923
12.05025699600229,2.9143010716565327,10.16729935834985,-1.0313434340040983
16.96173615077099,5.227265092216215,12.144320892263249,-0.4098498337084687
11.422044545973732,1.1774784156952334,8.689152417106191,1.5554137131723054
11.993146773272413,2.2256189740316454,8.427117277522088,1.3404105217186824
11.93603655054255,2.311284308126448,10.064836899922735,-0.44008465750663456
23.415191319246148,8.579971108946154,14.915846407095096,-0.08062619679510807
21.302113078241014,7.966876070816676,12.39459804481473,0.9406389626096013
17.19017704169047,4.57721638055565,11.534585279000236,1.0783753821345785
12.507138777841234,2.2659320724292,9.109080525414049,1.1321261799979847
13.021130782410053,3.508919273020459,10.254644404877885,-0.7424328954882925
21.302113078241014,6.3829072462794345,13.390667517720965,1.5285383142406022
12.849800114220445,3.78103268720395,11.128094870158233,-2.0593274431417323
8.166761850371213,1.4663889542110387,6.035206772600532,0.665166123559647
15.476870359794406,3.9305270937615484,10.538515806093995,1.0078274599388586
13.706453455168477,2.5682803104108576,9.901904793899286,1.2362683508583334
12.906910336950313,4.081701212752378,10.007726677192865,-1.1825175529949272
22.272986864648786,8.437195552121477,13.42258205395236,0.4132092585749329
29.240434037692758,10.973561326300938,16.738334397151206,1.5285383142406035
17.01884637350086,5.259179628447608,12.448348842678135,-0.6886820976248866
11.4791547687036,2.210501562132564,8.862162797729031,0.4064904088420068
14.391776127926905,3.4400510632579704,10.629220277488493,0.32250478718043585
14.334665905197031,4.04978667652098,10.126986259952293,0.15789296872375497
9.88006853226727,2.5229280747136094,5.613598951859441,1.7435415056942245
11.993146773272413,2.6388282326065777,8.803372862565931,0.5509456780999101
13.592233009708737,3.576107770349715,10.305035777874826,-0.2889105385158059
16.61907481439178,4.55705983135687,12.367722645883024,-0.30570766284811995
14.677327241576249,3.7474384385393225,11.269190714549671,-0.3393019115127491
24.842946887492875,8.64044075654248,15.43319783653038,0.769308294419996
25.35693889206169,9.473578123425268,16.15211475795343,-0.2687539893170281
17.075956596230732,5.109685221890013,11.986427923539486,-0.020156549198777268
15.933752141633358,4.153928847381329,11.628649175261195,0.15117411899082908
21.07367218732153,7.437766654348778,13.944972620687333,-0.3090670877145835
14.962878355225591,5.149998320287568,10.639298552087881,-0.8264185171498644
8.794974300399767,1.6293210602344876,6.755803406456816,0.409849833708469
12.164477441462022,3.411495951893035,9.058689152417108,-0.3057076628481203
12.792689891490578,2.89918365975745,9.920381630664831,-0.026875398931702734
7.938320959451738,1.9148721738838312,6.248530251620924,-0.22508146605301155
18.2181610508281,6.0016125239359015,12.004904760305033,0.2116437665871609
6.5676756139348935,0.7273154835892097,6.028487922867604,-0.1881277925219194
10.165619645916616,2.3297611448919944,9.777606073840161,-1.9417475728155333
21.816105082809827,9.319044579567976,14.976316054691427,-2.4792555514495915
11.707595659623074,2.3935902173547885,8.5077434743172,0.806261967951087
18.446601941747574,6.478650854973629,12.797729028790272,-0.8297779420163263
13.420902341519131,3.720563039607621,10.728323311049147,-1.0279840091376347
11.821816105082808,2.4019887795209454,9.366076527698462,0.053750797863406446
11.993146773272413,1.1035710686330498,9.428225887728024,1.461349816911345
17.76127926898915,5.808445594114287,12.695266570363154,-0.7424328954882924
12.107367218732154,2.351597406524003,8.684113279806498,1.0716565324016532
10.051399200456874,2.6270702455739587,8.66731615547418,-1.242987200591259
18.503712164477445,7.2765142607585584,12.65831289683206,-1.4311149931131788
14.848657909765851,4.515067020526087,10.813988645143953,-0.4803977559041888
21.35922330097088,7.817381664259078,14.264117983001313,-0.722276346289515
16.504854368932044,5.121443208922629,10.597305741257102,0.7861054187523099
14.220445459737295,3.3762219907951754,9.238418382772872,1.6058050861692483
12.564249000571104,3.033560654415964,9.839755433869724,-0.3090670877145826
8.509423186750425,0.8801693150132699,7.172372089898209,0.456881781838949
19.18903483723587,7.007760271441533,13.770282527631277,-1.5890079618369335
16.333523700742433,5.373400073907347,11.245674740484429,-0.28555111364934266
10.051399200456878,3.3392683172640862,8.092854503309034,-1.3807236201162358
17.075956596230732,5.111364934323244,10.909732253838143,1.0548594080693396
11.193603655054249,2.8051197634964895,7.498236301945108,0.8902475896126585
15.24842946887493,4.723351362246782,10.60906372828972,-0.08398562166157161
13.992004568817821,3.3527060167299347,10.12866597238553,0.5106325797023552
8.109651627641345,0.11086102059327461,6.638223536130614,1.360567070917459
16.276413478012568,4.906440017469011,11.692478247723985,-0.3225047871804344
16.847515705311253,5.338126112809488,12.759095642825947,-1.2497060503241848
18.103940605368365,6.866664427050085,12.056975845735208,-0.8196996674169383
25.81382067390063,9.162831323277457,15.770820035609901,0.8801693150132701
8.338092518560819,0.5643833775657608,8.657237880874797,-0.8835287398797323
12.278697886921757,3.105788289044915,8.907515033426273,0.26539456445056675
14.848657909765853,4.50666845835993,9.411428763395705,0.9305606880102134
18.903483723586525,5.576645278328348,12.03681929653643,1.2900191487217387
16.790405482581384,4.886283468270234,10.587227466657712,1.316894547653442
15.591090805254142,5.20038969328451,11.28094870158229,-0.8902475896126577
13.078241005139915,3.1377028252763126,8.196996674169382,1.7435415056942258
10.279840091376352,3.2132898847717275,6.975845735210133,0.09070447139449749
14.04911479154769,4.009473578123424,10.829106057043035,-0.7894648436187721
23.98629354654484,7.869452749689256,13.724930291934024,2.3919105049215585
16.3906339234723,3.975879329458796,10.328551751940067,2.086202842073437
12.67846944603084,2.6253905331407275,10.630899989921724,-0.5778210770316117
7.8241005139920015,1.2900191487217385,6.577753888534284,-0.04367252326401705
29.925756710451193,11.778143581818796,18.910202573319435,-0.7625894446870694
20.045688178183898,6.498807404172406,13.11351496623778,0.43336580777370887
12.5642490005711,3.693687640675916,8.873920784761653,-0.003359424866462415
17.304397487150208,5.539691604797258,11.482514193570058,0.2821916887828809
6.22501427755568,0.28891053851580617,5.344844962542414,0.5912587764974641
10.90805254140491,2.564920885544395,7.765310578828904,0.5778210770316121
14.677327241576242,4.217757919844122,10.039641213424263,0.41992810830785854
12.564249000571108,2.682500755870595,8.054221117344712,1.8275271273557976
13.420902341519138,3.3308697550979267,9.539086908321297,0.5509456780999097
15.476870359794404,3.8196660731682734,11.465717069237744,0.19148721738838306
14.334665905197033,3.989317028924648,10.29159807840898,0.05375079786340645
12.22158766419189,2.835354587294655,8.23730977256694,1.1489233043302984
26.21359223300971,10.592266603957402,15.90015789296872,-0.27883226391641724
14.620217018846372,5.368360936607652,11.489233043302987,-2.237376961064265
10.908052541404912,1.2278697886921761,7.866093324822791,1.8140894278899462
17.01884637350086,5.452346558269224,13.726610004367254,-2.160110189135619
11.993146773272416,3.3711828534954824,9.357677965532298,-0.7357140457553658
8.28098229583095,0.3947324218093863,6.132630093727952,1.7536197802936138
10.336950314106224,3.031880941982733,8.235630060133708,-0.9305606880102125
16.561964591661912,4.677999126549534,11.571538952531327,0.31242651258104637
14.334665905197033,4.195921658212115,11.096180333926833,-0.9574360869419154
12.621359223300972,2.9059025094903754,8.889038196660733,0.826418517149865
14.848657909765851,4.036348977055128,9.45846071152619,1.3538482211845335
9.53740719588806,1.9081533241509052,7.229482312628078,0.39977155910908074
8.966304968589371,0.8213793798501701,6.935532636812574,1.2093929519266304
11.193603655054252,2.245775523230424,8.709308966304969,0.2385191655188637
13.53512278697887,3.319111768065307,9.58443914401855,0.6315718748950183
18.617932609937178,6.965767460610746,12.9757785467128,-1.3236133973863669
16.504854368932044,4.444519098330364,11.50267074276884,0.5576645278328354
16.447744146202172,5.825242718446603,11.962911949474254,-1.3404105217186808
18.560822387207327,6.2989216246178685,13.689656330836158,-1.4277555682467156
13.078241005139924,3.423253938925657,9.332482279033831,0.3225047871804356
21.01656196459167,5.956260288238659,14.36826015386165,0.6920415224913496
25.92804111936037,10.006046964759634,14.951120368192964,0.9708737864077678
20.902341519131937,6.497127691739173,13.981926294218427,0.4232875331743212
16.504854368932044,5.8789935163100075,11.616891188228577,-0.9910303356065432
21.416333523700754,7.237880874794231,14.954479793059427,-0.7760271441529203
15.81953169617362,5.042496724560754,10.924849665737227,-0.14781469412436546
10.279840091376352,1.4479121174454936,8.452312964020559,0.3796150099103036
9.765848086807535,2.331440857325226,7.981993482715761,-0.5475862532334466
21.758994860079962,8.087815366009336,13.76524339033157,-0.09406389626095936
17.53283837806968,5.620317801592366,12.161118016595562,-0.24859744011825155
13.420902341519133,3.2670406826351335,9.001578929687236,1.1522827291967621
12.564249000571104,2.8571908489266638,9.814559747371256,-0.10750159572681127
14.391776127926896,4.886283468270233,11.044109248496655,-1.5386165888399899
8.737864077669899,1.266503174656499,7.840897638324321,-0.36953673531091435
21.930325528269552,7.21100547586253,14.339705042496723,0.37961500991030395
13.192461450599659,3.322471192931769,9.967413578795313,-0.0974233211274222
15.876641918903488,4.241273893909362,9.260254644404878,2.3751133805892435
8.966304968589371,1.5890079618369337,6.977525447643365,0.39977155910908074
11.821816105082807,2.7799240769980176,8.390163603990997,0.6517284240937955
25.014277555682476,9.235058957906407,14.835220210299996,0.9439983874760636
12.10736721873215,2.637148520173346,8.848725098263177,0.6214936002956294
17.761279268989146,5.1684751570531136,12.062014983034905,0.5307891289011326
11.993146773272416,3.833103772634125,9.228340108173482,-1.0682971075351897
19.01770416904626,5.5934424026606635,12.785971041757652,0.6382907246279439
17.418617932609937,6.122551819128565,11.75630732018678,-0.460241206705412
10.622501427755562,1.746900930560688,8.6841132798065,0.1914872173883831
19.760137064534558,6.974166022776901,13.014411932677122,-0.22844089091947378
14.734437464306112,3.962441629992947,10.624181140188803,0.14781469412436632
8.28098229583095,2.220579836731951,5.660630899989923,0.3997715591090802
16.50485436893204,5.3633217993079585,12.508818490274468,-1.3672859206503847
8.166761850371213,0.8113011052507814,6.250209964054153,1.105250781066282
16.73329525985151,5.395236335539356,11.56649981523163,-0.22844089091947384
17.19017704169046,5.380118923640274,11.413645983807577,0.396412134242618
15.762421473443741,5.230624517082674,9.30896630496859,1.2228306513924831
8.966304968589373,1.2093929519266302,7.548627674942052,0.20828434172069793
8.052541404911475,0.8415359290489469,5.5917626902274336,1.619242785635099
17.875499714448893,5.9361037390398765,12.218228239325429,-0.27883226391641724
12.39291833238149,3.0385997917156593,9.663385628380421,-0.3090670877145824
20.102798400913763,6.560956764201969,14.499277723653702,-0.9574360869419151
16.16219303255283,5.055934424026607,11.05250781066281,0.05375079786340646
12.16447744146202,2.831995162428193,8.966304968589379,0.3661773104444522
7.881210736721869,0.5761413645983807,6.693654046427254,0.6114153256962411
10.051399200456881,2.366714818423086,8.396882453723922,-0.7121980716901262
12.507138777841234,3.1242651258104615,9.036852890785097,0.3460207612456752
11.821816105082807,3.53411495951893,8.979742668055229,-0.6920415224913494
11.250713877784118,2.5649208855443946,8.695871266839116,-0.010078274599388374
13.249571673329525,4.2899855544730725,10.182416770248935,-1.2228306513924816
11.536264991433463,2.8571908489266633,8.645479893842175,0.033594248664629026
11.422044545973725,2.170188463735009,7.148856115832969,2.1029999664057524
9.48029697315819,1.8695199381865824,7.184130076930831,0.4266469580407834
14.620217018846377,3.485403298955219,9.230019820606715,1.9047938992844424
10.908052541404906,2.2323378237645715,8.19531696173615,0.4803977559041893
15.419760137064532,3.8163066483018095,11.089461484193906,0.5139920045688177
14.106225014277554,4.535223569724864,10.545234655826917,-0.9742332112742292
17.1330668189606,5.017301038062284,12.461786542143985,-0.3460207612456747
12.906910336950315,2.4607787146840456,9.895185944166363,0.5509456780999099
15.819531696173625,5.149998320287565,11.045788960929888,-0.3762555850438398
12.050256996002284,2.081163704773743,9.93549904256391,0.03359424866462875
11.422044545973728,2.865589411092821,7.387375281351834,1.1690798535290763
8.28098229583095,1.5990862364363219,6.41986091981053,0.26203513958410335
21.701884637350087,7.65444955823563,14.10454530184432,-0.05711022272986754
26.89891490576814,9.221621258440555,16.11516108442234,1.562132562905232
10.508280982295828,2.0458897436758825,7.931602109718814,0.5307891289011324
20.788121073672187,7.6628481204017875,13.333557294991097,-0.2082843417206966
13.706453455168475,2.9663721570867074,7.918164410252965,2.8219168878288046
16.047972587093096,5.296133301978702,11.091141196627138,-0.33930191151274897
13.706453455168473,3.692007928242685,10.73336244834884,-0.7189169214230525
16.84751570531126,4.125373736016395,10.313434340040983,2.408707629253872
18.675042832667057,5.867235529277385,10.583868041791245,2.223939261598414
20.73101085094232,7.355460745120433,14.195249773238828,-0.8196996674169377
10.108509423186746,2.4070279168206397,7.829139651291701,-0.12765814492558844
13.706453455168479,2.694258742903215,10.333590889239762,0.6786038230254982
10.508280982295828,2.581718009876709,8.222192360667853,-0.29562938824873164
6.739006282124497,-0.2553162898511774,6.954009473578123,0.04031309839755452
9.708737864077666,1.8359256895219538,6.633184398830923,1.2396277757247967
22.55853797829812,6.6667786474955495,12.16279772902879,3.728961601773778
11.53626499143347,2.684180468303826,8.862162797729033,-0.010078274599388226
10.793832095945172,2.895824234890986,7.024557395773845,0.8734504652803439
8.623643632210163,0.9104041388114353,5.979776262303893,1.7334632310948364
7.938320959451738,0.6954009473578123,5.912587764974639,1.3303322471192938
13.820673900628211,3.203211610172339,9.529008633721912,1.0884536567339673
10.850942318675036,2.4658178519837404,8.33809251856082,0.04703194813048047
14.677327241576243,4.555380118923641,11.428763395706655,-1.3068162730540527
11.764705882352938,2.5145295125474516,7.990392044881918,1.2597843249235732
13.649343232438607,3.6617731044445185,10.125306547519067,-0.13773641952497714
15.019988577955457,4.2160782074108925,11.495951893035915,-0.6920415224913491
18.732153055396918,6.886820976248865,12.779252192024726,-0.9339201128766746
21.073672187321538,7.7065206436658045,14.811704236234753,-1.4445526925790297
14.163335237007429,4.410924849665737,10.558672355292776,-0.8062619679510863
14.848657909765851,4.449558235630063,9.26025464440488,1.1388450297309103
7.195888063963445,0.7726677192864582,5.324688413343638,1.0985319313333564
11.87892632781268,2.7026573050693727,8.68579299223973,0.49047603050357813
33.6950314106225,14.915846407095103,18.527228138542686,0.2519568649847153
21.70188463735009,6.81291362918668,13.27980649712769,1.6091645110357125
20.217018846373502,6.433298619276381,14.03567709208183,-0.25195686498471387
21.47344374643062,7.439446366782007,14.252359995968687,-0.21836261632008525
24.90005711022273,8.200356099035847,16.000940638962604,0.6987603722242756
14.334665905197037,3.1293042631101566,10.15050223401754,1.0548594080693394
10.622501427755562,1.5470151510061474,7.671246682567943,1.4042395941814765
20.331239291833256,6.177982329425207,13.76356367789834,0.38969328450969215
9.366076527698452,2.470856989283435,7.177411227197905,-0.28219168878288037
14.563106796116509,4.1942419457788835,8.904155608559813,1.464709241777808
15.248429468874926,3.7642355628716357,10.029562938824874,1.4546309671784197
17.58994860079954,5.532972755064334,10.914771391137835,1.1422044545973735
21.245002855511142,7.538549400342662,13.471293714516076,0.2351597406524011
9.765848086807534,1.7771357543588542,8.516142036483354,-0.527429704034669
13.934894346087948,3.7121644774414615,10.162260221050152,0.060469647596332006
9.194745859508846,1.6612355964658847,7.563745086841133,-0.030234823798165365
17.70416904625928,5.405314610138745,12.073772970067523,0.22508146605301174
10.679611650485432,2.5565223233782377,7.750193166929824,0.3728961601773781
12.16447744146202,2.763126952665704,7.923203547552661,1.478146941243659
11.76470588235294,3.792790674236571,9.030134041052168,-1.0582188329358004
18.78926327812679,6.018409648268218,13.20757886249874,-0.43672523264017177
14.3917761279269,2.774884939698325,10.807269795411024,0.8096213928175505
13.763563677898345,4.256391305808446,9.712097288944133,-0.20492491685423422
25.699600228440904,9.37783451473108,14.917526119528336,1.4042395941814767
20.445459737292982,7.03295595794,12.69694628279638,0.7155574965565903
24.90005711022274,9.69865958947828,15.218194645076759,-0.016797124332313975
9.765848086807534,1.9182315987502945,6.557597339335508,1.2900191487217394
13.192461450599655,2.346558269224309,9.206503846541475,1.6393993348338771
17.932609937178754,5.968018275271275,13.0295293445762,-1.0649376826687267
9.765848086807534,0.5039137299694296,8.220512648234621,1.0414217086034874
25.985151342090234,11.934356838109315,16.227701817448857,-2.176907313467933
19.360365505425474,7.048073369839082,13.383948667988037,-1.0716565324016525
22.958309537407207,8.222192360667854,13.429300903685286,1.3068162730540551
26.613363792118793,9.419827325561865,15.379447038666978,1.8140894278899466
10.165619645916614,1.4445526925790306,7.978634057849298,0.7424328954882923
13.64934323243861,4.1656868344139495,9.591157993751466,-0.10750159572681091
17.98972015990863,4.800618134175431,13.672859206503844,-0.4837571807706514
15.077098800685325,4.552020694057177,8.996539792387546,1.5285383142406024
12.964020559680183,4.051466388954211,9.661705915947191,-0.7491517452212185
20.388349514563107,8.01894715624685,10.14546309671784,2.2239392615984146
7.824100513991999,1.8224879900561028,6.048644472066381,-0.04703194813048023
15.81953169617362,5.193670843551584,10.404138811435478,0.22172204118654876
10.679611650485432,1.9283098733496824,8.351530218026673,0.39977155910908074
13.078241005139919,3.2620015453354387,9.849833708469113,-0.033594248664628096
16.61907481439178,5.3868377733731965,10.634259414788191,0.5979776262303894
13.592233009708742,3.3107132058991504,9.260254644404874,1.0212651594047102
8.737864077669899,1.35048879631807,6.836429603251923,0.5509456780999098
19.074814391776133,6.097356132630095,12.728860819027778,0.24859744011825266
12.278697886921755,3.3157523431988443,9.423186750428329,-0.46024120670541174
19.41747572815534,5.976416837437429,12.413074881580275,1.0279840091376362
13.420902341519131,3.6869687909429905,8.964625256156149,0.7693082944199956
13.021130782410054,3.4954815735546085,10.553633217993081,-1.0279840091376358
21.073672187321534,7.219404038028691,12.396277757247955,1.457990392044882
20.21701884637351,6.828031041085764,13.382268955554803,0.006718849732926081
8.166761850371214,1.0548594080693385,6.194779453757516,0.9171229885443619
8.794974300399767,1.2312292135586393,7.133738703933886,0.4300063829072466
27.355796687607096,11.099539758793297,16.89118822857527,-0.6349312997614803
11.193603655054252,3.3846205529613327,8.8873584842275,-1.0783753821345783
16.619074814391777,6.073840158564854,12.59784324923573,-2.052608593408808
12.849800114220445,2.6069136963751802,9.315685154701514,0.9272012631437502
13.363792118789267,3.0772331776799815,11.284308126448751,-0.997749185339469
12.964020559680181,2.1265159404709917,9.188027009775928,1.649477609433266
21.245002855511135,7.558705949541437,13.844189874693454,-0.15789296872375377
15.248429468874926,4.923237141801323,9.535727483454831,0.789464843618773
23.12964020559682,7.399133268384448,14.568145933416197,1.162361003796151
18.56082238720732,5.7362179594853355,12.058655558168441,0.7659488695535329
11.821816105082808,2.588436859609635,8.621963919776933,0.6114153256962407
12.450028555111365,3.130983975543386,8.791614875533313,0.5274297040346695
13.877784123358085,4.224476769577048,8.937749857224441,0.7155574965565898
11.821816105082814,2.4742164141498972,10.335270601672997,-0.9876709107400812
22.330097087378647,7.100144455269256,10.640978264521111,4.5889743675882695
18.560822387207317,6.072160446131625,13.916417509322402,-1.4277555682467156
13.078241005139926,4.770383310377264,10.20257331944771,-1.8947156246850534
22.958309537407203,7.017838546040918,13.676218631370306,2.2642523599959685
16.219303255282707,4.641045453018442,10.711526186716835,0.8667316155474187
16.96173615077098,5.275976752779922,12.478583666476295,-0.7928242684852354
12.278697886921762,3.082272314979675,9.955655591762689,-0.7592300198206061
17.47572815533981,4.817415258507743,12.319010985319313,0.3393019115127493
10.622501427755566,1.8174488527564086,9.07044713944973,-0.2653945644505658
15.41976013706454,4.254711593375215,11.870527765646523,-0.7054792219572007
14.163335237007423,2.9361373332885425,9.046931165384487,2.180266738334398
22.158766419189046,7.761951153962442,15.636443040951386,-1.239627775724795
23.07252998286694,8.13148788927336,11.954513387308095,2.9865287062854846
26.6133637921188,8.942788994524138,14.008801693150124,3.66177310444452
12.450028555111366,3.5845063325158724,6.8968992508482545,1.9686229717472372
30.49685893774986,11.862129203480363,18.181207377297003,0.45352235697248666
12.050256996002284,3.3527060167299356,8.983102092921689,-0.2855511136493423
7.138777841233578,0.945678099909296,6.475291430107166,-0.28219168878288
13.70645345516847,3.3308697550979267,10.684650787785134,-0.30906708771458286
8.338092518560817,1.1522827291967614,7.189169214230524,-0.0033594248664626284
19.01770416904626,5.625356938892063,12.025061309503808,1.3672859206503858
17.875499714448882,4.49323075889408,13.006013370510962,0.3762555850438411
17.989720159908632,5.546410454530184,12.023381597070586,0.41992810830785826
19.417475728155345,7.006080559008298,13.449457452884069,-1.0380622837370244
23.986293546544825,9.680182752712735,15.854805657271474,-1.5486948634393776
24.21473443746432,7.753552591796284,14.304431081398864,2.156750764269157
16.04797258709309,5.002183626163201,11.408606846507876,-0.36281788557798855
26.841804683038266,10.269761816776965,16.823999731246012,-0.2519568649847141
16.619074814391777,4.997144488863509,11.588336076863637,0.033594248664628845
10.451170759565956,2.4842946887492854,8.275943158531259,-0.309067087714583
8.338092518560819,0.5711022272986868,7.753552591796285,0.013437699465851686
13.877784123358085,3.807908086135655,10.842543756508885,-0.7726677192864575
20.9594517418618,7.056471932005242,12.397957469681186,1.5050223401753633
25.98515134209023,9.987570127994086,15.224913494809686,0.7726677192864592
15.648201027984014,5.512816205865556,11.559780965498703,-1.424396143380253
7.367218732153056,0.8465750663486411,6.020089360701446,0.5005543051029667
11.593375214163334,2.491013538482212,8.383444754258068,0.718916921423053
24.900057110222733,9.715456713810598,14.401854402526286,0.7827459938858469
9.366076527698453,1.6024456613027855,6.046964759633151,1.7166661067625224
12.278697886921755,2.3398394194913825,9.17290959787684,0.7659488695535324
7.8241005139920015,1.6276413478012566,6.727248295091881,-0.5307891289011316
11.536264991433466,2.286088621627978,7.637652433903314,1.6125239359021746
34.66590519703026,14.484160311754634,19.479625088184896,0.7021197970907382
12.164477441462015,2.9613330197870122,9.636510229448719,-0.4333658077737085
15.4768703597944,5.245741928981756,10.291598078408976,-0.06046964759633083
9.53740719588806,1.5033426277421302,7.352101320253974,0.681963247891961
17.70416904625928,6.483689992273322,12.873316088285684,-1.6528370342997278
14.391776127926903,3.777673262337488,9.747371250041995,0.866731615547419
23.07252998286695,8.129808176840125,14.190210635939122,0.7525111700876812
15.591090805254149,5.2121476803171305,11.343098061611848,-0.9641549366748405
16.047972587093092,4.421003124265125,10.474686733631204,1.1522827291967623
21.359223300970882,8.037423993012398,13.446098028017607,-0.12429872005912537
14.505996573386641,3.782712399637182,10.19249504484832,0.5307891289011324
10.793832095945172,2.8219168878288037,8.714348103604667,-0.7424328954882918
12.335808109651627,3.0150838176504187,8.867201935028726,0.45352235697248666
13.249571673329529,2.998286693318104,8.998219504820774,1.2530654751906478
23.58652198743576,8.899116471260124,14.069271340746457,0.6181341754291665
8.623643632210161,1.464709241777808,7.091745893103102,0.06718849732925727
13.820673900628217,3.6063425941478826,9.025094903752477,1.1892364027278528
6.567675613934893,0.826418517149864,6.530721940403805,-0.789464843618772
10.279840091376352,2.2155406994322573,8.826888836631168,-0.7625894446870695
13.192461450599659,4.345416064769712,9.898545369032824,-1.0514999832028755
12.964020559680181,3.587865757382337,10.23616756811234,-0.8600127658144925
17.36150770988007,6.008331373668827,11.917559713776999,-0.5643833775657602
11.707595659623069,2.069405717741123,8.616924782477238,1.0212651594047102
25.699600228440907,10.543554943393692,16.788725770148147,-1.6326804851009504
14.677327241576243,2.9092619343568376,10.350388013572077,1.4176772936473274
11.536264991433466,2.732892128867538,8.880639634494575,-0.07726677192864537
12.62135922330097,3.3207914804985377,9.703698726777978,-0.4031309839755434
10.850942318675044,4.288305842039843,8.705949541438507,-2.1433130648033054
17.247287264420336,5.5312930426311,11.98474821110626,-0.2687539893170281
11.936036550542543,2.9596533073537805,8.99318036752108,-0.016797124332314187
10.736721873215302,2.00725635771156,8.531259448382436,0.19820606712130914
11.650485436893202,2.862229986226358,9.913662780931908,-1.1254073302650587
10.565391205025698,1.9854200960795512,8.311217119629118,0.2687539893170293
20.445459737292982,7.6712466825679435,13.01273222024389,-0.23851916551886224
8.794974300399767,2.0206940571774115,6.93889206167904,-0.1646118184566802
16.790405482581384,5.442268283669838,11.818456680216348,-0.4703194813048004
23.300970873786422,8.081096516276412,13.614069271340744,1.6058050861692472
16.504854368932044,5.124802633789096,10.89629455437229,0.48375718077065255
12.735579668760703,2.8084791883629525,8.549736285147985,1.3773641952497726
16.390633923472304,4.5906540800215,10.227769005946183,1.5722108375046204
20.616790405482593,6.562636476635201,12.56592871300433,1.4882252158430482
13.135351227869787,4.723351362246784,9.809520610071557,-1.3975207444485498
8.737864077669899,1.7603386300265393,7.121980716901266,-0.14445526925790345
12.450028555111365,2.5346860617462292,9.2400980952061,0.6752443981590351
21.1307824100514,7.565424799274365,12.16447744146202,1.4008801693150132
16.333523700742433,4.756945610911411,10.652736251553733,0.9238418382772873
15.305539691604807,4.924916854234556,11.465717069237746,-1.0850942318675028
12.84980011422045,3.4988409984210715,10.94332650250277,-1.592367386703397
11.707595659623069,3.35774515402963,8.111331340074578,0.23851916551886332
13.249571673329527,3.3711828534954815,11.000436725232646,-1.122047905398596
6.910336950314104,1.1757987032620014,5.412033459871669,0.32250478718043496
11.364934323243862,1.7368226559612994,7.995431182181613,1.6326804851009515
21.18789263278127,6.16454462995935,12.295495011254081,2.7278529915678447
14.163335237007425,4.916518292068398,10.493163570396748,-1.2463466254577216
7.42432895488292,0.8868881647461957,6.419860919810529,0.11757987032620038
20.445459737292982,6.5038465414720985,13.481371989115459,0.46024120670541246
22.330097087378647,8.151644438472134,14.339705042496718,-0.16125239359021673
11.821816105082807,2.482614976316054,8.788255450666846,0.5509456780999096
9.023415191319245,0.4316860953404777,8.5077434743172,0.0839856216615718
17.58994860079955,5.299492726845164,9.7742466489737,2.516209224980683
10.279840091376352,2.5498034736453126,8.18355897470353,-0.45352235697248583
10.051399200456878,1.9350287230826075,8.344811368293746,-0.22844089091947425
12.16447744146202,2.643867369906272,9.302247455235666,0.2183626163200869
13.877784123358076,3.9036516948298456,10.639298552087881,-0.6651661235596464
15.53398058252428,4.997144488863507,9.898545369032824,0.6382907246279439
22.272986864648775,8.091174790875803,14.961198642792354,-0.7793865690193837
16.333523700742433,4.412604562098969,10.513320119595521,1.4075990190479388
15.53398058252428,3.9926764537911112,10.550273793126616,0.9910303356065447
13.078241005139919,3.4753250243558313,9.36775624013169,0.2351597406524006
11.536264991433464,3.1041085766116843,9.100681963247892,-0.6685255484261096
7.595659623072528,-0.8163402425504754,6.6818960593946315,1.730103806228374
16.96173615077099,6.525682803104109,12.394598044814723,-1.9585446971478482
21.587664191890347,7.515033426277423,12.235025363657742,1.837605401955185
20.502569960022846,6.99600228440891,13.950011757987031,-0.4434440823730973
16.676185037121645,4.960190815332415,12.179594853361099,-0.4636006315718743
8.909194745859503,1.570531125071388,6.508885678771797,0.8297779420163273
14.677327241576242,4.25975073067491,10.773675546746396,-0.3560990358450629
7.595659623072527,0.7105183592568954,5.84707898007861,1.0380622837370248
12.62135922330097,3.5189975476198465,10.063157187489503,-0.9607955118083781
14.277555682467163,3.399737964860415,10.615782578022642,0.26203513958410346
28.55511136493433,11.877246615379448,18.18288708973024,-1.505022340175361
14.3917761279269,4.557059831356873,10.943326502502767,-1.1086102059327438
17.989720159908632,5.173514294352807,12.497060503241848,0.31914536231397256
27.47001713306682,9.350959115799377,15.962307252998283,2.1567507642691583
21.24500285551115,6.288843350018477,12.742298518493635,2.2138609869990247
7.766990291262132,1.1959552524607788,5.637114925924683,0.9339201128766752
9.023415191319243,1.4697483790775026,6.5962307252998285,0.9574360869419162
9.651627641347796,1.9719823966136993,7.511674001410956,0.1679712433231431
12.964020559680183,3.3627842913293238,9.439983874760644,0.1612523935902181
9.366076527698453,1.562132562905231,7.25299828669332,0.55094567809991
13.535122786978866,2.2944871837941347,10.37390398763732,0.8667316155474186
9.251856082238717,2.12483622803776,6.4081029327779095,0.7189169214230524
13.592233009708735,3.403097389726879,10.064836899922732,0.12429872005912664
10.165619645916614,2.647226794772734,8.489266637551651,-0.9708737864077671
13.420902341519133,2.650586219639199,10.306715490308061,0.46360063157187564
8.509423186750425,1.6595558840326534,6.614707562065374,0.2351597406524001
10.565391205025692,2.1584304767023896,8.376725904525143,0.03023482379816627
14.62021701884637,4.934995128833944,10.031242651258106,-0.3460207612456736
11.593375214163334,2.4305438908858803,8.48758692511842,0.6752443981590351
26.784694460308405,10.798871233244864,14.329626767897327,1.656196459166191
13.535122786978869,3.0688346155138237,9.623072529982867,0.8432156414821783
14.905768132495716,3.8734168710316794,10.669533375886049,0.3628178855779893
9.708737864077664,1.5974065240030912,6.858265864883932,1.2530654751906478
10.79383209594517,2.5531628985117747,7.3638593072865905,0.8768098901468068
19.58880639634495,5.944502301206034,12.394598044814728,1.2497060503241846
17.989720159908625,5.684146874055159,12.923707461282627,-0.6181341754291663
14.962878355225588,4.792219572009271,11.689118822857532,-1.5184600396412131
19.474585950885217,7.377297006752445,14.831860785433536,-2.734571841300769
7.367218732153051,0.47871804347095787,5.359962374441497,1.5285383142406026
9.023415191319243,1.3992004568817822,6.912016662747338,0.7121980716901266
13.078241005139922,2.6253905331407266,9.891826519299896,0.5610239526992987
20.38834951456311,5.978096549870662,14.114623576443716,0.2956293882487322
18.903483723586522,6.290523062451711,12.636476635200054,-0.023515974065239323
19.017704169046272,6.37282897168005,12.151039741996167,0.49383545537004114
11.878926327812676,1.6679544461988112,9.565962307252997,0.6450095743608701
12.564249000571099,3.935566231061242,8.702590116572043,-0.07390734706218238
18.218161050828108,4.7334296368461715,11.445560520038969,2.0391708939429574
17.932609937178754,5.902509490375247,12.366042933449798,-0.33594248664628534
12.392918332381498,3.517317835186616,8.912554170725972,-0.03695367353109101
27.584237578526555,11.361574898377397,17.180098767091067,-0.9574360869419145
19.817247287264433,5.862196391977692,13.048006181341751,0.9070447139449728
14.163335237007422,4.184163671179494,10.835824906775954,-0.8566533409480293
15.819531696173618,4.345416064769712,11.208721066953334,0.2653945644505666
10.965162764134778,2.7950414888971,7.266435986159169,0.9036852890785098
10.165619645916616,2.700977592636141,6.688614909127559,0.7760271441529214
12.221587664191892,2.8823865354251343,10.34030973897269,-1.0011086102059323
13.992004568817823,3.8700574461652164,10.871098867873826,-0.7491517452212177
9.02341519131924,1.7250646689286793,6.985924009809519,0.31242651258104664
15.705311250713882,5.1768737192192695,10.790472671078717,-0.2620351395841031
14.73443746430611,3.8146269358685796,10.069876037222427,0.8499344912151047
19.36036550542548,7.630933584170393,13.654382369738299,-1.924950448483219
14.563106796116505,4.1085766116840805,10.56203178015924,-0.10750159572681087
18.560822387207324,6.048644472066385,12.666711458998215,-0.15453354385729126
18.846373500856657,7.066550206604628,12.975778546712807,-1.1959552524607782
15.762421473443753,4.032989552188666,12.337487822084857,-0.6080559008297768
16.733295259851516,5.146638895421102,11.532905566567003,0.05375079786340593
16.50485436893204,6.616387274498606,12.471864816743373,-2.58339772230994
15.134209023415188,4.142170860348709,10.189135619981856,0.8029025430846246
21.245002855511142,7.373937581885981,13.733328854100183,0.13773641952497773
13.135351227869782,3.0822723149796754,8.971344105889072,1.0817348070010413
6.967447173043971,1.2144320892263247,6.223334565122451,-0.4703194813048005
20.902341519131934,7.615816172271305,14.112943864010479,-0.8264185171498634
14.277555682467161,4.258071018241676,10.358786575738232,-0.33930191151274874
14.73443746430611,4.656162864917528,11.966271374340714,-1.8879967749521283
21.701884637350087,7.116941579601568,15.455034098162393,-0.8700910404138809
16.847515705311256,6.554237914469043,12.345886384251019,-2.052608593408807
19.703026841804682,7.133738703933887,13.200860012765808,-0.6315718748950178
7.995431182181608,1.2295495011254074,6.114153256962406,0.6517284240937951
14.220445459737295,3.96748076729264,11.563140390365168,-1.3101756979205155
15.077098800685327,4.81237612120805,9.69362045217859,0.5711022272986868
11.193603655054249,3.0503577787482774,8.559814559747373,-0.4165686834413942
20.159908623643634,7.014479121174458,14.119662713743402,-0.9742332112742291
16.961736150770992,4.575536668122418,11.932677125676081,0.45352235697248683
18.046830382638497,6.104074982363017,11.364934323243862,0.5778210770316126
7.709880068532263,1.180837840561696,6.189740316457823,0.33930191151274924
10.565391205025696,1.782174891658548,9.623072529982865,-0.8398562166157146
11.821816105082807,3.005005543051029,9.643229079181646,-0.8264185171498637
29.697315819531692,11.21040077938657,17.186817616824,1.3000974233211284
17.018846373500853,5.6707091745893115,11.37837202270971,-0.0302348237981654
13.649343232438607,3.8465414720999758,9.722175563543521,0.08062619679510911
15.077098800685327,3.4501293378573585,10.783753821345787,0.8432156414821791
16.276413478012568,5.499378506399704,11.71095508448954,-0.9339201128766752
20.274129069103378,5.981455974737127,12.656633184398832,1.6360399099674154
10.908052541404906,1.8040111532905572,7.713239493398729,1.3908018947156255
10.565391205025696,0.8314576544495583,7.738435179897202,1.9954983706789404
7.7669902912621325,0.9691940739745355,7.026237108207073,-0.2284408909194747
13.19246145059966,2.6539456445056597,10.387341687103168,0.1511741189908287
13.706453455168475,3.1276245506769245,11.304464675647534,-0.725635771155977
6.967447173043974,-0.020156549198777008,6.235092552155073,0.7525111700876813
14.563106796116505,4.7619847482111055,10.523398394194913,-0.7222763462895152
21.24500285551115,6.762522256189744,14.435448651190917,0.04703194813048067
11.707595659623067,2.181946450767628,8.316256256928815,1.2093929519266307
24.38606510565393,10.090032586421206,15.273625155373399,-0.9775926361406924
11.593375214163332,3.1041085766116834,9.177948735176535,-0.6886820976248861
19.131924614506005,5.6942251486545485,11.079383209594516,2.3583162562569293
22.444317532838383,7.706520643665805,14.210367185137901,0.5274297040346698
10.222729868646484,2.739610978600463,7.755232304229515,-0.2721134141834914
13.192461450599659,4.032989552188666,9.129237074612826,0.03023482379816619
12.278697886921762,3.2821580945342155,8.721066953337592,0.2754728390499549
16.50485436893204,4.090099774918534,11.756307320186782,0.6584472738267213
22.387207310108522,7.649410420935936,12.52057647730708,2.2172204118654895
12.564249000571099,2.8706285483925162,10.425975073067487,-0.7323546208889036
18.44660194174758,5.284375314946082,11.771424732085864,1.3908018947156247
26.270702455739592,11.102899183659757,15.20811637047737,-0.04031309839755399
21.93032552826957,7.33866362078812,15.340813652702654,-0.7491517452212184
13.249571673329525,4.051466388954211,9.651627641347801,-0.453522356972486
28.041119360365503,10.357106863305004,17.405180233144087,0.27883226391641847
15.933752141633352,4.536903282158095,11.077703497161291,0.3191453623139721
11.07938320959451,2.41878590385326,8.364967917492525,0.2956293882487318
11.99314677327241,3.327510330231465,8.756340914435448,-0.09070447139449732
9.537407195888058,2.138273927503612,6.589511875566903,0.8096213928175497
7.709880068532264,0.6097356132630093,6.663419222629083,0.4367252326401723
8.680753854940033,1.125407330265059,8.170121275237676,-0.6147747505627034
18.046830382638493,6.052003896932844,13.100077266771926,-1.1052507810662813
12.27869788692176,2.346558269224309,8.994860079954313,0.9372795377431389
17.247287264420336,5.324688413343635,12.020022172204119,-0.0974233211274225
17.418617932609934,4.175765109013338,9.634830517015487,3.6080223065811134
14.848657909765855,4.689757113582156,11.428763395706653,-1.2698625995229609
13.306681896059393,2.848792286760507,8.983102092921694,1.4747875163771975
13.306681896059391,3.332549467531158,9.507172372089897,0.4669600564383382
8.509423186750425,0.4199281083078578,6.712130883192798,1.377364195249773
13.363792118789268,4.614170054086741,9.703698726777976,-0.954076662075452
18.332381496287837,5.749655658951188,11.319582087546612,1.2631437497900357
23.472301541976016,7.69644236906642,14.569825645849432,1.2060335270601692
16.276413478012564,5.454026270702456,11.732791346121541,-0.9104041388114352
24.32895488292406,8.453992676453792,14.648772130211304,1.2261900762589453
14.2204454597373,4.14385057278194,11.249034165350894,-1.1724392783955377
14.734437464306113,4.666241139516914,10.904693116538448,-0.8364967917492521
11.022272986864644,2.9394967581550038,8.902475896126584,-0.8196996674169383
23.1296402055968,6.8817818389491725,14.390096415493666,1.8577619511539638
24.328954882924048,9.211542983841165,15.295461417005415,-0.17804951792253096
8.22387207310108,0.7155574965565895,6.413142070077602,1.095172506466893
12.27869788692176,3.5290758222192355,7.993751469748379,0.7558705949541441
9.765848086807535,1.8174488527564086,8.123089327107198,-0.17469009305606847
24.671616219303264,9.821278597104174,15.327375953236805,-0.4770383310377254
11.364934323243858,2.4288641784526486,8.304498269896197,0.6315718748950188
12.621359223300967,3.6080223065811143,9.11411966271374,-0.10078274599388548
13.420902341519133,2.3818322303221695,9.980851278261161,1.0582188329358015
16.390633923472308,4.898041455302853,11.052507810662815,0.4400846575066351
8.395202741290689,1.194275540027547,6.129270668861491,1.0716565324016532
11.536264991433464,3.6886485033762226,8.590049383545535,-0.7424328954882926
6.796116504854368,-0.08902475896126598,7.123660429334499,-0.23851916551886296
16.561964591661905,5.454026270702456,11.144891994490546,-0.036953673531091
13.535122786978876,3.616420868747271,9.901904793899288,0.016797124332314787
15.648201027984012,4.246313031209057,11.018913561998188,0.3829744347767666
9.480296973158195,1.8711996506198139,8.862162797729027,-1.253065475190647
15.248429468874926,4.298384116639232,11.101219471226521,-0.15117411899082822
11.30782410051399,3.213289884771727,7.583901636039913,0.5106325797023553
10.336950314106218,1.9954983706789393,8.428796989955321,-0.0873450465280343
9.53740719588806,0.9490375247757585,7.839217925891091,0.7491517452212189
14.620217018846379,4.726710787113246,10.834145194342728,-0.9406389626096007
9.423186750428323,0.47703833103772636,7.753552591796284,1.192595827594316
12.107367218732152,2.2272986864648767,9.161151610844223,0.7189169214230531
17.07595659623073,7.3269056337555005,10.914771391137837,-1.1657204286626124
13.24957167332953,4.080021500319146,10.298316928141901,-1.1287667551315215
20.274129069103385,6.421540632243759,13.039607619175598,0.8129808176840125
7.8241005139920015,0.6534081365270267,5.050895286726913,2.1197970907380657
19.189034837235862,6.57607417610105,12.612960661134803,8.450629624331289e-16
18.50371216447744,5.800047031948133,12.340847246951316,0.36281788557798955
12.22158766419189,2.539725199045924,8.07605737897672,1.6058050861692474
18.218161050828098,5.914267477407865,12.925387173715862,-0.6214936002956291
18.789263278126786,6.3089998992172545,13.662780931904447,-1.182517552994927
19.988577955454037,6.334195585715726,12.361003796150092,1.2933785735882022
12.22158766419189,2.879027110558672,9.403030201229548,-0.06046964759633121
10.279840091376352,1.4311149931131786,8.170121275237678,0.6786038230254984
14.962878355225588,4.934995128833944,9.960694729062382,0.06718849732925762
12.564249000571106,3.394698827560723,8.642120468975712,0.5274297040346694
22.2158766419189,7.919844122686201,13.14039036516948,1.1556421540632253
11.13649343232438,3.371182853495481,8.709308966304969,-0.9439983874760643
25.128498001142212,9.999328115026705,14.608459031813753,0.5207108543017441
15.134209023415188,3.878456008331374,11.48419390600329,-0.22844089091947387
15.077098800685325,5.20206940571774,10.721604461316218,-0.8465750663486409
15.476870359794404,3.836463197500589,8.375046192091911,3.265360970201902
16.16219303255283,4.340376927470018,11.438841670306044,0.38297443477676646
8.852084523129635,1.1472435918970674,6.082238720731011,1.6226022105015623
16.561964591661905,6.12927066886149,11.531225854133773,-1.098531931333355
17.418617932609934,5.952900863372192,12.799408741223504,-1.3336916719857552
22.729868646487727,8.820169986898247,14.356502166829035,-0.44680350723956014
11.764705882352938,2.905902509490375,9.00325864212047,-0.14445526925790297
25.471159337521417,9.147713911378371,17.233849564954475,-0.9104041388114356
14.677327241576242,4.347095777202943,10.669533375886047,-0.33930191151274863
16.27641347801256,5.408674035005206,10.740081298081767,0.12765814492558908
17.532838378069677,6.251889676487385,11.542983841166395,-0.2620351395841025
12.735579668760709,3.5643497833170956,9.27873148117042,-0.10750159572681142
17.36150770988007,5.186951993818657,13.148788927335643,-0.9742332112742291
14.620217018846375,4.4394799610306706,9.683542177579199,0.497194880236504
23.75785265562536,8.660597305741256,14.8889710081634,0.20828434172069774
10.394060536836086,1.7418617932609939,7.4764000403130995,1.1757987032620012
22.672758423757855,7.412570967850306,14.373299291161354,0.8868881647461957
17.018846373500867,4.770383310377263,11.069304934995126,1.179158128128465
19.474585950885213,6.298921624617865,10.961803339268323,2.213860986999027
18.27527127355797,6.307320186784023,10.92988880303692,1.038062283737024
23.415191319246155,8.946148419390603,14.872173883831083,-0.40313098397554226
12.564249000571099,3.5542715087177066,7.750193166929821,1.2597843249235727
18.789263278126786,6.458494305774852,13.325158732824937,-0.9943897604730066
9.251856082238715,0.9154432761111297,6.791077367554677,1.5453354385729166
12.964020559680185,2.3280814324587626,8.727785803070516,1.9081533241509052
15.019988577955456,4.017872140289582,10.464608459031815,0.5375079786340584
11.13649343232438,2.0458897436758834,9.621392817549637,-0.5307891289011318
16.276413478012568,5.400275472839053,11.537944703866696,-0.6618066986931836
32.4386065105654,12.745657943360099,18.601135485604857,1.0918130816004303
30.668189605939475,11.776463869385562,18.078744918869884,0.8129808176840133
24.27184466019418,9.523969496422213,15.063661101219468,-0.31578593744750816
14.277555682467165,4.194241945778882,10.137064534551683,-0.05375079786340468
11.650485436893199,3.1847347734067926,8.563173984613833,-0.0974233211274229
9.366076527698452,1.9249504484832194,7.51167400141096,-0.07054792219572012
18.78926327812679,6.364430409513892,11.74286962072094,0.6819632478919612
14.220445459737297,3.7995095239694963,9.964054153928847,0.4568817818389494
9.023415191319241,1.3303322471192929,6.772600530789132,0.9204824134108242
14.905768132495714,4.133772298182551,11.359895185944163,-0.5878993516310008
9.251856082238717,1.4042395941814765,8.33809251856082,-0.490476030503577
10.79383209594517,2.815198038095878,8.39856216615715,-0.41992810830785754
10.051399200456878,1.3891221822823934,6.586152450700442,2.076124567474049
28.440890919474587,11.31622266268015,16.237780092048236,0.8868881647461961
13.877784123358081,4.012833002989889,11.779823294252022,-1.9148721738838306
19.074814391776133,6.6953337588604835,12.147680317129707,0.2318003157859376
12.792689891490578,2.821916887828805,11.082742634460983,-1.111969630799207
10.108509423186744,1.9115127490173678,7.894648436187726,0.30234823798165744
11.707595659623067,2.3314408573252265,8.39520274129069,0.980952061007156
10.279840091376355,2.1466724896697684,6.954009473578124,1.1791581281284638
10.508280982295828,1.834245977088722,7.908086135653576,0.7659488695535329
18.046830382638493,5.087848960258003,10.321832902207142,2.637148520173346
14.620217018846379,3.18137534854033,10.995397587932942,0.44344408237309774
6.3392347230154185,0.34266133637921153,4.021231565156045,1.9753418214801626
8.509423186750425,1.1724392783955384,5.801726744381363,1.5352571639735277
17.761279268989153,6.492088554439483,13.34531528202372,-2.076124567474048
9.194745859508847,2.2911277589276717,7.30338965969026,-0.39977155910908047
21.01656196459168,6.188060604024594,14.196929485672053,0.6315718748950188
7.709880068532262,0.7222763462895154,6.087277858030705,0.9003258642120465
13.93489434608795,4.048106964087748,9.762488661941077,0.1242987200591266
14.620217018846372,2.963012732220243,9.587798568885011,2.069405717741124
11.993146773272416,2.7799240769980194,8.396882453723922,0.8163402425504754
9.023415191319243,0.9742332112742302,7.031276245506768,1.0179057345382474
17.247287264420333,5.652232337823765,13.12695266570363,-1.5318977391070636
13.93489434608795,3.8230254980347373,10.62250142775557,-0.5106325797023544
20.388349514563103,7.520072563577118,13.251251385762755,-0.3829744347767659
9.994288977727008,2.748009540766621,7.686364094467029,-0.44008465750663506
14.677327241576243,5.089528672691235,10.773675546746393,-1.1858769778613905
15.419760137064532,4.405885712366043,10.550273793126618,0.46360063157187487
16.73329525985151,3.903651694829845,9.940538179863609,2.889105385158061
11.650485436893208,1.9249504484832198,8.858803372862566,0.8667316155474184
7.195888063963448,0.5358282662008268,6.307320186784025,0.3527396109786009
25.128498001142223,8.779856888500685,15.700272113414178,0.6483689992273326
32.60993717875502,12.518896764873853,18.515470151510055,1.5755702623710832
13.478012564249003,3.8465414720999775,9.796082910605705,-0.16461181845667994
20.616790405482586,6.791077367554676,13.251251385762759,0.5744616521651502
14.905768132495716,4.778781872543421,10.691369637518052,-0.5643833775657602
24.32895488292406,9.913662780931906,15.070379950952386,-0.6550878489602581
22.72986864648772,7.192528639096983,14.314509355998243,1.222830651392482
9.651627641347797,1.002788322639164,8.464070951053179,0.18476836765545746
13.763563677898345,3.525716397352773,11.383411160009402,-1.1455638794638356
19.417475728155345,6.643262673430309,13.640944670272454,-0.8667316155474184
17.93260993717876,6.676856922094938,12.293815298820839,-1.0380622837370235
12.164477441462022,2.543084623912385,9.537407195888067,0.08398562166157172
14.620217018846377,3.557630933584171,9.3895925017637,1.6729935834985052
12.107367218732149,3.854940034266135,8.877280209628111,-0.624853025162092
19.47458595088521,6.102395269929788,13.083280142439616,0.28891053851580656
21.873215305539695,7.8929687237544925,15.021668290388687,-1.0414217086034867
12.221587664191887,2.7144152921019917,9.36943595256492,0.13773641952497767
18.50371216447745,5.5060973561326305,12.486982228642455,0.5106325797023556
11.593375214163336,3.4131756643262676,8.613565357610776,-0.43336580777370887
11.821816105082808,3.231766721537274,9.564282594819767,-0.9742332112742291
18.046830382638493,6.6382235361306146,13.427621191252056,-2.01901434474418
13.592233009708737,3.960761917559713,9.607955118083785,0.02351597406524015
8.166761850371213,0.826418517149864,5.247421641414991,2.0929216918063633
9.93717875499714,2.252494372963349,6.942251486545503,0.7424328954882928
27.355796687607093,9.826317734403872,18.81613867705848,-1.2866597238552742
19.360365505425477,6.611348137198915,12.950582860214329,-0.2015654919877714
7.881210736721869,0.6802835354587297,6.0654415963986965,1.135485604864447
16.276413478012575,4.615849766519972,11.334699499445696,0.3258642120468981
11.079383209594518,2.3297611448919953,8.400241878590387,0.3493801861121374
23.300970873786422,8.01558773138039,14.042395941814759,1.2429872005912581
12.678469446030839,3.0117243927839565,9.317364867134748,0.3493801861121379
5.653912050256993,0.27379312661672317,6.16286491752612,-0.7827459938858463
16.504854368932044,5.569926428595423,10.669533375886049,0.26539456445056653
11.993146773272416,3.270400107501596,9.53236805858837,-0.8096213928175492
14.962878355225582,4.654483152484295,11.618570900661807,-1.310175697920516
11.764705882352944,2.420465616286492,8.521181173783049,0.8230590922834014
15.305539691604805,4.479793059428227,11.393489434608792,-0.567742802432223
13.135351227869787,3.1091477139113786,9.999328115026708,0.026875398931703282
18.732153055396928,6.319078173816644,11.331340074579229,1.0817348070010415
14.791547687035981,3.549232371418014,9.82463802197064,1.4176772936473285
26.49914334665905,10.090032586421204,15.858165082137933,0.5509456780999097
12.16447744146202,2.998286693318104,9.340880841199985,-0.17469009305606856
19.703026841804693,7.402492693250911,14.45056606309,-2.1500319145362323
15.648201027984014,4.719991937380319,11.465717069237746,-0.5375079786340574
8.623643632210161,0.687002385191655,7.812342526959386,0.12429872005912586
12.164477441462017,3.09906943931199,9.98924984042732,-0.9238418382772868
15.134209023415188,4.9047603050357775,10.92149024087076,-0.6920415224913496
24.157624214734444,9.236738670339639,12.535693889206167,2.3851916551886325
11.422044545973732,1.3605670709174584,8.418718715355935,1.6427587597003404
11.307824100513988,2.1097188161386775,8.368327342358986,0.8297779420163268
14.620217018846377,4.118654886283468,10.152181946450767,0.349380186112138
15.933752141633358,4.908119729902241,11.2708704269829,-0.24523801525178857
16.390633923472297,5.487620519367087,11.984748211106263,-1.0817348070010413
12.621359223300967,3.1897739107064873,9.545805758054218,-0.114220445459737
15.13420902341519,4.247992743642288,9.848153996035878,1.0380622837370241
12.906910336950308,4.360533476668796,10.760237847280543,-2.213860986999025
18.9605939463164,6.606308999899217,14.081029327779078,-1.7267443813619106
12.84980011422044,3.6416165552457413,10.867739443007357,-1.6595558840326534
19.474585950885213,6.073840158564853,13.94161319582087,-0.5408674035005199
9.822958309537404,1.4848657909765848,7.7367554674639685,0.601337051096852
11.764705882352944,3.260321832902207,9.858232270635268,-1.3538482211845333
11.536264991433466,2.438942453052039,9.191386434642391,-0.09406389626095993
10.222729868646482,1.9585446971478486,7.874491886988948,0.38969328450969204
16.447744146202176,5.146638895421105,10.850942318675044,0.45016293210602387
12.735579668760705,3.562670070883866,8.961265831289685,0.21164376658716066
10.222729868646484,2.0089360701447916,8.58333053381261,-0.36953673531091447
8.566533409480293,1.7301038062283736,7.048073369839082,-0.21164376658716028
8.566533409480295,1.321933684953136,6.639903248563847,0.6046964759633152
17.589948600799545,5.699264285954246,13.06984244297376,-1.1791581281284644
13.078241005139922,3.680249941210065,10.016125239359019,-0.618134175429166
6.739006282124497,0.7861054187523099,5.653912050256994,0.2989888131151947
14.163335237007429,4.417643699398663,10.531796956361068,-0.7861054187523098
11.821816105082807,2.4339033157523433,9.83471629657003,-0.44680350723955986
15.990862364363219,5.04921557429368,11.852050928880972,-0.910404138811433
17.70416904625929,7.336983908354891,11.87892632781268,-1.511741189908287
21.302113078241018,7.748513454496589,15.095575637450864,-1.541976013706453
13.135351227869798,3.320791480498539,9.612994255383477,0.2015654919877726
9.366076527698453,1.0733362448348842,7.1538952531326645,1.1388450297309107
15.648201027984008,4.788860147142808,10.798871233244872,0.060469647596332644
12.96402055968019,4.22615648201028,8.902475896126582,-0.16461181845668052
13.478012564248996,2.8941445224577547,8.984781805354924,1.5990862364363227
13.592233009708742,2.9092619343568384,10.236167568112336,0.4468035072395609
28.212450028555118,11.690798535290757,17.72768502032452,-1.206033527060167
6.910336950314103,0.17636980548930015,5.511136493432324,1.2228306513924816
12.507138777841236,3.0486780663150483,10.204253031880938,-0.7457923203547552
10.051399200456878,1.7351429435280683,7.590620485772835,0.7256357711559782
20.217018846373502,7.28827224779118,14.279235394900395,-1.3504887963180696
16.961736150770996,6.072160446131621,11.460677931938053,-0.571102227298686
17.24728726442034,5.422111734471059,12.402996606980889,-0.5778210770316118
14.391776127926898,3.179695636107099,10.96348305170155,0.24859744011825205
21.07367218732154,6.085598145597472,13.341955857157254,1.6461181845668025
14.334665905197028,4.00443444082373,10.115228272919676,0.21500319145362382
10.051399200456878,2.386871367621863,7.6846843820337964,-0.020156549198777202
16.676185037121645,5.108005509456781,11.531225854133774,0.03695367353109218
12.107367218732152,2.299526321093829,8.766419189034835,1.0414217086034878
15.591090805254142,5.113044646756475,12.564249000571099,-2.086202842073437
18.503712164477445,5.260859340880843,12.25854133772298,0.9843114858736186
14.677327241576238,3.5945846071152627,10.897974266805525,0.18476836765545784
18.78926327812679,6.861625289750397,13.60399099674136,-1.6763530083649671
17.64705882352942,5.556488729129571,10.696408774817753,1.394161319582088
13.478012564249001,2.7345718413007694,9.7423321127423,1.0011086102059328
15.019988577955457,3.6802499412100658,11.050828098229582,0.2889105385158056
21.359223300970882,7.588940773339605,13.908018947156243,-0.13773641952497603
16.219303255282707,4.242953606342593,11.63032888769443,0.34602076124567555
11.022272986864646,2.2776900594618197,7.686364094467026,1.0582188329358018
31.696173615077097,11.962911949474252,19.007625894446864,0.7256357711559787
8.452312964020555,1.5083817650418248,6.100715557496554,0.8432156414821781
19.303255282695613,7.123660429334499,13.986965431518117,-1.8073705781570193
16.561964591661912,5.361642086874727,11.519467867101154,-0.3191453623139714
14.277555682467163,4.056505526253905,9.807840897638323,0.41320925857493196
7.8241005139920015,1.0229448718379415,6.643262673430307,0.1578929687237549
23.129640205596804,8.287701145563878,15.413041287331604,-0.5711022272986863
15.648201027984008,5.302852151711627,10.93996707763631,-0.5946182013639261
17.76127926898916,4.217757919844123,12.757415930392716,0.7861054187523104
12.507138777841236,4.258071018241678,7.573823361440523,0.6752443981590356
18.446601941747574,6.261967951086775,13.49145026371485,-1.3068162730540527
9.708737864077664,2.4087076292538727,7.646050996069474,-0.34602076124567455
5.539691604797258,0.7642691571203012,4.983706789397656,-0.20828434172069782
16.790405482581384,4.971948802365036,10.971881613867707,0.8465750663486414
13.820673900628211,3.871737158598449,11.124735445291766,-1.1757987032620005
16.676185037121645,4.824134108240671,10.854301743541503,0.9977491853394705
14.049114791547684,3.56770920818356,10.652736251553732,-0.17133066818960518
15.648201027984012,4.761984748211106,11.920919138643466,-1.0347028588705613
28.155339805825246,10.090032586421204,15.777538885342832,2.28776833406121
9.366076527698455,1.9753418214801628,7.15893439043236,0.23180031578593796
30.611079383209596,13.43601975341822,17.057479759465174,0.11757987032620065
13.934894346087951,4.0161924278563506,8.978062955621999,0.9406389626096008
15.876641918903488,5.074411260792152,10.368864850337628,0.43336580777370964
26.213592233009717,10.431014210367184,16.65938791278933,-0.876809890146806
18.503712164477445,5.042496724560756,13.25629052306245,0.2049249168542352
10.622501427755566,2.61699197097457,8.39184331642423,-0.386333859643229
11.193603655054252,2.700977592636141,8.096213928175496,0.39641213424261773
9.651627641347797,1.9551852722813854,7.256357711559781,0.4400846575066351
8.22387207310108,0.42832667047401485,6.250209964054156,1.5453354385729172
24.557395773843524,9.337521416333525,13.986965431518126,1.2329089259918715
11.764705882352938,2.759767527799241,9.465179561259113,-0.4602412067054121
13.135351227869787,3.26368125776867,10.210971881613867,-0.3393019115127488
14.848657909765853,5.239023079248833,10.765276984580241,-1.155642154063224
16.276413478012564,4.464675647529143,10.454530184432425,1.3572076460509963
12.79268989149058,2.423825041152955,9.60627540565055,0.7625894446870696
13.820673900628218,4.106896899250849,10.701447912117446,-0.9876709107400814
10.736721873215302,1.4210367185137907,7.662848120401787,1.6528370342997274
27.641347801256437,10.765276984580238,17.329593173648668,-0.4535223569724861
11.821816105082801,2.225618974031646,10.120267410219373,-0.5240702791682059
21.245002855511142,7.1824503644976,13.390667517720965,0.6718849732925732
11.364934323243862,2.5447643363456174,9.122518224879899,-0.3023482379816569
10.793832095945174,1.5234991769409079,9.213222696274398,0.05711022272986935
25.64249000571103,10.352067726005307,16.67114589982194,-1.3807236201162358
14.962878355225591,3.994356166224342,10.226089293512953,0.7424328954882925
10.165619645916614,3.1393825377095443,7.933281822152047,-0.9070447139449725
8.737864077669897,2.2810494843282827,7.276514260758558,-0.8196996674169379
13.13535122786979,3.4618873248899766,7.8492962004904765,1.8241677024893344
12.450028555111366,2.8303154499949614,8.917593308025667,0.7021197970907381
19.360365505425474,6.213256290523065,14.309470218698554,-1.1623610037961498
24.728726442033135,9.335841703900293,15.873282494037019,-0.4803977559041891
7.881210736721869,0.5391876910672894,6.290523062451707,1.0514999832028757
12.906910336950315,2.7345718413007694,10.719924748882994,-0.5475862532334456
9.194745859508846,0.9960694729062387,7.462962340847248,0.7357140457553673
11.193603655054252,1.9484664225484598,9.325763429300903,-0.08062619679510837
13.992004568817823,4.02459099002251,10.209292169180637,-0.24187859038532522
11.821816105082808,2.642187657473041,9.038532603218329,0.14109584439144024
16.276413478012568,5.074411260792154,10.741761010515003,0.4602412067054121
10.736721873215302,2.1836261632008602,7.320186784022576,1.2329089259918702
15.36264991433467,4.876205193670845,11.044109248496659,-0.5576645278328345
19.131924614506005,6.6802163469614,12.266939899889145,0.18476836765545782
11.936036550542546,2.3280814324587635,8.94278899452414,0.6651661235596471
10.10850942318675,1.6780327207981998,7.899687573487419,0.5307891289011323
14.620217018846368,3.315752343198845,10.266402391910505,1.0380622837370246
15.59109080525414,5.674068599455776,11.348137198911548,-1.4311149931131786
9.366076527698452,1.7620183424597713,6.965767460610743,0.6382907246279445
11.650485436893199,2.2608929351295055,8.035744280579166,1.3538482211845346
14.734437464306112,3.6550542547115943,11.375012597843243,-0.29562938824873164
11.936036550542543,1.9081533241509063,7.60573789767192,2.422145328719723
21.473443746430632,7.619175597137771,12.987536533745422,0.8667316155474187
14.16333523700743,4.565458393523029,9.937178754997147,-0.33930191151274863
13.078241005139917,3.54419323411832,9.822958309537407,-0.28891053851580634
8.852084523129637,0.6366110121947122,8.22555178553432,-0.010078274599388119
7.709880068532265,1.5100614774750565,6.290523062451707,-0.0907044713944971
10.736721873215302,2.119797090738065,8.858803372862567,-0.24187859038532525
13.649343232438607,3.9641213424261768,9.765848086807539,-0.08062619679510838
7.42432895488292,1.258104612490342,5.941142876339572,0.2250814660530118
21.01656196459167,7.489837739778949,12.62639836060066,0.9003258642120479
10.965162764134778,3.5307555346524673,8.721066953337587,-1.2866597238552757
12.16447744146202,2.8101589007961842,9.562602882386537,-0.20828434172069682
11.307824100513992,2.6724224812712074,8.675714717640338,-0.040313098397554266
19.474585950885217,5.197030268418045,12.24510363825713,2.0324520442100327
8.737864077669899,0.529109416467901,6.697013471293713,1.5117411899082882
10.622501427755566,1.9535055598481539,6.871703564349783,1.7972923035576311
23.015419760137064,8.638761044109247,16.18066986931837,-1.8040111532905556
11.136493432324386,2.346558269224309,8.870561359895184,-0.08062619679510839
8.680753854940031,1.1573218664964564,8.262505459065409,-0.7390734706218292
10.965162764134776,2.648906507205968,8.843685960963485,-0.5274297040346683
14.505996573386636,4.172405684146874,10.471327308764739,-0.13773641952497723
10.108509423186746,1.9316692982161454,7.622535022004232,0.5543051029663724
10.622501427755562,1.7267443813619106,7.599019047938992,1.2967379984546643
16.2193032552827,5.966338562838045,12.305573285853455,-2.052608593408807
7.766990291262132,2.0274129069103375,6.848187590284542,-1.1086102059327443
12.107367218732149,1.965263546880773,8.999899217254008,1.142204454597373
15.41976013706454,4.289985554473073,11.297745825914605,-0.16797124332314292
18.846373500856657,6.157825780226427,12.01666274733765,0.6718849732925726
14.106225014277555,3.8868545704975297,9.325763429300906,0.8936070144791209
11.993146773272416,2.1601101891356196,9.775926361406926,0.057110222729868716
10.850942318675036,2.1769073134679346,8.499344912151042,0.17469009305606878
15.648201027984015,5.173514294352805,11.956193099741325,-1.481506366110121
14.734437464306113,4.31854066583801,10.113548560486445,0.3023482379816581
13.649343232438605,3.351026304296705,9.723855275976755,0.5744616521651498
15.41976013706454,4.085060637618841,10.357106863305006,0.9775926361406941
20.331239291833242,6.508885678771791,14.326267343030871,-0.5039137299694284
21.81610508280984,6.698693183726945,13.007693082944204,2.1097188161386784
16.3906339234723,5.391876910672894,10.074915174522124,0.9238418382772873
9.651627641347796,1.785534316525011,7.3554607451204355,0.5106325797023548
6.110793832095943,0.5223905667349752,5.286055027379311,0.3023482379816576
11.821816105082808,2.8353545872946557,10.26976181677697,-1.2833002989888131
11.936036550542548,3.14610138744247,9.901904793899282,-1.111969630799207
13.877784123358087,3.6752108039103706,9.597876843484395,0.6046964759633157
16.2193032552827,4.995464776430275,9.782645211139851,1.4411932677125683
8.166761850371211,1.780495179225317,6.39634494574529,-0.010078274599388645
12.164477441462024,3.57946719521618,9.565962307252999,-0.9809520610071547
15.762421473443748,4.84765008230591,11.317902375113384,-0.40313098397554314
21.473443746430622,8.071018241677024,15.041824839587454,-1.639399334833876
12.564249000571104,3.435011925958277,9.932139617697452,-0.8029025430846237
12.507138777841236,3.0973897268787596,9.81623945980448,-0.4064904088420055
7.481439177612788,1.1422044545973729,6.890180401115329,-0.5509456780999091
18.960593946316397,7.058151644438471,13.01441193267712,-1.111969630799207
16.105082809822957,4.877884906104075,12.282057311788227,-1.0548594080693376
19.817247287264422,6.52568280310411,13.513286525346855,-0.2217220411865485
24.55739577384352,8.573252259213223,16.20586555581684,-0.22172204118654834
13.135351227869787,3.092350589579066,11.02395269929788,-0.9809520610071552
9.366076527698453,1.4848657909765848,7.639332146336546,0.24187859038532636
14.962878355225586,4.37901031343434,10.899653979238755,-0.315785937447509
21.530553969160483,8.267544596365104,14.418651526858604,-1.1556421540632236
20.445459737292982,6.661739510195852,13.081600430006386,0.7021197970907384
15.476870359794406,5.173514294352808,12.05025699600228,-1.746900930560688
18.33238149628784,5.2054288305842045,12.105687506298919,1.0212651594047104
17.70416904625928,6.297241912184633,12.05865555816844,-0.6517284240937947
5.482581382067388,-0.32586421204689753,5.418752309604596,0.3896932845096919
18.2181610508281,5.9226660395740245,10.64937682668727,1.646118184566802
15.248429468874928,4.105217186817617,10.205932744314175,0.9372795377431392
6.796116504854366,0.608055900829778,5.922666039574024,0.2653945644505665
11.250713877784126,1.4949440655759734,8.700910404138815,1.0548594080693385
12.392918332381496,3.223368159371116,9.021735478886011,0.14781469412436635
9.251856082238715,1.0414217086034872,7.61917559713777,0.591258776497464
8.338092518560819,-0.10918130816004279,6.948970336278431,1.498303490442437
14.106225014277559,4.006114153256962,10.583868041791241,-0.48375718077065183
6.624785836664761,-0.11254073302650555,5.574965565895119,1.1623610037961505
17.133066818960597,5.472503107468002,12.802768166089963,-1.1422044545973722
19.01770416904627,6.606308999899214,12.492021365942152,-0.08062619679510809
9.594517418617928,1.5957268115698593,6.913696375180567,1.0850942318675043
14.049114791547696,3.7675949877381005,8.863842510162263,1.4176772936473285
12.221587664191887,2.019014344744181,9.943897604730067,0.25867571471764056
13.592233009708734,3.7793529747707186,9.822958309537409,-0.010078274599387873
11.821816105082808,1.704908119729902,8.833607686364095,1.283300298988814
12.107367218732154,2.826956025128498,7.64101185876978,1.6393993348338767
9.13763563677898,1.9551852722813852,6.765881681056205,0.41656868344139497
14.448886350656773,3.488762723821681,10.254644404877881,0.7054792219572015
33.5237007424329,13.521685087513022,19.256223334565117,0.7457923203547558
7.995431182181608,1.0817348070010413,6.403063795478215,0.5106325797023554
14.220445459737297,3.6533745422783617,10.997077300366179,-0.43000638290724585
20.673900628212454,6.191420028891054,12.88003493801861,1.6024456613027858
17.53283837806968,5.415392884738131,10.897974266805523,1.2194712265260204
17.58994860079955,5.511136493432323,13.257970235495678,-1.1791581281284644
10.222729868646484,2.5598817482447003,7.726677192864582,-0.06382907246279422
8.909194745859505,2.506130950381295,7.535189975476197,-1.1321261799979838
24.043403769274708,9.94221789229684,14.551348809083883,-0.4501629321060225
12.792689891490578,3.2032116101723385,9.28713004333658,0.3023482379816574
13.363792118789258,3.465246749756441,9.945577317163304,-0.04703194813047994
22.786978869217606,8.128128464406894,14.61517788154667,0.043672523264018256
8.223872073101079,1.1724392783955389,7.2194040380286895,-0.16797124332314273
8.052541404911477,1.1909161151610843,6.985924009809522,-0.12429872005912553
7.538549400342658,0.5643833775657607,6.053683609366075,0.9204824134108242
13.649343232438605,4.358853764235562,9.226660395740247,0.06382907246279436
26.89891490576814,10.335270601672992,15.565895118755668,0.9977491853394708
12.79268989149058,2.7564081029327783,11.215439916686263,-1.1791581281284633
8.452312964020555,1.1858769778613905,6.749084556723892,0.5173514294352807
17.361507709880073,6.555917626902273,11.18856451775456,-0.38297443477676585
5.996573386636205,0.5039137299694292,4.689757113582154,0.8029025430846242
17.304397487150204,5.5413713172304915,12.115765780898311,-0.35273961097860024
23.129640205596807,7.812342526959386,15.105653912050249,0.21164376658716066
14.391776127926903,3.6533745422783612,10.425975073067493,0.31242651258104626
22.67275842375786,7.861054187523099,14.19357006080559,0.618134175429167
21.13078241005141,7.422649242449697,14.154936674841272,-0.4468035072395606
20.102798400913763,6.471932005240702,13.2109382873652,0.41992810830785854
10.336950314106222,1.9014344744179803,9.765848086807539,-1.330332247119293
13.87778412335808,3.256962408035745,9.713777001377363,0.9070447139449728
16.0479725870931,4.236234756609669,11.784862431551716,0.02687539893170364
16.390633923472297,5.499378506399706,10.017804951792252,0.8734504652803441
19.988577955454026,6.067121308831927,9.651627641347803,4.269829005274297
12.964020559680181,3.6516948298451304,8.351530218026676,0.9607955118083784
7.367218732153052,0.7189169214230524,5.952900863372192,0.6954009473578123
15.019988577955454,4.300063829072465,10.360466288171468,0.3594584607115263
20.67390062821246,6.392985520878826,11.98642792353949,2.2944871837941356
19.303255282695606,7.032955957940001,13.54016192427856,-1.269862599522961
14.905768132495723,4.857728356905298,10.642657976954341,-0.5946182013639262
15.591090805254149,5.27093761548023,11.952833674874862,-1.632680485100951
10.451170759565958,2.2088218496993313,8.09789364060873,0.14445526925790309
20.159908623643634,7.326905633755504,13.693015755702621,-0.8600127658144923
9.080525414049111,1.7636980548930026,7.763630866395671,-0.44680350723956025
11.707595659623072,2.8017603386300265,9.282090906036888,-0.3762555850438402
16.105082809822964,4.543622131891021,11.608492626062416,-0.04703194813047991
20.33123929183324,6.7977962172876,12.37444149561595,1.159001578929688
17.361507709880073,5.281015890079616,11.072664359861593,1.0078274599388588
11.307824100513992,2.8067994759297212,8.467430375919642,0.03359424866462866
7.481439177612789,1.508381765041825,5.758054221117345,0.21500319145362315
17.13306681896059,5.49433936910001,12.522256189740318,-0.8835287398797318
17.761279268989153,5.069372123492454,12.69190714549669,3.7941602394956804e-16
16.50485436893204,4.988745926697348,10.39406053683609,1.1220479053985961
15.3055396916048,4.274868142573991,12.240064500957432,-1.2093929519266298
15.134209023415195,3.3140726307656134,9.377834514731076,2.442301877918503
14.448886350656773,4.137131723049014,10.143783384284609,0.1679712433231432
20.95945174186179,6.750764269157121,15.169482984513051,-0.9607955118083777
23.358081096516294,8.447273826720865,14.050794503980917,0.8600127658144933
19.588806396344957,6.183021466724896,11.524507004400848,1.881277925219204
17.304397487150208,6.280444787852318,12.743978230926865,-1.7200255316289845
9.822958309537402,2.138273927503611,8.460711526186717,-0.776027144152921
19.13192461450601,8.222192360667854,13.960090032586416,-3.0503577787482774
12.906910336950308,3.9641213424261763,8.751301777135756,0.19148721738838365
13.078241005139922,4.214398494977659,10.526757819061379,-1.6629153088991164
12.107367218732154,1.9249504484832198,8.660597305741256,1.5218194645076775
15.362649914334664,5.230624517082675,10.783753821345783,-0.6517284240937948
29.868646487721293,10.992038163066484,16.44102529646924,2.435583028185576
7.538549400342659,0.5459065408002148,6.64326267343031,0.34938018611213784
27.35579668760709,10.16393993348339,16.10340309738973,1.088453656733968
17.818389491719014,5.878993516310006,12.722141969294853,-0.7827459938858459
17.53283837806968,5.7278193973191796,11.519467867101149,0.28555111364934327
13.535122786978876,3.8062283737024214,9.473578123425268,0.25531628985117816
17.30439748715021,4.636006315718752,12.117445493331543,0.5509456780999095
13.877784123358081,3.5425135216850867,9.471898410992038,0.8633721906809556
16.333523700742433,5.563207578862501,11.213760204253036,-0.44344408237309724
21.587664191890347,7.202606913696373,13.908018947156243,0.4770383310377281
17.64705882352942,6.159505492659654,11.769745019652635,-0.28219168878288015
21.359223300970886,7.162293815298825,13.944972620687333,0.25195686498471515
10.7367218732153,3.1259448382436927,7.560385661974669,0.05039137299694295
9.994288977727008,1.550374575872611,7.610777034971611,0.8331373668827898
11.593375214163336,2.102999966405751,9.023415191319247,0.46696005643833804
10.85094231867504,2.706016729935835,7.97023549568314,0.17469009305606922
15.876641918903484,4.970269089931804,11.460677931938056,-0.5543051029663719
12.84980011422045,4.229515906876743,8.610205932744314,0.010078274599388506
19.417475728155342,6.401384083044983,13.63422582053952,-0.6181341754291663
15.362649914334682,4.862767494204991,10.449491047132735,0.05039137299694322
18.2181610508281,6.513924816071489,13.3873080928545,-1.683071858097893
24.72872644203313,9.144354486511908,15.799375146974834,-0.21500319145362287
12.906910336950311,2.440622165485269,10.157221083750459,0.30906708771458385
25.75671045117076,10.60402459099002,14.148217825108343,1.0044680350723965
8.566533409480295,1.8359256895219538,6.861625289750395,-0.13101756979205137
20.159908623643634,7.335304195921659,14.010481405583363,-1.1858769778613898
13.078241005139919,3.2720798199348287,10.709846474283601,-0.9036852890785093
11.53626499143347,2.480935263882823,8.101253065475191,0.9540766620754527
13.82067390062821,3.3846205529613322,10.076594886955355,0.3594584607115263
15.591090805254145,4.770383310377263,10.934927940336614,-0.11422044545973684
20.50256996002285,8.076057378976722,11.92595827594316,0.5005543051029668
14.334665905197031,4.026270702455741,10.315114052474218,-0.006718849732924955
18.33238149628784,6.087277858030706,11.408606846507874,0.8364967917492533
11.936036550542541,2.766486377532167,7.664527832835018,1.5050223401753622
15.362649914334668,6.147747505627038,10.68633050021836,-1.4714280915107327
16.276413478012575,4.541942419457789,9.728894413276448,2.00557664527833
8.109651627641345,1.758658917593308,5.964658850404809,0.3863338596432291
7.195888063963447,0.8633721906809558,4.770383310377264,1.5621325629052316
12.10736721873215,4.106896899250848,7.872812174555717,0.127658144925589
22.615648201027984,8.170121275237676,14.92592468169449,-0.48039775590418865
12.564249000571106,3.4182148016259606,9.619713105116404,-0.47367890617126357
12.507138777841229,3.8129472234353465,9.372795377431382,-0.6786038230254976
13.478012564249001,4.777102160110189,9.537407195888061,-0.8364967917492523
16.447744146202165,5.029059025094901,11.482514193570058,-0.06382907246279414
10.451170759565963,2.7076964423690666,7.427688379749388,0.315785937447509
8.680753854940031,1.704908119729903,6.132630093727953,0.8432156414821783
9.765848086807534,1.6142036483354048,8.433836127255015,-0.28219168878288026
5.768132495716732,-0.8146605301172436,5.702623710820707,0.8801693150132702
15.419760137064532,4.751906473611718,10.362146000604696,0.305707662848121
23.129640205596807,8.794974300399772,14.905768132495714,-0.5711022272986861
20.84523129640206,6.977525447643364,13.525044512379475,0.3426613363792121
20.902341519131927,7.773709140995061,11.60009406389626,1.5285383142406026
13.649343232438607,4.044747539221285,10.24624584271173,-0.6416501494944055
14.049114791547689,4.493230758894078,10.150502234017534,-0.594618201363926
11.30782410051399,2.6640239191050483,9.376154802297847,-0.7323546208889031
18.61793260993718,5.640474350791143,13.078241005139917,-0.10078274599388536
8.852084523129635,1.809050290590251,7.479759465179559,-0.4367252326401717
23.358081096516283,8.534618873248903,15.57933281822152,-0.7558705949541439
17.58994860079955,4.906440017469009,12.481943091342762,0.2015654919877721
8.452312964020555,1.1354856048644473,5.714381697853327,1.6024456613027849
22.215876641918914,8.863842510162256,15.508784896025796,-2.156750764269157
23.1296402055968,8.763059764168375,15.22995263210938,-0.8633721906809547
12.335808109651623,3.564349783317096,8.680753854940034,0.09070447139449825
14.049114791547684,3.092350589579064,9.938858467430375,1.0179057345382472
14.277555682467163,3.752477575839016,10.703127624550676,-0.17804951792253115
13.478012564248994,3.3527060167299347,10.39070111196963,-0.2653945644505661
24.328954882924048,8.850404810696407,15.122451036382571,0.3560990358450643
12.50713877784123,3.2317667215372725,8.129808176840124,1.1455638794638359
5.368360936607651,-0.335942486646286,4.5553801189236385,1.1489233043302984
24.957167332952615,8.915913595592436,16.501494944065566,-0.46024120670541124
17.361507709880076,5.14159975812141,11.158329693956402,1.0615782578022648
23.81496287835524,8.195316961736152,14.981355191991126,0.6382907246279448
12.107367218732152,2.8319951624281914,9.221621258440557,0.05375079786340663
15.419760137064534,4.165686834413948,11.055867235529282,0.19820606712130906
13.592233009708742,2.73457184130077,9.880068532267275,0.9775926361406932
15.362649914334662,5.131521483522023,11.215439916686261,-0.984311485873618
19.817247287264426,6.371149259246816,13.728289716800484,-0.28219168878288
18.503712164477445,6.518963953371181,11.920919138643464,0.06382907246279493
18.27527127355798,5.699264285954246,11.131454295024692,1.444552692579031
8.509423186750423,1.216111801659556,7.1320589915006565,0.16125239359021754
13.877784123358081,2.2457755232304235,10.664494238586348,0.9675143615413043
14.84865790976585,4.914838579635165,10.985319313333557,-1.051499983202875
24.90005711022273,9.535727483454835,15.109013336916721,0.25531628985117827
21.416333523700754,7.540229112775892,11.524507004400848,2.351597406524004
14.2204454597373,4.1203345987167,10.792152383511942,-0.6920415224913488
14.106225014277554,3.435011925958276,11.494272180602676,-0.823059092283401
17.47572815533981,4.244633318775825,11.040749823630204,2.1903450129337863
24.157624214734437,9.92206134309806,11.443880807605739,2.79168206403064
9.53740719588806,2.2323378237645715,6.854906440017471,0.4501629321060233
11.022272986864646,2.8101589007961825,8.574931971646455,-0.362817885577989
9.937178754997142,1.5218194645076766,6.876742701649477,1.5386165888399908
18.275271273557973,5.373400073907346,13.002653945644507,-0.10078274599388522
16.10508280982296,3.668491954177444,11.415325696240808,1.0212651594047102
27.127355796687606,9.68522189001243,17.499244129405042,-0.05711022272986835
23.415191319246148,7.333624483488425,13.884502973091006,2.1970638626667123
17.07595659623072,5.168475157053112,12.350925521550709,-0.4434440823730975
14.220445459737292,4.6595222897839905,11.106258608526216,-1.5453354385729143
8.794974300399765,2.1382739275036116,7.076628481204017,-0.4199281083078574
12.278697886921757,2.5078106628145256,10.16729935834985,-0.39641213424261734
10.90805254140491,2.0324520442100313,8.240669197433398,0.6349312997614811
9.880068532267272,1.4546309671784194,7.730036617731045,0.6954009473578134
11.936036550542546,2.0862028420734378,8.082776228709648,1.767057479759466
26.956025128498002,10.461249034165352,14.868814458964623,1.625961635368026
10.679611650485432,2.9310981959888456,8.023986293546544,-0.27547283904995407
26.042261564820123,9.903584506332512,17.42533678234286,-1.2866597238552755
18.84637350085666,6.27204622568616,12.62135922330097,-0.047031948130479784
21.75899486007996,7.797225115060301,13.014411932677124,0.9473578123425275
7.88121073672187,1.2480263378909533,5.847078980078613,0.78610541875231
14.620217018846375,4.019551852722816,10.389021399536404,0.21164376658716053
13.420902341519135,3.8364631975005885,9.883427957133739,-0.29898881311519465
14.277555682467165,3.715523902307925,10.525078106628147,0.036953673531091795
17.018846373500853,5.559848153996036,11.731111633688315,-0.2721134141834917
10.165619645916614,3.0302012295495007,7.612456747404844,-0.4770383310377263
10.565391205025696,2.774884939698324,8.532939160815667,-0.7424328954882923
11.878926327812678,2.9646924446534744,9.223300970873787,-0.30906708771458336
21.701884637350087,7.820741089125541,12.785971041757652,1.0951725064668942
15.419760137064541,4.133772298182551,11.591695501730102,-0.3057076628481199
5.825242718446601,-0.5055934424026605,5.423791446904289,0.9070447139449728
25.5282695602513,8.385124466691305,15.053582826620076,2.0895622669399
29.011993146773275,10.904693116538454,16.330164275875973,1.7771357543588535
14.73443746430611,3.656733967144825,10.389021399536402,0.6886820976248867
12.50713877784123,3.4131756643262663,9.295528605502737,-0.2015654919877711
14.677327241576247,5.121443208922633,10.721604461316225,-1.1657204286626133
8.566533409480293,0.7659488695535328,7.289951960224412,0.5106325797023552
16.04797258709309,4.508348170793162,11.217119629119496,0.32250478718043557
26.956025128498,12.367722645883022,15.324016528370338,-0.7357140457553664
33.40948029697314,13.41250377935298,18.310545234655823,1.686431282964357
27.58423757852655,10.264722679477273,15.858165082137933,1.4613498169113457
23.12964020559682,8.25410689689925,14.096146739678167,0.7793865690193844
18.675042832667053,5.969697987704504,13.313400745792324,-0.6080559008297773
24.043403769274697,7.219404038028692,14.761312863237809,2.062686868008198
24.214734437464315,9.523969496422215,15.809453421574226,-1.118688480532132
12.678469446030846,2.6791413310041325,10.284879228676052,-0.28555111364934316
9.765848086807534,0.6366110121947123,8.272583733664797,0.8566533409480308
17.989720159908625,5.479221957200929,12.456747404844288,0.05375079786340645
19.531696173615085,6.765881681056204,13.61910840864044,-0.8532939160815668
9.994288977727008,2.4557395773843522,7.871132462122485,-0.3325830617798229
17.589948600799538,5.574965565895117,12.303893573420229,-0.28891053851580517
10.908052541404913,1.0531796956361075,7.439446366782008,2.4154264789867974
13.078241005139919,2.847112574327275,8.830248261497632,1.4008801693150135
13.535122786978873,3.3342291799643893,7.4764000403130995,2.7244935667013803
12.50713877784123,3.9590822051264816,8.537978298115364,0.010078274599389214
10.451170759565956,2.0324520442100313,8.072697954110254,0.3460207612456747
13.363792118789268,3.9658010548594076,10.513320119595527,-1.115329055665669
16.162193032552825,5.469143682601538,11.438841670306045,-0.7457923203547544
23.986293546544832,8.388483891557762,14.371619578728124,1.2261900762589446
30.382638492290116,12.082171532233682,16.983572412402992,1.3168945476534428
21.58766419189036,7.657808983102091,13.533443074545632,0.39641213424261823
13.249571673329527,3.660093392011288,9.324083716867673,0.26539456445056625
9.02341519131924,1.3639264957839217,6.883461551382403,0.7760271441529211
14.620217018846372,4.305102966372157,10.72832331104915,-0.41320925857493157
13.934894346087951,3.371182853495482,10.143783384284612,0.419928108307858
19.24614505996574,7.5771827863069845,13.163906339234726,-1.4949440655759727
18.103940605368365,6.742365706990965,13.242852823596605,-1.8812779252192022
8.68075385494003,1.684751570531125,6.24685053918769,0.7491517452212181
14.334665905197028,3.152820237175395,10.640978264521115,0.5408674035005214
10.05139920045688,2.9378170457217716,7.066550206604631,0.04703194813048042
20.616790405482586,6.871703564349783,12.942184298048167,0.8029025430846245
7.424328954882921,0.6685255484261093,5.795007894648438,0.9607955118083789
19.189034837235866,7.70484093123257,13.536802499412103,-2.052608593408808
26.727584237578537,10.798871233244869,15.723788087479416,0.2049249168542353
17.1330668189606,5.459065408002151,12.802768166089967,-1.1287667551315208
12.450028555111361,3.253602983169281,8.208754661201999,0.9876709107400818
6.567675613934893,0.6114153256962407,4.370611751268185,1.5856485369704705
10.965162764134774,1.8376054019551853,8.687472704672961,0.4400846575066355
10.679611650485434,1.0111868848053214,7.908086135653575,1.7603386300265402
16.105082809822957,5.045856149427218,11.08274263446098,-0.02351597406523921
12.5642490005711,2.7580878153660096,8.996539792387544,0.8096213928175503
15.362649914334668,3.670171666610677,10.993717875499717,0.6987603722242751
11.536264991433463,3.8095877985688844,9.510531796956363,-1.7838546040917798
16.847515705311253,6.367789834380356,13.180703463567035,-2.7009775926361406
19.645916619074814,7.318507071589343,10.345348876272384,1.9820606712130886
12.849800114220445,4.5033090334934665,9.881748244700505,-1.5352571639735277
17.989720159908632,5.232304229515907,12.166157153895249,0.5912587764974636
20.159908623643638,7.061511069304939,13.931534921221486,-0.8331373668827889
16.333523700742436,4.936674841267174,10.688010212651596,0.7088386468236644
8.909194745859503,1.5302180266738334,6.824671616219302,0.554305102966372
20.731010850942326,6.730607719958343,13.724930291934013,0.27547283904995534
21.35922330097088,7.474720327879869,14.254039708401917,-0.3695367353109143
13.420902341519133,2.944535895454697,9.733933550576145,0.7424328954882926
18.732153055396918,6.114153256962409,13.578795310242892,-0.9607955118083784
15.933752141633358,4.97698793966473,12.357644371283639,-1.400880169315013
8.395202741290685,0.8952867269123526,7.389054993785063,0.1108610205932746
16.04797258709309,4.29838411663923,11.285987838881985,0.4636006315718752
11.30782410051399,3.9439647932274005,8.845365673396715,-1.4815063661101227
17.24728726442034,4.552020694057179,11.448919944905436,1.2463466254577213
18.67504283266705,6.791077367554673,13.19750058789935,-1.3135351227869787
16.904625928041124,4.634326603285516,11.007155574965571,1.263143749790037
27.184466019417485,9.8011220479054,14.873853596264317,2.5094903752477573
19.8743575099943,7.120301004468034,13.210938287365206,-0.4568817818389485
14.049114791547696,3.4870830113884512,9.124197937313133,1.437833842846105
6.967447173043973,0.5627036651325293,5.165115732186652,1.2396277757247958
16.96173615077099,4.908119729902241,11.835253804548655,0.21836261632008627
14.106225014277562,4.199281083078577,8.976383243188767,0.9305606880102127
15.476870359794404,4.588974367588269,11.123055732858532,-0.23515974065239986
18.161050828098233,6.503846541472098,13.333557294991094,-1.6763530083649678
20.0456881781839,6.6818960593946315,12.315651560452855,1.0481405583364132
9.594517418617928,2.2272986864648776,7.709880068532269,-0.34266133637921153
14.163335237007422,3.4316525010918126,10.520038969328454,0.2116437665871605
10.279840091376352,2.6253905331407252,7.822420801558772,-0.1679712433231428
11.993146773272418,2.1769073134679346,8.66395673060772,1.1522827291967614
17.247287264420336,5.467463970168309,11.887324889978835,-0.10750159572681137
12.050256996002284,2.623710820707494,8.680753854940038,0.7457923203547555
7.310108509423185,0.8113011052507817,6.001612523935902,0.4971948802365041
20.388349514563117,6.947290623845201,13.850908724426379,-0.40984983370846806
12.392918332381495,3.1830550609735613,8.994860079954313,0.21500319145362343
9.994288977727008,2.163469614002083,7.555346524674978,0.275472839049955
7.481439177612791,1.2749017368226563,6.579433600967517,-0.37289616017737726
18.732153055396918,6.38794638357913,13.355393556623103,-1.011186884805321
16.333523700742433,5.081130110525081,12.86155810125306,-1.6091645110357107
29.58309537407196,11.410286558941106,17.06083918433164,1.1119696307992073
13.76356367789834,4.158967984681021,9.305606880102127,0.29898881311519493
21.987435750999435,8.101253065475191,13.31508045822555,0.5711022272986874
11.936036550542541,3.6550542547115943,9.846474283602648,-1.565491987771694
8.68075385494003,1.1942755400275475,7.305069372123494,0.18140894278899455
15.990862364363226,4.295024691772769,12.357644371283632,-0.6618066986931838
16.961736150770992,4.693116538448616,11.674001410958443,0.5946182013639268
10.165619645916616,2.31296402055968,8.282662008264186,-0.4300063829072459
19.01770416904627,6.4165014949440655,11.956193099741325,0.6450095743608697
4.8543689320388355,-0.9221621258440553,4.90979944233547,0.8667316155474182
20.616790405482583,7.793865690193838,13.86434642389223,-1.0414217086034863
16.2193032552827,4.143850572781938,10.415896798468104,1.6595558840326545
12.050256996002284,2.7530486780663144,8.504384049450735,0.7928242684852357
12.392918332381495,4.3672523264017205,9.782645211139855,-1.7569792051600777
20.9594517418618,6.898578963281485,12.290455873954377,1.7704169046259282
17.07595659623073,5.590082977794203,11.754627607753555,-0.2687539893170286
11.022272986864646,2.7177747169684547,9.23841838277287,-0.9339201128766752
10.565391205025696,3.033560654415963,9.204824134108243,-1.6729935834985046
9.308966304968584,1.2329089259918704,6.587832163133671,1.4882252158430485
19.074814391776126,6.522323378237646,12.471864816743373,0.08062619679510924
30.26841804683038,12.20647025229281,18.5020324520442,-0.44008465750663395
18.275271273557962,8.072697954110255,13.83747102496053,-3.6348977055128167
11.422044545973728,2.155071051835926,7.953438371350825,1.313535122786979
13.763563677898345,3.372862565928713,8.862162797729031,1.528538314240602
16.276413478012564,4.960190815332416,11.22215876641919,0.09406389626096053
12.221587664191887,2.999966405751334,8.946148419390601,0.2754728390499553
33.92347230154197,12.80780730338966,19.341888668659916,1.7737763294923918
25.928041119360387,10.377263412503778,15.947189841099204,-0.39641213424261706
15.64820102798402,4.064904088420063,9.849833708469108,1.7334632310948368
11.136493432324384,1.8191285651896398,7.469681190580172,1.8476836765545739
12.62135922330097,3.3711828534954815,9.213222696274398,0.036953673531091615
20.61679040548259,5.998253099069439,12.471864816743373,2.1466724896697693
13.877784123358081,4.575536668122417,9.964054153928844,-0.6618066986931831
13.363792118789263,3.9691604797258715,10.409177948735179,-1.0145463096717846
10.622501427755566,3.5441932341183193,7.84425706319078,-0.7659488695535321
13.021130782410053,4.054825813820673,9.500453522356972,-0.534148553767595
20.217018846373506,6.4954479793059425,12.206470252292808,1.5151006147747514
13.363792118789261,2.472536701716667,9.537407195888065,1.3538482211845335
11.993146773272413,3.2754392448012895,9.594517418617936,-0.8768098901468073
5.768132495716732,0.5072731548358921,5.84539926764538,-0.5845399267645378
13.820673900628217,4.659522289783989,10.676252225618974,-1.515100614774751
16.219303255282696,5.707662848120404,11.805018980750495,-1.2933785735882013
21.416333523700757,7.681324957167335,14.722679477273488,-0.9876709107400802
18.446601941747574,6.199818591057212,12.156078879295867,0.09070447139449736
12.964020559680186,3.25192327073605,10.652736251553737,-0.940638962609601
17.1330668189606,5.479221957200928,12.584405549769878,-0.9305606880102124
13.706453455168473,3.2099304599052636,8.692511841972655,1.8040111532905572
11.193603655054249,2.410387341687103,7.913125272953268,0.8700910404138807
23.814962878355225,8.658917593308026,14.759633150804591,0.3964121342426184
15.59109080525415,4.641045453018445,12.283737024221452,-1.3336916719857557
15.24842946887493,4.805657271475123,9.340880841199988,1.101891356199819
16.733295259851516,5.4137131723049015,12.01162361003796,-0.6920415224913483
17.247287264420336,5.660630899989921,11.146571706923776,0.4400846575066355
9.708737864077666,2.270971209728894,6.547519064736117,0.8902475896126579
17.532838378069677,5.603520677260053,11.334699499445696,0.5946182013639265
15.76242147344375,4.619209191386435,11.966271374340707,-0.8230590922834006
12.450028555111361,3.1544999496086277,8.865522222595494,0.430006382907247
10.279840091376352,2.748009540766621,8.788255450666844,-1.2564249000571104
12.90691033695032,2.6354688077401143,8.80673228743239,1.464709241777808
9.994288977727008,1.6595558840326536,8.66395673060772,-0.3292236369133602
16.33352370074244,4.3017435415056955,12.344206671817783,-0.3124265125810453
15.87664191890348,4.67295998924984,10.914771391137837,0.28891053851580656
11.022272986864646,2.87734739812544,8.679074142506803,-0.5341485537675943
12.107367218732154,3.819666073168274,7.911445560520041,0.376255585043841
11.936036550542546,3.3644640037625555,8.245708334733093,0.3258642120468975
16.561964591661905,5.118083784056168,11.632008600127655,-0.18812779252191986
24.785836664763004,8.878959922061345,14.751234588638424,1.1556421540632253
17.58994860079955,4.605771491920582,10.834145194342733,2.1500319145362305
14.448886350656764,3.6567339671448242,10.069876037222429,0.7222763462895153
21.987435750999442,8.279302583397724,14.430409513891217,-0.7222763462895144
9.937178754997142,2.0811637047737426,8.73282494037021,-0.8768098901468065
13.306681896059397,4.792219572009272,9.811200322504785,-1.2967379984546643
17.532838378069677,4.87284576880438,11.413645983807573,1.2463466254577225
25.52826956025129,9.732253838142912,16.138677058487588,-0.34266133637921165
16.447744146202172,5.306211576578089,10.61410286558941,0.527429704034669
18.389491719017713,6.871703564349786,13.271407934961534,-1.753619780293614
6.396344945745286,-0.24691772768502043,5.171834581919574,1.4714280915107334
13.820673900628224,3.6298585682131215,9.529008633721908,0.6618066986931836
14.277555682467161,4.147209997648403,9.576040581852391,0.5543051029663724
16.2193032552827,4.661202002217222,11.292706688614908,0.26539456445056664
27.527127355796704,11.452279369771896,17.301038062283737,-1.2261900762589433
16.33352370074243,4.520106157825779,11.447240232472202,0.36617731044445156
11.19360365505425,2.4574192898175835,8.850404810696407,-0.1142204454597364
15.077098800685324,4.904760305035778,11.039070111196967,-0.8667316155474178
19.70302684180469,6.283804212718784,12.740618806060402,0.6786038230254992
14.677327241576249,3.2267275842375787,10.415896798468102,1.0347028588705618
12.906910336950313,3.418214801625963,8.729465515503746,0.7592300198206067
14.04911479154769,3.947324218093861,10.17569792051601,-0.07390734706218262
16.67618503712165,5.711022272986865,10.941646790069543,0.023515974065240537
10.736721873215307,2.726173279134614,9.085564551348808,-1.075015957268116
18.732153055396925,5.40867403500521,12.342526959384557,0.9809520610071564
15.93375214163335,3.8969328450969196,10.824066919743338,1.2127523767930934
11.25071387778412,2.170188463735008,8.516142036483355,0.5643833775657613
10.051399200456874,2.156750764269158,7.686364094467029,0.20828434172069765
11.022272986864646,1.8426445392548794,9.146034198945143,0.03359424866462941
11.250713877784118,3.3745422783619436,8.084455941142874,-0.2082843417206972
9.366076527698452,2.044210031242651,7.728356905297813,-0.406490408842006
13.763563677898349,4.852689219605604,9.666745053246885,-0.7558705949541432
25.6996002284409,7.901367285920654,15.5944502301206,2.203782712399637
15.819531696173618,5.25917962844761,11.457318507071589,-0.8969664393455836
9.822958309537402,1.095172506466893,7.66956697013471,1.058218832935801
10.79383209594517,1.3303322471192935,8.280982295830952,1.1825175529949274
12.164477441462017,2.200423287533175,8.764739476601608,1.1993146773272418
11.079383209594516,3.7474384385393225,8.534618873248899,-1.2026741021937046
20.731010850942315,7.007760271441531,13.585514159975817,0.13773641952497792
7.938320959451738,1.2429872005912588,5.106325797023549,1.5890079618369337
7.538549400342658,0.705479221957201,5.680787449188697,1.152282729196762
23.64363221016562,8.443914401854407,15.505425471159331,-0.3057076628481197
17.532838378069673,6.591191588000134,11.956193099741323,-1.0145463096717842
16.276413478012568,4.745187623878791,11.383411160009404,0.14781469412436596
20.95945174186179,6.792757079987908,13.854268149292839,0.3124265125810464
18.218161050828105,5.092888097557697,10.629220277488496,2.4960526757819066
10.622501427755566,2.3163234454261437,7.829139651291699,0.4770383310377267
10.508280982295826,2.4574192898175835,7.956797796217287,0.09406389626096005
22.387207310108515,8.784896025800384,15.651560452850463,-2.0492491685423455
16.847515705311256,5.976416837437429,11.516108442234687,-0.6450095743608689
12.964020559680186,3.79279067423657,9.80280176033863,-0.6315718748950176
11.479154768703596,2.2239392615984146,8.650519031141869,0.6046964759633157
8.566533409480291,1.7368226559613,7.535189975476199,-0.7054792219572011
9.13763563677898,1.644438472133571,7.661168407968554,-0.16797124332314292
14.791547687035976,4.5184264453925485,11.123055732858536,-0.8499344912151032
6.62478583666476,0.2637148520173345,5.443947996103067,0.9171229885443616
15.533980582524276,5.643833775657608,11.055867235529277,-1.1657204286626124
14.448886350656766,4.113615748983776,9.74737125004199,0.587899351631001
11.022272986864644,2.8639096986595884,8.595088520845236,-0.43672523264017127
13.306681896059391,2.7849632142977128,8.949507844257065,1.5722108375046189
13.306681896059393,4.592333792454732,9.618033392683175,-0.9036852890785096
11.364934323243862,2.5733194477105523,9.110760237847277,-0.3191453623139717
21.416333523700754,6.641582960997076,14.700843215641479,0.07390734706218331
16.904625928041124,3.241844996136662,11.368293748110322,2.294487183794135
12.164477441462015,3.7155239023079245,9.436624449894177,-0.9876709107400812
4.6830382638492285,0.5022340175361978,3.471965599489368,0.7088386468236639
15.191319246145056,3.817986360735042,9.612994255383482,1.7603386300265398
19.131924614505994,6.87002385191655,13.064803305674067,-0.8029025430846234
14.220445459737292,3.3224711929317694,10.693049349951286,0.20492491685423544
25.242718446601945,10.674572513185746,15.16948298451305,-0.6013370510968515
14.962878355225588,4.185843383612726,10.619142002889104,0.15789296872375516
15.077098800685327,5.08616924782477,11.220479053985962,-1.229549501125407
12.79268989149058,2.2289783988981093,9.995968690160245,0.567742802432224
12.678469446030842,3.5324352470856994,9.733933550576142,-0.5878993516310008
8.223872073101079,1.5251788893741398,6.76252225618974,-0.06382907246279432
10.451170759565958,1.671313871065274,6.848187590284546,1.9316692982161456
11.193603655054249,2.8303154499949614,8.144925588739206,0.21836261632008627
12.392918332381498,2.9059025094903754,9.540766620754523,-0.0537507978634054
8.22387207310108,0.8969664393455844,7.585581348473141,-0.25867571471764
14.505996573386637,3.342627742130547,9.769207511674,1.3941613195820892
14.220445459737293,3.6987267779756112,10.955084489535391,-0.4333658077737086
23.700742432895506,6.893539825981792,13.296603621460008,3.5105989854536914
12.221587664191887,3.7911109618033385,8.585010246245844,-0.1545335438572914
25.01427755568248,8.41032015318977,13.966808882319347,2.637148520173348
11.307824100513987,2.4204656162864926,8.111331340074582,0.7760271441529214
12.564249000571108,3.554271508717707,9.04357174051802,-0.033594248664628304
21.873215305539695,7.735075755030739,13.963449457452887,0.17469009305606942
15.362649914334673,3.796150099103034,10.441092484966575,1.1254073302650591
8.566533409480295,0.4199281083078575,6.6818960593946315,1.464709241777808
12.964020559680183,2.823596600262037,9.969093291228543,0.1713306681896064
13.64934323243861,3.730641314207008,8.52454059864951,1.3941613195820886
13.59223300970874,3.2384855712701976,10.095071723720896,0.2586757147176411
12.22158766419189,2.474216414149898,9.078845701615883,0.6685255484261099
8.852084523129635,1.3034568481875906,7.538549400342662,0.010078274599388645
11.87892632781268,2.8336748748614236,7.936641247018511,1.1086102059327452
9.137635636778976,2.3717539557227805,6.8028353545872955,-0.03695367353109123
11.821816105082807,2.304565458393523,9.900225081466049,-0.38297443477676585
13.763563677898345,3.73232102664024,10.491483857963514,-0.4602412067054115
10.45117075956596,1.9602244095810797,7.681324957167334,0.8096213928175501
9.53740719588806,1.3908018947156249,8.334733093694362,-0.18812779252191983
16.105082809822964,5.097927234857393,10.258003829744347,0.7491517452212185
18.846373500856657,5.91426747740787,12.56592871300433,0.3661773104444522
13.592233009708737,3.60466288171465,9.134276211912521,0.8532939160815673
13.535122786978869,4.187523096045958,10.328551751940067,-0.9809520610071554
12.335808109651627,4.041388114354822,9.292169180636275,-0.9977491853394697
25.870930896630494,10.241206705412035,16.600597977626226,-0.9708737864077659
13.135351227869785,2.2944871837941347,8.717707528471125,2.123156515604529
24.043403769274715,8.40360130345685,15.15940470991366,0.48039775590419
19.588806396344953,7.4495246413813945,11.417005408674031,0.7222763462895161
20.90234151913193,7.289951960224409,14.55638794638358,-0.943998387476064
20.788121073672187,6.89018040111533,12.742298518493628,1.1556421540632242
14.848657909765851,3.9926764537911112,11.689118822857527,-0.8331373668827893
8.509423186750425,1.5268586018073709,5.326368125776868,1.6561964591661913
14.791547687035981,4.437800248597441,9.369435952564924,0.984311485873619
16.504854368932037,5.22390566734975,12.191352840393723,-0.9104041388114354
21.13078241005141,6.984244297376287,13.01441193267711,1.132126179997985
12.450028555111361,2.6875398931702894,9.214902408707632,0.5475862532334468
29.982866933181047,11.88060604024591,16.284812040178718,1.8174488527564083
13.478012564249003,3.865018308865522,9.754090099774922,-0.141095844391439
20.84523129640206,6.288843350018477,13.333557294991103,1.2228306513924818
10.108509423186744,0.8398562166157154,8.42879698995532,0.8398562166157161
11.764705882352938,3.1377028252763126,9.648268216481336,-1.0212651594047095
15.362649914334664,4.735109349279404,11.030671549030803,-0.40313098397554264
24.15762421473444,8.689152417106197,15.444955823563003,0.02351597406524045
11.707595659623072,2.7681660899653977,8.8285685490644,0.11086102059327443
18.10394060536836,6.377868108979742,10.07323546208889,1.652837034299728
7.595659623072527,1.0111868848053214,6.288843350018477,0.29562938824873236
9.13763563677898,2.106359391272214,7.814022239392619,-0.7827459938858463
9.194745859508847,1.5772499748043143,7.0094399838747625,0.6080559008297783
11.422044545973728,3.0318809419827333,8.01726744381362,0.37289616017737803
11.022272986864643,2.4439815903517306,8.071018241677022,0.5072731548358925
9.59451741861793,2.094601404239594,6.273725938119393,1.2261900762589446
21.81610508280984,7.9870326200154524,12.713743407128696,1.1153290556656708
13.420902341519131,2.5733194477105523,10.219370443780026,0.6282124500285555
13.135351227869796,3.9372459434944735,10.263042967044042,-1.064937682668727
22.27298686464877,7.879531024288644,14.339705042496718,0.0537507978634065
13.53512278697887,2.952934457620855,8.593408808412002,1.988779520946015
18.446601941747574,6.167904054825813,12.151039741996172,0.12765814492558916
17.1330668189606,5.5867235529277375,11.334699499445694,0.21164376658716055
7.709880068532262,1.4193570060805587,6.539120502569962,-0.24859744011825155
18.675042832667053,6.166224342392582,12.508818490274468,2.4144656069517967e-16
7.481439177612789,1.8426445392548796,6.246850539187691,-0.6080559008297781
9.765848086807534,1.9451069976819972,7.908086135653574,-0.0873450465280343
20.559680182752714,7.474720327879869,13.981926294218425,-0.8969664393455833
7.824100513992,1.5386165888399908,7.199247488829913,-0.9137635636778985
18.0468303826385,5.509456780999093,12.15775859172909,0.37961500991030384
17.704169046259285,6.471932005240705,12.347566096684249,-1.1153290556656699
9.53740719588806,1.2295495011254074,6.527362515537343,1.780495179225317
9.937178754997142,1.7301038062283738,7.474720327879867,0.7323546208889044
15.019988577955461,4.390768300466961,10.417576510901336,0.2116437665871605
23.07252998286694,9.01837605401955,13.412503779352976,0.6416501494944068
14.734437464306112,3.314072630765613,10.281519803809589,1.1388450297309116
7.252998286693315,0.42328753317432066,5.660630899989923,1.169079853529076
13.078241005139917,3.2351261464037364,9.571001444552694,0.27211341418349216
20.045688178183898,6.671817784795245,12.792689891490578,0.5811805018980758
20.217018846373502,6.76084254375651,12.928746598582324,0.5274297040346703
17.87549971444889,6.39970437061175,12.906910336950315,-1.4311149931131786
21.75899486007996,9.354318540665837,13.382268955554808,-0.9775926361406921
15.24842946887493,4.2379144690429005,10.872778580307052,0.13773641952497756
11.59337521416334,1.7771357543588542,9.080525414049117,0.735714045755367
23.072529982866946,7.296670809957336,12.88675378775153,2.8891053851580617
16.105082809822964,5.388517485806428,10.793832095945172,-0.07726677192864541
23.01541976013707,8.017267443813617,14.423690664158292,0.5744616521651504
8.737864077669899,0.9893506231733126,6.47865085497363,1.269862599522962
11.479154768703602,2.5027715255148317,8.45231296402056,0.5240702791682073
16.504854368932037,4.688077401148922,11.742869620720928,0.07390734706218303
9.19474585950885,1.1506030167635302,7.667887257701478,0.37625558504384055
25.642490005711043,9.1225182248799,13.876104410924855,2.643867369906272
13.53512278697887,3.293916081566836,8.98814123022139,1.2530654751906483
29.183323814962897,12.612960661134812,18.340780058453987,-1.7704169046259275
8.852084523129635,1.4445526925790306,7.498236301945108,-0.09070447139449697
10.051399200456878,1.8510431014210365,8.065979104377332,0.13437699465851458
18.10394060536836,5.336446400376254,10.758558134847316,2.008936070144792
17.418617932609948,4.845970369872678,12.05865555816844,0.5139920045688179
8.852084523129637,1.5453354385729163,6.124231531561796,1.1825175529949277
25.642490005711018,10.451170759565963,15.977424664897365,-0.7861054187523092
16.50485436893204,5.24910135384822,10.98363960090033,0.2721134141834922
25.985151342090244,9.525649208855441,14.390096415493657,2.069405717741123
22.387207310108515,7.842577350757552,13.751805690865721,0.7928242684852359
28.55511136493434,9.611314542950248,16.269694628279634,2.674102193704441
10.565391205025696,2.2289783988981084,7.096785030402794,1.2396277757247962
20.33123929183325,7.3000302348237955,14.166694661873887,-1.1354856048644464
7.310108509423185,-0.3141062250142776,5.5044176436994015,2.119797090738065
10.451170759565958,1.5738905499378508,6.905297813014411,1.9719823966136998
17.190177041690465,5.138240333254947,11.88396546511237,0.16797124332314367
6.2821245002855495,1.8678402257533513,5.8151644438472125,-1.4008801693150141
19.303255282695606,5.912587764974638,12.02674102193704,1.363926495783922
21.93032552826957,8.7109886787382,14.573185070715883,-1.3538482211845329
21.016561964591663,8.34649108072698,13.362112406356026,-0.692041522491349
16.619074814391784,4.636006315718749,10.897974266805525,1.0850942318675056
11.650485436893199,1.9249504484832198,9.85319313333557,-0.1276581449255884
25.813820673900633,9.28545033090335,15.843047670238848,0.685322672758424
17.247287264420336,3.7155239023079236,10.639298552087885,2.8924648100245243
15.93375214163335,4.236234756609669,10.998757012799407,0.6987603722242756
17.075956596230732,4.74182819901233,10.415896798468102,1.9182315987502934
18.38949171901771,6.245170826754457,11.04242953606342,1.1018913561998194
10.90805254140491,3.070514327947056,8.452312964020559,-0.6147747505627035
14.277555682467163,3.466926462189674,10.192495044848322,0.6181341754291667
16.847515705311256,4.318540665838008,11.544663553599623,0.9843114858736185
12.392918332381495,2.9143010716565314,9.209863271407933,0.26875398931702926
14.106225014277554,4.125373736016395,11.633688312560892,-1.652837034299727
7.995431182181606,1.400880169315013,7.027916820640308,-0.43336580777370887
11.479154768703594,2.1433130648033054,8.553095710014446,0.7827459938858475
12.050256996002275,2.2138609869990256,9.28880975576981,0.547586253233447
13.249571673329529,3.1679376490744793,9.691940739745359,0.38969328450969243
9.937178754997138,2.3028857459602916,8.003829744347767,-0.3695367353109145
12.278697886921757,2.6791413310041325,8.581650821379379,1.0179057345382472
18.560822387207317,4.990425639130582,12.216548526892195,1.3538482211845337
12.107367218732158,2.900863372190682,9.01501662915309,0.19148721738838345
19.588806396344957,6.569355326368121,12.280377599354988,0.7390734706218302
21.24500285551115,6.85490644001747,13.12695266570363,1.2631437497900369
10.565391205025696,2.8084791883629525,7.7837874155944515,-0.02687539893170258
14.905768132495721,4.231195619309975,10.147142809151074,0.5274297040346692
16.847515705311256,5.8437195552121475,12.969059696979876,-1.965263546880773
13.820673900628211,3.436691638391509,8.936070144791213,1.4479121174454939
9.423186750428322,1.7737763294923903,6.702052608593409,0.9473578123425271
8.909194745859507,1.6410790472671075,7.600698760372224,-0.3325830617798221
9.023415191319241,2.6253905331407266,6.871703564349783,-0.47367890617126335
13.078241005139924,3.9658010548594076,9.609634830517013,-0.4971948802365032
15.019988577955456,4.468035072395606,10.585547754224478,-0.033594248664628616
17.01884637350086,5.044176436993986,13.244532536029828,-1.269862599522961
17.532838378069677,4.622568616252898,10.951725064668928,1.9585446971478486
10.165619645916616,1.7821748916585485,7.879531024288641,0.5039137299694296
18.617932609937185,5.406994322571975,11.860449491047133,1.3504887963180716
10.850942318675042,2.418785903853261,7.43104780461585,1.001108610205933
8.966304968589373,1.251385762757416,6.280444787852321,1.434474417979642
14.049114791547687,3.878456008331374,10.536836093660762,-0.36617731044445145
24.500285551113645,8.270904021231567,14.768031712970734,1.461349816911345
17.361507709880073,5.422111734471059,11.983068498673026,-0.043672523264016695
13.42090234151913,2.847112574327275,10.990358450633254,-0.416568683441394
11.82181610508281,2.5111700876809895,8.99150065508785,0.3191453623139717
17.361507709880065,6.849867302717775,12.026741021937042,-1.5151006147747499
13.649343232438614,3.3426277421305484,8.791614875533307,1.5151006147747508
8.680753854940033,1.5386165888399912,7.521752276010348,-0.37961500991030306
18.960593946316393,6.401384083044982,12.75741593039271,-0.1982060671213081
22.444317532838394,7.464642053280478,14.049114791547689,0.9305606880102134
21.816105082809827,5.952900863372189,12.34924580911748,3.513958410320154
12.221587664191894,3.0100446803507244,9.278731481170425,-0.06718849732925734
19.588806396344953,7.011119696307993,13.561998185910571,-0.9843114858736182
21.073672187321534,6.315718748950179,13.864346423892227,0.8936070144791216
16.3906339234723,5.1315214835220235,11.870527765646518,-0.61141532569624
12.107367218732154,2.489333826048981,8.398562166157154,1.2194712265260195
10.336950314106218,2.5867571471764035,7.478079752746329,0.2721134141834919
14.505996573386644,3.7877515369368773,10.116907985352906,0.6013370510968525
26.27070245573959,10.315114052474216,15.545738569556896,0.40984983370847
13.934894346087946,3.9926764537911117,11.349816911344778,-1.4075990190479386
9.023415191319243,1.8409648268216485,7.43776665434878,-0.255316289851177
14.734437464306117,4.311821816105081,10.61074344072295,-0.18812779252191997
23.52941176470588,9.419827325561865,14.966237780092044,-0.8566533409480288
12.221587664191887,2.9697315819531696,7.854335337790171,1.397520744448551
17.875499714448893,4.62592804111936,11.102899183659758,2.1466724896697693
9.8229583095374,1.8947156246850538,7.948399234051126,-0.020156549198776907
9.423186750428322,1.8678402257533513,6.607988712332452,0.9473578123425267
16.790405482581384,5.512816205865556,11.89236402727853,-0.6147747505627023
7.7669902912621325,0.6718849732925725,5.395236335539357,1.699868982430209
15.07709880068532,3.962441629992945,11.262471864816744,-0.14781469412436538
11.364934323243862,3.0755534652467507,8.470789800786104,-0.18140894278899386
14.848657909765851,4.481472771861457,10.343669163839149,0.023515974065240787
14.84865790976585,5.2272650922162125,11.442201095172502,-1.8208082776228705
12.507138777841229,2.257533510263044,9.228340108173485,1.0212651594047102
21.816105082809827,7.488158027345718,11.801659555884031,2.5262874995800733
14.049114791547693,4.083380925185607,10.714885611583297,-0.7491517452212175
9.423186750428323,1.239627775724796,7.051432794705547,1.1321261799979843
9.13763563677898,2.1315550777706864,6.992642859542447,0.01343769946585155
14.106225014277555,2.319682870292606,10.352067726005306,1.4344744179796423
13.420902341519131,3.0486780663150452,9.340880841199988,1.0313434340040994
25.642490005711018,10.800550945678102,15.839688245372392,-0.9977491853394695
11.93603655054255,3.2586421204689766,8.999899217254008,-0.3225047871804341
23.586521987435756,8.912554170725974,13.951691470420265,0.7222763462895155
13.53512278697887,3.188094198273255,9.37951422716431,0.9675143615413049
20.045688178183898,6.023448785567913,12.799408741223504,1.2228306513924823
20.159908623643638,7.479759465179562,14.168374374307117,-1.4882252158430482
11.022272986864646,2.627070245573958,7.884570161588337,0.5106325797023553
14.106225014277554,4.328618940437397,8.534618873248903,1.2429872005912599
12.792689891490578,4.019551852722813,9.478617260724963,-0.7054792219572006
12.906910336950313,4.148889710081635,9.638189941881953,-0.8801693150132696
20.50256996002285,7.316827359156114,14.680686666442707,-1.4949440655759725
14.448886350656773,3.9909967413578804,11.07938320959452,-0.6214936002956291
11.307824100513988,2.618671683407801,7.345382470521046,1.3437699465851447
15.990862364363222,4.135452010615781,11.311183525380455,0.5442268283669845
14.049114791547684,3.8213457856015047,11.131454295024687,-0.9036852890785099
18.046830382638497,4.479793059428226,12.663352034131757,0.90368528907851
7.081667618503708,0.48543689320388345,6.344273860315116,0.25195686498471487
22.21587664191891,7.7837874155944515,13.410824066919746,1.02126515940471
10.736721873215302,2.9092619343568376,7.676285819867636,0.1511741189908291
13.535122786978869,4.162327409547485,9.732253838142908,-0.35945846071152554
11.821816105082808,2.9075822219236063,8.904155608559819,0.0100782745993884
20.73101085094233,7.3840158564853695,13.430980616118521,-0.08398562166157121
6.967447173043973,0.8163402425504752,6.147747505627034,0.0033594248664632793
16.047972587093096,5.161756307320189,10.936607652769842,-0.05039137299694296
29.868646487721307,12.789330466624113,18.17448852756408,-1.0951725064668925
21.073672187321538,7.698122081499646,13.036248194309135,0.33930191151274974
17.361507709880065,6.119192394262103,12.720462256861628,-1.4781469412436592
27.926898914905784,9.676823327846272,16.69466187388719,1.5554137131723056
10.165619645916614,2.5481237612120804,8.658917593308026,-1.0414217086034867
22.558537978298123,8.640440756542478,12.44330970537844,1.4747875163771968
8.452312964020557,1.4495918298787251,6.004971948802366,0.9977491853394703
21.473443746430615,8.022306581113316,13.807236201162361,-0.356099035845063
9.53740719588806,0.8146605301172439,7.227802600194849,1.4949440655759734
13.535122786978869,3.7004064904088416,9.572681156985924,0.2620351395841035
10.051399200456878,2.0962811166728255,7.81738166425908,0.13773641952497742
20.90234151913193,7.429368092182617,12.794369603923814,0.6786038230254986
8.395202741290685,0.10582188329358044,7.106863305002184,1.1825175529949277
16.904625928041128,3.8566197466993644,12.473544529176605,0.5744616521651498
10.793832095945174,2.3851916551886316,8.391843316424223,0.016797124332315092
13.64934323243861,3.124265125810461,10.750159572681158,-0.22508146605301124
7.310108509423184,0.540867403500521,6.17462290455874,0.5946182013639268
16.105082809822964,4.847650082305908,10.760237847280543,0.4971948802365036
9.194745859508847,0.9053650015117412,7.372257869452751,0.917122988544361
22.729868646487727,6.903618100581185,12.80276816608996,3.0234823798165764
20.84523129640207,7.012799408741224,13.261329660362144,0.5711022272986875
16.33352370074244,5.245741928981757,11.141532569624072,-0.05375079786340542
13.021130782410053,3.4736453119225987,8.909194745859507,0.6382907246279439
8.280982295830949,0.2603554271508719,6.72724829509188,1.2933785735882022
9.366076527698453,1.756979205160076,9.238418382772869,-1.6293210602344879
16.219303255282703,5.553129304263111,10.914771391137839,-0.24859744011825133
12.278697886921755,3.260321832902208,11.030671549030805,-2.0122954950112537
15.077098800685325,3.626499143346659,10.389021399536404,1.061578257802265
16.04797258709309,5.618638089159137,11.23559646588504,-0.8062619679510866
13.078241005139919,3.5609903584506313,10.35374743843854,-0.836496791749252
12.392918332381498,3.267040682635133,7.647730708502704,1.4781469412436596
25.29982866933182,9.34759969093291,15.12916988611549,0.8230590922834018
8.22387207310108,1.0279840091376358,7.69644236906642,-0.5005543051029661
17.81838949171902,7.04975308227231,13.002653945644504,-2.234017536197801
12.278697886921757,2.94789532032116,8.99150065508785,0.3393019115127492
7.824100513992,1.9854200960795514,6.221654852689221,-0.3829744347767663
17.361507709880076,5.816844156280445,12.381160345348874,-0.8364967917492522
15.81953169617362,5.601840964826821,9.834716296570026,0.3829744347767666
10.508280982295826,2.274330634595357,7.259717136426244,0.9742332112742303
12.107367218732145,1.950146134981691,7.610777034971613,2.5464440487788487
15.533980582524272,4.284946417173382,10.617462290455876,0.6315718748950184
10.051399200456878,1.1052507810662815,7.948399234051132,0.9977491853394702
13.249571673329521,2.912621359223301,10.43437363523365,-0.09742332112742226
31.18218161050829,12.656633184398832,17.259045251452942,1.2665031746564996
18.732153055396918,5.734538247052104,11.959552524607787,1.0380622837370252
21.816105082809834,6.8179527664863775,12.515537340007393,2.4826149763160563
23.529411764705877,8.0592602546444,13.346994994456944,2.12315651560453
12.392918332381495,2.7900023515974066,7.637652433903318,1.9652635468807746
15.53398058252427,4.9685893774985725,10.995397587932947,-0.43000638290724574
18.675042832667046,5.1197634964894005,13.02449020727651,0.5307891289011324
9.42318675042832,1.0347028588705616,7.689723519333489,0.6987603722242755
12.564249000571104,2.880706822991902,9.838075721436491,-0.1545335438572913
22.958309537407203,7.750193166929822,14.442167500923835,0.7659488695535329
11.936036550542548,2.2424160983639596,8.000470319481307,1.6931501326972818
22.044545973729303,7.286592535357944,13.491450263714848,1.266503174656499
9.8229583095374,2.4725367017166664,7.69980179393288,-0.3493801861121372
12.278697886921757,3.505559848153996,8.396882453723922,0.37625558504384077
12.107367218732152,2.9848489938522533,8.860483085295797,0.2620351395841035
11.878926327812682,2.250814660530118,9.621392817549633,0.006718849732925998
9.937178754997138,1.7149863943292916,7.802264252359998,0.41992810830785765
10.679611650485432,3.930527093761548,7.632613296603622,-0.8835287398797329
9.594517418617928,2.748009540766621,6.557597339335504,0.288910538515806
11.593375214163332,3.734000739073469,8.013908018947152,-0.1545335438572914
9.48029697315819,1.0464608459031817,6.95904861087782,1.474787516377196
17.475728155339812,5.040817012127526,11.816776967783113,0.618134175429167
13.992004568817823,3.6550542547115947,9.198105284375318,1.1388450297309107
17.875499714448893,5.826922430879835,12.364363221016564,-0.31578593744750844
16.105082809822957,4.09681862465146,12.088890381966603,-0.08062619679510816
15.648201027984014,4.365572613968489,9.559243457520067,1.7233849564954484
12.221587664191887,2.3969496422212524,8.957906406423222,0.8667316155474191
7.024557395773841,-0.028555111364934084,6.260288238653543,0.7928242684852351
7.709880068532264,1.0078274599388581,6.369469546813585,0.33258306177982366
11.250713877784118,2.9630127322202435,8.57997110894615,-0.29226996338226857
11.821816105082808,3.292236369133604,8.707629253871739,-0.17804951792253154
18.560822387207317,5.962979137971581,13.289884771727085,-0.6920415224913491
11.593375214163332,2.8958242348909877,8.731145227936976,-0.033594248664628075
11.936036550542546,3.6701716666106745,8.652198743575099,-0.38633385964322864
10.39406053683609,2.087882554506668,7.083347330936945,1.2228306513924818
15.476870359794411,4.132092585749319,12.10736721873215,-0.7625894446870692
25.29982866933183,9.723855275976755,16.147075620653734,-0.5711022272986856
16.504854368932044,4.4898713340276135,10.449491047132726,1.5654919877716933
21.587664191890358,7.728356905297814,13.540161924278566,0.3191453623139731
17.133066818960597,5.92602546444049,11.553062115765787,-0.3460207612456745
13.87778412335808,3.149460812308933,9.777606073840163,0.9507172372089902
9.194745859508846,1.8342459770887225,7.659488695535325,-0.29898881311519465
26.556253569388925,9.920381630664831,15.053582826620074,1.5822891121040081
12.964020559680183,3.376221990795177,10.780394396479323,-1.1925958275943145
14.220445459737297,4.412604562098969,10.587227466657712,-0.7793865690193839
19.645916619074814,6.137669231027649,13.777001377364188,-0.2687539893170289
13.99200456881782,3.8902139953639945,10.434373635233648,-0.33258306177982244
16.790405482581384,5.391876910672891,10.619142002889106,0.7793865690193844
10.394060536836095,2.5195686498471472,7.078308193637251,0.7961836933516986
10.908052541404912,2.5514831860785425,8.151644438472132,0.20492491685423475
20.788121073672208,6.283804212718783,13.405784929620047,1.0985319313333564
13.70645345516847,2.6001948466422555,10.229448718379414,0.8768098901468073
22.786978869217595,9.19306614707562,12.801088453656732,0.7928242684852362
18.560822387207313,7.170692377464979,13.63758524540598,-2.247455235663654
5.882352941176468,0.1914872173883833,5.156717170020493,0.5341485537675951
25.128498001142216,10.26304296704404,11.962911949474252,2.902543084623913
7.6527698458023945,0.9339201128766756,6.1880606040245905,0.530789128901132
7.938320959451739,1.9316692982161456,5.264218765747303,0.7424328954882925
16.105082809822964,4.407565424799274,11.0088352873988,0.6886820976248875
16.619074814391777,4.609130916787046,11.573218664964553,0.4367252326401731
17.247287264420333,5.993213961769743,11.55306211576578,-0.29898881311519404
8.966304968589373,1.1506030167635302,6.680216346961401,1.1354856048644475
11.593375214163332,2.4187859038532604,7.300030234823799,1.874559075486277
8.566533409480293,0.782745993885847,6.5307219404038035,1.2530654751906476
9.937178754997142,1.5386165888399908,8.381765041824837,0.016797124332314593
14.620217018846372,3.8448617596667467,10.214331306480329,0.5610239526992985
12.164477441462022,3.665132529310983,9.386233076897232,-0.8868881647461951
6.796116504854367,-0.3157859374475091,4.901400880169314,2.210501562132563
11.87892632781268,2.6203513958410327,9.30896630496859,-0.050391372996942255
8.566533409480295,1.6410790472671077,7.073269056337555,-0.14781469412436554
12.164477441462022,4.162327409547485,10.269761816776965,-2.2676117848624315
10.051399200456878,2.566600597977626,7.857694762656634,-0.37289616017737737
24.271844660194194,8.590049383545535,15.211475795343846,0.4703194813048014
27.812678469446038,9.980851278261163,13.642624382705675,4.189202808479188
7.8241005139920015,0.8633721906809556,5.237343366815603,1.7233849564954482
25.64249000571103,8.786575738233614,15.30721940403803,1.5486948634393787
15.648201027984006,4.691436826015385,9.246816944939026,1.7099472570295968
21.58766419189036,8.704269829005272,13.407464642053283,-0.5240702791682061
24.671616219303264,9.22498068330702,15.419760137064532,0.026875398931703216
8.794974300399765,1.2211509389592503,6.774280243222365,0.7995431182181618
29.58309537407196,11.458998219504828,17.522760103470283,0.601337051096853
8.109651627641343,2.4087076292538723,7.310108509423188,-1.6091645110357102
17.133066818960593,5.245741928981757,12.250142775556823,-0.36281788557798883
22.615648201027984,9.045251452951254,14.840259347599696,-1.2698625995229615
17.247287264420333,5.118083784056168,10.785433533779017,1.3437699465851456
15.476870359794404,4.894682030436389,10.847582893808578,-0.265394564450566
17.1330668189606,5.173514294352808,11.952833674874862,0.006718849732926447
17.589948600799538,4.913158867201936,12.377800920482414,0.29898881311519543
11.650485436893204,1.8795982127859714,9.9187019182316,-0.14781469412436563
20.845231296402055,7.439446366782007,14.171733799173573,-0.7659488695535316
24.614505996573392,8.055900829777942,14.81170423623476,1.7469009305606888
16.676185037121652,5.267578190613769,12.940504585614944,-1.5318977391070647
12.62135922330097,2.929418483555616,9.245137232505796,0.44680350723956064
16.561964591661912,5.139920045688179,10.750159572681158,0.671884973292573
16.276413478012568,4.557059831356872,11.705915947189835,0.013437699465851695
12.392918332381498,3.1192259885107676,7.9769543454160665,1.2967379984546645
17.98972015990863,6.567675613934894,9.540766620754527,1.8812779252192031
16.219303255282696,4.872845768804381,11.890684314845297,-0.5442268283669829
22.672758423757845,8.47750865051903,15.989182651929985,-1.7939328786911672
24.72872644203313,9.495414385057279,15.965666677864737,-0.7323546208889031
10.850942318675035,2.76984580239863,7.782107703161219,0.298988813115195
5.197030268418045,-0.16965095575637415,5.195350555984816,0.17133066818960618
9.708737864077666,2.294487183794134,6.6953337588604835,0.7189169214230525
10.165619645916612,1.2665031746564992,8.882319346927803,0.016797124332314575
10.679611650485432,2.1013202539725198,7.509994288977726,1.0682971075351904
20.788121073672194,7.330265058621964,12.765814492558881,0.6920415224913501
19.131924614506,6.562636476635201,13.640944670272454,-1.0716565324016525
11.821816105082807,0.8868881647461946,9.36943595256492,1.565491987771694
11.536264991433464,2.8991836597574485,9.456780999092954,-0.8196996674169374
17.133066818960593,6.228373702422146,11.959552524607785,-1.0548594080693385
9.194745859508847,2.4003090670877154,7.2345214499277715,-0.440084657506635
11.878926327812676,3.230087009104041,8.128128464406897,0.5207108543017435
14.049114791547693,3.8028689488359597,8.878959922061343,1.3672859206503856
10.50828098229583,2.0761245674740487,7.431047804615851,1.0011086102059334
24.500285551113652,8.685792992239731,14.72603890213996,1.0884536567339675
12.735579668760712,3.5912251822487997,10.501562132562906,-1.3572076460509956
15.533980582524276,4.772063022810494,10.506601269862601,0.2553162898511776
17.47572815533981,4.730070211979709,11.566499815231628,1.1791581281284649
28.041119360365506,10.52003896932845,16.84919541774448,0.671884973292573
21.01656196459168,6.22165485268922,12.836362414754591,1.9585446971478484
16.047972587093096,5.286055027379311,11.191923942621024,-0.43000638290724613
6.739006282124496,0.4384049450734036,6.391305808445596,-0.09070447139449657
22.272986864648786,7.53854940034266,13.15886720193503,1.575570262371082
15.077098800685325,3.139382537709544,9.481976685591425,2.4557395773843522
11.079383209594514,2.338159707058152,8.821849699331475,-0.08062619679510848
11.76470588235294,3.2603218329022066,8.034064568145931,0.47031948130480117
9.480296973158191,1.7536197802936135,7.945039809184667,-0.21836261632008588
18.446601941747574,6.035206772600528,11.867168340780061,0.5442268283669841
24.38606510565391,8.915913595592436,15.75906204857728,-0.2889105385158055
15.077098800685318,4.847650082305909,10.928209090603692,-0.6987603722242748
19.703026841804686,6.7255685826586475,11.912520576477307,1.0649376826687278
17.704169046259278,6.006651661235596,12.937145160748484,-1.239627775724796
20.217018846373502,6.3526724224812705,12.60120267410219,1.263143749790036
11.821816105082808,2.2608929351295064,9.067087714583263,0.49383545537004087
20.78812107367219,6.908657237880878,11.171767393422245,2.7076964423690657
11.30782410051399,2.4876541136157493,7.940000671884969,0.8801693150132699
11.764705882352944,3.4786844492222926,9.152753048678067,-0.8667316155474181
26.727584237578537,9.14603419894514,15.629724191218456,1.951825847414924
17.1330668189606,4.627607753552595,11.715994221789227,0.7894648436187734
18.78926327812679,6.507205966338561,13.17566432626734,-0.8936070144791204
15.933752141633356,4.785500722276345,11.514428729801454,-0.36617731044445145
11.30782410051399,2.156750764269157,8.606846507877853,0.5442268283669843
18.675042832667053,5.737897671918571,11.754627607753553,1.1825175529949277
11.13649343232438,2.618671683407801,8.803372862565926,-0.28555111364934316
11.87892632781268,2.366714818423086,9.545805758054218,-0.033594248664628484
24.614505996573392,8.02902543084624,15.292101992138942,1.293378573588203
6.853226727584235,0.7155574965565894,5.489300231800315,0.6483689992273325
10.222729868646482,2.365035105989854,6.695333758860483,1.1623610037961503
17.475728155339805,5.687506298921625,12.245103638257135,-0.4568817818389485
19.531696173615074,7.639332146336547,13.064803305674062,-1.1724392783955382
15.019988577955457,4.431081398864513,10.68968992508482,-0.10078274599388559
15.648201027984015,4.303423253938927,9.90358450633252,1.4411932677125676
15.47687035979441,4.40252628749958,10.990358450633249,0.08398562166157177
12.278697886921766,4.385729163167267,8.262505459065407,-0.3695367353109143
9.537407195888061,0.6886820976248867,7.635972721470087,1.212752376793093
8.052541404911475,0.6298921624617866,6.263647663520006,1.1590015789296875
17.247287264420333,5.795007894648437,12.114086068465083,-0.6618066986931835
11.022272986864646,2.6489065072059663,7.956797796217287,0.41656868344139514
14.791547687035974,3.9389256559277053,11.396848859475256,-0.5442268283669833
14.563106796116509,3.856619746699366,9.967413578795313,0.7390734706218307
11.07938320959451,2.2592132226962742,8.971344105889074,-0.15117411899082778
11.422044545973725,2.6018745590754864,8.437195552121477,0.38297443477676635
21.87321530553969,7.496556589511875,14.709241777807645,-0.3325830617798234
9.366076527698452,2.0425303188094204,6.446736318742232,0.8768098901468068
28.4408909194746,10.101790573453828,17.159942217892297,1.1791581281284649
11.19360365505425,1.9215910236167564,8.257466321765712,1.0145463096717846
24.785836664762996,9.700339301911514,15.172842409379513,-0.08734504652803451
16.67618503712164,6.4668928679410085,12.712063694695464,-2.502771525514831
15.990862364363222,4.8610877817717615,11.348137198911548,-0.21836261632008602
20.102798400913763,7.032955957940001,13.792118789263279,-0.7222763462895152
15.476870359794402,4.738468774145866,11.443880807605739,-0.705479221957201
19.588806396344943,6.569355326368127,12.794369603923808,0.2250814660530121
12.621359223300972,3.6987267779756117,9.594517418617935,-0.6718849732925724
26.499143346659054,9.560923169953305,14.86881445896462,2.069405717741123
15.876641918903495,4.407565424799275,11.700876809890145,-0.23180031578593713
18.046830382638493,6.199818591057212,11.625289750394725,0.22172204118654892
22.729868646487724,8.55645513488091,15.157724997480429,-0.9843114858736179
10.279840091376352,1.720025531628985,8.257466321765714,0.3023482379816577
10.051399200456878,0.8952867269123528,8.655558168441564,0.5005543051029666
11.99314677327241,2.2021029999664066,8.73618436523667,1.0548594080693388
13.021130782410047,4.567138105956261,10.069876037222429,-1.615883360768635
7.024557395773841,0.37121644774414647,6.535761077703497,0.11757987032620024
12.964020559680183,3.461887324889978,8.847045385829947,0.6550878489602585
11.82181610508281,2.2911277589276717,9.396311351496626,0.1343769946585145
15.648201027984014,6.077199583431317,10.750159572681156,-1.1791581281284649
7.367218732153054,0.9859911983068501,5.406994322571976,0.9742332112742302
12.335808109651625,2.8353545872946557,8.173480700104143,1.3269728222528303
14.791547687035989,4.562098968656565,10.484765008230594,-0.2553162898511771
8.966304968589373,1.6158833607686367,8.06597910437733,-0.7155574965565897
8.737864077669899,0.3409816239459805,6.922094937346725,1.4747875163771964
11.707595659623069,3.112507138777841,9.57940000671885,-0.984311485873618
19.246145059965734,7.331944771055195,13.923136359055325,-2.008936070144791
12.50713877784123,3.4686061746229053,9.08556455134881,-0.04703194813047989
15.705311250713882,4.825813820673902,10.94332650250277,-0.06382907246279372
21.016561964591673,7.805623677226461,13.919776934188858,-0.7088386468236632
8.680753854940033,1.3488090838848392,6.660059797762621,0.6718849732925725
16.961736150770992,5.42043202203783,9.77760607384016,1.7636980548930026
14.163335237007432,4.471394497262068,11.028991836597573,-1.3370510968522182
12.392918332381496,3.485403298955219,8.94782813182383,-0.04031309839755415
23.07252998286694,7.027916820640306,13.672859206503851,2.37175395572278
15.933752141633361,5.018980750495516,12.077132394933987,-1.1623610037961498
11.022272986864644,2.9344576208553095,8.161722713071525,-0.07390734706218234
17.304397487150197,4.535223569724864,11.684079685557835,1.0850942318675048
20.731010850942326,6.508885678771791,12.821245002855509,1.4008801693150144
12.107367218732152,3.423253938925656,10.20257331944771,-1.5184600396412125
7.9383209594517385,0.3527396109786006,6.702052608593408,0.8835287398797328
21.016561964591663,6.147747505627039,12.698625995229614,2.170188463735009
12.906910336950313,3.062115765780899,8.971344105889072,0.8734504652803444
9.822958309537402,1.526858601807371,7.503275439244803,0.7928242684852352
22.101656196459167,7.345382470521048,12.8581986763866,1.898075049551517
15.191319246145065,3.483723586521987,9.453421574226496,2.2541740853965804
14.677327241576247,3.8196660731682734,10.528437531494609,0.3292236369133608
13.592233009708735,4.5839352302885725,9.451741861793261,-0.4434440823730973
15.191319246145067,3.831424060200893,10.476366446064434,0.8835287398797328
22.04454597372931,7.698122081499647,14.54127053448449,-0.19484664225484538
11.536264991433463,2.7076964423690666,8.878959922061345,-0.05039137299694272
15.476870359794406,4.086740350052072,9.428225887728022,1.961904122014312
7.709880068532262,0.8314576544495583,6.347633285181577,0.5307891289011324
10.79383209594517,2.5430846239123865,7.8341787885913945,0.41656868344139497
18.789263278126793,5.882352941176475,13.27308764739476,-0.36617731044445123
19.988577955454033,7.0547922195720085,12.970739409413106,-0.036953673531091476
19.41747572815534,6.89353982598179,13.90465952228979,-1.3807236201162358
15.248429468874928,3.893573420230456,9.913662780931904,1.4411932677125683
13.478012564249001,2.748009540766621,9.009977491853398,1.7200255316289852
18.732153055396925,7.316827359156114,13.481371989115457,-2.06604629287466
5.939463163906337,-0.8264185171498639,6.036886485033762,0.7289951960224412
22.786978869217588,9.055329727550644,15.287062854839249,-1.5554137131723038
8.109651627641345,2.0223737696106423,7.457923203547553,-1.3706453455168477
17.64705882352941,5.180233144085733,12.224947089058345,0.2418785903853266
8.22387207310108,1.2379480632915645,5.37675949877381,1.6091645110357107
10.850942318675036,2.269291497295663,9.041892028084792,-0.46024120670541174
17.075956596230732,4.820774683374206,12.191352840393721,0.06382907246279493
6.22501427755568,1.0649376826687273,4.971948802365036,0.1881277925219202
11.30782410051399,2.662344206671817,9.421507037995095,-0.7760271441529206
14.277555682467163,3.4534887627238207,8.694191554405887,2.1298753653374547
15.41976013706454,3.905331407263076,11.386770584875869,0.12765814492558922
11.479154768703596,2.4389424530520367,9.40303020122955,-0.3628178855779891
12.621359223300969,1.903114186851212,9.58947828131824,1.128766755131522
14.905768132495716,4.451237948063293,11.220479053985958,-0.7659488695535323
8.22387207310108,0.4887963180703463,6.60630899989922,1.1287667551315215
12.621359223300972,3.7440790136728586,9.572681156985924,-0.6954009473578123
16.276413478012568,4.46131622266268,10.723284173749454,1.0918130816004308
25.071387778412337,9.8867873820002,14.841939060032919,0.34266133637921253
13.877784123358081,3.340948029697317,10.174018208082778,0.3628178855779896
9.308966304968584,1.2631437497900364,7.162293815298823,0.8835287398797328
16.790405482581384,4.8174152585077445,12.043538146269357,-0.07054792219572006
11.99314677327241,2.966372157086707,9.19138643464239,-0.16461181845668066
16.904625928041124,4.851009507172374,11.156649981523158,0.8969664393455842
16.619074814391773,6.6163872744986065,12.078812107367213,-2.0761245674740483
9.937178754997138,3.1444216750092386,7.15221554069943,-0.35945846071152576
12.278697886921757,2.8420734370275804,8.88567877179427,0.5509456780999096
26.6133637921188,9.587798568885006,16.481338394866796,0.5442268283669837
15.705311250713876,4.859408069338531,12.02170188463735,-1.1757987032620005
23.415191319246148,8.783216313367149,14.977995767124668,-0.34602076124567416
8.852084523129635,0.23180031578593754,6.870023851916552,1.7502603554271512
10.565391205025696,2.2944871837941347,7.904726710787114,0.3661773104444522
19.70302684180469,6.690294621560788,10.530117243927842,2.4826149763160554
15.419760137064538,4.634326603285518,11.380051735142946,-0.5946182013639255
21.47344374643062,6.181341754291666,12.046897571135824,3.245204421003125
20.6167904054826,6.117512681828872,12.735579668760705,1.7636980548930024
18.33238149628784,5.934424026606647,11.984748211106261,0.41320925857493274
5.653912050256995,0.29059025094903784,6.404743507911447,-1.0414217086034867
8.509423186750425,2.2407363859307288,6.097356132630095,0.17133066818960602
8.509423186750425,1.657876171599422,6.780999092955287,0.07054792219572016
11.022272986864644,2.6992978802029093,8.833607686364095,-0.5106325797023544
13.992004568817821,3.1192259885107676,9.041892028084792,1.8308865522222604
15.533980582524272,5.862196391977695,10.59898545369033,-0.9272012631437491
11.022272986864648,3.1998521853058763,7.570463936574059,0.2519568649847143
12.792689891490578,3.34598716699701,9.661705915947188,-0.21500319145362326
20.78812107367219,7.268115698592401,13.03960761917559,0.4803977559041891
17.018846373500857,4.719991937380319,11.637047737427354,0.6618066986931835
10.10850942318675,4.044747539221284,7.568784224140828,-1.5050223401753613
14.220445459737293,3.8734168710316794,9.34256055363322,1.004468035072396
13.363792118789267,3.5206772600530787,9.006618066986928,0.8364967917492521
23.92918332381496,8.497665199717806,15.273625155373404,0.15789296872375472
17.1330668189606,5.932744314173415,12.060335270601678,-0.8600127658144923
17.58994860079955,6.030167635300839,11.865488628346823,-0.30570766284812007
10.336950314106218,1.6545167467329591,8.107971915208116,0.5744616521651498
21.701884637350098,7.078308193637246,13.703094030302012,0.9204824134108238
26.384922901199317,10.142103671851375,12.980817684012498,3.2620015453354387
11.36493432324386,2.551483186078544,8.554775422447674,0.2586757147176405
19.01770416904626,6.004971948802366,12.656633184398835,0.35609903584506414
9.48029697315819,1.0834145194342732,7.100144455269255,1.2967379984546643
24.785836664762996,9.604595693217322,15.567574831188894,-0.38633385964322875
14.391776127926903,3.6164208687472703,10.274800954076662,0.5005543051029667
24.443175328383788,9.10068196324789,15.738905499378504,-0.39641213424261756
15.648201027984008,4.326939228004166,10.017804951792256,1.3034568481875906
11.022272986864646,2.4204656162864917,8.390163603990997,0.2116437665871608
11.193603655054257,2.8756676856922097,6.631504686397688,1.6864312829643573
16.847515705311256,5.306211576578089,11.85709006618067,-0.31578593744750827
10.565391205025696,2.3431988443578464,8.235630060133705,-0.01343769946585119
27.127355796687606,11.608492626062414,16.368797661840286,-0.849934491215104
15.305539691604798,4.063224375986831,10.412537373601637,0.8297779420163277
16.162193032552835,5.1516780327208,10.157221083750462,0.853293916081567
21.07367218732155,6.807874491886988,14.695804078341787,-0.43000638290724535
30.839520274129065,12.92370746128263,16.615715389525313,1.3000974233211284
18.50371216447744,6.312359324083718,13.074881580273455,-0.8835287398797318
28.498001142204462,11.474115631403905,15.713709812880037,1.310175697920517
15.705311250713878,3.6013034568481865,10.21601101891356,1.8879967749521291
21.24500285551114,7.669566970134712,13.716531729767858,-0.14109584439143955
13.078241005139922,3.732321026640239,8.922632445325359,0.4232875331743215
12.16447744146202,3.453488762723823,10.037961500991033,-1.3269728222528296
13.249571673329529,3.6298585682131215,9.979171565827928,-0.3594584607115261
9.137635636778977,1.2866597238552762,7.081667618503714,0.7693082944199949
12.79268989149058,3.335908892397622,9.184667584909468,0.2721134141834921
11.707595659623069,4.459636510229449,8.99150065508785,-1.7435415056942252
19.246145059965727,7.029596533073537,11.595054926596566,0.6214936002956294
14.620217018846375,3.9741996170255667,11.025632411731111,-0.37961500991030256
5.768132495716732,-0.3762555850438405,6.356031847347735,-0.21164376658716014
10.165619645916612,2.1685087513017773,7.476400040313097,0.5207108543017434
27.184466019417474,10.598985453690323,15.8665636443041,0.7189169214230532
13.363792118789263,3.6147411563140386,9.433265025027714,0.31578593744750955
10.051399200456878,1.0918130816004301,7.172372089898212,1.7872140289582434
12.964020559680183,3.366143716195788,9.665065340813655,-0.06718849732925705
8.737864077669899,2.173547888601471,6.8028353545872955,-0.23851916551886315
24.671616219303264,9.140995061645446,14.83857963516646,0.69204152249135
14.905768132495714,5.04921557429368,10.666173951019589,-0.8096213928175496
21.873215305539688,9.315685154701512,14.455605200389693,-1.8980750495515166
16.84751570531125,5.489300231800318,11.237276178318268,0.12093929519266398
13.078241005139917,3.8918937077972253,9.478617260724961,-0.2922699633822689
10.108509423186744,2.223939261598414,7.918164410252965,-0.033594248664628415
17.475728155339816,6.12087210669533,11.643766587160279,-0.2889105385158057
8.623643632210161,0.8364967917492522,5.75133537138442,2.0358114690764952
11.022272986864644,1.5587731380387682,8.616924782477241,0.8465750663486415
20.73101085094232,7.27987368562502,12.460106829710751,0.9910303356065442
18.50371216447744,5.259179628447611,12.673430308731144,0.5711022272986866
14.04911479154768,4.521785870259014,9.654987066214265,-0.12765814492558886
11.59337521416333,2.942856183021467,8.758020626868682,-0.10750159572681114
17.247287264420336,6.278765075419091,11.516108442234687,-0.5475862532334459
21.35922330097088,6.834749890818692,13.210938287365206,1.313535122786979
15.591090805254144,4.177444821446569,12.357644371283628,-0.9439983874760636
20.9594517418618,6.574394463667821,11.932677125676085,2.4523801525178883
10.850942318675036,2.650586219639199,8.66395673060772,-0.46360063157187453
14.563106796116507,4.7115933752141625,10.419256223334568,-0.5677428024322234
15.248429468874932,4.4243625491315886,11.126415157724997,-0.3023482379816575
19.988577955454026,8.087815366009337,11.776463869385564,0.12429872005912602
30.154197601370647,11.648805724459974,18.60281519803809,-0.0974233211274226
9.53740719588806,0.6282124500285552,8.065979104377334,0.8432156414821788
12.278697886921753,3.460207612456748,9.117479087580202,-0.2989888131151946
14.848657909765846,5.207108543017434,11.432122820573113,-1.7905734538247042
17.304397487150208,5.139920045688179,11.885645177545596,0.2788322639164181
8.623643632210161,1.96022440958108,5.947861726072497,0.7155574965565893
9.651627641347796,0.871770752847113,7.520072563577117,1.2597843249235732
9.08052541404911,2.25417408539658,6.846507877851314,-0.02015654919877734
20.0456881781839,6.638223536130614,12.124164343064473,1.2833002989888131
15.476870359794406,4.778781872543419,10.966842476568015,-0.2687539893170283
11.479154768703594,2.650586219639197,8.489266637551651,0.3393019115127492
15.819531696173618,5.5564887291295735,11.220479053985962,-0.9574360869419153
10.39406053683609,1.0750159572681157,8.039103705445626,1.279940874122351
13.078241005139922,2.847112574327278,10.9769207511674,-0.7457923203547544
16.561964591661912,6.169583767259045,11.000436725232639,-0.6080559008297776
11.707595659623074,2.92269963382269,9.453421574226494,-0.6685255484261088
7.481439177612789,1.1640407162293818,6.475291430107166,-0.15789296872375472
15.13420902341519,4.820774683374206,11.731111633688304,-1.4176772936473274
17.304397487150204,6.791077367554677,11.863808915913598,-1.3504887963180705
7.5956596230725255,0.9507172372089899,5.791648469781975,0.8532939160815669
20.045688178183898,6.906977525447642,12.638156347633284,0.5005543051029667
9.937178754997138,2.3683945308563166,8.717707528471127,-1.1489233043302984
16.561964591661912,5.850438404945073,12.19975140255988,-1.4882252158430473
12.050256996002283,3.2048913226055693,9.55420432022038,-0.7088386468236637
7.4243289548829186,1.2026741021937042,5.129841771088791,1.0918130816004303
10.051399200456878,2.9613330197870122,7.1538952531326645,-0.06382907246279407
24.90005711022273,8.541337722981824,14.19189034837236,2.1668290388685483
21.47344374643062,9.285450330903348,13.676218631370304,-1.4882252158430467
21.53055396916049,6.859945577317163,13.817314475761753,0.8532939160815675
13.192461450599659,3.544193234118317,9.530688346155136,0.11757987032620043
16.790405482581388,5.010582188329358,11.682399973124602,0.09742332112742313
18.046830382638497,6.581113313400748,13.75012597843249,-2.284408909194746
31.296402055968027,11.974669936506873,16.184029294184842,3.137702825276313
13.706453455168475,3.4518090502905916,10.429334497933953,-0.17469009305606842
21.587664191890347,8.411999865623004,15.77249974804314,-2.5968354217757925
11.99314677327241,2.873987973258978,8.460711526186719,0.6584472738267215
9.13763563677898,1.5688514126381565,6.762522256189738,0.806261967951087
27.86978869217591,10.2126515940471,16.669466187388714,0.9876709107400812
21.987435750999435,8.868881647461954,14.73107803943965,-1.6125239359021728
12.335808109651634,4.254711593375215,10.0362817885578,-1.9551852722813843
12.964020559680185,3.571068633050022,10.239526992978801,-0.8465750663486405
18.10394060536837,5.610239526992978,11.72775220882185,0.7659488695535334
17.875499714448885,5.356602949575035,12.535693889206167,-0.016797124332313954
17.818389491719024,5.897470353075557,10.664494238586357,1.2564249000571113
23.700742432895492,7.078308193637248,14.254039708401923,2.368394530856319
12.507138777841226,3.6466556925454348,8.961265831289683,-0.10078274599388544
11.936036550542548,2.6136325461081062,8.54637686028152,0.7760271441529215
17.761279268989153,5.801726744381362,12.836362414754594,-0.876809890146806
22.786978869217602,8.843685960963485,15.37104847650082,-1.4277555682467156
12.392918332381495,3.213289884771728,9.552524607787147,-0.37289616017737787
17.304397487150204,4.313501528538314,10.222729868646487,2.7681660899653986
9.537407195888061,1.4159975812140966,6.75076426915712,1.3706453455168472
8.052541404911475,1.419357006080559,5.769812208149964,0.8633721906809552
8.509423186750425,0.9003258642120467,6.181341754291666,1.4277555682467162
24.38606510565392,9.151073336244837,15.611247354452916,-0.3762555850438404
13.535122786978873,4.486511909161152,9.411428763395708,-0.3628178855779888
12.278697886921762,2.8135183256626464,8.796654012833004,0.6685255484261098
14.563106796116505,5.0021836261632,9.456780999092953,0.10414217086034866
11.764705882352938,3.1427419625760074,8.907515033426277,-0.28555111364934227
12.22158766419189,2.8622299862263567,9.161151610844223,0.198206067121309
19.189034837235873,5.522894480464946,12.520576477307092,1.145563879463836
11.821816105082807,2.6942587429032145,9.093963113514963,0.03359424866462884
12.450028555111361,3.1175462760775363,9.157792185977762,0.17469009305606928
15.705311250713876,4.960190815332414,11.71935364665569,-0.9742332112742295
18.161050828098237,6.122551819128566,11.490912755736218,0.5475862532334469
22.215876641918914,6.43161890684315,13.560318473477334,2.223939261598416
28.55511136493433,10.093392011287664,16.687943024154258,1.7737763294923912
11.079383209594516,2.2390566734974966,8.51110289918366,0.3292236369133615
24.614505996573378,7.615816172271307,14.99311317902375,2.00557664527833
16.390633923472304,5.002183626163201,11.583296939563946,-0.19484664225484563
21.87321530553969,8.758020626868678,13.837471024960527,-0.7222763462895148
6.796116504854366,0.8314576544495582,5.010582188329359,0.9540766620754533
6.396344945745287,0.5811805018980749,5.244062216548527,0.5711022272986866
12.964020559680186,3.3224711929317707,9.681862465145967,-0.04031309839755451
8.452312964020555,1.2245103638257133,6.418181207377296,0.8096213928175497
19.131924614506012,6.970806597910436,13.595592434575199,-1.4344744179796411
13.877784123358078,4.4965901837605395,10.701447912117445,-1.3202539725199047
9.080525414049113,2.1315550777706855,6.22333456512245,0.7256357711559782
15.134209023415194,4.3554943393691,10.66113481371989,0.11757987032620071
7.02455739577384,0.3174656498807405,6.69365404642725,0.013437699465851514
17.247287264420333,5.627036651325294,12.09728894413277,-0.47703833103772614
15.533980582524274,5.022340175361977,9.893506231733129,0.6181341754291676
8.452312964020559,1.6780327207981993,7.45288406624786,-0.6786038230254976
14.905768132495721,4.730070211979711,11.71095508448954,-1.5352571639735273
24.21473443746431,8.551415997581215,14.937682668727113,0.7256357711559789
15.419760137064543,3.781032687203951,10.496522995263211,1.1422044545973735
8.680753854940031,1.6612355964658851,6.569355326368126,0.4501629321060236
19.07481439177613,5.737897671918566,12.785971041757648,0.5509456780999096
8.338092518560817,2.2860886216279774,8.789935163100077,-2.737931266167231
16.219303255282696,4.736789061712635,11.270870426982903,0.21164376658716036
7.8241005139920015,2.0878825545066677,6.283804212718782,-0.5475862532334461
6.053683609366074,0.6970806597910439,4.913158867201934,0.44344408237309796
13.249571673329529,4.172405684146874,11.069304934995127,-1.992138945812477
9.53740719588806,1.0884536567339673,7.743474317196895,0.7054792219572015
21.87321530553969,7.496556589511876,13.687976618402926,0.6886820976248867
15.077098800685329,4.924916854234555,10.279840091376357,-0.12765814492558808
7.02455739577384,0.6382907246279438,6.399704370611754,-0.013437699465851273
10.679611650485434,1.8241677024893344,8.065979104377332,0.7894648436187727
12.392918332381495,4.410924849665737,8.519501461349817,-0.5375079786340574
21.758994860079962,8.012228306513926,13.13535122786979,0.6114153256962406
14.220445459737297,3.848221184533208,10.651056539120495,-0.27883226391641763
10.67961165048543,2.008936070144791,9.083884838915575,-0.41320925857493185
20.388349514563117,6.387946383579129,11.803339268317261,2.197063862666712
20.388349514563107,6.072160446131625,12.844760976920753,1.4714280915107327
13.249571673329521,2.8739879732589775,10.896294554372291,-0.5207108543017431
9.594517418617926,1.3992004568817815,6.649981523163233,1.5453354385729168
18.50371216447744,6.587832163133672,11.36493432324386,0.5509456780999095
12.621359223300972,2.7043370175026036,11.079383209594518,-1.16236100379615
11.422044545973728,2.34823798165754,8.989820942654616,0.08398562166157196
14.962878355225586,3.4148553767594994,11.057546947962503,0.4904760305035782
6.1679040548258115,0.19652635468807736,4.879564618537308,1.0918130816004301
7.02455739577384,0.7743474317196898,6.7910773675546725,-0.5408674035005203
10.965162764134776,2.8303154499949605,8.77985688850069,-0.6450095743608687
12.164477441462024,3.387979977827796,9.394631639063398,-0.6181341754291662
12.906910336950313,2.606913696375181,9.26193435683811,1.038062283737025
18.218161050828098,6.513924816071486,10.615782578022642,1.0884536567339678
16.105082809822967,5.999932811502669,11.687439110424293,-1.5822891121040075
20.902341519131927,7.92320354755266,14.222125172170518,-1.242987200591258
15.476870359794411,3.9725199045923327,9.744011825175532,1.7603386300265393
16.619074814391777,4.328618940437397,10.194174757281553,2.0962811166728264
16.676185037121645,4.750226761178486,11.872207478079753,0.05375079786340645
23.986293546544843,8.541337722981822,15.149326435314272,0.2956293882487332
12.221587664191892,3.073873752813519,9.224980683307015,-0.07726677192864556
6.967447173043974,0.5307891289011324,5.139920045688177,1.2967379984546652
10.7367218732153,1.7754560419256222,8.35992878019283,0.6013370510968522
7.652769845802394,1.0498202707696442,5.941142876339571,0.6618066986931838
8.395202741290687,2.6825007558705947,6.57607417610105,-0.8633721906809552
10.108509423186746,1.9434272852487653,7.31514764672288,0.8499344912151041
9.88006853226727,2.1147579534383723,6.925454362213188,0.8398562166157159
14.962878355225584,4.647764302751369,10.368864850337621,-0.0537507978634054
13.363792118789263,3.3795814156616393,10.730003023482379,-0.7457923203547545
14.220445459737293,4.924916854234555,10.095071723720901,-0.7995431182181607
18.2181610508281,5.83532099304599,11.536264991433471,0.8465750663486432
17.1330668189606,6.1141532569624095,11.112977458259142,-0.09406389626096001
17.818389491719014,5.417072597171363,12.330768972351933,0.07054792219572044
15.648201027984015,4.689757113582154,11.899082877011454,-0.9406389626096013
11.536264991433463,2.492693250915443,8.448953539154097,0.5946182013639268
11.193603655054252,3.0755534652467493,8.339772230994052,-0.2217220411865485
24.21473443746432,8.267544596365102,13.394026942587432,2.553162898511776
21.130782410051403,7.7350757550307385,13.845869587126684,-0.45016293210602276
23.700742432895495,8.80337286256593,13.46289515234991,1.4344744179796431
19.588806396344953,6.177982329425204,14.16669466187389,-0.7558705949541434
10.736721873215302,1.8711996506198134,9.13427621191252,-0.2687539893170281
23.700742432895506,9.20314442167501,14.779789700003358,-0.2821916887828799
28.44089091947458,10.35542715087177,15.66331843988308,2.422145328719724
24.04340376927472,8.475828938085801,13.854268149292839,1.7133066818960603
14.563106796116507,4.330298652870629,9.631471092149024,0.6013370510968522
16.50485436893204,4.827493533107131,11.647126012026744,0.030234823798166607
7.652769845802395,0.9708737864077671,6.238451977021532,0.443444082373098
7.824100513992,0.9591157993751471,7.473040615446634,-0.6080559008297777
16.96173615077099,4.830852957973597,12.023381597070587,0.10750159572681185
7.9383209594517385,0.3258642120468977,6.624785836664766,0.9876709107400818
15.134209023415186,4.595693217321195,10.90805254140491,-0.369536735310914
20.33123929183325,7.306749084556723,13.897940672556858,-0.8734504652803433
23.243860651056547,7.169012665031749,12.99425538347835,3.0805926025464467
9.594517418617928,1.9753418214801628,8.579971108946149,-0.9607955118083782
9.366076527698452,1.0380622837370248,8.200356099035846,0.12765814492558916
10.90805254140491,2.067726005307891,7.590620485772835,1.2497060503241846
12.22158766419189,3.6852890785097596,8.815130849598543,-0.27883226391641736
14.84865790976585,5.551449591829878,10.556992642859543,-1.2597843249235732
13.992004568817821,4.417643699398664,9.957335304195922,-0.382974434776766
25.128498001142216,9.445023012060336,16.241139516914703,-0.5576645278328346
18.56082238720732,5.705983135687169,13.362112406356024,-0.5072731548358916
12.906910336950316,2.7278529915678433,9.853193133335575,0.3258642120468982
12.964020559680181,3.969160479725871,10.513320119595527,-1.5184600396412136
12.10736721873215,3.3543857291631665,8.699230691705582,0.053750797863406016
10.90805254140491,2.0509288809755772,7.47975946517956,1.3773641952497735
23.129640205596807,8.647159606275405,13.679578056236767,0.802902543084624
16.733295259851516,5.932744314173415,11.411966271374338,-0.6114153256962397
11.19360365505425,2.966372157086707,8.707629253871737,-0.4803977559041884
18.103940605368365,5.56488729129573,11.584976651997177,0.9540766620754529
20.902341519131934,5.900829777942017,11.504350455202076,3.49716128598784
18.50371216447745,5.773171633016427,12.995935095911582,-0.26539456445056564
19.93146773272416,6.762522256189744,14.133100413209258,-0.9641549366748409
11.13649343232438,2.2961668962273665,10.126986259952293,-1.2866597238552757
13.649343232438607,3.3695031410622502,10.064836899922732,0.21500319145362357
21.64477441462023,8.74122350253637,14.78482883730305,-1.8812779252192022
15.248429468874928,4.63768602815198,11.443880807605735,-0.8331373668827892
19.41747572815534,6.66845835992878,13.044646756475291,-0.2956293882487312
21.701884637350087,7.719958343131658,15.117411899082875,-1.1354856048644466
13.820673900628215,4.929955991534251,10.096751436154133,-1.2060335270601665
11.30782410051399,1.846003964121344,9.844794571169416,-0.3829744347767661
11.307824100513992,2.815198038095879,9.463499848825878,-0.9708737864077664
20.274129069103378,7.377297006752445,13.81395505089529,-0.9171229885443608
16.733295259851516,5.138240333254949,10.903013404105215,0.6920415224913499
12.05025699600228,2.071085430174355,8.87392078476165,1.1052507810662813
20.102798400913763,7.227802600194847,13.50656767561393,-0.6315718748950176
5.139920045688177,-0.5996573386636205,4.177444821446568,1.562132562905231
23.01541976013709,8.497665199717806,15.216514932643532,-0.6987603722242743
11.19360365505425,2.872308260825746,8.351530218026673,-0.03023482379816537
8.338092518560819,1.1573218664964562,6.152786642926732,1.0279840091376362
20.159908623643638,7.6561292706688615,13.578795310242885,-1.0750159572681148
15.591090805254142,5.218866530050056,9.938858467430375,0.4333658077737096
14.049114791547687,4.27318843014076,10.048039775590421,-0.2721134141834914
12.392918332381495,2.501091813081601,7.6914032317667225,2.2004232875331726
12.735579668760709,3.7743138374710243,7.617495884704541,1.3437699465851451
11.993146773272416,3.060436053347668,9.591157993751468,-0.6584472738267209
21.644774414620223,8.254106896899252,13.760204253031876,-0.369536735310914
20.045688178183898,6.780999092955287,13.086639567306076,0.17804951792253287
13.192461450599657,4.751906473611718,9.431585312594487,-0.9910303356065441
21.416333523700754,7.625894446870692,13.128632378136864,0.6618066986931841
17.53283837806968,5.111364934323244,11.783182719118487,0.6382907246279449
13.306681896059398,4.745187623878793,9.377834514731079,-0.8163402425504754
7.709880068532265,-0.0991030335606545,6.267007088386468,1.5419760137064547
16.447744146202172,4.820774683374206,11.909161151610844,-0.2821916887828798
13.13535122786979,4.291665266906305,10.123626835085831,-1.2799408741223495
9.99428897772701,1.7737763294923912,7.118621292034805,1.1018913561998191
15.591090805254144,4.311821816105083,11.699197097456917,-0.41992810830785654
9.251856082238715,0.7054792219572011,7.189169214230524,1.3572076460509959
24.157624214734447,8.489266637551651,12.382840057782111,3.2855175194006794
17.07595659623073,5.796687607081668,12.633117210333586,-1.3538482211845335
22.844089091947463,10.330231464373298,13.746766553566024,-1.2329089259918693
11.764705882352938,2.5833977223099405,7.881210736721873,1.3000974233211275
15.648201027984014,5.3482043874088765,9.35935767796553,0.9406389626096018
12.678469446030839,3.0520374911815105,9.408069338529243,0.2183626163200862
9.251856082238717,1.27994087412235,8.2406691974334,-0.26875398931702826
11.19360365505425,2.1550710518359257,8.628682769509862,0.40984983370846917
5.02569960022844,-0.08902475896126563,5.134880908388485,-0.020156549198777306
9.423186750428322,1.4243961433802534,6.18470117915813,1.8140894278899464
17.018846373500853,6.090637282897169,12.12416434306446,-1.1959552524607784
18.161050828098233,6.2938824873181725,12.666711458998217,-0.7995431182181607
8.909194745859505,2.299526321093829,7.100144455269256,-0.49047603050357746
30.439748715019977,11.75126818288709,17.9729230355763,0.7155574965565903
20.502569960022853,6.891860113548559,14.679006954009472,-1.0682971075351895
12.450028555111366,2.9932475560184093,8.801693150132698,0.6550878489602585
7.310108509423184,1.4344744179796416,6.329156448416031,-0.45352235697248605
18.046830382638504,4.9887459266973515,12.47690395404307,0.5811805018980757
11.193603655054252,2.0408506063761886,9.280411193603655,-0.1276581449255881
11.479154768703594,3.120905700943997,8.435515839688245,-0.07726677192864552
20.90234151913193,5.902509490375246,12.534014176772942,2.4658178519837413
13.535122786978869,3.092350589579065,10.842543756508888,-0.3997715591090799
14.220445459737297,4.384049450734034,10.545234655826928,-0.7088386468236628
15.591090805254142,4.474753922128531,11.143212282057318,-0.026875398931702803
11.650485436893202,3.129304263110156,8.521181173783047,1.7246182906798547e-17
15.019988577955456,4.116975173850237,11.430443108139889,-0.5274297040346694
9.651627641347794,1.1640407162293813,7.845936775624015,0.6416501494944066
19.53169617361509,6.817952766486379,13.006013370510965,-0.2922699633822688
24.100513992004576,9.675143615413042,15.675076426915703,-1.2497060503241832
16.790405482581384,5.176873719219274,12.429872005912586,-0.8163402425504755
18.846373500856654,5.848758692511842,10.884536567339673,2.113078241005141
9.99428897772701,1.8308865522222597,7.703161218799343,0.4602412067054124
23.472301541976016,7.310108509423186,13.25629052306245,2.905902509490377
12.221587664191892,2.0794839923405113,9.510531796956364,0.6315718748950183
15.762421473443759,4.024590990022507,9.799442335472168,1.9383881479490717
25.52826956025129,9.004938354553701,15.905197030268411,0.6181341754291669
6.681896059394629,0.7155574965565894,6.886820976248868,-0.9204824134108242
14.73443746430611,3.7675949877380988,10.308395202741291,0.6584472738267216
11.36493432324386,2.3919105049215577,8.75466120200222,0.21836261632008647
18.67504283266705,7.36385930728659,12.624718648167434,-1.3135351227869785
15.990862364363231,4.140491147915478,12.90859004938354,-1.0582188329358015
17.8754997144489,6.265327375953236,12.33244868478517,-0.7222763462895146
22.55853797829813,8.798333725266236,14.243961433802534,-0.48375718077065133
14.563106796116509,4.862767494204992,11.020593274431418,-1.3202539725199043
10.7367218732153,2.173547888601471,7.061511069304934,1.501662915308899
9.194745859508847,2.0559680182752715,7.515033426277424,-0.3762555850438404
17.761279268989153,5.952900863372194,11.882285752679142,-0.07390734706218255
10.165619645916616,1.694829845130514,8.820169986898245,-0.3493801861121375
6.624785836664759,0.4501629321060234,5.277656465213159,0.8969664393455838
12.792689891490575,3.288876944267143,9.53068834615514,-0.026875398931702734
15.819531696173616,5.144959182987872,11.652165149326438,-0.9775926361406924
15.762421473443744,5.376759498773809,10.405818523868714,-0.020156549198776616
20.902341519131934,8.126448751973664,12.083851244666912,0.6920415224913494
20.959451741861805,7.575503073873753,12.947223435347874,0.4367252326401718
15.41976013706454,3.9859576040581834,9.814559747371252,1.6192427856351006
19.303255282695606,7.046393657405852,14.017200255316292,-1.7603386300265398
9.308966304968584,1.1338058924312158,7.21100547586253,0.9641549366748411
17.018846373500857,4.856048644472066,12.371082070749488,-0.20828434172069676
23.98629354654484,7.526791413310043,12.488661941075689,3.9708401921591037
18.78926327812679,6.303960761917561,11.957872812174553,0.5274297040346702
13.249571673329521,2.815198038095878,10.662814526153124,-0.22844089091947423
9.822958309537402,1.8846373500856661,7.162293815298822,0.7760271441529212
12.906910336950313,3.4131756643262676,8.983102092921694,0.5106325797023556
17.818389491719017,5.302852151711628,11.020593274431418,1.494944065575974
9.651627641347796,2.4859744011825176,8.153324150905362,-0.9876709107400815
10.679611650485434,2.616991970974569,8.747942352269291,-0.6853226727584236
13.82067390062821,3.2771189572345216,10.36214600060469,0.1814089427889951
11.936036550542546,2.9915678435851785,8.99150065508785,-0.04703194813047985
15.019988577955456,4.629287465985822,10.978600463600632,-0.5878993516310005
16.33352370074243,5.341485537675949,11.56649981523163,-0.5744616521651493
12.79268989149058,3.537474384385392,8.435515839688245,0.8196996674169388
20.27412906910337,6.885141263815634,13.311721033359088,0.07726677192864669
15.191319246145065,4.175765109013335,9.523969496422213,1.4915846407095121
17.475728155339812,5.808445594114291,12.940504585614939,-1.2732220243894241
19.18903483723587,6.052003896932846,10.358786575738232,2.7782443645647863
16.67618503712165,5.581684415628046,11.060906372828967,0.033594248664629116
9.99428897772701,2.4439815903517315,7.372257869452751,0.1780495179225316
10.85094231867504,2.2575335102630434,7.8576947626566325,0.7357140457553661
12.05025699600228,3.0419592165821214,9.031813753485402,-0.02351597406523991
21.58766419189035,6.984244297376289,13.56199818591057,1.0414217086034876
14.73443746430611,4.768703597944032,11.091141196627138,-1.1254073302650582
21.81610508280983,7.718278630698424,13.738367991399866,0.35945846071152715
13.135351227869796,4.814055833641279,9.846474283602644,-1.525178889374139
15.933752141633347,4.405885712366043,11.037390398763728,0.49047603050357846
15.99086236436322,4.904760305035778,11.526186716834083,-0.4400846575066345
14.620217018846372,4.866126919071453,10.056438337756575,-0.3023482379816569
17.075956596230725,5.314610138744246,11.84533207914805,-0.08398562166157118
15.933752141633352,4.656162864917528,10.955084489535395,0.32250478718043524
25.47115933752144,8.425437565088858,15.668357577182787,1.3773641952497726
19.703026841804686,6.214936002956294,12.312292135586384,1.1757987032620032
16.33352370074244,4.672959989249841,9.241777807639334,2.418785903853261
11.307824100513988,3.120905700943999,7.8140222393926155,0.37289616017737753
6.681896059394629,0.8986461517788153,5.70598313568717,0.077266771928646
10.90805254140491,1.7603386300265393,7.229482312628077,1.9182315987502945
7.424328954882921,0.5912587764974637,5.223905667349746,1.6091645110357107
17.304397487150208,6.705412033459875,12.483622803775992,-1.8846373500856646
8.166761850371214,0.5223905667349753,7.9870326200154524,-0.34266133637921165
13.877784123358078,3.6197802936137324,9.317364867134746,0.9406389626096011
12.906910336950313,2.4523801525178883,10.558672355292774,-0.1041421708603485
9.937178754997138,3.3711828534954815,8.040783417878858,-1.4747875163771962
7.88121073672187,1.1354856048644475,6.705412033459871,0.040313098397554654
10.394060536836088,1.8879967749521283,7.091745893103102,1.4143178687808657
26.49914334665907,11.205361642086874,16.936540464272518,-1.6427587597003381
18.9605939463164,4.7771021601101875,12.473544529176607,1.7099472570295975
12.735579668760709,2.7429704034669267,9.764168374374306,0.22844089091947534
20.38834951456311,8.333053381261127,12.841401552054295,-0.7861054187523091
34.380354083380944,12.868276950985992,20.168307185809777,1.3437699465851458
26.04226156482011,8.924312157758592,13.570396748076728,3.547552658984784
11.536264991433466,3.2368058588369673,7.785467128027678,0.5139920045688183
18.560822387207313,5.452346558269225,12.174555716061407,0.9339201128766756
13.021130782410053,3.9691604797258693,10.301676353008363,-1.249706050324184
17.018846373500867,5.321328988477175,12.900191487217388,-1.2026741021937042
15.41976013706454,3.4030973897268786,8.946148419390601,3.070514327947056
14.391776127926898,3.6063425941478826,10.415896798468102,0.36953673531091563
4.62592804111936,-0.2301206033527057,3.8683777337319856,0.9876709107400812
25.128498001142212,9.46349984882588,15.174522121812746,0.4904760305035782
9.53740719588806,1.642758759700339,7.666207545268249,0.22844089091947495
17.018846373500857,5.166795444619883,12.184633990660801,-0.33258306177982205
14.44888635065677,3.8986125575301505,11.249034165350894,-0.6987603722242742
9.366076527698452,0.39305270937615494,8.200356099035846,0.7726677192864587
7.252998286693317,1.2177915140927875,5.83364128061276,0.20156549198777216
33.3523700742433,12.614640373568044,18.9874693452481,1.750260355427152
18.503712164477445,6.562636476635199,12.958981422380484,-1.017905734538246
9.02341519131924,2.351597406524003,7.753552591796287,-1.0817348070010415
13.249571673329527,3.540833809251856,9.648268216481336,0.060469647596331756
20.102798400913766,7.160614102865587,12.700305707662848,0.2418785903853265
8.623643632210161,1.0531796956361072,8.104612490341653,-0.5341485537675947
10.394060536836088,2.012295495011254,8.062619679510865,0.31914536231397217
10.965162764134776,2.484294688749286,8.074377666543489,0.40649040884200666
9.537407195888061,0.9070447139449727,7.635972721470084,0.9943897604730075
19.07481439177613,7.7871468404609105,12.32572983505224,-1.0380622837370235
11.936036550542548,3.1628985117747836,9.481976685591428,-0.7088386468236628
11.650485436893197,2.9478953203211615,7.819061376692311,0.8835287398797329
7.538549400342658,0.3241844996136663,5.900829777942018,1.313535122786979
6.967447173043973,0.292269963382269,5.603520677260053,1.0716565324016527
9.08052541404911,1.4999832028756677,6.099035845063325,1.4815063661101224
17.761279268989153,4.736789061712635,12.540733026505865,0.4837571807706534
16.219303255282696,4.300063829072464,10.965162764134778,0.9540766620754527
11.25071387778412,2.296166896227365,8.430476702388551,0.5240702791682069
11.193603655054256,2.566600597977625,8.244028622299863,0.38297443477676685
12.10736721873216,3.7541572882722476,9.690261027312124,-1.3370510968522182
17.589948600799545,6.50552625390533,11.95451338730809,-0.8700910404138811
20.33123929183325,5.447307420969529,11.914200288910541,2.9697315819531713
16.33352370074244,5.205428830584201,11.158329693956393,-0.030234823798165333
13.363792118789261,3.176336211240637,9.048610877817717,1.13884502973091
14.791547687035989,4.721671649813552,9.88510766956697,0.18476836765545832
15.362649914334673,3.7222427520408528,10.857661168407969,0.7827459938858472
17.81838949171902,5.795007894648437,12.550811301105252,-0.5274297040346684
12.792689891490578,2.8454328618940417,9.164511035710687,0.7827459938858471
7.024557395773841,0.6735646857258037,6.535761077703496,-0.1847683676554574
20.102798400913766,7.343702758087814,15.04686397688715,-2.287768334061208
18.218161050828098,6.166224342392581,11.967951086773944,0.08398562166157228
8.566533409480291,0.9020055766452781,6.535761077703498,1.128766755131522
8.509423186750423,0.8667316155474184,8.653878456008327,-1.011186884805321
17.53283837806968,5.385158060939969,10.514999832028762,1.6326804851009515
21.073672187321534,7.150535828266201,12.485302516209224,1.4378338428461062
16.27641347801257,5.128162058655558,10.227769005946183,0.9204824134108248
7.824100513992,1.439513555279336,6.955689186011358,-0.5711022272986864
11.479154768703596,2.892464810024524,8.502704337017502,0.0839856216615719
13.135351227869789,2.949575032754393,9.933819330130683,0.2519568649847147
17.418617932609937,6.041925622333457,9.928780192830985,1.4479121174454939
10.736721873215298,2.175227601034703,8.403601303456847,0.15789296872375483
27.18446601941748,10.06147747505627,16.827359156112475,0.2956293882487323
19.01770416904627,6.560956764201968,12.3290892599187,0.1276581449255892
11.364934323243855,1.8728793630530458,9.670104478113347,-0.17804951792253162
10.279840091376354,1.8812779252192025,7.205966338562837,1.1925958275943163
13.192461450599664,2.6707427688379752,9.987570127994086,0.5341485537675955
12.335808109651627,4.026270702455737,8.460711526186715,-0.15117411899082867
10.45117075956596,2.1349145026371485,7.358820169986899,0.9574360869419156
14.391776127926903,4.199281083078578,9.873349682534348,0.31914536231397217
7.938320959451736,0.6332515873282494,6.582793025833977,0.7222763462895158
25.8709308966305,9.409749050962477,15.413041287331604,1.0481405583364125
15.933752141633358,3.2754392448012895,9.890146806866664,2.7681660899653986
9.308966304968585,1.9501461349816909,5.847078980078609,1.5117411899082878
10.051399200456874,2.015654919877717,7.6930829441999515,0.3426613363792119
16.96173615077099,5.727819397319178,11.69079853529076,-0.4568817818389485
12.849800114220443,1.9131924614506,9.159471898410995,1.7771357543588548
15.36264991433467,4.17744482144657,10.113548560486441,1.0716565324016527
14.106225014277559,5.418752309604597,10.004367252326404,-1.316894547653441
23.129640205596793,8.981422380488462,15.545738569556887,-1.3975207444485496
24.557395773843524,9.283770618470115,15.89175933080256,-0.6181341754291656
10.965162764134776,2.141633352370074,8.440554976987938,0.38297443477676696
15.47687035979441,4.515067020526086,10.726643598615917,0.23515974065240125
24.728726442033135,8.93439043235798,14.366580441428422,1.4277555682467171
11.250713877784118,2.873987973258978,7.597339335505761,0.7793865690193837
14.734437464306108,4.093459199784996,10.973561326300935,-0.3325830617798224
14.334665905197026,4.058185238687138,9.953975879329457,0.32250478718043507
12.450028555111368,3.5307555346524677,9.83639600900326,-0.9171229885443614
15.762421473443746,4.489871334027615,11.369973460543557,-0.09742332112742262
10.165619645916616,1.8460039641213428,8.679074142506803,-0.3594584607115261
13.820673900628211,3.295595794000067,10.797191520811637,-0.27211341418349155
8.566533409480291,1.4294352806799484,7.4999160143783365,-0.3628178855779892
15.019988577955457,4.22783619444351,11.178486243155174,-0.3863338596432283
23.12964020559681,8.7429032149696,13.80891591359559,0.5778210770316127
15.134209023415195,3.2200087345046526,10.536836093660762,1.3773641952497733
10.85094231867504,2.6321093828736517,7.647730708502705,0.5711022272986863
22.729868646487724,8.937749857224443,15.606208217153217,-1.8140894278899449
17.247287264420333,5.732858534618876,10.567070917458933,0.9473578123425273
13.021130782410049,3.6298585682131215,9.008297779420163,0.38297443477676674
11.707595659623072,1.8728793630530456,9.549165182920685,0.28555111364934327
10.965162764134774,2.6741021937044382,8.764739476601608,-0.4736789061712634
11.022272986864644,3.0268418046830385,7.316827359156112,0.6786038230254982
23.872073101085096,8.998219504820774,15.811133134007461,-0.9372795377431378
19.41747572815534,7.305069372123494,12.330768972351937,-0.2183626163200853
22.44431753283839,8.907515033426277,14.383377565760748,-0.8465750663486408
17.361507709880073,6.0503241844996145,12.184633990660803,-0.8734504652803434
16.162193032552832,5.934424026606644,11.544663553599621,-1.3168945476534415
16.333523700742433,5.853797829811536,11.900762589444684,-1.4210367185137893
11.878926327812676,2.6858601807370572,8.702590116572043,0.4904760305035786
12.05025699600228,2.198743575099944,8.836967111230559,1.0145463096717844
20.55968018275272,6.685255484261098,13.182383176000267,0.6920415224913499
19.189034837235862,6.683575771827865,11.134813719891154,1.3706453455168481
22.272986864648775,7.837538213457857,13.441058890717903,0.9943897604730078
10.394060536836088,1.3874424698491623,9.285450330903348,-0.278832263916417
14.277555682467161,4.644404877884905,10.271441529210202,-0.6382907246279437
15.134209023415197,4.703194813048007,12.090570094399842,-1.6595558840326534
11.821816105082815,2.8571908489266638,8.947828131823831,0.016797124332314443
15.07709880068532,4.305102966372156,10.735042160782077,0.03695367353109192
10.7367218732153,2.5867571471764035,7.652769845802401,0.49719488023650404
7.881210736721869,0.1578929687237544,6.369469546813588,1.3538482211845329
8.68075385494003,1.3219336849531362,6.226693989988917,1.1321261799979843
16.162193032552832,6.532401652837034,11.13817314475762,-1.5083817650418254
24.67161621930327,8.650519031141867,15.806093996707762,0.2150031914536235
9.822958309537402,2.0290926193435683,6.927134074646418,0.8667316155474185
25.299828669331824,8.453992676453788,14.074310478046153,2.771525514831863
21.18789263278127,7.09006618066987,12.44498941781167,1.6528370342997276
16.162193032552835,3.5609903584506335,10.148822521584306,2.45238015251789
8.395202741290687,1.2749017368226554,6.189740316457822,0.9305606880102125
8.395202741290685,1.6242819229347933,6.572714751234593,0.19820606712130887
14.220445459737293,4.395807437766655,10.207612456747402,-0.38297443477676557
15.76242147344375,3.7373601639399343,12.313971848019618,-0.28891053851580584
10.279840091376352,2.323042295159068,8.00718916921423,-0.05039137299694275
9.651627641347796,1.5520542883058417,7.679645244734107,0.41992810830785837
7.7669902912621325,1.8359256895219542,6.6399032485638445,-0.7088386468236632
22.444317532838383,6.969126885477204,13.543521349145024,1.9316692982161465
14.106225014277552,4.37901031343434,10.372224275204088,-0.6450095743608689
15.305539691604801,4.289985554473077,11.025632411731111,-0.01007827459938836
7.995431182181606,1.896395337118285,6.2065374407901395,-0.10750159572681132
12.73557966876071,3.754157288272247,9.428225887728019,-0.4468035072395605
9.937178754997138,1.993818658245707,7.409211542983843,0.5341485537675952
12.79268989149058,3.646655692545436,8.941109282090904,0.2049249168542346
15.191319246145058,4.874525481237613,10.417576510901332,-0.10078274599388555
13.192461450599657,4.278227567440454,9.87502939496758,-0.9607955118083776
15.476870359794406,5.193670843551585,11.183525380454867,-0.9003258642120465
7.081667618503712,0.29059025094903757,6.428259481976685,0.36281788557798944
7.8241005139920015,0.9507172372089896,6.567675613934893,0.3057076628481202
9.994288977727008,1.5402963012732225,7.473040615446634,0.9809520610071558
18.67504283266706,6.930493499512886,11.31790237511338,0.4266469580407838
20.90234151913193,7.72163805556489,13.264689085228607,-0.08398562166157121
8.623643632210161,1.7166661067625226,6.214936002956293,0.69204152249135
30.439748715019995,12.016662747337648,16.04125373736016,2.3818322303221704
12.849800114220443,3.3745422783619436,8.01390801894716,1.461349816911345
14.106225014277552,3.792790674236571,11.512749017368224,-1.1993146773272414
10.965162764134774,2.1987435750999427,7.724997480431349,1.0414217086034872
20.959451741861805,7.25299828669332,13.521685087513012,0.18476836765545746
20.102798400913766,7.417610105149999,14.243961433802532,-1.5587731380387675
14.448886350656766,4.641045453018442,11.003796150099104,-1.1959552524607782
9.251856082238715,1.9316692982161456,6.705412033459874,0.6147747505627037
19.360365505425474,6.985924009809523,13.956730607719962,-1.5822891121040075
14.734437464306119,3.9305270937615484,9.362717102831997,1.4411932677125674
10.7367218732153,2.5682803104108576,8.292740282863576,-0.12429872005912564
13.078241005139917,2.7026573050693723,11.228877616152118,-0.8532939160815665
22.615648201028,8.993180367521083,15.248429468874926,-1.625961635368025
18.903483723586522,6.572714751234589,11.685759397991067,0.6450095743608698
16.790405482581388,4.459636510229449,12.13928175496355,0.19148721738838345
9.194745859508847,0.9439983874760645,5.942822588772804,2.3079248832599863
18.275271273557976,4.5620989686565645,11.418685121107265,2.294487183794136
6.567675613934893,0.44680350723956064,4.699835388181543,1.4210367185137902
13.19246145059966,3.863338596432291,10.88117714247321,-1.5520542883058421
19.874357509994294,6.762522256189741,13.924816071488564,-0.812980817684012
9.423186750428322,1.2749017368226556,7.943360096751434,0.20492491685423472
19.01770416904626,4.699835388181542,12.033459871669967,2.2844089091947475
14.448886350656775,4.158967984681023,10.514999832028755,-0.22508146605301133
19.074814391776133,5.8789935163100075,12.379480632915639,0.816340242550476
35.29411764705882,13.963449457452887,19.634158632042194,1.6965095575637466
12.221587664191887,3.010044680350723,8.868881647461956,0.3426613363792125
10.336950314106222,2.3364799946249204,8.151644438472132,-0.15117411899082825
11.59337521416333,2.622031108274264,9.58947828131824,-0.618134175429166
18.61793260993718,6.5575973393355085,12.460106829710755,-0.3997715591090799
22.501427755568255,7.68972351933349,13.797157926562978,1.0145463096717846
7.938320959451738,0.8952867269123526,6.824671616219305,0.2183626163200862
12.792689891490578,3.4165350891927293,9.366076527698459,0.010078274599388745
21.187892632781278,7.417610105150001,14.005442268283671,-0.23515974065240017
18.44660194174758,5.8151644438472125,11.852050928880972,0.7793865690193842
13.363792118789263,4.135452010615782,9.775926361406926,-0.5475862532334461
26.67047401484866,10.488124433097054,16.897907078308187,-0.7155574965565886
11.707595659623074,2.403668491954177,8.595088520845232,0.7088386468236643
22.558537978298116,8.213793798501698,14.277555682467154,0.06718849732925754
12.164477441462024,2.7715255148318607,8.008868881647459,1.3840830449826986
15.13420902341519,3.5240366849195426,11.045788960929888,0.5643833775657612
11.19360365505425,2.707696442369067,9.060368864850338,-0.5744616521651492
19.703026841804686,6.463533443074544,13.810595626028826,-0.5711022272986861
15.933752141633349,4.931635703967482,11.24735445291766,-0.24523801525178873
10.051399200456874,2.8840662478583665,7.0531125071387795,0.11422044545973738
11.878926327812676,2.432223603319111,8.774817751200993,0.6718849732925724
20.33123929183324,7.172372089898209,12.876675513152147,0.2821916887828807
15.933752141633356,4.877884906104074,12.046897571135823,-0.9910303356065434
11.022272986864646,1.4059193066147073,7.86609332482279,1.750260355427151
11.479154768703594,1.8359256895219542,7.701481506366111,1.941747572815534
9.651627641347794,1.4865455034098163,6.529042227970572,1.6360399099674132
22.9583095374072,8.235630060133703,14.551348809083878,0.17133066818960685
21.47344374643062,7.116941579601571,12.676789733597607,1.6797124332314317
11.993146773272413,2.9042227970571433,9.176269022743307,-0.08734504652803388
13.078241005139914,3.6600933920112872,10.560352067726004,-1.142204454597372
15.990862364363227,4.279907279873686,11.442201095172507,0.26875398931702954
21.187892632781274,7.748513454496588,13.889542110390702,-0.45016293210602354
14.962878355225591,3.149460812308934,10.677931938052208,1.1354856048644486
8.452312964020555,1.0666173951019589,6.327476735982799,1.0582188329358018
10.79383209594517,2.9949272684516406,8.202035811469077,-0.40313098397554314
24.55739577384353,8.28938085799711,14.013840830449823,2.2541740853965813
13.135351227869787,3.5055598481539954,9.226660395740252,0.4031309839755439
7.766990291262132,1.095172506466893,7.0044008465750665,-0.33258306177982283
20.55968018275272,7.604058185238688,15.008230590922832,-2.0526085934088085
28.840662478583678,12.634796922766828,15.140927873148112,1.064937682668728
20.38834951456311,6.073840158564858,14.532871972318334,-0.21836261632008563
19.246145059965734,5.6421540632243765,12.576006987603723,1.0279840091376364
12.221587664191887,2.7480095407666205,8.338092518560822,1.1354856048644473
13.249571673329525,2.944535895454698,9.377834514731077,0.9272012631437496
16.333523700742433,5.114724359189705,10.882856854906441,0.3359424866462871
23.700742432895492,8.16676185037122,16.23274095474854,-0.6987603722242749
23.243860651056547,7.6057378976719185,14.274196257600707,1.3639264957839226
26.727584237578537,10.28823865354251,16.28817146504518,0.15117411899082933
20.84523129640206,7.022877683340615,13.980246581785194,-0.15789296872375388
7.02455739577384,1.1438841670306046,5.877313803876778,0.003359424866462883
14.67732724157624,3.5643497833170974,10.958443914401853,0.154533543857292
9.937178754997138,1.7754560419256222,8.80337286256593,-0.6416501494944061
15.76242147344375,4.384049450734033,11.966271374340714,-0.5878993516310007
9.423186750428323,0.693721234924581,7.976954345416063,0.752511170087681
16.904625928041124,4.953471965599489,11.084422346894215,0.8667316155474193
8.566533409480295,1.540296301273222,6.828031041085766,0.19820606712130895
14.106225014277552,3.477004736789062,10.189135619981856,0.4400846575066354
14.677327241576243,3.2620015453354374,9.38287365203077,2.0324520442100313
14.848657909765851,3.9775590418920275,8.079416803843182,2.7916820640306383
33.580810965162776,13.034568481875901,19.380522054624244,1.1657204286626135
19.07481439177613,7.138777841233581,13.975207444485502,-2.0391708939429574
14.848657909765853,4.694796250881851,10.016125239359026,0.13773641952497817
20.21701884637352,5.84539926764538,15.01662915308899,-0.6450095743608688
20.27412906910337,6.171263479692276,14.546309671784185,-0.44344408237309746
13.306681896059391,3.5593106460174027,10.67121308831928,-0.9238418382772867
9.822958309537402,2.5498034736453117,7.934961534585277,-0.6618066986931835
12.335808109651628,2.800080626196794,8.101253065475191,1.434474417979642
15.248429468874928,4.379010313434341,11.195283367487487,-0.32586421204689775
18.218161050828098,6.482010279840091,10.714885611583297,1.02126515940471
20.788121073672194,7.239560587227466,13.672859206503846,-0.12429872005912579
18.2181610508281,4.8846037558369995,13.000974233211272,0.33258306177982366
7.652769845802395,1.7368226559612994,6.30564047435079,-0.3896932845096919
9.023415191319241,2.1651493264353134,7.247959149393622,-0.3896932845096913
12.5642490005711,3.7625558504384062,9.493734672624047,-0.692041522491349
8.909194745859505,1.263143749790036,6.765881681056202,0.8801693150132702
10.051399200456874,2.0845231296402056,8.63876104410925,-0.6718849732925719
18.332381496287837,5.984815399603587,12.193032552826955,0.15453354385729204
16.56196459166191,4.22615648201028,11.12977458259146,1.2060335270601676
14.905768132495723,4.221117344710586,10.143783384284612,0.5408674035005209
20.902341519131934,6.445056606308999,13.358752981489564,1.0985319313333564
14.22044545973729,5.030738737528136,10.026203513958407,-0.8364967917492526
10.79383209594517,2.5682803104108576,7.869452749689253,0.35609903584506336
13.992004568817823,5.443947996103066,10.069876037222427,-1.521819464507676
18.446601941747577,6.095676420196868,11.52450700440084,0.826418517149864
20.78812107367219,7.046393657405852,13.110155541371315,0.6315718748950179
11.250713877784122,2.744650115900158,7.343702758087817,1.16236100379615
14.84865790976585,4.256391305808444,9.869990257667888,0.7222763462895159
12.73557966876071,3.485403298955219,6.9758457352101315,2.274330634595358
14.962878355225586,3.9439647932273982,10.25968354217758,0.7592300198206068
12.164477441462015,2.6808210434373634,9.21490240870763,0.26875398931702965
12.392918332381498,2.361675681123392,9.073806564316188,0.9574360869419157
11.022272986864644,2.3448785567910777,8.435515839688243,0.24187859038532628
15.591090805254149,5.440588571236603,11.514428729801462,-1.3639264957839203
14.90576813249572,4.69479625088185,10.795511808378405,-0.5845399267645371
9.137635636778977,1.476467228810428,6.448416031175463,1.2127523767930932
12.735579668760709,2.779924076998018,9.092283401081735,0.8633721906809557
15.705311250713878,4.686397688715693,9.534047771021601,1.4848657909765859
9.423186750428323,1.0632579702354956,6.8683441394833205,1.4915846407095112
13.649343232438603,3.754157288272247,10.933248227903384,-1.0380622837370235
16.904625928041124,5.4775422447676965,12.438270568078748,-1.0111868848053216
16.44774414620217,4.54194241945779,12.110726643598616,-0.20492491685423422
8.109651627641345,0.4216078207410891,6.344273860315115,1.343769946585145
19.47458595088521,6.500487116605638,13.545201061578254,-0.5711022272986861
21.016561964591663,7.00776027144153,14.741156314039033,-0.7323546208889036
14.220445459737293,3.483723586521987,10.20929216918064,0.5274297040346694
13.59223300970874,3.859979171565826,10.548594080693386,-0.816340242550475
10.222729868646482,0.9809520610071558,7.7669902912621405,1.4747875163771962
17.247287264420333,4.845970369872679,11.437161957872814,0.964154936674842
15.191319246145067,4.756945610911412,10.86773944300735,-0.43336580777370864
10.736721873215304,1.4815063661101222,7.330265058621962,1.92495044848322
10.279840091376348,1.4747875163771964,8.74122350253637,0.06382907246279487
10.108509423186746,1.6410790472671075,6.82131219135284,1.646118184566802
18.33238149628784,6.4652131555077785,13.133671515436548,-1.2665031746564985
14.563106796116505,3.1528202371753955,10.970201901434475,0.44008465750663534
4.511707595659622,-0.4115295461417005,4.577216380555648,0.34602076124567493
16.333523700742436,4.997144488863507,11.967951086773946,-0.631571874895018
20.331239291833242,7.4125709678503044,13.81563476332851,-0.8969664393455828
21.245002855511153,7.5771827863069845,13.771962240064502,-0.10414217086034784
9.023415191319243,1.2362683508583332,7.602378472805455,0.18476836765545798
12.792689891490578,4.609130916787045,9.883427957133739,-1.6998689824302065
26.613363792118786,10.189135619981862,15.58437195552121,0.8398562166157159
14.391776127926898,4.041388114354822,11.391809722175566,-1.0414217086034867
9.308966304968582,1.3588873584842278,6.146067793193807,1.8040111532905574
15.819531696173616,5.173514294352808,12.493701078375379,-1.847683676554573
28.155339805825246,12.008264185171498,16.691302449020732,-0.5442268283669833
21.30211307824102,7.420969530016462,14.307790506265322,-0.4266469580407829
13.535122786978869,3.5962643195484936,10.382302549803473,-0.44344408237309785
32.609937178755,13.026169919709748,18.794302415426476,0.7894648436187731
21.587664191890347,8.097893640608728,14.091107602378468,-0.6013370510968518
13.249571673329521,3.6264991433466602,9.162831323277452,0.46024120670541213
18.38949171901771,6.020089360701449,11.737830483421236,0.6315718748950183
7.310108509423183,1.1371653172976786,5.581684415628043,0.5912587764974637
8.909194745859505,1.8258474149225647,6.068801021265161,1.0145463096717846
12.107367218732152,2.491013538482212,8.645479893842172,0.9708737864077671
12.906910336950311,2.823596600262035,9.277051768737193,0.8062619679510875
6.053683609366075,-0.15285383142405992,5.430510296637216,0.7760271441529212
17.190177041690454,5.348204387408875,11.946114825141938,-0.10414217086034787
21.758994860079962,7.619175597137771,13.380589243121578,0.7592300198206071
24.157624214734437,7.797225115060302,13.96176974501965,2.3986293546544823
6.1679040548258115,1.2345886384251017,5.158396882453723,-0.22508146605301177
13.078241005139917,3.824705210467968,9.99260926529378,-0.7390734706218292
17.418617932609937,5.183592568952194,10.582188329358015,1.6528370342997285
14.049114791547689,4.783821009843116,9.863271407934961,-0.5979776262303893
18.61793260993718,5.962979137971578,12.4197937313132,0.23515974065240083
18.161050828098237,5.1785534316525,11.45059965733866,1.5318977391070647
17.418617932609944,4.787180434709577,10.787113246212247,1.8443242516881115
18.332381496287848,6.2350925521550735,11.556421540632245,0.5408674035005215
9.994288977727008,1.7099472570295968,8.27762287096449,0.006718849732925533
11.707595659623069,2.699297880202909,8.030705143279473,0.9775926361406926
8.395202741290687,1.122047905398596,8.029025430846241,-0.7558705949541438
20.9594517418618,6.151106930493498,11.633688312560887,3.174656498807406
14.962878355225593,4.657842577350759,10.997077300366179,-0.6920415224913488
10.108509423186746,3.41653508919273,8.49934491215104,-1.8073705781570193
14.620217018846372,2.734571841300768,11.032351261464035,0.853293916081567
14.563106796116509,4.288305842039842,10.0362817885578,0.23851916551886396
12.392918332381498,2.769845802398629,10.157221083750464,-0.5341485537675944
10.165619645916614,2.7076964423690666,7.814022239392619,-0.3560990358450633
18.33238149628784,6.07048073369839,12.389558907515038,-0.12765814492558827
11.422044545973728,4.429401686431284,9.367756240131687,-2.375113380589243
10.565391205025692,2.618671683407801,7.936641247018511,0.010078274599389049
10.165619645916614,2.7816037894312475,6.671817784795245,0.7121980716901264
11.307824100513992,2.890785097591294,9.300567742802432,-0.8835287398797323
20.73101085094233,7.182450364497599,14.549669096650653,-1.0011086102059321
15.134209023415194,5.155037457587261,11.208721066953334,-1.2295495011254063
9.651627641347796,1.7519400678603827,7.1673329525985165,0.7323546208889038
19.70302684180469,6.666778647495551,10.49652299526321,2.539725199045923
12.335808109651623,3.26368125776867,8.571572546779992,0.5005543051029665
13.535122786978866,3.4954815735546076,8.52454059864951,1.5151006147747514
15.81953169617362,5.069372123492458,11.24735445291766,-0.49719488023650277
11.19360365505425,3.3090334934659182,8.6841132798065,-0.7995431182181609
21.930325528269563,8.161722713071523,12.488661941075685,1.2799408741223501
11.993146773272418,2.6287499580071905,9.807840897638322,-0.4434440823730973
13.763563677898354,4.499949608627002,9.46517956125911,-0.2015654919877718
9.708737864077666,1.0145463096717846,7.249638861826855,1.444552692579031
12.22158766419189,2.099640541539289,10.13538482211845,-0.013437699465851225
12.564249000571099,2.6556253569388923,10.42261564820103,-0.5139920045688177
14.3917761279269,5.36500151174119,10.42429536063426,-1.3975207444485491
15.93375214163335,5.422111734471058,11.203681929653643,-0.6920415224913495
9.08052541404911,1.5722108375046189,7.011119696307991,0.4971948802365037
17.018846373500864,6.135989518594416,10.657775388853427,0.2250814660530122
19.417475728155352,6.607988712332449,12.208149964726042,0.6013370510968522
22.729868646487727,7.095105317969563,14.438808076057368,1.1959552524607793
13.934894346087955,4.039708401921592,10.664494238586357,-0.7693082944199954
9.88006853226727,1.2984177108878956,8.0642993919441,0.517351429435281
10.05139920045688,2.9193402089562275,7.3604998824201315,-0.22844089091947428
11.364934323243853,1.8896764873853604,8.376725904525147,1.0985319313333561
15.81953169617362,4.669600564383379,12.329089259918709,-1.179158128128464
16.73329525985151,5.2272650922162125,11.277589276715828,0.22844089091947542
11.42204454597373,3.055396916047974,9.0586891524171,-0.6920415224913493
22.330097087378658,8.09789364060873,15.3912050256996,-1.159001578929686
16.961736150770985,5.207108543017438,11.254073302650587,0.5005543051029671
14.90576813249572,3.5895454698155684,10.217690731346794,1.0985319313333557
12.050256996002283,2.1248362280377595,8.464070951053184,1.4613498169113457
25.29982866933182,10.909732253838145,15.700272113414174,-1.3101756979205152
10.051399200456878,1.6965095575637454,9.0368528907851,-0.6819632478919612
18.44660194174758,6.9825645849430575,14.033997379648602,-2.5699600228440884
10.05139920045688,1.5873282494037024,8.269224308798334,0.19484664225484602
16.333523700742433,4.9534719655994905,11.662243423925823,-0.28219168878288
12.792689891490578,3.6264991433466585,8.800013437699466,0.3661773104444522
8.452312964020557,0.8331373668827895,7.468001478146943,0.15117411899082894
26.384922901199317,10.523398394194912,17.58155003863339,-1.7200255316289859
7.481439177612788,0.8247388047166326,5.665670037289615,0.9910303356065441
13.706453455168473,4.051466388954212,10.45788960929889,-0.8029025430846236
23.072529982866946,7.60741761010515,14.349783317096106,1.11532905566567
13.078241005139924,3.75751671313871,10.311754627607753,-0.9910303356065427
15.705311250713878,4.506668458359928,10.167299358349853,1.031343434004099
15.648201027984012,4.770383310377264,10.353747438438539,0.5240702791682067
31.75328383780697,12.508818490274464,18.696879094299053,0.5475862532334476
12.164477441462017,3.8952531326636883,9.421507037995095,-1.152282729196761
16.162193032552832,4.535223569724863,9.319044579567977,2.3079248832599855
10.965162764134774,2.2995263210938286,8.7697786139013,-0.10414217086034831
17.932609937178757,5.269257903046998,12.586085262203111,0.07726677192864627
13.249571673329521,4.40084657506635,8.838646823663792,0.010078274599389231
12.278697886921757,4.066583800853293,9.062048577283571,-0.8499344912151034
20.274129069103367,6.969126885477206,13.456176302616997,-0.1511741189908282
10.565391205025698,3.0453186414485844,8.447273826720865,-0.9272012631437496
11.022272986864648,2.564920885544395,7.91312527295327,0.544226828366984
14.734437464306117,5.47082339503477,10.409177948735177,-1.1455638794638359
11.079383209594518,1.7972923035576314,8.39520274129069,0.8868881647461961
18.560822387207313,5.734538247052105,14.348103604662874,-1.5218194645076744
17.190177041690465,5.418752309604597,11.082742634460983,0.688682097624887
21.873215305539695,8.66563644304095,14.951120368192958,-1.7435415056942238
12.564249000571099,3.376221990795177,9.208183558974703,-0.02015654919877708
21.75899486007995,8.522860886216275,15.31561796620419,-2.0794839923405095
10.05139920045688,2.329761144891995,7.553666812241746,0.1679712433231431
11.878926327812675,3.2032116101723385,9.948936742029764,-1.2732220243894246
8.338092518560819,0.6651661235596468,7.548627674942053,0.12429872005912598
12.450028555111373,3.4098162394598037,8.358249067759601,0.6819632478919613
11.650485436893202,3.740719588806396,10.160580508616924,-2.2508146605301174
8.052541404911475,0.7575503073873752,6.418181207377296,0.8768098901468075
22.330097087378654,7.162293815298822,14.059193066147072,1.1086102059327456
15.591090805254144,3.79111096180334,10.389021399536402,1.410958443914402
13.363792118789267,3.3779017032284058,9.777606073840158,0.208284341720698
11.022272986864643,3.339268317264085,8.432156414821781,-0.7491517452212183
22.90119931467732,8.860483085295797,15.055262539053322,-1.0145463096717835
11.022272986864651,1.9400678603823027,9.146034198945141,-0.06382907246279428
19.588806396344946,6.517284240937951,12.937145160748477,0.1343769946585151
15.705311250713882,5.02401988779521,11.205361642086867,-0.524070279168206
11.250713877784117,2.410387341687104,8.527900023515977,0.3124265125810464
11.250713877784122,2.8723082608257458,8.81513084959855,-0.4367252326401717
7.42432895488292,0.4803977559041892,6.470252292807472,0.4736789061712637
8.68075385494003,1.2211509389592503,6.643262673430308,0.8163402425504752
9.708737864077664,2.081163704773743,7.019518258474146,0.6080559008297781
9.937178754997138,2.412067054120335,6.970806597910437,0.554305102966372
16.162193032552835,4.963550240198881,10.640978264521115,0.5576645278328355
9.651627641347796,1.29169886115497,8.138206739006282,0.22172204118654973
13.535122786978869,3.218329022071423,10.239526992978801,0.07726677192864617
11.707595659623074,3.0553969160479735,8.400241878590386,0.2519568649847145
25.41404911479155,9.917022205798371,17.153223368159367,-1.65619645916619
18.0468303826385,6.890180401115328,13.326838445258176,-2.170188463735008
17.36150770988007,5.988174824470049,11.880606040245903,-0.5072731548358915
18.846373500856657,6.213256290523065,12.999294520778042,-0.36617731044445123
14.106225014277562,3.9086908321295395,10.808949507844256,-0.6114153256962407
15.077098800685327,4.5637786810898,10.77535525917963,-0.262035139584103
13.992004568817817,3.801189236402729,10.93996707763631,-0.749151745221218
13.934894346087948,3.176336211240635,10.126986259952295,0.631571874895018
10.622501427755566,2.082843417206974,8.029025430846238,0.5106325797023553
11.307824100513987,2.877347398125441,9.421507037995095,-0.9910303356065435
18.90348372358653,5.798367319514899,12.594483824369267,0.5106325797023558
17.989720159908625,4.887963180703465,12.728860819027785,0.3728961601773778
14.448886350656773,4.127053448449626,10.174018208082778,0.14781469412436596
15.99086236436322,5.254140491147916,11.737830483421236,-1.0011086102059321
13.992004568817814,3.7776732623374873,8.55477542244768,1.6595558840326547
9.708737864077664,2.0005375079786343,7.886249874021568,-0.17804951792253204
10.508280982295828,2.5330063493129975,8.09285450330903,-0.11757987032620008
15.419760137064532,4.493230758894079,10.520038969328454,0.40649040884200655
17.532838378069677,6.226693989988913,10.462928746598587,0.8432156414821793
22.901199314677342,7.761951153962442,13.385628380421279,1.753619780293613
26.099371787549977,9.863271407934961,15.953908690832124,0.28219168878288026
9.651627641347794,1.9098330365841367,6.744045419424193,0.99774918533947
12.62135922330097,3.1830550609735595,8.890717909093961,0.5475862532334468
13.992004568817817,3.305674068599456,9.678503040279507,1.0078274599388588
15.819531696173614,4.377330601001109,11.23391675345181,0.2082843417206975
15.191319246145058,4.9702690899318025,10.469647596331507,-0.2485974401182518
20.902341519131927,7.803943964793229,14.509355998253103,-1.4109584439144012
16.047972587093092,4.817415258507743,11.58329693956395,-0.35273961097859957
22.044545973729303,7.491517452212181,14.677327241576242,-0.12429872005912491
11.022272986864646,2.4725367017166664,7.827459938858466,0.7222763462895154
15.990862364363217,4.298384116639232,10.133705109685222,1.5587731380387677
13.535122786978869,3.8297443477676616,9.71881613867706,-0.013437699465851348
20.731010850942315,7.106863305002183,13.298283333893238,0.3258642120468979
10.451170759565958,1.3370510968522191,8.166761850371218,0.9473578123425269
32.66704740148488,12.586085262203111,17.92757079987906,2.1533913394026953
11.878926327812678,2.6405079450398095,9.09732253838143,0.14109584439144063
12.164477441462022,2.4490207276514266,10.629220277488496,-0.9137635636778979
13.820673900628215,3.5777874827829472,10.535156381227534,-0.29226996338226924
20.21701884637351,7.222763462895154,12.930426311015552,0.06382907246279482
12.107367218732154,2.569960022844089,10.26304296704404,-0.7256357711559774
9.765848086807532,1.864480800886888,7.723317767998119,0.178049517922532
9.023415191319243,0.8835287398797329,7.9114455605200416,0.22844089091947506
8.62364363221016,0.8348170793160214,6.777639668088821,1.0111868848053216
18.732153055396925,7.212685188295763,12.584405549769873,-1.0649376826687265
15.24842946887493,4.704874525481237,10.348708301138844,0.19484664225484633
29.297544260422615,11.317902375113382,16.81056203178015,1.169079853529076
9.251856082238715,1.64275875970034,8.005509456780997,-0.3964121342426173
10.622501427755562,2.496052675781907,9.379514227164307,-1.2530654751906476
13.93489434608795,3.298955218866532,9.228340108173482,1.4075990190479408
23.8720731010851,9.209863271407935,16.10340309738972,-1.4411932677125674
9.02341519131924,1.7217052440622163,7.103503880135722,0.1982060671213091
10.336950314106222,3.3863002653945635,8.183558974703532,-1.2329089259918702
13.992004568817814,4.03970840192159,10.442772197399803,-0.4904760305035771
11.76470588235294,3.5542715087177075,8.828568549064398,-0.6181341754291664
9.48029697315819,1.6713138710652742,7.5335102630429684,0.2754728390499548
12.10736721873215,4.1656868344139495,8.98646151778815,-1.0447811334699502
11.707595659623072,2.6825007558705947,8.742903214969594,0.28219168878288037
14.734437464306112,4.642725165451675,11.076023784728052,-0.9843114858736185
9.251856082238715,0.6634864111264153,6.864984714616856,1.7233849564954482
16.219303255282696,5.4809016696341555,11.796620418584338,-1.0582188329358015
11.30782410051399,3.4770047367890635,8.20707494876877,-0.37625558504384027
8.166761850371214,1.671313871065274,6.0016125239359015,0.4938354553700407
19.47458595088522,6.324117311116337,12.5692881378708,0.5811805018980756
14.563106796116505,3.515638122753385,10.395740249269327,0.6517284240937964
11.87892632781268,2.59515570934256,9.31736486713475,-0.033594248664627804
15.762421473443744,5.64551348809084,11.107938320959454,-0.9910303356065437
22.101656196459174,8.30113884502973,14.05919306614707,-0.2586757147176399
7.5956596230725255,1.5184600396412133,5.590082977794201,0.4871166056371151
11.536264991433464,2.779924076998018,9.320724292001206,-0.5643833775657604
13.363792118789263,3.962441629992946,10.264722679477273,-0.8633721906809548
13.478012564249001,3.255282695602511,10.168979070783081,0.053750797863406675
19.760137064534554,5.526253905331406,12.84308126448752,1.3908018947156249
5.996573386636206,0.3309033493465922,5.242382504115298,0.4232875331743204
17.989720159908632,5.795007894648437,13.021130782410047,-0.8264185171498631
17.41861793260994,5.190311418685119,11.200322504787179,1.0279840091376362
15.47687035979441,3.927167668895085,11.082742634460983,0.46696005643833893
13.078241005139919,4.027950414888973,10.209292169180634,-1.1590015789296864
13.478012564249005,3.712164477441463,9.046931165384484,0.7189169214230521
9.194745859508847,1.0918130816004301,6.839789028118387,1.263143749790036
10.394060536836088,2.5817180098767083,7.557026237108207,0.2553162898511778
18.503712164477452,5.818523868713679,12.023381597070582,0.6618066986931842
10.165619645916614,2.00725635771156,9.018376054019551,-0.8600127658144925
10.793832095945167,1.0598985453690333,8.474149225652571,1.2597843249235725
21.245002855511142,7.672926395001176,14.885611583296944,-1.313535122786978
10.5653912050257,2.2541740853965795,7.095105317969561,1.2161118016595558
12.735579668760705,3.0940303020122957,7.746833742063358,1.8947156246850536
20.902341519131927,7.2345214499277715,12.646554909799436,1.0212651594047109
10.965162764134774,2.8118386132294146,9.268653206571036,-1.1153290556656696
16.733295259851513,5.551449591829881,12.586085262203108,-1.4042395941814763
25.41404911479156,9.102361675681124,15.794336009675146,0.5173514294352811
21.873215305539702,7.231162025061311,12.492021365942149,2.150031914536232
25.35693889206169,9.510531796956364,15.863204219437629,-0.016797124332313486
10.793832095945174,2.8639096986595898,8.282662008264186,-0.35273961097860085
8.22387207310108,1.2077132394933991,7.473040615446638,-0.45688178183894923
27.52712735579669,9.784324923573084,15.125810461249031,2.616991970974572
14.84865790976585,4.247992743642287,9.881748244700509,0.7189169214230524
14.677327241576242,4.8190949709409745,11.692478247723992,-1.834245977088722
10.336950314106224,2.672422481271207,8.769778613901298,-1.1052507810662813
12.335808109651627,3.2132898847717275,8.793294587966543,0.32922363691336026
10.279840091376352,2.002217220411866,6.984244297376289,1.2933785735882029
8.28098229583095,1.1119696307992073,6.288843350018478,0.8801693150132701
10.279840091376354,2.072765142607585,9.725534988409985,-1.5184600396412131
22.61564820102799,7.918164410252967,14.962878355225579,-0.26539456445056564
12.164477441462015,3.337588604830851,8.941109282090908,-0.11422044545973743
7.195888063963445,1.1757987032620016,5.536332179930797,0.48375718077065216
15.59109080525414,4.578896092988881,10.15890079618369,0.8532939160815671
19.53169617361509,5.904189202808476,10.536836093660765,3.0906708771458336
15.705311250713876,4.3538146269358675,10.945006214936008,0.40649040884200655
15.99086236436323,5.753015083817649,10.83918433164242,-0.6013370510968513
11.878926327812676,3.379581415661639,8.680753854940033,-0.1814089427889946
12.906910336950311,3.6735310914771393,9.804481472771862,-0.5711022272986865
16.790405482581388,5.0324184499613684,11.408606846507876,0.34938018611213784
13.706453455168475,5.454026270702458,10.180737057815701,-1.9283098733496842
5.42547115933752,0.680283535458729,4.335337790170322,0.4098498337084695
9.251856082238717,1.4596701044781135,6.8246716162193035,0.9675143615413037
16.61907481439178,4.236234756609667,10.037961500991033,2.3448785567910777
10.965162764134776,2.7312124164343072,8.815130849598553,-0.5811805018980744
9.8229583095374,2.9865287062854846,7.683004669600566,-0.8465750663486408
8.452312964020555,0.9977491853394698,7.6426915712030095,-0.1881277925219204
8.737864077669899,1.6343601975341815,6.750764269157124,0.35273961097860024
15.648201027984012,3.896932845096919,10.719924748882988,1.0313434340040986
16.2193032552827,4.039708401921593,11.49763160546915,0.6819632478919608
17.304397487150197,6.819632478919607,12.534014176772933,-2.049249168542345
11.479154768703593,3.3896596902610283,7.70988006853227,0.37961500991030367
15.305539691604793,5.11808378405617,10.698088487250981,-0.5106325797023548
13.64934323243861,3.796150099103034,10.420935935767794,-0.5677428024322227
14.049114791547687,3.419894514059195,10.424295360634266,0.20492491685423564
15.019988577955463,4.143850572781939,10.341989451405924,0.5341485537675952
11.821816105082814,2.270971209728895,7.93496153458528,1.615883360768636
8.909194745859505,1.6813921456646619,7.459602915980785,-0.23180031578593754
23.35808109651629,8.317935969362045,14.65045184264453,0.38969328450969265
17.70416904625929,5.484261094500625,13.23109483656398,-1.0111868848053212
15.591090805254144,4.585614942721808,11.334699499445696,-0.3292236369133601
14.448886350656768,4.531864144858402,10.777034971612864,-0.860012765814492
11.36493432324386,2.810158900796184,8.225551785534316,0.32922363691336076
23.358081096516283,7.644371283636242,14.628615581012529,1.0850942318675054
10.16561964591662,1.1993146773272416,8.049181980045017,0.9171229885443616
13.877784123358087,3.9708401921591023,8.84200624853025,1.0649376826687276
10.279840091376354,2.0929216918063624,8.17012127523768,0.016797124332314554
20.217018846373502,6.786038230254976,14.170054086740345,-0.7390734706218289
14.677327241576242,5.101286659723856,11.232237041018571,-1.6561964591661902
9.994288977727008,1.8728793630530458,7.6914032317667225,0.4300063829072468
13.478012564248994,3.2704001075015956,9.797762623038937,0.4098498337084695
12.792689891490578,3.4618873248899784,10.536836093660765,-1.2060335270601663
9.651627641347796,2.796721201330333,6.817952766486381,0.03695367353109189
19.93146773272416,6.314039036516947,12.512177915140926,1.1052507810662815
13.992004568817823,4.142170860348709,9.050290590250949,0.7995431182181618
11.022272986864646,2.9814895689857894,8.12812846440689,-0.08734504652803414
22.615648201027984,8.238989485000172,13.600631571874894,0.7760271441529214
11.82181610508281,2.4994121006483696,11.092820909060372,-1.7704169046259268
11.022272986864644,2.9327779084220773,8.831927973930863,-0.7424328954882926
10.622501427755566,2.168508751301777,7.657808983102092,0.7961836933516986
18.960593946316393,5.675748311889005,13.590553297275507,-0.30570766284812034
22.044545973729306,7.242920012093932,14.280915107333625,0.5207108543017436
5.425471159337521,0.0050391372996943995,4.469714784828837,0.9507172372089896
14.334665905197031,4.093459199784997,10.617462290455878,-0.37625558504383977
10.108509423186746,2.687539893170289,6.705412033459871,0.7155574965565905
17.361507709880076,4.881244330970539,11.663923136359056,0.8163402425504752
20.102798400913773,7.239560587227465,13.625827258373366,-0.7625894446870688
15.533980582524274,5.060973561326301,10.939967077636311,-0.46696005643833777
7.8812107367218704,0.0335942486646287,6.601269862599521,1.2463466254577213
8.737864077669899,1.0078274599388586,7.152215540699431,0.577821077031612
11.82181610508281,2.2390566734974975,7.8425773507575505,1.7401820808277633
8.852084523129635,1.5974065240030906,6.555917626902273,0.6987603722242751
9.308966304968585,1.5335774515402962,8.101253065475191,-0.3258642120468975
21.01656196459167,5.910908052541407,11.527866429267316,3.5777874827829463
8.22387207310108,0.4652803440051062,5.813484731413983,1.945106997681997
31.353512278697906,11.694157960157218,18.980750495515164,0.6786038230254989
8.794974300399765,1.1438841670306044,6.119192394262101,1.5318977391070652
10.165619645916614,3.2536029831692805,7.221083750461921,-0.30906708771458313
11.878926327812676,3.188094198273256,9.943897604730072,-1.253065475190647
17.133066818960604,5.2373433668156,10.918130816004297,0.977592636140693
22.27298686464878,8.78153660093392,14.643732992911616,-1.1522827291967606
17.64705882352942,4.998824201296737,12.35932408371687,0.2889105385158061
18.78926327812679,5.578324990761583,12.576006987603717,0.6349312997614805
15.077098800685325,3.3762219907951754,10.222729868646487,1.4781469412436594
14.44888635065677,3.6181005811805016,10.810629220277491,0.02015654919877738
10.565391205025692,1.988779520946015,9.869990257667888,-1.2933785735882022
19.70302684180469,5.580004703194814,14.690764941042096,-0.5677428024322232
9.651627641347797,1.4899049282762793,7.916484697819734,0.24523801525178937
19.01770416904626,6.070480733698391,12.826284140155204,0.12093929519266347
18.50371216447745,7.207646050996069,13.422582053952363,-2.1265159404709917
18.275271273557973,6.691974333994022,11.415325696240801,0.1679712433231437
24.157624214734447,8.516142036483354,14.94608123089327,0.6954009473578128
10.62250142775557,1.8308865522222593,7.713239493398732,1.0783753821345792
15.019988577955456,4.558739543790105,11.284308126448751,-0.8230590922834009
32.43860651056539,12.654953471965607,18.648167433735345,1.1354856048644482
32.43860651056539,13.110155541371315,17.746161857090065,1.5822891121040086
9.308966304968585,1.3202539725199047,6.765881681056204,1.2228306513924811
11.022272986864646,2.0626868680081967,8.30113884502973,0.658447273826721
19.01770416904626,6.792757079987904,12.64823462223267,-0.42328753317432055
17.989720159908625,5.878993516310009,11.411966271374343,0.6987603722242755
23.814962878355225,9.293848893069505,16.362078812107363,-1.8409648268216474
16.904625928041128,5.2625390533140735,12.10568750629892,-0.46360063157187453
16.276413478012568,4.400846575066349,11.35149662377801,0.5240702791682069
15.933752141633365,5.751335371384421,10.135384822118452,0.04703194813048079
14.734437464306113,4.5184264453925485,10.394060536836095,-0.1780495179225309
29.583095374071963,11.747908758020628,15.920314442167498,1.9148721738838312
17.19017704169047,5.642154063224376,10.667853663452819,0.8801693150132711
16.105082809822967,4.427721973998054,11.73783048342124,-0.06046964759633092
20.55968018275271,7.239560587227468,11.993146773272413,1.326972822252831
10.565391205025698,1.384083044982699,8.183558974703532,0.9977491853394708
20.616790405482583,7.441126079215238,14.89904928276278,-1.723384956495447
16.276413478012564,6.290523062451707,11.608492626062418,-1.6226022105015623
26.38492290119931,9.236738670339635,17.14146538112675,0.006718849732925813
19.13192461450601,6.557597339335507,11.448919944905427,1.1254073302650598
17.818389491719024,6.023448785567912,10.578828904491553,1.2161118016595562
17.418617932609944,5.68414687405516,12.429872005912591,-0.6954009473578118
15.876641918903484,5.6875062989216225,11.539624416299933,-1.3504887963180703
20.15990862364364,7.489837739778949,13.392347230154193,-0.7222763462895142
6.967447173043974,0.8348170793160211,5.272617327913462,0.8600127658144925
8.852084523129635,1.0263042967044045,6.844828165418079,0.9809520610071559
27.298686464877225,9.589478281318241,15.038465414720994,2.6707427688379743
25.12849800114221,9.34759969093291,16.654348775489634,-0.8734504652803436
9.880068532267272,1.2110726643598617,8.118050189807505,0.5509456780999096
9.194745859508847,1.3622467833506906,8.262505459065405,-0.43000638290724613
13.763563677898345,3.61474115631404,11.022272986864653,-0.873450465280344
16.619074814391777,4.555380118923641,11.569859240098092,0.4938354553700412
10.736721873215302,1.6813921456646623,8.343131655860518,0.7121980716901266
11.936036550542546,2.3566365438236976,8.191957536869689,1.387442469849162
12.450028555111357,3.0906708771458327,8.52957973594921,0.829777942016327
14.905768132495714,4.605771491920582,11.005475862532336,-0.7054792219572009
13.649343232438605,3.9355662310612427,9.371115664998154,0.3426613363792119
12.792689891490575,5.092888097557698,9.923741055531293,-2.2239392615984133
9.080525414049111,0.8163402425504752,7.683004669600564,0.5811805018980756
17.818389491719024,5.6354352134914505,13.053045318641452,-0.8700910404138807
15.19131924614506,3.433332213525043,10.726643598615913,1.0313434340040986
12.335808109651627,3.6634528168777525,9.38119393959754,-0.7088386468236633
20.445459737292982,6.922094937346728,13.462895152349919,0.060469647596331846
19.87435750999429,7.402492693250915,13.570396748076728,-1.0985319313333561
11.13649343232438,3.0604360533476673,8.633721906809557,-0.5576645278328353
12.964020559680185,3.5206772600530796,9.728894413276446,-0.2855511136493433
12.16447744146202,3.525716397352773,8.013908018947156,0.6248530251620928
18.732153055396925,4.283266704740147,12.023381597070582,2.425504753586187
9.308966304968584,1.691470420264051,7.667887257701482,-0.05039137299694264
14.791547687035981,4.278227567440455,11.319582087546612,-0.8062619679510868
17.41861793260994,5.72781939731918,11.475795343837136,0.2150031914536236
19.931467732724165,6.606308999899217,13.056404743507914,0.26875398931702904
15.819531696173616,4.570497530822723,10.903013404105216,0.3460207612456752
9.08052541404911,1.5654919877716933,6.413142070077605,1.1018913561998191
15.87664191890349,4.471394497262067,10.877817717606748,0.5274297040346699
15.59109080525414,5.324688413343635,10.464608459031814,-0.19820606712130842
11.36493432324386,2.5279672120133028,8.662277018174487,0.1746900930560689
24.214734437464323,9.431585312594487,15.518863170625181,-0.7357140457553659
10.394060536836088,1.2345886384251017,7.237880874794235,1.9215910236167575
12.849800114220441,3.070514327947056,10.068196324789199,-0.2889105385158063
14.277555682467165,2.4725367017166664,10.877817717606742,0.9272012631437497
20.445459737292975,8.128128464406895,13.274767359828001,-0.9574360869419147
9.88006853226727,1.619242785635099,7.6561292706688615,0.6046964759633153
21.245002855511142,8.868881647461956,12.87667551315215,-0.5005543051029651
14.84865790976585,3.870057446165217,9.500453522356976,1.47814694124366
9.994288977727004,1.9753418214801626,7.80730338965969,0.21164376658716078
17.304397487150204,6.067121308831928,12.151039741996167,-0.9137635636778981
14.448886350656768,4.353814626935869,9.369435952564917,0.7256357711559781
13.135351227869796,2.949575032754393,9.359357677965532,0.8264185171498643
19.246145059965745,6.942251486545505,13.083280142439616,-0.7793865690193841
24.728726442033118,9.246816944939026,14.514395135552792,0.967514361541305
18.21816105082811,6.240131689454765,13.284845634427384,-1.3068162730540527
13.478012564248996,3.031880941982732,9.616353680249942,0.8297779420163277
11.079383209594514,2.709376154802297,7.493197164645412,0.8768098901468075
8.566533409480293,1.1556421540632247,6.870023851916552,0.5408674035005212
17.3043974871502,5.687506298921627,11.744549333154163,-0.1276581449255883
18.10394060536837,6.093996707763628,13.071522155406994,-1.0615782578022637
10.451170759565956,2.0290926193435688,7.85769476265663,0.5643833775657612
13.820673900628211,3.8465414720999753,9.537407195888065,0.43672523264017266
11.079383209594514,2.774884939698323,9.980851278261161,-1.6763530083649674
15.876641918903486,3.2569624080357444,10.96348305170155,1.6561964591661902
8.623643632210163,0.7357140457553668,6.520643665804414,1.3672859206503847
12.84980011422045,2.9646924446534744,7.88960929888803,1.9954983706789402
9.08052541404911,1.2547451876238789,7.899687573487421,-0.07390734706218273
13.478012564249005,4.122014311149932,9.859911983068496,-0.5039137299694287
11.30782410051399,3.734000739073469,8.81345113716532,-1.2396277757247958
14.334665905197031,4.088420062485302,10.293277790842206,-0.047031948130479624
26.89891490576813,11.023952699297876,16.59387912789331,-0.7189169214230513
13.249571673329525,3.5996237444149566,11.03403097389727,-1.3840830449826982
19.13192461450599,6.409782645211142,12.916988611549701,-0.19484664225484555
11.19360365505425,3.179695636107099,8.611885645177546,-0.5979776262303891
14.334665905197037,4.604091779487352,8.548056572714751,1.1825175529949272
17.761279268989153,4.802297846608661,11.19528336748749,1.7636980548930021
12.050256996002283,2.8975039473242177,8.121409614673968,1.0313434340040986
15.762421473443755,4.0934591997849985,10.11690798535291,1.5520542883058428
7.995431182181608,0.36113817314475766,6.1729431921255085,1.4613498169113452
31.239291833238163,12.389558907515035,17.989720159908618,0.8600127658144942
19.760137064534558,6.594551012866596,13.451137165317295,-0.2855511136493424
21.416333523700747,7.315147646722884,14.158296099707728,-0.05711022272986816
14.848657909765855,4.326939228004167,8.583330533812614,1.9383881479490717
15.705311250713883,4.965229952632112,11.925958275943156,-1.1858769778613905
23.24386065105656,8.358249067759601,14.72771861457319,0.15789296872375486
12.735579668760712,3.535794671952164,9.263614069271341,-0.06382907246279436
15.019988577955456,4.142170860348708,10.981959888467093,-0.10414217086034844
18.903483723586525,5.818523868713677,12.980817684012498,0.1041421708603491
9.366076527698452,1.7301038062283738,7.659488695535326,-0.0235159740652399
12.735579668760705,2.8975039473242186,8.023986293546544,1.8140894278899462
32.552826956025136,12.663352034131755,18.921960560352062,0.9675143615413057
9.423186750428323,1.4546309671784192,7.679645244734102,0.2889105385158064
12.107367218732152,3.9926764537911112,9.878388819834045,-1.763698054893002
11.022272986864644,2.5682803104108576,7.3420230456545825,1.1119696307992075
14.44888635065677,3.9053314072630765,10.05979776262304,0.48375718077065233
20.159908623643638,7.31682735915611,13.70309403030201,-0.8600127658144914
10.622501427755566,0.9658346491080727,8.668995867907416,0.9876709107400817
26.042261564820098,10.04636006315719,17.18849732925724,-1.1925958275943151
16.676185037121645,5.131521483522024,12.58272583733664,-1.038062283737024
5.482581382067388,0.008398562166157161,5.504417643699398,-0.030234823798165826
32.4386065105654,12.649914334665906,18.125776867000376,1.6629153088991175
16.790405482581388,5.467463970168307,11.39013000974233,-0.06718849732925668
22.67275842375786,8.52286088621628,15.060301676353012,-0.9104041388114349
10.50828098229583,1.16236100379615,7.971915208116374,1.3740047703833111
15.134209023415194,4.763664460644337,10.347028588705614,0.023515974065240627
8.109651627641343,1.1690798535290763,7.185809789364062,-0.24523801525178895
12.335808109651625,2.726173279134612,10.281519803809587,-0.6718849732925724
14.391776127926896,3.707125340141768,9.21658212114086,1.4680686666442708
16.16219303255283,5.2255853797829825,11.400208284341725,-0.4636006315718746
6.4534551684751555,0.8566533409480298,6.295562199751403,-0.6987603722242753
27.81267846944604,9.577720294285617,17.794873517653773,0.4400846575066354
17.647058823529424,5.185272281385427,11.984748211106256,0.4770383310377262
9.423186750428323,1.157321866496456,7.553666812241745,0.7121980716901267
9.13763563677898,1.819128565189639,7.553666812241742,-0.23515974065239978
10.05139920045688,1.1774784156952331,7.785467128027682,1.088453656733968
20.102798400913773,7.528471125743271,11.855410353747436,0.7189169214230531
12.16447744146202,3.552591796284476,9.807840897638329,-1.1959552524607784
18.675042832667046,6.33923472301542,11.808378405616956,0.5274297040346695
15.24842946887493,3.886854570497531,12.275338462055295,-0.9137635636778986
19.817247287264422,7.086706755803408,12.109046931165388,0.6214936002956299
23.986293546544843,9.73057412570968,12.720462256861627,1.535257163973528
11.250713877784126,2.440622165485269,7.56038566197467,1.2497060503241846
29.41176470588236,10.682971075351896,17.788154667920846,0.9406389626096023
8.452312964020553,2.0727651426075853,7.155574965565896,-0.7760271441529205
15.362649914334664,4.8039775590418925,11.438841670306045,-0.8801693150132696
20.959451741861805,7.007760271441529,11.287667551315216,2.664023919105049
24.500285551113652,8.12644875197366,14.395135552793361,1.978701246346627
10.736721873215302,2.035811469076495,9.00325864212047,-0.3023482379816569
16.676185037121652,5.2927738771122375,10.956764201968626,0.42664695804078373
11.25071387778412,2.603554271508718,8.331373668827899,0.3157859374475091
12.221587664191894,3.391339402694259,8.689152417106191,0.14109584439144068
12.507138777841234,4.372291463701414,9.37111566499815,-1.2362683508583334
10.736721873215304,2.1819464507676294,8.937749857224437,-0.38297443477676585
13.592233009708735,4.279907279873685,10.34366916383915,-1.031343434004098
12.278697886921762,3.2435247085698924,9.105721100547587,-0.07054792219571991
9.251856082238717,2.0290926193435688,7.77370914099506,-0.5509456780999092
13.763563677898343,3.666812241744213,11.057546947962503,-0.9607955118083777
20.33123929183325,7.6594886955353205,12.806127590956427,-0.13437699465851424
19.074814391776133,5.798367319514899,10.891255417072596,2.385191655188631
18.732153055396925,6.228373702422147,12.315651560452855,0.1881277925219211
13.078241005139924,2.7463298283333892,10.026203513958409,0.30570766284812123
16.105082809822964,5.674068599455773,11.889004602412063,-1.4579903920448818
20.673900628212454,7.773709140995065,13.729969429233718,-0.8297779420163265
23.58652198743575,8.51278261161689,13.944972620687333,1.1287667551315226
16.047972587093096,4.355494339369101,10.48308529579736,1.2093929519266304
10.279840091376352,1.9098330365841367,7.819061376692312,0.5509456780999091
20.84523129640206,7.170692377464979,13.308361608492627,0.36617731044445245
8.509423186750425,1.0850942318675045,6.557597339335504,0.8667316155474185
11.878926327812675,3.639936842812511,9.612994255383484,-1.3740047703833094
12.107367218732152,3.282158094534214,8.200356099035846,0.6248530251620922
13.53512278697887,3.3392683172640845,9.594517418617931,0.6013370510968523
21.359223300970882,7.394094131084762,15.124130748815794,-1.1590015789296875
10.451170759565958,2.299526321093829,7.735075755030743,0.41656868344139536
11.479154768703594,2.963012732220245,8.193637249302917,0.3225047871804352
17.532838378069677,5.863876104410924,11.796620418584338,-0.12765814492558836
8.509423186750423,1.2765814492558876,6.554237914469041,0.6786038230254984
23.75785265562536,9.668424765680118,13.619108408640443,0.47031948130480117
8.166761850371211,1.0598985453690326,6.2367722645883035,0.8700910404138816
22.615648201027994,8.459031813753487,14.505996573386634,-0.3493801861121369
22.27298686464877,8.443914401854402,14.766352000537498,-0.9372795377431379
12.849800114220443,2.885745960291598,9.57772029428562,0.38633385964322947
17.1330668189606,4.778781872543421,10.237847280545566,2.116437665871602
10.736721873215304,1.795612591124399,9.384553364464002,-0.4434440823730973
19.131924614506,6.607988712332448,12.927066886149094,-0.4031309839755426
16.16219303255283,4.153928847381328,11.558101253065473,0.4501629321060238
11.479154768703593,2.386871367621863,8.151644438472134,0.9406389626096018
23.129640205596786,8.561494272180603,15.706990963147115,-1.1388450297309092
13.64934323243861,4.400846575066348,8.674035005207113,0.5744616521651492
12.792689891490575,2.3431988443578464,9.01501662915309,1.4344744179796418
18.789263278126793,6.508885678771793,12.54577216380556,-0.2653945644505661
16.79040548258138,4.641045453018442,11.144891994490544,1.0044680350723951
13.706453455168473,3.2620015453354405,10.256324117311117,0.18812779252192013
12.107367218732158,2.4221453287197234,9.728894413276446,-0.043672523264016966
9.937178754997142,1.7536197802936135,7.844257063190784,0.339301911512749
17.133066818960604,5.3650015117411884,12.61128094870158,-0.8432156414821778
19.988577955454026,6.567675613934894,14.055833641280612,-0.6349312997614799
28.440890919474594,11.677360835824905,15.446635535996236,1.3168945476534422
9.308966304968584,2.400309067087715,6.438337756576075,0.47031948130480034
10.05139920045688,1.4932643531427425,7.177411227197903,1.380723620116236
9.251856082238715,1.745221218127457,7.415930392716767,0.09070447139449747
20.27412906910337,7.567104511707594,12.23334565122451,0.47367890617126424
19.417475728155352,6.779319380522057,13.239493398730138,-0.6013370510968514
10.508280982295826,2.2121812745657934,7.802264252359997,0.4938354553700406
9.308966304968584,1.4579903920448825,7.592300198206068,0.2586757147176405
22.7869788692176,7.716598918265194,14.156616387274491,0.9137635636778987
19.931467732724165,6.6583800853293935,10.51835925689522,2.754728390499546
28.04111936036552,10.377263412503781,17.932609937178746,-0.2687539893170286
16.50485436893205,4.958511102899183,12.10400779386569,-0.5576645278328346
15.648201027984012,4.256391305808446,10.34030973897269,1.0514999832028762
25.985151342090234,9.083884838915575,13.239493398730138,3.66177310444452
13.19246145059966,3.413175664326266,9.285450330903352,0.493835455370041
13.706453455168479,3.458527900023516,9.992609265293783,0.2553162898511779
13.078241005139922,3.1561796620418576,10.587227466657712,-0.6651661235596463
14.848657909765851,3.161218799341553,9.00325864212047,2.6841804683038273
18.960593946316397,6.093996707763632,12.4735445291766,0.39305270937615516
9.651627641347797,2.0408506063761886,7.157254677999131,0.4535223569724864
11.650485436893204,2.4439815903517315,9.186347297342694,0.020156549198778
4.6259280411193595,0.17133066818960616,4.326939228004165,0.12765814492558897
18.560822387207313,5.991534249336514,10.278160378943122,2.2911277589276726
12.05025699600228,2.3213625827258366,9.345919978499682,0.38297443477676646
10.336950314106224,2.4742164141498977,8.52454059864951,-0.6618066986931836
10.736721873215304,2.000537507978634,7.778748278294758,0.9574360869419157
10.279840091376354,1.1993146773272416,8.082776228709646,0.99774918533947
9.708737864077664,1.857761951153963,6.295562199751406,1.5554137131723054
15.648201027984012,4.048106964087748,11.657204286626135,-0.057110222729868106
17.93260993717876,5.151678032720798,11.000436725232637,1.780495179225317
22.901199314677342,8.996539792387543,14.260758558134848,-0.3560990358450627
8.452312964020555,1.3185742600866732,6.9825645849430575,0.15117411899082894
9.765848086807534,1.8695199381865826,7.701481506366111,0.1948466422548464
17.475728155339816,4.891322605569928,11.744549333154163,0.8398562166157156
10.508280982295826,3.178015923673866,8.062619679510869,-0.7323546208889036
25.813820673900633,8.833607686364095,14.571505358282668,2.408707629253872
17.989720159908625,6.663419222629087,12.62639836060067,-1.300097423321127
17.418617932609944,6.81963247891961,12.342526959384555,-1.7435415056942247
12.27869788692176,2.991567843585178,8.739543790103133,0.547586253233447
19.874357509994294,6.718849732925724,11.633688312560887,1.5218194645076775
11.536264991433464,2.6690630564047426,8.390163603991,0.4770383310377267
4.854368932038835,0.010078274599388438,4.770383310377263,0.07390734706218302
30.89663049685893,11.872207478079748,17.321194611482515,1.703228407296671
10.051399200456874,2.0878825545066686,7.852655625356939,0.11086102059327471
15.533980582524267,4.62424832868613,11.48419390600329,-0.5744616521651489
8.22387207310108,1.4445526925790304,6.5004871166056395,0.2788322639164176
23.07252998286694,7.814022239392619,13.84418987469345,1.4143178687808646
19.246145059965738,5.279336177646391,12.021701884637348,1.9451069976819975
8.966304968589373,2.96973158195317,7.424328954882925,-1.4277555682467162
23.700742432895506,8.92767158262505,14.783149124869825,-0.010078274599388247
11.307824100513992,2.2776900594618206,8.045822555178555,0.9843114858736187
20.102798400913766,6.942251486545506,12.791010179057336,0.3695367353109154
16.105082809822967,4.642725165451676,11.33805892431216,0.12429872005912619
22.61564820102799,8.519501461349817,15.164443847213352,-1.0682971075351892
9.53740719588806,1.864480800886888,7.249638861826857,0.4232875331743208
24.328954882924048,9.57100144455269,14.76131286323781,-0.0033594248664628747
26.327812678469442,8.598447945711696,15.895118755669026,1.834245977088723
10.108509423186746,2.516209224980684,7.407531830550609,0.18476836765545746
15.019988577955454,4.185843383612728,10.857661168407969,-0.02351597406523909
14.677327241576247,4.1808042463130315,11.027312124164343,-0.5307891289011314
19.474585950885213,6.690294621560788,12.458427117277514,0.32586421204689825
13.19246145059966,3.7272818893405453,7.886249874021566,1.5789296872375453
33.295259851513435,13.790439076830046,19.592165821211406,-0.087345046528034
16.561964591661916,5.5867235529277375,11.405247421641416,-0.43000638290724585
9.423186750428323,2.040850606376189,6.764201968622969,0.6181341754291662
18.332381496287834,6.090637282897168,10.242886417845263,1.9988577955454028
15.191319246145065,4.721671649813553,11.329660362145999,-0.8600127658144926
11.364934323243858,2.7580878153660087,8.549736285147981,0.057110222729868654
16.047972587093096,5.375079786340578,10.753518997547618,-0.08062619679510805
16.333523700742433,4.654483152484296,10.926529378170459,0.7525111700876812
15.019988577955457,4.9114791547687044,10.760237847280543,-0.6517284240937948
18.103940605368358,6.357711559780968,13.442738603151136,-1.696509557563745
14.848657909765851,4.736789061712636,10.733362448348844,-0.6214936002956285
13.934894346087955,2.9865287062854833,11.31118352538045,-0.3628178855779887
15.819531696173614,4.311821816105084,12.330768972351922,-0.8230590922834006
13.363792118789267,4.750226761178486,9.668424765680117,-1.054859408069338
14.049114791547687,3.78103268720395,9.952296166896229,0.31578593744750943
14.334665905197033,4.029630127322203,10.049719488023653,0.2553162898511776
8.338092518560819,1.301777135754359,6.532401652837035,0.5039137299694296
10.736721873215304,3.01844324251688,7.536869687909427,0.18140894278899472
11.936036550542546,3.130983975543388,8.798333725266232,0.006718849732926016
11.878926327812678,2.6757819061376695,8.927671582625054,0.27547283904995523
12.050256996002284,3.851580609399671,9.149393623811601,-0.950717237208989
13.706453455168475,3.8633385964322913,9.695300164611819,0.1478146941243668
15.648201027984005,5.045856149427219,10.830785769476263,-0.2284408909194745
16.447744146202172,5.422111734471057,11.469076494104211,-0.4434440823730975
13.706453455168475,4.002754728390499,10.50324184499614,-0.7995431182181609
6.282124500285549,0.1310175697920518,6.130950381294722,0.020156549198777168
15.705311250713876,4.622568616252896,10.011086102059325,1.0716565324016532
13.87778412335808,3.7709544126045627,9.307286592535359,0.7995431182181613
22.55853797829812,8.675714717640341,13.70813316760171,0.174690093056069
14.734437464306112,3.678570228776834,11.593375214163332,-0.5375079786340581
10.793832095945172,1.6226022105015623,8.029025430846238,1.1422044545973737
13.87778412335808,5.239023079248832,9.871669970101118,-1.2329089259918695
9.48029697315819,1.6864312829643564,7.330265058621963,0.46360063157187464
6.681896059394629,-0.11757987032620053,5.455705983135687,1.3437699465851445
16.276413478012568,4.676319414116303,10.904693116538448,0.695400947357813
14.734437464306112,4.691436826015387,11.208721066953338,-1.1657204286626126
12.621359223300969,2.625390533140726,9.602915980784093,0.3930527093761553
4.169046259280411,-0.25531628985117716,3.947324218093864,0.4770383310377262
16.39063392347231,4.4881916215943845,10.830785769476266,1.0716565324016532
13.078241005139922,3.399737964860415,10.49820270769644,-0.8196996674169374
11.764705882352938,2.7009775926361406,8.704269829005277,0.3594584607115263
10.679611650485432,1.720025531628985,7.226122887761616,1.7334632310948368
9.480296973158191,1.6461181845668023,7.2899519602244105,0.5442268283669837
11.079383209594516,2.5229280747136094,9.433265025027717,-0.8768098901468069
17.47572815533981,5.947861726072495,10.65777538885343,0.870091040413882
16.390633923472304,4.723351362246784,12.144320892263242,-0.4770383310377262
14.563106796116509,4.209359357677966,11.331340074579229,-0.9775926361406925
15.476870359794411,4.998824201296737,10.847582893808578,-0.369536735310914
10.793832095945167,3.295595794000067,8.721066953337592,-1.222830651392481
15.362649914334668,4.147209997648403,9.549165182920685,1.66627473376558
15.53398058252427,5.370040649040883,12.310612423153152,-2.1466724896697666
22.901199314677335,8.390163603990997,13.691336043269388,0.819699667416939
16.105082809822957,4.086740350052072,11.487553330869753,0.5307891289011336
14.049114791547684,4.229515906876743,10.420935935767794,-0.6013370510968519
19.817247287264426,6.757483118890045,12.135922330097088,0.9238418382772878
9.994288977727008,1.9954983706789402,7.1253401417677305,0.8734504652803442
12.27869788692176,3.3863002653945644,8.388483891557765,0.5039137299694296
10.45117075956596,2.1164376658716026,7.699801793932879,0.6349312997614812
9.251856082238715,1.357207646050996,6.755803406456815,1.1388450297309096
20.616790405482586,6.786038230254982,12.829643565021668,1.0011086102059332
9.48029697315819,3.003325830617798,6.990963147109215,-0.5139920045688172
26.213592233009717,10.083313736688277,14.138139550508953,1.9921389458124774
23.12964020559681,8.089495078442567,14.623576443712842,0.4165686834413953
11.422044545973725,2.1164376658716035,9.12419793731313,0.181408942788995
15.762421473443753,3.5609903584506326,11.270870426982901,0.9305606880102124
23.814962878355235,9.226660395740248,14.930963818994185,-0.34266133637921126
14.734437464306117,4.90644001746901,10.412537373601637,-0.5845399267645377
20.61679040548259,8.113011052507812,14.405213827392746,-1.9014344744179787
9.480296973158191,1.6830718580978945,7.683004669600566,0.11422044545973764
10.736721873215304,1.106930493499513,7.627574159303932,2.0022172204118656
13.706453455168475,4.242953606342594,10.121947122652601,-0.658447273826721
12.27869788692176,3.441730775691201,8.326334531528202,0.5106325797023554
12.450028555111365,3.0419592165821205,9.750730674908457,-0.3426613363792117
5.311250713877783,0.030234823798165784,4.494910471327308,0.7861054187523094
9.880068532267272,1.1825175529949274,7.263076561292709,1.4344744179796423
8.737864077669899,1.7922531662579368,7.247959149393622,-0.3023482379816578
12.450028555111365,2.726173279134612,8.91087445829274,0.8129808176840122
15.762421473443748,5.9529008633721885,10.535156381227534,-0.7256357711559773
11.136493432324386,2.6153122585413375,7.237880874794237,1.2833002989888134
19.24614505996574,7.2328417374945415,11.227197903718888,0.7861054187523097
32.381496287835525,12.911949474250008,19.48634393791782,-0.016797124332313538
14.049114791547689,4.039708401921591,10.882856854906446,-0.8734504652803434
11.936036550542548,2.267611784862431,8.448953539154097,1.219471226526019
15.305539691604801,4.328618940437396,11.195283367487484,-0.21836261632008563
34.15191319246146,13.363792118789267,17.438774481808718,3.349346591863475
17.761279268989156,6.171263479692278,12.11744549333154,-0.527429704034669
10.051399200456878,1.7032284072966708,7.081667618503713,1.266503174656499
11.821816105082807,2.517888937413915,9.62643195484933,-0.3225047871804336
11.993146773272418,2.7278529915678433,8.811771424732084,0.45352235697248633
14.848657909765851,4.110256324117311,9.911983068498671,0.826418517149864
15.305539691604798,4.1169751738502365,10.493163570396744,0.6954009473578129
28.954882924043414,10.18745590754863,16.237780092048236,2.5296469244465354
11.99314677327241,3.4669264621896736,8.448953539154095,0.07726677192864576
12.678469446030839,2.8219168878288046,8.146605301172437,1.7099472570295962
19.58880639634495,6.503846541472102,12.319010985319313,0.7659488695535335
5.139920045688177,-0.22844089091947478,4.017872140289582,1.3504887963180705
9.308966304968587,1.9064736117176744,8.047502267611785,-0.6450095743608698
12.906910336950313,2.620351395841032,8.40864044075654,1.8779185003527394
11.193603655054252,4.200960795511809,8.28266200826418,-1.2900191487217383
14.791547687035981,3.737360163939934,10.2445661302785,0.8096213928175496
22.958309537407192,8.200356099035846,12.450028555111365,2.307924883259987
15.762421473443746,5.03577787482783,10.696408774817755,0.03023482379816635
15.019988577955454,4.809016696341586,10.926529378170459,-0.7155574965565892
19.36036550542547,4.392448012900192,12.182954278227573,2.784963214297713
11.536264991433466,1.9518258474149228,9.527328921288678,0.057110222729869056
17.418617932609937,6.125911243995027,11.961232237041028,-0.6685255484261093
7.481439177612789,1.0011086102059332,6.66509893506232,-0.184768367655457
9.937178754997138,2.1013202539725198,7.792185977760608,0.04367252326401751
9.023415191319241,2.020694057177411,7.03967480767293,-0.03695367353109103
13.478012564249001,4.148889710081636,9.003258642120471,0.32586421204689775
16.390633923472308,6.077199583431316,11.539624416299931,-1.226190076258944
7.481439177612791,1.439513555279336,5.292773877112239,0.7491517452212184
29.12621359223301,11.962911949474247,17.919172237712896,-0.7558705949541423
12.735579668760703,3.517317835186616,8.778177176067459,0.44008465750663556
14.334665905197031,4.258071018241677,9.602915980784092,0.47367890617126385
7.081667618503711,0.10918130816004343,5.783249907615819,1.1892364027278537
17.018846373500857,5.1130446467564745,12.06033527060167,-0.15453354385729165
14.620217018846368,3.789431249370107,10.447811334699502,0.382974434776767
11.593375214163332,2.438942453052037,9.295528605502739,-0.14109584439144013
12.621359223300967,4.340376927470016,9.796082910605703,-1.5151006147747503
16.904625928041117,4.437800248597438,10.377263412503781,2.0895622669399
12.221587664191894,3.0016461181845666,8.114690764941045,1.1052507810662817
11.19360365505425,2.694258742903216,9.47021869855881,-0.9708737864077661
13.420902341519124,4.943393691000102,10.436053347666883,-1.958544697147848
15.87664191890348,5.408674035005209,9.829677159270334,0.6382907246279449
21.01656196459166,6.940571774112273,14.351463029529338,-0.275472839049954
12.45002855511136,3.260321832902208,9.559243457520072,-0.3695367353109143
16.790405482581388,5.200389693284511,11.506030167635302,0.08398562166157164
11.878926327812678,2.978130144119327,8.195316961736152,0.7054792219572007
12.906910336950313,2.5061309503812956,10.383982262236707,0.016797124332314357
13.021130782410047,2.4725367017166664,9.869990257667888,0.6786038230254989
14.3917761279269,3.927167668895088,11.841972654281589,-1.3773641952497726
11.479154768703593,2.358316256256929,6.920415224913496,2.2004232875331753
11.307824100513995,3.010044680350724,7.229482312628077,1.0682971075351904
11.19360365505425,1.578929687237545,9.335841703900297,0.2788322639164175
16.33352370074244,5.450666845835994,11.729431921255081,-0.8465750663486404
16.50485436893204,4.483152484294688,10.792152383511942,1.229549501125408
19.87435750999429,6.977525447643364,12.322370410185771,0.57446165216515
10.451170759565958,2.284408909194746,7.951758658917593,0.21500319145362357
11.878926327812675,2.759767527799241,8.585010246245846,0.5341485537675955
30.55396916047973,12.493701078375382,16.37719622400645,1.6830718580978945
25.985151342090237,9.935499042563915,14.65885040481069,1.390801894715626
10.336950314106222,2.6136325461081067,8.48926663755165,-0.7659488695535321
8.909194745859503,0.35273961097860074,6.453455168475156,2.102999966405752
9.651627641347797,3.1309839755433853,6.994322571975677,-0.473678906171263
10.679611650485432,1.8762387879195077,8.826888836631168,-0.023515974065239854
13.99200456881782,4.113615748983776,9.646588504048108,0.23180031578593788
9.880068532267275,2.53636577417946,7.756912016662749,-0.4132092585749316
28.669331810394056,11.564820102798405,17.000369536735313,0.10414217086035
17.018846373500857,4.211039070111198,10.47300702119797,2.33480028219169
18.275271273557973,5.445627708536298,13.222696274397823,-0.3930527093761543
22.215876641918907,6.948970336278427,12.135922330097092,3.1309839755433884
10.793832095945172,3.0889911647126014,7.876171599422181,-0.1713306681896056
18.903483723586525,5.8050861692478275,12.745657943360094,0.35273961097860085
10.279840091376352,3.3695031410622507,8.274263446098029,-1.3639264957839212
10.108509423186744,2.7144152921019913,7.481439177612793,-0.08734504652803388
13.877784123358085,3.174656498807405,9.792723485739241,0.910404138811436
11.022272986864646,1.6713138710652742,8.924312157758594,0.4266469580407841
14.448886350656768,4.0296301273222035,11.484193906003293,-1.0649376826687265
9.423186750428323,1.0246245842711728,7.367218732153056,1.0313434340040988
9.937178754997138,1.711626969462828,7.043034232539389,1.1825175529949274
10.108509423186746,2.8084791883629525,8.375046192091913,-1.0750159572681153
8.280982295830949,0.9540766620754527,6.39970437061175,0.9272012631437495
14.677327241576243,4.597372929754427,10.34870830113884,-0.2687539893170287
12.50713877784123,4.031309839755434,9.604595693217323,-1.128766755131521
13.363792118789267,3.3946988275607235,9.599556555917626,0.3695367353109148
11.878926327812678,4.063224375986832,9.297208317935969,-1.4815063661101224
17.70416904625928,5.687506298921625,11.710955084489536,0.30570766284812045
23.01541976013707,8.59172909597877,15.488628346827019,-1.064937682668727
25.47115933752142,9.268653206571033,16.007659488695534,0.19484664225484633
10.165619645916612,3.451809050290591,8.366647629925755,-1.652837034299728
7.709880068532264,0.9691940739745354,6.495447979305942,0.24523801525178943
18.732153055396918,6.698693183726946,13.474653139382534,-1.4411932677125676
17.87549971444889,5.687506298921624,11.949474250008404,0.23851916551886318
7.8812107367218704,0.873450465280344,6.698693183726944,0.3090670877145835
15.990862364363226,4.426042261564822,11.000436725232642,0.564383377565761
13.535122786978873,3.3409480296973157,8.621963919776933,1.5722108375046189
13.535122786978873,2.4305438908858803,9.955655591762694,1.1489233043303002
8.338092518560819,2.4977323882151374,6.438337756576074,-0.5979776262303891
7.9383209594517385,2.2474552356636543,6.255249101353848,-0.5643833775657614
12.221587664191887,2.1886653005005545,9.713777001377366,0.31914536231397195
23.243860651056547,8.637081331676024,14.170054086740345,0.43672523264017304
16.50485436893204,4.607451204353813,10.986999025766787,0.9104041388114358
13.592233009708737,2.9831692814190203,9.695300164611819,0.9137635636778995
8.452312964020559,1.0481405583364127,7.098464742836031,0.3057076628481207
12.278697886921757,2.386871367621863,8.487586925118418,1.4042395941814765
10.67961165048543,2.6673833439715118,8.674035005207108,-0.6618066986931838
17.818389491719017,5.993213961769745,11.59001578929687,0.23515974065239997
11.821816105082808,2.37175395572278,9.577720294285621,-0.12765814492558808
15.76242147344375,4.730070211979709,9.984210703127626,1.0481405583364132
12.16447744146202,2.6119528336748754,8.131487889273359,1.421036718513791
17.532838378069673,6.139348943460881,12.663352034131748,-1.2698625995229615
18.446601941747574,6.3879463835791315,13.419222629085898,-1.360567070917458
21.245002855511142,7.541908825209124,13.924816071488564,-0.22172204118654887
11.422044545973728,3.204891322605571,9.140995061645446,-0.9238418382772864
14.677327241576243,4.33365807773709,10.135384822118452,0.2082843417206975
21.816105082809827,8.118050189807503,13.798837638996202,-0.10078274599388512
18.732153055396925,5.598481539960357,12.34420667181778,0.789464843618773
9.251856082238715,1.8661605133201202,8.09789364060873,-0.7121980716901261
20.445459737292985,7.1505358282662,12.972419121846336,0.32250478718043535
10.165619645916614,1.6545167467329596,7.580542211173445,0.9305606880102131
13.478012564249,4.20096079551181,9.468538986125575,-0.1914872173883828
12.906910336950313,3.7491181509725537,9.947257029596532,-0.7894648436187724
14.962878355225586,5.060973561326302,10.879497430039976,-0.9775926361406931
13.59223300970874,3.3913394026942596,10.533476668794302,-0.33258306177982316
16.047972587093085,4.562098968656565,9.974132428528238,1.511741189908289
15.077098800685327,3.6248194309134267,9.923741055531297,1.5285383142406024
7.195888063963445,0.6147747505627035,5.919306614707563,0.6618066986931839
12.564249000571104,2.0156549198777167,9.644908791614874,0.9036852890785104
18.617932609937185,6.745725131857425,12.984177108878956,-1.1119696307992066
8.794974300399767,0.8012228306513922,6.754123694023586,1.239627775724796
10.79383209594517,2.926059058689152,7.649410420935936,0.2183626163200863
14.848657909765851,4.7468673363120235,10.088352873987976,0.01343769946585229
16.3906339234723,5.692545436221318,10.761917559713776,-0.06382907246279382
15.648201027984012,4.093459199784998,11.652165149326432,-0.09742332112742264
13.363792118789263,3.7575167131387115,10.341989451405919,-0.7357140457553665
8.737864077669899,1.2900191487217387,6.786038230254979,0.6618066986931848
5.939463163906338,0.7071589343904325,5.339805825242719,-0.10750159572681127
18.27527127355797,6.119192394262101,12.606241811401889,-0.450162932106023
11.93603655054255,2.015654919877717,8.640440756542482,1.2799408741223512
10.736721873215302,2.9630127322202444,7.965196358383444,-0.19148721738838276
20.78812107367219,7.3789767191856805,14.030637954782138,-0.621493600295629
21.187892632781274,7.100144455269259,14.249000571102224,-0.16125239359021729
11.993146773272416,2.9546141700540876,9.397991063929856,-0.35945846071152576
8.852084523129637,0.6534081365270266,7.745154029630127,0.45352235697248694
10.45117075956596,1.6074847986024794,8.107971915208118,0.7357140457553673
6.796116504854366,0.3208250747472034,5.850438404945076,0.6248530251620924
14.62021701884637,3.393019115127491,9.137635636778981,2.0895622669399
25.3569388920617,9.149393623811603,14.78986797460275,1.4176772936473288
13.53512278697887,3.0923505895790617,11.386770584875869,-0.9439983874760636
15.591090805254142,4.325259515570934,11.175126818288712,0.09070447139449747
10.67961165048543,2.5733194477105523,7.562065374407902,0.5442268283669837
11.593375214163332,2.7496892531998522,8.749622064702521,0.09406389626096066
9.308966304968584,1.800651728424094,7.652769845802396,-0.1444552692579028
22.901199314677328,8.091174790875803,12.619679510867737,2.190345012933786
10.279840091376348,1.2849800114220442,8.880639634494571,0.11422044545973782
10.45117075956596,2.1399536399368433,7.464642053280481,0.8465750663486415
12.678469446030842,2.6388282326065773,7.67460610743441,2.365035105989855
16.961736150771,3.094030302012295,11.146571706923776,2.7211341418349164
23.300970873786415,8.931031007491518,15.817851983740383,-1.4479121174454914
26.042261564820127,9.834716296570024,13.805556488729133,2.4019887795209462
8.966304968589371,2.4523801525178888,6.970806597910438,-0.4568817818389494
14.334665905197026,4.113615748983774,9.169550173010377,1.0514999832028766
9.651627641347796,1.5218194645076768,8.351530218026674,-0.22172204118654898
10.679611650485434,1.619242785635099,8.314576544495585,0.7457923203547555
17.01884637350086,5.915947189841099,13.135351227869796,-2.032452044210031
11.593375214163334,1.9669432593140048,8.773138038767764,0.8532939160815676
28.212450028555118,10.556992642859544,15.821211408606851,1.8342459770887232
14.334665905197035,3.6735310914771393,9.918701918231603,0.7424328954882918
13.649343232438605,3.7759935499042556,10.179057345382471,-0.3057076628481199
19.131924614505998,6.809554204320219,11.452279369771896,0.8700910404138816
18.44660194174758,5.889071790909397,11.46235764437128,1.0951725064668936
14.734437464306112,4.42604226156482,10.93996707763631,-0.6315718748950178
11.136493432324379,1.7603386300265391,8.180199549837068,1.1959552524607782
13.078241005139924,4.273188430140761,9.450062149360027,-0.6450095743608691
16.047972587093096,5.191991131118351,11.104578896092988,-0.24859744011825152
9.937178754997138,2.517888937413915,7.5771827863069845,-0.15789296872375422
14.734437464306112,4.832532670406826,11.413645983807566,-1.5117411899082869
14.962878355225586,4.2379144690429005,10.587227466657705,0.13773641952497756
26.727584237578522,9.006618066986933,14.704202640507944,3.016763530083652
29.811536264991446,11.759666745053247,18.6565659959015,-0.6046964759633148
9.880068532267272,2.6253905331407266,7.143816978533276,0.11086102059327423
13.53512278697887,3.0604360533476664,9.97077300366177,0.5039137299694303
5.539691604797258,-0.5190311418685118,5.652232337823765,0.40649040884200643
11.707595659623072,3.5626700708838643,7.325225921322268,0.8196996674169382
11.936036550542543,3.586186044949104,9.41478818826217,-1.0649376826687271
9.023415191319243,0.3846541472099977,7.0396748076729265,1.5990862364363219
4.5688178183894905,-0.19652635468807703,4.681358551415998,0.0839856216615713
17.58994860079955,5.840360130345685,11.191923942621026,0.5576645278328349
19.76013706453456,6.70205260859341,13.202539725199046,-0.14445526925790264
8.28098229583095,0.6634864111264153,5.494339369100011,2.1231565156045287
12.964020559680183,3.3375886048308514,9.371115664998156,0.2553162898511777
7.538549400342658,0.7189169214230524,5.962979137971579,0.8566533409480301
10.565391205025696,2.8118386132294155,8.88231934692781,-1.128766755131522
21.13078241005141,4.763664460644336,12.016662747337659,4.350455202069407
14.848657909765855,3.7843921120704134,10.916451103571069,0.1478146941243665
10.90805254140491,2.5666005979776263,8.956226693989992,-0.6147747505627033
8.109651627641345,1.6897907078308196,6.6046292874659835,-0.1847683676554571
11.136493432324379,2.3835119427554,8.534618873248904,0.2183626163200866
21.930325528269563,8.284341720697414,14.482480599321397,-0.8364967917492523
16.676185037121645,4.306782678805388,11.623610037961498,0.7457923203547562
11.364934323243858,2.9277387711223835,9.972452716095004,-1.5352571639735269
15.13420902341519,3.9305270937615475,11.028991836597578,0.17469009305606972
22.615648201027998,7.89800786105419,14.969597204958502,-0.2519568649847144
20.33123929183325,7.308428796989955,14.175093224040044,-1.1522827291967614
25.64249000571102,10.780394396479325,15.040145127154235,-0.17804951792253118
18.275271273557966,6.132630093727958,13.75516511573218,-1.6125239359021735
7.766990291262132,1.2245103638257127,5.558168441562805,0.9843114858736188
10.622501427755566,1.590687674270165,7.600698760372224,1.4311149931131795
12.278697886921762,2.578358585010246,9.744011825175528,-0.04367252326401702
20.502569960022846,6.9304934995128855,13.219336849531352,0.35273961097860057
16.447744146202172,5.810125306547522,12.216548526892195,-1.578929687237544
18.33238149628784,5.235663654382369,11.840292941848348,1.2564249000571108
25.01427755568246,8.418718715355931,14.747875163771958,1.8476836765545739
9.308966304968585,1.9921389458124772,8.029025430846241,-0.7121980716901262
24.671616219303264,9.376154802297847,13.27980649712769,2.0156549198777176
11.821816105082808,3.3577451540296304,8.64547989384217,-0.18140894278899433
13.82067390062821,3.836463197500589,10.02452380152518,-0.04031309839755422
17.76127926898915,5.652232337823762,12.68014915846407,-0.5711022272986858
12.221587664191892,3.4921221486881446,8.48758692511842,0.24187859038532636
15.077098800685327,4.058185238687136,10.73000302348238,0.2889105385158071
10.394060536836088,2.1937044378002484,7.971915208116371,0.22844089091947464
16.790405482581384,5.976416837437432,12.83972183962106,-2.025733194477105
15.248429468874935,4.256391305808444,10.22608929351295,0.7659488695535329
26.784694460308405,9.127557362179596,16.078207410891252,1.5789296872375458
18.446601941747588,5.462424832868613,12.85651896395337,0.12765814492558916
23.81496287835523,8.51446232405012,16.002620351395848,-0.7021197970907377
19.24614505996574,6.332515873282495,13.118554103537473,-0.2049249168542342
26.841804683038262,10.429334497933954,15.643161890684317,0.7693082944199962
10.679611650485432,1.5604528504719994,7.7485134544965915,1.3706453455168477
15.305539691604798,3.5660294957503265,11.423724258406958,0.31578593744750916
11.707595659623074,2.151711626969463,8.786575738233612,0.7693082944199956
10.222729868646484,1.6763530083649685,7.605737897671921,0.9406389626096012
19.131924614505994,7.399133268384456,14.161655524574192,-2.4288641784526495
23.129640205596807,8.381765041824838,14.73779688917257,0.010078274599388825
10.222729868646487,1.7166661067625217,8.008868881647466,0.49719488023650393
17.87549971444889,5.875634091443545,10.773675546746396,1.226190076258946
24.785836664762993,9.869990257667887,14.274196257600703,0.6416501494944068
19.703026841804682,6.834749890818692,14.070951053179698,-1.2026741021937046
