joint_change,dry_marginal,hot_marginal,excess_joint
17.364253393665162,5.4830982166622295,11.422012243811553,0.4591429331913762
12.047511312217189,6.672544583444237,8.309488953952622,-2.9345222251796645
24.377828054298654,10.578586638275222,13.004059089699224,0.795182326324195
28.28054298642534,11.882818738355077,18.161099281341485,-1.7633750332712248
37.78280542986424,16.625632153313816,20.77122704285334,0.38594623369710057
24.547511312217214,12.689645994144266,15.338035666755395,-3.4801703486824587
21.606334841628957,8.868445568272556,12.025885014639345,0.7120042587170635
32.183257918552044,16.208078253926004,18.067939845621506,-2.092760180995474
21.210407239819002,7.449427734894865,12.233830183657174,1.5271493212669698
14.196832579185518,6.444636678200693,10.094490284801704,-2.342294383816874
32.352941176470594,12.806095288794255,16.79864253393665,2.7482033537396897
14.59276018099548,5.799174873569337,8.906707479371839,-0.11312217194570051
16.0633484162896,8.174740484429067,9.725179664626033,-1.8365717327655038
15.271493212669686,5.2967793452222525,8.583976577056161,1.3907372903912694
32.748868778280546,14.399787064146922,15.810487090763909,2.5385946233697108
27.828054298642538,15.031940377961142,15.321400053233962,-2.5252861325525684
37.443438914027155,15.878693106201753,21.395062549906832,0.16968325791855404
14.196832579185521,5.712669683257918,9.256055363321801,-0.7718924673941968
22.737556561085988,10.382286398722384,10.072863987223844,2.28240617513974
21.832579185520366,9.282672344956085,15.118445568272556,-2.5685387277082774
18.325791855203626,8.688780942241145,10.502062816076652,-0.8650519031141861
19.287330316742086,8.094889539526218,13.05230236891137,-1.8598615916955015
26.13122171945703,10.300771892467388,16.805296779345213,-0.9748469523556018
36.42533936651584,18.90471120574927,20.115783870109126,-2.595155709342559
14.083710407239817,4.82100079850945,9.292653713068937,-0.02994410433856837
34.67194570135747,17.25445834442375,21.14719190843758,-3.72970455150386
25.678733031674216,10.606867181261642,12.86598349747138,2.205882352941177
13.34841628959276,5.539659302635082,7.2531274953420235,0.555629491615651
25.791855203619914,12.880955549640671,16.001796646260317,-3.0908969922810745
23.699095022624444,8.276217726909767,12.697963800904976,2.7249134948096887
14.083710407239817,6.093625232898588,8.655509715198296,-0.6654245408570664
33.88009049773756,16.47591163162097,18.139472983763646,-0.7352941176470572
23.416289592760183,9.51390737290391,13.87909236092627,0.023289858929997173
24.604072398190052,9.107998402981101,13.616249667287729,1.879824327921215
14.479638009049776,6.680862390204955,6.577721586372107,1.2210540324727173
6.052036199095023,3.0709342560553616,5.330050572265102,-2.3489486292254456
37.330316742081436,14.925472451424012,21.083976577056152,1.320867713601279
17.25113122171946,7.184921479904178,10.55196965664094,-0.485759914825658
18.49547511312218,7.7521959009848285,10.653446899121642,0.08983231301570407
14.93212669683258,7.25146393398989,11.570069204152254,-3.889406441309554
19.796380090497735,7.9867580516369445,11.18745009315944,0.6221719457013577
16.346153846153847,7.156640936917754,9.159568804897521,0.029944104338567305
16.4027149321267,8.371040723981901,11.142533936651581,-3.1108597285067847
23.416289592760183,9.750133084908168,13.716063348416288,-0.04990684056427887
20.475113122171948,6.858863454884217,11.207412829385145,2.408836837902582
18.66515837104073,9.893199361192442,10.265837104072396,-1.4938780942241143
23.86877828054299,9.583776949693902,14.314945435187648,-0.02994410433856743
28.56334841628959,13.601277615118445,17.67034868245941,-2.708277881288264
23.585972850678736,10.3673143465531,10.57026883151451,2.6483896726111267
24.886877828054292,10.014639339898853,15.800505722651044,-0.9282672344956046
14.70588235294118,6.454618046313549,6.694170881022093,1.5570934256055369
15.101809954751133,7.021892467394199,7.244809688581315,0.8351077987756192
27.48868778280543,11.377096087303695,15.006986957678992,1.1046047378227322
28.28054298642534,10.162696300239556,17.75519031141868,0.36265637476710183
25.565610859728512,11.80795847750865,13.461538461538456,0.2961139206813957
30.429864253393664,14.494610061219067,17.851676869842958,-1.9164226776683504
25.678733031674216,9.858264572797443,16.219723183391,-0.39925472451423893
17.024886877828063,7.986758051636945,10.325725312749528,-1.287596486558423
34.276018099547514,14.476310886345498,15.68405642800106,4.115650785200955
22.794117647058826,9.089699228107532,13.07226510513708,0.6321533138142136
20.588235294117656,9.290990151716796,11.629957412829391,-0.3327122704285325
36.42533936651584,15.53433590630823,23.060287463401647,-2.1692840031940372
21.945701357466056,10.006321533138145,14.527881288261913,-2.588501463933988
29.1289592760181,10.430529677934524,15.081847218525418,3.61658237955816
5.995475113122172,4.286997604471655,5.235227575192973,-3.526750066542455
32.29638009049774,13.880755922278418,16.994942773489477,1.42068139472984
45.361990950226236,23.09688581314879,27.378892733564008,-5.113787596486559
19.626696832579192,7.632419483630556,12.742879957412828,-0.7486026084641993
36.53846153846154,15.679065743944639,20.76956348150119,0.0898323130157055
25.113122171945694,11.852874634016503,14.328253926004786,-1.0680063880755917
15.837104072398192,7.006920415224911,7.073462869310618,1.7567207878626567
37.78280542986425,17.390870375299436,21.449960074527553,-1.0580250199627357
17.760180995475118,5.985493745009316,10.93292520628162,0.8417620441841905
27.828054298642535,13.107199893532071,18.590298110194304,-3.869443705083841
16.91176470588235,8.041655576257654,10.816475911631624,-1.9463667820069204
20.19230769230771,9.512243811551768,12.363587969124298,-1.6835240883683773
32.18325791855204,13.642866648922007,18.616915091828584,-0.07652382219856077
22.171945701357465,11.403713068937979,12.608131487889267,-1.8398988554697904
18.891402714932134,9.696899121639603,11.483564013840827,-2.289060420548309
44.68325791855204,21.268631887143997,24.519230769230756,-1.1046047378227293
43.947963800905,17.58717061485227,26.054697897258443,0.3060952887942522
21.04072398190046,6.60600212935853,11.596686185786533,2.838035666755389
8.880090497737553,4.300306095288795,8.242946499866914,-3.663162097418154
26.300904977375566,10.420548309821665,14.013840830449825,1.8665158371040724
18.26923076923077,7.830383284535534,10.538661165823795,-0.09981368112855907
8.993212669683254,4.649653979238755,6.153513441575725,-1.809954751131222
15.950226244343895,6.3514772424807,6.920415224913493,2.6783337769496933
28.280542986425342,11.453619909502265,14.24840298110194,2.5785200958211343
33.48416289592758,15.452821400053232,22.020561618312474,-3.989220122438113
18.89140271493213,7.314679265371304,13.366715464466331,-1.7899920149055089
41.459276018099544,17.22784136278946,22.05549640670747,2.1759382486026095
35.80316742081448,16.028413627894594,18.114519563481494,1.6602342294383825
33.20135746606336,13.569669949427746,20.2671679531541,-0.6354804365184984
21.77601809954751,10.209276018099548,13.117181261644927,-1.5504391801969655
19.004524886877828,8.23961937716263,8.708743678466861,2.0561618312483363
33.993212669683274,14.662629757785464,16.84854937450093,2.4820335373968616
27.545248868778284,11.31887143997871,16.589033803566668,-0.3626563747670998
43.04298642533935,21.536465264838967,24.28134149587436,-2.774820335373967
20.701357466063364,8.813548043651851,14.110327388874099,-2.2225179664626027
15.384615384615387,6.042054830982167,8.597285067873303,0.7452754857599158
19.796380090497742,7.264772424807027,10.714998669150921,1.8166089965397916
25.9049773755656,8.159768432259783,16.24134948096885,1.5038594623369725
25.565610859728515,10.302435453819534,16.650585573595954,-1.387410167686983
12.952488687782802,4.162230503060954,7.605802501996272,1.1844556827255792
28.95927601809955,13.212004258717059,14.54285334043119,1.204418418951292
17.533936651583712,5.554631354804367,10.382286398722382,1.597018898056962
13.857466063348415,5.060553633217996,10.194303965930267,-1.3973915357998397
18.156108597285062,7.0035932925206295,11.149188182060158,0.003327122704285432
24.15158371040724,10.247537929198831,15.690710673409637,-1.7866648922012243
28.054298642533947,10.651783337769503,16.281274953420287,1.1212403513441582
11.085972850678733,5.9638674474314595,7.8703087569869545,-2.748203353739686
19.06108597285068,8.209675272824061,12.924208144796381,-2.072797444769763
16.685520361990953,6.69417088102209,10.390604205483099,-0.3992547245142393
6.957013574660631,3.834508916688847,4.925805163694434,-1.8033005057226517
38.744343891402714,18.555363321799312,22.161964333244605,-1.9729837636412006
18.77828054298643,7.775485759914828,9.831647591163163,1.1711471919084377
29.977375565610842,13.251929731168486,18.82486026084641,-2.0994144264040466
41.57239819004526,21.41668884748469,24.321266968325787,-4.165557625765235
21.380090497737562,9.103007718924674,14.995342028213996,-2.7182592494011164
32.239819004524904,12.49001863188715,17.663694437050832,2.086105935586906
21.94570135746607,11.004458344423748,13.919017833377696,-2.977774820335374
11.934389140271499,5.521360127761512,7.740550971519828,-1.327521959009848
16.685520361990953,6.9154245408570665,9.743478839499604,0.026616981634282923
16.233031674208153,9.946433324461008,9.407439446366784,-3.120841096619643
18.26923076923077,9.881554431727446,12.626430662762848,-4.238754325259515
31.447963800904976,13.043984562150653,18.107865318072925,0.2961139206813954
26.414027149321267,10.02961139206814,15.825459142933182,0.558956614319936
15.158371040723987,4.283670481767367,9.600412563215333,1.2742879957412834
19.513574660633488,8.006720787862658,9.826656907106733,1.6801969656640936
31.787330316742086,15.041921746073989,17.690311418685123,-0.944902848017033
21.776018099547514,9.821666223050302,12.736225712004263,-0.7818738355070529
17.47737556561086,8.936651583710411,11.485227575192978,-2.9445035932925196
27.714932126696834,12.12403513441576,15.258184721852539,0.33271227042853374
30.599547511312213,14.491282938514773,17.089765770561616,-0.9815011977641732
13.122171945701364,6.820601543784936,8.05829118977908,-1.7567207878626556
24.03846153846154,8.266236358796913,11.174141602342292,4.598083577322332
25.113122171945715,9.18951290923609,13.977242480702683,1.946366782006923
30.03393665158371,11.466928400319405,19.318937982432793,-0.7519297311684849
9.954751131221713,5.02894596752728,8.116515837104071,-3.190710673409637
24.151583710407245,10.392267766835241,11.353806228373706,2.405509715198298
14.083710407239819,5.419882885280809,5.81913760979505,2.8446899121639593
23.416289592760187,10.252528613255254,14.384815011977649,-1.2210540324727175
36.19909502262443,16.805296779345223,21.9822997072132,-2.588501463933989
14.649321266968327,4.919150918285867,9.946433324461006,-0.21626297577854625
19.626696832579192,8.530742613787597,12.177269097684315,-1.0813148788927338
19.11764705882354,7.875299441043386,12.140670747937186,-0.8983231301570405
36.142533936651596,15.434522225179666,17.397524620708015,3.3104870907639095
37.66968325791854,16.941708810220913,22.245142400851737,-1.5171679531541118
24.830316742081454,7.92187915890338,15.261511844556818,1.6469257386212408
23.86877828054299,9.1196433324461,11.338834176204422,3.4103007718924703
12.839366515837098,4.2054830982166616,7.9984029811019415,0.6354804365184987
24.151583710407255,10.71998935320735,15.404578120841096,-1.9729837636412042
16.00678733031674,6.2749534202821415,10.856401384083041,-1.124567474048442
16.968325791855204,8.138142134681924,8.627229172211868,0.20295448496140608
15.72398190045249,6.564413095554965,7.582512643066279,1.5770561618312486
28.95927601809955,9.745142400851742,14.928799574128288,4.285334043119512
30.599547511312224,12.441775352675014,18.966262975778548,-0.8084908171413354
22.28506787330317,10.909635347351617,12.819403779611399,-1.4439712536598337
15.667420814479641,7.6440644130955535,9.633683790258186,-1.6103273888741017
42.36425339366515,18.279212137343624,24.26470588235293,-0.17966462603140715
12.2737556561086,6.076989619377162,9.074727175938248,-2.877961139206813
22.398190045248864,7.923542720255524,14.48795581581049,-0.013308490817140532
23.86877828054298,8.269563481501198,13.822531274953416,1.7766835240883692
37.44343891402714,19.565145062549906,21.967327655043906,-4.0890338035666725
35.23755656108596,15.093492147990405,22.053832845355334,-1.9097684322597814
15.441176470588239,5.96885813148789,8.237955815810485,1.2343625232898592
23.472850678733042,7.822065477774819,13.890737290391273,1.7600479105669427
28.33710407239818,10.340697364918821,17.44077721586371,0.5556294916156527
31.221719457013588,10.901317540590895,18.716728772957143,1.6036731434655325
21.49321266968326,11.298908703752996,14.057093425605531,-3.8627894596752728
24.773755656108605,11.427002927867978,14.56780676071334,-1.2210540324727164
19.9660633484163,6.047045515038594,11.600013308490823,2.319004524886878
36.255656108597286,13.977242480702692,21.469922810753264,0.8084908171413365
31.843891402714934,13.090564280010646,17.795115783870106,0.958211338834177
40.667420814479634,16.831913760979504,21.59968059622038,2.235826457279746
16.459276018099544,7.85367314346553,9.304298642533935,-0.6986957678999197
26.583710407239817,12.33863454884216,13.529744476976317,0.7153313814213471
24.547511312217203,10.405576257652381,16.06501197764174,-1.9230769230769218
20.757918552036205,8.964932126696834,12.757852009582116,-0.9648655842427457
30.65610859728508,13.529744476976314,19.076058025019957,-1.949693904711204
16.855203619909506,7.471054032472718,9.3808224647325,0.0033271227042859144
21.71945701357466,9.217793452222518,14.594423742347617,-2.0927601809954735
30.486425339366505,11.977641735427198,15.298110194303964,3.210673409635348
25.000000000000014,10.447165291455946,12.786132552568539,1.766702155975513
30.656108597285087,11.061019430396595,16.92340963534735,2.671679531541124
19.909502262443446,6.843891402714932,11.764705882352947,1.3009049773755663
35.237556561085974,14.52455416555762,18.676803300505718,2.0361990950226265
26.35746606334842,8.081581048709076,16.11325525685386,2.1626297577854685
12.5,5.815810487090762,8.946632951823263,-2.2624434389140258
23.416289592760172,11.51517167953154,13.860793186052701,-1.9596752728240614
22.39819004524888,8.895062549906838,13.273556028746343,0.22957146659568994
25.11312217194571,11.764705882352938,12.846020761245684,0.5023955283470869
25.056561085972852,9.558823529411764,15.973516103273882,-0.47577854671280206
25.000000000000004,10.655110460473784,13.143798243279216,1.2010912962470057
19.45701357466064,10.61518498802236,13.775951557093425,-4.93412297045515
43.43891402714933,19.813015704019165,24.88022358264572,-1.2543252595155703
16.57239819004525,8.035001330849083,11.365451157838711,-2.8280542986425337
13.122171945701364,6.752395528347083,8.4958078253926,-2.1260314080383282
26.52714932126696,11.493545381953687,15.845421879158895,-0.8118179398456206
19.45701357466064,7.579185520361991,12.486691509182858,-0.6088634548842162
35.97285067873307,16.53413627894596,20.207279744476978,-0.7685653446899102
22.28506787330317,10.75159701889806,15.852076124567471,-4.318605270162363
19.513574660633488,8.267899920149054,11.774687250465796,-0.5290125099813675
29.411764705882373,12.152315677402177,15.326390737290389,1.9330582911897791
35.46380090497737,14.494610061219058,19.458677136012767,1.5105137077455444
29.6945701357466,13.110527016236356,14.314945435187648,2.2690976843225985
26.92307692307693,11.031075326058026,16.773689113654513,-0.8816875166356125
23.925339366515843,9.600412563215336,12.741216396060683,1.583710407239819
25.565610859728515,10.561951024753794,16.437649720521684,-1.433989885546977
20.30542986425339,9.64865584242747,12.875964865584239,-2.2191908437583185
17.816742081447963,6.389739153579983,10.176004791056696,1.2509981368112855
26.131221719457024,10.884681927069469,13.556361458610594,1.690178333776951
22.115384615384617,8.753659834974714,12.935853074261384,0.4258717061485238
27.262443438914033,12.636412030875704,18.325791855203615,-3.69976044716529
31.674208144796374,13.414958743678472,19.726510513707748,-1.4672611125898316
31.334841628959268,14.020495075858397,19.859595421879153,-2.5452488687782786
26.131221719457013,9.843292520628161,15.26982965131754,1.0180995475113137
34.84162895927601,13.947298376364122,19.240750598882077,1.6535799840298124
20.135746606334845,11.373768964599414,14.188514772424803,-5.426537130689381
17.816742081447963,8.287862656374765,11.099281341495878,-1.5704019164226786
19.57013574660634,7.720588235294117,11.583377694969395,0.2661698163428278
22.90723981900453,8.73702422145329,13.434921479904183,0.7352941176470592
18.382352941176478,9.101344157572527,10.23922012243811,-0.9582113388341752
32.12669683257918,14.369842959808352,21.083976577056156,-3.327122704285332
19.626696832579185,10.137742879957417,12.480037263774294,-2.9910833111525146
32.57918552036199,14.110327388874099,17.98309821666223,0.4857599148256601
18.32579185520363,8.690444503593294,10.55696034069736,-0.921612989087037
18.212669683257932,8.078253926004793,11.358796912430135,-1.224381155177002
33.0316742081448,15.259848283204683,20.643132818738344,-2.871306893798242
21.606334841628964,10.719989353207351,12.190577588501469,-1.304232100079851
19.852941176470594,10.397258450891664,10.833111525153043,-1.3774287995741272
27.319004524886886,12.237157306361459,16.312882619110997,-1.231035400585573
22.058823529411768,6.2466728772957145,14.391469257386206,1.420681394729838
6.7873303167420795,5.461471919084374,7.624101676869845,-6.298243279212139
14.536199095022624,7.303034335906309,10.427202555230233,-3.1940377961139172
14.932126696832581,6.200093159435718,8.006720787862657,0.7253127495342031
34.72850678733033,14.491282938514773,19.94110992813414,0.2961139206813957
20.24886877828055,8.582313015704019,11.802967793452229,-0.13641203087569945
19.004524886877824,8.63388341762044,11.382086771360125,-1.0114453021027405
36.199095022624434,15.251530476443973,19.723183391003467,1.2243811551770045
19.570135746606336,7.963468192706945,13.363388341762041,-1.7567207878626545
23.020361990950217,10.66841895129092,12.897591163162089,-0.5456481235027945
30.0339366515837,13.870774554165564,19.091030077189245,-2.9278679797710936
26.58371040723982,12.581514506254987,14.674274687250461,-0.6720787862656367
26.640271493212673,11.05602874634016,15.484429065743939,0.09981368112856119
32.466063348416306,14.472983763641205,18.076257652382214,-0.08317806760713237
15.667420814479643,7.727242480702684,10.069536864519561,-2.129358530742614
36.70814479638009,16.074993345754592,20.10081181793984,0.5323396326856549
17.251131221719454,8.251264306627629,9.868245940910299,-0.868379025818472
33.76696832579187,13.762643066276285,20.679731168485485,-0.6754059089699217
27.205882352941185,11.66821932392867,15.557625765238223,-0.019962736225710483
22.398190045248878,10.46879158903381,13.775951557093432,-1.8465531008783616
23.7556561085973,10.390604205483097,12.81274953420282,0.5523023689113657
18.495475113122176,7.629092360926273,9.76843225978174,1.09795049241416
30.147058823529417,12.544916156507849,15.223249933457545,2.378892733564013
21.88914027149322,9.726843225978175,12.930862390204949,-0.7685653446899117
33.08823529411764,12.270428533404308,16.183124833643866,4.634681927069471
13.34841628959276,6.47458078253926,6.887143997870642,-0.013308490817141002
19.96606334841629,9.720188980569601,10.522025552302372,-0.2761511844556822
27.092760180995484,13.276883151450622,16.60733297844024,-2.7914559488953925
21.153846153846164,8.615584242746875,12.268764972052175,0.26949693904711236
20.5316742081448,10.438847484695238,12.17893265903647,-2.0861059355869025
23.75565610859728,7.095089166888477,15.908637210540327,0.7519297311684862
33.201357466063335,14.003859462336974,18.89140271493212,0.30609528879425224
19.287330316742082,10.375632153313823,12.671346819270696,-3.759648655842425
15.101809954751134,7.186585041256324,8.354405110460474,-0.439180196965664
18.55203619909503,9.848283204684586,10.576923076923075,-1.8731700825126427
21.606334841628964,9.63867447431461,10.886345488421615,1.0813148788927343
12.839366515837106,4.182193239286666,7.702289060420549,0.9548842161298913
23.02036199095024,10.06787330316742,14.260047910566934,-1.307559222784136
32.29638009049774,12.836039393132825,19.037796113920674,0.42254458344423845
19.400452488687787,7.875299441043383,10.979504924141606,0.5456481235027961
18.94796380090498,8.84016502528613,10.32406175139739,-0.21626297577854603
12.6131221719457,5.063880755922278,7.838701091296245,-0.2894596752728234
33.088235294117645,16.02175938248603,18.50712004258717,-1.4406441309555484
36.31221719457014,16.07832046845887,19.239087037529945,0.9948096885813172
21.040723981900463,8.668818206015445,13.276883151450619,-0.9049773755656106
16.006787330316744,7.169949427734895,8.264572797444767,0.572265105137078
17.420814479638015,6.566076656907108,10.375632153313813,0.47910566941708826
37.27375565610861,14.873902049507592,22.45641469257386,-0.05656108597284952
23.812217194570145,10.625166356135212,15.060220920947565,-1.873170082512643
17.36425339366516,7.251463933989886,10.738288528080918,-0.6254990684056424
8.597285067873303,5.9256055363321805,5.18365717327655,-2.511977641735425
32.29638009049774,12.579850944902848,18.082911897790787,1.633617247804099
18.77828054298643,9.392467394197494,11.285600212935849,-1.8997870641469246
31.843891402714924,14.943771626297577,18.952954484961392,-2.0528347085440504
26.866515837104075,11.741416023422945,18.5786531807293,-3.4535533670481757
13.40497737556561,7.339632685653446,8.840165025286131,-2.774820335373969
13.122171945701353,5.241881820601544,10.292454085706678,-2.412163960606868
27.7714932126697,14.193505456481235,15.051903114186844,-1.4739153579984021
22.22850678733033,8.588967261112593,11.736425339366521,1.9031141868512107
9.38914027149321,5.313414958743679,3.6165823795581584,0.45914293319137633
24.264705882352942,10.648456215065211,16.394397125365977,-2.7781474580782546
24.3212669683258,10.89965397923876,11.099281341495878,2.322331647591165
29.524886877828063,10.613521426670218,18.671812616449287,0.23955283470854466
27.03619909502262,10.52368911365451,15.051903114186846,1.460606867181262
15.950226244343899,5.862390204950757,10.729970721320198,-0.6421346819270691
15.158371040723985,6.168485493745011,8.896726111258983,0.09315943571998976
23.81221719457013,10.690045248868781,17.327655043918018,-4.2054830982166616
18.55203619909503,7.820401916422677,11.590031940377965,-0.8583976577056152
27.88461538461538,11.49188182060154,16.262975778546714,0.12975778546712935
22.002262443438912,9.103007718924674,14.453021027415486,-1.5537663029012507
16.968325791855207,7.130023955283467,8.956614319936117,0.8816875166356132
34.16289592760182,15.08517434122971,18.455549640670743,0.6221719457013594
17.533936651583712,7.881953686451957,11.748070268831517,-2.0960873036997603
31.165158371040718,12.227175938248601,15.038594623369706,3.8993878094224135
20.24886877828055,7.798775618844823,12.902581847218528,-0.45248868778280465
29.41176470588234,13.599614053766299,17.04984029811019,-1.2376896459941427
40.83710407239822,18.116183124833647,22.391535799840298,0.32938514772424965
24.20814479638009,7.83371040723982,16.846885813148788,-0.4724514240085173
26.640271493212673,11.708144796380083,14.775751929731168,0.15637476710141168
33.766968325791865,15.882020228906036,20.5399920149055,-2.6550439180196954
30.825791855203626,12.465065211605001,18.926337503327122,-0.5656108597285061
23.190045248868792,10.986159169550179,12.360260846420015,-0.1563747671014102
17.307692307692307,8.184721852541925,13.075592227841367,-3.9526217726909767
21.32352941176471,8.51244343891403,12.009249401117911,0.8018365717327653
24.095022624434396,8.860127761511844,13.731035400585577,1.503859462336971
29.920814479638018,12.430130423210006,18.18605270162363,-0.6953686451956334
27.14932126696833,13.263574660633482,16.36112589832312,-2.475379291988287
21.77601809954751,8.01836571732765,12.30369976044716,1.4539526217726915
26.753393665158377,12.37024221453287,17.790125099813668,-3.4069736491881812
19.230769230769234,8.128160766569069,12.04751131221719,-0.9449028480170354
11.255656108597282,6.220055895661432,7.610793186052702,-2.5751929731168492
24.71719457013575,8.049973383018365,14.241748735693374,2.425472451424009
18.947963800904976,5.572930529677935,10.916289592760183,2.458743678466863
16.17647058823529,7.6789992014905515,11.764705882352938,-3.267234495608198
13.518099547511317,5.363321799307956,8.304498269896197,-0.14972052169283862
31.22171945701357,14.349880223582652,17.706947032206536,-0.8351077987756172
32.97511312217195,14.057093425605533,16.43931328187384,2.478706414692574
28.6764705882353,13.298509449028481,14.852275751929735,0.5256853872770839
21.21040723981902,9.117979771093959,15.359661964333242,-3.267234495608198
15.893665158371043,7.7571865850412545,9.004857599148254,-0.8683790258184719
20.30542986425339,8.567340963534736,12.310354005855732,-0.5722651051370767
15.723981900452493,6.088634548842159,10.044583444237418,-0.40923609262709587
18.382352941176478,7.878626563747672,10.44716529145595,0.056561085972851304
22.398190045248878,9.425738621240354,15.966861857865313,-2.9944104338568027
20.022624434389137,10.324061751397398,12.476710141070004,-2.7781474580782515
23.359728506787356,9.93478839499601,12.69962736225712,0.7253127495342025
10.067873303167419,4.742813414958743,7.364586105935586,-2.03952621772691
13.800904977375568,5.190311418685119,9.651982965131753,-1.0413894064413094
26.074660633484164,10.798176736758053,16.19144264040458,-0.9149587436784657
19.230769230769226,8.183058291189779,10.994476976310885,0.05323396326856548
16.346153846153847,7.6706813947298365,10.192640404578121,-1.5171679531541113
32.40950226244344,12.054165557625765,19.08770295448495,1.267633750332713
24.886877828054295,10.440511046047389,13.687782805429862,0.758583976577057
37.04751131221719,15.120109129624693,23.394663295182326,-1.4672611125898312
16.911764705882355,5.631155177002926,10.109462336970989,1.1711471919084382
37.386877828054295,17.698629225445835,22.2667686984296,-2.578520095821133
29.29864253393666,10.81314878892734,18.349081714133618,0.1364120308756995
19.513574660633484,8.23795581581049,11.558424274687248,-0.2828054298642535
15.045248868778284,4.6679531541123245,10.310753260580254,0.06654245408570697
26.866515837104092,12.744543518764972,14.358198030343361,-0.23622571200425777
32.57918552036202,12.72957146659569,18.781607665690704,1.068006388075594
27.20588235294118,11.30223582645728,14.017167953154111,1.8864785733297833
45.92760180995477,20.253859462336965,26.322531274953427,-0.6487889273356383
37.66968325791857,15.590896992281083,22.348283204684574,-0.269496939047111
21.77601809954752,9.477309023156776,12.38188714399787,-0.08317806760713321
15.10180995475113,4.840963534735161,6.970322065477777,3.290524354538193
24.377828054298643,9.823329784402445,13.553034335906302,1.001463933989886
34.728506787330325,16.03007718924674,19.889539526217725,-1.191109928134148
24.830316742081475,10.836438647857333,11.192440777215861,2.801437317008251
31.730769230769226,15.752262443438914,19.748136811285598,-3.7696300239552807
32.23981900452489,14.348216662230499,20.087503327122707,-2.1959009848283206
16.9683257918552,7.7255789193505455,9.91149853606601,-0.6687516635613513
33.48416289592762,12.859329252062814,19.486957678999204,1.1378759648655858
35.633484162895925,16.688847484695245,20.27881288261911,-1.3341762044184182
24.943438914027148,8.602275751929728,12.441775352675002,3.8993878094224113
15.32805429864254,7.251463933989883,8.093225978174077,-0.016635613521426913
23.133484162895943,8.96825924940112,11.7164626031408,2.4487623103540064
17.081447963800905,6.301570401916422,9.68858131487889,1.0912962470055905
14.649321266968327,6.825592227841361,9.237756188448229,-1.4140271493212668
23.24660633484164,10.280809156241677,12.826058025019963,0.13973915357998498
11.764705882352935,6.7557226510513715,9.427402182592491,-4.418418951290923
20.6447963800905,9.459009848283204,12.606467926537135,-1.4206813947298378
10.690045248868778,7.0701357466063355,8.204684588767636,-4.584775086505189
30.429864253393667,12.787796113920685,16.138208677136006,1.503859462336971
20.927601809954755,8.186385413894065,12.6014772424807,0.13973915357998415
28.619909502262445,13.928999201490548,15.293119510247537,-0.6022092094756449
22.794117647058833,8.969922810753262,11.066010114453023,2.7581847218525435
31.108597285067884,13.622903912696298,18.041322863987226,-0.5556294916156487
14.988687782805432,7.53759648655842,9.48729039126963,-2.036199095022624
20.701357466063346,9.28100878360394,12.807758850146396,-1.3874101676869839
29.97737556561087,12.243811551770031,17.796779345222255,-0.06321533138142008
37.613122171945705,15.036931062017576,20.030942241149845,2.5452488687782813
14.649321266968325,6.559422411498533,11.706481235027947,-3.6165823795581575
24.377828054298654,9.670282140005323,13.060620175672081,1.6469257386212406
35.35067873303168,16.128227309023156,20.69303965930263,-1.4705882352941144
21.43665158371041,8.261245674740483,11.288927335640134,1.8864785733297849
15.837104072398189,7.660700026616979,8.16309555496407,0.013308490817141881
9.389140271493211,3.0892334309289327,8.69543518764972,-2.3955283470854423
30.09049773755656,13.438248602608457,17.540590896992278,-0.8883417620441834
19.79638009049774,7.690644130955551,9.55050572265105,2.5552302368911373
29.751131221719465,11.822930529677937,17.06314878892733,0.8650519031141879
17.64705882352942,6.797311684854934,9.449028480170348,1.4007186585041265
10.803167420814477,5.022291722118713,7.530942241149854,-1.7500665424540853
43.38235294117648,19.79970721320203,23.645861059355866,-0.06321533138141959
25.735294117647065,12.776151184455687,15.381288261911092,-2.4221453287197234
36.595022624434385,17.855003992547246,22.32998402981101,-3.589965397923874
20.361990950226247,9.906507852009584,12.558224647324995,-2.102741549108331
22.737556561085984,9.505589566143197,12.842693638541379,0.38927335640138505
10.52036199095023,6.6276284269363845,7.056827255789194,-3.164093691775351
22.228506787330307,7.672344956081981,12.426803300505723,2.1293585307426146
28.846153846153843,12.76284269363854,14.925472451424012,1.1578387010912983
7.918552036199094,3.1408038328453545,6.148522757519294,-1.370774554165557
13.631221719457015,6.955350013308489,8.309488953952622,-1.633617247804099
19.79638009049774,6.813947298376364,13.60127761511844,-0.6188448229970717
9.841628959276015,5.366648922012242,5.815810487090763,-1.3408304498269887
38.12217194570134,17.620441841895126,22.028879425073203,-1.5271493212669678
24.83031674208145,10.56361458610594,15.597551237689638,-1.3308490817141327
41.17647058823532,19.26237689645994,22.992081447963795,-1.0779877561884468
33.71040723981901,14.083710407239822,20.75791855203619,-1.1312217194570124
22.285067873303166,7.432792121373433,14.143598615916954,0.708677136012776
21.549773755656112,9.829984029811017,12.029212137343622,-0.3094224114985352
13.348416289592759,5.285134415757251,6.65590896992281,1.4073729039126965
32.40950226244343,13.985560287463404,17.52894596752728,0.8949960074527566
25.848416289592762,9.97970455150386,14.77408836837903,1.094623369709876
16.119909502262452,6.67254458344424,11.536797977109394,-2.0894330582911897
42.19457013574662,19.400452488687783,23.046978972584512,-0.2528613255256832
13.687782805429872,7.963468192706947,7.181594357199894,-1.457279744476976
22.454751131221705,8.693771626297577,13.165424540857071,0.595554964067076
14.705882352941181,7.477708277881288,10.009648655842433,-2.781474580782538
22.228506787330307,11.237356933723724,13.40996805962204,-2.418818206015435
15.497737556561086,5.774221453287197,8.758650519031146,0.964865584242747
30.203619909502272,14.148589299973382,16.144862922544583,-0.08983231301570363
34.219457013574655,16.16316209741816,21.087303699760447,-3.031008783603937
49.32126696832577,23.101876497205218,27.27408836837901,-1.05469789725845
18.09954751131222,8.28287197231834,11.307226510513706,-1.4905509715198302
29.185520361990957,12.51497205216928,18.490484429065734,-1.819936119244077
16.23303167420815,6.053699760447165,9.267700292786799,0.9116316209741824
36.53846153846153,16.940045248868778,20.313747671014106,-0.7153313814213441
40.384615384615394,16.359462336970996,22.205216928400304,1.8199361192440777
27.941176470588232,12.460074527548578,14.92879957412829,0.5523023689113664
11.595022624434383,6.8804897524620685,9.046446632951826,-4.331913760979502
13.800904977375563,6.283271227042851,9.281008783603939,-1.7633750332712272
26.527149321266965,13.085573595954227,11.219057758850143,2.2225179664626036
29.524886877828052,12.488355070535002,15.752262443438914,1.2842693638541403
24.264705882352946,10.259182858663829,15.056893798243276,-1.0513707745541643
13.970588235294118,7.632419483630558,9.162895927601811,-2.824727175938249
19.683257918552044,7.372903912696297,12.024221453287199,0.28613255256853976
16.968325791855218,6.418019696566408,10.417221187117379,0.13308490817141408
15.10180995475113,7.605802501996272,10.463800904977376,-2.967793452222518
23.81221719457015,9.590431195102473,12.75452488687783,1.4672611125898334
13.800904977375563,7.665690710673409,10.962869310620176,-4.827655043918022
19.343891402714934,9.64366515837104,8.512443438914028,1.187782805429865
23.133484162895936,8.753659834974716,13.278546712802767,1.101277615118446
19.23076923076924,7.135014639339901,13.839166888474844,-1.7434122970455141
26.69683257918552,11.912762842693642,15.366316209741813,-0.582246473249933
23.529411764705888,10.09282672344956,13.469856268299175,-0.033271227042853194
27.149321266968347,11.335507053500136,14.270029278679798,1.5437849347883956
40.95022624434387,17.765171679531544,24.745475113122172,-1.5604205483098201
30.938914027149323,13.894064413095562,19.982698961937714,-2.937849347883948
41.7420814479638,17.51231035400585,20.759582113388337,3.4701889805696076
16.289592760180998,9.034801703486828,10.202621772690977,-2.947830715996805
28.054298642533936,11.4902182592494,15.70235560287463,0.8617247804099039
12.160633484162894,5.874035134415758,6.472917221187117,-0.18631887143997944
24.038461538461547,11.14087037529944,12.528280542986424,0.36931062017567284
30.486425339366527,12.491682193239285,17.06647591163162,0.9282672344956109
20.07918552036199,11.001131221719454,13.60294117647059,-4.524886877828053
37.72624434389141,17.826723449560824,20.934256055363317,-1.034735161032737
32.40950226244346,15.604205483098209,15.9468991216396,0.8583976577056176
30.260180995475135,12.085773223316476,17.292720255523022,0.881687516635615
15.66742081447964,2.7482033537396853,11.445302102741532,1.473915357998404
17.47737556561086,7.313015704019165,11.192440777215866,-1.028080915624168
38.57466063348417,18.5437183923343,19.754791056694167,0.27615118445568354
18.891402714932134,7.065145062549906,10.05290125099814,1.7733564013840817
35.85972850678735,15.76557093425605,18.95628160766569,1.1378759648655856
41.74208144796379,18.878094224114996,25.615517700292784,-2.7515304764439716
29.35520361990951,12.744543518764978,15.020295448496139,1.5903646526483906
17.929864253393667,6.897125365983499,11.81461272291722,-0.7818738355070524
29.29864253393665,12.240484429065742,17.943172744210813,-0.8850146393398982
14.762443438914024,6.303233963268567,11.706481235027947,-3.2472717593824845
24.26470588235295,9.785067873303174,12.839366515837103,1.64027149321267
30.995475113122176,15.660766569071075,18.196034069736488,-2.861325525685388
6.78733031674208,3.817873303167421,5.78420282140005,-2.8147458078253917
16.346153846153847,5.995475113122173,9.023156774021832,1.3275219590098488
24.49095022624435,11.164160234229437,13.749334575459137,-0.42254458344423657
21.04072398190046,9.350878360393935,11.9659968059622,-0.2761511844556816
17.024886877828052,8.728706414692573,12.874301304232107,-4.578120841096621
12.500000000000002,6.176803300505721,9.044783071599678,-2.721586372105403
36.93438914027152,15.714000532339638,20.11578387010913,1.1046047378227324
40.04524886877827,18.62190577588502,23.289858929997333,-1.866515837104071
18.382352941176485,7.747205216928402,9.899853606601008,0.735294117647059
15.384615384615385,5.935586904445036,7.905243545381953,1.5437849347883956
23.30316742081449,9.157905243545384,13.063947298376359,1.0813148788927338
15.497737556561084,4.656308224647327,8.262909236092629,2.578520095821135
24.717194570135764,10.721652914559488,13.942307692307697,0.05323396326856627
20.871040723981903,8.261245674740488,11.505190311418694,1.1046047378227317
26.923076923076923,11.88115517700293,16.51250998136811,-1.4705882352941164
11.02941176470588,6.2267101410700025,7.381221719457012,-2.5785200958211334
27.036199095022603,12.326989619377164,12.366915091828586,2.342294383816876
26.979638009049765,10.63847484695236,15.552635081181792,0.7885280809156244
31.95701357466064,12.475046579717862,15.718991216396054,3.7629757785467146
28.733031674208153,13.924008517434121,15.031940377961138,-0.2229172211871155
18.83484162895928,8.800239552834707,11.132552568538724,-1.0979504924141603
31.730769230769248,13.504791056694177,16.941708810220923,1.2842693638541396
22.85067873303168,9.558823529411764,14.852275751929735,-1.5604205483098228
23.755656108597293,7.203220654777743,12.613122171945706,3.9393132818738366
13.065610859728508,5.534668618578655,7.863654511578388,-0.3327122704285332
16.176470588235293,6.47458078253926,10.51703486824594,-0.8151450625499062
13.178733031674208,5.830782539260048,7.946832579185517,-0.5988820867713611
11.990950226244346,7.101743412297046,6.396393398988557,-1.5071865850412567
23.41628959276019,9.776750066542451,15.788860793186048,-2.1493212669683244
22.737556561085974,11.142533936651585,13.165424540857067,-1.5704019164226761
17.138009049773753,7.968458876763377,9.073063614586104,0.09648655842427548
30.542986425339375,13.190377961139202,18.184389140271488,-0.8317806760713323
22.115384615384624,6.813947298376363,12.885946233697101,2.415491083311152
32.63574660633484,13.814213468192715,19.41708810220921,-0.5955549640670733
31.447963800904976,12.290391269630028,17.86332179930795,1.294250731966997
28.563348416289607,12.400186318871445,15.594224114985355,0.5689379824327939
39.76244343891403,18.928001064679265,22.557891935054556,-1.7234495608198008
18.325791855203622,7.720588235294117,10.249201490550972,0.35600212935853087
18.94796380090498,7.9817673675805185,10.164359861591693,0.8018365717327657
19.68325791855204,9.71187117380889,11.738088900718658,-1.7667021559755118
19.061085972850684,7.128360393931329,9.254391801969655,2.6783337769496947
15.554298642533933,6.48622571200426,10.182659036465264,-1.1145861059355866
14.309954751131219,6.333178067607132,8.469190843758316,-0.4924141602342295
18.778280542986433,7.013574660633482,10.7532605802502,1.011445302102742
21.380090497737562,8.497471386744746,13.414958743678467,-0.5323396326856525
18.43891402714932,7.479371839233427,10.48709076390737,0.4724514240085179
19.34389140271493,7.990085174341231,10.205948895395265,1.1478573329784405
51.979638009049786,26.19443705083844,28.024354538195375,-2.239153579984028
31.27828054298643,14.597750865051903,17.528945967527278,-0.848416289592759
29.581447963800915,14.865584242746868,17.460739952089426,-2.7448762310353993
8.42760180995475,5.083843492147991,4.950758583976575,-1.6070002661698164
25.79185520361991,10.580250199627365,14.742480702688313,0.46912430130423327
27.94117647058825,12.864319936119244,16.643931328187385,-1.5670747937183915
30.316742081447973,11.773023689113653,15.176670215597547,3.3670481767367595
32.97511312217195,16.25299441043385,15.773888741016773,0.9482299707213215
7.861990950226242,4.408437583178067,6.294916156507852,-2.8413627894596747
31.730769230769248,13.829185520361992,16.979970721320203,0.9216129890870381
14.423076923076925,5.542986425339366,7.525951557093422,1.3541389406441313
27.884615384615383,13.298509449028481,17.321000798509438,-2.734894862922543
25.282805429864247,10.447165291455955,13.20202289060421,1.6336172478041
12.839366515837106,4.518232632419483,9.136278945967526,-0.8151450625499078
34.841628959276015,16.101610327388865,19.122637742879956,-0.38261911099281154
38.348416289592755,16.32286398722385,21.539792387543244,0.48575991482566133
15.384615384615383,8.144796380090499,8.83351077987756,-1.5936917753526745
20.644796380090497,8.515770561618313,12.122371573063614,0.006654245408570924
22.51131221719458,9.217793452222516,11.629957412829388,1.663561352142667
16.176470588235283,4.080715996805963,10.259182858663829,1.836571732765505
16.572398190045256,7.559222784136276,9.851610327388872,-0.8384349214799036
37.782805429864254,17.628759648655844,21.564745807825393,-1.4107000266169805
18.382352941176475,7.9484961405376655,11.332179930795844,-0.8983231301570401
34.27601809954752,13.94896193771626,16.524154910833108,3.802901250998137
18.325791855203622,10.147724248070261,12.679664626031414,-4.501597018898058
38.91402714932125,17.20455150385946,21.25365983497471,0.45581581048709263
24.604072398190063,10.853074261378756,13.701091296247,0.04990684056428189
19.796380090497742,8.931660899653977,11.200758583976576,-0.33603939313281794
37.839366515837106,18.63521426670215,21.865850412563212,-2.661698163428264
34.38914027149321,14.128626563747673,19.774753792919878,0.4857599148256597
28.789592760180998,14.867247804099012,16.943372371573062,-3.0210274154910826
7.013574660633484,2.6417354272025553,6.314878892733565,-1.943039659302635
20.3054298642534,7.356268299174871,12.929198828852806,0.019962736225713266
12.04751131221719,4.030809156241683,9.776750066542455,-1.7600479105669413
13.235294117647056,5.506388075592229,10.117780143731704,-2.38887410167687
25.113122171945726,11.794649986691507,14.386478573329793,-1.0680063880755903
26.809954751131215,11.214067074793721,14.481301570401914,1.1145861059355886
29.41176470588236,11.743079584775083,16.444303965930267,1.2243811551770039
36.764705882352935,16.489220122438116,21.35347351610327,-1.0779877561884468
16.5158371040724,6.376430662762843,9.93645195634815,0.20295448496140617
35.74660633484163,16.677202555230235,19.455350013308482,-0.38594623369709774
10.463800904977377,6.562749534202822,8.000066542454086,-4.099015171679531
15.837104072398189,7.164958743678467,9.051437317008249,-0.3792919882885272
27.319004524886875,12.56321533138142,15.231567740218255,-0.47577854671280273
12.330316742081447,5.323396326856535,9.861591695501733,-2.8546712802768175
20.984162895927604,7.105070535001331,11.483564013840827,2.395528347085441
20.98416289592761,7.832046845887678,12.263774287995735,0.888341762044184
32.861990950226264,13.845821133883417,19.199161565078512,-0.18299174873569252
34.38914027149322,13.96060686718126,18.39566143199361,2.0328719723183397
14.14027149321266,5.559622038860791,8.703752994410436,-0.12310354005855707
23.246606334841633,9.492281075326058,14.572797444769757,-0.8184721852541917
16.572398190045256,7.945169017833377,11.874500931594355,-3.2472717593824862
20.135746606334845,8.216329518232634,11.097617780143738,0.821799307958478
29.638009049773743,13.063947298376366,16.93671812616449,-0.3626563747670988
20.757918552036205,8.825192973116847,11.659901517167954,0.2728240617513986
23.981900452488695,8.317806760713335,13.581314878892735,2.0827788128826197
23.472850678733035,9.350878360393933,13.94563481501198,0.1763375033271236
21.662895927601816,10.739952089433055,14.007186585041257,-3.0842427468725044
17.64705882352942,7.878626563747673,11.734761778014368,-1.9663295182326328
29.86425339366516,13.92567207878626,16.816941708810216,-0.8783603939313266
27.375565610859738,13.336771360127752,15.828786265637477,-1.789992014905508
22.285067873303174,8.687117380889012,13.105536332179922,0.4924141602342299
20.98416289592761,8.181394729837635,11.445302102741548,1.357466063348417
22.11538461538461,7.758850146393398,13.78759648655842,0.5689379824327916
22.39819004524888,8.911698163428264,14.95042587170615,-1.463933989885547
22.341628959276026,10.28579984029811,13.007386212403507,-0.9515570934256055
19.117647058823536,8.507452754857598,12.34029811019431,-1.730103806228373
34.50226244343891,16.18977907905244,20.747937183923337,-2.4354538195368622
8.540723981900449,6.042054830982168,6.823928666489217,-4.325259515570937
8.201357466063344,3.992547245142402,7.096752728240617,-2.8879425073196696
24.095022624434385,9.948096885813147,13.315145062549904,0.8317806760713343
21.66289592760182,7.860327388874102,9.916489220122438,3.88607931860527
23.020361990950228,7.1716129890870395,13.380023955283466,2.468725046579718
20.871040723981903,8.9832313015704,12.227175938248605,-0.33936651583710326
48.47285067873303,25.44583444237424,26.397391535799834,-3.370375299441042
27.37556561085973,10.22424807026883,14.765770561618307,2.385546978972585
21.54977375565612,7.898589299973384,14.010513707745542,-0.3593292520628149
27.432126696832583,9.715198296513176,15.278147458078251,2.4387809422411517
33.42760180995476,15.933590630822467,21.27694969390472,-3.7829385147724226
22.05882352941177,9.146260314080381,11.535134415757252,1.3774287995741294
15.158371040723976,8.023356401384083,7.028546712802771,0.10646792653713147
30.938914027149313,13.879092360926276,19.601743412297044,-2.541921746073994
17.70361990950227,7.793784934788392,10.166023422943834,-0.25618844822997033
21.66289592760182,9.179531541123236,11.724780409901516,0.7585839765770572
30.54298642533937,13.674474314612722,18.5786531807293,-1.71014107000266
41.28959276018099,18.18605270162364,22.564546180463125,0.5389938780942254
44.17420814479639,19.60507053500133,25.51071333510779,-0.9415757253127481
17.138009049773753,8.454218791589035,11.205749268033005,-2.521959009848282
38.574660633484186,15.43951290923609,19.578453553367044,3.5566941708810242
38.29185520361992,16.63561352142667,21.77934522225179,-0.12310354005855623
15.78054298642534,7.650718658504129,10.64512909236093,-2.515304764439711
33.65384615384616,13.709409103007719,19.50525685387278,0.43918019696566624
20.58823529411766,9.329252062816074,12.476710141070003,-1.217726909768431
8.314479638009045,5.173675805163697,6.7207878626563735,-3.579984029811021
9.276018099547507,4.0773888741016755,7.274753792919881,-2.0761245674740465
11.708144796380084,6.557758850146393,8.410966196433321,-3.2605802501996264
15.271493212669688,7.728906042054832,8.820202289060422,-1.2776151184455682
30.769230769230777,14.611059355869042,18.78659834974714,-2.6284269363854116
25.678733031674216,10.59688581314879,16.86851211072664,-1.7866648922012232
14.423076923076925,7.043518764972057,10.264173542720256,-2.884615384615385
22.171945701357462,9.08803566675539,12.065810487090761,1.0180995475113124
15.328054298642531,7.126696832579185,9.172877295714668,-0.9715198296513178
26.24434389140271,11.147524620708008,15.100146393398989,-0.003327122704283011
14.423076923076923,5.604538195368643,8.336105935586906,0.482432792121373
21.832579185520366,9.18784934788395,9.58710407239819,3.0576257652382215
10.85972850678733,5.115451157838701,8.006720787862655,-2.262443438914028
21.49321266968326,8.562350279478306,11.832911897790789,1.0979504924141605
18.382352941176478,7.830383284535534,12.884282672344954,-2.3323130157040195
18.21266968325792,7.985094490284805,10.596885813148788,-0.3693106201756719
24.49095022624436,11.65158371040724,16.525818472185254,-3.6864519563481464
16.402714932126706,7.500998136811286,8.449228107532607,0.4524886877828059
22.85067873303169,10.603540058557364,12.257120042587172,-0.009981368112855379
14.649321266968325,6.153513441575729,9.177867979771097,-0.6820601543784932
21.210407239819006,9.488953952621772,14.476310886345479,-2.7548575991482576
14.423076923076922,6.497870641469258,8.863454884216127,-0.9382486026084637
22.85067873303169,10.392267766835243,13.889073729039126,-1.4306627628426947
19.570135746606343,9.969723183390998,13.157106734096352,-3.5566941708810256
25.62217194570135,12.869310620175677,16.0167686984296,-3.2639073729039114
25.45248868778282,10.668418951290928,16.427668352408833,-1.6435986159169553
12.556561085972847,6.609329252062817,7.910234229438384,-1.9630023955283464
16.91176470588234,11.924407772158634,11.302235826457276,-6.314878892733568
22.171945701357465,10.706680862390199,15.328054298642535,-3.8627894596752688
23.585972850678743,9.836638275219592,12.485027947830718,1.2643066276284274
23.472850678733035,12.917553899387816,15.971852541921745,-5.416555762576528
21.210407239819027,9.788394996007453,12.047511312217194,-0.6254990684056423
25.9049773755656,12.6563747671014,17.344290657439448,-4.095688048975244
19.739819004524897,7.301370774554163,13.739353207346277,-1.3009049773755643
9.38914027149321,4.807692307692307,5.499733830183657,-0.9182858663827512
24.830316742081457,12.330316742081447,17.247804099015177,-4.747804099015166
33.65384615384616,15.840431195102472,17.926537130689375,-0.1131221719457
33.76696832579185,15.951889805696029,18.909701889805703,-1.0946233697098737
28.2239819004525,12.17726909768432,17.360926270960867,-1.3142134681927071
19.62669683257919,8.966595688048974,12.656374767101415,-1.9962736225711994
18.09954751131222,7.143332446100613,11.28892733564014,-0.3327122704285327
25.000000000000014,9.98802235826457,11.934389140271495,3.077588501463934
28.280542986425345,12.050838434921483,14.566143199361195,1.6635613521426689
39.98868778280543,18.83650519031141,23.165091828586625,-2.0129092360926255
21.32352941176471,8.921679531541121,11.93605270162364,0.4657971785999467
16.00678733031674,7.664027149321269,9.746805962203887,-1.404045781208411
20.644796380090504,6.005456481235028,14.263375033271227,0.37596486558424314
23.19004524886877,10.869709874900188,14.532871972318343,-2.212536598349747
24.434389140271495,9.5837769496939,11.693172744210804,3.157439446366784
13.461538461538462,6.238355070535002,8.460873036997604,-1.2376896459941429
27.14932126696834,12.541589033803566,16.75705350013308,-2.149321266968325
27.432126696832572,11.739752462070802,15.026949693904706,0.6654245408570668
11.142533936651583,5.025618844822999,8.332778812882616,-2.215863721054033
7.296380090497736,3.2505988820867717,4.39180196965664,-0.3460207612456743
22.05882352941177,7.028546712802768,15.442840031940376,-0.41256321533138096
19.62669683257919,6.509515570934255,10.272491349480967,2.8446899121639615
23.47285067873303,8.856800638807558,12.48669150918286,2.129358530742615
21.945701357466064,11.666555762576534,14.18518764972052,-3.906042054830979
16.119909502262438,8.577322331647592,7.369576789992014,0.17301038062283824
17.477375565610863,7.640737290391266,9.786731434655312,0.04990684056428023
18.042986425339386,6.0803167420814495,10.881354804365182,1.0813148788927334
27.48868778280544,10.38894064413096,15.28646526483896,1.8132818738355085
22.05882352941177,8.163095554964066,12.208876763375034,1.6868512110726646
15.271493212669686,6.793984562150649,9.103007718924674,-0.6254990684056418
15.837104072398198,8.92001597018898,9.745142400851746,-2.8280542986425328
10.18099547511312,5.940577588501463,8.934988022358265,-4.694570135746608
23.69909502262444,10.012975778546716,13.1471253659835,0.5389938780942248
19.96606334841629,6.366449294649988,14.265038594623375,-0.6654245408570669
25.791855203619907,12.388541389406441,15.186651583710407,-1.7833377694969386
36.02941176470589,15.93026350811818,20.448496140537657,-0.3493478839499582
34.33257918552036,13.968924673941972,16.690511046047376,3.673143465531012
30.486425339366523,14.148589299973384,19.00618844822997,-2.668352408836838
14.59276018099547,4.9008517434122965,7.369576789992014,2.3223316475911626
17.81674208144797,7.925206281607666,10.999467660367312,-1.1079318605270152
41.34615384615384,18.156108597285062,22.338301836571723,0.8517434122970473
14.479638009049772,6.6010114453021025,11.122571200425872,-3.2439446366782008
41.91176470588235,20.65477774820335,23.938647857332967,-2.6816608996539766
11.085972850678733,3.842826723449558,6.810620175672077,0.43252595155709356
25.73529411764705,11.385413894064412,13.138807559222782,1.211072664359862
17.08144796380091,6.857199893532074,11.342161298908705,-1.117913228639871
22.850678733031675,10.146060686718128,14.15857066808624,-1.45395262177269
29.52488687782806,11.380423210007983,17.61212403513441,0.5323396326856545
23.529411764705888,11.436984295980839,15.489419749800375,-3.3969922810753226
19.400452488687787,9.083044982698967,12.084109661964325,-1.7667021559755118
36.65158371040724,16.8435586904445,20.70634815011977,-0.8983231301570379
5.203619909502262,3.0542986425339347,4.864253393665157,-2.714932126696832
30.429864253393667,14.233430928932657,17.673675805163693,-1.4772424807026867
24.151583710407238,11.407040191642267,13.626231035400581,-0.8816875166356126
23.529411764705888,10.962869310620176,12.95914293319138,-0.3926004791056691
22.398190045248864,12.979105669417091,14.998669150918282,-5.579584775086508
8.597285067873303,5.393265903646524,4.7877295714665955,-1.5837104072398192
30.14705882352941,12.573196699494273,17.09808357732232,0.4757785467128039
33.710407239819,13.175405908969926,18.398988554697887,2.136012776151186
29.977375565610853,14.702555230236893,18.774953420282138,-3.5001330849081707
30.203619909502265,11.897790790524356,16.482565877029536,1.8232632419483654
25.33936651583712,11.066010114453018,13.365051903114184,0.908304498269897
22.624434389140276,6.707479371839232,13.215331381421347,2.7016236358796917
17.760180995475118,8.371040723981901,11.199095022624432,-1.809954751131222
20.58823529411765,9.82998402981102,11.68984562150652,-0.931594357199893
13.631221719457015,5.439845621506519,9.628693106201755,-1.4373170082512639
20.022624434389147,7.0218924673941965,13.89240085174341,-0.8916688847484693
23.41628959276019,10.106135214266706,12.614785733297843,0.6953686451956356
32.3529411764706,13.122171945701364,18.66515837104072,0.5656108597285078
28.337104072398212,13.702754857599144,15.802169284003197,-1.167820069204152
7.975113122171944,4.138940644130956,6.574394463667823,-2.7382219856268293
27.658371040723985,10.187649720521687,17.50399254724514,-0.03327122704285272
27.828054298642527,10.254192174607397,16.302901250998133,1.2709608730369981
22.907239819004527,8.537396859196168,13.038993878094224,1.3308490817141347
36.82126696832579,16.655576257652378,23.303167420814475,-3.13747671014107
24.60407239819006,10.555296779345223,15.822132020228903,-1.7733564013840821
17.929864253393667,6.7756853872770835,11.100944902848012,0.05323396326856582
23.529411764705888,8.858464200159702,13.942307692307692,0.728639872238489
25.904977375565615,10.493745009315944,14.662629757785464,0.7486026084642012
21.4366515837104,9.503926004791055,11.323862124035136,0.6088634548842171
22.624434389140273,8.821865850412566,14.012177269097688,-0.2096087303699748
12.782805429864254,4.484961405376631,7.233164759116317,1.064679265371307
23.416289592760187,11.044383816875163,14.601077987756192,-2.2291722118711723
23.868778280542983,10.863055629491614,14.243412297045515,-1.2376896459941444
17.42081447963801,7.098416289592762,10.182659036465266,0.13973915357998373
24.943438914027148,10.794849614053767,14.867247804099017,-0.718658504125632
18.947963800904983,6.424673941974979,12.064146925738623,0.45914293319137695
20.248868778280546,8.984894862922541,11.237356933723715,0.026616981634283516
24.321266968325794,11.057692307692308,14.86724780409901,-1.6036731434655296
17.194570135746606,5.5429864253393655,8.554032472717592,3.097551237689646
13.74434389140272,6.020428533404309,8.92500665424541,-1.2010912962470053
13.85746606334841,5.697697631088638,7.544250731966995,0.6155177002927867
22.341628959276036,9.85161032738888,13.315145062549913,-0.8251264306627631
13.744343891402716,5.913960606867182,10.042919882885279,-2.2125365983497476
23.755656108597286,8.908371040723983,15.928599946766035,-1.0813148788927331
18.891402714932127,7.031873835507055,11.417021559755126,0.4425073196699498
13.461538461538465,7.7704950758584,7.085107798775619,-1.3940644130955548
18.15610859728507,8.209675272824061,9.277681660899653,0.6687516635613526
21.945701357466064,8.905043918019693,12.664692573862133,0.37596486558424363
20.871040723981903,8.504125632153313,13.86412030875699,-1.4972052169284
23.925339366515843,10.761578387010916,14.341562416821933,-1.1778014373170094
11.651583710407245,6.065344689912163,8.44423742347618,-2.857998402981099
27.941176470588246,10.641801969656646,18.12450093159435,-0.8251264306627625
35.12443438914028,15.281474580782541,19.167553899387794,0.6754059089699254
33.597285067873315,17.22617780143732,17.84502262443438,-1.4739153579984015
16.346153846153847,5.53134149587437,11.450292786797982,-0.6354804365184985
16.685520361990953,8.44423742347618,8.058291189779077,0.18299174873569318
20.47511312217195,8.678799574128297,10.987822730902309,0.8084908171413367
17.42081447963801,8.48915357998403,9.776750066542453,-0.8450891668884736
11.538461538461538,5.040590896992283,6.857199893532075,-0.35932925206281596
18.608597285067876,6.033737024221454,9.23775618844823,3.3371040723981884
30.769230769230766,12.7728240617514,20.668086239020493,-2.6716795315411215
21.606334841628957,7.515970188980574,11.511844556827253,2.5785200958211334
14.196832579185527,6.343159435719988,7.577521959009849,0.2761511844556831
22.45475113122172,12.79777748203354,13.799241416023424,-4.142267766835241
25.904977375565615,11.202422145328724,14.027149321266965,0.6754059089699239
16.628959276018104,5.6111924407772165,10.76823263241948,0.24953420282140013
15.497737556561088,6.316542454085704,11.886145861059353,-2.7049507585839763
23.020361990950235,9.786731434655312,13.742680330050566,-0.509049773755655
40.780542986425345,17.277748203353738,24.2281075326058,-0.7253127495342007
16.91176470588235,8.870109129624703,12.233830183657169,-4.1921746073995205
17.70361990950227,7.730569603406972,11.882818738355068,-1.9097684322597812
19.85294117647059,8.116515837104073,13.436585041256324,-1.700159701889806
35.237556561085974,16.61398722384881,17.881620974181526,0.7419483630556308
19.287330316742075,8.206348150119776,11.077655043918021,0.0033271227042859742
17.25113122171946,8.578985892999732,7.620774554165555,1.0513707745541658
17.703619909502272,7.437782805429868,9.384149587436783,0.8816875166356138
29.185520361990964,11.686518498802238,18.018033005057212,-0.5190311418685117
31.674208144796378,13.503127495342031,18.300838434921477,-0.12975778546712674
12.895927601809955,4.754458344423744,7.592494011179132,0.5489752462070808
26.35746606334842,12.719590098482827,15.501064679265369,-1.8631887143997856
30.486425339366523,13.005722651051375,18.764972052169274,-1.2842693638541383
30.09049773755658,12.794450359329248,16.17480702688315,1.1212403513441587
20.361990950226257,8.519097684322597,12.222185254192173,-0.3792919882885277
34.21945701357468,15.84708544051104,20.019297311684856,-1.64692573862124
12.613122171945703,5.576257652382223,9.066409369177533,-2.0295448496140533
21.5497737556561,9.36252328985893,12.120708011711473,0.06654245408570657
25.565610859728505,12.528280542986428,14.62436784668619,-1.5870375299441037
14.253393665158367,5.491416023422943,8.755323396326856,0.006654245408570821
23.35972850678733,8.118179398456213,13.624567474048433,1.6169816342826735
27.60180995475113,11.543452222517969,13.40664093691775,2.651716795315413
28.05429864253393,12.205549640670748,15.695701357466056,0.15304764439712684
20.248868778280546,6.437982432792121,8.464200159701893,5.346686185786534
27.37556561085973,13.067274421080649,14.790723981900445,-0.48243279212137263
23.699095022624437,9.949760447165293,11.916089965397921,1.833244610061219
22.680995475113132,9.675272824061752,12.047511312217193,0.9582113388341753
31.78733031674208,12.902581847218524,19.97937183923343,-1.094623369709873
24.660633484162897,9.141269630023958,14.221785999467652,1.2975778546712806
17.59049773755657,6.927069470322065,11.618312483364386,-0.9548842161298905
28.506787330316737,11.758051636944373,16.61897790790524,0.12975778546712957
37.0475113122172,17.081447963800905,20.631487889273355,-0.6654245408570655
17.138009049773757,8.254591429331912,11.71812616449294,-2.8347085440511033
18.269230769230766,11.036066010114455,10.29744476976311,-3.0642800106467902
33.088235294117666,13.449893532073462,17.974780409901516,1.6635613521426675
13.744343891402718,5.1487223848815535,7.258118179398453,1.3375033271227041
28.95927601809956,14.544516901783336,18.41728772957146,-4.002528613255256
23.47285067873304,11.751397391535802,15.73063614586106,-4.009182858663822
45.757918552036195,19.699893532073467,27.555230236891134,-1.4972052169283983
32.07013574660634,12.965797178599944,16.109928134149587,2.994410433856799
30.542986425339386,14.88721054032473,17.78180729305297,-2.1260314080383287
23.020361990950235,10.069536864519563,15.572597817407505,-2.6217726909768433
15.893665158371043,5.6045381953686455,9.75346020761246,0.5356667553899389
27.601809954751126,10.650119776417354,15.23156774021825,1.7201224381155185
24.49095022624435,9.04478307159968,12.488355070535006,2.957812084109663
9.219457013574658,4.975712004258719,4.756121905775886,-0.5123768964599409
26.69683257918553,10.69503593292521,14.847285067873303,1.1545115783870108
23.47285067873303,7.723915357998402,12.092427468725045,3.656507852009582
18.212669683257925,7.43445568272558,9.134615384615385,1.643598615916954
29.4683257918552,13.283537396859193,19.66495874367846,-3.480170348682461
21.380090497737555,10.056228373702425,12.877628426936385,-1.5537663029012498
38.74434389140272,16.153180729305305,20.235560287463404,2.355602874634018
22.171945701357476,6.296579717859993,12.268764972052168,3.6066010114453024
27.94117647058825,14.22178599946765,18.354072398190045,-4.63468192706947
15.667420814479637,6.847218525419216,9.432392866648922,-0.612190577588501
30.656108597285066,13.426603673143461,17.156308224647322,0.07319669949427968
26.018099547511312,10.527016236358797,14.506254990684049,0.9848283204684593
24.490950226244347,11.40870375299441,14.759116316209745,-1.6768698429598081
11.990950226244346,5.805829118977907,6.74740484429066,-0.5622837370242207
19.739819004524886,8.222983763641201,13.742680330050568,-2.225845089166888
38.06561085972851,18.438914027149323,22.428134149587436,-2.801437317008248
29.29864253393666,12.491682193239289,17.475712004258718,-0.6687516635613517
17.477375565610863,6.331514506254989,9.828320468458877,1.3175405908969933
18.89140271493213,9.112989087037533,13.218658504125631,-3.440244876231035
38.85746606334842,16.642267766835246,23.146792653713064,-0.931594357199893
30.090497737556568,13.494809688581315,18.538727708277868,-1.9430396593026344
50.678733031674206,24.470987490018636,28.004391801969664,-1.7966462603140794
33.371040723981906,14.98203353739686,17.167953154112332,1.221054032472717
19.117647058823533,8.532406175139739,9.277681660899653,1.3075592227841368
17.08144796380091,7.106734096353472,8.447564546180462,1.5271493212669696
12.613122171945701,5.196965664093691,7.559222784136282,-0.14306627628426932
17.251131221719454,8.798575991482565,9.963068937982431,-1.5105137077455404
23.52941176470589,11.032738887410172,10.656774021825921,1.8398988554697897
22.56787330316742,9.23110194303966,15.359661964333235,-2.0228906042054824
26.58371040723983,9.929797710939576,13.672810753260581,2.981101943039659
24.49095022624434,11.508517434122972,14.316608996539797,-1.334176204418419
26.470588235294137,10.728307159968058,15.323063614586102,0.4192174607399532
21.66289592760181,7.367913228639872,12.658038328453557,1.636944370508385
17.0814479638009,6.43798243279212,11.155842427468729,-0.51237689645994
21.88914027149322,10.95787862656374,14.714200159701887,-3.7829385147724235
22.058823529411768,8.415956880489752,13.193705083843495,0.44916156507852023
21.945701357466056,9.695235560287461,13.308490817141335,-1.0580250199627357
22.567873303167424,8.417620441841898,15.254857599148245,-1.1046047378227295
20.927601809954755,7.542587170614852,12.237157306361455,1.147857332978441
23.699095022624437,10.412230503060961,13.659502262443436,-0.37263774287995755
33.76696832579185,13.669483630556297,18.2276417354272,1.8698429598083592
27.828054298642556,12.707945169017826,17.96479904178866,-2.8446899121639584
23.07692307692309,9.869909502262443,12.947498003726375,0.25951557093425637
19.400452488687787,9.515570934256056,11.59502262443439,-1.7101410700026602
9.445701357466058,5.345022624434388,7.64073729039127,-3.5400585573595955
22.511312217194583,11.575059888208678,12.466728772957143,-1.5304764439712524
20.927601809954748,9.201157838701091,10.981168485493745,0.7452754857599149
14.366515837104076,6.907106734096354,10.992813414958745,-3.533404311951025
16.45927601809955,8.030010646792656,8.412629757785464,0.016635613521427003
24.60407239819005,9.701889805696034,14.276683524088366,0.6254990684056432
14.253393665158377,7.076789992014905,7.958477508650521,-0.7818738355070529
8.3710407239819,5.977175938248606,5.937250465797182,-3.5433856800638823
14.81900452488688,6.865517700292785,8.535733297844025,-0.5822464732499332
36.53846153846153,16.888474846952363,22.261778014373178,-2.6117913228639873
14.87556561085973,6.062017567207881,10.71666223050307,-1.9031141868512111
22.567873303167428,8.939978706414694,13.79425073196699,-0.16635613521426668
25.113122171945697,10.08118179398456,16.1298908703753,-1.0979504924141588
23.69909502262444,9.843292520628152,14.700891668884749,-0.8450891668884741
35.63348416289593,16.890138408304495,20.58324461006121,-1.8398988554697882
23.585972850678747,9.229438381687523,16.519164226776685,-2.1626297577854667
28.054298642533954,9.03812882619111,17.093092893265908,1.9230769230769234
21.266968325791854,9.94643332446101,14.917154644663292,-3.5966196433324447
20.13574660633484,10.581913760979505,11.570069204152247,-2.0162363587969105
32.579185520361996,14.764107000266174,19.611724780409897,-1.7966462603140807
19.85294117647059,6.236691509182858,12.465065211605006,1.1511844556827264
22.85067873303168,8.05995475113122,15.2099414426404,-0.4192174607399509
13.914027149321262,6.299906840564282,10.299108331115251,-2.684988022358264
42.307692307692314,18.304165557625765,24.79538195368644,-0.7918552036199084
26.187782805429872,9.217793452222523,16.274620708011707,0.6953686451956353
26.527149321266975,12.330316742081454,16.69217460739951,-2.495342028213998
38.12217194570134,15.020295448496134,22.89226776683524,0.20960873036997701
20.5316742081448,9.425738621240349,11.768033005057227,-0.6620974181527812
26.753393665158374,8.846819270694702,15.710673409635346,2.195900984828321
19.061085972850673,9.640338035666757,10.445501730103805,-1.0247537929198827
18.325791855203622,8.36438647857333,12.559888208677135,-2.5984828320468454
20.135746606334855,10.718325791855202,12.222185254192173,-2.804764439712536
33.99321266968326,14.968725046579712,17.81341495874368,1.2110726643598635
29.468325791855207,10.7183257918552,18.786598349747138,-0.03659834974713765
18.438914027149327,8.620574926803299,13.647857332978436,-3.8295182326324184
32.8054298642534,13.215331381421347,18.359063082246468,1.2310354005855748
13.404977375565615,7.4910167686984295,10.645129092360929,-4.731168485493745
27.375565610859738,11.067673675805164,13.879092360926272,2.428799574128294
40.21493212669684,17.329318605270167,21.90743944636678,0.97817407505989
25.961538461538456,10.53200692041522,13.240284801703483,2.18924673941975
15.893665158371041,4.310287463401651,9.487290391269626,2.0960873036997616
26.01809954751132,11.340497737556559,13.057293052967793,1.620308756986958
35.4638009049774,15.723981900452488,21.982299707213205,-2.2424807026883147
24.151583710407238,9.80669417088102,12.851011445302102,1.493878094224114
26.80995475113124,11.152515304764439,14.602741549108325,1.0546978972584518
36.59502262443439,16.362789459675273,22.035533670481755,-1.80330050572265
19.626696832579192,6.975312749534205,11.39040457812084,1.2609795049241428
25.961538461538453,11.812949161565077,13.6694836305563,0.4791056694170889
14.309954751131219,7.635746606334842,10.683391003460208,-4.009182858663829
23.812217194570135,11.902781474580783,11.071000798509452,0.8384349214799041
15.837104072398196,8.490817141336173,10.763241948363056,-3.416955017301036
20.079185520361992,9.806694170881022,10.518698429598086,-0.2462070801171134
26.300904977375566,9.803367048176735,14.55782539260048,1.93971253659835
20.92760180995475,8.602275751929728,14.631022092094755,-2.3056960340697357
20.927601809954748,9.122970455150389,9.535533670481763,2.269097684322598
19.45701357466064,9.708544051104598,12.024221453287195,-2.2757519297311677
32.80542986425339,15.6973649188182,19.85626829917487,-2.748203353739685
19.230769230769234,8.923343092893267,10.530343359063087,-0.22291722118711713
22.963800904977383,9.044783071599689,13.163760979504922,0.7552568538727704
16.911764705882355,7.667354272025554,12.255456481235033,-3.011046047378227
18.55203619909502,5.9189512909236095,11.561751397391532,1.0713335107798785
13.291855203619905,7.013574660633485,8.151450625499068,-1.8731700825126436
20.135746606334838,7.416156507852009,9.452355602874631,3.267234495608199
30.31674208144797,13.940644130955544,18.38235294117646,-2.006254990684054
19.00452488687784,7.254791056694169,11.4236758051637,0.3260580250199626
27.092760180995477,10.911298908703753,16.48422943838168,-0.30276816608996393
30.938914027149334,13.52475379291989,16.206414692573865,1.207745541655578
20.871040723981903,6.878826191109929,10.209276018099546,3.782938514772426
22.511312217194583,8.723715730636142,13.158770295448493,0.6288261911099287
27.771493212669682,11.733098216662226,15.35966196433324,0.6787330316742092
27.036199095022635,9.07140005323396,16.564080383284526,1.4007186585041262
23.81221719457014,11.503526750066545,11.480236891136544,0.828453553367049
9.95475113122172,3.7413494809688577,7.471054032472718,-1.2576523822198549
43.38235294117646,19.801370774554165,25.158038328453554,-1.5770561618312466
16.119909502262455,6.813947298376363,10.546978972584508,-1.2410167686984293
27.828054298642538,11.934389140271495,15.474447697631089,0.41921746073995325
25.735294117647054,11.295581581048705,16.243013042321,-1.8033005057226505
13.348416289592766,5.306760713335109,7.735560287463401,0.30609528879425085
20.984162895927604,7.442773489486294,12.895927601809948,0.6454618046313562
21.32352941176471,8.512443438914028,9.786731434655312,3.024354538195369
21.210407239819006,10.848083577322338,12.857665690710668,-2.495342028214
17.08144796380091,8.959941442640405,12.147324993345759,-4.025818472185254
29.524886877828052,11.914426404045786,15.733963268565349,1.8764972052169298
34.84162895927602,14.351543784934782,19.036132552568542,1.453952621772693
20.079185520361992,9.121306893798245,12.32532605802502,-1.3674474314612715
31.165158371040725,12.313681128560022,18.382352941176478,0.4691243013042326
24.5475113122172,9.954751131221716,14.799041788661166,-0.20628160766568998
25.282805429864254,11.089299973383017,11.68152781474581,2.5119776417354283
12.499999999999993,4.895861059355869,8.123170082512644,-0.5190311418685125
6.334841628959276,3.134149587436785,4.77109395794517,-1.5704019164226775
32.91855203619909,13.646193771626297,19.904511578387005,-0.6321533138142121
25.45248868778281,8.580649454351875,14.56281607665691,2.309023156774021
27.262443438914026,11.042720255523026,16.891801969656644,-0.672078786265637
47.62443438914027,20.591562416821926,24.610726643598603,2.422145328719723
11.02941176470588,4.163894064413094,8.48915357998403,-1.6236358796912425
16.572398190045245,9.064745807825396,10.971187117380888,-3.4635347351610317
44.457013574660614,21.1322198562683,25.660433856800637,-2.335640138408302
34.16289592760182,14.90051903114187,19.774753792919885,-0.5123768964599404
23.81221719457014,10.032938514772427,12.598150119776417,1.181128560021294
31.165158371040725,13.00405908969923,17.87829385147724,0.2828054298642537
7.4095022624434375,3.238953952621773,5.41489220122438,-1.244343891402715
33.59728506787331,16.434322597817406,19.129291988288518,-1.9663295182326292
13.687782805429864,5.248536066010117,8.78526750066543,-0.34602076124567466
38.00904977375564,17.02322331647591,21.964000532339625,-0.9781740750598862
22.398190045248864,9.969723183391004,13.18372371573064,-0.7552568538727693
15.667420814479637,5.649454351876499,9.698562682991748,0.31940377961139166
18.495475113122172,6.950359329252062,8.237955815810487,3.307159968059622
29.63800904977376,12.277082778812883,16.156507852009575,1.2044184189512919
15.045248868778286,5.105469789725844,8.79524886877828,1.1445302102741555
28.902714932126692,12.218858131487888,16.60733297844024,0.07652382219856427
19.00452488687783,9.457346286931058,12.052501996273616,-2.5053233963268573
14.762443438914026,5.840763907372903,7.747205216928401,1.174474314612723
34.33257918552037,12.253792919882887,18.82153313814213,3.2572531274953445
17.08144796380091,5.606201756720789,11.348815544317272,0.12643066276284273
26.696832579185507,10.74660633484163,14.303300505722651,1.646925738621241
12.782805429864254,5.0971519829651335,6.943705083843492,0.7419483630556302
31.5610859728507,12.614785733297838,18.101211072664352,0.8450891668884766
10.35067873303167,3.5017966462603143,5.561285600212935,1.2875964865584246
10.463800904977372,5.865717327655046,8.054964067074794,-3.456880489752464
27.3190045248869,11.450292786797974,14.524554165557621,1.344157572531275
30.599547511312217,14.953752994410433,16.57738887410168,-0.9315943571998928
9.049773755656107,2.683324461006122,8.00339366515837,-1.6369443705083837
25.50904977375566,11.250665424540857,14.26836571732765,-0.009981368112855297
20.361990950226247,9.38414958743678,12.055829118977906,-1.0779877561884472
28.789592760181012,14.506254990684054,17.12137343625232,-2.83803566675539
23.19004524886878,9.10134415757253,17.442440777215857,-3.3537396859196162
36.651583710407245,14.5079185520362,19.43538727708278,2.7082778812882635
18.60859728506788,7.524287995741285,9.004857599148256,2.079451690178334
10.52036199095022,4.596420015970191,7.534269363854141,-1.610327388874101
23.472850678733046,10.009648655842428,16.24467660367315,-2.7814745807825383
34.106334841628964,13.446566409369181,19.13927335640138,1.5204950758583988
41.17647058823528,17.718591961671542,23.397990417886597,0.05988820867713696
33.93665158371041,16.31121905775885,19.335573595954212,-1.7101410700026596
16.685520361990957,8.791921746073996,9.750133084908171,-1.856534468991217
18.947963800904986,6.50452488687783,10.45381953686452,1.9896193771626307
27.71493212669683,10.047910566941708,17.89659302635081,-0.22957146659568736
20.8710407239819,6.9570135746606345,13.967261112589835,-0.05323396326856457
22.00226244343893,11.821266968325789,14.023822198562682,-3.842826723449561
25.113122171945708,9.60540324727176,16.925073196699493,-1.417354272025551
20.588235294117656,8.046646260314084,8.429265371306897,4.112323662496675
25.05656108597285,13.85413894064413,14.675938248602609,-3.473516103273889
26.86651583710409,12.438448229970719,15.396260314080383,-0.9681927069470314
29.5814479638009,13.93232632419484,18.749999999999986,-3.10087836039393
30.656108597285076,14.316608996539788,16.572398190045245,-0.23289858929997254
25.339366515837092,10.907971785999468,15.223249933457549,-0.7918552036199087
40.32805429864253,17.316010114453015,20.62649720521694,2.385546978972584
31.674208144796392,14.622704285334049,18.961272291722107,-1.90976843225978
20.6447963800905,9.221120574926802,11.051038062283736,0.37263774287995793
25.282805429864258,8.763641203087571,17.1479904178866,-0.6288261911099267
9.27601809954751,3.663162097418152,7.183257918552038,-1.5704019164226788
19.570135746606336,7.512643066276282,10.260846420015973,1.7966462603140807
27.601809954751136,13.586305562949166,15.333044982698963,-1.3175405908969915
27.14932126696832,12.613122171945694,15.740617513973918,-1.2044184189512903
22.454751131221734,7.414492946499869,13.769297311684852,1.2709608730369988
36.708144796380104,14.68758317806761,22.93219323928666,-0.9116316209741805
16.402714932126703,5.622837370242214,9.36252328985893,1.4173542720255523
18.212669683257918,10.803167420814484,13.09888208677136,-5.689379824327921
38.687782805429876,17.06813947298376,21.057359595421868,0.562283737024224
18.042986425339368,9.001530476443971,12.91089965397924,-3.869443705083843
24.60407239819004,11.087636412030879,12.98076923076923,0.5356667553899398
15.55429864253394,5.814146925738618,9.51390737290391,0.22624434389140324
18.665158371040725,7.594157572531273,12.74787064146926,-1.676869842959807
38.91402714932128,17.843359063082243,20.015970188980567,1.054697897258452
27.488687782805428,11.139206813947293,16.662230503060957,-0.31274953420282053
24.660633484162894,11.061019430396595,13.053965930263512,0.5456481235027959
31.843891402714924,13.739353207346287,18.673476177801437,-0.568937982432791
27.771493212669693,13.21034069736492,16.138208677136014,-1.5770561618312486
20.135746606334845,8.026683524088366,10.44550173010381,1.663561352142667
30.769230769230756,12.158969922810758,17.568871439978704,1.0413894064413112
37.21719457013574,17.956481235027944,20.940910300771886,-1.6801969656640914
24.321266968325784,11.42201224381155,13.471519829651315,-0.5722651051370767
24.37782805429864,9.93312483364387,12.747870641469259,1.696832579185521
31.221719457013567,14.060420548309832,17.683657173276544,-0.5223582645727961
10.633484162895924,3.69310620175672,7.133351077987755,-0.19297311684854915
32.296380090497735,12.125698695767898,18.630223582645726,1.540457812084111
29.75113122171945,13.341762044184192,16.21306893798243,0.19630023955283543
24.999999999999996,11.546779345222255,13.543052967793455,-0.08983231301570302
29.5814479638009,11.06434655310088,15.382951823263246,3.1341495874367853
24.434389140271485,8.056627628426936,14.900519031141867,1.4772424807026883
14.592760180995468,5.533005057226512,7.525951557093427,1.5338035666755383
26.640271493212683,10.373968591961669,17.49733830183657,-1.2310354005855726
10.916289592760181,4.410101144530211,9.360859728506785,-2.854671280276816
29.97737556561086,11.619976044716534,18.58031674208145,-0.22291722118711632
18.21266968325792,5.857399520894332,12.804431727442106,-0.44916156507851895
41.34615384615386,18.630223582645723,23.757319669949425,-1.0413894064413078
20.644796380090497,7.432792121373439,11.555097151982967,1.6569071067340961
24.3212669683258,10.22424807026883,14.672611125898317,-0.5755922278413614
12.443438914027153,6.5461139206813925,8.186385413894063,-2.289060420548307
27.60180995475114,13.31514506254991,18.136145861059354,-3.849480968858127
20.588235294117645,8.796912430130426,11.771360127761504,0.01996273622571156
32.40950226244344,14.62769496939047,19.199161565078512,-1.4173542720255492
31.391402714932134,11.679864253393662,17.59216129890871,2.1193771626297586
23.81221719457014,9.90817141336173,15.051903114186846,-1.1478573329784398
31.73076923076923,14.837303699760449,18.919683257918557,-2.0262177269097665
23.585972850678743,9.23442906574395,13.230303433590636,1.121240351344158
22.454751131221727,9.422411498536064,15.357998402981107,-2.3256587702954477
29.07239819004523,10.934588767633747,16.061684854937436,2.07612456747405
28.393665158371046,12.142334309289328,16.86352142667021,-0.6121905775884993
22.34162895927602,9.597085440511043,15.369643332446106,-2.6250998136811274
16.685520361990953,5.947231833910035,10.415557625765238,0.322730902315678
16.57239819004526,7.7871306893798256,12.691309555496405,-3.9060420548309818
14.819004524886878,6.188448229970721,11.282273090231568,-2.6517167953154113
16.00678733031674,7.510979504924143,10.508717061485225,-2.0129092360926273
6.0520361990950216,3.907705616183125,6.5694037796113935,-4.425073196699493
11.934389140271493,4.924141602342294,7.2165291455948894,-0.20628160766569048
33.936651583710415,16.450958211338826,21.26197764173542,-3.7762842693638516
24.88687782805431,12.420149055097161,16.885147724248064,-4.418418951290922
30.09049773755656,11.588368379025816,16.47258450891669,2.0295448496140542
24.94343891402715,11.884482299707214,15.956880489752463,-2.897923875432525
14.81900452488688,7.0900984828320475,11.831248336438646,-4.102342294383815
23.642533936651596,9.953087569869577,15.735626829917493,-2.046180463135479
49.66063348416291,23.45455150385947,29.336904445035927,-3.130822464732498
23.81221719457014,11.347151982965133,14.807359595421875,-2.3422943838168737
24.660633484162897,8.638874101676867,13.5996140537663,2.4221453287197248
31.504524886877828,13.375033271227046,17.770162363587964,0.35932925206281713
20.192307692307693,10.74660633484163,14.958743678466854,-5.513042321000798
22.68099547511313,9.395794516901784,12.965797178599955,0.3194037796113935
26.47058823529411,9.603739685919619,14.358198030343356,2.5086505190311432
36.82126696832579,18.290857066808623,21.088967261112593,-2.5585573595954205
17.816742081447963,6.486225712004259,12.458410966196432,-1.1278945967527272
14.705882352941176,7.352941176470586,10.52036199095023,-3.1674208144796347
30.31674208144798,13.702754857599142,16.45095821133883,0.16302901250998214
30.203619909502272,14.10700026616982,15.956880489752463,0.13973915357998495
27.036199095022635,10.909635347351612,14.902182592494007,1.2243811551770036
18.83484162895928,8.209675272824063,9.97970455150386,0.6454618046313549
24.038461538461533,9.434056428001066,11.706481235027953,2.8979238754325274
18.891402714932134,9.156241682193238,10.82645727974448,-1.0912962470055887
21.776018099547514,9.651982965131754,13.45155709342561,-1.3275219590098468
40.49773755656108,20.277149321266965,23.22165291455949,-3.0010646792653692
24.660633484162897,8.53240617513974,15.402914559488952,0.7253127495342041
19.230769230769234,8.948296513175405,11.307226510513708,-1.0247537929198822
34.33257918552037,14.338235294117649,21.102275751929728,-1.1079318605270154
25.961538461538453,10.853074261378763,16.349480968858135,-1.2410167686984286
19.966063348416295,7.256454618046314,10.776550439180198,1.9330582911897796
24.038461538461544,6.717460739952089,15.670747937183917,1.6502528613255263
43.26923076923076,18.75499068405643,24.331248336438634,0.1829917487356944
14.423076923076918,7.402848017034868,8.437583178067605,-1.4173542720255516
12.27375565610859,5.371639606068673,6.4030476443971285,0.4990684056428003
26.809954751131222,9.610393931328181,16.051703486824593,1.1478573329784407
15.78054298642534,6.176803300505724,10.29578120841097,-0.6920415224913489
20.927601809954748,11.36711471919084,10.189313281873833,-0.6288261911099273
12.047511312217193,4.736159169550174,7.737223848815542,-0.42587170614852365
16.91176470588235,6.140204950758583,9.553832845355332,1.217726909768433
9.841628959276015,4.749467660367315,7.517633750332715,-2.4254724514240094
14.196832579185523,5.19530210274155,7.930196965664096,1.071333510779878
27.432126696832583,11.461937716262977,16.06334841628959,-0.09315943571998948
18.552036199095024,9.049773755656107,10.630157040191644,-1.1278945967527272
20.814479638009054,9.337569869576793,13.586305562949157,-2.109395794516901
10.011312217194568,4.957412829385148,4.950758583976578,0.1031408038328459
24.604072398190056,11.292254458344427,12.157306361458616,1.154511578387012
30.99547511312218,13.65118445568272,15.161698163428257,2.1825924940111787
26.187782805429865,9.818339100346025,15.46779345222252,0.9016502528613259
30.373303167420815,13.899055097151981,16.444303965930263,0.029944104338569002
35.85972850678734,14.737490018631888,17.256121905775874,3.8661165823795596
24.717194570135753,9.018166089965398,15.662430130423205,0.03659834974714022
23.020361990950235,9.189512909236093,13.032339632685652,0.7985094490284816
26.131221719457013,11.31887143997871,15.58424274687251,-0.7718924673941971
15.158371040723985,6.6459276018099525,9.846619643332453,-1.334176204418418
22.22850678733031,10.764905509715199,14.278347085440515,-2.814745807825392
27.262443438914037,12.062483364386479,15.579252062816078,-0.3792919882885277
14.536199095022623,5.396593026350813,9.988022358264573,-0.8484162895927597
31.221719457013577,14.72085440511046,19.352209209475642,-2.85134415757253
21.436651583710404,8.861791322863986,10.97118711738089,1.6036731434655307
27.771493212669693,12.786132552568537,14.75246207080117,0.2328985892999736
19.570135746606343,7.7205882352941195,8.059954751131219,3.789592760180997
21.04072398190045,9.434056428001067,13.958943305829122,-2.3522757519297306
9.219457013574658,4.613055629491617,5.2086105935586895,-0.6022092094756456
22.285067873303174,7.9867580516369445,14.893864785733294,-0.5955549640670742
32.9185520361991,14.068738355070533,17.718591961671542,1.131221719457014
15.38461538461539,6.288261911099283,7.649055097151981,1.4472983763641198
21.776018099547507,11.407040191642269,12.391868512110726,-2.022890604205482
16.6289592760181,7.565877029544846,9.84828320468459,-0.7852009582113383
31.27828054298643,14.231767367580524,19.654977375565604,-2.6084642001597014
13.348416289592764,6.865517700292788,8.020029278679798,-1.5371306893798253
12.613122171945703,7.27974447697631,8.657173276550438,-3.323795581581046
21.77601809954751,11.242347617780139,13.5447165291456,-3.0110460473782266
22.398190045248874,10.565278147458077,13.55636145861059,-1.7234495608198026
45.9841628959276,20.338701091296244,25.595554964067063,0.04990684056428079
20.814479638009047,8.01503859462337,8.86345488421613,3.9359861591695515
30.93891402714932,13.930662762842694,18.64186851211072,-1.6336172478040973
19.400452488687794,9.864918818206018,12.017567207878631,-2.482033537396859
26.696832579185525,13.068937982432793,15.910300771892473,-2.2824061751397386
21.832579185520373,11.551770029278686,14.326590364652647,-4.045781208410965
22.05882352941176,8.677136012776153,12.383550705350011,0.9981368112856013
28.223981900452493,12.727907905243548,15.635813148788925,-0.13973915357998296
25.73529411764705,10.625166356135209,14.774088368379015,0.3360393931328204
20.644796380090515,8.437583178067609,13.930662762842692,-1.7234495608198022
9.332579185520355,4.133949960074527,8.33943305829119,-3.140803832845354
23.19004524886878,10.370641469257382,14.273356401384083,-1.4539526217726904
27.884615384615383,12.435121107266438,17.988088900718655,-2.5385946233697068
11.199095022624437,5.789193505456481,4.977375565610858,0.4325259515570937
15.497737556561095,5.253526750066541,8.913361724780406,1.3308490817141339
15.893665158371054,5.807492680330048,11.410367314346555,-1.3241948363055616
43.15610859728507,20.907639073729037,24.484295980835775,-2.2358264572797415
41.006787330316754,19.511911099281342,22.59282672344955,-1.0979504924141588
17.081447963800912,7.813747671014105,8.482499334575458,0.7852009582113388
21.436651583710404,9.415757253127495,12.376896459941442,-0.35600212935853087
25.904977375565604,10.601876497205218,12.59149587436785,2.711605003992548
25.961538461538474,12.345288794250724,14.614386478573334,-0.9981368112855998
17.53393665158372,8.756986957678999,9.924807026883148,-1.14785733297844
23.529411764705888,10.693372371573057,13.042321000798506,-0.20628160766569006
15.780542986425338,7.507652382219859,9.63701091296247,-1.3641203087569869
12.500000000000002,4.985693372371571,6.073662496672873,1.44064413095555
18.438914027149323,8.62556561085973,15.013641203087571,-5.200292786797974
31.278280542986433,15.516036731434646,18.360726643598607,-2.598482832046845
22.90723981900453,10.447165291455947,14.832313015704017,-2.372238488155441
27.828054298642538,10.746606334841623,13.760979504924144,3.320468458876765
33.0316742081448,13.476510513707753,19.63501463933989,-0.07985094490284667
51.30090497737558,22.7225845089167,29.070734628693085,-0.49241416023422785
30.712669683257932,13.627894596752734,17.18791589033804,-0.10314080383284466
29.072398190045256,11.142533936651583,13.258583976577054,4.671280276816605
25.33936651583711,10.82812084109662,13.539725845089164,0.971519829651318
21.94570135746606,8.509116316209742,13.865783870109123,-0.429198828852808
24.660633484162894,11.378759648655846,12.779478307159971,0.5023955283470865
10.916289592760178,4.66462603140804,7.615783870109131,-1.3641203087569862
13.34841628959276,6.847218525419217,8.048309821666221,-1.5471120574926793
24.660633484162904,8.15145062549907,12.639739153579992,3.869443705083843
25.056561085972866,8.918352408836837,14.684256055363317,1.4539526217726928
26.357466063348422,12.827721586372109,16.683856800638804,-3.1541123236624955
22.28506787330317,8.939978706414696,8.880090497737553,4.464998669150917
17.477375565610863,9.305962203886084,11.867846686185787,-3.6964333244610037
19.739819004524882,9.083044982698963,11.79132286398723,-1.1345488421612975
14.309954751131224,6.52448762310354,7.695634815011979,0.08983231301570424
30.486425339366505,13.744343891402714,19.28067607133351,-2.5385946233697094
28.450226244343874,13.666156507852001,18.300838434921474,-3.516768698429596
18.382352941176478,9.08969922810753,12.323662496672878,-3.0310087836039377
33.5972850678733,16.94004524886878,20.05423210007985,-3.3969922810753266
17.081447963800915,7.8120841096619635,11.571732765504391,-2.3023689113654506
34.10633484162897,13.855802501996276,19.59176204418419,0.6587702954484969
23.303167420814493,11.031075326058032,14.314945435187646,-2.042853340431194
42.3076923076923,18.786598349747138,23.241615650785207,0.27947830715996996
40.893665158371064,18.314146925738626,24.219789725845075,-1.6402714932126692
16.572398190045256,10.443838168751665,13.182060154378492,-7.05350013308491
19.400452488687794,8.429265371306895,10.275818472185252,0.6953686451956357
28.167420814479645,12.621439978706416,16.114918818206004,-0.5689379824327911
12.669683257918553,4.804365184988022,8.450891668884749,-0.5855735959542187
17.760180995475118,7.965131754059087,11.14586105935587,-1.3508118179398454
24.09502262443439,9.450692041522494,13.563015704019167,1.0813148788927345
24.7737556561086,11.571732765504395,15.251530476443968,-2.0495075858397653
22.454751131221716,10.380622837370247,17.101410700026612,-5.0272824061751376
19.00452488687783,9.359196167154646,12.490018631887146,-2.8446899121639606
29.694570135746613,9.97305030609529,14.667620441841896,5.053899387809422
13.687782805429864,5.168685121107268,7.327987756188447,1.191109928134149
22.68099547511311,9.076390737290385,12.410167686984297,1.1944370508384343
13.857466063348417,6.068671812616452,9.166223050306098,-1.3774287995741281
21.945701357466064,10.007985094490284,12.589832313015703,-0.6521160500399241
11.65158371040723,6.887143997870641,9.2560553633218,-4.4916156507852
22.058823529411768,7.943505456481234,14.178533404311947,-0.06321533138142076
19.626696832579185,6.394729837636413,11.142533936651587,2.0894330582911915
40.441176470588246,21.413361724780415,24.307958477508652,-5.2801437317008215
15.950226244343892,6.918751663561352,10.465464466329518,-1.4339898855469793
16.91176470588235,6.476244343891403,12.524953420282136,-2.089433058291188
42.02488687782804,20.508384349214793,25.349347883949957,-3.832845355336702
28.846153846153854,11.33217993079585,15.021959009848278,2.492014905509715
19.174208144796378,8.093225978174075,11.390404578120847,-0.30942241149853583
29.411764705882362,11.872837370242207,15.459475645461806,2.079451690178334
13.68778280542987,5.727641735427199,7.64073729039127,0.3194037796113923
21.04072398190045,9.44237423476178,9.295980835773221,2.302368911365452
21.88914027149321,9.650319403779612,13.739353207346287,-1.5005323396326853
15.328054298642543,6.807293052967794,8.993212669683258,-0.4724514240085166
27.205882352941178,11.636611658237955,13.902382219856268,1.666888474846953
20.248868778280546,7.640737290391271,13.360061219057759,-0.751929731168484
23.19004524886879,8.542387543252593,15.080183657173281,-0.4325259515570926
17.02488687782806,8.65051903114187,8.351077987756186,0.023289858929998217
18.495475113122165,8.40930263508118,10.718325791855206,-0.6321533138142127
19.85294117647059,8.509116316209743,10.189313281873835,1.1545115783870115
16.968325791855204,7.3562682991748725,8.730369976044717,0.8816875166356138
40.045248868778266,18.3324461006122,23.99188182060154,-2.2790790524354527
29.63800904977376,12.96080649454352,16.32785467128027,0.3493478839499614
19.004524886877828,8.848482832046848,10.18265903646527,-0.026616981634281858
12.047511312217198,5.023955283470855,7.402848017034868,-0.3792919882885282
25.452488687782818,11.077655043918018,13.004059089699227,1.3707745541655585
26.696832579185532,11.52681660899654,15.103473516103273,0.06654245408570764
18.834841628959285,8.362722917221188,9.969723183391004,0.5023955283470856
29.242081447963805,11.964333244610058,17.111392068139466,0.16635613521426754
25.79185520361991,11.581714133617245,16.083311152515297,-1.873170082512644
24.54751131221719,10.811485227575188,15.339699228107529,-1.6036731434655314
21.71945701357466,9.741815278147458,12.267101410700029,-0.2894596752728237
19.9660633484163,7.279744476976309,10.307426137875966,2.378892733564014
16.968325791855207,8.40431195102475,10.922943838168747,-2.3589299973383007
19.626696832579196,7.354604737822729,12.089100346020764,0.18299174873569413
37.83936651583711,16.570734628693103,20.164027149321267,1.1046047378227317
31.504524886877846,14.299973383018362,17.740218259249403,-0.5356667553899381
23.416289592760197,9.72185254192175,14.895528347085438,-1.2010912962470042
12.160633484162897,5.293452222517965,8.524088368379024,-1.6569071067340961
19.909502262443443,10.089499600745278,13.047311684854936,-3.227309023156774
29.977375565610853,10.177668352408837,17.54059089699228,2.259116316209742
33.880090497737555,14.58277881288262,18.621905775885015,0.6754059089699234
29.694570135746616,12.072464732499334,15.609196167154646,2.0129092360926277
23.9819004524887,9.928134149587438,14.968725046579713,-0.9149587436784661
27.60180995475112,11.78799574128294,15.374634016502531,0.43918019696566407
29.97737556561086,10.768232632419474,17.176270960873033,2.03287197231834
20.079185520361996,9.695235560287465,12.41349480968858,-2.0295448496140533
20.984162895927604,6.306561085972854,10.858064945435185,3.819536864519563
13.631221719457015,7.01856534468991,9.314280010646788,-2.7016236358796895
21.832579185520363,9.414093691775351,12.687982432792124,-0.26949693904711225
9.785067873303165,5.5646127229172215,7.743878094224115,-3.5234229438381672
35.180995475113136,13.331780676071334,21.233697098748998,0.6155177002927877
20.588235294117656,6.938714399787065,13.905709342560556,-0.25618844822997006
19.570135746606347,9.981368112856009,13.328453553367043,-3.7396859196167163
19.400452488687783,8.357732233164757,11.212403513441577,-0.1696832579185526
31.617647058823536,13.228639872238492,18.56201756720787,-0.17301038062283564
16.68552036199095,8.031674208144796,10.606867181261645,-1.9530210274154916
12.443438914027151,4.994011179132286,11.315544317274417,-3.8661165823795574
19.45701357466064,6.82891935054565,12.854338568006387,-0.2262443438914025
21.88914027149321,9.424075059888207,13.70275485759915,-1.2376896459941424
23.24660633484164,11.614985360660103,14.695900984828322,-3.0642800106467902
13.178733031674215,5.6178466861857865,8.445900984828322,-0.8850146393398977
10.407239819004527,4.3784934788394985,7.223183391003463,-1.1944370508384345
21.097285067873294,8.672145328719722,11.546779345222252,0.8783603939313287
13.574660633484164,4.722850678733033,7.5109795049241415,1.3408304498269896
8.088235294117643,4.982366249667286,6.549441043385681,-3.443571998935318
24.717194570135753,12.077455416555763,14.755789193505457,-2.1160500399254714
25.000000000000018,10.596885813148788,13.983896726111267,0.4192174607399526
29.072398190045266,14.476310886345495,17.507319669949425,-2.911232366249666
34.21945701357464,15.219922810753257,21.248669150918282,-2.2491349480968856
26.357466063348422,12.980769230769234,17.03985892999734,-3.6631620974181507
21.266968325791854,7.574194836305564,13.429930795847753,0.2628426936385417
20.192307692307686,9.994676603673144,10.919616715464468,-0.7219856268299171
29.638009049773757,10.390604205483097,18.10620175672078,1.1412030875698707
12.443438914027157,6.033737024221455,7.264772424807024,-0.8550705350013306
27.997737556561088,11.04438381687517,16.277947830716,0.6754059089699239
35.180995475113136,17.327655043918025,19.417088102209206,-1.5637476710141067
21.26696832579186,7.9085706680862415,14.216795315411229,-0.8583976577056156
12.047511312217193,7.991748735693374,9.33257918552036,-5.2768166089965405
4.5814479638009065,3.6149188182060152,4.240417886611658,-3.2738887410167687
18.721719457013574,8.039992014905513,9.048110194303966,1.6336172478040991
40.8371040723982,19.471985626829913,24.655642800106463,-3.2905243545381926
12.726244343891398,7.371240351344158,5.438182060154379,-0.08317806760713314
8.031674208144794,4.07905243545382,5.0505722651051395,-1.0979504924141597
18.60859728506788,8.251264306627629,12.526616981634287,-2.169284003194039
16.911764705882355,9.513907372903914,10.142733564013838,-2.744876231035399
16.006787330316744,7.481035400585575,11.147524620708017,-2.6217726909768446
19.230769230769237,7.507652382219859,12.687982432792124,-0.9648655842427452
20.4185520361991,7.520960873036999,13.210340697364915,-0.3127495342028212
18.552036199095024,6.973649188182061,11.698163428267232,-0.11977641735427146
33.484162895927604,14.662629757785473,20.571599680596215,-1.7500665424540842
5.429864253393664,3.400319403779612,5.167021559755123,-3.1374767101410694
17.533936651583705,9.19450359329252,9.357532605802502,-1.0180995475113108
8.4841628959276,6.07033537396859,5.847418152781474,-3.433590630822461
28.78959276018098,12.460074527548578,16.841895129092368,-0.5123768964599411
17.251131221719465,7.003593292520626,9.382486026084642,0.865051903114187
30.486425339366527,13.714399787064142,14.619377162629755,2.1526483896726116
32.29638009049774,12.549906840564274,19.40377961139206,0.3426936385413916
19.513574660633484,8.996539792387539,12.526616981634284,-2.0095821133883405
26.923076923076938,12.669683257918555,18.34575459142933,-4.09236092627096
21.83257918552037,10.393931328187383,12.73955283470854,-1.3009049773755648
46.94570135746606,21.37343625232899,27.71493212669682,-2.1426670215597534
35.52036199095023,16.329518232632417,22.441442640404567,-3.250598882086768
41.57239819004523,16.156507852009593,22.68764972052169,2.7282406175139737
21.66289592760181,11.147524620708014,15.033603939313279,-4.51823263241948
30.599547511312217,14.506254990684052,18.375698695767895,-2.2824061751397346
24.604072398190052,8.918352408836839,14.897191908437584,0.7885280809156251
29.411764705882362,13.845821133883426,18.15444503593292,-2.588501463933988
28.393665158371043,14.012177269097691,13.093891402714927,1.2875964865584253
24.54751131221719,10.793186052701625,15.89366515837103,-2.1393398988554684
27.20588235294118,9.983031674208148,16.584043119510238,0.6388075592227845
6.95701357466063,4.22877295714666,3.842826723449561,-1.1145861059355868
33.71040723981901,14.63933989885546,18.75499068405643,0.31607665690710846
18.49547511312218,8.217993079584774,12.460074527548581,-2.182592494011178
6.843891402714931,5.231900452488688,4.972384881554431,-3.36039393132819
22.624434389140276,10.863055629491614,11.65823795581581,0.10314080383284605
28.2239819004525,12.583178067607133,17.969789725845086,-2.328985892999732
11.481900452488686,5.960540324727173,7.164958743678467,-1.643598615916955
36.14253393665158,16.25465797178599,21.781008783603934,-1.893132818738353
20.531674208144793,6.7740218259249385,10.44716529145595,3.3104870907639095
30.712669683257918,13.524753792919888,19.144264040457806,-1.956348150119776
18.15610859728508,7.515970188980567,10.560287463401648,0.0798509449028478
21.889140271493222,7.156640936917754,12.217194570135748,2.515304764439713
29.977375565610867,12.17726909768432,16.329518232632417,1.4705882352941175
20.58823529411765,8.725379291988284,12.009249401117911,-0.1463933989885546
18.94796380090498,8.287862656374767,12.097418152781476,-1.4373170082512652
17.194570135746602,7.128360393931327,9.537197231833911,0.5290125099813683
19.739819004524897,8.231301570401914,11.555097151982965,-0.04657971785999479
32.35294117647061,14.629358530742605,17.67367580516369,0.049906840564280935
10.746606334841626,5.243545381953688,5.2668352408836885,0.2362257120042584
18.04298642533938,9.691908437583182,12.400186318871436,-4.0491083311152485
32.97511312217194,16.03340431195102,19.320601543784925,-2.3788927335640127
20.7579185520362,9.826656907106734,12.012576523822203,-1.0813148788927331
19.343891402714938,6.3631221719457045,10.415557625765238,2.5652116050039924
32.40950226244344,13.17873303167421,19.18418951290923,0.04657971785999658
24.490950226244344,10.400585573595954,13.048975246207076,1.0413894064413105
27.771493212669686,11.7513973915358,16.791988288528078,-0.7718924673941958
28.619909502262455,10.239220122438118,19.056095288794243,-0.6754059089699217
18.89140271493213,7.16662230503061,11.115916955017306,0.6088634548842164
14.705882352941181,7.8253926004791055,9.891535799840296,-3.0110460473782252
13.122171945701355,5.102142667021559,7.264772424807029,0.7552568538727711
39.140271493212666,18.720055895661428,23.823862124035127,-3.4036465264838935
18.43891402714933,7.319669949427732,12.160633484162894,-1.0413894064413094
12.726244343891402,5.701024753792922,9.081381421346817,-2.056161831248336
39.02714932126699,16.89679265371307,22.636079318605255,-0.5057226510513703
18.099547511312213,7.424474314612722,8.572331647591167,2.1027415491083308
18.947963800904976,7.105070535001331,9.553832845355336,2.289060420548311
10.18099547511312,5.070535001330847,4.385147724248069,0.7253127495342027
29.58144796380091,12.35027947830716,16.59568804897524,0.6354804365185003
23.86877828054299,10.177668352408833,18.215996805962206,-4.524886877828052
23.868778280542987,10.039592760180996,13.985560287463398,-0.1563747671014097
18.495475113122172,6.675871706148522,10.894663295182324,0.9249401117913236
36.764705882352935,14.599414426404042,19.310620175672074,2.854671280276818
26.527149321266975,12.872637742879961,15.68072930529678,-2.026217726909768
21.21040723981901,7.950159701889808,13.386678200692039,-0.12643066276284182
14.762443438914024,5.373303167420815,9.81833910034602,-0.4291988288528073
18.49547511312217,7.946832579185519,12.884282672344956,-2.335640138408304
16.57239819004525,8.439246739419751,11.340497737556557,-3.2073462869310627
10.237556561085968,5.85074527548576,6.998602608464198,-2.6117913228639855
16.006787330316747,8.27621772690977,8.405975512376902,-0.6754059089699219
33.03167420814482,12.42014905509715,16.89180196965664,3.7197231833910047
26.527149321266965,11.776350811817938,15.266502528613245,-0.5157040191642265
20.418552036199102,7.534269363854138,12.318671812616454,0.5656108597285076
21.832579185520366,9.585440511046048,14.057093425605546,-1.809954751131221
12.330316742081452,6.439645994144266,8.419284003194038,-2.5286132552568534
22.454751131221716,9.805030609528878,10.736624966728774,1.913095554964067
28.05429864253394,11.6266302901251,13.246939047112066,3.180729305296781
25.0,11.154178866116581,13.646193771626296,0.19962736225712088
30.71266968325792,13.990550971519834,17.287729571466596,-0.5656108597285049
38.0656108597285,15.853739685919615,22.431461272291724,-0.2195900984828308
9.728506787330316,4.034136278945967,7.201557093425607,-1.5071865850412558
20.757918552036205,7.327987756188448,12.491682193239283,0.9382486026084652
20.531674208144793,10.202621772690977,9.640338035666758,0.6887143997870642
16.685520361990953,7.14000532339633,9.805030609528876,-0.2595155709342556
30.995475113122158,15.19996007452754,17.502328985893005,-1.7068139472983757
15.497737556561095,5.95721320202289,10.30243545381954,-0.7619110992813414
42.87330316742081,19.3305829118978,23.073595954218774,0.4691243013042347
14.819004524886887,6.912097418152778,10.728307159968061,-2.8214000532339627
19.62669683257918,10.517034868245938,9.192840031940378,-0.0831780676071326
35.35067873303167,17.344290657439444,19.01783337769497,-1.0114453021027403
23.416289592760187,9.6303566675539,14.391469257386216,-0.6055363321799304
27.20588235294118,11.942706947032216,16.12822730902315,-0.8650519031141853
15.66742081447964,7.16163162097418,9.447364918818204,-0.9415757253127492
10.859728506787327,4.969057758850146,5.913960606867179,-0.023289858929997007
33.088235294117666,16.54079052435454,20.69303965930263,-4.1455948895395265
39.19683257918553,16.72045515038594,19.73150119776417,2.7448762310354033
39.423076923076934,14.524554165557621,23.128493478839502,1.770029278679798
26.074660633484168,9.487290391269633,14.175206281607661,2.412163960606868
5.429864253393665,3.698096885813148,5.364985360660101,-3.633217993079585
15.441176470588239,5.235227575192973,10.68505456481235,-0.4791056694170874
26.527149321266975,11.372105403247275,14.91881820601544,0.23622571200426
23.472850678733025,12.767833377694968,14.607732233164757,-3.902714932126697
25.226244343891395,8.1331514506255,13.266901783337765,3.826191109928136
24.717194570135746,9.55050572265105,13.203686451956347,1.9630023955283475
25.961538461538453,10.332379558158111,11.174141602342296,4.455017301038064
25.39592760180996,8.58896726111259,13.586305562949168,3.2206547777482055
31.10859728506788,11.585041256321539,18.89805696034069,0.6254990684056444
40.72398190045249,18.979571466595687,23.29152249134949,-1.5471120574926802
22.51131221719457,10.19430396593026,13.554697897258452,-1.2376896459941447
19.79638009049774,9.003194037796112,12.719590098482842,-1.9264040457812084
16.17647058823529,7.136678200692044,9.229438381687515,-0.1896459941442645
8.3710407239819,4.197165291455949,3.1790657439446366,0.9948096885813151
17.36425339366517,7.512643066276284,10.270827788128823,-0.41921746073995114
35.35067873303167,16.294583444237418,18.410633484162894,0.6454618046313552
21.60633484162897,7.364586105935587,13.243611924407771,0.9981368112856016
19.00452488687783,8.262909236092623,12.3053633217993,-1.5637476710141067
45.47511312217196,20.348682459409112,27.465397923875432,-2.338967261112589
16.91176470588236,5.170348682459409,9.655310087836032,2.0861059355869043
29.411764705882344,14.271692840031942,17.50898323130157,-2.3689113654511558
20.531674208144807,8.129824327921213,13.446566409369183,-1.0447165291455938
25.056561085972852,9.720188980569603,14.364852275751925,0.9715198296513184
16.628959276018108,6.7657040191642235,6.393066276284269,3.4701889805696036
27.884615384615394,13.087237157306362,15.073529411764708,-0.27615118445568165
21.832579185520363,11.49853606601012,14.083710407239822,-3.7496672877295696
15.441176470588236,7.5991482565877,9.116316209741814,-1.2742879957412827
36.651583710407245,16.572398190045252,22.534602076124557,-2.4554165557625747
13.46153846153846,4.450026616981635,8.359395794516905,0.6521160500399259
10.746606334841628,4.448363055629491,8.55403247271759,-2.2557891935054575
21.49321266968326,11.087636412030879,15.193305829118982,-4.787729571466595
23.30316742081449,10.598549374500928,15.42620441841895,-2.721586372105402
32.183257918552044,15.214932126696832,19.06774021825924,-2.0994144264040453
17.251131221719458,6.250000000000001,11.590031940377965,-0.5889007186585044
19.061085972850684,6.579385147724247,13.829185520361989,-1.3474846952355592
13.29185520361991,3.6465264838967264,6.654245408570669,2.991083311152517
28.337104072398176,12.403513441575729,13.241948363055624,2.691642267766835
21.54977375565611,8.519097684322597,15.329717859994682,-2.2990417886611647
17.47737556561086,9.041455948895397,10.588568006388076,-2.1526483896726125
22.171945701357465,9.440710673409635,12.531607665690716,0.1996273622571208
17.533936651583716,8.650519031141869,11.205749268033005,-2.322331647591162
34.78506787330316,15.153380356667554,19.19250731966995,0.439180196965664
18.26923076923077,9.03812882619111,12.598150119776411,-3.367048176736759
11.59502262443439,4.712869310620177,7.42114719190844,-0.5389938780942235
27.94117647058824,10.80150385946234,14.980369976044711,2.1593026350811813
26.80995475113123,10.084508916688852,12.819403779611394,3.9060420548309818
13.235294117647062,5.644463667820069,7.76051370774554,-0.16968325791855116
12.839366515837106,4.604737822730904,9.39579451690178,-1.1611658237955818
49.547511312217225,21.173808890071875,26.374101676869845,1.9996007452754876
19.513574660633488,7.886944370508386,11.017766835240886,0.6088634548842167
16.289592760181,6.176803300505723,10.408903380356666,-0.29611392068139425
20.927601809954755,9.043119510247537,12.493345754591424,-0.6088634548842151
18.778280542986433,5.4115650785200975,13.832512643066279,-0.4657971785999464
32.01357466063349,12.829385147724249,18.615251530476442,0.5689379824327929
21.776018099547514,12.60314080383285,14.512909236092629,-5.340031940377958
11.481900452488684,5.947231833910033,7.833710407239819,-2.2990417886611647
22.22850678733033,10.290790524354536,12.114053766302904,-0.17633750332712206
18.099547511312213,8.219656640936917,12.145661431993613,-2.2657705616183113
31.674208144796378,15.723981900452484,18.70508384349215,-2.7548575991482567
11.651583710407236,5.832446100612189,7.1000798509448995,-1.2809422411498521
14.196832579185521,6.838900718658506,11.899454351876496,-4.541522491349479
26.470588235294123,10.234229438381687,15.39126963002396,0.8450891668884762
18.55203619909503,7.810420548309822,12.914226776683519,-2.1726111258983223
32.86199095022625,14.507918552036198,19.15923609262709,-0.8051636944370488
19.400452488687783,4.8409635347351605,11.668219323928666,2.8912696300239578
32.579185520361996,14.48961937716263,18.831514506254983,-0.7419483630556283
27.14932126696832,10.769896193771624,13.571333510779873,2.8080915624168226
24.943438914027148,8.475845089166889,12.974114985360663,3.493478839499603
17.420814479638015,9.051437317008252,11.450292786797982,-3.0809156241682176
9.332579185520359,4.28533404311951,9.02648389672611,-3.9792387543252565
27.828054298642535,12.222185254192178,17.745208943305833,-2.1393398988554675
18.269230769230777,7.071799307958477,9.790058557359592,1.4073729039126979
32.46606334841629,14.712536598349747,19.06441309555496,-1.310886345488419
33.93665158371039,19.29398456215065,20.428533404311946,-5.785866382752193
39.70588235294118,20.683058291189784,22.11039393132819,-3.0875698695767886
32.579185520361996,14.263375033271226,19.553500133084906,-1.2376896459941433
22.285067873303156,7.70395262177269,11.011112589832319,3.570002661698164
35.520361990950235,14.471320202289062,19.112656374767106,1.9363854138940664
19.739819004524893,7.787130689379824,10.791522491349479,1.1611658237955818
23.699095022624427,9.859928134149591,14.574461006121908,-0.7352941176470588
21.549773755656116,8.573995208943305,12.826058025019957,0.14972052169284122
13.857466063348417,4.3718392334309275,11.748070268831523,-2.2624434389140267
31.843891402714934,13.626231035400586,17.58883417620441,0.6288261911099293
15.101809954751133,4.967394197498004,9.472318339100346,0.6620974181527818
20.4185520361991,8.434256055363322,12.73622571200426,-0.7519297311684855
18.156108597285062,7.966795315411233,12.35859728506788,-2.1692840031940377
25.05656108597285,11.130889007186592,17.46573063614585,-3.5400585573595933
19.061085972850684,7.276417354272026,9.908171413361725,1.8764972052169289
13.68778280542987,6.299906840564277,11.623303167420818,-4.235427202555227
31.67420814479639,13.834176204418421,18.395661431993616,-0.5556294916156495
15.045248868778284,7.053500133084908,6.860527016236356,1.1312217194570138
28.450226244343884,13.559688581314875,16.637277082778805,-1.7467394197497998
17.760180995475114,7.9784402448762295,10.111125898323134,-0.3293851477242482
23.52941176470589,11.362124035134416,15.58756986957679,-3.420282140005322
39.93212669683258,16.657239819004527,22.61944370508384,0.6554431727442112
13.800904977375565,5.807492680330053,9.004857599148256,-1.0114453021027414
20.7579185520362,10.723316475911641,14.423076923076923,-4.388474846952355
17.25113122171946,5.740950226244343,10.262509981368119,1.2476710141070007
29.355203619909506,11.691509182858663,17.004924141602334,0.6587702954484969
37.21719457013576,15.624168219323927,21.00412563215331,0.588900718658505
12.273755656108598,5.789193505456483,6.514506254990686,-0.02994410433856768
23.020361990950235,10.536997604471654,13.005722651051373,-0.5223582645727972
27.375565610859717,9.472318339100344,14.725845089166883,3.1774021825924943
17.92986425339366,9.826656907106736,12.668019696566411,-4.564812350279478
26.47058823529412,10.942906574394467,13.444902848017032,2.0827788128826197
13.970588235294125,3.902714932126697,10.034602076124568,0.033271227042853894
23.076923076923087,12.230503060952884,12.556561085972849,-1.7101410700026607
13.34841628959276,6.383084908171414,7.115051903114189,-0.14972052169283928
26.52714932126697,10.052901250998135,17.615451157838695,-1.1412030875698689
25.452488687782814,12.313681128560017,14.210141070002667,-1.0713335107798772
29.185520361990942,14.589433058291181,14.479638009049772,0.11644929464998742
15.214932126696835,5.140404578120843,10.856401384083041,-0.7818738355070523
27.658371040723985,13.18372371573063,15.399587436784667,-0.9249401117913217
21.040723981900445,9.189512909236093,12.503327122704283,-0.6521160500399249
25.791855203619907,13.807559222784143,12.939180196965662,-0.9548842161298895
35.80316742081448,16.851876497205215,18.804897524620706,0.14639339898855647
19.570135746606336,10.292454085706682,10.581913760979505,-1.3042321000798505
26.47058823529413,12.095754591429337,16.50086505190311,-2.126031408038327
16.45927601809954,7.5176337503327115,12.089100346020759,-3.147458078253924
19.061085972850687,7.660700026616981,12.408504125632154,-1.008118179398455
28.676470588235297,11.288927335640134,14.642667021559744,2.7448762310354025
19.004524886877828,7.2364918818206,11.721453287197233,0.046579717859995325
39.81900452488688,16.853540058557357,20.91595688048975,2.0495075858397667
17.533936651583712,8.386012776151182,10.95455150385946,-1.806627628426938
21.88914027149322,9.80835773223317,13.54471652914559,-1.463933989885546
19.004524886877824,8.585640138408305,11.127561884482304,-0.7086771360127762
7.9185520361990935,3.8328453553367057,4.175538993878094,-0.08983231301570374
34.219457013574676,14.40145062549907,19.259049773755653,0.5589566143199379
13.46153846153846,5.546313548043652,7.396193771626296,0.5190311418685127
13.235294117647062,4.105669417088101,7.306361458610591,1.823263241948364
31.561085972850684,13.366715464466333,20.699693904711204,-2.5053233963268555
28.789592760181,10.926270960873039,14.070401916422675,3.792919882885281
20.24886877828055,9.956414692573864,12.325326058025025,-2.0328719723183375
14.819004524886875,7.068472185254194,11.310553633217996,-3.560021293585307
39.87556561085974,17.484029811019436,20.920947564546182,1.470588235294119
15.723981900452486,5.355003992547244,9.450692041522496,0.9182858663827523
23.585972850678747,11.441974980037259,13.341762044184192,-1.1977641735427198
11.255656108597286,6.241682193239287,8.337769496939046,-3.323795581581047
16.968325791855204,5.714333244610061,10.645129092360929,0.608863454884217
10.46380090497738,6.434655310087835,8.008384349214797,-3.9792387543252583
38.687782805429876,16.855203619909506,21.0274154910833,0.8051636944370527
25.565610859728515,7.690644130955548,13.55968858131488,4.315278147458077
11.821266968325789,3.3753659834974714,6.220055895661432,2.2258450891668886
28.393665158371036,10.711671546446631,17.222850678733025,0.45914293319137683
28.393665158371036,12.794450359329254,16.474248070268832,-0.8750332712270417
35.463800904977376,12.702954484961406,19.473649188182065,3.2871972318339107
21.380090497737562,9.640338035666757,13.945634815011973,-2.205882352941177
28.167420814479637,11.33550705350013,17.59382486026085,-0.7619110992813396
26.696832579185525,11.244011179132288,14.537862656374767,0.9149587436784674
19.004524886877824,6.714133617247805,13.541389406441303,-1.2509981368112848
44.62669683257918,21.032406175139734,24.555829118977915,-0.9615384615384607
16.0633484162896,8.316143199361195,11.423675805163697,-3.6764705882352944
17.25113122171946,6.138541389406443,10.972850678733032,0.13973915357998506
29.581447963800922,13.987223848815544,18.08623902049508,-2.4920149055097167
10.746606334841626,3.8927335640138407,6.51783337769497,0.3360393931328189
39.027149321266975,14.4180862390205,21.022424807026884,3.5866382752195913
24.490950226244344,11.303899387809423,14.301636944370504,-1.1145861059355862
14.649321266968332,7.4128293851477185,8.780276816608994,-1.5437849347883947
19.51357466063349,8.059954751131224,12.947498003726382,-1.4938780942241139
20.75791855203621,7.337969124301305,10.681727442108068,2.7382219856268297
27.545248868778287,10.784868245940915,16.174807026883148,0.5855735959542202
18.94796380090498,8.766968325791854,12.875964865584244,-2.6949693904711203
5.82579185520362,3.5566941708810225,2.8945967527282406,-0.6254990684056426
17.590497737556564,5.458144796380089,12.125698695767902,0.0066542454085711375
40.723981900452486,16.868512110726645,22.30835773223316,1.5471120574926809
8.314479638009047,3.9759116316209737,5.905642800106468,-1.5670747937183926
32.918552036199124,14.679265371306895,18.292520628160762,-0.053233963268563916
36.53846153846155,16.96666223050307,20.503393665158377,-0.9315943571998913
22.680995475113114,9.622038860793188,15.936917753526746,-2.8779611392068123
17.59049773755656,7.387875964865584,11.540125099813677,-1.3375033271227048
16.79864253393666,7.767167953154111,9.716861857865315,-0.6853872770827779
33.201357466063364,15.692374234761774,19.521892467394192,-2.012909236092626
20.814479638009058,10.116116582379563,12.754524886877833,-2.0561618312483363
18.55203619909503,7.9734495608198,11.643265903646526,-1.064679265371306
12.047511312217194,5.749268033005056,8.813548043651856,-2.5153047644397124
16.79864253393665,9.056428001064678,8.144796380090499,-0.4025818472185248
35.69004524886878,16.668884748469523,21.330183657173272,-2.309023156774021
20.135746606334855,7.1832579185520355,13.015704019164222,-0.06321533138142064
17.816742081447977,9.399121639606067,10.600212935853081,-2.1825924940111783
35.01131221719457,11.616648922012237,19.315610859728498,4.079052435453823
17.92986425339367,8.737024221453293,12.283737024221454,-3.090896992281076
19.00452488687783,6.353140803832845,12.218858131487877,0.4325259515570945
23.416289592760187,7.674008517434124,11.68319137609795,4.05908969922811
11.538461538461535,3.71805962203886,7.091762044184188,0.7286398722384887
14.875565610859733,7.131687516635615,10.641801969656644,-2.8979238754325243
15.497737556561088,6.913760979504924,10.952887942507319,-2.3689113654511575
18.834841628959275,7.7638408304498245,13.699427734894858,-2.6284269363854142
26.187782805429865,11.516835240883692,13.815877029544854,0.8550705350013309
15.271493212669688,8.740351344157569,10.527016236358794,-3.995874367846684
14.140271493212667,6.35480436518499,8.074926803300503,-0.2894596752728242
23.02036199095024,10.530343359063083,14.449693904711209,-1.959675272824061
25.282805429864258,11.72478040990152,14.962070801171144,-1.4040457812084102
22.680995475113114,8.971586372105403,14.507918552036198,-0.7985094490284805
19.457013574660635,8.256254990684056,13.736026084641999,-2.535267500665424
27.71493212669683,11.180795847750868,15.672411498536066,0.8617247804099027
28.167420814479634,11.773023689113653,13.429930795847744,2.9644663295182334
22.11538461538462,9.041455948895392,12.957479371839234,0.11644929464998613
38.29185520361992,19.209142933191377,20.566608996539784,-1.4838967261112554
18.72171945701358,9.32592494011179,12.889273356401379,-3.493478839499599
9.785067873303165,4.153912696300239,7.4045115783870115,-1.7733564013840832
10.294117647058822,4.974048442906575,5.449826989619374,-0.12975778546712774
32.01357466063348,14.31494543518765,19.01284269363853,-1.3142134681927058
30.31674208144797,14.446366782006923,15.91362789459675,-0.04325259515570815
36.764705882352956,16.703819536864515,19.77808091562416,0.2828054298642543
11.990950226244344,5.667753526750068,6.589366515837105,-0.2661698163428265
20.47511312217195,7.540923609262713,13.57299707213202,-0.6388075592227842
26.357466063348415,11.92773489486292,15.537663029012505,-1.107931860527015
6.957013574660631,2.911232366249666,6.032073462869312,-1.9862922544583457
13.744343891402718,7.0102475379291995,9.06308224647325,-2.328985892999734
10.746606334841626,3.2655709342560546,6.699161565078518,0.7818738355070536
16.855203619909496,4.386811285600212,10.734961405376634,1.7334309289326602
32.9185520361991,13.449893532073467,19.229105669417088,0.23955283470854513
28.959276018099555,12.218858131487888,18.96959009848283,-2.2291722118711728
21.54977375565611,8.297844024487624,11.904445035932923,1.34748469523556
8.710407239819002,3.5217593824860254,6.2799441043385675,-1.09129624700559
20.87104072398191,6.128560021293584,12.360260846420015,2.3822198562682995
13.97058823529412,5.378293851477242,7.464399787064145,1.1278945967527283
23.416289592760197,10.32073462869311,14.256720787862653,-1.161165823795582
39.25339366515837,16.043385680063878,20.94756454618046,2.2624434389140284
39.19683257918552,16.507519297311692,21.61465264838968,1.0746606334841642
33.993212669683274,12.425139739153586,20.050904977375563,1.5171679531541133
20.8710407239819,9.953087569869577,12.099081714133623,-1.181128560021293
28.110859728506796,13.474846952355602,14.33657173276551,0.29944104338568084
16.79864253393665,5.542986425339366,11.73808890071866,-0.48243279212137263
25.22624434389142,10.081181793984562,13.661165823795576,1.4838967261112594
25.4524886877828,12.225512376896463,15.462802768166089,-2.235826457279744
30.656108597285076,13.611258983231295,17.919882885280803,-0.8750332712270414
31.900452488687783,13.780942241149846,18.448895395262177,-0.32938514772424743
25.282805429864258,11.355469789725852,14.995342028213999,-1.0680063880755917
24.773755656108598,10.357332978440244,13.854138940644127,0.5622837370242217
17.647058823529417,8.206348150119776,11.137543252595155,-1.6968325791855206
17.760180995475114,8.635546978972581,11.087636412030877,-1.963002395528347
20.13574660633484,8.88341762044184,12.623103540058558,-1.370774554165558
18.15610859728507,8.77029544849614,10.35400585573596,-0.9681927069470322
11.990950226244344,4.148922012243812,7.319669949427736,0.5223582645727978
21.719457013574672,10.400585573595963,15.554298642533935,-4.235427202555227
31.27828054298643,12.573196699494284,17.89659302635081,0.8084908171413369
17.081447963800905,7.753859462336971,12.534934788394994,-3.207346286931061
21.549773755656112,7.565877029544849,12.606467926537126,1.3774287995741288
35.06787330316743,14.877229172211864,19.332246473249935,0.8583976577056174
30.995475113122186,13.77262443438914,15.728972584508918,1.4938780942241152
31.730769230769244,13.632885280809157,16.384415757253123,1.7134681927069488
21.09728506787329,9.893199361192448,12.638075592227834,-1.433989885546978
22.34162895927602,7.991748735693376,14.296646260314079,0.05323396326856633
17.70361990950227,8.685453819536862,12.045847750865043,-3.0276816608996544
35.01131221719458,14.531208410966194,22.379890870375302,-1.8997870641469243
19.061085972850684,7.837037529944106,9.091362789459676,2.1326856534468996
12.04751131221719,6.502861325525686,8.934988022358265,-3.3903380356667534
17.251131221719458,8.09488953952622,9.91815278147458,-0.7619110992813419
28.39366515837105,10.696699494277356,14.5661431993612,3.1308224647325016
28.337104072398184,15.065211605003991,16.243013042320996,-2.9711205749268044
17.590497737556568,5.210274154910834,8.823529411764707,3.556694170881023
26.24434389140271,9.750133084908171,12.395195634815012,4.099015171679531
41.96832579185521,18.39067074793719,24.2597151982965,-0.6820601543784917
20.305429864253405,8.232965131754062,11.440311418685118,0.6321533138142148
9.954751131221716,4.185520361990951,8.07159968059622,-2.302368911365451
21.776018099547514,8.039992014905511,11.95268831514506,1.78333776949694
28.78959276018101,13.120508384349211,15.432858663827519,0.23622571200425926
14.423076923076923,5.2302368911365456,8.986558424274689,0.20628160766569031
13.970588235294118,7.264772424807024,9.786731434655307,-3.0809156241682194
19.85294117647059,9.788394996007456,10.77322331647591,-0.7086771360127753
21.66289592760181,8.578985892999736,10.884681927069469,2.199228107532606
26.979638009049772,10.385613521426675,14.208477508650516,2.385546978972585
28.563348416289607,13.486491881820594,17.56554431727442,-2.4886877828054286
22.228506787330314,6.70581581048709,12.19556827255789,3.327122704285334
13.46153846153846,8.284535533670484,11.455283470854404,-6.278280542986424
15.667420814479634,8.020029278679802,10.901317540590897,-3.2539260047910563
11.029411764705882,4.892533936651582,8.023356401384088,-1.8864785733297844
5.5429864253393655,3.8062283737024236,4.634681927069471,-2.897923875432525
30.033936651583716,12.821067340963538,16.773689113654513,0.43918019696566535
12.952488687782807,5.1487223848815535,10.006321533138136,-2.202555230236891
23.020361990950228,9.37416821932393,12.158969922810758,1.4872238488155447
27.205882352941174,11.283936651583714,15.738953952621781,0.1829917487356951
19.230769230769234,7.860327388874098,12.47171945701358,-1.1012776151184442
25.39592760180995,10.846420015970189,13.41495874367847,1.1345488421613
22.62443438914026,7.179930795847752,9.834974713867451,5.609528879425076
22.96380090497738,10.011312217194574,14.815677402182589,-1.8631887143997854
24.095022624434396,10.418884748469527,10.72830715996806,2.947830715996806
25.73529411764707,12.621439978706421,15.675738621240354,-2.561884482299704
29.581447963800887,9.983031674208146,15.872038860793179,3.7263774287995752
21.54977375565611,8.188048975246211,14.240085174341223,-0.8783603939313276
21.266968325791865,9.42740218259249,13.366715464466328,-1.5271493212669691
15.78054298642534,6.990284801703489,10.979504924141603,-2.189246739419751
21.776018099547517,9.493944636678204,10.555296779345223,1.7267766835240888
21.88914027149322,7.80210274154911,12.91589033803567,1.1711471919084384
20.588235294117656,10.22424807026883,13.997205216928391,-3.633217993079583
23.92533936651584,10.853074261378758,14.033803566675537,-0.9615384615384605
36.87782805429864,14.85061219057759,20.49008517434123,1.5371306893798256
32.69230769230769,13.167088102209211,17.246140537663038,2.279079052435455
26.018099547511312,11.170814479638011,13.546380090497744,1.3009049773755674
23.868778280542998,9.347551237689647,12.584841628959275,1.936385413894064
18.38235294117647,8.677136012776153,10.999467660367312,-1.2942507319669947
35.972850678733046,15.682392866648918,19.837969124301303,0.4524886877828071
25.73529411764707,13.118844822997072,17.577189246739415,-4.9607399520894315
22.285067873303166,9.660300771892466,13.19703220654778,-0.5722651051370766
30.825791855203626,15.073529411764707,19.39213468192706,-3.6398722384881523
20.022624434389147,7.722251796646262,11.179132286398717,1.121240351344158
20.8710407239819,10.470455150385947,13.830849081714138,-3.4302635081181774
43.38235294117648,20.794516901783336,23.010380622837356,-0.4225445834442356
24.321266968325798,9.701889805696034,12.806095288794252,1.8132818738355083
21.88914027149321,9.374168219323929,12.095754591429337,0.4192174607399527
23.699095022624434,9.04478307159968,14.22511312217194,0.42919882885280963
10.916289592760181,4.980702688315144,7.133351077987758,-1.1977641735427202
21.040723981900463,9.946433324461005,13.233630556294912,-2.1393398988554697
37.38687782805432,15.170015970188983,21.677867979771072,0.5389938780942254
14.14027149321267,5.701024753792921,7.594157572531278,0.8450891668884746
28.67647058823528,14.04544849614054,17.662030875698694,-3.031008783603939
24.830316742081454,9.766768698429598,14.022158637210538,1.041389406441311
34.898190045248874,13.674474314612725,19.739819004524882,1.48389672611126
29.015837104072396,14.351543784934789,17.292720255523022,-2.628426936385411
29.29864253393666,14.665956880489746,16.19310620175671,-1.560420548309821
29.468325791855214,10.81481235027948,13.805895661431997,4.847617780143732
20.36199095022626,8.179731168485494,11.83291189779079,0.3493478839499602
29.97737556561086,15.750598882086772,17.906574394463654,-3.6797977109395785
19.287330316742086,9.379158903380354,11.548442906574387,-1.6402714932126687
21.66289592760181,10.220920947564547,10.833111525153047,0.6088634548842169
28.61990950226245,10.931261644929474,16.81361458610593,0.8750332712270433
29.24208144796381,14.213468192706948,17.923210007985094,-2.8945967527282406
22.28506787330317,11.392068139472984,15.301437317008249,-4.408437583178069
24.604072398190052,10.317407505988822,14.699228107532603,-0.41256321533138074
18.438914027149323,9.202821400053235,10.210939579451692,-0.9748469523556028
24.94343891402717,11.773023689113659,16.19476976310886,-3.0243545381953685
27.658371040723978,11.605003992547251,18.748336438647858,-2.6949693904711207
25.056561085972866,10.636811285600213,13.621240351344154,0.7985094490284812
14.309954751131224,5.291788661165825,8.948296513175404,0.06986957678999209
17.873303167420815,8.53240617513974,12.794450359329252,-3.4535533670481757
22.228506787330318,7.923542720255525,15.24321266968325,-0.9382486026084634
22.05882352941177,11.07100079850945,11.799640670747939,-0.8118179398456211
27.941176470588236,11.575059888208674,17.830050572265097,-1.4639339898855466
30.14705882352941,11.802967793452229,16.69716529145595,1.6469257386212408
22.002262443438916,6.690843758317805,14.805696034069737,0.5057226510513715
26.01809954751132,10.819803034335907,12.177269097684327,3.0210274154910834
29.072398190045263,13.682792121373431,16.294583444237407,-0.9049773755656102
20.248868778280546,7.737223848815545,12.331980303433589,0.17966462603140873
20.02262443438914,10.37230503060953,13.75266169816343,-4.102342294383818
25.395927601809966,13.468192706947033,14.057093425605533,-2.1293585307426133
30.31674208144797,12.969124301304227,15.62084109661964,1.7267766835240883
19.17420814479638,8.811884482299707,13.040657439446365,-2.678333776949694
15.893665158371041,7.258118179398459,8.981567740218257,-0.3460207612456738
19.45701357466063,11.623303167420813,9.73017034868246,-1.8964599414426397
29.63800904977377,13.288528080915626,15.517700292786797,0.8317806760713362
25.113122171945697,10.447165291455946,14.519563481501192,0.14639339898855544
23.92533936651584,8.821865850412562,12.857665690710672,2.2458078253926024
28.78959276018102,12.72790790524355,16.850212935853065,-0.7885280809156225
16.572398190045252,6.003792919882887,11.480236891136544,-0.911631620974181
47.00226244343891,23.634216129890866,26.37909236092628,-3.0110460473782275
21.77601809954751,9.951424008517431,9.62536598349747,2.199228107532604
26.866515837104075,11.02275751929731,13.820867713601281,2.0228906042054833
25.565610859728512,10.407239819004523,12.3635879691243,2.7947830715996833
22.45475113122173,8.489153579984032,12.571533138142136,1.3940644130955548
31.334841628959282,11.57006920415225,16.590697364918817,3.174075059888211
15.158371040723988,7.073462869310619,11.012776151184456,-2.9278679797710927
34.95475113122172,15.239885546978968,16.94337237157306,2.771493212669684
15.66742081447965,6.409701889805697,9.470654777748202,-0.2129358530742605
17.929864253393664,8.479172211871173,11.400385946233694,-1.9496939047112052
18.099547511312217,7.885280809156243,10.932925206281606,-0.7186585041256321
24.717194570135764,11.66322863987224,15.140071865850414,-2.086105935586902
34.61538461538462,14.858929997338306,18.512110726643595,1.2443438914027156
32.91855203619911,12.92753526750066,17.21619643332446,2.7748203353739695
35.40723981900452,14.16855203619909,21.108929997338294,0.12975778546713
22.398190045248874,10.176004791056698,15.595887676337508,-3.3737024221453265
24.321266968325787,8.630556294916158,15.411232366249656,0.2794783071599692
6.78733031674208,3.824527548575991,5.228573329784401,-2.2657705616183126
18.891402714932124,7.384548842161296,11.463601277615115,0.04325259515570967
27.88461538461539,12.501663561352142,17.12969124301305,-1.7467394197497996
14.196832579185518,4.944104338568007,10.670082512643067,-1.4173542720255528
28.110859728506792,11.936052701623636,15.203287197231832,0.9715198296513186
21.493212669683277,9.91815278147458,11.032738887410167,0.5423210007985099
23.133484162895925,10.886345488421616,14.32326324194836,-2.076124567474046
32.07013574660634,17.499001863188717,20.114120308756977,-5.542986425339365
16.34615384615385,5.622837370242215,9.954751131221721,0.7685653446899128
30.37330316742083,14.278347085440506,16.883484162895922,-0.7885280809156229
16.233031674208146,6.374767101410699,10.500399254724512,-0.6421346819270692
7.74886877828054,3.157439446366783,6.883816875166356,-2.292387543252595
17.307692307692314,7.524287995741282,9.839965397923875,-0.05656108597285012
14.140271493212676,7.747205216928399,8.608929997338299,-2.215863721054032
26.018099547511323,8.778613255256854,13.399986691509177,3.8394996007452766
17.30769230769231,7.595821133883418,9.322597817407505,0.3892733564013845
34.16289592760182,15.509382486026087,19.638341762044178,-0.9848283204684575
20.814479638009058,8.086571732765501,9.520561618312483,3.207346286931061
22.511312217194572,8.28453553367048,14.429731168485489,-0.2029544849614054
14.479638009049777,6.965331381421349,8.865118445568271,-1.3508118179398447
31.56108597285068,14.464665956880497,19.15923609262709,-2.062816076656905
26.80995475113122,12.987423476177806,13.60959542187916,0.21293585307426202
29.128959276018115,11.029411764705886,16.542454085706677,1.5570934256055369
34.27601809954751,13.3617247804099,21.28693106201757,-0.37263774287995627
33.88009049773755,13.182060154378494,19.90950226244343,0.7885280809156254
14.253393665158377,4.894197498003728,9.748469523556029,-0.3892733564013836
21.32352941176471,10.144397125365982,13.328453553367043,-2.149321266968325
25.169683257918557,10.450492414160239,13.637875964865584,1.081314878892734
24.490950226244358,12.100745275485762,15.161698163428271,-2.771493212669682
25.565610859728505,12.584841628959273,15.19330582911897,-2.212536598349746
13.46153846153846,4.13561352142667,9.14958743678467,0.17633750332712295
30.54298642533937,13.834176204418425,19.337237157306358,-2.6284269363854125
19.17420814479639,8.682126696832581,9.384149587436783,1.1079318605270168
19.117647058823533,10.315743944636674,12.751197764173543,-3.9492946499866926
24.434389140271506,9.923143465531009,12.528280542986428,1.9829651317540593
17.64705882352941,9.024820335373967,9.503926004791053,-0.8816875166356122
14.649321266968327,7.299707213202025,8.021692840031944,-0.6720787862656372
17.30769230769231,9.184522225179668,9.74680596220389,-1.6236358796912427
15.441176470588239,4.684588767633751,6.913760979504924,3.84282672344956
20.079185520362003,9.221120574926802,12.92420814479638,-2.0661431993611923
20.644796380090504,8.565677402182589,14.993678466861853,-2.9145594889539512
18.26923076923077,8.139805696034069,10.23922012243811,-0.10979504924141582
24.151583710407255,11.42866648922013,15.351344157572527,-2.6284269363854125
15.101809954751136,6.018764972052169,9.419084375831781,-0.33603939313281866
15.214932126696832,8.078253926004788,11.914426404045779,-4.777748203353736
33.371040723981906,14.30662762842693,18.106201756720786,0.9582113388341776
14.705882352941178,5.483098216662231,8.317806760713337,0.9049773755656116
15.384615384615389,6.7091429331913774,9.187849347883947,-0.5123768964599411
20.022624434389147,8.527415491083314,11.09928134149588,0.3959276018099555
22.115384615384617,8.232965131754064,9.753460207612454,4.128959276018102
22.737556561085974,8.800239552834707,12.297045515038596,1.6402714932126696
11.199095022624432,4.759449028480171,7.740550971519829,-1.3009049773755643
30.033936651583698,13.955616183124837,17.62875964865584,-1.5504391801969635
30.65610859728507,12.97744210806495,18.26756720787862,-0.5889007186585021
38.57466063348415,17.321000798509452,22.780809156241688,-1.5271493212669673
23.699095022624434,10.09282672344956,13.15377961139207,0.4524886877828059
28.33710407239819,11.71978972584509,17.525618844822993,-0.9083044982698945
9.219457013574658,5.76923076923077,8.677136012776154,-5.226909768432259
20.4185520361991,9.899853606601015,12.092427468725042,-1.5737290391269627
22.794117647058822,10.600212935853076,12.060819803034333,0.13308490817141488
13.348416289592759,5.398256587702956,7.970122438115518,-0.01996273622571166
23.699095022624437,10.132752195900983,15.389606068671812,-1.823263241948362
24.095022624434396,9.078054298642535,12.198895395262172,2.818072930529679
19.11764705882353,7.629092360926275,12.65637476710141,-1.1678200692041514
18.438914027149323,7.715597551237691,11.185786531807297,-0.4624700558956611
26.75339366515838,8.048309821666226,14.626031408038331,4.079052435453822
23.75565610859728,12.518299174873572,13.436585041256315,-2.1992281075326052
14.309954751131219,7.707279744476976,9.437383550705354,-2.834708544051103
11.368778280542983,5.364985360660102,6.908770295448497,-0.9049773755656106
21.266968325791865,6.938714399787065,9.916489220122438,4.411764705882354
19.62669683257918,7.83371040723982,8.805230236891136,2.9877561884482313
21.719457013574672,10.427202555230235,12.004258717061484,-0.712004258717061
20.814479638009065,6.996939047112056,13.152116050039925,0.6654245408570673
24.321266968325798,13.107199893532073,15.97185254192174,-4.757785467128025
25.961538461538474,12.77116050039926,15.892001597018892,-2.701623635879691
23.190045248868785,8.535733297844022,13.26357466063348,1.3907372903912703
27.77149321266969,11.202422145328718,15.248203353739687,1.3208677136012787
23.13348416289593,11.117580516369445,14.644330582911893,-2.6284269363854134
18.325791855203622,9.552169284003195,12.686318871439976,-3.9126963002395487
28.9027149321267,12.335307426137875,17.89160234229438,-1.3241948363055622
33.371040723981906,13.899055097151983,18.237623103540056,1.2343625232898625
12.782805429864252,7.296380090497738,7.629092360926273,-2.1426670215597565
25.678733031674213,12.50499068405643,16.38441575725313,-3.2106734096353473
20.87104072398191,9.450692041522489,11.822930529677937,-0.4025818472185257
22.228506787330325,8.118179398456217,12.460074527548578,1.6502528613255254
28.393665158371043,12.691309555496407,13.862456747404842,1.83989885546979
29.185520361990957,11.674873569337239,17.700292786797974,-0.18964599414426359
13.687782805429864,8.34442374234762,10.527016236358794,-5.183657173276549
22.115384615384617,10.287463401650253,14.04045781208411,-2.212536598349747
12.839366515837103,6.574394463667823,10.463800904977372,-4.1988288528080915
15.55429864253394,9.099680596220388,10.074527548575988,-3.619909502262445
14.083710407239815,5.809156241682195,8.727042853340434,-0.4524886877828052
18.269230769230774,7.589166888474849,12.097418152781476,-1.4173542720255523
20.02262443438915,8.342760180995477,13.539725845089162,-1.859861591695501
28.45022624434389,12.064146925738621,15.823795581581054,0.5622837370242224
34.50226244343892,13.932326324194836,18.334109661964327,2.235826457279746
20.984162895927607,9.610393931328186,14.002195900984832,-2.6284269363854134
18.212669683257936,5.889007186585044,12.15397923875433,0.16968325791855246
34.33257918552035,13.020694703220657,19.525219590098484,1.7866648922012252
35.57692307692308,15.316409369177537,18.82652382219856,1.4339898855469804
34.219457013574676,15.21326856534469,18.330782539260046,0.6754059089699246
25.0,12.00758583976577,14.945435187649718,-1.9530210274154893
16.176470588235293,9.760114453021025,9.084708544051104,-2.6683524088368378
28.054298642533936,12.980769230769235,17.10640138408305,-2.0328719723183375
19.513574660633488,7.5791855203619924,9.548842161298909,2.3855469789725845
31.617647058823533,11.663228639872235,18.387343625232894,1.5670747937183938
13.009049773755656,6.95035932925206,8.733697098749003,-2.6750066542454074
23.58597285067873,11.799640670747939,15.379624700558953,-3.5932925206281605
20.248868778280553,8.598948629225449,12.095754591429337,-0.4458344423742338
38.97058823529411,17.237822730902316,21.330183657173272,0.402581847218526
28.280542986425356,10.0944902848017,14.453021027415486,3.733031674208145
22.567873303167424,13.484828320468464,15.53766302901251,-6.454618046313548
25.28280542986424,10.97784136278947,14.621040723981896,-0.3160766569071052
10.916289592760178,5.376630290125099,6.43132818738355,-0.8916688847484691
29.468325791855197,12.247138674474316,18.91136545115783,-1.6901783337769476
18.438914027149327,6.7374234761778,11.8645195634815,-0.16302901250998095
9.728506787330312,3.969257386212404,8.267899920149056,-2.508650519031141
22.62443438914027,10.487090763907373,13.178733031674208,-1.0413894064413094
31.730769230769223,11.225712004258709,16.083311152515304,4.42174607399521
28.393665158371054,11.937716262975783,16.67886611658237,-0.22291722118711627
13.06561085972851,5.042254458344423,8.176404045781204,-0.15304764439712454
26.52714932126698,9.701889805696037,11.67487356933724,5.1503859462336985
20.757918552036205,10.09116316209742,12.739552834708535,-2.072797444769764
38.914027149321264,17.77348948629225,20.611525153047637,0.52901250998137
20.588235294117656,8.404311951024754,11.748070268831517,0.43585307426137904
32.29638009049775,12.112390204950755,15.419550173010377,4.764439712536599
31.617647058823533,12.847684322597818,15.758916688847481,3.0110460473782292
16.289592760180998,8.01337503327123,8.043319137609796,0.23289858929997453
30.599547511312224,12.6247671014107,15.00033271227043,2.97444769763109
25.50904977375566,10.89133617247805,15.41955017301038,-0.801836571732765
16.6289592760181,7.833710407239816,8.156441309555495,0.6388075592227846
18.495475113122172,6.133550705350012,8.213002395528346,4.148922012243812
16.006787330316747,7.986758051636939,9.610393931328185,-1.5903646526483892
25.339366515837092,10.846420015970189,16.705483098216668,-2.212536598349745
29.24208144796379,14.537862656374768,17.958144796380086,-3.2539260047910563
18.438914027149323,9.562150652116049,11.305562949161567,-2.428799574128294
17.760180995475107,7.26809954751131,9.577122704285335,0.9149587436784677
14.25339366515837,5.554631354804366,7.597484695235556,1.1012776151184456
21.380090497737562,8.397657705616183,14.562816076656908,-1.5803832845355326
37.27375565610861,16.84688581314879,22.858996539792376,-2.432126696832578
22.115384615384624,10.445501730103805,14.374833643864779,-2.704950758583974
45.41855203619908,22.453087569869577,27.234162895927604,-4.268698429598083
16.798642533936654,6.730769230769232,11.724780409901516,-1.6569071067340957
31.561085972850666,13.907372903912695,15.64080383284536,2.012909236092628
15.610859728506796,6.466262975778547,10.059555496406707,-0.9149587436784665
20.022624434389147,8.820202289060422,12.779478307159966,-1.5770561618312486
43.4954751131222,18.6135879691243,23.900385946233694,0.9815011977641745
35.633484162895925,15.155043918019697,17.523955283470855,2.9544849614053774
19.513574660633484,9.498935320734628,9.891535799840293,0.12310354005855814
20.13574660633484,6.805629491615649,10.172677668352406,3.157439446366783
14.59276018099548,5.829118977907905,10.726643598615917,-1.963002395528347
30.090497737556557,12.393532073462874,15.29478307159968,2.4021825924940114
33.9366515837104,12.331980303433586,19.282339632685645,2.3223316475911635
28.506787330316744,7.422810753260586,15.095155709342556,5.988820867713604
28.733031674208146,13.30017301038062,14.494610061219058,0.9382486026084648
25.39592760180996,13.2602475379292,14.02881288261911,-1.8931328187383547
33.0316742081448,12.787796113920686,18.89972052169284,1.3441575725312764
32.52262443438916,17.510646792653702,18.665158371040725,-3.6531807293052974
12.104072398190043,4.616382752195903,6.4329917487356925,1.0546978972584509
31.561085972850698,12.714599414426402,15.98848815544317,2.857998402981104
16.233031674208153,7.71060686718126,10.315743944636678,-1.793319137609794
22.62443438914028,9.00153047644397,13.95561618312483,-0.33271227042853246
17.81674208144797,8.13481501197764,8.227974447697626,1.4539526217726917
36.764705882352935,17.0265504391802,20.59322597817407,-0.8550705350013287
14.14027149321267,6.220055895661432,6.985294117647059,0.9349214799041794
11.595022624434389,6.406374767101411,9.23110194303966,-4.04245408570668
29.694570135746613,13.293518764972049,14.940444503593294,1.460606867181261
26.13122171945703,12.233830183657165,14.45302102741549,-0.5556294916156508
19.34389140271495,9.023156774021826,12.336970987490018,-2.016236358796912
39.53619909502261,20.43685121107267,23.78393665158371,-4.68458876763375
15.21493212669684,8.475845089166887,10.705017301038064,-3.9659302635081164
21.040723981900463,11.624966728772954,15.198296513175409,-5.7825392600479075
40.8371040723982,20.042587170614848,22.391535799840295,-1.5970188980569586
27.771493212669693,11.56175139739154,12.470055895661432,3.739685919616718
12.330316742081454,5.923941974980038,6.632619110992812,-0.22624434389140274
13.631221719457015,5.419882885280812,7.329651317540594,0.881687516635614
13.914027149321273,5.787529944104335,7.314679265371304,0.8118179398456218
32.635746606334855,13.019031141868513,18.089566143199356,1.5271493212669685
27.9977375565611,12.32366249667288,18.255922278413628,-2.5818472185254175
29.46832579185519,11.834575459142936,15.318072930529679,2.3156774021825934
15.49773755656109,6.216728772957145,8.858464200159705,0.42254458344423795
29.29864253393666,12.504990684056432,14.933790258184708,1.859861591695502
25.2262443438914,11.691509182858661,16.505855735959535,-2.971120574926801
25.226244343891402,10.541988288528076,14.957080117114716,-0.27282406175139673
26.753393665158367,8.858464200159705,12.847684322597821,5.04724514240085
28.789592760180998,13.509781740750599,15.020295448496135,0.25951557093425665
19.17420814479638,7.828719723183393,9.878227309023154,1.4672611125898323
19.400452488687787,7.7738221985626845,11.047710939579453,0.5789193505456477
20.5316742081448,6.536132552568537,10.971187117380886,3.024354538195368
9.954751131221716,4.295315411232367,6.707479371839233,-1.0480436518498792
10.803167420814482,5.451490550971518,7.4244743146127234,-2.072797444769763
27.375565610859727,12.09409103007718,15.97351610327389,-0.6920415224913493
29.524886877828074,11.603340431195107,18.44723183391004,-0.5256853872770816
28.337104072398212,12.83770295448497,17.72524620708011,-2.2258450891668864
20.927601809954744,9.515570934256058,14.283337769496935,-2.871306893798243
29.638009049773743,11.609994676603675,16.713800904977372,1.3142134681927085
14.366515837104073,6.571067340963536,10.27415491083311,-2.478706414692572
20.13574660633485,8.497471386744747,13.275219590098486,-1.6369443705083835
32.183257918552044,13.592959808357737,17.795115783870095,0.7951823263241972
26.414027149321274,12.170614852275751,16.139872238488152,-1.8964599414426384
11.085972850678736,3.716396060686719,6.660899653979239,0.7086771360127764
20.192307692307693,6.1668219323928675,13.047311684854936,0.9781740750598887
31.84389140271493,14.082046845887673,16.46426670215598,1.2975778546712822
19.79638009049775,8.708743678466861,11.87283737024222,-0.7852009582113375
31.165158371040732,13.44656640936918,15.376297577854672,2.3422943838168764
20.135746606334845,10.069536864519566,10.55529677934522,-0.4890870375299436
18.947963800904972,8.770295448496142,13.95727974447697,-3.7796113920681376
25.961538461538467,10.102808091562416,14.18186052701623,1.676869842959809
13.23529411764706,5.285134415757255,6.995275485759913,0.9548842161298908
25.735294117647065,8.944969390471119,16.876829917487353,-0.08650519031141918
18.55203619909503,9.57545914293319,9.961405376630289,-0.9848283204684579
30.20361990950227,11.393731700825127,18.610260846420008,0.19962736225712138
16.346153846153847,7.780476443971253,9.736824594091035,-1.1711471919084373
23.69909502262444,11.629957412829375,13.330117114719197,-1.2609795049241406
16.515837104072393,6.9303965930263525,10.54697897258451,-0.961538461538461
8.3710407239819,3.1840564280010644,7.562549906840565,-2.375565610859729
10.294117647058819,4.255389938780943,7.136678200692045,-1.0979504924141605
34.67194570135747,16.246340165025284,19.57346286931062,-1.1478573329784376
26.13122171945702,11.029411764705882,15.976843225978172,-0.8750332712270422
35.972850678733025,12.649720521692835,19.856268299174868,3.4668618578653203
28.676470588235297,12.000931594357196,16.585706680862387,0.08983231301570463
2.7714932126696823,3.1225046579717857,3.2256454618046324,-3.5766569071067336
28.902714932126703,10.413894064413098,16.252994410433857,2.2358264572797464
28.450226244343916,13.408304498269896,16.023422943838167,-0.9815011977641728
18.382352941176478,7.512643066276284,11.395395262177276,-0.5256853872770827
28.733031674208156,12.659701889805701,15.946899121639605,0.12643066276284287
22.171945701357483,10.121107266435988,15.324727175938246,-3.273888741016767
16.459276018099555,6.995275485759915,9.327588501463934,0.13641203087569925
11.312217194570135,5.027282406175141,8.094889539526218,-1.8099547511312215
13.687782805429862,4.356867181261644,8.632219856268298,0.698695767899921
33.0316742081448,14.634349214799036,16.271293585307426,2.12603140803833
18.891402714932134,6.9004524886877805,10.51703486824594,1.4739153579984028
23.642533936651585,11.370441841895127,14.757452754857601,-2.4853606601011453
26.47058823529412,10.678400319403785,17.618778280542976,-1.8265903646526465
30.712669683257918,13.46819270694704,19.254059089699215,-2.009582113388339
24.490950226244358,11.288927335640135,16.825259515570934,-3.6232366249667254
26.753393665158377,13.276883151450626,16.094956081980293,-2.6184455682725574
14.592760180995478,6.00545648123503,8.560686718126162,0.026616981634283263
17.420814479638008,5.764240085174344,8.485826457279744,3.1707479371839224
16.91176470588236,7.805429864253393,9.142933191376098,-0.0365983497471386
17.138009049773757,6.11857865318073,8.40763907372904,2.611791322863988
37.273755656108584,16.06833910034602,21.29857599148257,-0.09315943571998862
22.05882352941177,7.97178599946766,12.104072398190045,1.98296513175406
14.309954751131222,5.541322863987225,9.008184721852542,-0.23955283470854363
24.03846153846154,11.849547511312219,13.852475379291992,-1.6635613521426673
26.979638009049776,9.783404311951024,13.912363587969123,3.283870109129624
18.495475113122186,7.802102741549111,11.731434655310087,-1.0380622837370235
18.77828054298643,8.920015970188977,11.105935586904453,-1.247671014107
29.75113122171947,11.556760713335109,17.359262709608718,0.8351077987756208
23.58597285067873,9.85161032738888,14.323263241948357,-0.5889007186585032
24.717194570135742,10.781541123236622,14.401450625499063,-0.46579717859994585
8.653846153846153,5.191974980037265,5.874035134415759,-2.412163960606866
26.074660633484168,11.605003992547246,16.79198828852808,-2.3223316475911613
10.40723981900452,4.741149853606601,8.53406973649188,-2.867979771093959
19.68325791855204,7.647391535799839,13.925672078786265,-1.8898056960340688
20.70135746606335,8.966595688048976,13.491482565877032,-1.7567207878626556
22.51131221719459,8.048309821666225,14.479638009049768,-0.01663561352142625
10.972850678733026,3.8943971253659835,7.184921479904181,-0.10646792653713047
29.97737556561085,11.854538195368649,18.18605270162363,-0.06321533138142034
34.33257918552037,15.081847218525422,20.618179398456213,-1.3674474314612726
26.753393665158374,9.305962203886079,16.22637742879957,1.2210540324727182
27.14932126696833,11.147524620708017,13.8724381155177,2.1293585307426133
24.37782805429864,9.883217993079587,13.772624434389144,0.7219856268299173
35.859728506787306,16.447631088634544,19.435387277082775,-0.023289858929994904
28.846153846153843,12.984096353473515,16.786997604471654,-0.9249401117913216
27.94117647058824,14.943771626297579,14.547844024487627,-1.5504391801969652
37.66968325791855,15.900319403779609,18.98788927335639,2.7814745807825414
24.830316742081454,9.467327655043913,14.334908171413359,1.0280809156241697
22.85067873303167,11.68818206015438,15.155043918019695,-3.9925472451424
17.47737556561086,8.188048975246208,10.121107266435986,-0.8317806760713325
9.841628959276012,3.8827521959009843,6.141868512110727,-0.1829917487356935
30.260180995475125,13.170415224913492,16.926736758051636,0.1630290125099829
14.14027149321267,8.026683524088368,8.093225978174074,-1.9796380090497736
31.165158371040715,13.468192706947029,18.176071333510773,-0.4791056694170855
37.726244343891395,17.252794783071597,20.73296513175405,-0.25951557093425354
25.509049773755656,9.460673409635351,16.314546180463132,-0.26616981634282616
27.545248868778284,13.291855203619905,15.840431195102477,-1.5870375299441029
33.76696832579187,15.005323396326855,18.029677934522212,0.7319669949427742
25.169683257918546,10.575259515570938,14.724181527814746,-0.12975778546712682
15.384615384615385,6.128560021293586,10.736624966728781,-1.4805696034069737
8.257918552036198,5.564612722917223,5.484761778014373,-2.7914559488953947
23.868778280542983,9.765105137077452,14.502927867979766,-0.3992547245142389
11.877828054298634,5.671080649454352,7.540923609262707,-1.3341762044184184
16.176470588235308,7.193239286664891,8.650519031141869,0.33271227042853396
28.6764705882353,11.561751397391536,14.499600745275474,2.615118445568274
21.719457013574665,8.21300239552835,14.314945435187642,-0.8084908171413357
37.44343891402713,16.00845089166888,21.900785200958207,-0.46579717859994507
32.29638009049774,14.155243545381952,20.22724248070269,-2.086105935586903
12.2737556561086,7.1167154644663295,7.762177269097682,-2.6051370774554155
23.35972850678734,11.375432525951556,13.368379025818468,-1.3840830449826984
15.66742081447964,7.055163694437054,10.515371306893796,-1.9031141868512114
28.90271493212671,13.456547777482033,17.419150918285865,-1.972983763641202
28.6764705882353,13.18705083843492,16.35114453021027,-0.8617247804099004
24.66063348416289,11.132552568538726,13.029012509981367,0.49906840564280014
8.540723981900452,4.89752462070801,5.093824860260846,-1.4506254990684053
23.69909502262444,9.257718924673942,16.001796646260313,-1.5604205483098208
23.585972850678743,13.004059089699224,14.677601809954748,-4.095688048975245
9.219457013574658,4.295315411232365,6.923742347617779,-1.9996007452754858
22.11538461538462,9.06973649188182,14.270029278679802,-1.2243811551770025
22.794117647058833,8.028347085440512,14.406441309555495,0.359329252062817
29.86425339366515,13.235294117647056,18.818206015437855,-2.189246739419748
19.230769230769234,6.922078786265644,11.184122970455146,1.1245674740484435
28.16742081447965,10.650119776417354,17.513973915357994,0.003327122704286128
28.110859728506792,13.32346286931062,13.473183391003456,1.3142134681927073
28.902714932126717,10.047910566941706,17.03486824594091,1.8199361192440793
35.690045248868785,15.817141336172481,19.054431727442108,0.818472185254193
14.423076923076916,4.970721320202291,8.07825392600479,1.3741016768698435
37.10407239819004,15.387942507319663,20.65477774820334,1.0613521426670225
16.515837104072407,5.567939845621504,8.908371040723981,2.0395262177269102
24.660633484162897,10.091163162097416,13.963933989885545,0.605536332179931
8.427601809954748,3.8677801437317023,7.451091296247002,-2.891269630023954
41.40271493212669,17.92820069204152,24.329584775086513,-0.8550705350013292
22.454751131221727,10.076191109928134,11.52681660899654,0.8517434122970461
18.66515837104073,7.046845887676339,12.190577588501467,-0.5722651051370767
15.271493212669684,6.94869576789992,9.68691775352675,-1.3641203087569864
10.011312217194565,4.659635347351611,6.429664626031409,-1.0779877561884492
14.762443438914024,8.266236358796911,6.116915091828587,0.37929198828852806
26.69683257918553,9.364186851211073,15.56594357199893,1.7667021559755132
31.561085972850684,12.984096353473518,17.518964599414424,1.0580250199627377
17.92986425339367,7.171612989087038,9.507253127495337,1.2509981368112857
24.37782805429865,11.734761778014368,12.017567207878626,0.6254990684056442
13.914027149321267,6.090298110194303,7.594157572531277,0.22957146659568828
27.77149321266969,11.483564013840832,15.96187117380889,0.3260580250199639
17.420814479638018,7.322997072132017,10.73662496672878,-0.6388075592227833
30.31674208144797,11.774687250465794,16.915091828586636,1.6269630023955295
43.89140271493212,20.032605802501998,24.278014373170073,-0.4192174607399502
35.40723981900454,14.507918552036198,19.372171945701357,1.5271493212669698
20.757918552036195,6.446300239552835,13.722717593824854,0.5889007186585049
28.733031674208142,11.019430396593027,15.474447697631085,2.23915357998403
37.33031674208145,15.865384615384622,20.104138940644127,1.3607931860527058
31.78733031674208,11.551770029278677,17.6270960873037,2.608464200159704
18.83484162895928,7.659036465264834,13.188714399787065,-2.0129092360926255
8.144796380090495,4.218791589033805,6.378094224114984,-2.4520894330582914
32.975113122171955,13.742680330050572,17.57219856268298,1.6602342294383838
19.004524886877828,6.6908437583178095,11.325525685387275,0.9881554431727443
9.728506787330314,5.3500133084908175,5.313414958743678,-0.9349214799041783
39.366515837104075,14.845621506521162,21.99228107532605,2.5286132552568565
20.871040723981903,8.612257120042585,9.979704551503858,2.279079052435453
36.595022624434385,16.136545115783875,21.300239552834704,-0.8417620441841891
25.56561085972851,10.733297844024491,15.7439446366782,-0.9116316209741803
12.047511312217202,6.391402714932128,7.975113122171946,-2.3190045248868763
16.233031674208146,7.228174075059888,11.629957412829391,-2.6250998136811274
26.640271493212666,8.600612190577587,12.872637742879956,5.167021559755126
11.708144796380086,5.444836305562949,9.227774820335371,-2.964466329518232
26.923076923076938,12.503327122704285,13.707745541655585,0.7120042587170619
9.898190045248866,4.3668485493745015,4.05409901517168,1.4772424807026887
23.585972850678733,8.277881288261911,13.824194836305562,1.4838967261112601
27.14932126696832,13.67281075326058,15.452821400053237,-1.9763108863454875
30.825791855203633,14.720854405110462,17.562217194570135,-1.457279744476974
23.585972850678743,8.492480702688315,13.493146127229172,1.600346020761246
28.733031674208153,12.318671812616454,17.94816342826724,-1.5338035666755385
15.384615384615387,7.056827255789196,9.585440511046047,-1.2576523822198562
18.156108597285076,7.356268299174873,11.58171413361725,-0.7818738355070528
12.726244343891405,4.53486824594091,8.041655576257652,0.14972052169284067
38.74434389140271,18.339100346020764,20.950891668884744,-0.5456481235027941
23.472850678733046,10.588568006388074,12.059156241682192,0.8251264306627634
15.837104072398189,3.6698163428267248,9.888208677136014,2.2790790524354536
9.558823529411763,5.930596220388607,5.5147058823529385,-1.8864785733297853
10.746606334841628,5.251863188714397,7.683989885546979,-2.18924673941975
31.278280542986433,14.090364652648386,16.732100079850944,0.4558158104870921
8.710407239819002,4.150585573595956,5.448163428267231,-0.888341762044184
17.92986425339367,8.234628693106206,11.678200692041523,-1.9829651317540589
19.739819004524893,6.196766036731436,11.423675805163695,2.11937716262976
13.06561085972851,6.890471120574925,7.778812882619109,-1.6036731434655296
23.020361990950235,8.623902049507583,14.033803566675545,0.3626563747671028
17.816742081447963,8.410966196433325,12.769496939047103,-3.363721054032474
23.868778280542987,11.154178866116581,15.213268565344698,-2.498669150918285
30.825791855203633,16.545781208410965,18.092893265903648,-3.8128826191109915
20.3054298642534,11.375432525951563,10.813148788927332,-1.8831514506254985
19.513574660633488,9.545515038594623,10.0944902848017,-0.12643066276284187
14.253393665158372,7.21652914559489,8.697098749001864,-1.6602342294383805
29.072398190045234,10.457146659568812,16.299574128293838,2.315677402182593
29.128959276018104,13.429930795847751,16.470920947564544,-0.7718924673941964
19.57013574660634,9.70022624434389,11.952688315145064,-2.082778812882618
18.382352941176467,7.046845887676337,12.443438914027153,-1.1079318605270163
24.377828054298675,9.993013042320998,16.407705616183115,-2.0228906042054824
16.006787330316744,6.053699760447165,11.094290657439448,-1.141203087569868
22.171945701357465,9.084708544051106,13.14379824327921,-0.05656108597285014
30.65610859728508,12.297045515038587,14.712536598349745,3.6465264838967264
26.923076923076913,11.135879691243016,14.113654511578382,1.6735427202555242
19.96606334841629,8.296180463135482,12.488355070535,-0.8184721852541916
21.04072398190046,8.810220920947565,12.9092360926271,-0.6787330316742064
35.180995475113114,17.39419749800372,21.037396859196164,-3.250598882086768
27.432126696832594,11.024421080649452,17.78846153846154,-1.3807559222784127
21.153846153846164,9.908171413361723,13.045648123502794,-1.799973383018366
19.90950226244345,7.025219590098482,11.66988288528081,1.2143997870641468
20.6447963800905,9.329252062816078,12.48669150918286,-1.1711471919084373
24.886877828054306,11.633284535533672,12.91089965397924,0.3426936385413899
9.841628959276013,4.687915890338036,5.433191376097951,-0.27947830715996774
28.846153846153843,11.553433590630828,16.078320468458873,1.2143997870641472
34.55882352941176,14.983697098749003,19.58843492147991,-0.013308490817140351
33.82352941176472,14.840630822464732,18.673476177801437,0.30942241149853733
19.40045248868779,6.960340697364921,12.802768166089955,-0.3626563747671006
11.990950226244346,5.153713068937983,6.3514772424807,0.48575991482565833
22.228506787330318,9.176204418418951,10.593558690444505,2.4587436784668624
30.656108597285066,15.093492147990416,16.26131221719457,-0.6986957678999182
22.794117647058822,11.812949161565083,15.279811019430396,-4.298642533936651
15.49773755656109,6.747404844290657,8.12816076656907,0.6221719457013577
17.47737556561086,7.211538461538462,11.034402448762311,-0.7685653446899123
13.404977375565618,5.32672344956082,8.094889539526214,-0.01663561352142578
23.472850678733042,11.089299973383014,13.132153313814218,-0.7486026084641995
35.35067873303168,12.456747404844291,21.21040723981901,1.68352408836838
33.71040723981901,14.63933989885548,18.641868512110733,0.429198828852809
18.891402714932134,9.084708544051104,13.606268299174879,-3.7995741282938513
24.038461538461547,8.770295448496142,15.873702422145326,-0.6055363321799299
17.98642533936653,6.273289858929998,11.47690976843226,0.23622571200425924
10.690045248868781,5.463135480436519,6.777348948629225,-1.5504391801969664
30.486425339366516,13.559688581314875,16.27462070801171,0.6521160500399266
6.16515837104072,3.6748070268831516,6.303233963268563,-3.812882619110994
32.126696832579185,14.028812882619114,16.484229438381682,1.6136545115783887
14.366515837104076,6.3464865584242744,10.139406441309555,-2.1193771626297586
18.721719457013577,9.169550173010379,11.159169550173008,-1.6070002661698157
14.140271493212667,8.633883417620439,9.954751131221721,-4.448363055629489
27.319004524886886,11.568405642800107,17.001597018898053,-1.2509981368112841
50.79185520361989,23.922012243811555,27.508650519031143,-0.638807559222783
26.414027149321278,11.340497737556557,15.738953952621765,-0.6654245408570646
21.889140271493225,7.918552036199092,11.897790790524356,2.0727974447697632
12.160633484162897,5.013973915357998,7.832046845887678,-0.6853872770827786
30.599547511312227,11.518498802235829,16.04338568006387,3.0376630290125113
27.37556561085974,13.36338834176205,17.718591961671542,-3.7064146925738592
18.834841628959275,6.918751663561354,10.335706680862389,1.580383284535534
23.416289592760187,10.32073462869311,11.239020495075856,1.8565344689912178
22.398190045248874,9.537197231833913,14.554498269896193,-1.6935054564812335
14.819004524886882,6.887143997870639,8.983231301570402,-1.0513707745541645
16.233031674208146,8.20135746606335,11.298908703752998,-3.2672344956081982
26.414027149321267,11.382086771360129,13.760979504924139,1.270960873037
21.380090497737562,9.926470588235293,12.3752328985893,-0.9216129890870369
29.015837104072393,12.470055895661428,17.038195368645194,-0.49241416023422757
28.61990950226245,13.032339632685657,17.587170614852273,-1.9996007452754863
18.156108597285062,7.1766036731434655,12.22052169284003,-1.2410167686984281
24.038461538461544,8.858464200159702,11.859528879425067,3.320468458876765
24.321266968325798,10.329052435453823,11.759715198296513,2.2324993345754596
36.53846153846155,15.457812084109664,17.73689113654511,3.3437583178067602
16.402714932126692,6.747404844290658,9.824993345754592,-0.16968325791855163
34.89819004524887,14.759116316209738,20.009315943571988,0.12975778546712913
26.300904977375566,11.372105403247273,14.406441309555493,0.5223582645727981
25.678733031674223,12.658038328453548,17.029877561884486,-4.009182858663825
18.382352941176478,7.236491881820599,11.704817673675807,-0.5589566143199356
31.44796380090499,13.558025019962738,20.38860793186052,-2.498669150918285
12.839366515837108,5.814146925738622,8.246273622571199,-1.221054032472717
23.755656108597286,12.681328187383551,15.675738621240354,-4.601410700026616
37.21719457013575,15.206614319936119,23.4911498536066,-1.4805696034069722
20.984162895927604,7.998402981101945,10.686718126164495,2.299041788661166
21.32352941176471,10.034602076124573,13.288528080915627,-1.9996007452754858
18.77828054298643,7.960141070002659,11.789659302635084,-0.971519829651317
27.036199095022617,11.791322863987224,17.121373436252327,-1.8764972052169295
7.352941176470586,3.313814213468193,4.737822730902314,-0.6986957678999193
30.882352941176478,13.805895661431997,18.37403513441575,-1.2975778546712795
36.87782805429865,16.051703486824596,21.168818206015438,-0.342693638541388
25.395927601809962,11.906108597285066,15.203287197231834,-1.7134681927069455
29.242081447963812,9.944769763108862,16.12656374767101,3.170747937183925
24.660633484162894,10.046247005589569,13.47318339100346,1.1412030875698695
16.459276018099544,8.311152515304766,10.317407505988818,-2.169284003194038
33.65384615384617,15.752262443438914,18.78992547245141,-0.8883417620441836
31.900452488687797,12.709608730369975,17.986425339366505,1.204418418951292
25.961538461538478,12.430130423210008,16.878493478839495,-3.3470854405110435
18.438914027149316,6.928733031674209,10.512044184189513,0.9981368112856003
36.76470588235294,14.368179398456213,21.341828586638265,1.0546978972584515
21.436651583710404,11.14752462070801,12.122371573063615,-1.8332446100612179
27.488687782805435,12.949161565078517,16.57239819004525,-2.032871972318337
28.846153846153843,11.613321799307952,16.367780143731697,0.8650519031141888
15.045248868778286,7.675672078786265,9.665291455948898,-2.295714665956881
13.91402714932127,5.236891136545119,9.815011977641733,-1.1378759648655836
21.09728506787331,9.84994676603673,15.532672344956078,-4.285334043119506
30.429864253393685,13.597950492414158,17.673675805163697,-0.8417620441841881
14.98868778280543,7.772158637210541,7.263108863454883,-0.0465797178599945
14.932126696832585,6.171812616449298,8.82020228906042,-0.05988820867713593
18.608597285067876,6.291589033803565,12.280409901517173,0.03659834974713926
39.08371040723983,15.817141336172481,21.469922810753253,1.7966462603140818
21.889140271493222,10.588568006388074,15.106800638807563,-3.8062283737024227
22.228506787330335,10.888009049773757,13.323462869310621,-1.9829651317540578
27.99773755656109,10.513707745541659,17.78347085440511,-0.2994410433856793
21.71945701357466,8.224647324993345,11.431993611924405,2.062816076656908
27.432126696832576,11.124234761778013,14.873902049507585,1.4339898855469797
12.217194570135744,4.272025552302372,8.297844024487626,-0.3526750066542456
13.74434389140271,6.596020761245675,9.164559488953955,-2.016236358796912
26.75339366515836,13.37669683257918,16.790324727175932,-3.4136278945967526
8.880090497737555,4.563148788927336,5.734295980835772,-1.4173542720255523
22.115384615384606,6.596020761245677,14.611059355869047,0.9083044982698968
18.099547511312224,8.796912430130421,7.825392600479105,1.4772424807026885
28.450226244343884,13.736026084641999,20.114120308756984,-5.399920149055096
23.472850678733042,10.40391269630024,14.992014905509713,-1.9230769230769222
14.649321266968332,6.457945169017832,7.885280809156243,0.3060952887942514
11.53846153846154,4.9224780409901525,8.23961937716263,-1.6236358796912422
31.108597285067884,14.082046845887678,18.24095022624434,-1.2143997870641463
22.11538461538461,9.620375299441049,11.350479105669415,1.144530210274156
33.144796380090504,15.775552302368917,19.971054032472708,-2.6018099547511295
18.721719457013577,8.96992281075326,10.986159169550174,-1.234362523289859
32.918552036199095,14.70421879158903,20.713002395528335,-2.4986691509182863
13.404977375565615,5.722651051370773,7.322997072132018,0.35932925206281624
21.153846153846157,9.623702422145326,13.067274421080652,-1.537130689379825
13.348416289592759,6.180130423210007,10.11278945967527,-2.944503593292521
38.46153846153847,16.848549374500937,22.151982965131747,-0.5389938780942223
33.20135746606334,13.66782006920415,17.996406707479363,1.5371306893798256
28.4502262443439,11.014439712536598,17.069803034335898,0.3659834974713881
21.153846153846157,8.351077987756188,13.817540590896998,-1.0147724248070273
26.80995475113123,11.373768964599416,15.323063614586111,0.11312217194570125
21.153846153846146,10.883018365717327,10.500399254724519,-0.22957146659568692
28.28054298642534,11.954351876497206,18.508783603939314,-2.1825924940111787
18.77828054298643,7.793784934788399,11.014439712536602,-0.029944104338567278
16.79864253393666,8.485826457279744,11.496872504657976,-3.184056428001064
21.719457013574665,10.09282672344956,12.674673941974984,-1.048043651849879
22.85067873303168,11.54511578387011,14.329917487356935,-3.0243545381953676
38.17873303167421,16.89679265371306,22.509648655842422,-1.2277082778812853
21.040723981900445,7.82206547777482,11.768033005057223,1.4506254990684058
20.4185520361991,9.043119510247534,12.067474048442905,-0.6920415224913489
41.1764705882353,17.477375565610853,21.48988554697897,2.209209475645463
20.192307692307704,8.204684588767632,13.108863454884213,-1.121240351344157
20.75791855203621,8.267899920149056,11.265637476710143,1.2243811551770034
20.70135746606335,8.662163960606868,13.000731966994946,-0.961538461538461
22.511312217194572,9.780077189246741,14.714200159701885,-1.9829651317540593
29.4683257918552,10.51703486824594,17.99640670747937,0.9548842161298918
9.728506787330314,4.830982166622305,7.7255789193505455,-2.8280542986425306
16.063348416289607,7.65238221985627,9.565477774820339,-1.1545115783870108
12.104072398190048,7.248136811285599,6.938714399787068,-2.082778812882619
38.291855203619896,18.46220388607932,22.298376364120312,-2.4687250465797175
32.352941176470594,13.02568538727709,17.703619909502265,1.6236358796912438
30.882352941176464,14.090364652648393,15.747271759382489,1.0447165291455964
33.31447963800905,13.602941176470583,19.195834442374228,0.5157040191642287
36.42533936651583,15.684056428001075,21.909103007718915,-1.167820069204151
29.75113122171946,11.67986425339367,14.727508650519022,3.343758317806762
13.461538461538465,7.021892467394199,10.026284269363853,-3.58663827521959
30.76923076923078,12.812749534202819,17.939845621506507,0.016635613521428096
9.615384615384611,5.373303167420815,8.341096619643334,-4.0990151716795316
8.3710407239819,5.528014373170081,4.403446899121639,-1.560420548309821
22.115384615384617,11.997604471652917,13.029012509981365,-2.911232366249668
18.099547511312224,6.843891402714936,12.097418152781472,-0.8417620441841892
22.62443438914027,8.29784402448762,14.090364652648386,0.23622571200425937
19.230769230769237,7.815411232366249,8.630556294916156,2.784801703486826
23.020361990950235,9.011511844556823,11.140870375299444,2.8679797710939594
26.300904977375563,11.456947032206546,17.445767899920153,-2.6018099547511317
21.09728506787331,6.171812616449296,10.886345488421613,4.039126963002397
12.217194570135748,5.722651051370772,6.947032206547778,-0.452488687782805
12.669683257918551,6.188448229970717,7.97844024487623,-1.4972052169283998
22.794117647058833,8.888408304498272,16.17480702688316,-2.2690976843225976
7.74886877828054,4.4916156507852,6.324860260846425,-3.0676071333510775
34.50226244343891,15.03693106201757,17.934854937450087,1.530476443971256
13.970588235294118,5.379957412829386,11.641602342294389,-3.05097151982965
15.497737556561088,5.384948096885815,8.64552834708544,1.4672611125898334
19.85294117647059,9.79504924141602,9.751796646260313,0.3060952887942508
27.88461538461539,9.454019164226777,17.013241948363046,1.417354272025553
25.622171945701368,8.51244343891403,15.795515038594614,1.3142134681927085
45.6447963800905,23.21499866915093,26.69184189512909,-4.262044184189512
17.59049773755656,7.467726909768429,12.12902581847219,-2.0062549906840554
11.990950226244346,5.205283470854408,8.056627628426936,-1.270960873036997
11.708144796380093,6.897125365983497,7.00359329252063,-2.1925738621240334
24.377828054298643,10.36066010114453,14.865584242746868,-0.8484162895927588
18.94796380090498,9.124634016502526,11.350479105669418,-1.527149321266968
19.79638009049774,9.074727175938243,12.00924940111791,-1.2875964865584248
21.380090497737562,7.718924673941975,13.00904977375566,0.6521160500399262
20.022624434389154,9.06308224647325,12.433457545914292,-1.473915357998402
32.69230769230769,14.055429864253394,18.90970188980568,-0.272824061751396
25.904977375565615,10.205948895395263,16.99327921213734,-1.2942507319669947
30.599547511312213,14.927136012776154,17.655376630290124,-1.9829651317540593
32.748868778280546,14.953752994410435,18.919683257918543,-1.1245674740484408
19.17420814479638,6.7074793718392325,13.371706148522758,-0.9049773755656099
10.520361990950224,4.278679797710939,6.534468991216398,-0.2927867979771089
33.314479638009054,14.421413361724786,20.120774554165557,-1.227708277881286
15.950226244343893,7.808756986957679,11.38208677136013,-3.2406175139739135
19.343891402714938,7.374567474048444,12.461738088900715,-0.4924141602342289
27.37556561085974,11.711471919084376,17.430795847750865,-1.7667021559755112
37.83936651583711,17.553899387809423,20.152382219856268,0.13308490817141425
25.16968325791856,12.67633750332712,15.078520095821123,-2.585174341229705
11.708144796380084,4.1589033803566675,6.501197764173542,1.0480436518498804
28.223981900452493,14.935453819536868,16.209741815278143,-2.9212137343625244
28.450226244343888,11.427002927867973,17.329318605270156,-0.306095288794249
23.41628959276019,10.478772957146656,13.27355602874634,-0.33603939313281805
17.87330316742082,8.58231301570402,10.285799840298113,-0.9948096885813149
25.113122171945708,10.724980037263775,13.12716262975779,1.2609795049241417
23.076923076923073,8.968259249401118,13.962270428533404,0.14639339898855683
15.610859728506794,5.2501996273622575,7.496007452754852,2.864652648389673
20.13574660633484,8.693771626297577,8.996539792387546,2.4454351876497205
12.782805429864254,5.887343625232897,7.494343891402717,-0.5988820867713601
24.151583710407238,8.50079850944903,13.0889007186585,2.561884482299708
29.920814479638008,12.56155177002927,16.4576124567474,0.9016502528613264
19.683257918552044,7.426137875964868,10.759914825658772,1.4972052169284007
30.316742081447973,12.475046579717857,17.662030875698697,0.17966462603140954
10.011312217194567,4.702887942507321,7.171612989087039,-1.863188714399787
19.570135746606333,6.878826191109929,11.200758583976578,1.4905509715198293
37.160633484162894,18.553699760447167,22.313348416289596,-3.706414692573861
24.773755656108612,11.388741016768696,13.514772424807028,-0.12975778546712663
39.02714932126697,16.188115517700293,22.2434788394996,0.5955549640670752
36.82126696832581,16.12323662496673,20.664759116316212,0.03327122704285555
29.4683257918552,12.313681128560024,16.841895129092357,0.3127495342028227
25.113122171945705,10.6833910034602,14.18685121107267,0.24287995741283014
30.373303167420808,12.185586904445042,18.65351344157572,-0.4657971785999466
23.416289592760197,9.816675538993879,15.798842161298904,-2.199228107532605
16.572398190045252,8.560686718126165,11.232366249667281,-3.2206547777482024
35.57692307692308,18.364053766302906,20.48010380622837,-3.2672344956081973
26.979638009049776,10.357332978440244,15.444503593292515,1.177801437317009
25.056561085972866,10.229238754325262,12.252129358530738,2.5751929731168492
17.36425339366516,8.67048176736758,9.578786265637476,-0.8850146393398978
26.414027149321274,9.746805962203883,18.786598349747134,-2.1193771626297577
22.341628959276022,8.274554165557625,11.488554697897257,2.5785200958211334
23.359728506787334,9.156241682193237,12.460074527548578,1.7434122970455155
21.15384615384615,9.03147458078254,11.353806228373697,0.768565344689913
20.701357466063364,8.25958211338834,13.869110992813415,-1.4273356401384072
27.828054298642545,12.416821932392866,14.193505456481237,1.2177269097684331
18.83484162895928,9.572132020228905,13.46153846153846,-4.198828852808091
24.886877828054313,12.318671812616445,17.086438647857328,-4.518232632419482
18.721719457013577,8.723715730636146,11.794649986691507,-1.79664626031408
25.79185520361991,10.571932392866652,13.207013574660637,2.0129092360926277
18.94796380090499,8.377694969390468,11.768033005057221,-1.1977641735427194
8.371040723981897,3.1674208144796387,6.747404844290662,-1.5437849347883956
17.420814479638008,6.820601543784932,10.912962470055893,-0.3127495342028212
24.03846153846156,9.650319403779612,13.097218525419215,1.2909236092627099
15.610859728506783,6.780676071333511,11.465264838967265,-2.635081181793981
32.12669683257918,13.276883151450628,18.33410966196432,0.515704019164229
22.907239819004527,10.354005855735961,15.447830715996798,-2.8945967527282375
18.778280542986433,8.242946499866914,11.160833111525152,-0.6254990684056426
17.70361990950227,7.474381155177004,12.238820867713601,-2.009582113388341
15.610859728506789,6.361458610593559,10.646792653713069,-1.3973915357998417
18.325791855203626,9.459009848283204,11.671546446632956,-2.8047644397125358
22.907239819004527,8.718725046579717,12.528280542986417,1.6602342294383827
27.94117647058824,10.719989353207344,16.6522491349481,0.5689379824327933
28.733031674208146,13.797577854671282,14.21679531541123,0.7186585041256327
13.065610859728508,3.85447165291456,8.15311418685121,1.0580250199627363
43.89140271493212,20.312084109661956,25.499068405642788,-1.9197498003726357
18.55203619909503,7.56587702954485,11.634948096885816,-0.6487889273356395
27.714932126696848,12.416821932392867,16.838568006388073,-1.5404578120841093
29.3552036199095,13.17041522491349,17.149653979238753,-0.9648655842427463
30.260180995475107,16.450958211338843,19.89120308756987,-6.081980303433591
15.328054298642535,7.424474314612724,9.943106201756718,-2.039526217726909
8.031674208144794,3.699760447165292,5.423210007985093,-1.0912962470055905
21.26696832579186,10.36897790790524,11.180795847750865,-0.2828054298642513
36.87782805429865,16.82359595421879,22.669350545648122,-2.615118445568271
45.70135746606334,20.691376097950485,26.177801437316994,-1.16782006920415
20.531674208144803,7.782140005323393,13.943971253659837,-1.194437050838434
15.271493212669679,6.469590098482835,8.329451690178336,0.47245142400851836
32.579185520362,14.739153579984036,19.779744476976305,-1.9397125365983463
14.366515837104071,6.724114985360659,8.803566675538995,-1.1611658237955815
24.377828054298654,11.352142667021562,13.534735161032739,-0.5090497737556547
28.733031674208135,12.671346819270694,16.05503060952887,0.006654245408571607
29.63800904977376,13.11385413894064,17.29272025552302,-0.7685653446899112
21.719457013574658,8.766968325791858,13.840830449826985,-0.8883417620441837
24.886877828054306,9.014838967261113,12.418485493745013,3.453553367048179
29.751131221719447,13.205350013308488,14.89220122438115,1.6535799840298122
31.787330316742086,12.435121107266436,19.808025019962727,-0.45581581048708997
33.65384615384616,14.71253659834975,17.583843492148,1.3574660633484175
24.94343891402716,11.114253393665159,14.637676337503333,-0.8084908171413354
17.873303167420815,8.54571466595688,12.508317806760711,-3.1807293052967798
37.78280542986426,18.092893265903648,23.27322331647591,-3.583311152515301
30.31674208144797,10.598549374500932,16.104937450093157,3.6132552568538756
26.357466063348422,9.859928134149586,17.53892733564014,-1.0413894064413083
25.226244343891402,8.898389672611126,14.837303699760447,1.4905509715198297
26.018099547511326,13.038993878094223,15.557625765238223,-2.578520095821135
26.47058823529412,12.37689645994145,16.08996539792387,-1.9962736225711988
24.60407239819005,8.766968325791858,16.5823795581581,-0.7452754857599145
39.98868778280542,16.9916156507852,21.83257918552035,1.1644929464998686
24.434389140271506,7.100079850944902,13.068937982432791,4.265371306893799
28.39366515837105,11.548442906574394,13.428267234495605,3.416955017301038
14.140271493212671,7.311352142667021,8.262909236092629,-1.4339898855469784
18.891402714932124,7.426137875964861,10.49041788661166,0.9748469523556034
30.712669683257936,12.706281607665696,17.241149853606597,0.7652382219856274
28.56334841628961,11.847883949960075,14.749134948096879,1.9663295182326328
12.217194570135746,5.493079584775084,7.938514772424806,-1.2143997870641472
25.05656108597287,9.828320468458877,13.870774554165555,1.357466063348417
28.45022624434389,11.441974980037267,14.343225978174065,2.665025286132554
24.886877828054295,8.866782006920415,14.862257120042589,1.157838701091296
21.54977375565612,9.36751397391536,12.029212137343627,0.15304764439712623
21.832579185520355,9.242746872504657,13.947298376364124,-1.3574660633484152
23.24660633484164,10.541988288528083,16.42101410700026,-3.7163960606867166
14.762443438914032,7.767167953154109,9.42407505988821,-2.428799574128293
33.088235294117666,15.394596752728233,19.849614053766306,-2.155975512376896
23.13348416289593,9.923143465531014,13.37669683257918,-0.16635613521426748
13.235294117647056,7.178267234495612,10.325725312749533,-4.268698429598082
30.542986425339357,12.190577588501466,17.650385946233694,0.7020228906042072
11.368778280542983,4.957412829385149,10.866382752195902,-4.455017301038063
38.46153846153848,16.341163162097423,22.186917753526735,-0.06654245408570503
27.319004524886886,12.852675006654248,15.853739685919619,-1.3874101676869832
21.776018099547514,8.758650519031141,12.305363321799309,0.7120042587170611
35.91628959276019,14.433058291189779,21.662895927601802,-0.17966462603140693
19.061085972850684,9.041455948895393,11.140870375299441,-1.1212403513441573
33.65384615384616,15.531008783603946,19.237423476177796,-1.1145861059355853
24.37782805429864,10.63182060154379,18.433923343092893,-4.687915890338034
12.443438914027153,5.9938115517700306,8.22631088634549,-1.7766835240883678
39.64932126696832,19.628360393931327,23.724048442906565,-3.7030875698695764
8.540723981900452,5.567939845621506,5.674407772158637,-2.70162363587969
28.56334841628959,13.311817939845621,16.356135214266697,-1.1046047378227306
23.699095022624434,9.106334841628959,12.250465797178594,2.3422943838168764
18.099547511312213,7.595821133883418,9.758450891668886,0.7452754857599153
23.02036199095022,11.93272557891935,16.424341229704545,-5.336704817673676
24.377828054298636,11.184122970455153,15.153380356667547,-1.9596752728240607
39.14027149321268,17.573862124035138,23.566010114453004,-1.9996007452754851
25.509049773755656,10.027947830715997,15.926936385413892,-0.4458344423742338
24.43438914027149,9.743478839499604,15.060220920947561,-0.3693106201756714
30.938914027149334,12.341961671546443,16.653912696300235,1.9430396593026356
24.151583710407238,11.323862124035129,13.293518764972053,-0.46579717859994685
33.37104072398189,12.285400585573607,20.154045781208403,0.9315943571998948
14.705882352941178,5.9056428001064685,9.748469523556029,-0.9482299707213203
30.769230769230777,13.233630556294912,20.020960873036998,-2.4853606601011435
21.43665158371041,10.174341229704556,12.376896459941442,-1.114586105935587
29.694570135746606,15.301437317008263,15.431195102475376,-1.0380622837370228
19.79638009049774,7.7272424807026905,13.616249667287729,-1.5471120574926789
18.608597285067873,8.173076923076923,11.33384349214799,-0.8983231301570395
22.511312217194572,10.422211871173813,13.436585041256324,-1.3474846952355597
14.819004524886877,8.31447963800905,9.22611125898323,-2.7215863721054037
12.330316742081447,4.445035932925206,8.6205749268033,-0.7352941176470585
23.190045248868785,10.393931328187382,14.010513707745542,-1.214399787064147
26.753393665158363,12.147324993345755,16.89845621506521,-2.2923875432525946
26.018099547511312,11.764705882352944,16.0367314346553,-1.7833377694969381
19.174208144796392,8.793585307426138,10.859728506787336,-0.4791056694170879
23.472850678733035,8.467527282406172,12.579850944902848,2.42547245142401
31.165158371040725,13.474846952355595,17.820069204152254,-0.1297577854671267
14.592760180995482,3.443571998935322,9.422411498536066,1.7267766835240885
17.194570135746606,9.633683790258187,13.546380090497735,-5.985493745009316
31.787330316742075,13.271892467394197,20.335373968591963,-1.819936119244077
24.151583710407245,9.024820335373969,15.562616449294655,-0.4358530742613782
19.68325791855204,7.327987756188448,13.646193771626296,-1.2909236092627092
28.95927601809955,14.556161831248335,16.585706680862394,-2.182592494011178
19.117647058823533,7.975113122171947,12.436784668618573,-1.2942507319669938
21.606334841628957,9.637010912962468,12.145661431993611,-0.17633750332712225
10.18099547511312,4.464998669150919,6.940377961139204,-1.2243811551770027
32.126696832579206,13.202022890604209,17.690311418685113,1.2343625232898607
18.947963800904986,7.988421612989086,10.470455150385948,0.48908703752994526
28.90271493212671,13.052302368911368,17.936518498802233,-2.0861059355869043
24.717194570135753,12.248802235826458,15.659103007718919,-3.1907106734096335
22.115384615384627,8.848482832046848,12.691309555496408,0.5755922278413638
17.760180995475118,8.8933989885547,10.676736758051637,-1.809954751131222
19.570135746606336,6.637609795049243,10.613521426670216,2.319004524886879
34.558823529411775,14.765770561618316,19.393798243279203,0.3992547245142417
33.710407239819006,11.395395262177269,17.17128027681661,5.143731700825127
17.986425339366523,7.344623369709877,10.611857865318074,0.02994410433856792
16.233031674208142,5.271825924940112,8.166422677668349,2.7947830715996793
29.86425339366516,13.376696832579183,19.15258184721852,-2.66502528613255
31.27828054298643,13.197032206547776,16.976643598615915,1.1046047378227324
21.43665158371041,7.046845887676339,9.795049241416024,4.594756454618048
18.721719457013574,7.387875964865584,10.561951024753792,0.7718924673941989
25.339366515837106,11.370441841895126,12.807758850146387,1.1611658237955815
24.03846153846155,11.12090763907373,13.692773489486289,-0.775219590098482
20.24886877828054,10.405576257652383,11.56341495874368,-1.7201224381155171
39.47963800904977,20.10746606334841,24.206481235027944,-4.834309289326589
22.567873303167424,12.345288794250733,13.320135746606335,-3.097551237689645
18.269230769230774,6.353140803832847,9.540524354538194,2.375565610859729
27.65837104072397,11.253992547245145,18.19769763108863,-1.793319137609795
21.26696832579186,6.788993878094225,11.60666755389939,2.8713068937982418
25.622171945701364,9.873236624966724,12.92420814479638,2.824727175938251
21.832579185520363,10.819803034335905,12.965797178599939,-1.9530210274154898
25.509049773755653,9.03147458078254,14.973715730636144,1.5038594623369714
28.563348416289593,11.837902581847223,14.246739419749797,2.4787064146925735
34.16289592760181,13.779278679797716,20.62649720521692,-0.24287995741282847
9.276018099547507,5.003992547245144,6.454618046313549,-2.182592494011178
33.20135746606336,15.26650252861326,17.961471919084374,-0.026616981634281132
17.19457013574661,9.191176470588237,11.210739952089433,-3.20734628693106
16.7420814479638,8.284535533670482,10.32073462869311,-1.8631887143997878
36.99095022624432,14.053766302901257,21.316875166356127,1.6203087569869594
36.36877828054299,14.596087303699758,19.370508384349222,2.4021825924940132
28.280542986425345,13.439912163960607,16.57073462869311,-1.730103806228374
17.92986425339367,8.953287197231834,11.80130423210008,-2.8247271759382477
27.14932126696833,12.398522757519295,17.818405642800094,-3.067607133351078
15.893665158371034,9.232765504391804,9.69856268299175,-3.0376630290125104
27.77149321266969,10.200958211338834,17.726909768432254,-0.15637476710141002
23.81221719457013,10.051237689645992,15.288128826191107,-1.527149321266967
13.46153846153846,4.736159169550175,5.338368379025818,3.387010912962471
16.6289592760181,5.900652116050041,9.81667553899388,0.9116316209741816
18.947963800904983,8.38102209209476,11.68152781474581,-1.114586105935587
27.319004524886875,10.987822730902312,17.958144796380093,-1.6269630023955277
36.255656108597286,16.37609795049242,23.549374500931602,-3.669816342826723
19.79638009049774,8.58231301570402,9.726843225978175,1.4872238488155445
24.88687782805431,10.270827788128827,11.54511578387011,3.0709342560553643
28.110859728506792,11.456947032206546,16.89679265371307,-0.24287995741282795
14.536199095022623,6.867181261644928,9.266036731434657,-1.5970188980569597
24.94343891402715,10.874700558956617,14.730835773223312,-0.662097418152781
30.31674208144797,13.910700026616981,17.933191376097948,-1.5271493212669678
20.644796380090497,8.384349214799043,12.177269097684324,0.083178067607134
19.796380090497742,8.256254990684058,12.674673941974977,-1.134548842161298
14.70588235294118,7.283071599680596,9.485626829917486,-2.062816076656907
17.024886877828063,9.02149321266968,11.570069204152245,-3.566675538993877
19.004524886877828,9.432392866648923,12.157306361458609,-2.5851743412297044
28.90271493212671,12.826058025019961,15.118445568272554,0.9582113388341775
20.248868778280546,6.697498003726377,10.67008251264307,2.8812882619111004
30.938914027149316,13.662829385147726,15.742281075326057,1.533803566675539
24.604072398190038,11.12589832313016,13.744343891402716,-0.266169816342826
20.13574660633485,6.965331381421346,9.793385680063881,3.3770295448496124
29.128959276018108,12.709608730369979,16.432659036465257,-0.013308490817139935
15.893665158371043,5.5463135480436545,9.838301836571729,0.5090497737556572
11.538461538461545,5.581248336438646,7.657372903912694,-1.700159701889807
14.988687782805426,7.569204152249137,8.673808890071866,-1.2543252595155712
20.81447963800906,9.585440511046048,13.52142667021559,-2.292387543252595
15.214932126696835,6.765704019164227,9.124634016502524,-0.675405908969923
21.38009049773755,8.148123502794785,9.775086505190313,3.456880489752461
18.94796380090498,6.968658504125633,8.459209475645459,3.5200958211338818
15.158371040723988,8.326124567474048,9.520561618312483,-2.688315145062547
13.122171945701357,7.34295980835773,9.15624168219324,-3.3770295448496133
20.92760180995476,10.578586638275224,13.493146127229181,-3.1441309555496413
15.101809954751134,9.162895927601811,10.690045248868781,-4.751131221719456
26.80995475113123,9.800039925472454,12.015903646526484,4.9940111791322845
41.91176470588236,18.93465531008783,25.402581847218514,-2.4254724514240076
41.68552036199095,19.427069470322056,23.878759648655844,-1.6203087569869559
13.970588235294109,8.01337503327123,8.984894862922546,-3.0276816608996544
26.979638009049772,12.067474048442902,15.09515570934256,-0.18299174873569188
16.289592760180994,5.789193505456481,10.879691243013042,-0.3792919882885274
21.54977375565612,8.482499334575461,12.531607665690712,0.5356667553899398
25.113122171945697,9.831647591163163,14.329917487356928,0.9515570934256063
18.325791855203626,7.288062283737023,11.876164492946499,-0.8384349214799046
29.468325791855207,13.248602608464209,15.65078520095821,0.5689379824327934
27.319004524886886,12.257120042587164,14.885546978972588,0.17633750332712353
33.427601809954766,11.162496672877294,18.535400585573594,3.72970455150386
18.212669683257925,7.144996007452751,11.280609528879426,-0.2129358530742603
33.880090497737555,15.030276816609002,21.25532339632687,-2.405509715198295
26.640271493212676,14.108663827521958,16.161498536066006,-3.6298908703752986
31.33484162895928,12.839366515837103,18.841495874367844,-0.34602076124567493
12.669683257918553,7.263108863454883,7.895262177269095,-2.4886877828054286
31.617647058823533,13.508118179398453,17.706947032206553,0.4025818472185266
20.644796380090515,9.221120574926802,12.904245408570667,-1.4805696034069742
16.459276018099562,7.337969124301308,9.45069204152249,-0.32938514772424676
24.151583710407245,9.330915624168219,14.561152515304759,0.2595155709342569
29.015837104072396,11.862856002129364,17.25944902848017,-0.10646792653712965
33.257918552036195,13.095554964067073,19.280676071333513,0.8816875166356132
23.75565610859729,10.390604205483099,14.759116316209738,-1.3940644130955535
13.00904977375566,6.8821533138142135,9.953087569869577,-3.8261911099281347
37.38687782805428,16.70049241416024,23.344756454618057,-2.6583710407239822
29.41176470588234,12.50332712270429,15.674075059888205,1.2343625232898594
14.479638009049783,5.6627628426936365,9.818339100346021,-1.0014639339898848
17.420814479638018,7.299707213202018,12.004258717061488,-1.883151450625498
14.592760180995473,7.376231035400583,8.67713601277615,-1.4606068671812618
24.095022624434385,10.069536864519561,14.361525153047644,-0.3360393931328182
26.69683257918553,10.748269896193772,14.3049640670748,1.643598615916956
20.135746606334845,7.905243545381954,13.534735161032744,-1.3042321000798505
31.504524886877824,13.646193771626297,16.32452754857599,1.5338035666755399
31.78733031674208,15.66742081447964,20.032605802501987,-3.912696300239553
20.418552036199095,6.995275485759915,10.17933191376098,3.2439446366782017
20.70135746606335,8.9832313015704,15.723981900452483,-4.00585573595954
20.022624434389147,7.545914293319138,11.72478040990152,0.7519297311684863
20.192307692307697,8.851809954751129,12.7378892733564,-1.3973915357998403
31.957013574660632,13.258583976577057,19.50026616981633,-0.801836571732764
25.735294117647054,9.81833910034602,13.790923609262704,2.1260314080383287
16.79864253393665,7.183257918552038,10.66010114453021,-1.044716529145594
29.920814479638015,11.265637476710149,17.217859994676598,1.437317008251265
12.3868778280543,6.423010380622836,7.7937849347883965,-1.8299174873569333
19.57013574660634,9.04311951024754,12.333643864785735,-1.8066276284269356
21.832579185520366,11.490218259249408,13.496473249933448,-3.1541123236624977
22.56787330316742,9.605403247271761,13.8840830449827,-0.9216129890870369
17.647058823529417,7.911897790790523,11.13255256853873,-1.3973915357998405
31.391402714932116,15.155043918019699,18.66183124833644,-2.425472451424007
23.585972850678733,9.44902848017035,16.09994676603673,-1.9630023955283467
13.122171945701357,6.261644929464998,9.685254192174606,-2.8247271759382473
17.024886877828052,8.40763907372904,10.723316475911629,-2.1060686718126163
24.7737556561086,10.939579451690172,12.546579717859991,1.2875964865584248
25.73529411764707,10.816475911631613,16.05669417088102,-1.1378759648655834
17.420814479638015,8.412629757785465,12.302036199095024,-3.2938514772424785
23.812217194570152,9.72351610327389,13.18705083843493,0.9016502528613259
10.463800904977369,6.396393398988557,5.807492680330047,-1.7400851743412304
13.914027149321267,5.672744210806493,7.406175139739151,0.8351077987756188
20.02262443438914,8.801903114186853,12.421812616449293,-1.2010912962470053
9.389140271493211,5.142068139472983,5.947231833910037,-1.7001597018898065
27.26244343891404,11.330516369443709,15.71233697098749,0.21959009848283365
7.975113122171942,6.4329917487356925,7.55423210007985,-6.012110726643599
25.2262443438914,12.353606601011446,15.02861325525685,-2.1559755123768953
12.160633484162897,7.329651317540593,8.673808890071864,-3.84282672344956
21.436651583710404,8.211338834176205,10.846420015970194,2.3788927335640144
26.300904977375573,10.016302901250997,16.86019430396593,-0.5755922278413617
19.909502262443443,8.404311951024756,10.656774021825926,0.8484162895927605
22.00226244343892,11.041056694170882,12.63142134681927,-1.6702155975512374
26.640271493212683,10.661764705882351,16.737090763907368,-0.758583976577055
43.83484162895927,21.25865051903113,26.07299707213201,-3.4968059622038883
32.9185520361991,14.70920947564546,17.171280276816603,1.0380622837370255
21.549773755656116,10.392267766835241,12.268764972052168,-1.1112589832313005
14.81900452488688,6.215065211605003,8.38767633750333,0.2162629757785467
24.151583710407245,9.294317274421081,14.228440244876229,0.6288261911099281
33.03167420814479,11.753060952887939,17.725246207080115,3.553367048176737
45.475113122171976,21.340165025286126,24.910167686984302,-0.7752195900984808
17.81674208144797,7.564213468192706,10.811485227575192,-0.5589566143199349
9.898190045248864,5.07219856268299,6.539459675272828,-1.7134681927069475
28.84615384615385,9.339233430928932,16.7420814479638,2.7648389672611127
22.17194570135748,9.079717859994675,11.14586105935587,1.9463667820069213
18.43891402714933,6.639273356401384,11.430330050572262,0.36931062017567295
41.628959276018094,17.891602342294377,25.251197764173543,-1.513840830449825
25.226244343891413,11.032738887410165,14.113654511578394,0.07985094490284875
15.72398190045249,7.276417354272023,9.222784136278948,-0.7752195900984825
27.771493212669693,11.683191376097948,16.976643598615915,-0.888341762044184
20.757918552036205,6.5810487090763905,12.200558956614318,1.9763108863454886
21.097285067873308,11.051038062283741,10.89799041788661,-0.8517434122970452
14.140271493212673,6.183457545914294,7.996739419749797,-0.03992547245142397
26.696832579185518,12.984096353473516,16.008450891668886,-2.2957146659568792
25.90497737556562,11.298908703752998,14.935453819536857,-0.32938514772424693
12.047511312217194,5.900652116050041,8.07326324194836,-1.926404045781207
26.300904977375563,12.232166622305026,15.24986691509183,-1.1811285600212933
18.15610859728507,7.94350545648123,12.554897524620703,-2.342294383816875
30.882352941176467,13.702754857599142,18.260912962470048,-1.0813148788927311
14.14027149321267,6.1851211072664345,8.367713601277618,-0.4125632153313813
12.047511312217193,6.632619110992811,10.485427202555222,-5.070535001330849
29.41176470588236,13.45322065477775,15.399587436784666,0.5589566143199366
9.898190045248864,5.52635081181794,3.669816342826724,0.7020228906042056
22.737556561085967,10.888009049773753,13.436585041256311,-1.5870375299441042
25.79185520361991,10.512044184189515,14.88055629491616,0.3992547245142411
41.40271493212671,17.62210540324727,23.773955283470862,0.006654245408571959
30.882352941176478,11.73808890071866,19.81301570401916,-0.6687516635613513
9.049773755656107,5.07053500133085,6.068671812616452,-2.0894330582911884
25.113122171945697,11.946034069736491,14.823995208943304,-1.6569071067340957
16.176470588235297,8.121506521160496,8.261245674740488,-0.2062816076656902
17.19457013574661,7.770495075858398,10.172677668352408,-0.7486026084641998
19.11764705882353,9.088035666755395,10.488754325259512,-0.4591429331913756
18.834841628959285,7.7655043918019695,14.403114186851205,-3.333776949693901
17.194570135746606,7.747205216928397,7.996739419749799,1.4506254990684058
25.622171945701364,12.435121107266438,13.77262443438914,-0.5855735959542183
16.402714932126706,4.4317274421080635,9.003194037796117,2.9677934522225176
46.83257918552034,20.72797444769763,26.031408038328443,0.07319669949427866
16.685520361990957,5.406574394463665,9.335906308224644,1.9430396593026353
30.712669683257914,10.432193239286667,16.816941708810216,3.4635347351610353
24.208144796380104,6.5145062549906845,14.073729039126963,3.619909502262445
33.597285067873315,16.29957412829385,19.204152249134935,-1.906441309555496
33.54072398190046,14.062084109661969,17.76184455682725,1.716795315411234
19.17420814479639,8.344423742347617,12.546579717859991,-1.7167953154112325
12.782805429864254,4.8542720255523015,8.863454884216132,-0.9349214799041785
23.133484162895932,7.807093425605534,12.361924407772161,2.964466329518232
18.325791855203615,6.9370508384349225,11.13587969124301,0.25286132552568524
24.15158371040725,9.638674474314609,14.835640138408309,-0.3227309023156767
27.658371040723992,12.932525951557093,16.708810220920938,-1.982965131754058
25.509049773755653,8.858464200159704,14.8705749268033,1.780010646792654
13.518099547511314,5.346686185786532,8.81022092094757,-0.6388075592227836
30.99547511312218,13.825858397657706,20.36698163428267,-3.197364918818207
22.228506787330325,7.3512776151184465,13.017367580516371,1.8598615916955015
24.49095022624435,11.535134415757259,16.72211871173809,-3.7663029012509974
30.599547511312213,13.769297311684861,18.517101410700022,-1.6868512110726643
17.873303167420822,6.576058025019962,10.558623902049508,0.7386212403513441
24.547511312217186,9.073063614586106,14.166888474846957,1.3075592227841368
19.230769230769223,8.257918552036195,12.702954484961403,-1.7301038062283742
24.20814479638008,10.260846420015971,12.999068405642797,0.9482299707213208
14.76244343891403,7.471054032472717,8.718725046579717,-1.4273356401384087
23.58597285067873,9.289326590364652,14.77242480702688,-0.4757785467128012
29.2420814479638,10.914626031408035,17.642068139472983,0.6853872770827796
20.361990950226247,9.03147458078254,12.3752328985893,-1.0447165291455938
20.92760180995477,10.177668352408832,13.564679265371309,-2.814745807825392
8.597285067873297,4.17886611658238,5.825791855203617,-1.4073729039126968
17.533936651583716,8.123170082512644,11.44031141868512,-2.0295448496140533
21.54977375565611,8.597285067873303,13.614586105935587,-0.6620974181527806
27.036199095022646,12.682991748735692,15.065211605003984,-0.7120042587170607
26.47058823529412,12.852675006654247,16.086638275219578,-2.468725046579719
31.957013574660632,13.029012509981367,17.45741282938515,1.4705882352941195
12.500000000000002,5.652781474580782,6.474580782539261,0.37263774287995743
37.44343891402714,14.787396859196168,21.697830715996812,0.9582113388341782
27.488687782805446,11.814612722917227,17.074793718392332,-1.4007186585041251
10.180995475113118,3.7796113920681385,7.153313814213467,-0.7519297311684846
20.192307692307686,9.593758317806762,14.49793718392334,-3.899387809422409
24.26470588235293,10.2541921746074,14.799041788661166,-0.788528080915624
18.15610859728508,7.384548842161298,10.931261644929466,-0.15970188980569575
32.409502262443446,12.81607665690711,17.5805163694437,2.0129092360926286
34.78506787330316,13.830849081714138,17.321000798509445,3.6332179930795854
27.771493212669686,13.014040457812085,15.785533670481755,-1.0280809156241675
41.62895927601808,17.7285733297844,21.954019164226768,1.9463667820069226
16.346153846153847,8.630556294916158,12.32366249667288,-4.608064945435188
31.165158371040736,13.366715464466335,15.499401117913228,2.2990417886611665
29.52488687782806,11.48855469789727,15.853739685919614,2.18259249401118
20.701357466063357,9.508916688847483,10.729970721320203,0.4624700558956609
15.667420814479641,6.095288794250734,7.45608198030343,2.116050039925472
24.94343891402717,10.126097950492415,13.998868778280535,0.8184721852541933
21.77601809954753,7.522624434389145,13.534735161032732,0.7186585041256323
26.86651583710407,10.400585573595956,16.69882885280809,-0.23289858929997226
16.006787330316744,8.630556294916158,8.663827521959009,-1.2875964865584242
25.678733031674216,10.791522491349484,16.620641469257382,-1.7334309289326577
19.909502262443446,9.212802768166089,13.454884216129898,-2.75818472185254
26.13122171945702,11.9776417354272,16.25299441043385,-2.099414426404044
8.031674208144794,4.195501730103806,5.689379824327921,-1.8532073462869312
24.15158371040725,8.828520095821135,12.927535267500664,2.3955283470854423
20.58823529411765,8.868445568272556,10.036265637476712,1.6835240883683786
31.5610859728507,13.468192706947034,18.116183124833636,-0.023289858929995046
32.01357466063348,15.288128826191107,19.89619377162629,-3.1707479371839202
22.963800904977372,8.542387543252596,14.035467128027676,0.38594623369710046
40.328054298642535,18.49048442906574,24.991682193239285,-3.154112323662495
12.047511312217198,5.8640537663029,7.061817939845617,-0.878360393931328
29.355203619909506,11.939379824327922,18.80988820867713,-1.394064413095554
32.748868778280546,12.378560021293588,16.950026616981624,3.4202821400053236
13.631221719457013,4.647990417886612,8.414293319137613,0.5689379824327916
10.859728506787327,3.563348416289593,7.146659568804899,0.1497205216928399
8.823529411764705,3.6382086771360136,5.890670747937183,-0.7053500133084901
29.41176470588235,15.437849347883953,17.79677934522225,-3.822863987223847
16.459276018099548,5.947231833910034,10.821466595688047,-0.3094224114985348
24.151583710407245,11.520162363587968,12.092427468725045,0.5389938780942247
32.975113122171926,13.58297844024488,18.087902581847224,1.3042321000798518
26.640271493212683,10.65511046047379,15.60586904445036,0.37929198828852884
11.76470588235294,2.9761112589832317,7.703952621772692,1.0846420015970195
16.45927601809955,5.428200692041522,9.943106201756724,1.0879691243013039
26.979638009049797,9.931461272291724,15.141735427202555,1.9064413095554964
19.457013574660646,9.73682459409103,13.988887410167681,-4.268698429598082
21.43665158371041,8.64552834708544,13.499800372637743,-0.7086771360127749
44.739819004524854,20.130755922278414,26.14952089433058,-1.540457812084109
15.950226244343895,6.610992813414958,11.851211072664368,-2.5119776417354265
17.194570135746616,7.318006388075593,13.180396593026348,-3.303832845355336
20.02262443438914,8.069936119244078,10.598549374500928,1.354138940644132
26.414027149321267,9.467327655043917,14.887210540324727,2.0594889539526227
26.753393665158367,9.267700292786797,16.604005855735956,0.8816875166356142
33.76696832579187,13.78094224114986,18.75499068405642,1.2310354005855753
10.23755656108597,4.425073196699493,8.151450625499068,-2.3389672611125887
23.020361990950228,9.302635081181792,13.61458610593559,0.1031408038328461
21.719457013574655,10.623502794783075,15.018631887143998,-3.9226776683524083
11.595022624434389,5.443172744210806,7.569204152249134,-1.4173542720255523
15.497737556561095,6.426337503327122,11.007785467128024,-1.9363854138940644
8.993212669683256,3.4053100878360407,5.987157306361461,-0.39925472451423993
16.572398190045252,7.893598615916957,9.07472717593825,-0.39592760180995384
33.144796380090504,13.750998136811278,19.2607133351078,0.13308490817141444
12.613122171945703,7.274753792919885,8.073263241948364,-2.7348948629225447
32.29638009049774,12.970787862656373,16.690511046047376,2.6350811817939865
19.966063348416295,9.162895927601808,12.559888208677137,-1.7567207878626556
7.579185520361987,2.6500532339632676,3.129158903380357,1.7999733830183648
8.766968325791854,4.850944902848018,5.915624168219325,-1.9996007452754854
16.006787330316747,8.191376097950494,11.275618844822997,-3.460207612456747
40.441176470588225,18.57199893532074,24.457678999201487,-2.5885014639339867
29.86425339366517,11.496872504657969,19.05609528879425,-0.6887143997870633
18.495475113122183,8.55070535001331,11.122571200425869,-1.177801437317008
13.06561085972851,4.4932792121373435,8.595621506521162,-0.023289858929996302
33.03167420814483,14.311618312483368,20.170681394729833,-1.450625499068405
43.156108597285055,19.726510513707744,24.580782539260024,-1.151184455682723
25.50904977375565,9.946433324461006,15.87869310620176,-0.3160766569071059
32.18325791855204,14.116981634282677,17.597151982965133,0.4691243013042331
17.138009049773753,7.597484695235559,8.73868778280543,0.8018365717327666
12.669683257918555,4.816010114453021,8.03001064679265,-0.17633750332712197
17.13800904977376,9.307625765238223,10.961205749268023,-3.130822464732499
16.742081447963805,7.289725845089169,8.02169284003194,1.4306627628426927
23.246606334841626,8.47584508916689,12.242147990417891,2.5286132552568534
19.11764705882353,9.859928134149586,10.641801969656637,-1.3840830449826986
20.871040723981903,7.522624434389143,12.656374767101408,0.692041522491351
25.113122171945694,10.711671546446635,13.639539526217728,0.7619110992813417
16.289592760181,6.913760979504929,9.768432259781745,-0.39260047910566886
19.683257918552044,8.517434122970455,11.501863188714399,-0.3360393931328185
15.837104072398187,6.091961671546445,10.886345488421613,-1.1412030875698684
26.35746606334842,10.184322597817404,13.687782805429864,2.485360660101144
34.841628959276,15.958544051104607,20.74960074527548,-1.866515837104071
24.321266968325794,11.588368379025818,12.247138674474304,0.4857599148256598
14.70588235294118,5.506388075592228,9.246073995208944,-0.046579717859994665
29.920814479638018,15.161698163428271,16.559089699228107,-1.7999733830183642
42.08144796380093,19.548509449028487,23.065278147458066,-0.5323396326856528
22.341628959276022,10.16269630023955,14.710873036997604,-2.531940377961138
25.452488687782804,9.395794516901782,16.196433324461,-0.13973915357998326
20.984162895927607,9.076390737290392,12.28706414692574,-0.3792919882885275
15.10180995475114,5.002328985892998,9.104671280276815,0.9948096885813151
38.06561085972852,16.32286398722385,20.847750865051903,0.8949960074527574
18.947963800904976,8.119842959808356,12.408504125632156,-1.5803832845355328
27.488687782805428,12.17061485227575,16.53579984029811,-1.2177269097684307
17.873303167420815,8.68711738088901,9.71187117380889,-0.5256853872770828
31.900452488687783,14.233430928932659,19.862922544583437,-2.1959009848283193
26.64027149321267,13.489819004524886,15.333044982698961,-2.182592494011178
22.56787330316742,7.7688315145062505,13.142134681927063,1.6569071067340968
29.920814479638018,11.686518498802242,18.490484429065745,-0.2561884482299699
12.443438914027144,4.922478040990151,7.437782805429866,0.08317806760713385
9.785067873303163,5.471453287197229,8.885081181793982,-4.571466595688048
13.17873303167421,6.211738088900718,8.96992281075326,-2.002927867979771
27.036199095022635,10.375632153313814,13.762643066276278,2.897923875432526
27.20588235294118,12.561551770029277,15.981833910034602,-1.3375033271227024
21.266968325791876,9.520561618312483,11.560087836039393,0.18631887143997797
12.895927601809955,6.1418685121107295,6.943705083843492,-0.1896459941442636
8.427601809954748,2.9960739952089424,4.806028746340165,0.6254990684056428
24.717194570135742,12.10739952089433,16.159834974713867,-3.550039925472452
38.34841628959277,17.893265903646533,23.432925206281602,-2.977774820335372
20.02262443438914,7.554232100079847,9.899853606601015,2.5685387277082774
12.330316742081445,7.367913228639869,9.503926004791058,-4.541522491349484
31.617647058823533,17.322664359861594,19.465331381421354,-5.170348682459407
20.24886877828054,9.92147990417887,12.739552834708544,-2.4121639606068688
27.31900452488687,11.393731700825121,17.232832046845886,-1.307559222784136
25.622171945701364,11.157505988820871,15.266502528613254,-0.801836571732765
25.169683257918546,10.274154910833115,14.463002395528346,0.4325259515570941
25.565610859728512,9.404112323662499,12.308690444503586,3.852808091562416
19.683257918552037,8.823529411764703,10.60354005855736,0.2561884482299713
24.43438914027151,11.342161298908707,9.568804897524625,3.5234229438381703
32.239819004524904,13.10553633217993,19.317274421080644,-0.182991748735692
21.153846153846164,10.571932392866646,12.488355070535006,-1.9064413095554964
33.20135746606335,15.356334841628959,18.00805163694437,-0.1630290125099808
13.461538461538463,6.484562150652116,7.113388341762048,-0.13641203087569853
19.343891402714938,7.695634815011979,13.48482832046845,-1.8365717327655036
33.766968325791865,12.165624168219326,19.16256321533138,2.4387809422411517
16.34615384615386,7.785467128027677,7.555895661431993,1.0047910566941718
14.140271493212671,5.158703752994409,10.192640404578125,-1.2110726643598586
17.194570135746602,7.707279744476974,7.693971253659833,1.793319137609796
25.452488687782814,11.372105403247273,14.592760180995478,-0.5123768964599411
39.19683257918553,18.285866382752207,22.08544051104604,-1.174474314612722
35.97285067873304,15.837104072398194,18.611924407772158,1.5238221985626863
22.454751131221716,9.083044982698963,14.479638009049768,-1.1079318605270154
15.893665158371043,6.63760979504924,8.677136012776145,0.5789193505456486
27.48868778280542,12.418485493745012,14.301636944370507,0.7685653446899134
15.497737556561086,5.807492680330052,8.761977641735426,0.9282672344956077
10.35067873303167,6.200093159435719,8.944969390471119,-4.794383816875165
33.76696832579185,16.055030609528888,20.360327388874097,-2.648389672611124
12.952488687782811,4.7261778014373155,8.86179132286399,-0.6354804365184985
16.7420814479638,8.484162895927604,13.581314878892737,-5.323396326856533
31.334841628959282,11.498536066010114,18.07625765238222,1.7600479105669433
25.90497737556561,12.466728772957147,12.909236092627092,0.5290125099813696
27.884615384615397,10.425538993878089,13.819204152249135,3.6398722384881568
33.8235294117647,15.733963268565342,20.205616183124828,-2.1160500399254714
32.52262443438916,13.160433856800637,17.159635347351603,2.2025552302368907
21.266968325791854,8.585640138408305,13.932326324194834,-1.2509981368112852
19.966063348416295,8.33277881288262,11.556760713335105,0.0765238221985646
28.054298642533947,12.125698695767905,13.995541655576252,1.9330582911897793
22.963800904977386,10.232565877029542,14.680928932659036,-1.9496939047112058
8.314479638009049,3.7480037263774286,6.446300239552834,-1.879824327921214
22.285067873303184,9.475645461804634,14.02382219856268,-1.2143997870641459
24.547511312217203,9.038128826191109,13.785932925206275,1.7234495608198048
32.46606334841631,13.310154378493479,17.984761778014363,1.171147191908439
22.285067873303166,8.472517966462604,11.5135081181794,2.2990417886611665
14.196832579185523,5.448163428267234,10.182659036465266,-1.4339898855469781
12.9524886877828,6.496207080117117,9.923143465531005,-3.466861857865316
32.46606334841629,12.841030077189247,16.4343225978174,3.190710673409636
22.34162895927602,8.312816076656908,13.293518764972045,0.7352941176470595
31.900452488687794,12.40018631887144,16.0833111525153,3.416955017301039
11.934389140271493,6.0520361990950216,8.550705350013313,-2.668352408836834
23.24660633484164,11.051038062283734,13.403313814213467,-1.207745541655576
32.69230769230769,15.728972584508917,19.734828320468452,-2.7714932126696827
21.945701357466064,7.664027149321265,12.255456481235028,2.026217726909769
25.565610859728515,12.445102475379294,15.55596220388608,-2.435453819536864
19.570135746606336,8.000066542454089,12.528280542986424,-0.9582113388341754
24.321266968325794,11.342161298908707,14.443039659302627,-1.4639339898855466
17.929864253393667,7.802102741549106,12.396859196167155,-2.269097684322597
14.819004524886886,7.0418552036199085,8.77861325525686,-1.0014639339898854
27.658371040723996,13.42494011179132,16.87849347883949,-2.645062549906839
29.242081447963812,11.062682991748735,19.803034335906304,-1.6236358796912425
30.20361990950227,14.09202821400053,17.37922544583444,-1.2676337503327102
23.19004524886879,10.200958211338836,16.569071067340968,-3.579984029811018
13.17873303167421,4.638009049773756,9.256055363321803,-0.7153313814213456
17.364253393665166,7.001929731168486,11.483564013840825,-1.121240351344157
19.457013574660635,8.119842959808361,12.07246473249934,-0.7352941176470569
19.34389140271494,8.474181527814746,11.308890071865855,-0.4391801969656645
18.83484162895928,7.8503460207612425,13.286864519563483,-2.3023689113654497
29.694570135746606,12.315344689912159,17.60546978972584,-0.22624434389140172
19.85294117647059,7.427801437317009,13.885746606334843,-1.46060686718126
23.19004524886878,9.76177801437317,13.9273356401384,-0.49906840564279986
25.904977375565615,13.458211338834174,16.402714932126692,-3.95594889539526
28.90271493212671,11.308890071865848,15.35134415757253,2.2424807026883147
19.796380090497735,7.7006254990684075,11.104272025552307,0.9914825658770302
26.074660633484175,12.287064146925733,17.543918019696555,-3.756321533138143
31.27828054298643,14.048775618844832,19.30895661431993,-2.079451690178333
34.33257918552037,14.970388607931861,18.21766036731435,1.144530210274158
25.90497737556563,12.478373702422143,13.922344956081979,-0.49574128293851394
39.25339366515836,16.788661165823786,21.746073995208942,0.7186585041256355
21.153846153846157,10.064546180463132,11.934389140271488,-0.8450891668884762
33.144796380090504,13.221985626829913,19.443705083843486,0.47910566941709054
13.687782805429862,5.542986425339365,7.855336704817673,0.2894596752728244
32.01357466063349,14.968725046579719,19.886212403513436,-2.8413627894596747
18.947963800904986,8.371040723981901,12.509981368112857,-1.9330582911897782
18.49547511312218,9.309289326590362,9.851610327388872,-0.6654245408570667
33.031674208144814,13.919017833377701,20.530010646792643,-1.4173542720255516
19.683257918552037,8.836837902581847,10.24421080649454,0.6022092094756459
14.932126696832578,6.138541389406443,9.319270694703222,-0.5256853872770825
14.366515837104078,4.092360926270961,7.5359329252062786,2.738221985626831
31.84389140271493,14.203486824594089,16.31288261911099,1.3275219590098493
22.96380090497737,10.754924141602345,13.533071599680596,-1.324194836305563
18.83484162895928,8.86179132286399,12.831048709076388,-2.857998402981103
30.48642533936652,12.51497205216928,19.29564812350279,-1.3241948363055622
18.21266968325792,9.039792387543256,11.372105403247273,-2.1992281075326043
9.898190045248864,4.509914825658768,6.609329252062812,-1.2210540324727173
29.185520361990942,12.772824061751395,18.182725578919342,-1.7700292786797966
18.60859728506788,8.981567740218257,11.263973915357997,-1.6369443705083833
23.359728506787345,9.964732499334575,14.46965664093692,-1.0746606334841617
14.932126696832588,6.071998935320735,6.813947298376367,2.04618046313548
42.87330316742082,20.648123502794782,24.124966728772957,-1.899787064146924
29.3552036199095,12.035866382752197,17.142999733830184,0.17633750332712397
20.13574660633484,8.015038594623373,13.5879691243013,-1.4672611125898318
17.87330316742081,6.747404844290658,9.349214799041789,1.7766835240883694
22.680995475113114,7.151650252861327,14.647657705616183,0.8816875166356143
21.606334841628975,8.462536598349745,13.19703220654778,-0.05323396326856452
29.52488687782806,13.380023955283473,18.643532073462865,-2.498669150918286
36.708144796380104,16.594024487623106,20.000998136811283,0.11312217194570293
22.90723981900453,9.28433590630822,11.936052701623634,1.6868512110726652
34.44570135746606,15.813814213468191,19.443705083843483,-0.81181793984562
28.61990950226245,14.33989885546979,18.37237157306361,-4.092360926270958
13.00904977375566,5.5097151982965125,7.738887410167688,-0.239552834708544
21.380090497737562,8.309488953952622,12.904245408570661,0.16635613521426748
28.280542986425353,13.195368645195638,16.68884748469523,-1.6036731434655294
20.24886877828054,8.028347085440515,11.388741016768698,0.8317806760713344
18.156108597285073,8.008384349214797,12.104072398190043,-1.956348150119776
34.219457013574655,12.167287729571468,21.323529411764692,0.7286398722384889
7.63574660633484,4.5398589299973375,6.299906840564277,-3.204019164226776
29.3552036199095,13.265238221985628,15.165025286132545,0.9249401117913243
18.83484162895928,8.745342028213999,12.235493745009315,-2.14599414426404
44.739819004524904,23.0386611658238,26.246007452754853,-4.544849614053764
18.72171945701358,6.912097418152783,10.585240883683792,1.2243811551770034
16.06334841628959,8.534069736491881,9.535533670481767,-2.0062549906840563
15.27149321266968,7.326324194836305,10.393931328187385,-2.4487623103540055
22.05882352941177,9.598749001863192,11.65158371040724,0.8084908171413356
20.02262443438914,11.182459409103009,11.03939313281874,-2.1992281075326043
20.757918552036212,7.266435986159167,12.506654245408571,0.9848283204684598
22.90723981900453,9.390803832845357,13.399986691509177,0.11644929464998778
14.705882352941181,6.359795049241419,8.875099813681128,-0.529012509981368
27.884615384615394,10.706680862390202,14.366515837104076,2.8114186851211076
12.330316742081449,5.893997870641466,7.6540457812084135,-1.217726909768432
23.07692307692308,9.82499334575459,14.283337769496937,-1.031408038328453
31.730769230769226,11.26397391535801,18.25758583976576,2.2092094756454626
22.115384615384635,8.612257120042583,14.08870109129625,-0.5855735959542193
20.531674208144803,9.755123768964602,10.307426137875959,0.4691243013042324
24.377828054298643,10.32905243545382,14.088701091296247,-0.039925472451423784
7.861990950226239,4.593092893265903,6.792321000798509,-3.5234229438381695
20.47511312217196,7.183257918552034,13.321799307958475,-0.029944104338567756
23.30316742081448,8.43924673941975,12.777814745807822,2.0861059355869056
27.432126696832576,10.079518232632422,15.323063614586102,2.0295448496140533
20.36199095022625,7.835373968591961,12.91921746073995,-0.3926004791056681
35.12443438914027,13.221985626829923,21.117247804099,0.7852009582113408
16.798642533936654,9.923143465531005,11.317207878626563,-4.441708810220921
16.6289592760181,7.08677136012776,8.85680063880756,0.68538727708278
19.061085972850687,9.540524354538194,11.756388075592229,-2.235826457279745
12.047511312217194,5.469789725845088,9.159568804897525,-2.581847218525418
37.21719457013573,16.487556561085977,20.48010380622837,0.2495342028214026
30.20361990950226,13.684455682725579,18.532073462869313,-2.012909236092626
18.438914027149323,7.446100612190579,11.658237955815812,-0.6654245408570663
15.271493212669684,5.474780409901516,10.199294649986694,-0.4025818472185256
8.993212669683254,4.233763641203087,6.632619110992812,-1.873170082512644
13.235294117647063,5.667753526750067,6.506188448229972,1.0613521426670216
25.73529411764707,8.417620441841896,15.537663029012503,1.7800106467926542
35.06787330316743,14.371506521160496,18.766635613521423,1.929731168485495
11.764705882352953,5.419882885280809,6.827255789193506,-0.48243279212137363
15.101809954751134,5.820801171147191,8.126497205216932,1.154511578387011
22.567873303167424,8.78360393931328,13.265238221985625,0.5190311418685132
8.936651583710406,5.150385946233697,5.153713068937981,-1.367447431461272
19.061085972850687,7.695634815011977,13.714399787064142,-2.348948629225445
28.846153846153847,10.801503859462343,18.35074527548575,-0.30609528879425074
25.16968325791856,10.089499600745274,18.290857066808623,-3.2106734096353455
12.726244343891398,4.257053500133084,8.282871972318334,0.186318871439979
13.687782805429865,7.213202022890604,6.9370508384349225,-0.46247005589566076
23.359728506787345,10.094490284801708,15.577588501463932,-2.3123502794783057
36.76470588235295,17.367580516369443,17.89992014905509,1.497205216928403
9.954751131221714,6.338168751663563,8.407639073729042,-4.791056694170883
22.511312217194572,10.475445834442374,13.509781740750595,-1.4739153579984026
10.972850678733028,5.661099281341497,9.617048176736759,-4.305296779345223
13.23529411764706,5.637809422411501,10.119443705083846,-2.5219590098482816
12.556561085972856,7.083444237423473,7.722251796646263,-2.249134948096884
12.104072398190052,4.578120841096621,7.446100612190579,0.07985094490284851
17.986425339366523,8.698762310354004,12.767833377694972,-3.480170348682459
19.117647058823533,8.946632951823263,13.065610859728505,-2.8945967527282384
22.22850678733031,7.705616183124832,14.329917487356928,0.19297311684855054
21.606334841628968,6.268299174873568,11.781341495874367,3.5566941708810234
25.509049773755677,10.88301836571733,13.421612989087029,1.2044184189512923
36.481900452488695,15.968525419217466,20.836105935586893,-0.32273090231567614
25.169683257918564,8.86345488421613,16.47923875432526,-0.17301038062283608
16.968325791855197,7.6407372903912725,10.675073196699493,-1.347484695235559
10.972850678733032,6.208410966196433,8.48749001863189,-3.7230503060952858
36.25565610859729,15.531008783603948,21.57971785999467,-0.8550705350013299
12.839366515837103,6.090298110194306,7.574194836305564,-0.825126430662763
19.68325791855203,8.289526217726912,12.345288794250731,-0.951557093425605
16.968325791855207,6.2982432792121354,12.130689379824325,-1.46060686718126
33.76696832579186,14.985360660101149,21.233697098748998,-2.4520894330582887
23.13348416289593,9.209475645461804,13.538062283737023,0.38594623369709935
31.447963800904986,14.228440244876229,17.934854937450083,-0.7153313814213459
26.58371040723983,11.741416023422945,14.902182592494016,-0.05988820867713474
28.733031674208153,10.593558690444503,15.577588501463932,2.5618844822997073
34.671945701357465,15.120109129624698,19.974381155177007,-0.42254458344423595
17.024886877828063,5.8524088368379035,9.415757253127493,1.7567207878626574
22.171945701357465,7.910234229438383,11.446965664093694,2.814745807825393
26.357466063348415,11.49687250465798,17.086438647857328,-2.225845089166887
18.49547511312217,7.281408038328452,13.626231035400577,-2.412163960606869
14.140271493212671,4.4916156507852,7.19323928666489,2.4554165557625782
29.694570135746623,11.911099281341496,16.063348416289607,1.7201224381155173
18.552036199095035,8.362722917221188,12.551570401916429,-2.362257120042588
22.850678733031682,10.758251264306626,15.276483896726116,-3.184056428001061
42.307692307692314,18.799906840564276,23.727375565610867,-0.21959009848283031
16.4027149321267,7.324660633484163,11.473582645727975,-2.39552834708544
15.32805429864254,6.7723582645728,8.722052169284007,-0.16635613521426637
29.581447963800905,13.145461804631356,17.716928400319397,-1.280942241149852
19.85294117647059,5.47145328719723,14.434721852541916,-0.053233963268564916
28.054298642533944,12.974114985360664,17.874966728772957,-2.7947830715996806
24.999999999999996,9.405775885014641,15.244876231035395,0.3493478839499603
10.350678733031675,5.125432525951558,7.218192706947033,-1.9929464998669149
16.1764705882353,6.130223582645725,10.222584508916688,-0.1763375033271217
16.176470588235297,8.83351077987756,10.264173542720256,-2.9212137343625226
34.21945701357466,15.66243013042321,18.932991748735695,-0.37596486558424147
22.22850678733033,10.7299707213202,12.094091030077188,-0.595554964067074
33.54072398190046,13.564679265371307,19.313947298376362,0.6620974181527836
43.325791855203605,18.56867181261645,24.198163428267225,0.5589566143199375
25.11312217194571,10.889672611125897,17.397524620708005,-3.174075059888206
20.248868778280535,8.580649454351878,12.546579717859995,-0.8783603939313286
17.307692307692314,9.068072930529679,12.74454351876497,-4.504924141602341
19.739819004524886,8.717061485227577,10.663428267234496,0.35932925206281685
19.174208144796392,7.733896726111254,12.55822464732499,-1.1179132286398719
35.12443438914029,13.203686451956353,19.455350013308482,2.4653979238754333
26.69683257918552,10.284136278945969,17.45408570668085,-1.0413894064413087
24.264705882352935,8.96493212669683,15.85540324727175,-0.5556294916156495
12.556561085972854,6.860527016236356,8.876763375033272,-3.1807293052967784
20.361990950226247,7.058490817141341,12.717926537130692,0.5855735959542195
14.762443438914032,4.704551503859461,7.05017301038062,3.007718924673941
17.081447963800905,7.3562682991748725,10.59023156774022,-0.8650519031141867
24.264705882352953,9.18119510247538,13.456547777482033,1.6269630023955284
18.891402714932124,7.800439180196967,10.897990417886607,0.19297311684854945
32.2398190045249,14.191841895129084,16.11491881820601,1.9330582911897811
20.4185520361991,6.0703353739685895,11.19077721586372,3.1574394463667828
14.309954751131222,6.351477242480702,6.338168751663561,1.6203087569869585
25.11312217194573,11.768033005057228,15.873702422145321,-2.5286132552568543
27.771493212669675,10.909635347351612,15.254857599148249,1.6070002661698184
16.402714932126692,6.140204950758582,8.978240617513972,1.2842693638541385
20.36199095022625,6.379757785467128,11.057692307692308,2.92454085706681
19.457013574660635,8.673808890071868,9.721852541921745,1.061352142667023
29.12895927601809,12.668019696566407,16.657239819004516,-0.19630023955283377
39.76244343891404,18.244277348948632,21.58138142134681,-0.0632153313814193
20.701357466063357,10.069536864519563,12.914226776683522,-2.2824061751397378
39.25339366515836,18.86644929464999,22.725911631620974,-2.3389672611125882
17.081447963800905,6.759049773755658,10.119443705083842,0.20295448496140547
22.285067873303174,9.440710673409637,14.291655576257643,-1.447298376364119
26.979638009049776,12.180596220388614,14.499600745275476,0.2994410433856806
11.312217194570135,7.4078387010913,7.7405509715198315,-3.836172478040991
16.855203619909506,8.500798509449028,11.598349747138677,-3.243944636678198
23.585972850678736,10.423875432525953,15.141735427202558,-1.9796380090497723
36.651583710407245,16.850212935853072,21.138874101676866,-1.3375033271227035
30.033936651583726,14.48296513175406,15.793851477242477,-0.24287995741282853
34.049773755656105,16.07499334575459,17.818405642800105,0.15637476710141143
16.798642533936654,7.138341762044184,9.473981900452488,0.18631887143997933
14.932126696832578,5.414892201224381,11.267301038062282,-1.7500665424540855
17.929864253393667,8.805230236891136,8.911698163428268,0.21293585307426202
9.276018099547509,3.525086505190312,8.01670215597551,-2.2657705616183126
19.966063348416284,9.285999467660368,10.942906574394469,-0.26284269363854085
43.438914027149345,21.042387543252598,23.224980037263773,-0.8284535533670471
22.11538461538461,8.758650519031141,13.72271759382487,-0.36598349747138664
27.37556561085974,10.40890338035667,13.95894330582912,3.007718924673944
12.047511312217186,5.927269097684325,6.981966994942774,-0.8617247804099011
29.4683257918552,10.5037263774288,18.488820867713592,0.47577854671280284
24.886877828054295,10.368977907905244,15.565943571998927,-1.0480436518498792
31.447963800904986,11.388741016768698,16.745408570668083,3.3138142134681954
33.76696832579186,17.48569337237158,20.832778812882626,-4.551503859462337
31.44796380090499,14.569470322065483,20.408570668086227,-3.530077189246737
32.57918552036198,16.347817407505982,18.101211072664363,-1.869842959808357
12.443438914027148,4.850944902848019,9.974713867447432,-2.3822198562682995
25.6787330316742,10.477109395794523,14.33324461006122,0.868379025818473
16.11990950226245,8.068272557891937,10.12443438914027,-2.0727974447697637
25.05656108597286,13.150452488687783,15.699028480170345,-3.792919882885279
24.717194570135767,11.741416023422946,15.667420814479634,-2.6916422677668357
27.432126696832565,12.939180196965662,17.20455150385946,-2.7116050039925454
46.040723981900456,22.484695235560288,26.806627628426938,-3.2505988820867704
21.097285067873308,7.614120308756986,14.850612190577582,-1.367447431461271
23.02036199095022,12.177269097684327,13.411631620974179,-2.568538727708277
20.814479638009058,8.610593558690443,15.451157838701091,-3.247271759382486
20.984162895927618,9.508916688847485,12.593159435719986,-1.117913228639871
20.701357466063357,8.660500399254724,11.428666489220122,0.6121905775885018
8.5972850678733,4.548176736758051,4.242081447963802,-0.19297311684855037
35.237556561085974,15.313082246473254,18.60027947830716,1.324194836305564
10.85972850678733,4.21712802768166,5.990484429065744,0.652116050039926
17.986425339366516,8.530742613787597,9.292653713068935,0.1630290125099817
8.088235294117649,4.864253393665158,3.8494809688581313,-0.6254990684056428
32.579185520362,14.739153579984032,16.635613521426663,1.204418418951293
19.626696832579185,6.6625632153313825,11.716462603140808,1.2476710141070007
22.68099547511313,10.83976577056162,10.719989353207344,1.121240351344159
20.984162895927593,8.90005323396327,13.162097418152785,-1.077987756188448
29.52488687782806,11.906108597285067,16.058357732233162,1.5604205483098232
28.11085972850678,11.157505988820866,15.54598083577322,1.4073729039126979
19.852941176470587,8.988221985626831,10.991149853606599,-0.12643066276284254
26.300904977375566,10.508717061485227,16.151517167953138,-0.3593292520628146
18.665158371040725,6.8854804365185,11.643265903646519,0.13641203087569878
26.131221719457013,10.803167420814477,15.397923875432518,-0.06986957678999087
16.5158371040724,6.813947298376361,10.084508916688849,-0.3826191109928135
36.53846153846154,14.273356401384085,18.974580782539253,3.2905243545381953
17.364253393665166,6.852209209475646,10.914626031408037,-0.4025818472185248
21.662895927601816,8.791921746073994,12.504990684056427,0.3659834974713866
30.20361990950227,12.260447165291456,14.463002395528338,3.4801703486824596
11.651583710407238,3.653180729305295,5.117114719190844,2.8812882619111
40.10180995475113,16.87516635613522,22.54458344423741,0.6820601543784967
26.527149321266954,9.196167154644664,13.231966994942773,4.0990151716795316
20.305429864253394,8.738687782805432,14.25173010380623,-2.6849880223582643
18.156108597285076,7.301370774554166,8.795248868778284,2.0594889539526227
20.531674208144807,8.554032472717596,13.747671014106992,-1.770029278679797
22.794117647058833,10.046247005589565,15.263175405908965,-2.515304764439713
24.321266968325798,10.267500665424539,15.487756188448227,-1.4339898855469773
27.092760180995473,11.639938780942234,16.088301836571734,-0.6354804365184978
40.55429864253392,17.630423210007983,24.264705882352935,-1.3408304498269894
24.604072398190056,9.780077189246738,15.183324461006123,-0.3593292520628148
15.55429864253394,6.501197764173542,7.293052967793451,1.7600479105669413
8.4841628959276,5.015637476710141,6.163494809688581,-2.69496939047112
18.66515837104074,6.452954484961404,10.152714932126695,2.059488953952621
24.7737556561086,9.45069204152249,13.133816875166351,2.18924673941975
30.486425339366527,12.508317806760711,17.44909502262443,0.5290125099813692
20.927601809954766,12.075791855203626,13.067274421080649,-4.215464466329515
42.533936651583716,19.455350013308486,26.069669949427745,-2.991083311152513
26.527149321266982,11.616648922012246,14.271692840031935,0.6388075592227851
27.997737556561084,11.806294916156505,14.228440244876232,1.9630023955283482
10.407239819004522,5.661099281341496,4.7228506787330335,0.023289858929997055
15.101809954751133,6.0137742879957425,9.600412563215329,-0.5123768964599408
25.848416289592762,13.330117114719192,15.046912430130421,-2.5286132552568543
25.226244343891405,7.477708277881288,14.238421612989082,3.510114453021028
31.843891402714938,15.070202289060422,18.806561085972852,-2.032871972318338
20.5316742081448,8.680463135480434,13.351743412297045,-1.5005323396326855
18.552036199095024,7.780476443971249,10.917953154112322,-0.14639339898855447
16.063348416289596,7.04351876497205,10.560287463401652,-1.54045781208411
29.920814479638015,13.65284801703487,16.597351610327387,-0.32938514772424676
14.649321266968334,6.840564280010647,8.78360393931328,-0.9748469523556024
33.880090497737555,15.795515038594623,21.78100878360394,-3.696433324461007
39.25339366515836,17.741881820601552,23.37802768166089,-1.8665158371040713
17.98642533936652,5.291788661165821,12.218858131487893,0.47577854671280284
25.565610859728512,13.014040457812087,14.241748735693372,-1.6901783337769498
31.39140271493214,13.3384349214799,18.974580782539263,-0.9216129890870359
20.135746606334845,9.377495342028215,9.603739685919617,1.1545115783870121
28.733031674208156,12.852675006654247,18.4189512909236,-2.5385946233697094
24.773755656108595,11.263973915358001,14.324926803300498,-0.8151450625499062
9.162895927601804,5.687716262975778,7.391203087569868,-3.9160234229438373
17.36425339366516,9.533870109129625,11.263973915358001,-3.4335906308224624
15.667420814479641,8.008384349214795,10.89632685653447,-3.2372903912696307
14.762443438914033,5.539659302635079,8.20135746606335,1.021426670215599
17.081447963800915,6.34981368112856,11.446965664093698,-0.715331381421347
25.509049773755677,11.618312483364384,13.584642001597015,0.30609528879425124
22.737556561085984,9.372504657971787,13.574660633484164,-0.20960873036997535
33.4841628959276,17.266103273888742,18.403979238754317,-2.1859196167154638
33.314479638009054,13.401650252861323,20.947564546180462,-1.034735161032737
22.90723981900453,8.923343092893267,14.682592494011171,-0.698695767899919
30.486425339366516,10.92793452222518,16.647258450891663,2.9112323662496666
24.886877828054306,8.106534468991217,13.220322065477772,3.5600212935853084
14.592760180995478,8.208011711471919,8.510779877561884,-2.126031408038329
33.8235294117647,12.712935853074264,21.63960606867181,-0.5290125099813666
30.090497737556568,14.459675272824066,19.34056428001064,-3.7097418152781447
18.15610859728507,6.774021825924941,11.345488421612991,0.03659834974713944
33.4841628959276,15.750598882086765,19.054431727442104,-1.3208677136012752
24.377828054298657,10.73662496672878,13.940644130955551,-0.29944104338567856
26.86651583710407,12.378560021293584,16.34781740750599,-1.8598615916955006
39.76244343891404,20.004325259515568,23.108530742613787,-3.3504125632153294
10.576923076923075,4.844290657439446,6.055363321799306,-0.322730902315677
6.3914027149321235,2.319004524886878,4.867580516369444,-0.7951823263241953
24.151583710407255,11.956015437849354,16.663894064413082,-4.468325791855202
19.004524886877824,6.531141868512114,14.027149321266965,-1.5537663029012507
15.610859728506783,4.2537263774288,9.913162097418155,1.4439712536598348
32.352941176470594,13.820867713601283,17.77681660899654,0.7552568538727725
28.95927601809956,12.55489752462071,16.35779877561885,0.04657971785999604
22.398190045248874,10.031274953420278,12.406840564280014,-0.03992547245142222
32.74886877828053,14.732499334575461,20.76789992014905,-2.7515304764439703
20.588235294117638,9.21113920681395,13.58963268565345,-2.212536598349746
11.255656108597286,4.967394197498002,6.391402714932126,-0.10314080383284562
28.33710407239819,11.463601277615114,16.440976843225968,0.4325259515570944
27.77149321266969,13.737689645994136,15.424540857066813,-1.3907372903912691
22.51131221719457,8.700425871706145,10.879691243013042,2.93119510247538
19.117647058823536,8.771959009848281,11.759715198296512,-1.4140271493212668
12.669683257918548,5.629491615650784,8.467527282406175,-1.4273356401384076
31.843891402714934,13.61957678999201,16.9566808623902,1.267633750332713
26.41402714932127,12.157306361458616,13.677801437317,0.5789193505456491
39.59276018099547,16.0517034868246,21.84755123768965,1.6935054564812377
10.520361990950223,5.599547511312219,8.673808890071866,-3.7529944104338577
37.10407239819004,15.905310087836046,22.569536864519556,-1.3707745541655558
29.2420814479638,13.869110992813411,18.543718392334313,-3.170747937183923
14.536199095022628,6.256654245408569,8.36272291722119,-0.08317806760713288
20.361990950226236,5.265171679531542,12.441775352675013,2.6550439180196994
21.549773755656116,9.122970455150385,13.321799307958475,-0.894996007452754
10.520361990950224,6.111924407772159,6.437982432792122,-2.0295448496140547
44.23076923076922,20.238887410167685,25.675405908969918,-1.6835240883683782
20.4185520361991,10.478772957146653,12.009249401117911,-2.069470322065478
19.683257918552037,7.612456747404845,13.55137077455417,-1.4805696034069722
31.674208144796392,12.846020761245674,19.054431727442104,-0.22624434389140113
33.65384615384616,15.341362789459671,20.458477508650518,-2.1459941442640402
40.780542986425345,14.54950758583976,24.89685919616715,1.3341762044184196
26.35746606334843,11.536797977109394,15.226577056161823,-0.4059089699228104
19.570135746606343,8.189712536598352,11.160833111525148,0.21959009848283256
21.210407239819002,7.948496140537663,11.628293851477245,1.633617247804099
31.221719457013574,12.335307426137875,17.78180729305296,1.1046047378227328
19.287330316742082,9.241083311152515,13.040657439446363,-2.994410433856799
15.78054298642534,6.436318871439983,10.428866116582382,-1.0846420015970175
24.038461538461544,11.204085706680855,13.822531274953414,-0.9881554431727443
29.015837104072407,13.426603673143465,17.43911365451158,-1.849880223582645
24.0950226244344,10.854737822730904,16.151517167953145,-2.9112323662496657
22.56787330316742,8.88674474314613,11.26563747671014,2.415491083311154
20.4185520361991,6.797311684854937,11.019430396593021,2.601809954751131
26.753393665158377,8.69543518764972,16.28792919882886,1.770029278679799
32.013574660633495,12.994077721586377,18.720055895661428,0.2994410433856813
22.62443438914027,9.27601809954751,13.963933989885541,-0.6155177002927863
20.192307692307704,7.214865584242745,10.884681927069472,2.092760180995476
31.278280542986433,15.422877295714667,16.577388874101665,-0.7219856268299162
35.12443438914026,15.753926004791053,20.717993079584765,-1.34748469523556
17.420814479638008,9.462336970987488,12.623103540058565,-4.664626031408033
19.739819004524897,8.65384615384615,11.352142667021564,-0.266169816342826
17.25113122171947,6.878826191109929,12.827721586372109,-2.4554165557625747
21.436651583710418,8.717061485227573,13.012376896459937,-0.29278679797710905
26.35746606334842,11.249001863188713,14.6326856534469,0.475778546712803
16.572398190045252,7.55423210007985,10.002994410433862,-0.9848283204684585
29.638009049773743,13.394996007452754,18.458876763375027,-2.2158637210540317
13.800904977375573,6.314878892733564,7.8619909502262475,-0.3759648655842419
27.94117647058825,10.939579451690179,17.929864253393657,-0.9282672344956074
44.570135746606326,20.352009582113393,25.146393398988543,-0.9282672344956064
17.081447963800912,7.058490817141338,12.3985227575193,-2.375565610859728
22.05882352941177,10.141070002661698,11.54178866116582,0.3759648655842428
7.635746606334839,3.8611258983231287,6.652581847218523,-2.8779611392068145
30.147058823529424,12.857665690710679,15.722318339100337,1.5670747937183929
39.479638009049765,16.04005855735959,21.07066808623902,2.3689113654511598
15.55429864253394,6.552768166089963,10.066209741815278,-1.064679265371307
38.74434389140272,17.859994676603666,20.59156241682193,0.2927867979771115
44.34389140271491,21.852541921746074,24.950093159435713,-2.4587436784668593
15.158371040723985,7.008583976577057,9.893199361192437,-1.7434122970455137
14.140271493212671,7.614120308756987,8.598948629225445,-2.072797444769763
19.174208144796385,8.025019962736225,10.962869310620174,0.18631887143997844
35.18099547511311,16.419350545648133,20.827788128826185,-2.066143199361192
19.287330316742086,10.154378493478836,14.532871972318329,-5.3999201490550925
22.45475113122172,9.114652648389676,10.488754325259519,2.8513441575725333
22.794117647058815,8.447564546180462,12.060819803034336,2.2857332978440263
47.171945701357465,22.68432259781741,26.51716795315411,-2.0295448496140525
24.943438914027148,10.051237689645994,13.424940111791319,1.467261112589833
22.624434389140273,9.141269630023952,12.042520628160768,1.4406441309555502
16.289592760181,8.748669150918287,9.590431195102479,-2.0495075858397658
16.34615384615384,9.693571998935324,13.419949427734888,-6.767367580516368
22.62443438914028,10.119443705083844,13.130489752462072,-0.6254990684056416
34.61538461538463,13.887410167686987,18.92800106467926,1.7999733830183664
23.812217194570135,11.485227575192981,12.756188448229967,-0.4291988288528069
29.52488687782805,12.085773223316478,17.352608464200152,0.08650519031142016
14.932126696832576,4.1772025552302345,8.86844556827256,1.8864785733297857
37.04751131221721,17.901583710407234,18.75998136811285,0.3859462336971002
12.782805429864256,5.032273090231566,9.281008783603943,-1.5304764439712528
8.144796380090495,4.2370907639073705,5.012310354005853,-1.1046047378227308
38.68778280542985,17.41416023422944,23.16675538993877,-1.8931328187383536
18.15610859728507,7.664027149321266,11.566742081447963,-1.0746606334841617
15.158371040723987,6.146859196167151,10.658437583178069,-1.6469257386212386
25.678733031674213,10.433856800638804,13.687782805429864,1.557093425605537
27.828054298642527,12.767833377694966,14.744144264040452,0.31607665690710723
24.943438914027144,11.586704817673679,12.781141868512112,0.5755922278413633
11.25565610859728,3.7646393398988547,7.4510912962470055,0.03992547245142378
23.246606334841633,10.317407505988822,13.874101676869838,-0.9449028480170344
24.83031674208146,11.4436385413894,12.22551237689646,1.1611658237955824
20.475113122171948,9.15125099813681,11.270628160766567,0.053233963268565596
13.461538461538462,5.5513042321000805,9.60373968591962,-1.6935054564812344
35.29411764705883,14.53287197231834,21.32352941176471,-0.5622837370242205
23.585972850678736,10.473782273090233,14.722517966462593,-1.6103273888741005
25.622171945701368,8.96493212669683,16.55409901517168,0.10314080383284609
33.2579185520362,17.560553633217996,20.245541655576254,-4.54817673675805
7.57918552036199,3.6914426404045795,6.047045515038595,-2.159302635081182
37.44343891402715,17.924873569337237,22.23017034868246,-2.711605003992545
37.95248868778279,16.32619110992814,20.7113388341762,0.9149587436784685
19.852941176470594,10.488754325259512,12.531607665690704,-3.1674208144796383
3.846153846153847,2.508650519031141,3.8894064413095553,-2.5519031141868522
25.226244343891405,10.290790524354536,14.379824327921208,0.5556294916156511
17.13800904977376,8.156441309555497,12.451756720787866,-3.470188980569606
13.291855203619907,5.518033005057228,8.71207080117115,-0.9382486026084634
42.98642533936652,17.941509182858663,24.542520628160766,0.5023955283470867
13.574660633484164,5.902315677402185,7.8120841096619635,-0.1397391535799838
22.115384615384635,9.304298642533935,11.899454351876496,0.9116316209741817
39.70588235294119,16.193106201756716,22.052169284003188,1.4606068671812626
22.002262443438912,8.361059355869047,14.45967527282406,-0.8184721852541911
7.126696832579184,3.7380223582645735,5.301770029278678,-1.9130955549640662
18.32579185520363,5.30177002927868,10.861392068139473,2.1626297577854676
14.027149321266972,7.441109928134148,10.465464466329516,-3.8794250731966993
22.62443438914028,10.132752195900983,13.370042587170616,-0.8783603939313275
17.13800904977375,6.654245408570673,10.037929198828852,0.44583444237423475
19.909502262443446,9.039792387543256,10.806494543518765,0.06321533138142188
18.83484162895928,8.971586372105405,11.1042720255523,-1.2410167686984284
21.60633484162897,9.753460207612456,14.65431195102475,-2.8014373170082507
18.156108597285062,8.213002395528347,12.66801969656642,-2.724913494809688
28.2239819004525,11.965996805962204,17.29937450093159,-1.0413894064413092
21.153846153846153,10.161032738887403,13.977242480702687,-2.9844290657439436
27.14932126696833,10.721652914559488,14.368179398456208,2.059488953952623
10.633484162895924,3.9093691775352672,7.382885280809153,-0.6587702954484964
15.780542986425342,7.1266968325791815,9.103007718924674,-0.4491615650785198
20.58823529411765,7.938514772424808,13.16542454085707,-0.5157040191642255
10.067873303167419,4.015837104072397,8.384349214799043,-2.3323130157040186
20.24886877828055,8.793585307426138,10.972850678733028,0.48243279212137413
12.160633484162899,5.112124035134416,6.576058025019963,0.47245142400851836
18.21266968325792,5.338368379025819,12.53160766569071,0.3426936385413898
20.814479638009065,9.676936385413894,12.065810487090765,-0.9282672344956077
23.58597285067873,9.645328719723185,15.161698163428259,-1.2210540324727164
45.19230769230772,20.4734495608198,25.164692573862137,-0.4458344423742337
17.420814479638004,9.152914559488956,12.616449294649989,-4.348549374500932
22.34162895927602,12.300372637742884,11.92773489486292,-1.8864785733297842
15.723981900452493,6.381421346819271,9.059755123768964,0.28280542986425367
29.864253393665162,12.73622571200426,16.25964865584243,0.8683790258184726
22.11538461538462,10.166023422943832,11.679864253393662,0.269496939047112
22.058823529411768,10.601876497205224,14.022158637210547,-2.5652116050039897
30.65610859728507,15.25319403779611,18.27089433058291,-2.8679797710939576
31.50452488687782,14.158570668086238,17.469057758850138,-0.12310354005855514
19.57013574660634,8.154777748203353,12.267101410700027,-0.8517434122970452
28.563348416289593,11.669882885280808,15.629158903380358,1.2643066276284287
20.984162895927607,8.326124567474043,10.844756454618048,1.8132818738355068
20.757918552036212,7.687317008251265,12.218858131487895,0.8517434122970461
29.977375565610853,13.616249667287738,16.68052967793452,-0.3194037796113915
11.53846153846154,5.196965664093691,7.42946499866915,-1.0879691243013037
24.095022624434385,9.933124833643863,14.278347085440508,-0.11644929464998466
34.049773755656126,13.458211338834179,18.691775352675005,1.8997870641469263
42.13800904977375,17.90823795581581,23.677468725046577,0.5523023689113661
23.585972850678733,7.845355336704819,12.490018631887144,3.2505988820867726
26.35746606334842,8.178067607133352,14.296646260314086,3.8827521959009847
21.662895927601802,7.3546047378227275,11.653247271759385,2.6550439180196963
20.41855203619911,8.131487889273357,11.595022624434382,0.6920415224913495
18.947963800904986,9.05143731700825,12.408504125632147,-2.511977641735427
27.941176470588236,11.970987490018633,17.89659302635081,-1.9264040457812066
12.500000000000002,4.79105669417088,6.877162629757783,0.8317806760713338
35.294117647058826,16.15983497471387,20.964200159701893,-1.8299174873569333
10.746606334841632,6.02541921746074,8.121506521160505,-3.40031940377961
15.32805429864253,8.5074527548576,12.004258717061484,-5.1836571732765515
31.334841628959285,12.320335373968593,17.244476976310885,1.7700292786797993
20.13574660633485,7.204884216129892,12.658038328453554,0.27282406175139784
38.51809954751131,16.84854937450094,22.165291455948896,-0.49574128293851305
17.81674208144797,8.038328453553365,11.857865318072932,-2.0794516901783338
24.60407239819005,9.345887676337505,14.692573862124025,0.5656108597285078
25.282805429864254,9.738488155443175,13.28187383550705,2.262443438914027
29.8076923076923,11.616648922012248,15.073529411764698,3.117513973915361
26.866515837104075,10.966196433324459,16.79864253393665,-0.8983231301570397
26.696832579185525,9.407439446366782,14.65431195102475,2.6350811817939856
15.610859728506798,7.594157572531274,10.345688048975244,-2.3289858929997327
23.02036199095024,9.638674474314612,13.221985626829918,0.15970188980569588
19.00452488687783,6.797311684854942,11.478573329784407,0.7286398722384884
26.979638009049765,11.676537130689379,14.85061219057758,0.4524886877828059
26.187782805429872,12.576523822198565,13.41828586638275,0.19297311684855084
29.128959276018097,10.839765770561616,16.000133084908168,2.2890604205483114
14.02714932126697,5.1087969124301305,8.189712536598346,0.7286398722384881
25.113122171945697,10.463800904977372,14.675938248602613,-0.02661698163428202
31.561085972850695,14.280010646792658,19.34389140271493,-2.0628160766569055
35.520361990950235,15.887010912962468,18.66848549374501,0.9648655842427486
18.608597285067876,8.282871972318343,12.528280542986419,-2.202555230236891
26.244343891402707,11.714799041788662,16.678866116582373,-2.149321266968324
35.463800904977376,15.214932126696834,21.76936385413893,-1.5204950758583955
22.907239819004523,10.896326856534468,12.692973116848538,-0.6820601543784927
38.1787330316742,16.97331647591164,23.700758583976572,-2.495342028213999
19.400452488687783,9.084708544051104,12.724580782539261,-2.4088368379025815
18.778280542986433,8.296180463135478,11.403713068937977,-0.9216129890870371
17.138009049773753,7.594157572531274,9.816675538993879,-0.2728240617513973
21.040723981900456,10.711671546446631,14.151916422677667,-3.8228639872238466
30.03393665158371,12.315344689912163,19.80137077455417,-2.0827788128826197
32.01357466063348,13.60460473782273,17.94649986691509,0.46247005589566204
20.4185520361991,5.699361192440775,13.824194836305562,0.8949960074527558
29.46832579185521,9.617048176736763,16.703819536864515,3.147458078253927
7.69230769230769,4.132286398722385,5.849081714133617,-2.2890604205483083
24.490950226244347,9.67859994676604,12.629757785467124,2.1825924940111796
33.31447963800907,13.924008517434125,18.95129092360925,0.4391801969656657
39.14027149321267,18.638541389406438,23.180063880755924,-2.678333776949692
26.86651583710407,11.862856002129366,16.434322597817406,-1.4306627628426918
37.16063348416288,16.660566941708808,21.697830715996812,-1.1977641735427191
19.117647058823533,5.76923076923077,13.637875964865584,-0.2894596752728237
31.278280542986423,12.032539260047908,17.881620974181523,1.3641203087569875
25.282805429864247,9.001530476443971,13.789260047910556,2.4920149055097154
43.09954751131222,20.275485759914822,25.938248602608457,-3.1141868512110715
9.841628959276015,5.038927335640135,7.088434921479898,-2.2857332978440237
7.918552036199097,4.368512110726642,4.2919882885280805,-0.7419483630556295
9.728506787330314,5.561285600212936,6.449627362257119,-2.2824061751397378
47.00226244343891,20.89599414426404,26.88814213468191,-0.7818738355070529
27.205882352941185,9.94809688581315,13.118844822997065,4.138940644130956
20.6447963800905,9.063082246473249,11.302235826457279,0.2794783071599692
16.855203619909506,8.89506254990684,7.787130689379823,0.17301038062283763
43.325791855203605,20.032605802502,24.098349747138663,-0.8051636944370494
20.135746606334838,9.808357732233166,14.805696034069733,-4.478307159968059
18.495475113122176,8.217993079584774,11.079318605270165,-0.8018365717327646
24.37782805429865,11.36046047378227,13.982233164759121,-0.964865584242746
15.045248868778279,6.15018631887144,7.773822198562683,1.1212403513441573
14.649321266968327,7.991748735693371,10.806494543518768,-4.14892201224381
37.10407239819006,16.44430396593027,19.568472185254194,1.0912962470055902
13.461538461538462,6.065344689912163,7.156640936917754,0.2395528347085447
13.009049773755656,5.632818738355073,8.044982698961936,-0.6687516635613521
11.085972850678731,4.338568006388075,7.855336704817675,-1.107931860527016
22.963800904977386,9.638674474314612,13.617913228639878,-0.29278679797710794
37.726244343891395,15.87869310620176,22.659369177535275,-0.8118179398456195
23.699095022624434,9.981368112856005,12.596486558424273,1.121240351344158
19.739819004524886,6.526151184455684,11.473582645727971,1.7400851743412298
33.20135746606336,13.32179930795847,17.89992014905509,1.9796380090497745
24.321266968325784,10.377295714665959,15.84043119510247,-1.89645994144264
14.366515837104078,6.823928666489222,9.725179664626033,-2.1825924940111787
42.92986425339366,21.584708544051107,22.646060686718123,-1.300904977375564
38.348416289592755,15.78886079318605,22.419816342826717,0.1397391535799851
17.53393665158371,7.174940111791323,9.763441575725313,0.5955549640670745
19.683257918552037,9.312616449294648,10.743279212137342,-0.37263774287995677
24.547511312217207,11.250665424540859,12.704618046313545,0.5922278413627898
19.68325791855203,9.44403779611392,10.14273356401384,0.09648655842427514
25.509049773755656,9.399121639606072,15.770561618312481,0.33936651583710487
13.687782805429855,6.461272291722117,7.476044716529144,-0.24953420282139965
15.837104072398194,7.951823263241947,9.29598083577322,-1.4107000266169818
19.117647058823533,6.655908969922811,10.02961139206814,2.4321266968325803
20.36199095022625,6.943705083843492,10.616848549374508,2.8014373170082516
25.961538461538467,10.066209741815278,12.50166356135214,3.39366515837104
19.004524886877828,7.554232100079847,10.535334043119512,0.9149587436784669
30.090497737556568,13.301836571732768,15.697364918818193,1.0912962470055905
24.547511312217196,9.590431195102475,14.81068671812617,0.14639339898855425
25.452488687782804,10.576923076923082,14.496273622571199,0.3792919882885297
18.438914027149323,9.903180729305298,9.197830715996806,-0.6620974181527811
26.470588235294127,11.235693372371575,14.393132818738353,0.8417620441841903
31.108597285067887,14.950425871706141,19.335573595954216,-3.177402182592494
30.42986425339367,12.55323396326857,14.383151450625494,3.4934788394996
17.87330316742082,7.68066276284269,11.210739952089435,-1.0180995475113135
15.610859728506783,7.519297311684852,8.876763375033267,-0.7852009582113386
26.640271493212666,11.44696566409369,15.199960074527544,-0.006654245408568771
20.6447963800905,7.825392600479109,10.507053500133084,2.3123502794783075
22.68099547511313,10.517034868245945,13.115517700292786,-0.9515570934256032
18.04298642533938,7.629092360926268,9.964732499334577,0.4491615650785209
12.895927601809955,6.562749534202823,8.435919616715461,-2.102741549108331
13.857466063348426,7.837037529944109,8.04664626031408,-2.0262177269097674
19.174208144796374,10.314080383284535,10.623502794783068,-1.763375033271227
16.798642533936654,7.396193771626295,7.625765238221984,1.7766835240883683
20.87104072398191,10.34735161032739,13.92068139472983,-3.3969922810753244
30.090497737556568,13.91236358796912,16.860194303965923,-0.6820601543784917
18.438914027149316,6.765704019164229,9.56381421346819,2.1093957945169017
22.567873303167428,8.612257120042587,13.419949427734899,0.5356667553899397
14.592760180995477,5.528014373170081,10.365650785200959,-1.300904977375566
39.30995475113121,16.307891935054563,22.925538993878092,0.07652382219856367
17.64705882352941,6.39972052169284,10.937915890338038,0.3094224114985372
27.03619909502262,13.749334575459141,17.83171413361725,-4.544849614053766
30.373303167420822,12.541589033803566,15.848749001863187,1.9829651317540602
36.7081447963801,15.647458078253932,18.465531008783607,2.5951557093425612
26.01809954751132,10.277482033537398,13.29185520361991,2.4487623103540055
28.110859728506792,11.044383816875166,17.964799041788652,-0.8983231301570392
10.690045248868772,5.345022624434388,8.28619909502262,-2.941176470588235
18.04298642533936,8.976577056161828,9.874900186318873,-0.8084908171413356
30.82579185520363,14.453021027415486,14.662629757785465,1.7101410700026634
26.753393665158367,10.220920947564546,15.930263508118175,0.6022092094756462
11.368778280542982,6.126896459941445,8.139805696034072,-2.897923875432526
27.545248868778287,12.376896459941445,15.35134415757253,-0.1829917487356919
19.23076923076923,6.807293052967794,12.160633484162897,0.2628426936385421
20.475113122171948,8.474181527814748,9.582113388341769,2.418818206015436
30.825791855203626,11.014439712536602,16.80696034069736,3.0043918019696583
22.454751131221727,9.15125099813681,14.657639073729037,-1.3541389406441293
16.459276018099548,7.881953686451955,11.90111791322864,-3.323795581581047
38.63122171945703,18.427269097684324,23.62090763907372,-3.4169550173010372
19.683257918552037,9.863255256853874,10.022957146659564,-0.20295448496140472
47.11538461538463,22.7309023156774,28.17074793718393,-3.7862656374767076
24.773755656108595,11.305562949161567,15.16169816342827,-1.6935054564812333
10.06787330316742,5.513042321000798,6.89047112057493,-2.335640138408304
32.1266968325792,13.436585041256324,17.003260580250192,1.6868512110726643
18.325791855203622,8.193039659302631,10.152714932126695,-0.01996273622571171
19.230769230769234,7.687317008251268,12.315344689912159,-0.7718924673941968
18.042986425339368,6.178466861857864,11.471919084375834,0.3926004791056694
33.371040723981906,13.536398722384877,17.63208677136012,2.2025552302368934
21.436651583710407,9.189512909236093,12.929198828852812,-0.6820601543784927
29.072398190045252,10.919616715464468,16.209741815278147,1.9430396593026364
17.194570135746606,5.9256055363321805,8.916688847484693,2.3522757519297306
16.233031674208142,9.82499334575459,11.305562949161562,-4.897524620708013
36.70814479638008,14.755789193505453,19.839632685653438,2.1127229172211894
20.361990950226247,8.031674208144798,13.94397125365984,-1.6136545115783858
30.712669683257936,12.238820867713603,18.61691509182858,-0.14306627628426824
20.079185520361992,10.02129358530743,10.363987223848815,-0.30609528879425024
17.36425339366517,6.812283737024218,10.858064945435189,-0.3060952887942499
22.171945701357473,8.246273622571199,14.268365717327656,-0.3426936385413887
22.96380090497739,10.016302901250999,13.413295182326333,-0.4657971785999463
19.457013574660635,9.237756188448229,10.901317540590899,-0.6820601543784932
11.651583710407238,5.260180995475114,9.37583178067607,-2.9844290657439436
23.359728506787334,11.26896459941443,16.050039925472444,-3.959276018099547
24.321266968325784,6.6742081447963795,12.656374767101413,4.990684056428003
12.7262443438914,8.129824327921217,9.058091562416822,-4.461671546446633
39.08371040723983,15.356334841628966,23.221652914559474,0.5057226510513724
27.432126696832594,11.142533936651581,15.850412563215322,0.43918019696566435
42.64705882352942,17.32432792121373,26.01809954751131,-0.6953686451956338
34.276018099547514,16.394397125365977,19.565145062549906,-1.6835240883683769
30.712669683257918,16.447631088634548,17.811751397391536,-3.5467128027681656
19.96606334841629,8.595621506521162,11.57672344956082,-0.20628160766568998
37.7262443438914,17.392533936651578,21.854205483098198,-1.5204950758583955
21.32352941176472,9.142933191376098,13.058956614319936,-0.8783603939313273
23.699095022624437,10.791522491349479,11.799640670747936,1.107931860527016
17.986425339366523,6.206747404844291,10.096153846153848,1.6835240883683797
28.280542986425353,11.1392068139473,16.332845355336705,0.8084908171413372
43.72171945701356,18.0246872504658,24.855270162363578,0.84176204418419
35.29411764705883,16.75372637742881,19.867913228639875,-1.327521959009847
11.53846153846154,6.596020761245675,8.136478573329786,-3.1940377961139204
32.013574660633466,14.63767633750332,18.749999999999986,-1.3741016768698417
36.2556561085973,16.574061751397394,19.741482565877032,-0.05988820867713515
26.979638009049776,13.058956614319936,16.183124833643866,-2.2624434389140253
15.328054298642535,5.000665424540857,9.841628959276015,0.48575991482565883
21.26696832579186,10.252528613255262,12.794450359329254,-1.7800106467926542
22.73755656108597,9.161232366249667,12.44177535267501,1.1345488421613
33.710407239819,14.25006654245409,20.564945435187646,-1.1046047378227302
41.57239819004527,16.435986159169552,23.44290657439446,1.6935054564812355
7.522624434389136,1.878160766569071,6.0470455150385956,-0.4025818472185258
26.583710407239817,9.89819004524887,16.126563747671014,0.5589566143199385
23.755656108597286,8.369377162629757,13.839166888474843,1.5471120574926809
15.441176470588243,6.8621905775885015,8.994876231035402,-0.4158903380356666
24.660633484162894,8.054964067074797,13.930662762842697,2.675006654245408
36.31221719457014,18.455549640670743,19.38048975246207,-1.5238221985626832
23.02036199095022,10.305762576523822,14.770761245674736,-2.056161831248335
15.441176470588236,7.8819536864519595,7.915224913494807,-0.35600212935852993
19.68325791855204,7.860327388874102,12.21220388607932,-0.3892733564013826
22.907239819004534,9.567141336172481,11.247338301836574,2.092760180995476
21.606334841628964,9.696899121639607,14.873902049507585,-2.964466329518229
9.728506787330314,4.336904445035935,6.702488687782806,-1.310886345488421
28.054298642533926,12.129025818472185,17.562217194570124,-1.6369443705083826
22.398190045248874,10.591895129092363,13.25359329252063,-1.447298376364119
11.085972850678733,5.651117913228641,7.690644130955548,-2.2557891935054566
17.986425339366516,6.9869576789991985,10.244210806494548,0.7552568538727711
23.020361990950228,8.969922810753264,13.904045781208403,0.1463933989885558
21.549773755656116,8.753659834974716,11.81461272291722,0.9815011977641738
16.233031674208146,6.878826191109928,10.285799840298106,-0.931594357199892
34.049773755656105,15.35799840298111,19.876231035400583,-1.1844556827255777
21.43665158371041,9.312616449294648,14.47631088634549,-2.3522757519297306
33.54072398190044,14.032140005323395,20.55995475113122,-1.051370774554164
28.846153846153843,11.1508517434123,13.79924141602342,3.8960606867181267
41.23303167420816,16.226377428799562,25.592227841362785,-0.585573595954218
14.875565610859733,6.06867181261645,9.914825658770297,-1.1079318605270156
19.34389140271494,6.7440777215863745,12.932525951557096,-0.33271227042853346
12.669683257918548,6.687516635613523,10.247537929198833,-4.265371306893797
17.024886877828052,5.707678999201487,9.43738355070535,1.8798243279212132
35.06787330316742,15.040258184721853,20.23389672611126,-0.2062816076656893
29.4683257918552,14.240085174341232,18.169417088102207,-2.941176470588234
9.671945701357464,5.667753526750067,5.953886079318606,-1.9496939047112047
27.48868778280543,10.658437583178067,15.715664093691768,1.1145861059355875
28.110859728506803,11.31554431727442,17.357599148256586,-0.5622837370242207
12.047511312217198,4.89087037529944,7.0102475379291995,0.14639339898855505
34.38914027149321,12.628094224114987,17.735227575192972,4.0258184721852555
38.40497737556563,16.782006920415224,18.761644929465,2.861325525685388
30.373303167420826,11.613321799307952,18.630223582645723,0.1297577854671298
24.490950226244344,12.741216396060686,12.994077721586374,-1.244343891402715
28.733031674208153,12.183923343092887,14.848948629225443,1.7001597018898063
13.291855203619908,5.869044450359331,6.128560021293584,1.2942507319669947
13.461538461538462,7.188248602608463,8.412629757785469,-2.1393398988554697
24.88687782805431,9.783404311951024,14.883883417620448,0.21959009848283345
32.63574660633484,13.824194836305566,19.763108863454878,-0.9515570934256034
30.20361990950225,12.027548575991485,16.246340165025284,1.929731168485494
31.108597285067862,13.69942773489487,17.1829252062816,0.2262443438914047
32.12669683257919,11.941043385680066,18.156108597285066,2.0295448496140556
29.072398190045245,11.325525685387273,15.13508118179398,2.6117913228639873
22.794117647058826,7.549241416023422,12.912563215331383,2.3323130157040195
25.791855203619907,11.352142667021564,13.75432525951557,0.6853872770827797
29.86425339366515,13.052302368911363,15.497737556561075,1.3142134681927071
23.24660633484164,9.2677002927868,14.843957945169013,-0.8650519031141849
21.21040723981901,8.384349214799041,13.162097418152777,-0.33603939313281816
14.705882352941181,6.8056294916156554,10.608530742613787,-2.708277881288261
30.99547511312219,11.86951024753793,17.655376630290128,1.47058823529412
26.187782805429865,13.431594357199897,15.451157838701086,-2.69496939047112
25.622171945701368,12.38022358264573,15.371306893798256,-2.1293585307426137
17.703619909502272,7.263108863454884,10.640138408304502,-0.19962736225711955
23.246606334841633,8.289526217726907,12.571533138142136,2.3855469789725854
17.364253393665162,7.515970188980569,9.518898056960337,0.32938514772424826
19.343891402714938,8.309488953952625,11.041056694170878,-0.0066542454085699925
23.246606334841637,11.087636412030871,12.465065211605005,-0.3060952887942504
41.00678733031675,18.207678999201494,22.10706680862389,0.6920415224913518
35.35067873303167,15.940244876231036,20.10912962470056,-0.6986957678999186
27.997737556561074,11.919417088102211,14.977042853340436,1.1012776151184467
27.319004524886886,11.167487356933723,14.730835773223317,1.4206813947298385
8.427601809954748,4.8792254458344395,6.100279478307159,-2.5519031141868522
29.694570135746616,13.2602475379292,18.02801437317008,-1.5936917753526747
52.48868778280542,26.971320202289057,29.483297844024484,-3.9659302635081173
17.929864253393674,6.123569337237156,8.48582645727974,3.320468458876761
33.371040723981906,13.634548842161301,18.52874634016501,1.2077455416555782
35.46380090497738,13.316808623902055,19.834642001597004,2.312350279478309
41.742081447963805,19.402116050039915,22.0837769496939,0.2561884482299719
41.00678733031675,20.29212137343626,22.774154910833104,-2.059488953952621
16.57239819004525,7.269763108863458,11.355469789725841,-2.0528347085440495
11.085972850678736,7.028546712802766,7.3180063880755934,-3.2605802501996277
19.45701357466064,6.8289193505456485,11.533470854405106,1.094623369709875
15.384615384615394,7.321333510779876,11.0377295714666,-2.9744476976310876
18.891402714932134,7.196566409369177,12.153979238754326,-0.45914293319137517
13.574660633484163,6.017101410700024,7.068472185254193,0.48908703752994487
14.47963800904978,7.336305562949162,12.124035134415758,-4.980702688315143
9.389140271493208,3.9476310886345494,7.567540590896991,-2.126031408038329
23.19004524886877,6.788993878094222,12.687982432792117,3.713068937982434
29.355203619909503,14.201823263241945,17.212869310620167,-2.059488953952621
11.82126696832579,6.65757253127495,7.685653446899121,-2.5219590098482807
26.187782805429883,11.175805163694436,15.191642267766829,-0.1796646260314074
14.649321266968343,6.705815810487092,11.600013308490816,-3.6565078520095797
15.837104072398196,6.692507319669948,8.672145328719724,0.4724514240085175
6.73076923076923,4.626364120308758,8.046646260314079,-5.942241149853607
19.287330316742086,8.923343092893267,11.847883949960075,-1.4838967261112583
13.518099547511309,7.041855203619911,7.554232100079853,-1.0779877561884477
19.00452488687783,7.4028480170348665,9.781740750598878,1.8199361192440788
25.452488687782818,12.408504125632154,13.386678200692039,-0.34269363854138846
20.87104072398191,8.989885546978972,12.067474048442904,-0.18631887143997788
22.56787330316742,9.538860793186053,14.333244610061229,-1.3042321000798514
16.628959276018108,6.3331780676071325,10.442174607399522,-0.14639339898855436
26.07466063348416,10.104471652914556,17.600479105669418,-1.6302901250998143
31.900452488687776,14.146925738621235,17.42414160234229,0.3293851477242486
22.002262443438916,10.230902315677405,13.28187383550706,-1.5105137077455406
28.223981900452504,11.977641735427202,15.993478839499593,0.2528613255256863
38.68778280542986,17.00991482565877,21.674540857066805,0.0033271227042869947
13.348416289592762,6.564413095554965,8.9832313015704,-2.1992281075326057
20.192307692307697,9.054764439712535,12.907572531274951,-1.7700292786797964
20.814479638009058,9.720188980569603,15.925272824061757,-4.830982166622305
32.070135746606326,13.318472185254192,19.044450359329254,-0.29278679797710877
19.287330316742093,8.405975512376898,12.811085972850679,-1.9297311684854934
15.101809954751134,6.735759914825656,9.879890870375302,-1.5138408304498272
40.72398190045249,18.225978174075067,23.0469789725845,-0.548975246207079
29.242081447963812,10.804830982166624,18.87643066276284,-0.43918019696566307
19.626696832579185,8.68212669683258,10.378959276018103,0.5656108597285076
9.049773755656108,6.975312749534202,8.12649720521693,-6.0520361990950216
30.825791855203626,13.734362523289867,16.30622837370242,0.78520095821134
27.884615384615383,13.711072664359868,19.490284801703485,-5.316742081447962
35.06787330316743,14.396459941442638,19.616715464466324,1.0546978972584524
23.52941176470589,9.039792387543251,15.407905243545379,-0.9182858663827516
23.92533936651585,10.528679797710943,14.950425871706141,-1.5537663029012507
19.45701357466064,10.317407505988816,11.894463667820075,-2.754857599148253
35.633484162895925,17.735227575192972,22.842360926270956,-4.944104338568004
35.06787330316743,14.82066808623903,17.17294383816875,3.0742613787596516
7.239819004524885,4.987356933723716,6.9570135746606345,-4.704551503859463
20.701357466063364,7.842028214000535,10.986159169550174,1.873170082512643
14.932126696832576,7.474381155177005,9.88654511578387,-2.428799574128292
15.384615384615385,5.256853872770828,8.151450625499066,1.976310886345489
20.644796380090497,11.34715198296513,11.154178866116585,-1.8565344689912162
11.708144796380092,5.5130423210008,8.317806760713339,-2.122704285334043
16.855203619909506,7.058490817141338,8.771959009848283,1.0247537929198829
25.565610859728505,10.247537929198833,17.82006920415225,-2.5019962736225714
32.40950226244344,13.195368645195636,17.88328453553367,1.330849081714135
13.122171945701355,5.612856002129358,8.883417620441845,-1.374101676869842
40.89366515837104,19.91449294649987,25.18465531008783,-4.20548309821666
7.126696832579184,5.8091562416821905,6.288261911099279,-4.970721320202289
32.29638009049774,12.707945169017835,14.89719190843758,4.691243013042323
17.08144796380091,6.878826191109929,8.602275751929728,1.6003460207612454
38.404977375565615,17.490684056427998,19.440377961139205,1.4739153579984046
28.393665158371043,13.789260047910563,15.625831780676075,-1.0214266702155965
28.84615384615385,11.84455682725579,14.885546978972583,2.116050039925472
17.138009049773764,7.148323130157042,10.2658371040724,-0.2761511844556828
32.2398190045249,16.189779079052435,18.2159968059622,-2.165956880489751
17.081447963800905,5.702688315145062,8.730369976044717,2.6483896726111262
31.447963800904976,15.158371040723981,18.28253926004791,-1.992946499866914
30.429864253393664,10.53533404311951,18.137809422411497,1.756720787862658
28.619909502262455,12.297045515038604,17.304365184988022,-0.9815011977641732
12.2737556561086,5.879025818472185,8.660500399254722,-2.2657705616183113
31.95701357466064,15.118445568272561,17.397524620708005,-0.5589566143199349
12.217194570135746,5.903979238754323,8.063281873835509,-1.7500665424540853
31.39140271493213,13.03067607133351,20.732965131754057,-2.372238488155442
23.133484162895932,9.480636145861055,15.40624168219324,-1.75339366515837
14.988687782805426,4.52322331647591,9.587104072398185,0.8783603939313285
25.28280542986427,11.605003992547246,14.120308756986955,-0.4425073196699483
38.17873303167423,15.033603939313284,19.921147191908435,3.2239819004524892
30.76923076923077,12.227175938248603,17.264439712536593,1.2776151184455704
9.898190045248867,5.143731700825124,6.747404844290657,-1.992946499866916
9.162895927601808,3.7430130423210004,4.850944902848017,0.5689379824327923
30.316742081447952,11.367114719190845,19.305629491615647,-0.35600212935853
12.556561085972852,9.142933191376095,9.741815278147454,-6.328187383550704
26.074660633484168,10.36232366249667,15.033603939313277,0.6787330316742087
25.33936651583711,10.14772424807027,13.318472185254194,1.8731700825126438
10.520361990950228,4.749467660367314,7.484362523289857,-1.713468192706946
12.952488687782806,4.50991482565877,6.692507319669948,1.7500665424540855
9.558823529411764,5.123768964599415,6.5111791322864,-2.076124567474049
44.966063348416306,21.88082246473249,25.633816875166364,-2.5485759914825645
24.547511312217214,10.884681927069467,15.24653979238754,-1.5837104072398172
29.29864253393665,11.528480170348681,15.943571998935324,1.8265903646526498
27.48868778280544,11.353806228373704,14.57778812882619,1.5570934256055382
10.124434389140273,5.494743146127229,7.464399787064149,-2.834708544051104
16.572398190045252,7.2963800904977365,9.868245940910299,-0.5922278413627885
28.789592760180998,12.729571466595692,18.342427468725045,-2.2824061751397386
21.04072398190046,6.022092094756454,14.037130689379815,0.9815011977641743
6.78733031674208,3.8461538461538463,6.610992813414956,-3.669816342826723
21.606334841628954,9.151250998136812,11.94603406973649,0.5090497737556572
13.800904977375561,4.942440777215863,7.963468192706946,0.8949960074527545
35.80316742081448,16.148190045248867,21.20541655576257,-1.5504391801969655
17.816742081447963,7.745541655576259,9.671945701357469,0.39925472451424
25.226244343891413,13.413295182326323,15.276483896726116,-3.4635347351610317
10.803167420814477,4.842627096087304,7.308025019962735,-1.347484695235558
33.088235294117666,15.181660899653979,18.43558690444503,-0.5290125099813666
11.934389140271493,4.478307159968059,6.564413095554964,0.8916688847484698
25.169683257918557,13.980569603406973,17.114719190843758,-5.92560553633218
15.950226244343895,6.281607665690709,11.242347617780146,-1.5737290391269632
37.10407239819004,16.030077189246732,19.763108863454878,1.3108863454884239
32.29638009049772,15.268166089965394,19.447032206547775,-2.418818206015437
13.12217194570136,7.474381155176999,9.470654777748209,-3.8228639872238475
29.185520361990953,11.031075326058032,15.110127761511844,3.0443172744210796
36.25565610859729,15.970188980569608,18.864785733297836,1.4206813947298391
40.38461538461539,18.20601543784934,23.41961671546446,-1.2410167686984261
35.85972850678734,16.221386744743146,19.791389406441304,-0.15304764439712287
36.085972850678736,14.915491083311155,21.16715464466329,0.0033271227042864357
23.642533936651596,9.801703486824591,12.70628160766569,1.134548842161301
23.35972850678734,10.931261644929467,14.221785999467658,-1.7933191376097923
17.138009049773764,7.637410167686983,12.085773223316476,-2.585174341229705
36.42533936651584,16.99327921213735,18.992879957412825,0.43918019696566657
17.081447963800912,7.332978440244873,10.274154910833117,-0.5256853872770811
16.119909502262452,8.673808890071863,8.756986957678993,-1.3108863454884214
19.174208144796378,6.140204950758584,11.88947298376364,1.1445302102741555
35.463800904977376,15.870375299441045,20.461804631354802,-0.8683790258184705
33.5972850678733,14.148589299973384,18.79657971785999,0.652116050039927
19.117647058823533,8.23130157040192,10.490417886611656,0.3959276018099557
40.44117647058824,20.55662762842693,24.881887143997876,-4.997338301836572
20.927601809954766,7.990085174341231,10.585240883683792,2.352275751929731
23.585972850678733,10.73496140537663,14.69091030077189,-1.8398988554697886
19.117647058823543,8.053300505722653,12.278746340165025,-1.2143997870641459
33.71040723981899,15.63747671014107,16.67886611658238,1.3940644130955562
27.205882352941178,13.052302368911363,16.798642533936643,-2.6450625499068376
25.735294117647072,10.974514240085178,13.539725845089167,1.2210540324727193
28.110859728506796,10.99281341495875,13.774287995741286,3.3437583178067607
18.38235294117647,6.58271227042853,12.784468991216393,-0.9848283204684586
22.73755656108597,7.857000266169814,12.00924940111791,2.8713068937982444
18.72171945701357,5.140404578120842,13.494809688581313,0.08650519031141929
9.55882352941176,4.260380622837371,4.952422145328719,0.34602076124567493
38.17873303167421,17.174607399520895,22.71093957945169,-1.7068139472983743
11.25565610859729,5.785866382752196,7.748868778280544,-2.279079052435453
13.348416289592762,6.882153313814211,9.43738355070535,-2.9711205749268013
22.73755656108597,8.259582113388339,13.13048975246207,1.3474846952355615
17.92986425339367,8.267899920149056,10.041256321533142,-0.3792919882885275
28.167420814479634,14.296646260314075,16.099946766036734,-2.229172211871173
23.13348416289593,10.78985892999734,13.514772424807028,-1.1711471919084364
16.855203619909506,6.067008251264306,10.781541123236629,0.006654245408570876
15.893665158371032,4.157239819004524,9.041455948895393,2.6949693904711203
19.683257918552048,7.575858397657703,13.644530210274151,-1.5371306893798236
26.52714932126697,11.631620974181534,15.644130955549636,-0.7486026084641993
13.744343891402709,5.52136012776151,8.2462736225712,-0.023289858929997163
13.404977375565604,5.325059888208679,8.136478573329786,-0.05656108597285088
17.70361990950227,8.442573862124034,12.551570401916422,-3.290524354538196
27.828054298642535,11.538461538461545,14.822331647591158,1.4672611125898325
29.41176470588236,12.167287729571473,18.50878360393932,-1.2643066276284256
9.785067873303165,5.87902581847219,7.346286931062017,-3.4402448762310347
47.002262443438894,21.849214799041793,25.5889007186585,-0.4358530742613774
19.45701357466063,9.59375831780676,11.54345222251796,-1.6801969656640936
34.50226244343892,13.238621240351344,16.991615650785203,4.27202555230237
24.095022624434385,9.43405642800106,13.935653446899122,0.7253127495342038
9.95475113122172,5.163694437050841,6.2450093159435704,-1.4539526217726906
29.807692307692314,12.551570401916429,16.969989353207346,0.28613255256854003
27.545248868778284,10.919616715464468,15.494410433856794,1.131221719457015
16.5158371040724,6.679198828852808,10.784868245940913,-0.9482299707213195
27.714932126696834,13.943971253659843,19.224114985360657,-5.453154112323659
27.545248868778287,11.3421612989087,16.432659036465257,-0.2295714665956875
31.843891402714924,14.082046845887678,19.142600479105667,-1.3807559222784134
21.606334841628957,9.610393931328186,11.753060952887946,0.24287995741282986
26.074660633484164,10.292454085706684,15.449494277348947,0.33271227042853435
18.721719457013577,9.305962203886079,9.974713867447432,-0.558956614319936
26.074660633484175,13.014040457812078,13.682792121373437,-0.622171945701356
21.32352941176471,8.133151450625501,11.776350811817942,1.4140271493212682
20.531674208144793,9.112989087037533,13.31847218525419,-1.8997870641469246
28.1108597285068,11.661565078520093,15.5842427468725,0.8650519031141866
22.96380090497739,10.109462336970989,14.654311951024756,-1.799973383018366
22.51131221719458,9.99634016502529,13.919017833377692,-1.4040457812084097
25.113122171945697,12.646393398988561,14.888874101676866,-2.422145328719723
36.651583710407245,16.790324727175943,20.340364652648383,-0.479105669417086
31.44796380090498,13.360061219057759,19.25572265105137,-1.1678200692041516
23.75565610859729,6.792321000798509,16.806960340697376,0.156374767101412
13.065610859728507,7.213202022890604,7.559222784136278,-1.706813947298376
15.10180995475113,6.890471120574929,10.763241948363053,-2.551903114186852
20.248868778280546,7.675672078786267,12.343625232898587,0.22957146659568842
26.18778280542987,10.98449560819803,15.692374234761783,-0.489087037529943
21.889140271493225,8.016702155975512,13.11385413894064,0.758583976577057
15.271493212669688,5.6261644929465,9.79504924141602,-0.14972052169283978
14.309954751131224,7.585839765770562,10.633484162895929,-3.909369177535266
41.4027149321267,16.113255256853886,21.952355602874643,3.3371040723981897
12.613122171945701,5.0206281607665675,9.655310087836039,-2.062816076656907
21.945701357466046,9.139606068671812,12.659701889805698,0.1463933989885548
7.4095022624434375,3.4335906308224655,5.68272557891935,-1.7068139472983768
34.049773755656126,17.523955283470848,19.92613787596487,-3.40031940377961
21.153846153846157,7.6590364652648395,11.085972850678733,2.408836837902583
19.287330316742093,7.76051370774554,12.142334309289328,-0.6155177002927862
25.452488687782814,10.70169017833378,14.920481767367573,-0.16968325791855066
20.701357466063357,8.457545914293318,12.173941974980037,0.06986957678999232
30.260180995475114,11.33217993079585,15.447830715996805,3.4801703486824613
30.769230769230788,13.103872770827792,15.635813148788928,2.0295448496140533
21.323529411764714,9.177867979771092,14.371506521160487,-2.225845089166888
14.536199095022626,5.434854937450093,8.059954751131219,1.0413894064413098
32.46606334841629,13.162097418152785,19.044450359329243,0.2595155709342577
14.309954751131226,4.569803034335907,11.436984295980844,-1.696832579185519
17.760180995475114,6.971985626829919,9.347551237689647,1.44064413095555
30.316742081447973,12.3436252328986,18.951290923609267,-0.9781740750598875
21.32352941176471,9.412430130423214,13.451557093425604,-1.540457812084109
18.947963800904976,11.90444503593292,12.373569337237152,-5.330050572265106
21.436651583710407,7.876963002395527,13.746007452754856,-0.18631887143997794
12.669683257918551,3.877761511844558,7.238155443172745,1.5537663029012518
38.687782805429855,17.550572265105135,22.644397125365977,-1.5071865850412547
23.020361990950224,9.81334841628959,13.180396593026348,0.02661698163428374
16.57239819004525,4.679598083577322,8.911698163428266,2.981101943039659
15.158371040723985,7.693971253659833,11.207412829385143,-3.743013042320998
33.54072398190045,16.04172211871174,19.708211338834168,-2.2092094756454608
17.760180995475114,7.131687516635615,8.34608730369976,2.282406175139739
8.314479638009049,4.406774021825925,4.955749268033005,-1.04804365184988
25.05656108597286,13.063947298376366,14.494610061219051,-2.5019962736225687
32.80542986425338,16.762044184189516,19.766435986159173,-3.7230503060952853
18.552036199095028,7.013574660633487,9.821666223050304,1.7167953154112328
8.65384615384615,4.945767899920148,5.547977109395797,-1.8398988554697895
25.509049773755653,8.963268565344688,14.28333776949694,2.262443438914028
27.60180995475114,11.210739952089433,17.206215065211595,-0.8151450625499053
19.90950226244344,11.874500931594362,15.857066808623896,-7.8220654777748235
28.56334841628959,13.553034335906299,16.87350279478307,-1.863188714399787
7.975113122171943,4.355203619909502,4.724514240085174,-1.1046047378227308
12.669683257918553,6.586039393132817,8.076590364652647,-1.9929464998669155
20.588235294117656,8.44756454618046,13.827521959009838,-1.6868512110726632
17.760180995475114,5.5313414958743685,11.377096087303705,0.8517434122970463
8.031674208144793,5.080516369443704,5.709342560553632,-2.7581847218525417
26.696832579185507,11.691509182858674,14.54618046313548,0.45914293319137633
13.744343891402707,7.41615650785201,10.7299707213202,-4.401783337769497
17.760180995475114,7.830383284535534,9.660300771892466,0.2694969390471129
25.16968325791856,8.304498269896195,15.111791322863986,1.7533936651583721
36.708144796380104,18.052967793452215,21.233697098749012,-2.5785200958211303
22.73755656108598,6.995275485759915,13.712736225711998,2.0295448496140542
21.662895927601806,10.29079052435453,12.69962736225712,-1.3275219590098477
21.04072398190046,9.55715996805962,14.474647324993349,-2.9910833111525146
24.773755656108612,11.95268831514506,12.315344689912166,0.5057226510513705
12.160633484162894,5.526350811817939,7.688980569603406,-1.0546978972584506
15.893665158371046,6.774021825924939,11.641602342294384,-2.5219590098482834
20.984162895927604,10.265837104072402,11.024421080649454,-0.30609528879425024
9.276018099547509,4.18552036199095,6.544450359329253,-1.4539526217726886
25.565610859728512,8.903380356667551,15.038594623369708,1.623635879691245
20.475113122171955,7.665690710673409,11.954351876497201,0.855070535001331
26.923076923076938,11.001131221719458,16.697165291455942,-0.7752195900984812
16.68552036199095,7.500998136811289,9.27102741549108,-0.08650519031141846
21.88914027149322,9.904844290657438,15.570934256055361,-3.586638275219589
29.07239819004525,13.351743412297047,18.77495342028214,-3.0542986425339356
27.26244343891402,10.507053500133091,15.344689912163961,1.4107000266169827
16.119909502262452,7.379558158104873,9.249401117913226,-0.5090497737556559
23.13348416289593,8.939978706414696,13.2718924673942,0.9216129890870378
28.563348416289582,12.711272291722114,16.890138408304495,-1.0380622837370235
13.00904977375566,5.602874634016503,8.20801171147192,-0.8018365717327653
25.452488687782804,9.622038860793188,16.05003992547245,-0.2195900984828312
12.330316742081447,5.567939845621504,6.083643864785736,0.6787330316742085
16.176470588235293,8.8584642001597,10.202621772690982,-2.8846153846153846
36.199095022624434,16.801969656640935,20.71133883417621,-1.3142134681927051
24.264705882352942,10.127761511844565,17.23116848549374,-3.0942241149853595
31.617647058823533,12.230503060952886,16.04671280276817,3.340431195102476
27.997737556561084,12.40517700292787,16.341163162097406,-0.7486026084641989
27.205882352941178,13.185387277082782,12.393532073462863,1.6269630023955297
22.907239819004538,7.9351876497205245,14.319936119244074,0.6521160500399261
36.59502262443438,16.97830715996806,23.29651317540591,-3.67979771093958
35.63348416289594,15.80549640670748,20.31042054830982,-0.4824327921213722
6.843891402714931,4.24707213202023,5.614519563481502,-3.0177002927867993
21.662895927601806,8.231301570401918,11.970987490018631,1.4606068671812613
32.18325791855204,14.522890604205484,18.325791855203615,-0.6654245408570657
14.932126696832578,6.3864120308756975,8.79524886877828,-0.2495342028214003
28.223981900452504,11.673210007985091,15.685719989353203,0.8650519031141884
8.993212669683258,6.243345754591427,4.296978972584512,-1.5471120574926802
32.013574660633495,14.702555230236895,18.38900718658504,-1.0779877561884461
20.135746606334855,9.846619643332447,12.421812616449294,-2.132685653446898
47.341628959276015,23.522757519297308,27.1127229172212,-3.293851477242482
23.529411764705873,10.022957146659566,13.709409103007715,-0.2029544849614041
19.00452488687783,7.898589299973382,11.734761778014372,-0.6288261911099275
21.210407239819013,10.565278147458072,11.852874634016503,-1.2077455416555756
37.21719457013576,15.36298908703753,21.864186851211066,-0.009981368112855344
21.832579185520366,11.36378759648656,15.086837902581845,-4.6180463135480405
13.744343891402714,7.397857332978436,9.460673409635346,-3.1141868512110733
21.94570135746606,7.189912163960608,14.46632951823263,0.2894596752728251
34.33257918552037,13.401650252861332,16.91176470588235,4.019164226776686
14.988687782805426,5.424873569337237,10.951224381155173,-1.3874101676869843
19.174208144796385,8.272890604205488,10.941243013042321,-0.03992547245142368
14.366515837104073,7.377894596752726,8.994876231035398,-2.0062549906840554
12.726244343891402,7.925206281607664,10.180995475113123,-5.379957412829385
16.346153846153847,4.75944902848017,11.05436518498802,0.5323396326856538
34.16289592760182,15.883683790258187,20.57159968059621,-2.292387543252592
21.493212669683256,6.955350013308491,11.949361192440778,2.5885014639339916
23.529411764705895,9.547178599946767,16.191442640404578,-2.20920947564546
22.058823529411775,8.186385413894065,12.767833377694975,1.1046047378227313
38.0656108597285,19.590098482832047,22.018898056960346,-3.5433856800638823
35.180995475113136,14.910500399254719,19.046113920681396,1.224381155177004
18.212669683257918,6.755722651051372,9.470654777748205,1.9862922544583457
24.660633484162897,10.563614586105937,14.436385413894062,-0.3393665158371029
16.402714932126692,5.852408836837904,11.229039126963007,-0.6787330316742074
19.62669683257919,8.113188714399788,12.824394463667817,-1.310886345488421
32.97511312217194,15.146726111258989,17.009914825658768,0.8184721852541922
38.00904977375566,17.1047378227309,22.26510513707746,-1.3607931860527
31.165158371040736,13.943971253659837,17.008251264306622,0.21293585307426233
30.147058823529417,12.897591163162103,16.317873303167417,0.9315943571998948
29.977375565610863,11.365451157838699,14.858929997338297,3.7529944104338577
27.545248868778284,7.752195900984831,14.133617247804095,5.659435719989355
14.819004524886875,7.906907106734097,10.069536864519566,-3.15743944636678
20.64479638009051,9.513907372903914,12.52828054298643,-1.3973915357998417
32.52262443438914,14.03713068937982,19.65664093691775,-1.1711471919084366
21.43665158371041,9.144596752728242,12.944170881022094,-0.6521160500399252
12.330316742081452,4.556494543518764,9.34422411498536,-1.5704019164226777
25.226244343891405,9.409103007718926,17.144663295182326,-1.3275219590098464
27.65837104072398,13.58464200159701,16.47923875432526,-2.4055097151982965
18.552036199095024,7.991748735693369,9.2327655043918,1.3275219590098504
24.886877828054317,10.794849614053764,16.820268831514497,-2.7282406175139724
20.644796380090504,8.133151450625501,11.726443971253666,0.7852009582113394
25.96153846153847,11.97431461272292,14.03713068937982,-0.04990684056427812
32.748868778280546,17.281075326058023,20.90098482832047,-5.4331913760979464
22.00226244343892,8.853473516103275,15.188315145062544,-2.03952621772691
10.63348416289593,5.765903646526481,6.8405642800106445,-1.972983763641203
31.56108597285067,13.231966994942779,19.293984562150655,-0.9648655842427447
18.156108597285073,8.291189779079051,10.207612456747402,-0.34269363854138923
19.287330316742086,10.596885813148795,11.315544317274426,-2.6250998136811274
22.398190045248874,10.44550173010381,12.707945169017837,-0.7552568538727702
24.264705882352946,10.224248070268832,13.514772424807022,0.5256853872770834
17.02488687782805,5.165357998402982,8.3593957945169,3.5001330849081738
24.43438914027149,8.996539792387544,16.209741815278143,-0.7718924673941961
3.506787330316742,3.4518898056960348,3.877761511844559,-3.822863987223847
22.285067873303174,7.2148655842427445,11.876164492946499,3.194037796113922
20.531674208144793,8.742014905509716,13.386678200692039,-1.5970188980569608
27.99773755656109,9.552169284003195,13.983896726111263,4.461671546446632
33.031674208144786,14.66096619643333,16.61398722384881,1.7567207878626563
20.47511312217194,10.212603140803832,12.488355070535,-2.2258450891668886
21.776018099547514,10.106135214266702,11.317207878626565,0.3526750066542462
32.18325791855204,14.110327388874095,17.909901517167956,0.16302901250998303
25.226244343891413,10.886345488421618,14.313281873835503,0.026616981634283426
26.979638009049776,11.300572265105133,13.955616183124828,1.7234495608198044
24.264705882352935,9.84994676603673,11.806294916156512,2.6084642001597036
7.070135746606334,3.192374234761778,5.281807293052965,-1.4040457812084113
23.30316742081448,9.465664093691773,11.089299973383017,2.748203353739687
25.16968325791856,11.821266968325789,17.63375033271227,-4.2853340431195095
12.726244343891407,7.038528080915624,9.833311152515304,-4.1455948895395265
21.040723981900463,8.083244610061222,12.964133617247809,-0.0066542454085700056
23.81221719457015,11.222384881554435,14.838967261112593,-2.2491349480968847
21.606334841628957,8.512443438914023,16.354471652914565,-3.2605802501996255
27.9977375565611,11.8645195634815,15.374634016502524,0.758583976577057
21.88914027149321,8.758650519031143,14.69423742347618,-1.563747671014107
19.061085972850687,8.31614319936119,11.839566143199361,-1.094623369709874
14.083710407239822,5.411565078520097,9.580449826989618,-0.9083044982698959
29.0158371040724,9.700226244343893,18.803233963268553,0.5123768964599424
9.162895927601806,4.311951024753793,7.642400851743411,-2.7914559488953965
24.88687782805431,7.763840830449828,13.167088102209203,3.9559488953952626
32.23981900452489,15.59921479904178,18.37070801171147,-1.7301038062283731
42.70361990950225,19.573462869310614,23.749001863188703,-0.6188448229970717
30.260180995475107,14.003859462336967,17.810087836039393,-1.553766302901251
26.187782805429855,9.409103007718928,16.602342294383813,0.17633750332712314
21.49321266968326,9.756787330316747,12.448429598083582,-0.7120042587170607
13.57466063348416,7.1300239552834705,7.58251264306628,-1.1378759648655836
49.49095022624434,20.195634815011978,28.150785200958214,1.1445302102741568
37.726244343891395,15.913627894596754,21.330183657173283,0.48243279212137513
24.20814479638009,8.01670215597551,15.086837902581845,1.1046047378227317
25.73529411764705,10.58690444503593,15.916955017301031,-0.7685653446899112
27.092760180995473,10.299108331115251,16.440976843225975,0.3526750066542456
21.606334841628975,9.849946766036735,12.348615916955008,-0.5922278413627879
32.466063348416284,13.770960873036996,19.79970721320202,-1.1046047378227297
29.185520361990957,9.770095821133882,17.35926270960872,2.0561618312483376
20.588235294117656,8.905043918019697,11.064346553100878,0.6188448229970726
34.04977375565611,14.151916422677669,18.127828054298643,1.770029278679799
26.244343891402725,10.904644663295183,13.549707213202023,1.7899920149055115
29.1289592760181,11.88115517700293,17.607133351077984,-0.3593292520628139
22.737556561085984,11.593359063082248,12.308690444503592,-1.164492946499866
9.558823529411763,4.400119776417353,6.78566675538994,-1.6269630023955275
28.05429864253394,11.160833111525156,14.524554165557626,2.368911365451159
37.613122171945705,15.496073995208942,18.6135879691243,3.5034602076124584
33.08823529411765,12.653047644397127,21.130556294916158,-0.6953686451956334
13.065610859728501,6.825592227841363,8.43259249401118,-2.192573862124035
22.39819004524887,9.904844290657438,10.773223316475915,1.7201224381155196
24.773755656108598,10.014639339898858,12.909236092627099,1.849880223582645
18.834841628959282,7.286398722384883,13.055629491615655,-1.5071865850412576
37.273755656108605,14.439712536598346,22.60114453021027,0.23289858929997395
25.282805429864258,11.683191376097946,13.253593292520632,0.34602076124567616
15.610859728506785,5.037263774287997,8.15810487090764,2.4154910833111534
18.834841628959275,8.376031408038331,11.180795847750867,-0.7219856268299174
26.80995475113124,11.538461538461545,16.895129092360914,-1.6236358796912431
24.660633484162897,10.899653979238755,14.033803566675541,-0.2728240617513954
43.55203619909502,20.713002395528356,23.98356401384083,-1.144530210274153
14.423076923076923,6.474580782539261,7.509315943571999,0.4391801969656642
24.15158371040724,10.678400319403778,14.085373968591965,-0.6121905775884999
29.468325791855197,12.939180196965655,15.923609262709602,0.6055363321799319
24.377828054298643,10.086172478040993,15.549307958477506,-1.257652382219855
19.457013574660625,9.365850412563214,9.981368112856,0.1097950492414171
9.615384615384611,4.42840031940378,6.620974181527815,-1.4339898855469781
29.128959276018104,10.726643598615917,15.141735427202555,3.260580250199628
26.640271493212666,10.171014107000271,14.765770561618309,1.7034868245940917
32.23981900452489,13.288528080915624,18.49547511312217,0.45581581048709185
20.757918552036205,10.896326856534468,10.427202555230236,-0.5656108597285067
22.963800904977372,7.755523023689111,12.653047644397127,2.555230236891137
26.470588235294137,10.299108331115253,14.131953686451954,2.0395262177269107
30.20361990950228,11.541788661165826,18.262576523822194,0.3992547245142404
19.626696832579185,7.617447431461268,12.58151450625499,-0.5722651051370773
13.631221719457015,5.2501996273622575,8.946632951823261,-0.5656108597285068
23.98190045248869,10.645129092360934,12.737889273356394,0.5988820867713613
16.742081447963805,6.5194969390471105,10.176004791056696,0.0465797178599949
11.708144796380086,4.270361990950227,6.426337503327121,1.0114453021027403
24.66063348416289,9.828320468458882,13.009049773755653,1.823263241948364
31.334841628959275,14.975379291988295,19.739819004524886,-3.380356667553897
36.14253393665159,16.579052435453818,21.593026350811808,-2.0295448496140533
12.782805429864256,6.00712004258717,7.973449560819803,-1.1977641735427196
10.124434389140266,4.732832046845889,6.845554964067075,-1.4539526217726904
26.583710407239835,11.914426404045788,15.111791322863986,-0.44250731966994883
27.205882352941178,9.380822464732498,15.882020228906047,1.9430396593026356
14.988687782805435,7.961804631354807,11.33217993079584,-4.305296779345221
29.0158371040724,11.819603406973652,16.613987223848817,0.5822464732499341
19.004524886877824,7.72890604205483,10.067873303167422,1.2077455416555762
18.834841628959285,7.933524088368377,10.571932392866644,0.3293851477242493
16.5158371040724,6.805629491615651,9.786731434655307,-0.07652382219856216
26.018099547511312,12.737889273356405,14.507918552036196,-1.2277082778812873
27.65837104072398,14.231767367580506,19.282339632685645,-5.855735959542186
24.943438914027144,9.921479904178868,13.900718658504124,1.1212403513441582
25.056561085972852,13.393332446100604,14.351543784934782,-2.68831514506255
30.938914027149334,13.218658504125631,16.020095821133882,1.7001597018898058
28.22398190045251,11.230702688315144,15.991815278147453,1.0014639339898868
23.755656108597297,7.5775219590098475,14.820668086239023,1.357466063348417
16.742081447963805,7.619110992813417,9.668618578653177,-0.5456481235027941
18.382352941176475,8.069936119244078,10.43219323928666,-0.1197764173542717
20.13574660633485,6.9104338568006405,11.185786531807292,2.0395262177269093
33.54072398190047,13.47318339100346,18.55037263774287,1.5171679531541142
28.789592760180998,10.497072132020232,15.803832845355336,2.4886877828054326
32.8054298642534,13.291855203619907,20.325392600479095,-0.8118179398456195
23.699095022624427,10.337370242214538,13.142134681927068,0.21959009848283287
28.450226244343888,11.214067074793727,18.78659834974713,-1.550439180196965
28.054298642533936,9.593758317806762,17.332645727974445,1.127894596752729
10.916289592760183,4.526550439180198,7.79045781208411,-1.4007186585041254
29.524886877828045,15.632486026084651,17.502328985892998,-3.609928134149587
29.97737556561087,11.00445834442374,17.355935586904437,1.616981634282674
13.574660633484159,7.486026084642002,10.786531807293052,-4.6978972584508885
25.056561085972856,9.60873036997604,16.43265903646526,-0.9848283204684575
32.013574660633495,13.401650252861334,20.039260047910563,-1.4273356401384076
27.545248868778284,11.505190311418684,15.16835240883684,0.8717061485227584
30.316742081447973,14.085373968591965,18.2941841895129,-2.0628160766569072
20.5316742081448,9.131288261911095,13.52309023156774,-2.122704285334042
24.49095022624435,10.01131221719457,13.365051903114175,1.1145861059355882
31.900452488687787,14.032140005323397,17.904910833111522,-0.036598349747137306
16.063348416289593,6.522824061751395,10.834775086505188,-1.294250731966994
16.968325791855207,5.491416023422942,8.03999201490551,3.436917753526748
18.891402714932124,10.598549374500935,9.500598882086772,-1.2077455416555762
15.214932126696825,7.910234229438379,8.143132818738357,-0.8384349214799034
16.45927601809955,6.903779611392063,10.507053500133079,-0.9515570934256056
13.122171945701355,5.508051636944369,7.201557093425602,0.41256321533138085
24.547511312217182,11.23070268831514,12.764506254990682,0.5523023689113672
16.34615384615385,7.276417354272024,10.397258450891668,-1.327521959009847
21.380090497737562,7.42114719190844,14.461338834176205,-0.5023955283470843
28.733031674208146,12.173941974980037,19.297311684854947,-2.7382219856268275
23.020361990950242,8.98156774021826,12.421812616449298,1.6169816342826733
26.52714932126697,10.793186052701625,11.265637476710133,4.4683257918552055
36.25565610859728,15.585906308224647,23.058623902049508,-2.38887410167687
30.656108597285066,12.924208144796372,17.289393132818738,0.44250731966995005
41.79864253393664,18.74168219323929,23.8654511578387,-0.8084908171413343
31.33484162895928,14.439712536598346,16.775352675006655,0.119776417354273
24.830316742081454,8.725379291988293,15.459475645461804,0.6454618046313556
35.40723981900451,14.63102209209476,21.501530476443975,-0.7253127495342025
26.923076923076923,9.988022358264573,16.402714932126678,0.5323396326856543
41.11990950226244,17.575525685387277,23.30815810487091,0.23622571200426068
13.40497737556561,6.790657439446367,8.181394729837637,-1.5670747937183926
21.153846153846164,9.194503593292522,14.48795581581049,-2.528613255256853
14.479638009049776,4.9607399520894315,7.589166888474848,1.9297311684854945
30.825791855203633,12.368578653180737,18.03134149587436,0.4258717061485239
19.287330316742086,8.635546978972584,11.530143731700825,-0.878360393931328
29.977375565610846,11.633284535533674,19.412097418152772,-1.0680063880755915
31.165158371040715,13.1704152249135,18.430596220388598,-0.43585307426137754
3.9592760180995468,2.6766702155975493,4.65298110194304,-3.3703752994410445
19.343891402714945,7.550904977375565,8.549041788661164,3.2439446366782003
15.610859728506783,7.838701091296246,10.314080383284537,-2.541921746073995
41.968325791855186,17.69530210274155,23.3347750865052,0.9382486026084658
12.443438914027157,6.339832313015705,7.061817939845619,-0.9582113388341766
25.282805429864258,9.901517167953152,15.98349747138674,-0.6022092094756444
29.8076923076923,14.111990950226252,17.19623369709875,-1.5005323396326844
23.98190045248869,10.726643598615917,16.279611392068134,-3.0243545381953676
36.08597285067876,16.04338568006388,21.243678466861848,-1.201091296247005
32.52262443438914,16.34948096885814,18.841495874367837,-2.6683524088368347
29.411764705882355,10.635147724248073,15.76889805696034,3.007718924673945
23.133484162895932,11.787995741282941,14.173542720255524,-2.828054298642534
29.63800904977377,13.308490817141335,18.08956614319936,-1.7600479105669402
24.49095022624434,8.88341762044184,16.595688048975237,-0.9881554431727435
22.907239819004534,9.956414692573864,14.085373968591968,-1.1345488421612975
24.208144796380104,8.667154644663292,12.08078253926005,3.46020761245675
19.117647058823533,9.651982965131754,12.476710141070003,-3.011046047378227
26.187782805429865,11.177468725046579,14.660966196433325,0.3493478839499613
33.93665158371041,15.035267500665432,19.716529145594883,-0.8151450625499055
23.925339366515843,12.656374767101413,13.74434389140271,-2.4753792919882875
25.73529411764707,11.357133351077989,17.475712004258718,-3.0975512376896432
36.368778280543,15.181660899653973,17.876630290125096,3.3104870907639072
27.319004524886893,10.257519297311685,15.414559488953952,1.646925738621241
21.71945701357466,9.241083311152515,13.13048975246207,-0.652116050039925
35.85972850678735,16.5940244876231,18.204351876497196,1.0613521426670232
32.74886877828054,13.414958743678465,19.0544317274421,0.2794783071599691
18.947963800904972,8.766968325791852,11.684854937450094,-1.5038594623369694
37.160633484162915,16.8468858131488,22.156973649188167,-1.8432259781740734
18.77828054298643,6.719124301304234,11.051038062283737,1.0081181793984564
20.757918552036195,7.640737290391267,14.268365717327656,-1.1511844556827258
13.178733031674216,5.468126164492948,7.364586105935585,0.3460207612456753
28.506787330316747,13.080582911897794,18.60027947830716,-3.1740750598882084
21.549773755656112,8.79025818472185,11.528480170348685,1.2310354005855735
12.273755656108595,4.5864386478573325,9.058091562416822,-1.3707745541655578
17.420814479638008,6.424673941974982,10.40723981900453,0.5889007186585034
18.72171945701357,7.379558158104871,10.247537929198826,1.0946233697098757
18.438914027149327,9.214466329518231,12.148988554697894,-2.924540857066805
8.3710407239819,4.3052967793452215,5.965531008783605,-1.8997870641469252
19.90950226244345,8.72537929198829,10.575259515570933,0.6088634548842168
19.11764705882354,7.748868778280544,10.267500665424544,1.1012776151184467
36.42533936651584,15.46945701357466,20.879358530742618,0.0765238221985642
13.744343891402709,4.358530742613788,9.305962203886077,0.07985094490284876
15.214932126696826,6.071998935320736,7.459409103007715,1.6835240883683797
24.773755656108605,10.177668352408837,13.997205216928393,0.5988820867713602
40.32805429864251,16.825259515570934,24.261378759648643,-0.7585839765770545
38.91402714932127,19.31394729837637,23.971919084375834,-4.371839233430928
30.486425339366527,12.283737024221454,19.17753526750066,-0.9748469523556019
21.662895927601816,8.637210540324725,11.688182060154379,1.337503327122705
16.685520361990957,7.790457812084112,10.868046313548042,-1.9729837636412038
17.98642533936652,8.156441309555492,10.601876497205218,-0.7718924673941966
19.7398190045249,8.964932126696834,12.721253659834975,-1.9463667820069201
19.626696832579185,9.227774820335373,10.488754325259517,-0.08983231301570391
22.002262443438926,9.071400053233964,13.456547777482038,-0.5256853872770828
29.80769230769232,13.007386212403519,16.124900186318875,0.675405908969923
27.545248868778284,10.88135480436519,15.446167154644666,1.2177269097684333
21.15384615384615,6.945368645195633,12.80775885014639,1.4007186585041267
31.447963800904976,12.408504125632147,16.45428533404311,2.585174341229707
39.53619909502261,16.59901517167953,23.263241948363053,-0.32605802501996195
20.984162895927593,8.429265371306895,11.014439712536596,1.5404578120841113
20.07918552036199,8.304498269896193,13.15544317274421,-1.3807559222784127
19.739819004524886,9.417420814479632,11.140870375299441,-0.8184721852541911
11.085972850678731,4.814346553100879,7.8453553367048166,-1.573729039126964
17.024886877828052,6.489552834708543,8.612257120042589,1.9230769230769236
16.0633484162896,5.6428001064679245,8.956614319936119,1.4639339898855466
16.968325791855207,7.534269363854137,9.49061751397391,-0.056561085972850096
17.590497737556564,7.71227042853341,10.716662230503061,-0.8384349214799027
14.027149321266968,4.7344956081980305,8.467527282406174,0.8251264306627637
27.601809954751136,9.480636145861059,14.058756986957674,4.062416821932394
22.794117647058833,9.868245940910306,15.248203353739687,-2.3223316475911617
19.57013574660634,8.091562416821931,13.488155443172742,-2.00958211338834
34.95475113122172,17.073130157040197,18.12450093159436,-0.24287995741282853
20.47511312217196,8.425938248602613,13.935653446899115,-1.8864785733297837
34.276018099547514,14.57279744476976,21.426670215597547,-1.723449560819802
16.119909502262445,6.284934788394995,10.793186052701621,-0.9582113388341755
22.567873303167435,11.789659302635084,12.654711205749267,-1.8764972052169293
19.40045248868779,9.736824594091026,11.29391801969657,-1.6302901250998145
28.45022624434389,12.954152249134953,16.351144530210274,-0.8550705350013295
19.909502262443443,9.517234495608198,11.959342560553637,-1.5670747937183926
26.583710407239828,10.385613521426668,15.572597817407503,0.6254990684056434
29.75113122171947,12.83770295448496,14.977042853340423,1.936385413894065
15.893665158371046,6.198429598083577,9.365850412563216,0.32938514772424854
15.441176470588239,7.031873835507053,9.157905243545379,-0.7486026084642
19.570135746606333,6.93538727708278,10.68172744210807,1.9530210274154913
9.841628959276017,4.336904445035933,7.264772424807027,-1.7600479105669404
35.63348416289594,15.184988022358265,18.562017567207878,1.8864785733297855
29.29864253393666,13.053965930263502,16.667221187117384,-0.42254458344423723
19.796380090497742,4.631354804365183,12.223848815544319,2.941176470588235
25.39592760180996,11.272291722118705,14.955416555762572,-0.8317806760713331
17.873303167420826,8.342760180995475,11.004458344423739,-1.4739153579984028
22.22850678733031,10.314080383284535,11.951024753792925,-0.03659834974713804
24.321266968325787,8.467527282406175,13.548043651849879,2.305696034069736
39.36651583710407,17.89825658770296,22.995408570668094,-1.5271493212669671
23.359728506787345,10.161032738887412,15.89699228107532,-2.698296513175405
19.343891402714938,6.630955549640668,11.478573329784403,1.2343625232898592
33.371040723981906,16.274620708011703,20.46014107000267,-3.363721054032472
36.029411764705884,13.895727974447702,21.60467128027681,0.5290125099813688
29.524886877828063,11.982632419483632,18.636877828054292,-1.0946233697098733
19.343891402714934,8.898389672611126,10.056228373702426,0.3892733564013844
19.909502262443446,8.023356401384083,10.661764705882351,1.224381155177001
16.289592760180998,6.221719457013573,10.127761511844556,-0.059888208677135575
27.71493212669682,9.874900186318875,13.717726909768432,4.122305030609528
22.171945701357476,11.159169550173017,14.672611125898325,-3.659834974713865
28.393665158371064,12.769496939047109,15.474447697631085,0.14972052169284192
14.93212669683258,9.412430130423207,8.158104870907637,-2.638408304498271
5.147058823529411,3.438581314878893,5.035600212935852,-3.327122704285333
14.875565610859736,7.815411232366251,9.349214799041786,-2.2890604205483096
15.893665158371048,8.02834708544051,9.951424008517439,-2.0861059355869034
29.12895927601809,12.694636678200688,18.350745275485767,-1.9164226776683522
14.762443438914032,8.32279744476976,9.916489220122438,-3.4768432259781714
18.042986425339368,8.991549108331117,11.313880755922279,-2.2624434389140267
24.434389140271495,13.84415757253127,14.552834708544047,-3.9626031408038314
23.246606334841633,9.044783071599683,12.920881022092093,1.2809422411498539
23.19004524886877,11.24401117913229,10.821466595688046,1.1245674740484437
19.96606334841629,8.635546978972586,13.722717593824855,-2.3922012243811532
29.52488687782805,13.935653446899128,19.08603939313282,-3.496805962203886
6.278280542986426,4.005855735959544,5.273489486292254,-3.001064679265371
21.719457013574672,9.34256055363322,13.907372903912691,-1.530476443971253
14.42307692307693,5.752595155709344,8.76031408038328,-0.08983231301570366
32.40950226244345,15.063548043651846,17.34262709608729,0.0033271227042865723
25.45248868778281,9.568804897524622,16.03007718924673,-0.1463933989885547
28.61990950226243,14.348216662230508,19.066076656907107,-4.7943838168751665
34.21945701357466,14.947098749001867,19.5451823263242,-0.2728240617513959
26.583710407239817,10.793186052701618,17.53393665158371,-1.743412297045514
28.2239819004525,10.711671546446636,15.709009848283204,1.8033005057226523
11.255656108597284,4.6596353473516094,8.45255523023689,-1.8565344689912153
11.877828054298643,4.942440777215861,6.749068405642799,0.18631887143997938
12.443438914027151,3.9309954751131233,7.923542720255522,0.5889007186585046
19.966063348416295,9.016502528613254,11.618312483364386,-0.6687516635613507
26.470588235294123,13.70275485759915,18.06793984562151,-5.300106467926534
26.979638009049783,10.114453021027412,13.907372903912695,2.957812084109663
14.253393665158368,8.71539792387543,11.822930529677933,-6.284934788394993
12.386877828054299,5.712669683257918,7.6723449560819805,-0.9981368112855995
37.04751131221721,18.59362523289858,22.775818472185247,-4.321932392866646
22.228506787330314,11.085972850678733,13.085573595954223,-1.9430396593026347
29.751131221719465,11.57505988820868,16.61565078520096,1.5604205483098232
25.791855203619907,13.2369576789992,15.02694969390471,-2.472052169284003
27.036199095022628,11.137543252595155,17.03320468458876,-1.1345488421612986
11.821266968325792,5.852408836837902,8.996539792387544,-3.0276816608996544
11.877828054298645,4.157239819004524,8.485826457279744,-0.7652382219856275
21.549773755656116,9.590431195102472,12.119044450359334,-0.1597018898056957
30.260180995475103,14.010513707745547,18.518764972052164,-2.269097684322596
32.80542986425339,14.952089433058292,18.04298642533936,-0.18964599414426253
26.244343891402714,9.059755123768959,13.81754059089699,3.367048176736759
30.59954751131223,12.762842693638536,17.680330050572266,0.15637476710141163
24.15158371040724,9.701889805696032,13.85413894064413,0.5955549640670756
26.35746606334843,13.378360393931331,15.218259249401111,-2.239153579984027
21.77601809954752,10.693372371573064,12.273755656108602,-1.1911099281341497
33.76696832579186,13.479837636412034,16.780343359063075,3.506787330316743
30.93891402714932,14.524554165557635,19.694902848017026,-3.2805429864253384
35.46380090497738,15.887010912962474,22.724248070268818,-3.147458078253924
22.002262443438916,9.552169284003195,12.979105669417088,-0.5290125099813673
17.02488687782806,7.95348682459409,8.941642267766836,0.12975778546712866
27.43212669683259,12.671346819270694,14.398123502794782,0.3626563747671026
19.004524886877828,8.51244343891403,12.744543518764972,-2.25246207080117
30.31674208144797,14.080383284535532,16.392733564013835,-0.1563747671014094
18.21266968325792,8.422611125898321,11.936052701623632,-2.1459941442640402
22.963800904977383,10.578586638275222,13.223649188182062,-0.8384349214799034
40.83710407239817,21.429997338301824,23.536066010114435,-4.1289592760180955
22.341628959276015,11.982632419483638,16.36445302102741,-6.0054564812350275
14.140271493212673,6.764040457812083,6.301570401916423,1.0746606334841629
22.002262443438916,8.061618312483363,13.165424540857071,0.7752195900984837
13.63122171945701,5.865717327655046,7.975113122171946,-0.20960873036997565
20.64479638009051,8.961605003992545,12.43844822997072,-0.7552568538727701
29.015837104072407,12.673010380622834,19.054431727442104,-2.711605003992546
14.98868778280543,7.2381554431727455,8.126497205216928,-0.375964865584242
15.384615384615383,7.09176204418419,8.944969390471119,-0.652116050039926
5.938914027149319,2.6234362523289865,4.250399254724514,-0.9349214799041788
29.920814479638018,11.21406707479372,16.916755389938775,1.7899920149055102
10.35067873303167,3.8627894596752737,7.921879158903382,-1.433989885546978
16.402714932126695,5.551304232100079,10.558623902049506,0.2927867979771102
20.47511312217195,9.103007718924676,10.789858929997337,0.5822464732499341
19.68325791855204,7.281408038328455,10.931261644929467,1.4705882352941186
29.01583710407239,13.449893532073467,16.301237689645987,-0.7352941176470578
14.875565610859725,5.696034069736492,9.419084375831781,-0.23955283470854366
39.93212669683258,20.01097950492414,22.95215597551237,-3.031008783603938
13.68778280542986,5.359994676603671,8.953287197231834,-0.6254990684056428
32.579185520361996,15.150053233963266,19.18585307426137,-1.7567207878626547
28.959276018099562,13.090564280010643,15.372970455150387,0.49574128293851516
17.081447963800905,5.582911897790792,12.114053766302899,-0.615517700292786
30.26018099547512,15.106800638807563,19.861258983231306,-4.7078786265637484
30.03393665158371,12.43345754591429,16.688847484695234,0.9116316209741829
12.3868778280543,6.847218525419219,9.29930795847751,-3.7596486558424256
14.875565610859734,6.266635613521428,10.132752195900988,-1.5238221985626836
23.981900452488713,10.109462336970989,14.561152515304766,-0.6887143997870637
19.061085972850684,6.41302901250998,10.405576257652388,2.242480702688316
15.15837104072398,5.874035134415757,9.33756986957679,-0.05323396326856527
32.63574660633484,13.789260047910563,18.786598349747127,0.05988820867713763
15.837104072398192,6.477907905243545,9.924807026883155,-0.5656108597285064
22.34162895927602,8.929997338301838,12.573196699494282,0.8384349214799046
17.703619909502265,8.42760180995475,12.440111791322863,-3.1640936917753497
21.832579185520355,8.633883417620442,11.644929464998672,1.553766302901251
28.450226244343906,12.894264040457815,14.987024221453291,0.5689379824327925
22.34162895927602,9.329252062816078,13.734362523289859,-0.7219856268299156
16.176470588235293,7.308025019962735,8.758650519031143,0.10979504924141638
21.776018099547517,9.07639073729039,14.918818206015438,-2.219190843758316
33.710407239819006,14.977042853340434,18.60027947830716,0.13308490817141566
27.092760180995477,12.307026883151455,16.472584508916682,-1.686851211072662
18.665158371040725,7.688980569603407,11.744743146127233,-0.7685653446899116
19.966063348416302,11.35047910566941,14.787396859196168,-6.171812616449291
13.235294117647056,6.0237556561086,6.31654245408571,0.8949960074527541
25.056561085972856,10.004657971786,16.752062816076652,-1.7001597018898045
24.660633484162897,11.340497737556563,13.769297311684854,-0.44916156507851934
17.873303167420815,7.534269363854141,8.871772690976838,1.4672611125898334
12.330316742081452,6.644264040457812,6.817274421080648,-1.131221719457013
27.545248868778273,14.196832579185518,16.06667553899388,-2.7182592494011173
27.54524886877829,14.369842959808356,16.416023422943837,-3.2406175139739135
26.074660633484164,9.994676603673144,16.07998402981102,4.782499183000674e-16
21.662895927601816,8.79524886877828,13.350079850944901,-0.4824327921213726
27.20588235294119,12.453420282140014,15.887010912962463,-1.1345488421612986
20.70135746606335,8.141469257386214,11.491881820601536,1.0680063880755926
24.717194570135746,10.555296779345216,14.74414426404045,-0.5822464732499323
23.92533936651584,9.211139206813943,12.451756720787863,2.2624434389140275
17.30769230769231,9.651982965131754,10.157705616183124,-2.501996273622571
15.61085972850678,5.281807293052969,10.269164226776685,0.05988820867713611
25.622171945701364,12.08910034602076,16.074993345754596,-2.541921746073995
24.208144796380086,10.555296779345225,12.395195634815016,1.257652382219857
38.29185520361991,17.375898323130166,20.9492281075326,-0.03327122704285306
19.400452488687783,9.64033803566676,12.495009315943578,-2.7348948629225442
27.60180995475114,10.354005855735956,17.513973915357987,-0.26616981634282516
18.325791855203622,9.924807026883148,12.749534202821403,-4.348549374500931
20.4185520361991,11.611658237955814,13.764306627628427,-4.957412829385149
32.46606334841631,11.505190311418694,18.598615916955016,2.362257120042588
38.85746606334841,17.628759648655844,20.686385413894055,0.5423210007985112
15.610859728506789,4.957412829385149,8.737024221453286,1.9164226776683537
24.264705882352946,12.443438914027151,14.925472451424016,-3.1042054830982173
19.00452488687783,8.84349214799042,11.402049507585842,-1.241016768698428
28.61990950226245,12.228839499600745,15.140071865850407,1.2509981368112868
30.48642533936652,13.504791056694172,17.69696566409369,-0.7153313814213464
23.75565610859728,11.357133351077993,13.609595421879153,-1.2110726643598608
12.443438914027151,5.824128293851477,8.38601277615119,-1.7667021559755123
21.88914027149322,8.838501463933989,14.830649454351878,-1.780010646792653
23.076923076923098,7.5359329252062786,15.274820335373967,0.26616981634282766
26.018099547511323,10.007985094490284,15.48442906574395,0.5256853872770828
28.110859728506792,9.80669417088102,16.444303965930263,1.859861591695502
26.300904977375566,11.317207878626554,16.367780143731697,-1.3840830449826984
34.78506787330319,14.958743678466863,20.032605802501998,-0.20628160766568962
34.33257918552036,15.755589566143202,20.85606867181261,-2.279079052435453
22.454751131221727,8.866782006920413,15.850412563215334,-2.262443438914027
28.33710407239818,11.711471919084374,14.93545381953685,1.69017833377695
22.567873303167442,11.134216129890868,16.191442640404574,-4.757785467128025
24.83031674208145,10.52368911365451,15.00199627362257,-0.6953686451956339
17.760180995475118,8.828520095821135,11.699826989619377,-2.7681660899653955
23.981900452488695,10.339033803566679,13.755988820867714,-0.11312217194570089
13.744343891402718,6.017101410700024,8.01337503327123,-0.286132552568538
15.441176470588236,4.104005855735961,9.427402182592495,1.9097684322597814
14.479638009049777,6.823928666489218,10.174341229704554,-2.518631887143996
43.38235294117648,21.11724780409901,23.59595421879159,-1.330849081714132
22.228506787330318,11.866183124833647,13.09056428001065,-2.7282406175139733
36.651583710407245,18.6135879691243,21.062350279478302,-3.0243545381953663
11.59502262443439,6.4296646260314105,8.692108064945439,-3.526750066542456
26.300904977375566,11.079318605270164,14.789060420548308,0.4325259515570947
26.80995475113123,11.481900452488693,15.224913494809686,0.1031408038328459
19.570135746606347,7.866981634282672,13.053965930263502,-1.3508118179398438
16.176470588235293,6.2599813681128555,10.814812350279482,-0.8983231301570408
39.027149321266975,17.655376630290124,20.49008517434123,0.881687516635615
24.943438914027166,10.009648655842428,14.21513175405909,0.7186585041256335
19.174208144796385,7.48436252328986,12.192241149853604,-0.502395528347085
13.065610859728508,5.300106467926539,6.591030077189243,1.1744743146127232
17.816742081447963,7.4161565078520075,11.322198562682992,-0.921612989087037
22.624434389140273,8.79524886877828,12.801104604737827,1.0280809156241686
29.18552036199096,11.109262709608725,15.760580250199622,2.3156774021825943
11.199095022624439,4.867580516369446,7.106734096353474,-0.7752195900984821
17.533936651583723,7.587503327122704,13.34342560553633,-3.3969922810753252
29.185520361990964,12.45674740484429,16.056694170881016,0.6720787862656382
32.63574660633484,12.579850944902846,19.443705083843486,0.6121905775885029
30.26018099547512,13.637875964865588,17.201224381155168,-0.5789193505456475
21.210407239819006,9.437383550705352,12.335307426137879,-0.5622837370242215
34.38914027149321,13.5330715996806,18.360726643598607,2.4953420282140035
30.99547511312217,12.96080649454352,16.164825658770294,1.8698429598083581
30.76923076923078,13.729371839233425,17.10307426137876,-0.0632153313814198
20.5316742081448,10.641801969656644,10.861392068139471,-0.9715198296513171
29.355203619909503,12.68964599414426,17.966462603140798,-1.300904977375565
29.468325791855207,11.81294916156508,18.02468725046579,-0.3693106201756707
20.079185520361996,7.983430928932662,14.967061485227568,-2.871306893798242
20.3054298642534,7.619110992813419,10.999467660367317,1.6868512110726652
35.80316742081449,13.612922544583443,19.09934788394995,3.0908969922810763
29.128959276018104,12.485027947830714,16.48755656108597,0.15637476710141132
28.28054298642534,12.476710141070006,16.010114453021032,-0.20628160766569026
17.986425339366516,7.910234229438378,10.961205749268032,-0.8850146393398985
22.567873303167428,9.778413627894594,14.256720787862655,-1.4672611125898314
12.669683257918548,5.5629491615650775,10.447165291455947,-3.340431195102476
22.00226244343892,10.507053500133079,13.158770295448493,-1.663561352142667
26.244343891402714,10.08617247804099,15.48609262709608,0.6720787862656381
20.70135746606335,8.326124567474048,12.707945169017835,-0.3327122704285329
34.50226244343891,14.136944370508388,19.13428267234496,1.2310354005855748
19.400452488687783,9.894862922544585,11.295581581048705,-1.7899920149055086
12.273755656108595,6.985294117647059,7.677335640138409,-2.3888741016768695
12.839366515837103,6.284934788394997,8.074926803300507,-1.5204950758583975
18.26923076923078,8.600612190577591,13.022358264572802,-3.3537396859196162
23.69909502262444,9.156241682193242,13.188714399787067,1.3541389406441315
29.638009049773757,12.057492680330054,18.036332179930795,-0.4558158104870904
26.696832579185525,13.459874900186321,16.933391003460216,-3.6964333244610024
23.47285067873303,10.460473782273088,13.43492147990418,-0.4225445834442374
28.393665158371043,11.204085706680862,16.228040990151715,0.9615384615384623
13.914027149321269,6.20674740484429,5.5712669683257925,2.1360127761511842
22.228506787330325,10.843092893265906,12.333643864785737,-0.9482299707213186
27.88461538461538,15.071865850412571,16.871839233430933,-4.059089699228106
15.667420814479641,5.162030875698695,9.467327655043919,1.0380622837370241
20.701357466063353,11.403713068937982,13.2369576789992,-3.939313281873834
24.151583710407245,8.700425871706148,15.001996273622568,0.4491615650785198
33.088235294117645,14.649321266968325,17.031541123236618,1.4073729039126979
30.203619909502272,12.581514506254994,18.11784668618578,-0.4957412829385138
8.257918552036196,3.4751796646260313,6.908770295448496,-2.1260314080383287
16.063348416289596,7.361258983231301,11.530143731700822,-2.8280542986425337
20.701357466063357,7.963468192706946,10.695035932925201,2.0428533404311957
31.165158371040725,14.005523023689115,17.838368379025816,-0.6787330316742068
37.72624434389142,15.88202022890604,20.669749800372657,1.1744743146127243
28.28054298642534,8.590630822464734,13.727708277881284,5.962203886079319
26.640271493212676,11.016103273888737,15.278147458078244,0.346020761245676
20.644796380090497,7.926869842959811,11.91941708810221,0.7985094490284801
17.25113122171946,6.343159435719989,9.59708544051104,1.3108863454884228
16.8552036199095,8.266236358796913,12.744543518764974,-4.155576257652378
26.80995475113122,12.50332712270428,13.667820069204149,0.6388075592227851
20.24886877828054,6.03706414692574,11.317207878626565,2.8945967527282406
23.699095022624444,10.911298908703753,14.241748735693376,-1.453952621772691
28.450226244343888,13.014040457812087,16.304564812350275,-0.8683790258184725
11.481900452488683,5.953886079318604,8.62556561085973,-3.0975512376896455
21.83257918552037,9.956414692573864,13.127162629757786,-1.2509981368112852
22.228506787330325,11.145861059355875,11.488554697897255,-0.4059089699228094
18.94796380090499,8.477508650519031,12.509981368112854,-2.0395262177269102
16.119909502262452,7.40284801703487,10.137742879957406,-1.4206813947298367
32.579185520361996,12.207213202022896,17.580516369443714,2.7914559488953965
32.635746606334834,14.597750865051905,19.698229970721325,-1.6602342294383818
23.92533936651584,10.15936917753527,13.809222784136278,-0.04325259515570883
24.49095022624435,10.029611392068135,14.517899920149056,-0.05656108597284932
15.214932126696834,6.34815011977642,8.74035134415757,0.12643066276284337
19.117647058823533,9.244410433856798,11.989286664892198,-2.1160500399254722
39.87556561085972,18.956281607665694,21.887476710141076,-0.9681927069470316
40.61085972850681,19.531873835507056,25.02495342028215,-3.9459675272824026
18.83484162895928,9.90983497471387,10.907971785999466,-1.9829651317540586
25.84841628959277,10.527016236358797,13.920681394729842,1.4007186585041265
26.640271493212666,11.026084642001594,13.448229970721322,2.165956880489752
22.058823529411764,11.64659302635081,13.13714399787064,-2.7249134948096883
21.88914027149322,8.778613255256854,12.395195634815018,0.715331381421347
16.742081447963805,6.895461804631358,8.352741549108332,1.4938780942241148
22.285067873303163,6.893798243279215,17.231168485493743,-1.8398988554697884
17.194570135746606,7.2631088634548835,10.952887942507319,-1.0214266702155976
48.47285067873305,23.690777215863708,28.807891935054574,-4.025818472185252
31.165158371040732,13.967261112589835,19.087702954484964,-1.88980569603407
24.43438914027149,11.719789725845098,15.283138142134677,-2.5685387277082765
16.459276018099544,5.40823795581581,7.540923609262706,3.510114453021029
26.357466063348436,11.743079584775083,14.777415491083305,-0.1630290125099802
19.174208144796392,9.533870109129621,11.975978174075065,-2.3356401384083045
13.914027149321269,8.134815011977643,7.918552036199094,-2.13933989885547
20.418552036199095,10.495408570668094,15.233231301570394,-5.310087836039392
38.80090497737557,20.35533670481768,21.915757253127516,-3.4701889805695996
29.63800904977376,12.390204950758589,12.832712270428535,4.415091828586639
13.51809954751132,4.479970721320202,6.812283737024223,2.22584508916689
30.03393665158371,11.273955283470857,20.007652382219856,-1.2476710141069995
18.32579185520362,4.418418951290925,10.962869310620182,2.944503593292521
21.153846153846153,7.421147191908436,11.590031940377962,2.142667021559756
8.484162895927598,4.1189779079052435,5.958876763375033,-1.5936917753526747
30.486425339366512,12.383550705350014,19.197498003726373,-1.094623369709874
22.058823529411768,10.982832046845889,11.86119244077721,-0.7852009582113382
38.687782805429876,19.007852009582116,21.736092627096085,-2.056161831248336
22.624434389140273,10.077854671280276,10.839765770561616,1.7068139472983757
34.72850678733034,16.955017301038062,18.285866382752197,-0.5123768964599407
5.599547511312218,3.9110327388874095,5.341695501730104,-3.6531807293052974
28.733031674208146,10.690045248868783,14.393132818738348,3.6498536066010105
33.427601809954766,13.396659568804896,17.96147191908437,2.06947032206548
33.82352941176469,15.679065743944639,19.079385147724253,-0.934921479904176
21.66289592760181,9.575459142933195,13.581314878892734,-1.493878094224114
31.052036199095028,13.102209209475644,17.553899387809416,0.3959276018099567
23.41628959276017,9.116316209741814,13.627894596752729,0.6720787862656382
20.644796380090504,9.740151716795319,13.982233164759105,-3.077588501463934
33.08823529411764,13.942307692307692,21.285267500665423,-2.1393398988554693
19.117647058823533,8.522424807026884,12.917553899387809,-2.322331647591163
14.083710407239817,6.907106734096354,8.530742613787599,-1.35413894064413
21.54977375565611,9.806694170881023,15.709009848283198,-3.9659302635081164
22.963800904977372,7.740550971519829,12.884282672344954,2.33896726111259
25.05656108597285,8.825192973116845,13.676137875964866,2.555230236891137
30.09049773755658,12.1140537663029,16.469257386212398,1.507186585041256
40.78054298642535,17.582179930795846,21.488221985626822,1.7101410700026642
16.798642533936658,7.085107798775619,11.87616449294649,-2.1626297577854654
20.531674208144803,9.384149587436784,12.37190577588502,-1.2243811551770032
18.834841628959285,7.733896726111258,11.403713068937979,-0.30276816608996465
14.70588235294117,8.467527282406174,9.465664093691775,-3.2273090231567716
27.205882352941174,10.696699494277347,16.708810220920945,-0.19962736225711902
14.02714932126697,4.94743146127229,9.449028480170348,-0.3693106201756723
21.606334841628975,8.875099813681132,12.09575459142933,0.6354804365184992
30.260180995475107,14.17853340431195,17.319337237157296,-1.2376896459941427
31.674208144796385,13.009049773755661,18.691775352675,-0.026616981634281684
15.78054298642534,5.17034868245941,7.65238221985627,2.9578120841096625
37.10407239819004,16.58404311951025,20.337037529944098,0.18299174873569543
18.156108597285073,6.406374767101408,13.563015704019154,-1.813281873835506
24.943438914027144,12.702954484961404,15.421213734362523,-3.180729305296779
45.814479638009054,21.13554697897259,25.407572531274955,-0.728639872238486
15.55429864253394,5.963867447431462,9.623702422145326,-0.03327122704285274
30.769230769230756,15.61418685121107,15.91030077189247,-0.7552568538727692
29.920814479638008,10.302435453819538,14.880556294916154,4.737822730902315
22.963800904977386,10.355669417088102,14.497937183923343,-1.8898056960340712
17.08144796380091,6.261644929464997,11.628293851477244,-0.8084908171413356
38.46153846153848,17.372571200425877,21.092294383816867,-0.003327122704283899
17.25113122171946,7.87862656374767,8.730369976044713,0.6421346819270694
15.837104072398194,5.602874634016502,9.42906574394464,0.8051636944370512
28.393665158371057,11.072664359861589,16.98828852808091,0.33271227042853424
40.04524886877828,16.41935054564813,20.671413361724778,2.9544849614053774
7.579185520361988,3.5367314346553087,8.647191908437584,-4.6047378227308995
36.36877828054298,16.796978972584505,20.52335640138409,-0.9515570934256045
14.366515837104078,6.552768166089963,9.19450359329252,-1.3807559222784132
21.266968325791858,9.26437317008251,12.378560021293586,-0.37596486558424247
15.497737556561086,10.255855735959546,11.114253393665155,-5.872371573063614
24.208144796380093,11.006121905775888,12.09409103007719,1.1079318605270176
24.660633484162897,9.715198296513176,12.9757785467128,1.969656640936918
21.606334841628946,10.74494277348949,14.514572797444771,-3.653180729305296
19.40045248868779,7.254791056694176,12.684655310087837,-0.538993878094223
19.343891402714938,8.537396859196166,10.523689113654509,0.28280542986425294
29.41176470588235,11.836239020495075,15.852076124567471,1.7234495608198033
23.020361990950235,10.580250199627356,13.208677136012776,-0.7685653446899112
34.04977375565611,15.720654777748203,19.966063348416284,-1.636944370508383
35.520361990950235,14.436385413894065,19.96606334841629,1.1179132286398727
25.339366515837096,11.83291189779079,13.899055097151976,-0.3926004791056691
12.499999999999996,4.563148788927335,7.717261112589832,0.21959009848283226
7.522624434389138,4.368512110726643,5.589566143199361,-2.4354538195368645
15.610859728506783,4.895861059355868,11.616648922012242,-0.901650252861326
15.497737556561088,7.860327388874099,9.300971519829652,-1.6635613521426682
42.53393665158371,19.661631620974177,23.617580516369436,-0.7452754857599123
28.95927601809955,13.847484695235558,15.158371040723985,-0.0465797178599937
16.45927601809955,6.6076656907106734,10.274154910833108,-0.4225445834442373
23.642533936651596,10.555296779345225,14.05542986425339,-0.9681927069470316
14.25339366515837,7.1949028480170325,10.934588767633754,-3.8760979504924125
13.914027149321269,5.09548842161299,8.006720787862657,0.8118179398456218
19.8529411764706,7.67234495608198,10.320734628693106,1.8598615916955015
24.264705882352946,9.92813414958744,15.331381421346814,-0.9948096885813129
23.47285067873304,9.858264572797443,16.379425073196693,-2.7648389672611113
26.809954751131233,10.62183923343093,16.63727708277881,-0.4491615650785193
36.87782805429863,16.60400585573596,20.96586372105403,-0.6920415224913478
22.398190045248864,9.480636145861057,12.488355070535004,0.429198828852808
29.58144796380091,13.716063348416283,16.986624966728776,-1.1212403513441576
13.970588235294116,6.389739153579985,9.483963268565343,-1.9031141868512103
14.479638009049783,6.95368645195635,8.96326856534469,-1.437317008251265
41.57239819004526,19.837969124301296,23.780609528879417,-2.0461804631354785
31.730769230769226,14.002195900984832,18.88973915357998,-1.1611658237955802
22.28506787330317,8.67048176736758,12.59981368112856,1.0147724248070271
25.339366515837106,7.998402981101942,14.17686984295981,3.1640936917753524
23.02036199095024,9.934788394996007,14.326590364652647,-1.2410167686984284
16.968325791855197,5.133750332712271,9.728506787330316,2.1060686718126167
24.377828054298643,10.826457279744476,12.80609528879425,0.7452754857599164
31.278280542986423,12.210540324727173,19.836305562949164,-0.7685653446899104
16.176470588235297,9.447364918818206,11.180795847750867,-4.4516901783337754
36.14253393665159,15.078520095821135,18.83484162895928,2.2291722118711754
29.4683257918552,9.279345222251797,16.89180196965664,3.297178599946766
24.208144796380093,9.533870109129627,15.472784136278948,-0.7985094490284793
25.735294117647065,11.05270162363588,14.083710407239826,0.5988820867713611
21.493212669683267,9.450692041522494,11.936052701623643,0.10646792653713155
29.638009049773764,12.267101410700029,13.764306627628427,3.6066010114453033
12.83936651583711,5.802501996273626,9.146260314080381,-2.109395794516902
9.445701357466062,5.122105403247274,6.309888208677136,-1.9862922544583446
27.658371040723978,14.068738355070536,15.336372105403246,-1.7467394197498012
40.6108597285068,15.531008783603946,23.043651849880217,2.036199095022627
32.69230769230771,12.127362257120042,16.658903380356662,3.9060420548309844
18.55203619909502,8.143132818738355,8.42926537130689,1.9796380090497723
10.407239819004522,3.1674208144796383,6.767367580516373,0.4724514240085173
20.927601809954755,10.279145594889542,11.979305296779346,-1.3308490817141327
40.44117647058822,18.683457545914298,23.737356933723706,-1.979638009049772
24.660633484162908,9.710207612456749,12.904245408570667,2.0461804631354807
24.264705882352946,9.209475645461804,13.67114719190843,1.3840830449827
25.05656108597285,10.688381687516637,14.734162895927597,-0.3659834974713865
14.309954751131224,6.805629491615648,8.96493212669683,-1.4606068671812609
24.151583710407238,8.357732233164757,15.76723449560819,0.026616981634283533
13.91402714932127,6.597684322597815,9.043119510247536,-1.7267766835240879
25.84841628959276,11.056028746340168,14.719190843758318,0.07319669949427841
20.87104072398191,7.763840830449831,12.105735959542185,1.0014639339898865
23.076923076923077,9.988022358264569,14.186851211072666,-1.0979504924141592
35.57692307692308,15.514373170082509,19.08770295448497,0.9748469523556029
27.319004524886893,11.864519563481505,13.202022890604205,2.2524620708011707
41.34615384615385,19.28067607133351,23.449560819803033,-1.3840830449826975
17.42081447963801,8.296180463135478,12.255456481235033,-3.130822464732501
26.41402714932127,10.247537929198826,15.258184721852537,0.908304498269897
30.260180995475114,12.114053766302902,17.570535001330846,0.5755922278413638
5.825791855203618,3.881088634548844,5.498070268831517,-3.5533670481767383
22.96380090497738,10.137742879957413,13.947298376364124,-1.1212403513441571
31.674208144796395,16.15484429065743,18.07792121373437,-2.5585573595954196
17.25113122171946,9.437383550705349,10.089499600745276,-2.275751929731169
10.067873303167415,3.965930263508118,5.027282406175141,1.074660633484163
23.812217194570135,9.357532605802502,12.55489752462071,1.8997870641469274
23.246606334841633,7.8070934256055375,11.034402448762304,4.405110460473781
26.13122171945702,11.814612722917222,16.356135214266697,-2.0395262177269085
23.076923076923087,9.457346286931061,13.223649188182055,0.3959276018099549
27.036199095022628,12.594822997072132,15.991815278147453,-1.5504391801969648
32.69230769230772,14.196832579185521,16.47258450891669,2.022890604205484
39.479638009049786,16.70049241416023,24.36285600212934,-1.5837104072398178
25.509049773755667,7.259781740750599,14.143598615916956,4.105669417088103
26.01809954751131,10.260846420015973,16.292919882885275,-0.5356667553899376
21.493212669683246,10.566941708810221,10.719989353207346,0.206281607665692
34.10633484162897,15.085174341229703,18.957945169017826,0.06321533138142207
16.006787330316744,6.867181261644928,11.278945967527282,-2.1393398988554693
30.373303167420815,11.295581581048712,18.578653180729304,0.49906840564280064
11.255656108597286,4.987356933723716,8.264572797444771,-1.9962736225712001
26.80995475113123,11.18245940910301,16.053367048176735,-0.4258717061485224
25.961538461538474,12.248802235826458,15.901982965131747,-2.1892467394197492
38.06561085972852,15.75226244343891,20.869377162629746,1.4439712536598377
15.158371040723988,5.278480170348681,10.611857865318068,-0.7319669949427723
28.733031674208153,16.14652648389673,18.59861591695501,-6.012110726643597
37.95248868778281,17.19623369709875,22.09043119510248,-1.334176204418417
23.812217194570145,9.560487090763905,12.777814745807815,1.4739153579984028
20.079185520361996,7.710606867181263,11.014439712536598,1.3541389406441302
26.80995475113122,11.595022624434389,14.865584242746861,0.349347883949961
21.662895927601816,9.241083311152515,14.351543784934787,-1.9297311684854934
37.217194570135746,16.09162895927602,20.180662762842687,0.9449028480170358
15.384615384615387,7.189912163960609,6.943705083843491,1.250998136811286
16.176470588235293,8.086571732765504,10.056228373702421,-1.966329518232631
34.67194570135748,16.53247271759383,20.41189779079053,-2.2724248070268818
22.737556561085974,10.495408570668083,13.596286931062012,-1.3541389406441324
37.726244343891395,16.088301836571734,22.649387809422407,-1.0114453021027408
15.837104072398192,6.7407505988820855,9.632020228906041,-0.5356667553899386
34.38914027149321,15.647458078253928,18.478839499600745,0.26284269363854224
15.158371040723985,7.397857332978441,12.119044450359327,-4.358530742613786
26.300904977375563,13.63621240351344,15.313082246473243,-2.6483896726111267
12.839366515837112,4.619709874900188,7.674008517434121,0.545648123502795
24.15158371040725,8.272890604205484,13.676137875964862,2.202555230236892
24.660633484162886,13.464865584242752,16.043385680063874,-4.847617780143729
23.19004524886878,9.439047112057496,14.752462070801174,-1.0014639339898859
29.92081447963801,12.353606601011442,14.536199095022617,3.0310087836039403
19.966063348416295,8.226310886345487,11.643265903646526,0.09648655842427513
28.280542986425342,9.924807026883148,16.885147724248068,1.4705882352941186
21.04072398190046,10.996140537663031,15.301437317008245,-5.256853872770828
26.131221719457017,10.141070002661703,15.015304764439707,0.9748469523556036
32.91855203619909,14.655975512376902,17.404178866116574,0.8583976577056165
11.764705882352937,6.798975246207084,7.271426670215595,-2.3056960340697366
36.76470588235293,15.619177535267495,21.04904178866116,0.09648655842427657
14.592760180995478,5.320069204152247,8.44756454618046,0.8251264306627627
16.6289592760181,7.115051903114187,8.492480702688313,1.0214266702155974
30.316742081447988,13.241948363055627,17.813414958743678,-0.738621240351342
24.09502262443439,10.027947830715997,13.311817939845621,0.7552568538727716
17.647058823529417,5.0023289858930005,12.691309555496407,-0.04657971785999429
19.966063348416284,9.442374234761774,12.297045515038597,-1.7733564013840828
9.389140271493211,6.153513441575726,7.274753792919886,-4.039126963002395
12.499999999999998,5.017301038062284,6.534468991216395,0.9482299707213202
23.812217194570145,10.67507319669949,15.033603939313283,-1.8964599414426384
19.570135746606333,8.50246207080117,9.75013308490817,1.3175405908969926
36.53846153846155,17.884948096885804,21.215397923875432,-2.5618844822997064
26.979638009049783,12.96080649454352,16.241349480968854,-2.2225179664626014
23.699095022624434,10.853074261378762,14.107000266169822,-1.2609795049241403
31.787330316742086,12.383550705350011,20.698030343359058,-1.2942507319669947
33.936651583710415,14.459675272824068,17.936518498802233,1.540457812084111
23.35972850678733,8.159768432259783,13.386678200692035,1.8132818738355072
17.929864253393667,7.90357998402981,12.524953420282138,-2.498669150918285
24.321266968325798,10.154378493478841,13.93066276284269,0.2362257120042595
16.11990950226244,7.120042587170616,8.274554165557623,0.7253127495342027
18.552036199095024,9.44403779611392,10.675073196699493,-1.5670747937183926
16.572398190045252,9.691908437583177,9.538860793186053,-2.658371040723981
28.676470588235283,11.851211072664366,15.760580250199613,1.0646792653713073
6.843891402714927,3.9842294383816883,4.65298110194304,-1.793319137609795
14.196832579185521,6.457945169017834,8.3477508650519,-0.6088634548842159
34.95475113122173,14.547844024487622,18.610260846420008,1.796646260314082
10.57692307692307,6.557758850146393,8.084908171413362,-4.065743944636676
5.712669683257918,2.8347085440511037,4.3918019696566395,-1.5138408304498272
19.739819004524897,8.768631887143993,13.549707213202023,-2.578520095821134
29.242081447963812,11.194104338568009,18.63355070535001,-0.5855735959542181
17.024886877828056,7.8104205483098195,11.480236891136546,-2.2657705616183135
15.497737556561086,7.273090231567741,7.569204152249138,0.6554431727442103
15.554298642533935,8.64885546978973,9.513907372903914,-2.6084642001597014
26.86651583710408,9.883217993079585,14.308291189779082,2.6750066542454083
20.927601809954766,10.132752195900993,13.16376097950493,-2.3689113654511567
43.60859728506788,20.14905509715198,23.961937716262984,-0.5023955283470829
27.601809954751136,12.949161565078517,17.028214000532333,-2.3755656108597267
29.977375565610863,12.721253659834982,16.02175938248602,1.2343625232898598
38.57466063348417,14.641003460207608,23.956947032206564,-0.02328985892999661
20.13574660633484,11.688182060154382,13.212004258717062,-4.764439712536595
30.4864253393665,14.487955815810487,17.725246207080115,-1.7267766835240879
22.963800904977383,10.586904445035938,13.574660633484159,-1.1977641735427196
19.457013574660635,10.470455150385948,13.202022890604201,-4.215464466329521
18.608597285067876,8.727042853340429,12.173941974980043,-2.292387543252594
29.015837104072393,10.586904445035932,18.365717327655037,0.06321533138142164
26.074660633484168,9.96639606068672,15.778879425073193,0.3293851477242488
20.814479638009058,8.828520095821135,11.776350811817942,0.20960873036997663
23.020361990950228,10.986159169550177,14.436385413894056,-2.402182592494012
12.386877828054297,6.406374767101407,8.70208943305829,-2.7215863721054023
21.323529411764696,8.008384349214797,11.039393132818738,2.2757519297311695
23.529411764705888,10.763241948363058,15.717327655043915,-2.95115783870109
13.009049773755656,6.965331381421347,7.933524088368378,-1.88980569603407
35.576923076923066,15.933590630822458,22.65105137077455,-3.007718924673941
21.549773755656116,10.886345488421615,12.563215331381429,-1.8997870641469243
22.398190045248878,10.016302901250993,11.080982166622308,1.3009049773755672
18.72171945701358,8.059954751131224,11.653247271759385,-0.9914825658770285
14.536199095022633,6.354804365184989,7.985094490284802,0.19630023955283538
31.278280542986426,16.254657971786,18.65684056428001,-3.6332179930795823
32.01357466063349,13.91569071067341,16.926736758051632,1.1711471919084386
28.22398190045249,11.941043385680064,16.143199361192433,0.13973915357998526
12.330316742081445,5.062217194570136,8.196366782006917,-0.9282672344956069
22.511312217194572,7.206547777482031,13.65118445568272,1.653579984029811
19.230769230769234,7.890271493212671,9.916489220122438,1.4240085174341246
22.17194570135746,11.00944902848017,14.642667021559747,-3.480170348682461
20.75791855203621,9.688581314878896,13.9739153579984,-2.904578120841097
13.29185520361991,5.338368379025818,8.618911365451156,-0.6654245408570667
30.09049773755658,12.222185254192173,18.726710141069994,-0.8583976577056147
17.647058823529413,7.640737290391271,10.342360926270967,-0.33603939313281816
30.656108597285066,11.491881820601542,17.287729571466592,1.87649720521693
24.095022624434403,9.597085440511048,15.249866915091818,-0.7519297311684843
18.891402714932127,8.163095554964068,14.907173276550436,-4.178866116582379
18.665158371040725,7.6756720787862625,10.387277082778812,0.602209209475646
30.316742081447963,12.097418152781476,14.4729837636412,3.7463401650252854
14.81900452488688,5.687716262975778,8.795248868778277,0.3360393931328193
23.75565610859729,9.202821400053235,15.37463401650253,-0.8217993079584767
26.470588235294123,10.71998935320735,12.802768166089963,2.947830715996808
18.778280542986444,7.381221719457013,10.635147724248073,0.7619110992813412
27.7714932126697,11.832911897790789,16.417686984295973,-0.4791056694170865
22.115384615384617,7.274753792919883,12.411831248336442,2.428799574128293
14.140271493212667,8.1447963800905,10.400585573595956,-4.405110460473781
26.187782805429865,9.89319936119244,13.207013574660635,3.087569869576792
12.104072398190047,4.528214000532338,8.690444503593291,-1.1145861059355866
20.8710407239819,7.095089166888477,9.670282140005327,4.105669417088101
38.17873303167421,16.021759382486024,21.57472717593824,0.5822464732499341
22.907239819004527,9.477309023156776,15.426204418418944,-1.9962736225711997
25.848416289592777,10.821466595688044,13.226976310886348,1.7999733830183673
24.60407239819005,9.299307958477511,13.790923609262707,1.5138408304498274
21.94570135746607,8.554032472717592,11.907772158637213,1.48389672611126
23.190045248868778,8.800239552834707,16.512509981368115,-2.1227042853340423
15.837104072398189,5.642800106467922,10.806494543518767,-0.6121905775885016
13.348416289592766,7.755523023689117,9.11298908703753,-3.5200958211338818
34.558823529411754,15.857066808623902,20.395262177269096,-1.693505456481236
31.787330316742075,14.336571732765501,16.85853074261379,0.5922278413627898
32.748868778280546,12.373569337237155,20.698030343359065,-0.3227309023156769
21.832579185520366,9.008184721852542,13.29019164226777,-0.46579717859994674
22.624434389140276,10.690045248868776,11.179132286398723,0.755256853872771
34.16289592760182,14.541189779079057,21.042387543252595,-1.4206813947298365
35.463800904977376,14.845621506521157,19.986026084642,0.6321533138142148
21.097285067873308,8.204684588767636,12.263774287995737,0.628826191109929
28.959276018099565,14.256720787862658,16.795315411232366,-2.0927601809954743
11.142533936651578,5.271825924940113,7.337969124301304,-1.4672611125898325
16.289592760180998,8.504125632153313,10.643465531008783,-2.8579984029811
22.79411764705882,11.308890071865854,13.907372903912698,-2.422145328719722
25.452488687782804,9.367513973915353,15.516036731434651,0.5689379824327934
34.27601809954752,14.529544849614048,17.700292786797977,2.04618046313548
20.87104072398191,8.845155709342558,12.55157040191642,-0.5256853872770818
17.590497737556557,7.3512776151184465,9.197830715996808,1.0413894064413103
24.264705882352946,10.249201490550975,13.22364918818205,0.7918552036199102
22.907239819004527,8.788594623369708,14.408104870907634,-0.28945967527282324
25.45248868778282,11.021093957945173,12.71127229172212,1.720122438115518
14.649321266968325,6.807293052967794,9.382486026084642,-1.540457812084109
19.28733031674208,6.747404844290655,11.422012243811553,1.1179132286398732
21.66289592760182,7.868645195634818,10.280809156241682,3.5134415757253135
20.58823529411765,9.896526483896727,12.25878360393931,-1.567074793718393
23.642533936651585,11.209076390737293,14.196832579185525,-1.7633750332712266
30.429864253393667,13.233630556294921,21.00246207080117,-3.806228373702422
27.601809954751136,9.54385147724248,18.220987490018622,-0.16302901250998095
18.156108597285073,10.43552036199095,12.212203886079319,-4.491615650785201
8.540723981900449,4.491615650785201,6.158504125632153,-2.1093957945169013
31.334841628959257,14.156907106734092,19.989353207346287,-2.8114186851211067
32.35294117647059,15.406241682193244,19.26570401916423,-2.3190045248868763
35.97285067873303,17.251131221719447,22.398190045248864,-3.6764705882352926
26.244343891402732,9.90484429065744,15.12842693638541,1.2110726643598615
30.65610859728508,11.738088900718653,15.44117647058823,3.4768432259781763
19.457013574660635,7.6656907106734105,9.944769763108866,1.84655310087836
28.223981900452504,12.232166622305034,15.100146393398983,0.8916688847484717
33.71040723981902,14.210141070002663,20.049241416023424,-0.5489752462070789
25.622171945701364,12.278746340165032,16.99993345754591,-3.6565078520095806
30.486425339366516,13.5214266702156,14.333244610061222,2.6317540590897015
26.69683257918553,13.223649188182053,14.770761245674738,-1.297577854671279
16.5158371040724,8.780276816608998,9.771759382486024,-2.0361990950226243
17.420814479638008,9.613721054032473,9.75013308490817,-1.9430396593026356
12.952488687782802,4.340231567740217,8.588967261112593,0.02328985892999746
20.135746606334855,5.193638541389405,13.255256853872774,1.6868512110726646
14.988687782805435,7.504325259515572,9.14459675272824,-1.66023422943838
16.063348416289596,8.735360660101142,9.201157838701091,-1.8731700825126427
25.11312217194571,8.555696034069737,16.1182459409103,0.4391801969656646
31.957013574660643,14.52122704285333,18.40065211605004,-0.964865584242746
29.015837104072396,11.716462603140805,17.861658237955808,-0.5622837370242201
18.49547511312217,7.191575725312751,13.137143997870643,-1.8332446100612183
14.083710407239819,6.353140803832845,9.320934256055365,-1.5903646526483897
32.070135746606354,12.04085706680862,18.585307426137877,1.4439712536598366
25.05656108597285,11.961006121905772,15.138408304498272,-2.042853340431194
12.04751131221719,8.59562150652116,8.525751929731168,-5.073862124035135
19.796380090497742,8.97657705616183,13.394996007452752,-2.5751929731168466
27.14932126696833,9.214466329518235,18.90637476710141,-0.9715198296513171
19.513574660633477,5.231900452488689,10.309089699228108,3.9725845089166896
5.825791855203619,3.7330316742081444,5.426537130689382,-3.333776949693902
11.36877828054299,4.501597018898055,8.600612190577584,-1.7334309289326575
31.900452488687776,13.566342826723448,16.816941708810216,1.5171679531541122
19.966063348416295,8.432592494011176,9.989685919616715,1.543784934788396
27.658371040723974,11.75306095288794,15.09349214799041,0.8118179398456221
22.45475113122173,9.137942507319668,15.74228107532605,-2.4254724514240076
12.499999999999998,4.523223316475913,9.883217993079587,-1.906441309555496
30.599547511312224,12.573196699494272,19.443705083843493,-1.417354272025552
12.499999999999996,6.554431727442109,9.888208677136012,-3.9426404045781203
19.68325791855204,8.831847218525416,12.448429598083578,-1.5970188980569608
15.72398190045249,7.48103540058557,8.569004524886877,-0.3260580250199624
28.619909502262438,11.984295980835773,17.42414160234229,-0.7885280809156228
12.556561085972854,5.6261644929465,8.593957945169018,-1.6635613521426669
19.457013574660635,8.191376097950492,11.468591961671548,-0.20295448496140533
28.280542986425345,13.983896726111261,15.3347085440511,-1.038062283737023
27.48868778280543,13.383351077987754,15.92859994676604,-1.8232632419483628
18.891402714932127,8.404311951024756,12.539925472451424,-2.05283470854405
24.26470588235295,9.006521160500396,13.524753792919883,1.73343092893266
34.049773755656105,13.218658504125639,18.132818738355063,2.6982965131754075
28.337104072398198,13.546380090497737,18.33410966196433,-3.5433856800638783
20.927601809954748,9.121306893798243,13.050638807559222,-1.2443438914027145
26.69683257918553,12.277082778812881,14.379824327921215,0.03992547245142511
25.113122171945708,11.370441841895135,13.173742347617779,0.568937982432793
20.135746606334838,9.646992281075327,10.731634282672344,-0.2428799574128278
25.45248868778281,11.68984562150652,17.33264572797444,-3.5700026616981617
15.158371040723976,6.181793984562147,10.36066010114453,-1.384083044982699
22.794117647058833,9.823329784402448,14.870574926803299,-1.8997870641469257
19.174208144796385,7.2498003726377425,13.774287995741277,-1.8498802235826457
9.671945701357464,5.423210007985097,6.158504125632153,-1.9097684322597814
3.280542986425339,2.5003327122704286,3.435254192174607,-2.655043918019697
47.171945701357465,20.31873835507054,25.026616981634273,1.8265903646526533
10.690045248868776,4.143931328187384,8.163095554964062,-1.6169816342826724
20.984162895927604,7.342959808357731,12.193904711205748,1.4472983763641214
13.461538461538462,5.739286664892202,8.254591429331912,-0.5323396326856529
36.7081447963801,16.585706680862398,22.481368112855993,-2.3589299973383
28.6764705882353,11.207412829385147,19.302302368911363,-1.833244610061218
24.37782805429865,9.211139206813947,15.625831780676064,-0.4591429331913756
35.12443438914028,15.802169284003192,19.305629491615647,0.01663561352142861
31.900452488687797,15.306428001064672,19.621706148522744,-3.027681660899653
30.995475113122176,12.67800106467926,16.697165291455953,1.6203087569869596
16.23303167420815,6.84222784136279,9.873236624966724,-0.48243279212137236
31.391402714932124,14.78406973649189,20.15404578120841,-3.546712802768165
29.29864253393666,12.719590098482833,15.590896992281078,0.9881554431727438
25.16968325791856,12.178932659036464,15.905310087836037,-2.914559488953952
15.214932126696832,8.722052169284,8.618911365451158,-2.1260314080383282
39.02714932126697,17.409169550173015,23.444570135746595,-1.826590364652648
12.330316742081447,4.817673675805166,8.138142134681924,-0.625499068405643
18.21266968325792,7.06348150119776,10.13108863454884,1.0180995475113126
24.321266968325784,11.14752462070801,15.020295448496142,-1.846553100878359
22.794117647058837,9.179531541123236,16.15318072930529,-2.538594623369709
22.96380090497738,8.549041788661167,10.019630023955282,4.395129092360928
18.04298642533937,7.530942241149854,8.332778812882616,2.1792653713068955
17.13800904977376,7.778812882619111,11.235693372371575,-1.876497205216927
28.506787330316744,9.602076124567473,15.234894862922546,3.669816342826725
19.11764705882354,7.496007452754855,14.41309555496407,-2.7914559488953903
24.434389140271495,11.578387010912964,12.546579717859997,0.3094224114985372
37.16063348416289,16.991615650785203,18.681793984562145,1.4872238488155458
21.77601809954752,8.680463135480435,11.20242214532872,1.8931328187383538
8.4841628959276,4.310287463401651,6.4795714665956865,-2.305696034069736
16.911764705882355,6.815610859728505,10.854737822730904,-0.7585839765770562
17.533936651583716,8.038328453553369,11.169150918285869,-1.6735427202555209
35.06787330316743,15.161698163428268,19.293984562150644,0.6121905775885045
9.389140271493211,6.093625232898588,4.835972850678734,-1.5404578120841093
35.01131221719458,13.932326324194834,20.586571732765506,0.49241416023422985
27.262443438914026,11.027748203353733,17.142999733830184,-0.9083044982698965
29.242081447963805,11.468591961671546,18.082911897790787,-0.3094224114985352
13.178733031674206,4.797710939579451,8.098216662230506,0.28280542986425405
24.038461538461544,9.899853606601011,12.737889273356409,1.4007186585041256
26.18778280542986,9.540524354538196,16.21140537663028,0.43585307426138
19.739819004524893,9.054764439712539,11.912762842693635,-1.227708277881289
21.94570135746607,7.843691775352672,9.70355336704817,4.398456215065212
13.744343891402714,6.373103540058556,7.7239153579984015,-0.3526750066542454
18.608597285067876,9.314280010646794,10.398922012243808,-1.1046047378227306
17.307692307692317,8.164759116316207,7.8453553367048166,1.2975778546712802
23.86877828054299,9.269363854138941,14.256720787862662,0.34269363854138984
39.93212669683256,17.350944902848024,23.9985360660101,-1.4173542720255514
30.14705882352941,13.790923609262713,19.41376097950492,-3.057625765238219
19.400452488687783,9.973050306095292,11.892800106467924,-2.465397923875432
23.35972850678734,8.394330582911897,13.038993878094223,1.9264040457812095
19.117647058823533,7.148323130157039,12.757852009582118,-0.7885280809156239
14.81900452488688,6.985294117647058,9.177867979771094,-1.3441575725312742
21.09728506787332,9.297644397125369,11.972651051370777,-0.173010380622836
29.01583710407241,12.701290923609255,18.084575459142926,-1.7700292786797969
16.176470588235297,6.245009315943572,9.921479904178863,0.009981368112855282
29.694570135746606,14.85227575192973,19.4636678200692,-4.621373436252324
24.717194570135753,9.239419749800371,13.667820069204149,1.809954751131222
29.2420814479638,10.972850678733035,16.013441575725302,2.255789193505457
27.9977375565611,11.265637476710141,18.538727708277875,-1.8066276284269365
37.95248868778281,16.490883683790262,25.101477242480705,-3.6398722384881568
18.099547511312217,7.733896726111259,9.587104072398187,0.7785467128027689
24.095022624434396,9.578786265637476,14.027149321266965,0.48908703752994537
30.54298642533937,12.465065211605001,17.16628959276018,0.9116316209741838
16.289592760180994,7.101743412297044,9.480636145861062,-0.29278679797710805
17.929864253393667,6.793984562150654,10.134415757253127,1.0014639339898854
15.44117647058824,5.770894330582913,8.339433058291188,1.3308490817141339
38.178733031674206,17.825059888208678,20.839433058291192,-0.4857599148256571
31.052036199095014,14.13528080915624,20.872704285334034,-3.9559488953952604
21.606334841628964,9.63701091296247,13.76264306627628,-1.7933191376097937
23.07692307692308,9.748469523556029,11.53846153846154,1.7899920149055104
23.472850678733046,10.527016236358804,14.22677668352409,-1.2809422411498543
15.66742081447964,6.812283737024218,10.82146659568805,-1.9663295182326321
20.7579185520362,8.425938248602607,11.130889007186584,1.2010912962470057
36.99095022624435,16.732100079850944,20.38195368645194,-0.12310354005855634
31.391402714932116,14.66928400319404,17.048176736758048,-0.32605802501996156
15.893665158371041,7.243146127229173,9.841628959276019,-1.191109928134149
16.4027149321267,7.486026084642,8.141469257386216,0.7752195900984822
23.585972850678743,10.162696300239556,14.304964067074788,-0.8816875166356122
35.46380090497736,15.479438381687515,20.263840830449826,-0.2794783071599671
43.83484162895929,22.200226244343884,24.449361192440783,-2.814745807825391
45.701357466063364,20.997471386744742,25.126430662762836,-0.4225445834442355
20.47511312217195,9.164559488953953,13.619576789992019,-2.3090231567740216
13.404977375565608,5.112124035134416,7.557559222784134,0.7352941176470592
19.966063348416295,9.773422943838167,11.63661165823795,-1.4439712536598341
42.81674208144796,19.791389406441308,23.544383816875158,-0.5190311418685105
17.13800904977376,7.554232100079852,10.176004791056696,-0.5922278413627888
14.196832579185521,5.361658237955816,6.832246473249933,2.002927867979771
25.056561085972856,11.069337237157306,13.741016768698424,0.24620708011711548
35.57692307692309,16.16316209741815,21.37343625232898,-1.9596752728240612
25.50904977375565,11.174141602342294,16.48755656108597,-2.1526483896726094
18.608597285067873,10.01297577854671,11.353806228373704,-2.758184721852543
19.909502262443443,10.912962470055898,12.134016502528613,-3.137476710141066
39.81900452488688,17.36924407772159,23.447897258450887,-0.9981368112855986
29.411764705882344,12.361924407772156,18.410633484162894,-1.3607931860526998
9.785067873303165,4.2720255523023685,6.953686451956347,-1.440644130955549
37.047511312217196,15.138408304498268,21.436651583710407,0.4724514240085194
11.764705882352937,4.651317540590896,6.331514506254991,0.7818738355070531
10.803167420814479,4.217128027681662,6.705815810487094,-0.11977641735427233
29.694570135746613,12.020894330582912,18.38235294117646,-0.7086771360127753
12.33031674208144,5.085507053500133,7.357931860527014,-0.11312217194570116
23.75565610859729,10.86305562949161,14.569470322065477,-1.6768698429598063
21.21040723981901,8.670481767367583,12.94250731966994,-0.4025818472185238
26.35746606334842,12.363587969124303,16.306228373702414,-2.312350279478306
21.43665158371041,7.3912030875698695,10.658437583178065,3.3870109129624693
15.158371040723985,7.173276550439182,10.287463401650253,-2.3023689113654506
13.518099547511317,5.178666489220122,8.811884482299705,-0.47245142400851736
28.676470588235297,10.550306095288793,14.629358530742614,3.4968059622038856
26.979638009049765,11.450292786797977,15.67906574394464,-0.14972052169283911
13.178733031674215,6.536132552568536,7.58417620441842,-0.9415757253127489
27.54524886877828,11.461937716262979,15.650785200958211,0.43252595155709517
28.506787330316747,12.947498003726377,17.259449028480166,-1.7001597018898051
26.018099547511326,11.197431461272291,13.409968059622035,1.4107000266169831
23.81221719457014,9.8915357998403,15.198296513175404,-1.2776151184455682
31.957013574660632,12.752861325525688,21.177136012776142,-1.9729837636412013
24.660633484162908,10.487090763907373,13.661165823795587,0.5123768964599413
30.31674208144798,11.639938780942249,16.663894064413093,2.0129092360926304
19.7398190045249,9.174540857066813,11.812949161565085,-1.2476710141069998
26.131221719457017,12.320335373968598,15.441176470588234,-1.6302901250998134
27.319004524886886,11.377096087303705,16.667221187117377,-0.7253127495342024
35.29411764705881,17.332645727974448,20.18398988554697,-2.2225179664626022
14.366515837104073,5.78752994410434,7.817074793718392,0.7619110992813413
25.791855203619907,11.095954218791592,14.569470322065483,0.12643066276284304
18.09954751131222,8.093225978174074,10.498735693372375,-0.49241416023422907
27.092760180995487,14.092028214000539,15.472784136278944,-2.472052169284002
12.160633484162899,5.053899387809421,8.467527282406174,-1.3607931860527016
15.950226244343899,6.452954484961408,9.277681660899649,0.21959009848283234
21.94570135746606,10.638474846952361,11.826257652382216,-0.5190311418685111
23.19004524886879,10.13607931860527,14.727508650519033,-1.6735427202555222
11.934389140271488,4.979039126963002,8.336105935586902,-1.380755922278412
8.597285067873301,4.047444769763109,4.024154910833112,0.525685387277083
22.73755656108598,9.18618578653181,12.040857066808623,1.5105137077455417
42.307692307692314,20.49507585839766,25.322730902315683,-3.510114453021024
21.719457013574665,9.206148522757518,10.873036997604475,1.6402714932126696
34.89819004524888,15.426204418418953,20.526683524088373,-1.0546978972584495
29.581447963800915,15.367979771093957,17.743545381953684,-3.5300771892467377
23.755656108597297,8.6555097151983,13.177069470322065,1.9230769230769236
22.907239819004523,9.770095821133884,15.183324461006116,-2.0461804631354807
16.289592760180994,6.328187383550704,10.330715996805964,-0.3693106201756705
15.27149321266969,4.40511046047378,7.57918552036199,3.2871972318339107
26.809954751131237,11.00113122171946,15.792187915890334,0.01663561352142748
20.531674208144793,8.623902049507588,11.368778280542985,0.5389938780942245
24.49095022624435,10.846420015970198,12.506654245408575,1.137875964865585
21.323529411764703,9.946433324461006,12.345288794250727,-0.9681927069470311
16.742081447963802,7.161631620974182,9.17454085706681,0.40590896992281145
14.196832579185521,6.900452488687785,8.347750865051905,-1.051370774554165
19.343891402714938,7.499334575459145,11.172478040990152,0.6720787862656372
22.680995475113118,8.460873036997604,14.96872504657972,-0.7486026084641997
21.153846153846153,8.747005589566143,13.907372903912696,-1.5005323396326864
9.445701357466056,3.3437583178067607,5.270162363587967,0.8317806760713332
12.443438914027146,5.62450093159436,8.010047910566943,-1.1911099281341497
19.11764705882354,6.308224647324992,11.398722384881552,1.4107000266169818
24.095022624434385,9.342560553633218,13.644530210274146,1.1079318605270165
28.223981900452493,12.243811551770026,17.0149055097152,-1.0347351610327387
32.86199095022625,12.425139739153575,20.366981634282673,0.06986957678999411
14.423076923076927,6.161831248336436,9.635347351610328,-1.3741016768698415
11.142533936651578,3.6598349747138688,8.031674208144794,-0.5489752462070799
20.871040723981896,9.803367048176737,11.693172744210804,-0.6254990684056426
17.647058823529417,7.763840830449828,10.43219323928666,-0.5489752462070789
15.89366515837104,6.396393398988554,9.603739685919617,-0.10646792653713012
25.28280542986426,11.214067074793714,16.121573063614584,-2.0528347085440513
19.34389140271494,7.858663827521959,14.6093957945169,-3.124168219323927
42.42081447963801,19.172544583444235,24.662297045515025,-1.414027149321265
10.803167420814475,4.657971785999468,7.669017833377696,-1.5238221985626834
16.685520361990953,8.625565610859727,12.970787862656369,-4.910833111525152
38.80090497737556,17.93152781474581,23.16176470588235,-2.2923875432525933
8.427601809954748,3.6931062017567196,5.463135480436518,-0.7286398722384881
36.708144796380104,18.538727708277875,21.18379025818471,-3.0143731700825103
16.11990950226244,9.319270694703224,11.431993611924408,-4.631354804365184
17.533936651583716,6.986957678999204,10.536997604471651,0.00998136811285667
40.38461538461537,18.951290923609257,21.5497737556561,-0.11644929464998534
30.825791855203608,13.394996007452763,18.2392866648922,-0.808490817141335
26.696832579185525,11.293918019696573,17.39918818206016,-1.9962736225711994
35.124434389140255,15.462802768166098,19.927801437317008,-0.26616981634282577
11.425339366515832,2.5585573595954214,6.817274421080651,2.0495075858397653
32.01357466063348,11.68485493745009,17.3309821666223,2.997737556561088
14.536199095022626,6.153513441575727,9.583776949693904,-1.2010912962470057
26.074660633484168,10.327388874101675,16.915091828586633,-1.1678200692041514
29.015837104072393,10.683391003460212,18.595288794250735,-0.26284269363854096
17.647058823529417,8.820202289060422,11.059355869044456,-2.2324993345754582
24.15158371040724,8.785267500665427,13.463202022890602,1.9031141868512118
42.13800904977375,18.237623103540052,23.304830982166624,0.5955549640670771
31.221719457013577,12.3635879691243,18.60859728506787,0.24953420282140176
21.323529411764714,8.286199095022626,12.232166622305026,0.8051636944370505
31.05203619909502,13.47318339100345,14.481301570401914,3.0975512376896486
15.610859728506794,5.418219323928668,10.016302901250997,0.17633750332712267
16.176470588235308,7.72890604205483,10.240883683790257,-1.7933191376097959
32.918552036199095,12.899254724514234,17.810087836039397,2.209209475645463
27.262443438914037,12.40018631887144,14.173542720255522,0.6887143997870641
27.31900452488687,11.694836305562955,16.63561352142666,-1.0114453021027405
25.678733031674216,8.603939313281874,15.680729305296778,1.394064413095556
20.5316742081448,8.697098749001864,12.676337503327119,-0.841762044184189
30.203619909502265,13.308490817141337,15.763907372903912,1.1312217194570138
13.518099547511314,3.565011977641736,9.1079984029811,0.8450891668884744
25.226244343891402,11.769696566409362,14.541189779079048,-1.0846420015970175
26.24434389140272,11.626630290125101,14.334908171413362,0.28280542986425333
23.812217194570135,6.760713335107799,11.904445035932927,5.147058823529411
16.1764705882353,7.683989885546978,12.075791855203622,-3.583311152515304
29.694570135746606,10.99281341495875,18.059622038860788,0.6421346819270707
21.153846153846157,9.513907372903914,11.377096087303705,0.26284269363854107
16.79864253393665,9.984695235560283,9.86491881820602,-3.050971519829652
20.531674208144803,9.407439446366784,11.563414958743675,-0.4391801969656631
20.70135746606335,8.915025286132549,10.225911631620969,1.5604205483098221
11.76470588235294,7.133351077987755,7.8320468458876755,-3.200692041522491
42.0814479638009,18.821533138142136,24.574128293851476,-1.3142134681927056
43.552036199095,20.15903646526484,25.003327122704285,-1.6103273888741005
25.452488687782804,8.660500399254726,15.6740750598882,1.1179132286398734
15.723981900452486,7.426137875964871,10.457146659568801,-2.159302635081181
24.49095022624435,10.794849614053764,14.185187649720516,-0.4890870375299432
23.246606334841637,9.916489220122436,13.469856268299178,-0.13973915357998415
24.264705882352953,10.076191109928137,12.215531008783596,1.972983763641204
19.739819004524886,8.239619377162628,14.624367846686189,-3.1241682193239275
9.219457013574658,5.364985360660102,4.386811285600212,-0.532339632685654
23.699095022624437,9.673609262709611,14.20847750865051,-0.18299174873569252
23.133484162895932,10.868046313548039,14.857266435986151,-2.591828586638277
25.339366515837114,11.262310354005859,12.716262975778543,1.3607931860527032
23.190045248868792,11.129225445834443,13.192041522491357,-1.1312217194570133
10.85972850678733,4.451690178333778,8.923343092893269,-2.515304764439711
34.954751131221734,15.198296513175405,22.67101410700026,-2.91455948895395
26.640271493212687,11.776350811817942,15.948562682991746,-1.0846420015970177
27.262443438914026,11.525153047644398,14.146925738621242,1.5903646526483897
10.124434389140267,5.960540324727172,8.279544849614053,-4.115650785200957
24.83031674208144,10.819803034335907,13.351743412297038,0.6587702954484966
23.07692307692308,11.13421612989087,13.716063348416297,-1.7733564013840823
13.857466063348413,7.321333510779878,8.84515570934256,-2.309023156774022
23.585972850678743,8.427601809954753,13.128826191109926,2.0295448496140542
21.832579185520366,8.583976577056161,13.538062283737027,-0.28945967527282335
22.39819004524887,11.159169550173011,10.580250199627361,0.6587702954484972
32.63574660633484,15.369643332446092,18.51377428799573,-1.247671014106997
20.984162895927607,7.943505456481232,11.423675805163693,1.616981634282673
18.43891402714933,7.720588235294116,11.566742081447966,-0.8484162895927597
27.714932126696837,11.15417886611658,19.115983497471383,-2.5552302368911337
35.01131221719458,14.170215597551236,19.81966994942773,1.0214266702155987
26.414027149321264,11.619976044716536,16.60067873303167,-1.8066276284269354
24.830316742081443,9.424075059888212,14.121972318339099,1.2842693638541387
17.251131221719454,7.286398722384882,8.680463135480435,1.2842693638541394
19.79638009049774,8.59063082246473,12.949161565078517,-1.7434122970455133
25.791855203619914,9.472318339100347,13.152116050039925,3.16742081447964
28.11085972850679,14.186851211072666,17.377561884482297,-3.4535533670481766
14.93212669683258,6.7157971785999475,11.253992547245142,-3.037663029012507
13.235294117647063,4.982366249667289,8.372704285334041,-0.11977641735427183
20.4185520361991,7.228174075059888,12.621439978706414,0.5689379824327925
26.470588235294127,11.425339366515846,16.412696300239546,-1.367447431461271
27.036199095022628,11.784668618578657,15.550971519829643,-0.2994410433856788
21.77601809954753,8.57565877029545,12.504990684056432,0.695368645195635
17.36425339366516,6.3864120308757,11.59335906308225,-0.6155177002927859
22.51131221719458,7.331314878892732,12.09908171413362,3.08091562416822
16.6289592760181,6.878826191109929,9.939779079052432,-0.18964599414426345
23.24660633484165,11.115916955017301,15.371306893798241,-3.2406175139739144
30.147058823529417,13.213667820069203,14.744144264040456,2.1892467394197515
17.02488687782806,7.853673143465529,9.064745807825393,0.10646792653713066
27.319004524886886,10.517034868245942,15.088501463933992,1.7134681927069468
10.520361990950228,5.572930529677935,6.880489752462069,-1.9330582911897782
34.72850678733031,17.309355869044445,20.120774554165557,-2.701623635879691
21.266968325791858,9.2560553633218,12.290391269630025,-0.27947830715996846
30.486425339366512,16.865184988022353,17.45741282938515,-3.83617247804099
30.542986425339357,13.221985626829921,14.366515837104068,2.9544849614053774
6.6742081447963795,3.8644530210274164,3.8910700026616993,-1.0813148788927338
27.601809954751136,11.608331115251532,14.206813947298379,1.7866648922012256
21.77601809954751,10.262509981368115,11.879491615650787,-0.36598349747138675
22.90723981900453,10.981168485493747,13.712736225712009,-1.7866648922012245
18.382352941176475,7.389539526217731,13.345089166888474,-2.3522757519297306
11.65158371040724,5.90730636145861,7.79045781208411,-2.046180463135479
30.82579185520363,11.03440244876231,17.292720255523026,2.498669150918286
32.409502262443446,15.74560819803035,20.65976843225978,-3.9958743678466826
24.943438914027148,12.082446100612193,15.718991216396052,-2.857998402981102
6.617647058823527,3.628227309023156,6.37975778546713,-3.3903380356667556
7.5791855203619924,3.7047511312217196,5.361658237955813,-1.4872238488155456
11.821266968325789,5.90065211605004,7.075126430662767,-1.154511578387011
38.12217194570137,15.619177535267502,20.536664892201223,1.966329518232634
32.91855203619909,14.609395794516907,17.99973383018365,0.3094224114985375
5.09049773755656,2.535267500665424,4.88421612989087,-2.3289858929997327
12.895927601809952,4.934122970455153,7.945169017833379,0.016635613521426992
24.773755656108612,12.37024221453287,16.625632153313806,-4.222118711738087
32.918552036199095,12.84103007718925,19.318937982432786,0.7585839765770575
17.87330316742082,7.555895661431993,10.267500665424542,0.04990684056428068
23.585972850678736,10.440511046047375,12.463401650252859,0.682060154378494
19.852941176470605,9.87323662496673,13.799241416023422,-3.8195368645195638
15.780542986425338,6.749068405642802,8.918352408836837,0.11312217194570175
23.981900452488695,10.518698429598082,14.524554165557621,-1.0613521426670198
10.180995475113122,5.584575459142932,8.369377162629757,-3.7729571466595693
34.0497737556561,13.553034335906322,19.668285866382753,0.8284535533670494
16.685520361990953,8.788594623369704,11.819603406973645,-3.922677668352409
10.407239819004527,7.090098482832048,9.043119510247534,-5.725978174075059
26.696832579185525,9.419084375831781,16.34615384615384,0.9315943571998944
32.91855203619911,13.44157572531275,18.2159968059622,1.2609795049241428
30.373303167420822,13.25026616981634,16.72378227309022,0.39925472451424143
20.13574660633485,8.440910300771888,11.38208677136013,0.31274953420282225
28.733031674208142,13.900718658504124,14.942108064945426,-0.10979504924141534
18.382352941176478,5.975512376896461,10.510380622837367,1.896459941442641
28.619909502262463,12.338634548842162,15.911964333244612,0.36931062017567207
13.34841628959276,5.624500931594356,8.11318871439979,-0.3892733564013833
33.37104072398189,15.003659834974712,20.260513707745535,-1.8931328187383527
21.323529411764714,10.194303965930258,11.764705882352944,-0.6354804365184977
