scenario,index_name,station_id,early_count,late_count,change_days,change_rate_pp
fixed_w11_t7_corrected,cool_days,40700,37.4264705882353,33.11764705882353,-4.308823529411768,-1.3891561711247746
fixed_w11_t7_corrected,cool_days,40701,38.481617647058826,23.352941176470587,-15.128676470588239,-4.2725110969012325
fixed_w11_t7_corrected,cool_days,40702,38.64705882352941,25.764705882352942,-12.882352941176471,-3.6009385925618727
fixed_w11_t7_corrected,cool_days,40703,38.35294117647059,23.823529411764707,-14.52941176470588,-4.078467841522196
fixed_w11_t7_corrected,cool_days,40704,38.411764705882355,25.294117647058822,-13.117647058823533,-3.7740583190345136
fixed_w11_t7_corrected,cool_days,40706,37.24264705882353,25.705882352941178,-11.536764705882351,-3.218144533841971
fixed_w11_t7_corrected,cool_days,40708,38.43014705882353,25.235294117647058,-13.194852941176471,-3.81209046483756
fixed_w11_t7_corrected,cool_days,40709,38.45955882352941,26.0,-12.459558823529413,-3.514591017275075
fixed_w11_t7_corrected,cool_days,40710,37.6764705882353,28.705882352941178,-8.97058823529412,-2.579834209234594
fixed_w11_t7_corrected,cool_days,40712,38.0514705882353,21.705882352941178,-16.34558823529412,-4.545533381208805
fixed_w11_t7_corrected,cool_days,40713,37.81617647058823,16.294117647058822,-21.52205882352941,-5.998946217428662
fixed_w11_t7_corrected,cool_days,40716,39.87132352941177,19.058823529411764,-20.812500000000004,-5.784164861743338
fixed_w11_t7_corrected,cool_days,40717,37.41544117647059,22.0,-15.415441176470587,-4.348736108208137
fixed_w11_t7_corrected,cool_days,40718,37.268382352941174,24.352941176470587,-12.915441176470587,-3.933273463329029
fixed_w11_t7_corrected,cool_days,40719,38.10294117647059,27.764705882352942,-10.338235294117645,-3.0211358422568617
fixed_w11_t7_corrected,cool_days,40723,37.5514705882353,26.470588235294116,-11.080882352941181,-3.316099628005749
fixed_w11_t7_corrected,cool_days,40724,36.893382352941174,22.058823529411764,-14.83455882352941,-4.183147213297969
fixed_w11_t7_corrected,cool_days,40726,37.74632352941177,22.529411764705884,-15.216911764705884,-4.242470624061198
fixed_w11_t7_corrected,cool_days,40727,37.518382352941174,21.705882352941178,-15.812499999999996,-4.410928226193217
fixed_w11_t7_corrected,cool_days,40728,38.33455882352941,19.41176470588235,-18.92279411764706,-5.2123613800042445
fixed_w11_t7_corrected,cool_days,40729,37.81617647058823,17.470588235294116,-20.345588235294116,-5.595549672353979
fixed_w11_t7_corrected,cool_days,40730,39.099264705882355,25.58823529411765,-13.511029411764707,-3.7195387778894036
fixed_w11_t7_corrected,cool_days,40731,38.37867647058823,21.764705882352942,-16.61397058823529,-4.584007592189645
fixed_w11_t7_corrected,cool_days,40732,37.1875,25.235294117647058,-11.952205882352942,-3.454045544421941
fixed_w11_t7_corrected,cool_days,40734,37.17279411764706,25.0,-12.172794117647058,-3.502911442157891
fixed_w11_t7_corrected,cool_days,40736,38.408088235294116,25.235294117647058,-13.172794117647058,-3.755823675699884
fixed_w11_t7_corrected,cool_days,40737,37.161764705882355,27.11764705882353,-10.044117647058826,-2.85837304940653
fixed_w11_t7_corrected,cool_days,40738,38.1360294117647,24.352941176470587,-13.783088235294116,-3.9073751437665685
fixed_w11_t7_corrected,cool_days,40739,38.393382352941174,27.0,-11.393382352941174,-3.1413526169283363
fixed_w11_t7_corrected,cool_days,40740,38.12867647058823,32.1764705882353,-5.952205882352935,-1.690248795337478
fixed_w11_t7_corrected,cool_days,40741,38.10294117647059,25.58823529411765,-12.514705882352938,-3.4854220623975856
fixed_w11_t7_corrected,cool_days,40743,39.00367647058823,27.58823529411765,-11.415441176470583,-3.1900416659382254
fixed_w11_t7_corrected,cool_days,40745,38.3860294117647,28.294117647058822,-10.09191176470588,-2.883522704169015
fixed_w11_t7_corrected,cool_days,40746,38.588235294117645,27.0,-11.588235294117645,-3.3013626434955103
fixed_w11_t7_corrected,cool_days,40747,37.8860294117647,18.88235294117647,-19.003676470588232,-5.280950604429285
fixed_w11_t7_corrected,cool_days,40748,38.14705882352941,18.823529411764707,-19.323529411764707,-5.347252828955713
fixed_w11_t7_corrected,cool_days,40749,37.11029411764706,17.176470588235293,-19.933823529411764,-5.527458627438532
fixed_w11_t7_corrected,cool_days,40751,37.91544117647059,18.294117647058822,-19.621323529411764,-5.463937110187096
fixed_w11_t7_corrected,cool_days,40752,38.49264705882353,21.0,-17.49264705882353,-4.797785422702127
fixed_w11_t7_corrected,cool_days,40754,37.89705882352941,28.470588235294116,-9.426470588235297,-2.6647431181301684
fixed_w11_t7_corrected,cool_days,40755,38.57720588235294,21.529411764705884,-17.047794117647058,-4.66309619488732
fixed_w11_t7_corrected,cool_days,40757,38.92279411764706,22.352941176470587,-16.56985294117647,-4.533038333911471
fixed_w11_t7_corrected,cool_days,40758,38.16544117647059,30.941176470588236,-7.2242647058823515,-2.024533953429783
fixed_w11_t7_corrected,cool_days,40762,37.6360294117647,23.11764705882353,-14.518382352941174,-4.075925165260397
fixed_w11_t7_corrected,cool_days,40763,38.3639705882353,25.235294117647058,-13.128676470588239,-3.599505173288227
fixed_w11_t7_corrected,cool_days,40764,37.3125,22.0,-15.3125,-4.238818000987303
fixed_w11_t7_corrected,cool_days,40765,37.6764705882353,20.941176470588236,-16.73529411764706,-4.597039343687864
fixed_w11_t7_corrected,cool_days,40766,38.12867647058823,27.58823529411765,-10.540441176470583,-2.8544234887511504
fixed_w11_t7_corrected,cool_days,40768,38.224264705882355,19.705882352941178,-18.518382352941178,-5.0742113387995476
fixed_w11_t7_corrected,cool_days,40769,38.13235294117647,21.294117647058822,-16.83823529411765,-4.651792090372225
fixed_w11_t7_corrected,cool_days,40770,37.1360294117647,21.058823529411764,-16.07720588235294,-4.416001634226424
fixed_w11_t7_corrected,cool_days,40771,37.643382352941174,21.470588235294116,-16.172794117647058,-4.459065853785583
fixed_w11_t7_corrected,cool_days,40772,37.838235294117645,18.823529411764707,-19.01470588235294,-5.2336778593585045
fixed_w11_t7_corrected,cool_days,40774,37.93014705882353,20.529411764705884,-17.400735294117645,-4.900935129126118
fixed_w11_t7_corrected,cool_days,40778,38.16544117647059,23.235294117647058,-14.930147058823529,-4.234946574086455
fixed_w11_t7_corrected,cool_days,40779,37.154411764705884,24.41176470588235,-12.742647058823533,-3.544897471595868
fixed_w11_t7_corrected,cool_days,40780,36.74264705882353,14.058823529411764,-22.683823529411764,-6.271462924540257
fixed_w11_t7_corrected,cool_days,40782,36.0735294117647,20.647058823529413,-15.42647058823529,-4.287793613234452
fixed_w11_t7_corrected,cool_days,40783,37.588235294117645,20.0,-17.588235294117645,-4.886040255045055
fixed_w11_t7_corrected,cool_days,40785,37.845588235294116,24.41176470588235,-13.433823529411764,-3.773952751970901
fixed_w11_t7_corrected,cool_days,40789,38.62867647058823,25.41176470588235,-13.21691176470588,-3.6501879111593265
fixed_w11_t7_corrected,cool_days,40791,38.580882352941174,22.176470588235293,-16.40441176470588,-4.551638627057385
fixed_w11_t7_corrected,cool_days,40792,38.38970588235294,32.411764705882355,-5.977941176470587,-1.6751033646386961
fixed_w11_t7_corrected,cool_days,40793,38.25735294117647,21.941176470588236,-16.316176470588236,-4.603691259495381
fixed_w11_t7_corrected,cool_days,40794,36.4264705882353,21.11764705882353,-15.308823529411768,-4.241964164233277
fixed_w11_t7_corrected,cool_days,40796,36.31985294117647,15.588235294117647,-20.731617647058826,-5.722906264424824
fixed_w11_t7_corrected,cool_days,40797,37.533088235294116,15.352941176470589,-22.18014705882353,-6.172255795484843
fixed_w11_t7_corrected,cool_days,40798,38.095588235294116,20.58823529411765,-17.507352941176467,-4.828892654967699
fixed_w11_t7_corrected,cool_days,40802,38.224264705882355,26.352941176470587,-11.871323529411768,-3.2703020084772145
fixed_w11_t7_corrected,cool_days,40809,38.3639705882353,25.764705882352942,-12.599264705882355,-3.5024599504038694
fixed_w11_t7_corrected,cool_days,40810,37.44117647058823,17.529411764705884,-19.911764705882348,-5.508044243931545
fixed_w11_t7_corrected,cool_days,40811,37.67279411764706,21.764705882352942,-15.908088235294116,-4.34856265685739
fixed_w11_t7_corrected,cool_days,40812,36.19117647058823,20.176470588235293,-16.01470588235294,-4.458307826128501
fixed_w11_t7_corrected,cool_days,40813,36.27205882352941,18.176470588235293,-18.09558823529412,-4.957375784580584
fixed_w11_t7_corrected,cool_days,40818,37.908088235294116,32.294117647058826,-5.61397058823529,-1.5450538840929813
fixed_w11_t7_corrected,cool_days,40821,38.3639705882353,28.764705882352942,-9.599264705882355,-2.6527795233643765
fixed_w11_t7_corrected,cool_days,40827,38.2389705882353,22.058823529411764,-16.180147058823533,-4.54651160061428
fixed_w11_t7_corrected,cool_days,40829,38.11029411764706,21.0,-17.110294117647058,-4.710666441457652
fixed_w11_t7_corrected,cool_days,40831,37.845588235294116,18.352941176470587,-19.49264705882353,-5.357380365474555
fixed_w11_t7_corrected,cool_days,40832,36.43382352941177,22.294117647058822,-14.139705882352946,-3.936518534042701
fixed_w11_t7_corrected,cool_days,40839,37.8014705882353,27.529411764705884,-10.272058823529413,-2.754366385087227
fixed_w11_t7_corrected,cool_days,40841,38.16544117647059,29.058823529411764,-9.106617647058822,-2.5091517741272913
fixed_w11_t7_corrected,cool_days,40844,37.345588235294116,21.823529411764707,-15.52205882352941,-4.262877202316306
fixed_w11_t7_corrected,cool_days,40847,37.588235294117645,18.352941176470587,-19.235294117647058,-5.274680756764391
fixed_w11_t7_corrected,cool_days,40848,37.1985294117647,21.705882352941178,-15.492647058823525,-4.253173226972825
fixed_w11_t7_corrected,cool_days,40849,38.05514705882353,25.058823529411764,-12.996323529411764,-3.517782621411139
fixed_w11_t7_corrected,cool_days,40851,37.50735294117647,30.823529411764707,-6.6838235294117645,-1.8396771562177623
fixed_w11_t7_corrected,cool_days,40853,36.919117647058826,26.88235294117647,-10.036764705882355,-2.72694693544474
fixed_w11_t7_corrected,cool_days,40854,38.955882352941174,21.41176470588235,-17.544117647058822,-4.846150737369324
fixed_w11_t7_corrected,cool_days,40856,39.029411764705884,25.235294117647058,-13.794117647058826,-3.814984193293049
fixed_w11_t7_corrected,cool_days,40857,36.544117647058826,9.647058823529411,-26.897058823529413,-7.565694981367186
fixed_w11_t7_corrected,cool_days,40858,34.974264705882355,23.058823529411764,-11.91544117647059,-3.334244547172248
fixed_w11_t7_corrected,cool_days,40859,35.79044117647059,26.235294117647058,-9.555147058823529,-2.6156294775312032
fixed_w11_t7_corrected,cool_days,40870,38.45955882352941,23.941176470588236,-14.518382352941178,-4.049505454122669
fixed_w11_t7_corrected,cool_days,40873,36.68014705882353,22.352941176470587,-14.327205882352942,-3.951195327871207
fixed_w11_t7_corrected,cool_days,40875,37.18382352941177,19.941176470588236,-17.242647058823533,-4.747278018413569
fixed_w11_t7_corrected,cool_days,40876,37.52205882352941,14.882352941176471,-22.639705882352942,-6.20937237791349
fixed_w11_t7_corrected,cool_days,40877,37.80514705882353,29.294117647058822,-8.511029411764707,-2.3227115911071987
fixed_w11_t7_corrected,cool_days,40878,38.849264705882355,26.58823529411765,-12.261029411764707,-3.3800054558133787
fixed_w11_t7_corrected,cool_days,40879,38.06617647058823,25.294117647058822,-12.77205882352941,-3.5083219904311065
fixed_w11_t7_corrected,cool_days,40882,34.63970588235294,16.705882352941178,-17.933823529411764,-4.925556593987806
fixed_w11_t7_corrected,cool_days,40883,37.12132352941177,11.647058823529411,-25.474264705882355,-6.99255168618233
fixed_w11_t7_corrected,cool_days,40889,35.79044117647059,14.235294117647058,-21.55514705882353,-6.273556073009379
fixed_w11_t7_corrected,cool_days,40890,34.62867647058823,10.705882352941176,-23.922794117647058,-6.580614457108898
fixed_w11_t7_corrected,cool_days,40893,37.669117647058826,17.58823529411765,-20.080882352941178,-5.5231070106906985
fixed_w11_t7_corrected,cool_days,40898,36.88970588235294,19.823529411764707,-17.066176470588236,-4.692828595624815
fixed_w11_t7_corrected,cool_days,99407,38.220588235294116,27.647058823529413,-10.573529411764703,-2.852092064680325
fixed_w11_t7_corrected,cool_days,99459,37.963235294117645,18.294117647058822,-19.669117647058822,-5.378874762624345
fixed_w11_t7_corrected,cool_nights,40700,34.900735294117645,31.352941176470587,-3.547794117647058,-1.5397017206646524
fixed_w11_t7_corrected,cool_nights,40701,35.43014705882353,21.41176470588235,-14.018382352941178,-4.408628434716182
fixed_w11_t7_corrected,cool_nights,40702,35.4485294117647,21.529411764705884,-13.919117647058819,-4.413517224834192
fixed_w11_t7_corrected,cool_nights,40703,35.231617647058826,18.941176470588236,-16.29044117647059,-4.943231157083936
fixed_w11_t7_corrected,cool_nights,40704,36.286764705882355,25.176470588235293,-11.110294117647062,-3.5296840951489283
fixed_w11_t7_corrected,cool_nights,40706,36.95955882352941,35.76470588235294,-1.194852941176471,-0.6306392370102358
fixed_w11_t7_corrected,cool_nights,40708,36.643382352941174,16.941176470588236,-19.70220588235294,-6.019449681534212
fixed_w11_t7_corrected,cool_nights,40709,37.279411764705884,27.235294117647058,-10.044117647058826,-2.8729441419576025
fixed_w11_t7_corrected,cool_nights,40710,36.80514705882353,24.764705882352942,-12.040441176470587,-3.62760345606367
fixed_w11_t7_corrected,cool_nights,40712,35.974264705882355,37.705882352941174,1.731617647058819,0.24135486323294764
fixed_w11_t7_corrected,cool_nights,40713,36.268382352941174,23.58823529411765,-12.680147058823525,-3.877551377806375
fixed_w11_t7_corrected,cool_nights,40716,35.86029411764706,17.294117647058822,-18.566176470588236,-5.712688785520319
fixed_w11_t7_corrected,cool_nights,40717,36.404411764705884,17.529411764705884,-18.875,-5.639361136956898
fixed_w11_t7_corrected,cool_nights,40718,36.35294117647059,26.470588235294116,-9.882352941176471,-3.301790862450587
fixed_w11_t7_corrected,cool_nights,40719,36.591911764705884,19.11764705882353,-17.474264705882355,-5.0958906078228186
fixed_w11_t7_corrected,cool_nights,40723,36.731617647058826,35.05882352941177,-1.672794117647058,-0.8471570663940007
fixed_w11_t7_corrected,cool_nights,40724,35.37132352941177,8.764705882352942,-26.606617647058826,-7.8566291366130345
fixed_w11_t7_corrected,cool_nights,40726,36.08455882352941,23.58823529411765,-12.496323529411764,-3.791527294862683
fixed_w11_t7_corrected,cool_nights,40727,36.24264705882353,17.823529411764707,-18.419117647058822,-5.579655154326238
fixed_w11_t7_corrected,cool_nights,40728,36.1360294117647,24.176470588235293,-11.95955882352941,-3.648945488072896
fixed_w11_t7_corrected,cool_nights,40729,37.286764705882355,16.529411764705884,-20.75735294117647,-6.017087052872636
fixed_w11_t7_corrected,cool_nights,40730,36.599264705882355,17.764705882352942,-18.834558823529413,-5.531176344933641
fixed_w11_t7_corrected,cool_nights,40731,36.875,22.176470588235293,-14.698529411764707,-4.102318862771402
fixed_w11_t7_corrected,cool_nights,40732,37.68382352941177,16.764705882352942,-20.919117647058826,-5.8266092714286435
fixed_w11_t7_corrected,cool_nights,40734,37.43014705882353,15.176470588235293,-22.253676470588236,-6.1814609593515355
fixed_w11_t7_corrected,cool_nights,40736,37.4375,18.647058823529413,-18.790441176470587,-5.371887992612637
fixed_w11_t7_corrected,cool_nights,40737,37.224264705882355,32.94117647058823,-4.283088235294123,-1.3040214925489622
fixed_w11_t7_corrected,cool_nights,40738,37.0625,53.529411764705884,16.466911764705884,4.422536207609914
fixed_w11_t7_corrected,cool_nights,40739,38.06617647058823,34.0,-4.066176470588232,-1.187527667775523
fixed_w11_t7_corrected,cool_nights,40740,38.106617647058826,82.11764705882354,44.01102941176471,12.06341284446556
fixed_w11_t7_corrected,cool_nights,40741,37.62867647058823,27.235294117647058,-10.393382352941174,-3.0289283500737287
fixed_w11_t7_corrected,cool_nights,40743,38.591911764705884,22.352941176470587,-16.238970588235297,-4.56806282457532
fixed_w11_t7_corrected,cool_nights,40745,37.83455882352941,23.41176470588235,-14.422794117647062,-4.108144606792736
fixed_w11_t7_corrected,cool_nights,40746,38.05514705882353,37.0,-1.055147058823529,-0.4592791825543472
fixed_w11_t7_corrected,cool_nights,40747,35.654411764705884,19.941176470588236,-15.713235294117649,-4.8676854402185405
fixed_w11_t7_corrected,cool_nights,40748,36.1764705882353,20.529411764705884,-15.647058823529413,-4.887105769151678
fixed_w11_t7_corrected,cool_nights,40749,35.8639705882353,27.88235294117647,-7.981617647058826,-2.4890846168856973
fixed_w11_t7_corrected,cool_nights,40751,37.1139705882353,22.11764705882353,-14.996323529411768,-4.171971027366072
fixed_w11_t7_corrected,cool_nights,40752,37.24264705882353,23.764705882352942,-13.477941176470587,-3.8271987391168176
fixed_w11_t7_corrected,cool_nights,40754,37.161764705882355,26.41176470588235,-10.750000000000004,-3.0729954374437565
fixed_w11_t7_corrected,cool_nights,40755,37.38970588235294,31.176470588235293,-6.2132352941176485,-1.711605904622953
fixed_w11_t7_corrected,cool_nights,40757,38.06617647058823,26.764705882352942,-11.30147058823529,-3.1641647552092778
fixed_w11_t7_corrected,cool_nights,40758,36.30514705882353,9.0,-27.30514705882353,-7.679563676718935
fixed_w11_t7_corrected,cool_nights,40762,38.529411764705884,26.352941176470587,-12.176470588235297,-3.410966786977764
fixed_w11_t7_corrected,cool_nights,40763,38.029411764705884,28.58823529411765,-9.441176470588236,-2.643380246675572
fixed_w11_t7_corrected,cool_nights,40764,34.9889705882353,16.647058823529413,-18.341911764705884,-5.606023743127583
fixed_w11_t7_corrected,cool_nights,40765,36.24264705882353,13.470588235294118,-22.772058823529413,-6.5049852745897105
fixed_w11_t7_corrected,cool_nights,40766,36.213235294117645,18.352941176470587,-17.860294117647058,-5.239956763078986
fixed_w11_t7_corrected,cool_nights,40768,36.356617647058826,26.0,-10.356617647058826,-3.255773130407386
fixed_w11_t7_corrected,cool_nights,40769,32.95220588235294,21.176470588235293,-11.775735294117649,-3.7506924293878585
fixed_w11_t7_corrected,cool_nights,40770,35.07720588235294,18.823529411764707,-16.253676470588236,-4.55008763871519
fixed_w11_t7_corrected,cool_nights,40771,35.091911764705884,18.352941176470587,-16.738970588235297,-5.058820113542655
fixed_w11_t7_corrected,cool_nights,40772,35.89705882352941,14.294117647058824,-21.602941176470587,-6.463210063270157
fixed_w11_t7_corrected,cool_nights,40774,35.02205882352941,12.705882352941176,-22.31617647058824,-6.683807677728007
fixed_w11_t7_corrected,cool_nights,40778,37.76470588235294,26.058823529411764,-11.705882352941178,-3.4402368644969075
fixed_w11_t7_corrected,cool_nights,40779,35.87867647058823,19.823529411764707,-16.055147058823525,-4.964674788802699
fixed_w11_t7_corrected,cool_nights,40780,37.911764705882355,54.23529411764706,16.323529411764703,4.431005830162807
fixed_w11_t7_corrected,cool_nights,40782,36.38235294117647,21.176470588235293,-15.205882352941178,-4.553790271362089
fixed_w11_t7_corrected,cool_nights,40783,35.768382352941174,17.58823529411765,-18.180147058823525,-5.307609578934152
fixed_w11_t7_corrected,cool_nights,40785,37.518382352941174,18.058823529411764,-19.45955882352941,-5.382026786000718
fixed_w11_t7_corrected,cool_nights,40789,37.283088235294116,15.470588235294118,-21.8125,-6.074472702865982
fixed_w11_t7_corrected,cool_nights,40791,37.033088235294116,22.176470588235293,-14.856617647058822,-4.260984982702995
fixed_w11_t7_corrected,cool_nights,40792,38.231617647058826,16.470588235294116,-21.76102941176471,-6.008107427323073
fixed_w11_t7_corrected,cool_nights,40793,36.841911764705884,21.11764705882353,-15.724264705882355,-4.534248392658716
fixed_w11_t7_corrected,cool_nights,40794,37.841911764705884,17.294117647058822,-20.54779411764706,-5.804465453983075
fixed_w11_t7_corrected,cool_nights,40796,37.01470588235294,20.941176470588236,-16.073529411764707,-4.578487538019757
fixed_w11_t7_corrected,cool_nights,40797,35.588235294117645,29.529411764705884,-6.058823529411761,-2.0643977380501344
fixed_w11_t7_corrected,cool_nights,40798,37.18382352941177,64.70588235294117,27.522058823529406,7.464677946354765
fixed_w11_t7_corrected,cool_nights,40802,35.74632352941177,57.8235294117647,22.077205882352935,5.87257326403855
fixed_w11_t7_corrected,cool_nights,40809,37.981617647058826,31.11764705882353,-6.863970588235297,-1.9230652783393012
fixed_w11_t7_corrected,cool_nights,40810,37.01470588235294,13.294117647058824,-23.720588235294116,-6.691803249396246
fixed_w11_t7_corrected,cool_nights,40811,36.775735294117645,25.705882352941178,-11.069852941176467,-3.0763809999417964
fixed_w11_t7_corrected,cool_nights,40812,34.654411764705884,20.823529411764707,-13.830882352941178,-4.1241895619172695
fixed_w11_t7_corrected,cool_nights,40813,38.0514705882353,16.352941176470587,-21.69852941176471,-6.119004000284544
fixed_w11_t7_corrected,cool_nights,40818,36.55514705882353,21.58823529411765,-14.96691176470588,-4.161853703435148
fixed_w11_t7_corrected,cool_nights,40821,37.5625,15.647058823529411,-21.915441176470587,-6.089950780753133
fixed_w11_t7_corrected,cool_nights,40827,36.75735294117647,30.058823529411764,-6.6985294117647065,-1.9681144251464868
fixed_w11_t7_corrected,cool_nights,40829,35.47794117647059,30.705882352941178,-4.7720588235294095,-1.3433452310979117
fixed_w11_t7_corrected,cool_nights,40831,36.544117647058826,15.058823529411764,-21.48529411764706,-5.890766830536492
fixed_w11_t7_corrected,cool_nights,40832,36.963235294117645,16.235294117647058,-20.727941176470587,-5.986253705676311
fixed_w11_t7_corrected,cool_nights,40839,36.22794117647059,20.294117647058822,-15.933823529411764,-4.435423530652995
fixed_w11_t7_corrected,cool_nights,40841,36.61029411764706,19.176470588235293,-17.433823529411764,-4.84019987346929
fixed_w11_t7_corrected,cool_nights,40844,35.981617647058826,69.3529411764706,33.37132352941177,8.832462638423417
fixed_w11_t7_corrected,cool_nights,40847,36.51470588235294,18.058823529411764,-18.455882352941178,-5.172133055852959
fixed_w11_t7_corrected,cool_nights,40848,38.393382352941174,58.76470588235294,20.371323529411768,5.531698240466055
fixed_w11_t7_corrected,cool_nights,40849,36.30514705882353,31.941176470588236,-4.3639705882352935,-1.1339396012116385
fixed_w11_t7_corrected,cool_nights,40851,36.400735294117645,29.88235294117647,-6.518382352941174,-1.8347004160309428
fixed_w11_t7_corrected,cool_nights,40853,35.45955882352941,14.176470588235293,-21.28308823529412,-5.854286537118254
fixed_w11_t7_corrected,cool_nights,40854,37.32720588235294,19.823529411764707,-17.503676470588236,-4.828855085731712
fixed_w11_t7_corrected,cool_nights,40856,37.8860294117647,26.529411764705884,-11.356617647058819,-3.16963399922564
fixed_w11_t7_corrected,cool_nights,40857,35.658088235294116,14.176470588235293,-21.481617647058822,-6.1217139278864146
fixed_w11_t7_corrected,cool_nights,40858,32.9264705882353,14.470588235294118,-18.45588235294118,-5.1714713843982265
fixed_w11_t7_corrected,cool_nights,40859,34.81617647058823,12.764705882352942,-22.05147058823529,-6.070563110067953
fixed_w11_t7_corrected,cool_nights,40870,38.16544117647059,18.705882352941178,-19.45955882352941,-5.374253449355698
fixed_w11_t7_corrected,cool_nights,40873,36.268382352941174,18.58823529411765,-17.680147058823525,-4.946394595138846
fixed_w11_t7_corrected,cool_nights,40875,36.150735294117645,30.0,-6.150735294117645,-1.710928699804736
fixed_w11_t7_corrected,cool_nights,40876,37.268382352941174,24.941176470588236,-12.327205882352938,-3.3958749659980336
fixed_w11_t7_corrected,cool_nights,40877,36.10294117647059,28.0,-8.102941176470587,-2.241116460807045
fixed_w11_t7_corrected,cool_nights,40878,37.81617647058823,22.941176470588236,-14.874999999999996,-4.098787013477328
fixed_w11_t7_corrected,cool_nights,40879,37.49264705882353,29.529411764705884,-7.963235294117645,-2.2064565165884105
fixed_w11_t7_corrected,cool_nights,40882,35.893382352941174,7.529411764705882,-28.36397058823529,-7.798242729627783
fixed_w11_t7_corrected,cool_nights,40883,37.0110294117647,16.529411764705884,-20.48161764705882,-5.659947667366805
fixed_w11_t7_corrected,cool_nights,40889,34.3639705882353,19.58823529411765,-14.775735294117649,-4.617554393197684
fixed_w11_t7_corrected,cool_nights,40890,35.6139705882353,28.705882352941178,-6.9080882352941195,-1.9812095338853553
fixed_w11_t7_corrected,cool_nights,40893,36.669117647058826,17.941176470588236,-18.72794117647059,-5.307781488421192
fixed_w11_t7_corrected,cool_nights,40898,35.10294117647059,10.352941176470589,-24.75,-6.798523743550666
fixed_w11_t7_corrected,cool_nights,99407,37.20220588235294,24.470588235294116,-12.731617647058826,-3.703212342897107
fixed_w11_t7_corrected,cool_nights,99459,35.87867647058823,17.294117647058822,-18.58455882352941,-5.207355695981419
fixed_w11_t7_corrected,warm_days,40700,37.44485294117647,52.35294117647059,14.908088235294116,3.9108785262762886
fixed_w11_t7_corrected,warm_days,40701,39.018382352941174,68.17647058823529,29.158088235294116,7.951560824513152
fixed_w11_t7_corrected,warm_days,40702,38.154411764705884,64.17647058823529,26.022058823529406,7.070796881850786
fixed_w11_t7_corrected,warm_days,40703,38.154411764705884,74.82352941176471,36.669117647058826,9.977388854023644
fixed_w11_t7_corrected,warm_days,40704,37.981617647058826,65.29411764705883,27.3125,7.325588984667297
fixed_w11_t7_corrected,warm_days,40706,38.463235294117645,61.470588235294116,23.00735294117647,6.243707294906999
fixed_w11_t7_corrected,warm_days,40708,38.39705882352941,58.529411764705884,20.13235294117647,5.2724687373252035
fixed_w11_t7_corrected,warm_days,40709,37.56985294117647,64.94117647058823,27.37132352941176,7.473715127525658
fixed_w11_t7_corrected,warm_days,40710,37.45220588235294,59.94117647058823,22.48897058823529,6.086531544343998
fixed_w11_t7_corrected,warm_days,40712,38.37867647058823,79.58823529411765,41.20955882352942,11.257210303462912
fixed_w11_t7_corrected,warm_days,40713,37.224264705882355,99.05882352941177,61.83455882352941,16.949320713108456
fixed_w11_t7_corrected,warm_days,40716,37.25735294117647,68.82352941176471,31.56617647058824,8.57770912087328
fixed_w11_t7_corrected,warm_days,40717,37.38970588235294,74.6470588235294,37.257352941176464,10.125098665225883
fixed_w11_t7_corrected,warm_days,40718,36.724264705882355,115.0,78.27573529411765,21.07737827230843
fixed_w11_t7_corrected,warm_days,40719,37.57720588235294,46.8235294117647,9.246323529411761,2.3344120669407555
fixed_w11_t7_corrected,warm_days,40723,36.37132352941177,57.23529411764706,20.86397058823529,5.444119610272775
fixed_w11_t7_corrected,warm_days,40724,36.3860294117647,76.05882352941177,39.672794117647065,10.75310654934735
fixed_w11_t7_corrected,warm_days,40726,37.231617647058826,74.6470588235294,37.41544117647058,10.249717325703974
fixed_w11_t7_corrected,warm_days,40727,36.4485294117647,68.29411764705883,31.845588235294123,8.62134943663063
fixed_w11_t7_corrected,warm_days,40728,36.48529411764706,68.41176470588235,31.92647058823529,8.849863783360163
fixed_w11_t7_corrected,warm_days,40729,36.529411764705884,93.70588235294117,57.17647058823529,15.78914096910701
fixed_w11_t7_corrected,warm_days,40730,36.92279411764706,68.88235294117646,31.959558823529406,8.78790180845265
fixed_w11_t7_corrected,warm_days,40731,37.731617647058826,65.58823529411765,27.856617647058826,7.576245797997737
fixed_w11_t7_corrected,warm_days,40732,37.95220588235294,82.29411764705883,44.341911764705884,12.042583170012472
fixed_w11_t7_corrected,warm_days,40734,37.654411764705884,76.23529411764706,38.580882352941174,10.526941563480703
fixed_w11_t7_corrected,warm_days,40736,37.356617647058826,59.1764705882353,21.81985294117647,5.850535969749938
fixed_w11_t7_corrected,warm_days,40737,38.82720588235294,67.47058823529412,28.643382352941174,7.7725889707091635
fixed_w11_t7_corrected,warm_days,40738,38.23529411764706,71.41176470588235,33.17647058823529,9.04940380167537
fixed_w11_t7_corrected,warm_days,40739,36.7389705882353,48.470588235294116,11.731617647058819,3.179394527160232
fixed_w11_t7_corrected,warm_days,40740,37.86764705882353,52.294117647058826,14.426470588235297,3.8856207445909785
fixed_w11_t7_corrected,warm_days,40741,38.158088235294116,68.58823529411765,30.430147058823536,8.283740765263376
fixed_w11_t7_corrected,warm_days,40743,37.8639705882353,55.0,17.136029411764703,4.644745483682282
fixed_w11_t7_corrected,warm_days,40745,38.25367647058823,62.05882352941177,23.805147058823536,6.406015456059244
fixed_w11_t7_corrected,warm_days,40746,37.911764705882355,61.0,23.088235294117645,6.280553681480203
fixed_w11_t7_corrected,warm_days,40747,37.025735294117645,80.6470588235294,43.62132352941176,11.872507963549081
fixed_w11_t7_corrected,warm_days,40748,36.32720588235294,80.17647058823529,43.84926470588235,11.939566157168848
fixed_w11_t7_corrected,warm_days,40749,36.158088235294116,83.05882352941177,46.90073529411765,12.791163024371917
fixed_w11_t7_corrected,warm_days,40751,36.525735294117645,84.11764705882354,47.59191176470589,13.11688138786743
fixed_w11_t7_corrected,warm_days,40752,36.20955882352941,66.17647058823529,29.966911764705877,8.27475341812812
fixed_w11_t7_corrected,warm_days,40754,36.279411764705884,44.8235294117647,8.544117647058819,2.244675113977163
fixed_w11_t7_corrected,warm_days,40755,37.904411764705884,60.470588235294116,22.566176470588232,6.325414583683367
fixed_w11_t7_corrected,warm_days,40757,36.68014705882353,61.588235294117645,24.908088235294116,6.873664340314649
fixed_w11_t7_corrected,warm_days,40758,37.29044117647059,42.294117647058826,5.003676470588239,1.300921040504189
fixed_w11_t7_corrected,warm_days,40762,37.294117647058826,71.76470588235294,34.470588235294116,9.3670986858187
fixed_w11_t7_corrected,warm_days,40763,37.49264705882353,60.76470588235294,23.272058823529413,6.399608532734822
fixed_w11_t7_corrected,warm_days,40764,36.029411764705884,76.0,39.970588235294116,10.94843805680771
fixed_w11_t7_corrected,warm_days,40765,37.05514705882353,68.88235294117646,31.827205882352935,8.841841902278745
fixed_w11_t7_corrected,warm_days,40766,38.018382352941174,47.88235294117647,9.863970588235297,2.761448331695993
fixed_w11_t7_corrected,warm_days,40768,37.07720588235294,70.76470588235294,33.6875,9.3136146970275
fixed_w11_t7_corrected,warm_days,40769,36.43382352941177,69.88235294117646,33.448529411764696,9.209321671281412
fixed_w11_t7_corrected,warm_days,40770,34.73529411764706,76.6470588235294,41.91176470588235,11.536056307981902
fixed_w11_t7_corrected,warm_days,40771,35.73529411764706,76.6470588235294,40.91176470588235,11.26108759844033
fixed_w11_t7_corrected,warm_days,40772,36.01470588235294,82.05882352941177,46.044117647058826,12.68768489665677
fixed_w11_t7_corrected,warm_days,40774,34.768382352941174,74.88235294117646,40.11397058823529,10.814772304766961
fixed_w11_t7_corrected,warm_days,40778,37.6875,62.705882352941174,25.018382352941174,6.80815517167515
fixed_w11_t7_corrected,warm_days,40779,36.36029411764706,60.588235294117645,24.227941176470587,6.588128345668004
fixed_w11_t7_corrected,warm_days,40780,36.588235294117645,108.29411764705883,71.70588235294119,19.70218992891637
fixed_w11_t7_corrected,warm_days,40782,35.731617647058826,79.17647058823529,43.444852941176464,11.84898149429398
fixed_w11_t7_corrected,warm_days,40783,36.08455882352941,66.58823529411765,30.50367647058824,8.34918488904123
fixed_w11_t7_corrected,warm_days,40785,35.599264705882355,69.0,33.400735294117645,9.15186279171037
fixed_w11_t7_corrected,warm_days,40789,38.3125,66.05882352941177,27.746323529411768,7.571762518821815
fixed_w11_t7_corrected,warm_days,40791,38.49632352941177,74.52941176470588,36.033088235294116,9.860366449054572
fixed_w11_t7_corrected,warm_days,40792,37.43014705882353,47.588235294117645,10.158088235294116,2.7372589342340525
fixed_w11_t7_corrected,warm_days,40793,38.4485294117647,73.3529411764706,34.90441176470589,9.565954344402986
fixed_w11_t7_corrected,warm_days,40794,35.4264705882353,73.70588235294117,38.27941176470588,10.492822564362266
fixed_w11_t7_corrected,warm_days,40796,36.14705882352941,101.3529411764706,65.20588235294119,17.967915335352142
fixed_w11_t7_corrected,warm_days,40797,35.8125,93.0,57.1875,15.706939186600406
fixed_w11_t7_corrected,warm_days,40798,35.783088235294116,80.82352941176471,45.040441176470594,12.37906438883209
fixed_w11_t7_corrected,warm_days,40802,34.85294117647059,59.0,24.147058823529413,6.617196503282981
fixed_w11_t7_corrected,warm_days,40809,38.04779411764706,61.529411764705884,23.481617647058826,6.41243687179279
fixed_w11_t7_corrected,warm_days,40810,35.158088235294116,79.05882352941177,43.90073529411765,12.031054075600078
fixed_w11_t7_corrected,warm_days,40811,35.75,75.52941176470588,39.779411764705884,10.931487252131502
fixed_w11_t7_corrected,warm_days,40812,35.3235294117647,74.0,38.6764705882353,10.528452976015052
fixed_w11_t7_corrected,warm_days,40813,36.37132352941177,79.17647058823529,42.80514705882352,11.759056208565708
fixed_w11_t7_corrected,warm_days,40818,36.66544117647059,65.76470588235294,29.099264705882355,7.956542937449921
fixed_w11_t7_corrected,warm_days,40821,37.205882352941174,62.294117647058826,25.088235294117652,6.8844159818124115
fixed_w11_t7_corrected,warm_days,40827,38.5,65.23529411764706,26.735294117647058,7.362294975947517
fixed_w11_t7_corrected,warm_days,40829,38.1360294117647,78.70588235294117,40.56985294117647,11.101824957669068
fixed_w11_t7_corrected,warm_days,40831,35.93014705882353,72.6470588235294,36.71691176470588,10.09830598576197
fixed_w11_t7_corrected,warm_days,40832,34.544117647058826,65.58823529411765,31.044117647058826,8.479261969265677
fixed_w11_t7_corrected,warm_days,40839,36.24632352941177,60.1764705882353,23.93014705882353,6.8815851388392755
fixed_w11_t7_corrected,warm_days,40841,35.75367647058823,65.41176470588235,29.658088235294116,8.126888669125657
fixed_w11_t7_corrected,warm_days,40844,36.606617647058826,80.3529411764706,43.74632352941177,12.082211868305608
fixed_w11_t7_corrected,warm_days,40847,34.470588235294116,97.23529411764706,62.76470588235294,17.21934532470264
fixed_w11_t7_corrected,warm_days,40848,34.99264705882353,79.70588235294117,44.713235294117645,12.245456438213099
fixed_w11_t7_corrected,warm_days,40849,35.06617647058823,73.82352941176471,38.75735294117648,10.881969852232498
fixed_w11_t7_corrected,warm_days,40851,35.6985294117647,69.3529411764706,33.65441176470589,9.241485733228128
fixed_w11_t7_corrected,warm_days,40853,35.93382352941177,76.23529411764706,40.30147058823529,11.133088883839116
fixed_w11_t7_corrected,warm_days,40854,36.8235294117647,70.11764705882354,33.29411764705883,9.117049359888014
fixed_w11_t7_corrected,warm_days,40856,38.0,53.35294117647059,15.352941176470587,4.158132090752371
fixed_w11_t7_corrected,warm_days,40857,36.330882352941174,114.52941176470588,78.19852941176471,21.68886870563762
fixed_w11_t7_corrected,warm_days,40858,35.279411764705884,35.76470588235294,0.485294117647058,0.050263998587194436
fixed_w11_t7_corrected,warm_days,40859,34.37867647058823,60.88235294117647,26.50367647058824,7.267721796094207
fixed_w11_t7_corrected,warm_days,40870,37.349264705882355,64.0,26.650735294117645,7.258584081305541
fixed_w11_t7_corrected,warm_days,40873,35.61764705882353,67.76470588235294,32.14705882352941,8.806599092605857
fixed_w11_t7_corrected,warm_days,40875,37.93382352941177,56.64705882352941,18.713235294117645,5.1181257673045
fixed_w11_t7_corrected,warm_days,40876,37.606617647058826,70.23529411764706,32.62867647058823,8.983958336679569
fixed_w11_t7_corrected,warm_days,40877,35.533088235294116,53.35294117647059,17.81985294117647,4.909419652254478
fixed_w11_t7_corrected,warm_days,40878,37.213235294117645,62.23529411764706,25.022058823529413,6.835029714812412
fixed_w11_t7_corrected,warm_days,40879,36.849264705882355,59.705882352941174,22.85661764705882,6.257697145278385
fixed_w11_t7_corrected,warm_days,40882,36.955882352941174,56.0,19.044117647058826,5.211347818830637
fixed_w11_t7_corrected,warm_days,40883,36.6360294117647,60.294117647058826,23.658088235294123,6.498820811469434
fixed_w11_t7_corrected,warm_days,40889,35.8639705882353,68.76470588235294,32.900735294117645,8.921468932511107
fixed_w11_t7_corrected,warm_days,40890,34.724264705882355,104.82352941176471,70.09926470588235,19.255760496335075
fixed_w11_t7_corrected,warm_days,40893,36.091911764705884,39.0,2.908088235294116,0.8040577116056635
fixed_w11_t7_corrected,warm_days,40898,38.22794117647059,58.88235294117647,20.654411764705884,5.711402979377361
fixed_w11_t7_corrected,warm_days,99407,37.400735294117645,54.64705882352941,17.246323529411768,4.783182837836213
fixed_w11_t7_corrected,warm_days,99459,35.1360294117647,88.11764705882354,52.98161764705883,14.627725604626617
fixed_w11_t7_corrected,warm_nights,40700,33.87132352941177,59.88235294117647,26.011029411764703,6.617114365628128
fixed_w11_t7_corrected,warm_nights,40701,35.595588235294116,67.05882352941177,31.463235294117652,8.20633237725579
fixed_w11_t7_corrected,warm_nights,40702,35.349264705882355,75.58823529411765,40.2389705882353,10.59038308683265
fixed_w11_t7_corrected,warm_nights,40703,35.849264705882355,81.47058823529412,45.62132352941176,12.123120248794118
fixed_w11_t7_corrected,warm_nights,40704,35.400735294117645,59.411764705882355,24.01102941176471,6.170320229028217
fixed_w11_t7_corrected,warm_nights,40706,35.900735294117645,51.88235294117647,15.981617647058826,4.146069389026758
fixed_w11_t7_corrected,warm_nights,40708,36.49264705882353,69.94117647058823,33.4485294117647,8.7228612394152
fixed_w11_t7_corrected,warm_nights,40709,35.6875,71.94117647058823,36.25367647058823,9.936833738146152
fixed_w11_t7_corrected,warm_nights,40710,36.04044117647059,59.8235294117647,23.783088235294116,6.297091036688331
fixed_w11_t7_corrected,warm_nights,40712,35.60294117647059,45.705882352941174,10.102941176470587,2.582977488656553
fixed_w11_t7_corrected,warm_nights,40713,36.125,69.88235294117646,33.757352941176464,8.947330758935335
fixed_w11_t7_corrected,warm_nights,40716,34.94485294117647,69.6470588235294,34.702205882352935,9.073734590241429
fixed_w11_t7_corrected,warm_nights,40717,36.52205882352941,66.88235294117646,30.36029411764705,7.990431493841866
fixed_w11_t7_corrected,warm_nights,40718,34.7389705882353,63.529411764705884,28.790441176470587,7.447170341502824
fixed_w11_t7_corrected,warm_nights,40719,35.50367647058823,82.29411764705883,46.790441176470594,12.611765278005423
fixed_w11_t7_corrected,warm_nights,40723,36.29779411764706,56.588235294117645,20.290441176470587,5.192028090743831
fixed_w11_t7_corrected,warm_nights,40724,34.29779411764706,84.94117647058823,50.643382352941174,13.501966544486178
fixed_w11_t7_corrected,warm_nights,40726,36.125,62.23529411764706,26.110294117647058,6.865935309152253
fixed_w11_t7_corrected,warm_nights,40727,34.70955882352941,63.0,28.290441176470587,7.285251856248292
fixed_w11_t7_corrected,warm_nights,40728,35.919117647058826,55.94117647058823,20.022058823529406,5.316559812365465
fixed_w11_t7_corrected,warm_nights,40729,36.41544117647059,68.05882352941177,31.64338235294118,8.498483219201427
fixed_w11_t7_corrected,warm_nights,40730,36.01470588235294,71.76470588235294,35.75,9.589480060835898
fixed_w11_t7_corrected,warm_nights,40731,36.095588235294116,57.0,20.904411764705884,5.622398962527697
fixed_w11_t7_corrected,warm_nights,40732,36.66544117647059,83.17647058823529,46.5110294117647,12.681124756953256
fixed_w11_t7_corrected,warm_nights,40734,35.68382352941177,83.23529411764706,47.55147058823529,12.981345621238816
fixed_w11_t7_corrected,warm_nights,40736,35.904411764705884,72.88235294117646,36.97794117647058,10.02353174449345
fixed_w11_t7_corrected,warm_nights,40737,36.11764705882353,58.94117647058823,22.823529411764703,6.166840950699891
fixed_w11_t7_corrected,warm_nights,40738,36.3125,41.529411764705884,5.216911764705884,1.3530182739555556
fixed_w11_t7_corrected,warm_nights,40739,37.5735294117647,44.11764705882353,6.544117647058826,1.7361770802972956
fixed_w11_t7_corrected,warm_nights,40740,36.356617647058826,27.41176470588235,-8.944852941176475,-2.533520374507942
fixed_w11_t7_corrected,warm_nights,40741,37.341911764705884,58.588235294117645,21.24632352941176,5.699170325122248
fixed_w11_t7_corrected,warm_nights,40743,36.91544117647059,57.529411764705884,20.613970588235297,5.519046812678409
fixed_w11_t7_corrected,warm_nights,40745,37.16544117647059,71.11764705882354,33.95220588235295,9.251251521376252
fixed_w11_t7_corrected,warm_nights,40746,37.35294117647059,47.76470588235294,10.411764705882355,2.7686037443376357
fixed_w11_t7_corrected,warm_nights,40747,35.154411764705884,52.05882352941177,16.904411764705884,4.111001703201518
fixed_w11_t7_corrected,warm_nights,40748,35.658088235294116,69.05882352941177,33.40073529411765,8.675942040191751
fixed_w11_t7_corrected,warm_nights,40749,36.088235294117645,57.11764705882353,21.029411764705884,5.512731201811873
fixed_w11_t7_corrected,warm_nights,40751,35.356617647058826,50.23529411764706,14.878676470588232,4.103210551498874
fixed_w11_t7_corrected,warm_nights,40752,36.76470588235294,56.35294117647059,19.588235294117645,5.39669632721821
fixed_w11_t7_corrected,warm_nights,40754,35.849264705882355,37.588235294117645,1.73897058823529,0.40285445430273725
fixed_w11_t7_corrected,warm_nights,40755,35.904411764705884,46.294117647058826,10.389705882352942,2.8806889514360794
fixed_w11_t7_corrected,warm_nights,40757,35.72794117647059,48.1764705882353,12.44852941176471,3.3547366527160793
fixed_w11_t7_corrected,warm_nights,40758,36.70220588235294,117.52941176470588,80.82720588235294,22.126471993776548
fixed_w11_t7_corrected,warm_nights,40762,37.25735294117647,57.35294117647059,20.095588235294116,5.462475000127952
fixed_w11_t7_corrected,warm_nights,40763,37.50735294117647,55.88235294117647,18.375,5.001889454934348
fixed_w11_t7_corrected,warm_nights,40764,35.7389705882353,54.35294117647059,18.61397058823529,4.657641869496757
fixed_w11_t7_corrected,warm_nights,40765,37.11764705882353,66.52941176470588,29.411764705882355,8.083800238966248
fixed_w11_t7_corrected,warm_nights,40766,36.529411764705884,56.23529411764706,19.705882352941174,5.255384955082116
fixed_w11_t7_corrected,warm_nights,40768,35.64705882352941,49.529411764705884,13.882352941176471,3.6886388672396535
fixed_w11_t7_corrected,warm_nights,40769,34.625,52.94117647058823,18.316176470588232,4.627934849536578
fixed_w11_t7_corrected,warm_nights,40770,34.37867647058823,64.88235294117646,30.503676470588232,8.373256148282591
fixed_w11_t7_corrected,warm_nights,40771,35.62867647058823,52.0,16.371323529411768,4.153270701250959
fixed_w11_t7_corrected,warm_nights,40772,36.161764705882355,77.23529411764706,41.0735294117647,11.039492132010242
fixed_w11_t7_corrected,warm_nights,40774,35.4889705882353,81.3529411764706,45.8639705882353,12.103448181413583
fixed_w11_t7_corrected,warm_nights,40778,37.02205882352941,61.23529411764706,24.213235294117645,6.558630083866465
fixed_w11_t7_corrected,warm_nights,40779,36.24632352941177,58.64705882352941,22.400735294117645,5.694864584362261
fixed_w11_t7_corrected,warm_nights,40780,37.466911764705884,24.823529411764707,-12.643382352941178,-3.5593615864622796
fixed_w11_t7_corrected,warm_nights,40782,36.404411764705884,57.11764705882353,20.713235294117645,5.366049159428652
fixed_w11_t7_corrected,warm_nights,40783,35.75,62.35294117647059,26.602941176470587,7.062381191490527
fixed_w11_t7_corrected,warm_nights,40785,35.51470588235294,68.0,32.48529411764706,8.877929168569237
fixed_w11_t7_corrected,warm_nights,40789,37.24632352941177,76.17647058823529,38.93014705882352,10.620002023328105
fixed_w11_t7_corrected,warm_nights,40791,36.61764705882353,67.41176470588235,30.79411764705882,8.342940899349047
fixed_w11_t7_corrected,warm_nights,40792,37.69485294117647,79.6470588235294,41.952205882352935,11.478220122508358
fixed_w11_t7_corrected,warm_nights,40793,37.55514705882353,65.41176470588235,27.85661764705882,7.575160217424047
fixed_w11_t7_corrected,warm_nights,40794,37.588235294117645,64.17647058823529,26.588235294117645,7.206247089252177
fixed_w11_t7_corrected,warm_nights,40796,36.481617647058826,64.76470588235294,28.283088235294116,7.663124058044481
fixed_w11_t7_corrected,warm_nights,40797,34.779411764705884,51.23529411764706,16.455882352941174,4.269699863384108
fixed_w11_t7_corrected,warm_nights,40798,36.87867647058823,31.823529411764707,-5.055147058823525,-1.5438618443266297
fixed_w11_t7_corrected,warm_nights,40802,36.44485294117647,43.35294117647059,6.908088235294116,1.7545713502925189
fixed_w11_t7_corrected,warm_nights,40809,38.1139705882353,47.411764705882355,9.297794117647058,2.5247249001554497
fixed_w11_t7_corrected,warm_nights,40810,37.86764705882353,90.52941176470588,52.661764705882355,14.334239060407487
fixed_w11_t7_corrected,warm_nights,40811,36.6764705882353,74.58823529411765,37.911764705882355,10.38588126214424
fixed_w11_t7_corrected,warm_nights,40812,35.45220588235294,63.88235294117647,28.43014705882353,7.525834097643985
fixed_w11_t7_corrected,warm_nights,40813,35.64705882352941,79.76470588235294,44.11764705882353,12.015819435007284
fixed_w11_t7_corrected,warm_nights,40818,36.095588235294116,72.82352941176471,36.727941176470594,10.032861448474389
fixed_w11_t7_corrected,warm_nights,40821,36.93382352941177,79.17647058823529,42.24264705882352,11.582716522875888
fixed_w11_t7_corrected,warm_nights,40827,37.169117647058826,46.411764705882355,9.242647058823529,2.469922156773574
fixed_w11_t7_corrected,warm_nights,40829,36.05514705882353,68.3529411764706,32.297794117647065,8.828256881140518
fixed_w11_t7_corrected,warm_nights,40831,37.7389705882353,92.41176470588235,54.67279411764705,15.00759124039619
fixed_w11_t7_corrected,warm_nights,40832,35.95220588235294,77.29411764705883,41.341911764705884,11.154445891253621
fixed_w11_t7_corrected,warm_nights,40839,37.12132352941177,58.705882352941174,21.584558823529406,6.011307247504062
fixed_w11_t7_corrected,warm_nights,40841,35.9264705882353,56.23529411764706,20.30882352941176,5.531870238915143
fixed_w11_t7_corrected,warm_nights,40844,33.30882352941177,24.88235294117647,-8.426470588235297,-2.6304302529745165
fixed_w11_t7_corrected,warm_nights,40847,37.375,81.82352941176471,44.44852941176471,12.101633127378967
fixed_w11_t7_corrected,warm_nights,40848,35.70220588235294,26.705882352941178,-8.996323529411764,-2.516430960436372
fixed_w11_t7_corrected,warm_nights,40849,36.08455882352941,43.1764705882353,7.091911764705884,2.0043213822540373
fixed_w11_t7_corrected,warm_nights,40851,36.11764705882353,56.88235294117647,20.764705882352942,5.678271025660733
fixed_w11_t7_corrected,warm_nights,40853,34.106617647058826,70.76470588235294,36.658088235294116,10.14753500630797
fixed_w11_t7_corrected,warm_nights,40854,36.60294117647059,76.58823529411765,39.985294117647065,11.004479119209813
fixed_w11_t7_corrected,warm_nights,40856,37.87132352941177,52.11764705882353,14.246323529411761,3.857422867728072
fixed_w11_t7_corrected,warm_nights,40857,35.470588235294116,68.41176470588235,32.94117647058823,9.002862997269052
fixed_w11_t7_corrected,warm_nights,40858,34.44117647058823,83.52941176470588,49.08823529411765,13.416712325905571
fixed_w11_t7_corrected,warm_nights,40859,34.93382352941177,91.52941176470588,56.595588235294116,15.539358401709007
fixed_w11_t7_corrected,warm_nights,40870,37.849264705882355,57.11764705882353,19.268382352941174,5.27572273212205
fixed_w11_t7_corrected,warm_nights,40873,35.50367647058823,67.6470588235294,32.143382352941174,8.791965502186674
fixed_w11_t7_corrected,warm_nights,40875,35.150735294117645,53.64705882352941,18.496323529411768,5.059024837156036
fixed_w11_t7_corrected,warm_nights,40876,35.330882352941174,61.529411764705884,26.19852941176471,7.173915892851321
fixed_w11_t7_corrected,warm_nights,40877,35.3014705882353,58.705882352941174,23.404411764705877,6.431124796506927
fixed_w11_t7_corrected,warm_nights,40878,37.19117647058823,48.588235294117645,11.397058823529413,3.111223524540316
fixed_w11_t7_corrected,warm_nights,40879,35.66544117647059,53.23529411764706,17.56985294117647,4.807021127731902
fixed_w11_t7_corrected,warm_nights,40882,34.87132352941177,63.94117647058823,29.069852941176464,7.93972073039078
fixed_w11_t7_corrected,warm_nights,40883,36.27205882352941,39.470588235294116,3.198529411764703,0.8570023682072527
fixed_w11_t7_corrected,warm_nights,40889,33.455882352941174,54.1764705882353,20.720588235294123,5.630458450094039
fixed_w11_t7_corrected,warm_nights,40890,33.49264705882353,45.88235294117647,12.389705882352942,3.3446121119387424
fixed_w11_t7_corrected,warm_nights,40893,34.81617647058823,50.35294117647059,15.536764705882355,4.194755013476367
fixed_w11_t7_corrected,warm_nights,40898,36.86764705882353,89.41176470588235,52.54411764705882,14.405087234756307
fixed_w11_t7_corrected,warm_nights,99407,36.455882352941174,63.705882352941174,27.25,7.450016982524728
fixed_w11_t7_corrected,warm_nights,99459,36.9264705882353,66.6470588235294,29.72058823529411,8.04786985966615
fixed_w11_t7_raw,cool_days,40700,34.05882352941177,33.11764705882353,-0.9411764705882391,-0.44871592055790366
fixed_w11_t7_raw,cool_days,40701,34.705882352941174,23.352941176470587,-11.352941176470587,-3.2195709952369542
fixed_w11_t7_raw,cool_days,40702,34.76470588235294,25.764705882352942,-9.0,-2.527314028680289
fixed_w11_t7_raw,cool_days,40703,34.529411764705884,23.823529411764707,-10.705882352941178,-3.0193329702916394
fixed_w11_t7_raw,cool_days,40704,35.0,25.294117647058822,-9.705882352941178,-2.8214262675963946
fixed_w11_t7_raw,cool_days,40706,33.411764705882355,25.705882352941178,-7.7058823529411775,-2.161097602315958
fixed_w11_t7_raw,cool_days,40708,34.94117647058823,25.235294117647058,-9.705882352941174,-2.844128535438321
fixed_w11_t7_raw,cool_days,40709,34.294117647058826,26.0,-8.294117647058826,-2.3629037133516633
fixed_w11_t7_raw,cool_days,40710,34.294117647058826,28.705882352941178,-5.5882352941176485,-1.6392335570246725
fixed_w11_t7_raw,cool_days,40712,34.529411764705884,21.705882352941178,-12.823529411764707,-3.5728426643749236
fixed_w11_t7_raw,cool_days,40713,33.8235294117647,16.294117647058822,-17.52941176470588,-4.893125985107021
fixed_w11_t7_raw,cool_days,40716,35.294117647058826,19.058823529411764,-16.23529411764706,-4.521034570001466
fixed_w11_t7_raw,cool_days,40717,34.411764705882355,22.0,-12.411764705882355,-3.514540201811175
fixed_w11_t7_raw,cool_days,40718,32.529411764705884,24.352941176470587,-8.176470588235297,-2.585040121285444
fixed_w11_t7_raw,cool_days,40719,34.529411764705884,27.764705882352942,-6.764705882352942,-2.0260799677266546
fixed_w11_t7_raw,cool_days,40723,34.05882352941177,26.470588235294116,-7.588235294117652,-2.337625623622908
fixed_w11_t7_raw,cool_days,40724,33.529411764705884,22.058823529411764,-11.47058823529412,-3.249681074845147
fixed_w11_t7_raw,cool_days,40726,34.05882352941177,22.529411764705884,-11.529411764705884,-3.222880772498465
fixed_w11_t7_raw,cool_days,40727,33.1764705882353,21.705882352941178,-11.47058823529412,-3.208983264082004
fixed_w11_t7_raw,cool_days,40728,33.588235294117645,19.41176470588235,-14.176470588235293,-3.901074877871988
fixed_w11_t7_raw,cool_days,40729,33.64705882352941,17.470588235294116,-16.176470588235297,-4.447151405810949
fixed_w11_t7_raw,cool_days,40730,35.588235294117645,25.58823529411765,-9.999999999999996,-2.7526525720414172
fixed_w11_t7_raw,cool_days,40731,34.64705882352941,21.764705882352942,-12.882352941176471,-3.5584650725727016
fixed_w11_t7_raw,cool_days,40732,33.94117647058823,25.235294117647058,-8.705882352941174,-2.5459165119052205
fixed_w11_t7_raw,cool_days,40734,33.88235294117647,25.0,-8.882352941176471,-2.5838794107967447
fixed_w11_t7_raw,cool_days,40736,34.294117647058826,25.235294117647058,-9.058823529411768,-2.613986219411511
fixed_w11_t7_raw,cool_days,40737,33.88235294117647,27.11764705882353,-6.764705882352942,-1.9501642531059327
fixed_w11_t7_raw,cool_days,40738,35.0,24.352941176470587,-10.647058823529413,-3.034163390202078
fixed_w11_t7_raw,cool_days,40739,34.23529411764706,27.0,-7.235294117647058,-1.9958042431134695
fixed_w11_t7_raw,cool_days,40740,34.35294117647059,32.1764705882353,-2.17647058823529,-0.647184992974946
fixed_w11_t7_raw,cool_days,40741,34.470588235294116,25.58823529411765,-8.882352941176467,-2.4828226104852487
fixed_w11_t7_raw,cool_days,40743,34.88235294117647,27.58823529411765,-7.2941176470588225,-2.054322558572946
fixed_w11_t7_raw,cool_days,40745,34.705882352941174,28.294117647058822,-6.4117647058823515,-1.863164568775491
fixed_w11_t7_raw,cool_days,40746,34.88235294117647,27.0,-7.882352941176471,-2.267852509682122
fixed_w11_t7_raw,cool_days,40747,33.64705882352941,18.88235294117647,-14.764705882352942,-4.111210611433797
fixed_w11_t7_raw,cool_days,40748,34.35294117647059,18.823529411764707,-15.52941176470588,-4.303316885913442
fixed_w11_t7_raw,cool_days,40749,33.64705882352941,17.176470588235293,-16.47058823529412,-4.572253615920849
fixed_w11_t7_raw,cool_days,40751,33.470588235294116,18.294117647058822,-15.176470588235293,-4.229604346170966
fixed_w11_t7_raw,cool_days,40752,34.05882352941177,21.0,-13.058823529411768,-3.5789838491625954
fixed_w11_t7_raw,cool_days,40754,33.05882352941177,28.470588235294116,-4.588235294117652,-1.325689658616163
fixed_w11_t7_raw,cool_days,40755,34.588235294117645,21.529411764705884,-13.058823529411761,-3.5612206476312025
fixed_w11_t7_raw,cool_days,40757,34.05882352941177,22.352941176470587,-11.705882352941181,-3.195373624238525
fixed_w11_t7_raw,cool_days,40758,33.88235294117647,30.941176470588236,-2.9411764705882355,-0.8424227412754224
fixed_w11_t7_raw,cool_days,40762,34.11764705882353,23.11764705882353,-11.0,-3.098237586223279
fixed_w11_t7_raw,cool_days,40763,33.588235294117645,25.235294117647058,-8.352941176470587,-2.2879564780664197
fixed_w11_t7_raw,cool_days,40764,33.0,22.0,-11.0,-3.046895566828045
fixed_w11_t7_raw,cool_days,40765,33.64705882352941,20.941176470588236,-12.705882352941178,-3.4865492362325883
fixed_w11_t7_raw,cool_days,40766,34.294117647058826,27.58823529411765,-6.7058823529411775,-1.8011653205537534
fixed_w11_t7_raw,cool_days,40768,33.94117647058823,19.705882352941178,-14.235294117647054,-3.8952950415759764
fixed_w11_t7_raw,cool_days,40769,33.1764705882353,21.294117647058822,-11.882352941176475,-3.28550874248299
fixed_w11_t7_raw,cool_days,40770,33.64705882352941,21.058823529411764,-12.588235294117649,-3.4562143594999633
fixed_w11_t7_raw,cool_days,40771,33.588235294117645,21.470588235294116,-12.117647058823529,-3.34298603980122
fixed_w11_t7_raw,cool_days,40772,34.94117647058823,18.823529411764707,-16.117647058823525,-4.436284085363672
fixed_w11_t7_raw,cool_days,40774,32.529411764705884,20.529411764705884,-12.0,-3.4041191208619033
fixed_w11_t7_raw,cool_days,40778,34.76470588235294,23.235294117647058,-11.529411764705884,-3.287740886255345
fixed_w11_t7_raw,cool_days,40779,33.705882352941174,24.41176470588235,-9.294117647058822,-2.591750866252462
fixed_w11_t7_raw,cool_days,40780,33.470588235294116,14.058823529411764,-19.41176470588235,-5.3673170442546585
fixed_w11_t7_raw,cool_days,40782,32.705882352941174,20.647058823529413,-12.058823529411761,-3.359708401220935
fixed_w11_t7_raw,cool_days,40783,33.8235294117647,20.0,-13.823529411764703,-3.84584023793027
fixed_w11_t7_raw,cool_days,40785,33.588235294117645,24.41176470588235,-9.176470588235293,-2.5977237502120474
fixed_w11_t7_raw,cool_days,40789,34.411764705882355,25.41176470588235,-9.000000000000004,-2.4916165216978587
fixed_w11_t7_raw,cool_days,40791,34.8235294117647,22.176470588235293,-12.64705882352941,-3.5087185294523904
fixed_w11_t7_raw,cool_days,40792,34.529411764705884,32.411764705882355,-2.117647058823529,-0.6135960301275709
fixed_w11_t7_raw,cool_days,40793,34.23529411764706,21.941176470588236,-12.294117647058822,-3.4816251395005793
fixed_w11_t7_raw,cool_days,40794,32.529411764705884,21.11764705882353,-11.411764705882355,-3.167901695784595
fixed_w11_t7_raw,cool_days,40796,32.294117647058826,15.588235294117647,-16.70588235294118,-4.6125706826197925
fixed_w11_t7_raw,cool_days,40797,33.23529411764706,15.352941176470589,-17.88235294117647,-4.981731316707667
fixed_w11_t7_raw,cool_days,40798,33.411764705882355,20.58823529411765,-12.823529411764707,-3.539566586968471
fixed_w11_t7_raw,cool_days,40802,33.1764705882353,26.352941176470587,-6.82352941176471,-1.8826324134006995
fixed_w11_t7_raw,cool_days,40809,34.1764705882353,25.764705882352942,-8.411764705882355,-2.3481033937279303
fixed_w11_t7_raw,cool_days,40810,33.411764705882355,17.529411764705884,-15.882352941176471,-4.396990657513841
fixed_w11_t7_raw,cool_days,40811,32.88235294117647,21.764705882352942,-11.117647058823529,-3.035220352817144
fixed_w11_t7_raw,cool_days,40812,31.647058823529413,20.176470588235293,-11.47058823529412,-3.2041634212548127
fixed_w11_t7_raw,cool_days,40813,33.0,18.176470588235293,-14.823529411764707,-4.0600833229338615
fixed_w11_t7_raw,cool_days,40818,33.11764705882353,32.294117647058826,-0.823529411764703,-0.2308213011089908
fixed_w11_t7_raw,cool_days,40821,34.64705882352941,28.764705882352942,-5.882352941176471,-1.628953151042639
fixed_w11_t7_raw,cool_days,40827,33.76470588235294,22.058823529411764,-11.705882352941178,-3.3069190885968984
fixed_w11_t7_raw,cool_days,40829,33.8235294117647,21.0,-12.823529411764703,-3.532830584932335
fixed_w11_t7_raw,cool_days,40831,33.88235294117647,18.352941176470587,-15.529411764705884,-4.2683559460263325
fixed_w11_t7_raw,cool_days,40832,33.05882352941177,22.294117647058822,-10.764705882352946,-3.005813472526242
fixed_w11_t7_raw,cool_days,40839,32.8235294117647,27.529411764705884,-5.294117647058819,-1.3891061388237382
fixed_w11_t7_raw,cool_days,40841,33.705882352941174,29.058823529411764,-4.6470588235294095,-1.2838695325781142
fixed_w11_t7_raw,cool_days,40844,33.05882352941177,21.823529411764707,-11.235294117647062,-3.084172292539857
fixed_w11_t7_raw,cool_days,40847,32.8235294117647,18.352941176470587,-14.470588235294116,-3.967544380150504
fixed_w11_t7_raw,cool_days,40848,32.588235294117645,21.705882352941178,-10.882352941176467,-2.9882022999804203
fixed_w11_t7_raw,cool_days,40849,34.0,25.058823529411764,-8.941176470588236,-2.405399930481088
fixed_w11_t7_raw,cool_days,40851,33.0,30.823529411764707,-2.1764705882352935,-0.6016144765634319
fixed_w11_t7_raw,cool_days,40853,32.294117647058826,26.88235294117647,-5.411764705882355,-1.4593504606061227
fixed_w11_t7_raw,cool_days,40854,34.411764705882355,21.41176470588235,-13.000000000000004,-3.596354173984783
fixed_w11_t7_raw,cool_days,40856,34.8235294117647,25.235294117647058,-9.588235294117645,-2.656582424946369
fixed_w11_t7_raw,cool_days,40857,31.11764705882353,9.647058823529411,-21.470588235294116,-6.047986920961413
fixed_w11_t7_raw,cool_days,40858,29.705882352941178,23.058823529411764,-6.647058823529413,-1.8789594821232685
fixed_w11_t7_raw,cool_days,40859,32.05882352941177,26.235294117647058,-5.82352941176471,-1.591842748373053
fixed_w11_t7_raw,cool_days,40870,33.64705882352941,23.941176470588236,-9.705882352941178,-2.7214772868950137
fixed_w11_t7_raw,cool_days,40873,31.823529411764707,22.352941176470587,-9.47058823529412,-2.61648938228599
fixed_w11_t7_raw,cool_days,40875,32.35294117647059,19.941176470588236,-12.411764705882351,-3.4199449816361707
fixed_w11_t7_raw,cool_days,40876,31.941176470588236,14.882352941176471,-17.058823529411764,-4.677496538990144
fixed_w11_t7_raw,cool_days,40877,32.94117647058823,29.294117647058822,-3.6470588235294095,-0.9872846929010173
fixed_w11_t7_raw,cool_days,40878,34.23529411764706,26.58823529411765,-7.6470588235294095,-2.1128034046769617
fixed_w11_t7_raw,cool_days,40879,33.294117647058826,25.294117647058822,-8.000000000000004,-2.1977709562334535
fixed_w11_t7_raw,cool_days,40882,29.941176470588236,16.705882352941178,-13.235294117647058,-3.634952625804286
fixed_w11_t7_raw,cool_days,40883,32.64705882352941,11.647058823529411,-21.0,-5.765355477178146
fixed_w11_t7_raw,cool_days,40889,31.647058823529413,14.235294117647058,-17.411764705882355,-5.09757628831901
fixed_w11_t7_raw,cool_days,40890,30.705882352941178,10.705882352941176,-20.0,-5.502846525303684
fixed_w11_t7_raw,cool_days,40893,31.941176470588236,17.58823529411765,-14.352941176470587,-3.9502736773128353
fixed_w11_t7_raw,cool_days,40898,31.294117647058822,19.823529411764707,-11.470588235294116,-3.1552305225916486
fixed_w11_t7_raw,cool_days,99407,34.11764705882353,27.647058823529413,-6.470588235294116,-1.7262180699230987
fixed_w11_t7_raw,cool_days,99459,33.0,18.294117647058822,-14.705882352941178,-4.016776043200612
fixed_w11_t7_raw,cool_nights,40700,31.647058823529413,31.352941176470587,-0.29411764705882604,-0.5970501635266316
fixed_w11_t7_raw,cool_nights,40701,32.05882352941177,21.41176470588235,-10.647058823529417,-3.432654523405021
fixed_w11_t7_raw,cool_nights,40702,31.0,21.529411764705884,-9.470588235294116,-3.112874922780896
fixed_w11_t7_raw,cool_nights,40703,31.941176470588236,18.941176470588236,-13.0,-3.9976151080458227
fixed_w11_t7_raw,cool_nights,40704,32.88235294117647,25.176470588235293,-7.7058823529411775,-2.5511765085036995
fixed_w11_t7_raw,cool_nights,40706,33.0,35.76470588235294,2.764705882352942,0.4853706718992825
fixed_w11_t7_raw,cool_nights,40708,33.411764705882355,16.941176470588236,-16.47058823529412,-5.0882144167756564
fixed_w11_t7_raw,cool_nights,40709,33.1764705882353,27.235294117647058,-5.941176470588239,-1.7312737716417148
fixed_w11_t7_raw,cool_nights,40710,33.05882352941177,24.764705882352942,-8.294117647058826,-2.566571878785912
fixed_w11_t7_raw,cool_nights,40712,32.23529411764706,37.705882352941174,5.470588235294116,1.2949830545257655
fixed_w11_t7_raw,cool_nights,40713,32.411764705882355,23.58823529411765,-8.823529411764707,-2.77576966481711
fixed_w11_t7_raw,cool_nights,40716,32.35294117647059,17.294117647058822,-15.058823529411764,-4.689897417711327
fixed_w11_t7_raw,cool_nights,40717,33.705882352941174,17.529411764705884,-16.17647058823529,-4.866621994569625
fixed_w11_t7_raw,cool_nights,40718,31.0,26.470588235294116,-4.529411764705884,-1.7526019726723794
fixed_w11_t7_raw,cool_nights,40719,33.11764705882353,19.11764705882353,-14.0,-4.110321656723789
fixed_w11_t7_raw,cool_nights,40723,32.88235294117647,35.05882352941177,2.176470588235297,0.25067401237260256
fixed_w11_t7_raw,cool_nights,40724,30.58823529411765,8.764705882352942,-21.823529411764707,-6.468712235878427
fixed_w11_t7_raw,cool_nights,40726,31.88235294117647,23.58823529411765,-8.294117647058822,-2.591266534929729
fixed_w11_t7_raw,cool_nights,40727,32.88235294117647,17.823529411764707,-15.058823529411764,-4.607631943444238
fixed_w11_t7_raw,cool_nights,40728,32.88235294117647,24.176470588235293,-8.705882352941178,-2.717522684785618
fixed_w11_t7_raw,cool_nights,40729,33.76470588235294,16.529411764705884,-17.235294117647058,-5.019296447406758
fixed_w11_t7_raw,cool_nights,40730,32.88235294117647,17.764705882352942,-15.117647058823529,-4.4762352434238615
fixed_w11_t7_raw,cool_nights,40731,33.05882352941177,22.176470588235293,-10.882352941176475,-3.049416086671541
fixed_w11_t7_raw,cool_nights,40732,33.23529411764706,16.764705882352942,-16.470588235294116,-4.596601112998635
fixed_w11_t7_raw,cool_nights,40734,32.88235294117647,15.176470588235293,-17.705882352941178,-4.923217401092882
fixed_w11_t7_raw,cool_nights,40736,33.294117647058826,18.647058823529413,-14.647058823529413,-4.210217598882702
fixed_w11_t7_raw,cool_nights,40737,33.64705882352941,32.94117647058823,-0.7058823529411811,-0.3110058871466297
fixed_w11_t7_raw,cool_nights,40738,33.23529411764706,53.529411764705884,20.294117647058826,5.485163503657242
fixed_w11_t7_raw,cool_nights,40739,33.76470588235294,34.0,0.235294117647058,0.004909683384410002
fixed_w11_t7_raw,cool_nights,40740,33.411764705882355,82.11764705882354,48.70588235294118,13.36618584421287
fixed_w11_t7_raw,cool_nights,40741,33.94117647058823,27.235294117647058,-6.705882352941174,-2.001570276803701
fixed_w11_t7_raw,cool_nights,40743,34.76470588235294,22.352941176470587,-12.411764705882355,-3.5098435582018714
fixed_w11_t7_raw,cool_nights,40745,34.411764705882355,23.41176470588235,-11.000000000000004,-3.155461762696808
fixed_w11_t7_raw,cool_nights,40746,33.88235294117647,37.0,3.117647058823529,0.705548774330298
fixed_w11_t7_raw,cool_nights,40747,31.58823529411765,19.941176470588236,-11.647058823529413,-3.69020162709125
fixed_w11_t7_raw,cool_nights,40748,32.588235294117645,20.529411764705884,-12.058823529411761,-3.837923982385237
fixed_w11_t7_raw,cool_nights,40749,32.23529411764706,27.88235294117647,-4.352941176470587,-1.4602841314752064
fixed_w11_t7_raw,cool_nights,40751,32.588235294117645,22.11764705882353,-10.470588235294116,-2.918834346230587
fixed_w11_t7_raw,cool_nights,40752,33.1764705882353,23.764705882352942,-9.411764705882355,-2.6938358873068546
fixed_w11_t7_raw,cool_nights,40754,33.588235294117645,26.41176470588235,-7.1764705882352935,-2.0802856375472807
fixed_w11_t7_raw,cool_nights,40755,33.23529411764706,31.176470588235293,-2.0588235294117645,-0.5605173846383185
fixed_w11_t7_raw,cool_nights,40757,33.64705882352941,26.764705882352942,-6.882352941176471,-1.9446245236658672
fixed_w11_t7_raw,cool_nights,40758,32.705882352941174,9.0,-23.705882352941174,-6.672752103350215
fixed_w11_t7_raw,cool_nights,40762,35.411764705882355,26.352941176470587,-9.058823529411768,-2.548994947175399
fixed_w11_t7_raw,cool_nights,40763,34.470588235294116,28.58823529411765,-5.8823529411764675,-1.6626169572029932
fixed_w11_t7_raw,cool_nights,40764,31.941176470588236,16.647058823529413,-15.294117647058822,-4.712985640815255
fixed_w11_t7_raw,cool_nights,40765,32.11764705882353,13.470588235294118,-18.647058823529413,-5.339558592577104
fixed_w11_t7_raw,cool_nights,40766,33.470588235294116,18.352941176470587,-15.117647058823529,-4.459249578310148
fixed_w11_t7_raw,cool_nights,40768,32.35294117647059,26.0,-6.352941176470587,-2.0902712729798747
fixed_w11_t7_raw,cool_nights,40769,29.529411764705884,21.176470588235293,-8.35294117647059,-2.7522304097908554
fixed_w11_t7_raw,cool_nights,40770,31.529411764705884,18.823529411764707,-12.705882352941178,-3.5670509744411385
fixed_w11_t7_raw,cool_nights,40771,30.705882352941178,18.352941176470587,-12.35294117647059,-3.7934881835022303
fixed_w11_t7_raw,cool_nights,40772,32.94117647058823,14.294117647058824,-18.647058823529406,-5.602955309201871
fixed_w11_t7_raw,cool_nights,40774,32.0,12.705882352941176,-19.294117647058826,-5.803420613330168
fixed_w11_t7_raw,cool_nights,40778,33.88235294117647,26.058823529411764,-7.8235294117647065,-2.3509777605175843
fixed_w11_t7_raw,cool_nights,40779,32.705882352941174,19.823529411764707,-12.882352941176467,-4.045523293972594
fixed_w11_t7_raw,cool_nights,40780,33.1764705882353,54.23529411764706,21.05882352941176,5.737286254327099
fixed_w11_t7_raw,cool_nights,40782,31.58823529411765,21.176470588235293,-10.411764705882355,-3.188184641826239
fixed_w11_t7_raw,cool_nights,40783,32.470588235294116,17.58823529411765,-14.882352941176467,-4.373792112311141
fixed_w11_t7_raw,cool_nights,40785,32.94117647058823,18.058823529411764,-14.882352941176467,-4.122331205943971
fixed_w11_t7_raw,cool_nights,40789,33.76470588235294,15.470588235294118,-18.294117647058826,-5.100745535506839
fixed_w11_t7_raw,cool_nights,40791,32.64705882352941,22.176470588235293,-10.47058823529412,-3.033345502212896
fixed_w11_t7_raw,cool_nights,40792,34.23529411764706,16.470588235294116,-17.764705882352942,-4.907573333263739
fixed_w11_t7_raw,cool_nights,40793,33.0,21.11764705882353,-11.882352941176471,-3.4536882944583542
fixed_w11_t7_raw,cool_nights,40794,33.294117647058826,17.294117647058822,-16.000000000000004,-4.537353062890809
fixed_w11_t7_raw,cool_nights,40796,32.411764705882355,20.941176470588236,-11.47058823529412,-3.291129130873304
fixed_w11_t7_raw,cool_nights,40797,32.05882352941177,29.529411764705884,-2.529411764705884,-1.0556191355148616
fixed_w11_t7_raw,cool_nights,40798,33.35294117647059,64.70588235294117,31.352941176470587,8.523458867678707
fixed_w11_t7_raw,cool_nights,40802,31.529411764705884,57.8235294117647,26.29411764705882,7.052992589705013
fixed_w11_t7_raw,cool_nights,40809,34.529411764705884,31.11764705882353,-3.411764705882355,-0.9732979343694002
fixed_w11_t7_raw,cool_nights,40810,33.529411764705884,13.294117647058824,-20.235294117647058,-5.7143800168577386
fixed_w11_t7_raw,cool_nights,40811,33.470588235294116,25.705882352941178,-7.7647058823529385,-2.1640992692194034
fixed_w11_t7_raw,cool_nights,40812,31.58823529411765,20.823529411764707,-10.764705882352942,-3.255497943847727
fixed_w11_t7_raw,cool_nights,40813,33.411764705882355,16.352941176470587,-17.058823529411768,-4.826484056722997
fixed_w11_t7_raw,cool_nights,40818,33.470588235294116,21.58823529411765,-11.882352941176467,-3.3113451971785066
fixed_w11_t7_raw,cool_nights,40821,33.94117647058823,15.647058823529411,-18.29411764705882,-5.088399623654723
fixed_w11_t7_raw,cool_nights,40827,33.588235294117645,30.058823529411764,-3.5294117647058805,-1.0897546904915973
fixed_w11_t7_raw,cool_nights,40829,32.294117647058826,30.705882352941178,-1.5882352941176485,-0.46675761806319116
fixed_w11_t7_raw,cool_nights,40831,32.94117647058823,15.058823529411764,-17.882352941176467,-4.9025999105036
fixed_w11_t7_raw,cool_nights,40832,32.411764705882355,16.235294117647058,-16.176470588235297,-4.69213610978021
fixed_w11_t7_raw,cool_nights,40839,31.705882352941178,20.294117647058822,-11.411764705882355,-3.1793187337121402
fixed_w11_t7_raw,cool_nights,40841,32.88235294117647,19.176470588235293,-13.705882352941178,-3.8123497809169464
fixed_w11_t7_raw,cool_nights,40844,31.058823529411764,69.3529411764706,38.294117647058826,10.23481945870798
fixed_w11_t7_raw,cool_nights,40847,32.8235294117647,18.058823529411764,-14.764705882352938,-4.1476298328038235
fixed_w11_t7_raw,cool_nights,40848,33.705882352941174,58.76470588235294,25.058823529411768,6.824748581712392
fixed_w11_t7_raw,cool_nights,40849,32.64705882352941,31.941176470588236,-0.7058823529411775,-0.12980657602279244
fixed_w11_t7_raw,cool_nights,40851,32.35294117647059,29.88235294117647,-2.470588235294116,-0.7188207038624075
fixed_w11_t7_raw,cool_nights,40853,31.823529411764707,14.176470588235293,-17.647058823529413,-4.853869130631013
fixed_w11_t7_raw,cool_nights,40854,33.35294117647059,19.823529411764707,-13.52941176470588,-3.735785459381429
fixed_w11_t7_raw,cool_nights,40856,34.76470588235294,26.529411764705884,-8.235294117647058,-2.308646678338661
fixed_w11_t7_raw,cool_nights,40857,31.058823529411764,14.176470588235293,-16.88235294117647,-4.824454087574308
fixed_w11_t7_raw,cool_nights,40858,29.41176470588235,14.470588235294118,-14.941176470588234,-4.196038532804953
fixed_w11_t7_raw,cool_nights,40859,30.529411764705884,12.764705882352942,-17.764705882352942,-4.892215588689821
fixed_w11_t7_raw,cool_nights,40870,33.588235294117645,18.705882352941178,-14.882352941176467,-4.11438324382302
fixed_w11_t7_raw,cool_nights,40873,32.8235294117647,18.58823529411765,-14.235294117647054,-3.993407961204632
fixed_w11_t7_raw,cool_nights,40875,31.941176470588236,30.0,-1.9411764705882355,-0.5539479658976312
fixed_w11_t7_raw,cool_nights,40876,33.470588235294116,24.941176470588236,-8.52941176470588,-2.3533366006444902
fixed_w11_t7_raw,cool_nights,40877,31.764705882352942,28.0,-3.764705882352942,-1.0468216453212174
fixed_w11_t7_raw,cool_nights,40878,33.76470588235294,22.941176470588236,-10.823529411764707,-2.985907336138088
fixed_w11_t7_raw,cool_nights,40879,32.94117647058823,29.529411764705884,-3.411764705882348,-0.955087330517296
fixed_w11_t7_raw,cool_nights,40882,29.941176470588236,7.529411764705882,-22.411764705882355,-6.163011458588129
fixed_w11_t7_raw,cool_nights,40883,31.823529411764707,16.529411764705884,-15.294117647058822,-4.231928397150543
fixed_w11_t7_raw,cool_nights,40889,30.0,19.58823529411765,-10.411764705882351,-3.3547204119084846
fixed_w11_t7_raw,cool_nights,40890,31.823529411764707,28.705882352941178,-3.117647058823529,-0.9307305167630897
fixed_w11_t7_raw,cool_nights,40893,32.529411764705884,17.941176470588236,-14.588235294117649,-4.154899160385527
fixed_w11_t7_raw,cool_nights,40898,30.176470588235293,10.352941176470589,-19.823529411764703,-5.445339096719948
fixed_w11_t7_raw,cool_nights,99407,33.64705882352941,24.470588235294116,-9.176470588235297,-2.7017881078052994
fixed_w11_t7_raw,cool_nights,99459,32.76470588235294,17.294117647058822,-15.47058823529412,-4.343542372638452
fixed_w11_t7_raw,warm_days,40700,34.11764705882353,52.35294117647059,18.235294117647058,4.838019826332671
fixed_w11_t7_raw,warm_days,40701,32.88235294117647,68.17647058823529,35.29411764705882,9.654204741253741
fixed_w11_t7_raw,warm_days,40702,33.8235294117647,64.17647058823529,30.352941176470587,8.269916522951997
fixed_w11_t7_raw,warm_days,40703,33.8235294117647,74.82352941176471,41.00000000000001,11.177455179105555
fixed_w11_t7_raw,warm_days,40704,33.588235294117645,65.29411764705883,31.70588235294118,8.558177158061495
fixed_w11_t7_raw,warm_days,40706,33.76470588235294,61.470588235294116,27.705882352941174,7.545784129375848
fixed_w11_t7_raw,warm_days,40708,33.76470588235294,58.529411764705884,24.764705882352942,6.572038998954
fixed_w11_t7_raw,warm_days,40709,33.529411764705884,64.94117647058823,31.411764705882348,8.589103302982426
fixed_w11_t7_raw,warm_days,40710,32.8235294117647,59.94117647058823,27.11764705882353,7.369695038732706
fixed_w11_t7_raw,warm_days,40712,33.411764705882355,79.58823529411765,46.1764705882353,12.62682190138403
fixed_w11_t7_raw,warm_days,40713,32.64705882352941,99.05882352941177,66.41176470588235,18.22178389115033
fixed_w11_t7_raw,warm_days,40716,32.88235294117647,68.82352941176471,35.94117647058824,9.786599711710608
fixed_w11_t7_raw,warm_days,40717,33.1764705882353,74.6470588235294,41.47058823529411,11.296154910319636
fixed_w11_t7_raw,warm_days,40718,31.764705882352942,115.0,83.23529411764706,22.482979620820128
fixed_w11_t7_raw,warm_days,40719,33.35294117647059,46.8235294117647,13.470588235294116,3.5140757262864586
fixed_w11_t7_raw,warm_days,40723,33.05882352941177,57.23529411764706,24.17647058823529,6.3782448864449215
fixed_w11_t7_raw,warm_days,40724,31.235294117647058,76.05882352941177,44.82352941176471,12.189777007789992
fixed_w11_t7_raw,warm_days,40726,33.35294117647059,74.6470588235294,41.29411764705882,11.319452268575416
fixed_w11_t7_raw,warm_days,40727,32.35294117647059,68.29411764705883,35.94117647058824,9.761588008626683
fixed_w11_t7_raw,warm_days,40728,32.705882352941174,68.41176470588235,35.705882352941174,9.887304654083406
fixed_w11_t7_raw,warm_days,40729,32.588235294117645,93.70588235294117,61.11764705882353,16.87465814444394
fixed_w11_t7_raw,warm_days,40730,33.294117647058826,68.88235294117646,35.58823529411764,9.786870182193198
fixed_w11_t7_raw,warm_days,40731,32.64705882352941,65.58823529411765,32.94117647058824,8.978608511795153
fixed_w11_t7_raw,warm_days,40732,33.05882352941177,82.29411764705883,49.23529411764706,13.406968091999191
fixed_w11_t7_raw,warm_days,40734,33.470588235294116,76.23529411764706,42.76470588235294,11.686781813114223
fixed_w11_t7_raw,warm_days,40736,32.588235294117645,59.1764705882353,26.588235294117652,7.180312141619785
fixed_w11_t7_raw,warm_days,40737,34.470588235294116,67.47058823529412,33.0,8.977834687506105
fixed_w11_t7_raw,warm_days,40738,34.94117647058823,71.41176470588235,36.470588235294116,9.970373890223449
fixed_w11_t7_raw,warm_days,40739,32.529411764705884,48.470588235294116,15.941176470588232,4.343490704745568
fixed_w11_t7_raw,warm_days,40740,34.588235294117645,52.294117647058826,17.70588235294118,4.79204848788029
fixed_w11_t7_raw,warm_days,40741,34.94117647058823,68.58823529411765,33.64705882352942,9.170732196827544
fixed_w11_t7_raw,warm_days,40743,33.411764705882355,55.0,21.588235294117645,5.871635117246651
fixed_w11_t7_raw,warm_days,40745,34.76470588235294,62.05882352941177,27.294117647058826,7.37717649398013
fixed_w11_t7_raw,warm_days,40746,34.11764705882353,61.0,26.88235294117647,7.329788312255275
fixed_w11_t7_raw,warm_days,40747,32.411764705882355,80.6470588235294,48.23529411764705,13.150088902945361
fixed_w11_t7_raw,warm_days,40748,31.529411764705884,80.17647058823529,48.647058823529406,13.267167936215277
fixed_w11_t7_raw,warm_days,40749,32.0,83.05882352941177,51.05882352941177,13.944419638329883
fixed_w11_t7_raw,warm_days,40751,31.88235294117647,84.11764705882354,52.235294117647065,14.414789571786146
fixed_w11_t7_raw,warm_days,40752,31.529411764705884,66.17647058823529,34.647058823529406,9.558287248988776
fixed_w11_t7_raw,warm_days,40754,31.294117647058822,44.8235294117647,13.52941176470588,3.6275443872627307
fixed_w11_t7_raw,warm_days,40755,31.11764705882353,60.470588235294116,29.352941176470587,8.18873227734201
fixed_w11_t7_raw,warm_days,40757,32.470588235294116,61.588235294117645,29.11764705882353,8.037389301323795
fixed_w11_t7_raw,warm_days,40758,32.294117647058826,42.294117647058826,10.0,2.6880012371673594
fixed_w11_t7_raw,warm_days,40762,33.470588235294116,71.76470588235294,38.294117647058826,10.430658066623506
fixed_w11_t7_raw,warm_days,40763,32.94117647058823,60.76470588235294,27.82352941176471,7.6491113609869466
fixed_w11_t7_raw,warm_days,40764,32.23529411764706,76.0,43.76470588235294,12.004593136960683
fixed_w11_t7_raw,warm_days,40765,32.470588235294116,68.88235294117646,36.41176470588235,10.109940170812632
fixed_w11_t7_raw,warm_days,40766,33.23529411764706,47.88235294117647,14.647058823529413,4.084951692404104
fixed_w11_t7_raw,warm_days,40768,32.0,70.76470588235294,38.76470588235294,10.713350326368898
fixed_w11_t7_raw,warm_days,40769,30.764705882352942,69.88235294117646,39.11764705882352,10.774377498386267
fixed_w11_t7_raw,warm_days,40770,30.529411764705884,76.6470588235294,46.11764705882352,12.693053364632702
fixed_w11_t7_raw,warm_days,40771,31.294117647058822,76.6470588235294,45.35294117647058,12.487969261240696
fixed_w11_t7_raw,warm_days,40772,31.823529411764707,82.05882352941177,50.23529411764706,13.847026996967484
fixed_w11_t7_raw,warm_days,40774,29.941176470588236,74.88235294117646,44.94117647058823,12.165462961569556
fixed_w11_t7_raw,warm_days,40778,33.05882352941177,62.705882352941174,29.647058823529406,8.081374713414506
fixed_w11_t7_raw,warm_days,40779,32.529411764705884,60.588235294117645,28.05882352941176,7.6462218842703695
fixed_w11_t7_raw,warm_days,40780,32.0,108.29411764705883,76.29411764705883,20.965765961677416
fixed_w11_t7_raw,warm_days,40782,31.529411764705884,79.17647058823529,47.647058823529406,13.009760478009285
fixed_w11_t7_raw,warm_days,40783,30.705882352941178,66.58823529411765,35.88235294117648,9.840602850241002
fixed_w11_t7_raw,warm_days,40785,30.823529411764707,69.0,38.17647058823529,10.465957721572611
fixed_w11_t7_raw,warm_days,40789,33.0,66.05882352941177,33.05882352941177,9.03309054658292
fixed_w11_t7_raw,warm_days,40791,33.76470588235294,74.52941176470588,40.76470588235294,11.175745326864543
fixed_w11_t7_raw,warm_days,40792,34.11764705882353,47.588235294117645,13.470588235294116,3.6517709507473928
fixed_w11_t7_raw,warm_days,40793,34.76470588235294,73.3529411764706,38.58823529411765,10.582098901690147
fixed_w11_t7_raw,warm_days,40794,31.58823529411765,73.70588235294117,42.11764705882352,11.546986206950027
fixed_w11_t7_raw,warm_days,40796,31.705882352941178,101.3529411764706,69.64705882352942,19.18931337079261
fixed_w11_t7_raw,warm_days,40797,31.941176470588236,93.0,61.05882352941177,16.777296463938892
fixed_w11_t7_raw,warm_days,40798,30.176470588235293,80.82352941176471,50.64705882352942,13.920500667595489
fixed_w11_t7_raw,warm_days,40802,30.529411764705884,59.0,28.470588235294116,7.8083465052860745
fixed_w11_t7_raw,warm_days,40809,33.35294117647059,61.529411764705884,28.176470588235297,7.7040643821118024
fixed_w11_t7_raw,warm_days,40810,31.0,79.05882352941177,48.05882352941177,13.176594357012723
fixed_w11_t7_raw,warm_days,40811,31.470588235294116,75.52941176470588,44.05882352941177,12.104111740335345
fixed_w11_t7_raw,warm_days,40812,30.58823529411765,74.0,43.41176470588235,11.83728107888334
fixed_w11_t7_raw,warm_days,40813,32.411764705882355,79.17647058823529,46.764705882352935,12.843955638732885
fixed_w11_t7_raw,warm_days,40818,31.294117647058822,65.76470588235294,34.470588235294116,9.430895107224247
fixed_w11_t7_raw,warm_days,40821,32.23529411764706,62.294117647058826,30.058823529411768,8.252949315233439
fixed_w11_t7_raw,warm_days,40827,32.88235294117647,65.23529411764706,32.35294117647059,8.904950145097736
fixed_w11_t7_raw,warm_days,40829,33.1764705882353,78.70588235294117,45.52941176470588,12.463294160520485
fixed_w11_t7_raw,warm_days,40831,31.88235294117647,72.6470588235294,40.764705882352935,11.207987575913995
fixed_w11_t7_raw,warm_days,40832,31.647058823529413,65.58823529411765,33.94117647058824,9.277944553044406
fixed_w11_t7_raw,warm_days,40839,31.41176470588235,60.1764705882353,28.764705882352946,8.206462868358425
fixed_w11_t7_raw,warm_days,40841,30.764705882352942,65.41176470588235,34.647058823529406,9.497766934236282
fixed_w11_t7_raw,warm_days,40844,31.41176470588235,80.3529411764706,48.941176470588246,13.509456571433127
fixed_w11_t7_raw,warm_days,40847,29.058823529411764,97.23529411764706,68.17647058823529,18.703267645514202
fixed_w11_t7_raw,warm_days,40848,30.235294117647058,79.70588235294117,49.470588235294116,13.552421012961382
fixed_w11_t7_raw,warm_days,40849,30.0,73.82352941176471,43.82352941176471,12.271547740098056
fixed_w11_t7_raw,warm_days,40851,30.529411764705884,69.3529411764706,38.82352941176471,10.663100752365496
fixed_w11_t7_raw,warm_days,40853,31.88235294117647,76.23529411764706,44.35294117647059,12.24351527251893
fixed_w11_t7_raw,warm_days,40854,32.0,70.11764705882354,38.117647058823536,10.444454145918083
fixed_w11_t7_raw,warm_days,40856,33.588235294117645,53.35294117647059,19.764705882352942,5.37657925091929
fixed_w11_t7_raw,warm_days,40857,32.705882352941174,114.52941176470588,81.82352941176471,22.705082519286712
fixed_w11_t7_raw,warm_days,40858,31.41176470588235,35.76470588235294,4.3529411764705905,1.121167809710009
fixed_w11_t7_raw,warm_days,40859,29.764705882352942,60.88235294117647,31.11764705882353,8.533643417572437
fixed_w11_t7_raw,warm_days,40870,32.64705882352941,64.0,31.352941176470587,8.552101079471674
fixed_w11_t7_raw,warm_days,40873,31.058823529411764,67.76470588235294,36.705882352941174,10.057263000910304
fixed_w11_t7_raw,warm_days,40875,33.705882352941174,56.64705882352941,22.94117647058824,6.278675569918072
fixed_w11_t7_raw,warm_days,40876,33.470588235294116,70.23529411764706,36.76470588235294,10.117804860954655
fixed_w11_t7_raw,warm_days,40877,30.41176470588235,53.35294117647059,22.941176470588236,6.314540907272262
fixed_w11_t7_raw,warm_days,40878,32.705882352941174,62.23529411764706,29.529411764705884,8.073843258025933
fixed_w11_t7_raw,warm_days,40879,31.764705882352942,59.705882352941174,27.941176470588232,7.65528972131027
fixed_w11_t7_raw,warm_days,40882,33.0,56.0,23.0,6.298996697342437
fixed_w11_t7_raw,warm_days,40883,32.470588235294116,60.294117647058826,27.82352941176471,7.641532094153536
fixed_w11_t7_raw,warm_days,40889,31.529411764705884,68.76470588235294,37.23529411764706,10.119222220424376
fixed_w11_t7_raw,warm_days,40890,31.0,104.82352941176471,73.82352941176471,20.277176823879557
fixed_w11_t7_raw,warm_days,40893,31.88235294117647,39.0,7.117647058823529,1.9591334074793583
fixed_w11_t7_raw,warm_days,40898,33.588235294117645,58.88235294117647,25.294117647058826,6.984400941519329
fixed_w11_t7_raw,warm_days,99407,33.76470588235294,54.64705882352941,20.88235294117647,5.780121017352592
fixed_w11_t7_raw,warm_days,99459,30.0,88.11764705882354,58.117647058823536,16.0379393802921
fixed_w11_t7_raw,warm_nights,40700,30.529411764705884,59.88235294117647,29.352941176470587,7.586445283823643
fixed_w11_t7_raw,warm_nights,40701,32.05882352941177,67.05882352941177,35.0,9.218748099953999
fixed_w11_t7_raw,warm_nights,40702,31.705882352941178,75.58823529411765,43.88235294117648,11.65509928242874
fixed_w11_t7_raw,warm_nights,40703,32.76470588235294,81.47058823529412,48.705882352941174,13.004292150693157
fixed_w11_t7_raw,warm_nights,40704,32.76470588235294,59.411764705882355,26.647058823529413,6.927330718649554
fixed_w11_t7_raw,warm_nights,40706,32.0,51.88235294117647,19.88235294117647,5.245411743425114
fixed_w11_t7_raw,warm_nights,40708,33.11764705882353,69.94117647058823,36.8235294117647,9.690596020087536
fixed_w11_t7_raw,warm_nights,40709,32.411764705882355,71.94117647058823,39.52941176470588,10.836929405816042
fixed_w11_t7_raw,warm_nights,40710,34.1764705882353,59.8235294117647,25.647058823529406,6.830088160544921
fixed_w11_t7_raw,warm_nights,40712,31.88235294117647,45.705882352941174,13.823529411764703,3.620190151589476
fixed_w11_t7_raw,warm_nights,40713,32.411764705882355,69.88235294117646,37.47058823529411,10.01030037920361
fixed_w11_t7_raw,warm_nights,40716,31.529411764705884,69.6470588235294,38.11764705882352,10.06594268080561
fixed_w11_t7_raw,warm_nights,40717,34.05882352941177,66.88235294117646,32.823529411764696,8.689814553635172
fixed_w11_t7_raw,warm_nights,40718,30.176470588235293,63.529411764705884,33.352941176470594,8.763857535354049
fixed_w11_t7_raw,warm_nights,40719,31.647058823529413,82.29411764705883,50.64705882352941,13.690428679579105
fixed_w11_t7_raw,warm_nights,40723,33.11764705882353,56.588235294117645,23.470588235294116,6.098533815827885
fixed_w11_t7_raw,warm_nights,40724,31.235294117647058,84.94117647058823,53.705882352941174,14.370753425303295
fixed_w11_t7_raw,warm_nights,40726,33.294117647058826,62.23529411764706,28.941176470588232,7.666852767563075
fixed_w11_t7_raw,warm_nights,40727,32.411764705882355,63.0,30.588235294117645,7.95126225498807
fixed_w11_t7_raw,warm_nights,40728,32.8235294117647,55.94117647058823,23.11764705882353,6.194803261317091
fixed_w11_t7_raw,warm_nights,40729,33.64705882352941,68.05882352941177,34.411764705882355,9.275480914314112
fixed_w11_t7_raw,warm_nights,40730,32.588235294117645,71.76470588235294,39.1764705882353,10.5528719555323
fixed_w11_t7_raw,warm_nights,40731,33.411764705882355,57.0,23.588235294117645,6.366090709069802
fixed_w11_t7_raw,warm_nights,40732,32.470588235294116,83.17647058823529,50.705882352941174,13.837163993539733
fixed_w11_t7_raw,warm_nights,40734,32.411764705882355,83.23529411764706,50.8235294117647,13.883410424194967
fixed_w11_t7_raw,warm_nights,40736,31.470588235294116,72.88235294117646,41.41176470588235,11.254016374764472
fixed_w11_t7_raw,warm_nights,40737,32.1764705882353,58.94117647058823,26.764705882352935,7.256225514938505
fixed_w11_t7_raw,warm_nights,40738,32.1764705882353,41.529411764705884,9.352941176470587,2.4978235517347667
fixed_w11_t7_raw,warm_nights,40739,33.64705882352941,44.11764705882353,10.470588235294116,2.8210276768596305
fixed_w11_t7_raw,warm_nights,40740,33.588235294117645,27.41176470588235,-6.1764705882352935,-1.7692551177076652
fixed_w11_t7_raw,warm_nights,40741,33.94117647058823,58.588235294117645,24.647058823529413,6.642736329605544
fixed_w11_t7_raw,warm_nights,40743,33.588235294117645,57.529411764705884,23.94117647058824,6.442082879978651
fixed_w11_t7_raw,warm_nights,40745,33.705882352941174,71.11764705882354,37.41176470588236,10.205383853782626
fixed_w11_t7_raw,warm_nights,40746,34.411764705882355,47.76470588235294,13.352941176470587,3.580260148301271
fixed_w11_t7_raw,warm_nights,40747,32.8235294117647,52.05882352941177,19.235294117647065,4.782958865302021
fixed_w11_t7_raw,warm_nights,40748,32.529411764705884,69.05882352941177,36.529411764705884,9.581337814104707
fixed_w11_t7_raw,warm_nights,40749,33.470588235294116,57.11764705882353,23.647058823529413,6.25380874028807
fixed_w11_t7_raw,warm_nights,40751,31.823529411764707,50.23529411764706,18.41176470588235,5.079336084997324
fixed_w11_t7_raw,warm_nights,40752,34.1764705882353,56.35294117647059,22.17647058823529,6.110024709221186
fixed_w11_t7_raw,warm_nights,40754,32.529411764705884,37.588235294117645,5.058823529411761,1.3230677884204916
fixed_w11_t7_raw,warm_nights,40755,31.764705882352942,46.294117647058826,14.529411764705884,4.025708421511098
fixed_w11_t7_raw,warm_nights,40757,31.764705882352942,48.1764705882353,16.411764705882355,4.448145370895853
fixed_w11_t7_raw,warm_nights,40758,32.88235294117647,117.52941176470588,84.64705882352942,23.190113972153036
fixed_w11_t7_raw,warm_nights,40762,34.0,57.35294117647059,23.352941176470587,6.360877482011727
fixed_w11_t7_raw,warm_nights,40763,34.64705882352941,55.88235294117647,21.235294117647058,5.788204180230089
fixed_w11_t7_raw,warm_nights,40764,32.94117647058823,54.35294117647059,21.411764705882355,5.470957152832275
fixed_w11_t7_raw,warm_nights,40765,33.35294117647059,66.52941176470588,33.1764705882353,9.140059331693575
fixed_w11_t7_raw,warm_nights,40766,33.588235294117645,56.23529411764706,22.647058823529413,6.081623475604735
fixed_w11_t7_raw,warm_nights,40768,32.294117647058826,49.529411764705884,17.235294117647058,4.631710956472016
fixed_w11_t7_raw,warm_nights,40769,31.88235294117647,52.94117647058823,21.05882352941176,5.416724427994815
fixed_w11_t7_raw,warm_nights,40770,32.35294117647059,64.88235294117646,32.52941176470588,8.93147544666165
fixed_w11_t7_raw,warm_nights,40771,33.35294117647059,52.0,18.647058823529413,4.806097646427622
fixed_w11_t7_raw,warm_nights,40772,33.588235294117645,77.23529411764706,43.64705882352941,11.784100634013596
fixed_w11_t7_raw,warm_nights,40774,33.05882352941177,81.3529411764706,48.294117647058826,12.8023538137527
fixed_w11_t7_raw,warm_nights,40778,34.11764705882353,61.23529411764706,27.11764705882353,7.357699274302567
fixed_w11_t7_raw,warm_nights,40779,33.35294117647059,58.64705882352941,25.294117647058826,6.525023781443121
fixed_w11_t7_raw,warm_nights,40780,33.588235294117645,24.823529411764707,-8.764705882352938,-2.4802166739063116
fixed_w11_t7_raw,warm_nights,40782,33.588235294117645,57.11764705882353,23.529411764705884,6.1593098133915145
fixed_w11_t7_raw,warm_nights,40783,33.529411764705884,62.35294117647059,28.823529411764703,7.687843935558375
fixed_w11_t7_raw,warm_nights,40785,31.352941176470587,68.0,36.64705882352941,10.021083040774876
fixed_w11_t7_raw,warm_nights,40789,33.88235294117647,76.17647058823529,42.29411764705882,11.545187930326735
fixed_w11_t7_raw,warm_nights,40791,32.705882352941174,67.41176470588235,34.705882352941174,9.432596045211024
fixed_w11_t7_raw,warm_nights,40792,33.705882352941174,79.6470588235294,45.94117647058823,12.573815160026921
fixed_w11_t7_raw,warm_nights,40793,34.470588235294116,65.41176470588235,30.941176470588232,8.42605572007956
fixed_w11_t7_raw,warm_nights,40794,34.529411764705884,64.17647058823529,29.647058823529406,8.053577352850924
fixed_w11_t7_raw,warm_nights,40796,32.529411764705884,64.76470588235294,32.23529411764706,8.760655073808751
fixed_w11_t7_raw,warm_nights,40797,31.764705882352942,51.23529411764706,19.470588235294116,5.122571512347454
fixed_w11_t7_raw,warm_nights,40798,33.76470588235294,31.823529411764707,-1.9411764705882355,-0.6759548164502132
fixed_w11_t7_raw,warm_nights,40802,33.588235294117645,43.35294117647059,9.764705882352942,2.55180892447466
fixed_w11_t7_raw,warm_nights,40809,35.11764705882353,47.411764705882355,12.294117647058826,3.3467848621669187
fixed_w11_t7_raw,warm_nights,40810,34.23529411764706,90.52941176470588,56.294117647058826,15.343986755297692
fixed_w11_t7_raw,warm_nights,40811,33.05882352941177,74.58823529411765,41.529411764705884,11.38088724297948
fixed_w11_t7_raw,warm_nights,40812,32.23529411764706,63.88235294117647,31.647058823529413,8.436342398861346
fixed_w11_t7_raw,warm_nights,40813,31.705882352941178,79.76470588235294,48.05882352941177,13.106924574340143
fixed_w11_t7_raw,warm_nights,40818,32.76470588235294,72.82352941176471,40.05882352941177,10.95161013128642
fixed_w11_t7_raw,warm_nights,40821,33.88235294117647,79.17647058823529,45.29411764705882,12.421330347862327
fixed_w11_t7_raw,warm_nights,40827,33.64705882352941,46.411764705882355,12.764705882352942,3.43932980037866
fixed_w11_t7_raw,warm_nights,40829,32.64705882352941,68.3529411764706,35.70588235294118,9.763915864002232
fixed_w11_t7_raw,warm_nights,40831,35.23529411764706,92.41176470588235,57.17647058823529,15.69684903232925
fixed_w11_t7_raw,warm_nights,40832,32.470588235294116,77.29411764705883,44.82352941176471,12.12647637874902
fixed_w11_t7_raw,warm_nights,40839,33.705882352941174,58.705882352941174,25.0,6.958658933277933
fixed_w11_t7_raw,warm_nights,40841,33.1764705882353,56.23529411764706,23.05882352941176,6.2872810697218675
fixed_w11_t7_raw,warm_nights,40844,29.764705882352942,24.88235294117647,-4.882352941176471,-1.622126319231418
fixed_w11_t7_raw,warm_nights,40847,34.88235294117647,81.82352941176471,46.94117647058824,12.791952745608238
fixed_w11_t7_raw,warm_nights,40848,31.88235294117647,26.705882352941178,-5.1764705882352935,-1.4632502281279844
fixed_w11_t7_raw,warm_nights,40849,32.588235294117645,43.1764705882353,10.588235294117652,2.9629107838336726
fixed_w11_t7_raw,warm_nights,40851,33.411764705882355,56.88235294117647,23.470588235294116,6.423437226580811
fixed_w11_t7_raw,warm_nights,40853,31.058823529411764,70.76470588235294,39.705882352941174,10.983398005789708
fixed_w11_t7_raw,warm_nights,40854,33.05882352941177,76.58823529411765,43.529411764705884,11.977696076945106
fixed_w11_t7_raw,warm_nights,40856,34.88235294117647,52.11764705882353,17.235294117647058,4.680972647960457
fixed_w11_t7_raw,warm_nights,40857,32.294117647058826,68.41176470588235,36.11764705882352,9.89109157307128
fixed_w11_t7_raw,warm_nights,40858,30.705882352941178,83.52941176470588,52.82352941176471,14.447353603568503
fixed_w11_t7_raw,warm_nights,40859,32.470588235294116,91.52941176470588,59.05882352941177,16.215433676769592
fixed_w11_t7_raw,warm_nights,40870,34.76470588235294,57.11764705882353,22.352941176470587,6.122594906817968
fixed_w11_t7_raw,warm_nights,40873,31.764705882352942,67.6470588235294,35.882352941176464,9.821052719053537
fixed_w11_t7_raw,warm_nights,40875,31.294117647058822,53.64705882352941,22.35294117647059,6.117479674481348
fixed_w11_t7_raw,warm_nights,40876,31.88235294117647,61.529411764705884,29.647058823529413,8.119719022949557
fixed_w11_t7_raw,warm_nights,40877,31.0,58.705882352941174,27.705882352941174,7.6123183746751195
fixed_w11_t7_raw,warm_nights,40878,33.1764705882353,48.588235294117645,15.411764705882348,4.212721325020793
fixed_w11_t7_raw,warm_nights,40879,31.41176470588235,53.23529411764706,21.823529411764707,5.974509669539801
fixed_w11_t7_raw,warm_nights,40882,30.529411764705884,63.94117647058823,33.41176470588235,9.13375015610863
fixed_w11_t7_raw,warm_nights,40883,32.529411764705884,39.470588235294116,6.941176470588232,1.8837968722359832
fixed_w11_t7_raw,warm_nights,40889,29.0,54.1764705882353,25.176470588235297,6.859614074447545
fixed_w11_t7_raw,warm_nights,40890,30.294117647058822,45.88235294117647,15.588235294117649,4.2261700516419385
fixed_w11_t7_raw,warm_nights,40893,30.470588235294116,50.35294117647059,19.88235294117647,5.392424511328082
fixed_w11_t7_raw,warm_nights,40898,32.11764705882353,89.41176470588235,57.29411764705882,15.70746373251684
fixed_w11_t7_raw,warm_nights,99407,33.705882352941174,63.705882352941174,30.0,8.213867892736905
fixed_w11_t7_raw,warm_nights,99459,33.705882352941174,66.6470588235294,32.94117647058823,8.941085144815734
fixed_w5_t7_corrected,cool_days,40700,41.474264705882355,35.1764705882353,-6.297794117647058,-1.9540038359265939
fixed_w5_t7_corrected,cool_days,40701,41.768382352941174,24.58823529411765,-17.180147058823525,-4.8462695390355375
fixed_w5_t7_corrected,cool_days,40702,42.4264705882353,27.0,-15.426470588235297,-4.30757688362761
fixed_w5_t7_corrected,cool_days,40703,41.8235294117647,24.470588235294116,-17.352941176470587,-4.860759563110753
fixed_w5_t7_corrected,cool_days,40704,41.408088235294116,27.294117647058822,-14.113970588235293,-4.063458976886035
fixed_w5_t7_corrected,cool_days,40706,41.22794117647059,28.11764705882353,-13.110294117647058,-3.658138810061746
fixed_w5_t7_corrected,cool_days,40708,41.0514705882353,27.941176470588236,-13.110294117647062,-3.79969290879787
fixed_w5_t7_corrected,cool_days,40709,41.731617647058826,28.529411764705884,-13.202205882352942,-3.7234249366088976
fixed_w5_t7_corrected,cool_days,40710,41.661764705882355,32.1764705882353,-9.485294117647058,-2.7307825325766917
fixed_w5_t7_corrected,cool_days,40712,41.845588235294116,23.705882352941178,-18.13970588235294,-5.0450765760864655
fixed_w5_t7_corrected,cool_days,40713,40.43382352941177,18.88235294117647,-21.551470588235297,-6.0134351078040735
fixed_w5_t7_corrected,cool_days,40716,42.1764705882353,20.235294117647058,-21.94117647058824,-6.1002934808495
fixed_w5_t7_corrected,cool_days,40717,41.3860294117647,23.470588235294116,-17.915441176470587,-5.044751728075549
fixed_w5_t7_corrected,cool_days,40718,40.1764705882353,26.352941176470587,-13.82352941176471,-4.206057399501637
fixed_w5_t7_corrected,cool_days,40719,41.716911764705884,30.11764705882353,-11.599264705882355,-3.384932675537712
fixed_w5_t7_corrected,cool_days,40723,41.04044117647059,27.705882352941178,-13.33455882352941,-3.9573300984993622
fixed_w5_t7_corrected,cool_days,40724,40.705882352941174,25.176470588235293,-15.52941176470588,-4.384736277332701
fixed_w5_t7_corrected,cool_days,40726,42.154411764705884,25.352941176470587,-16.801470588235297,-4.684859289794984
fixed_w5_t7_corrected,cool_days,40727,41.786764705882355,23.88235294117647,-17.904411764705884,-4.997341903736779
fixed_w5_t7_corrected,cool_days,40728,41.533088235294116,21.88235294117647,-19.650735294117645,-5.412590708273633
fixed_w5_t7_corrected,cool_days,40729,41.24264705882353,19.235294117647058,-22.00735294117647,-6.054655874057898
fixed_w5_t7_corrected,cool_days,40730,42.205882352941174,28.235294117647058,-13.970588235294116,-3.842278869642951
fixed_w5_t7_corrected,cool_days,40731,42.26470588235294,24.58823529411765,-17.676470588235293,-4.877849306664297
fixed_w5_t7_corrected,cool_days,40732,40.783088235294116,26.88235294117647,-13.900735294117645,-4.001706184504175
fixed_w5_t7_corrected,cool_days,40734,40.919117647058826,27.941176470588236,-12.97794117647059,-3.7363680771706056
fixed_w5_t7_corrected,cool_days,40736,41.47794117647059,27.941176470588236,-13.536764705882351,-3.871780638545639
fixed_w5_t7_corrected,cool_days,40737,41.3639705882353,28.58823529411765,-12.775735294117649,-3.618689218744753
fixed_w5_t7_corrected,cool_days,40738,40.275735294117645,26.294117647058822,-13.981617647058822,-3.965955819264206
fixed_w5_t7_corrected,cool_days,40739,41.67279411764706,30.647058823529413,-11.025735294117645,-3.0402395048464044
fixed_w5_t7_corrected,cool_days,40740,41.536764705882355,34.94117647058823,-6.595588235294123,-1.869250877000253
fixed_w5_t7_corrected,cool_days,40741,42.35294117647059,27.470588235294116,-14.882352941176471,-4.142030311639867
fixed_w5_t7_corrected,cool_days,40743,42.3125,29.705882352941178,-12.606617647058822,-3.5207096935842497
fixed_w5_t7_corrected,cool_days,40745,41.79779411764706,30.235294117647058,-11.5625,-3.2991430901081102
fixed_w5_t7_corrected,cool_days,40746,42.66544117647059,28.470588235294116,-14.194852941176471,-4.029381407720799
fixed_w5_t7_corrected,cool_days,40747,42.18382352941177,21.470588235294116,-20.713235294117652,-5.755094038524574
fixed_w5_t7_corrected,cool_days,40748,42.06617647058823,20.764705882352942,-21.30147058823529,-5.897856267831842
fixed_w5_t7_corrected,cool_days,40749,41.63235294117647,19.823529411764707,-21.808823529411764,-6.049300077514998
fixed_w5_t7_corrected,cool_days,40751,41.57720588235294,21.470588235294116,-20.106617647058826,-5.6036304467703895
fixed_w5_t7_corrected,cool_days,40752,42.1985294117647,23.764705882352942,-18.43382352941176,-5.055102935101159
fixed_w5_t7_corrected,cool_days,40754,41.68382352941177,31.823529411764707,-9.860294117647062,-2.7965448569512397
fixed_w5_t7_corrected,cool_days,40755,41.54779411764706,23.705882352941178,-17.84191176470588,-4.880899878050513
fixed_w5_t7_corrected,cool_days,40757,42.4485294117647,24.823529411764707,-17.624999999999996,-4.822370723659167
fixed_w5_t7_corrected,cool_days,40758,41.8235294117647,34.0,-7.823529411764703,-2.1962842846462873
fixed_w5_t7_corrected,cool_days,40762,42.29779411764706,24.647058823529413,-17.650735294117645,-4.948586704720669
fixed_w5_t7_corrected,cool_days,40763,42.75,28.0,-14.75,-4.044633210064317
fixed_w5_t7_corrected,cool_days,40764,41.341911764705884,25.058823529411764,-16.28308823529412,-4.509567652901679
fixed_w5_t7_corrected,cool_days,40765,40.98529411764706,24.470588235294116,-16.514705882352942,-4.52183869688693
fixed_w5_t7_corrected,cool_days,40766,41.599264705882355,31.294117647058822,-10.305147058823533,-2.7821141011354786
fixed_w5_t7_corrected,cool_days,40768,41.830882352941174,22.294117647058822,-19.53676470588235,-5.353770415464927
fixed_w5_t7_corrected,cool_days,40769,42.341911764705884,24.41176470588235,-17.930147058823533,-4.956518182409152
fixed_w5_t7_corrected,cool_days,40770,41.338235294117645,23.235294117647058,-18.102941176470587,-4.972057778212805
fixed_w5_t7_corrected,cool_days,40771,42.1875,23.823529411764707,-18.363970588235293,-5.063436263327016
fixed_w5_t7_corrected,cool_days,40772,41.44485294117647,20.823529411764707,-20.621323529411764,-5.678106908894101
fixed_w5_t7_corrected,cool_days,40774,41.775735294117645,23.176470588235293,-18.59926470588235,-5.24850180000857
fixed_w5_t7_corrected,cool_days,40778,42.25735294117647,26.294117647058822,-15.963235294117649,-4.531734298543853
fixed_w5_t7_corrected,cool_days,40779,41.0514705882353,27.41176470588235,-13.639705882352946,-3.7948124063620607
fixed_w5_t7_corrected,cool_days,40780,41.50367647058823,15.941176470588236,-25.562499999999996,-7.067188250824243
fixed_w5_t7_corrected,cool_days,40782,40.3860294117647,23.294117647058822,-17.09191176470588,-4.751307376562983
fixed_w5_t7_corrected,cool_days,40783,41.845588235294116,23.294117647058822,-18.551470588235293,-5.159668461027931
fixed_w5_t7_corrected,cool_days,40785,41.87132352941177,27.352941176470587,-14.518382352941181,-4.076571123389238
fixed_w5_t7_corrected,cool_days,40789,42.14705882352941,27.88235294117647,-14.264705882352942,-3.940927108673547
fixed_w5_t7_corrected,cool_days,40791,41.77205882352941,23.941176470588236,-17.830882352941178,-4.951268364868247
fixed_w5_t7_corrected,cool_days,40792,42.908088235294116,34.705882352941174,-8.202205882352942,-2.287714621268014
fixed_w5_t7_corrected,cool_days,40793,42.60294117647059,23.529411764705884,-19.073529411764703,-5.373503657853312
fixed_w5_t7_corrected,cool_days,40794,40.54779411764706,23.58823529411765,-16.95955882352941,-4.6987670133049235
fixed_w5_t7_corrected,cool_days,40796,41.31617647058823,18.352941176470587,-22.963235294117645,-6.339665265459907
fixed_w5_t7_corrected,cool_days,40797,41.85294117647059,17.941176470588236,-23.91176470588235,-6.658757054818682
fixed_w5_t7_corrected,cool_days,40798,42.779411764705884,24.11764705882353,-18.661764705882355,-5.148030271419556
fixed_w5_t7_corrected,cool_days,40802,41.9889705882353,29.0,-12.988970588235297,-3.5772125826374808
fixed_w5_t7_corrected,cool_days,40809,42.0625,27.58823529411765,-14.474264705882351,-4.019796313085589
fixed_w5_t7_corrected,cool_days,40810,41.1360294117647,18.705882352941178,-22.430147058823525,-6.202858471998306
fixed_w5_t7_corrected,cool_days,40811,41.6139705882353,23.235294117647058,-18.37867647058824,-5.02598274772988
fixed_w5_t7_corrected,cool_days,40812,40.13235294117647,23.41176470588235,-16.72058823529412,-4.660547916997547
fixed_w5_t7_corrected,cool_days,40813,40.66544117647059,21.294117647058822,-19.371323529411764,-5.306933854247365
fixed_w5_t7_corrected,cool_days,40818,42.24264705882353,35.11764705882353,-7.125,-1.9593941758629239
fixed_w5_t7_corrected,cool_days,40821,41.93014705882353,31.41176470588235,-10.518382352941178,-2.9050770881491506
fixed_w5_t7_corrected,cool_days,40827,42.33455882352941,24.11764705882353,-18.216911764705884,-5.107055793245563
fixed_w5_t7_corrected,cool_days,40829,42.3125,22.88235294117647,-19.43014705882353,-5.348160433981697
fixed_w5_t7_corrected,cool_days,40831,41.529411764705884,20.764705882352942,-20.764705882352942,-5.706433395101195
fixed_w5_t7_corrected,cool_days,40832,39.89705882352941,26.470588235294116,-13.426470588235297,-3.7459476014149606
fixed_w5_t7_corrected,cool_days,40839,42.36764705882353,30.352941176470587,-12.014705882352942,-3.2178409782005204
fixed_w5_t7_corrected,cool_days,40841,42.161764705882355,31.58823529411765,-10.573529411764707,-2.9121482981129265
fixed_w5_t7_corrected,cool_days,40844,42.0110294117647,24.294117647058822,-17.71691176470588,-4.8659151911855645
fixed_w5_t7_corrected,cool_days,40847,41.74264705882353,21.294117647058822,-20.448529411764707,-5.606854708240285
fixed_w5_t7_corrected,cool_days,40848,42.2389705882353,24.88235294117647,-17.356617647058826,-4.764790815286075
fixed_w5_t7_corrected,cool_days,40849,41.779411764705884,28.352941176470587,-13.426470588235297,-3.6275364891356485
fixed_w5_t7_corrected,cool_days,40851,41.68014705882353,33.470588235294116,-8.209558823529413,-2.25776383349646
fixed_w5_t7_corrected,cool_days,40853,41.588235294117645,29.705882352941178,-11.882352941176467,-3.2300835528321485
fixed_w5_t7_corrected,cool_days,40854,42.279411764705884,23.352941176470587,-18.926470588235297,-5.228192847429181
fixed_w5_t7_corrected,cool_days,40856,42.1985294117647,27.41176470588235,-14.786764705882351,-4.092866456104233
fixed_w5_t7_corrected,cool_days,40857,39.908088235294116,11.588235294117647,-28.31985294117647,-7.977484707970602
fixed_w5_t7_corrected,cool_days,40858,38.99264705882353,25.11764705882353,-13.875,-3.8793814592783136
fixed_w5_t7_corrected,cool_days,40859,40.481617647058826,29.058823529411764,-11.422794117647062,-3.1277311900769194
fixed_w5_t7_corrected,cool_days,40870,42.8014705882353,25.58823529411765,-17.21323529411765,-4.795776065057189
fixed_w5_t7_corrected,cool_days,40873,41.35294117647059,25.352941176470587,-16.0,-4.412034773127736
fixed_w5_t7_corrected,cool_days,40875,40.93382352941177,21.823529411764707,-19.11029411764706,-5.261295805412088
fixed_w5_t7_corrected,cool_days,40876,40.981617647058826,17.176470588235293,-23.805147058823533,-6.528559121040898
fixed_w5_t7_corrected,cool_days,40877,41.86764705882353,30.58823529411765,-11.27941176470588,-3.081743414608958
fixed_w5_t7_corrected,cool_days,40878,42.529411764705884,29.176470588235293,-13.35294117647059,-3.682115729981142
fixed_w5_t7_corrected,cool_days,40879,42.0625,26.647058823529413,-15.415441176470587,-4.234854817994869
fixed_w5_t7_corrected,cool_days,40882,39.279411764705884,18.705882352941178,-20.573529411764707,-5.652160988969484
fixed_w5_t7_corrected,cool_days,40883,41.029411764705884,12.529411764705882,-28.5,-7.824414883894282
fixed_w5_t7_corrected,cool_days,40889,40.154411764705884,15.647058823529411,-24.50735294117647,-7.107491913896285
fixed_w5_t7_corrected,cool_days,40890,39.0625,12.0,-27.0625,-7.4434563681521375
fixed_w5_t7_corrected,cool_days,40893,41.838235294117645,19.705882352941178,-22.132352941176467,-6.085691304101963
fixed_w5_t7_corrected,cool_days,40898,40.856617647058826,22.0,-18.856617647058826,-5.185410599573811
fixed_w5_t7_corrected,cool_days,99407,42.61764705882353,29.176470588235293,-13.441176470588236,-3.6344484918228996
fixed_w5_t7_corrected,cool_days,99459,41.98529411764706,20.41176470588235,-21.573529411764707,-5.900410136580867
fixed_w5_t7_corrected,cool_nights,40700,38.22794117647059,34.94117647058823,-3.286764705882355,-1.5240100411615192
fixed_w5_t7_corrected,cool_nights,40701,39.76470588235294,23.41176470588235,-16.35294117647059,-5.114741384302626
fixed_w5_t7_corrected,cool_nights,40702,40.091911764705884,24.647058823529413,-15.444852941176471,-4.911440115068687
fixed_w5_t7_corrected,cool_nights,40703,39.35294117647059,21.41176470588235,-17.941176470588236,-5.453624502094774
fixed_w5_t7_corrected,cool_nights,40704,39.75,26.352941176470587,-13.397058823529413,-4.205542378792879
fixed_w5_t7_corrected,cool_nights,40706,40.9375,37.529411764705884,-3.408088235294116,-1.2725058542301735
fixed_w5_t7_corrected,cool_nights,40708,40.268382352941174,19.058823529411764,-21.20955882352941,-6.486194332781534
fixed_w5_t7_corrected,cool_nights,40709,40.58455882352941,29.764705882352942,-10.819852941176471,-3.0996482279007047
fixed_w5_t7_corrected,cool_nights,40710,40.591911764705884,27.235294117647058,-13.356617647058826,-4.019170203113464
fixed_w5_t7_corrected,cool_nights,40712,40.24632352941177,42.23529411764706,1.98897058823529,0.27945494713188523
fixed_w5_t7_corrected,cool_nights,40713,39.5,25.58823529411765,-13.911764705882351,-4.25707614236482
fixed_w5_t7_corrected,cool_nights,40716,39.93014705882353,19.764705882352942,-20.165441176470587,-6.220434881490782
fixed_w5_t7_corrected,cool_nights,40717,39.69117647058823,20.176470588235293,-19.51470588235294,-5.849989925933555
fixed_w5_t7_corrected,cool_nights,40718,39.89705882352941,28.705882352941178,-11.191176470588236,-3.714682397530633
fixed_w5_t7_corrected,cool_nights,40719,40.529411764705884,21.11764705882353,-19.411764705882355,-5.650812895682439
fixed_w5_t7_corrected,cool_nights,40723,40.330882352941174,37.11764705882353,-3.213235294117645,-1.305572788879207
fixed_w5_t7_corrected,cool_nights,40724,38.70955882352941,10.764705882352942,-27.94485294117647,-8.281778951849196
fixed_w5_t7_corrected,cool_nights,40726,39.643382352941174,26.470588235294116,-13.172794117647058,-4.012002418629967
fixed_w5_t7_corrected,cool_nights,40727,39.1360294117647,20.58823529411765,-18.547794117647054,-5.659978446265753
fixed_w5_t7_corrected,cool_nights,40728,39.536764705882355,27.764705882352942,-11.772058823529413,-3.622725867357138
fixed_w5_t7_corrected,cool_nights,40729,40.47794117647059,18.647058823529413,-21.830882352941174,-6.335492903692191
fixed_w5_t7_corrected,cool_nights,40730,39.45955882352941,20.0,-19.459558823529413,-5.722006205127272
fixed_w5_t7_corrected,cool_nights,40731,40.966911764705884,25.705882352941178,-15.261029411764707,-4.266296728777677
fixed_w5_t7_corrected,cool_nights,40732,40.893382352941174,19.41176470588235,-21.481617647058822,-5.988656786274864
fixed_w5_t7_corrected,cool_nights,40734,41.220588235294116,16.58823529411765,-24.632352941176467,-6.842081978374089
fixed_w5_t7_corrected,cool_nights,40736,40.9375,20.470588235294116,-20.466911764705884,-5.85060800063203
fixed_w5_t7_corrected,cool_nights,40737,40.463235294117645,37.470588235294116,-2.992647058823529,-0.9638126858985583
fixed_w5_t7_corrected,cool_nights,40738,40.12132352941177,57.294117647058826,17.172794117647058,4.607094311977601
fixed_w5_t7_corrected,cool_nights,40739,41.62132352941177,37.294117647058826,-4.327205882352942,-1.2645887710867747
fixed_w5_t7_corrected,cool_nights,40740,41.213235294117645,85.6470588235294,44.43382352941176,12.16810241740272
fixed_w5_t7_corrected,cool_nights,40741,41.38235294117647,29.235294117647058,-12.147058823529413,-3.5254127960488653
fixed_w5_t7_corrected,cool_nights,40743,41.908088235294116,23.529411764705884,-18.378676470588232,-5.167737874568152
fixed_w5_t7_corrected,cool_nights,40745,42.1875,25.058823529411764,-17.128676470588236,-4.868056160535467
fixed_w5_t7_corrected,cool_nights,40746,41.25735294117647,40.529411764705884,-0.727941176470587,-0.39013040679614797
fixed_w5_t7_corrected,cool_nights,40747,39.29779411764706,23.11764705882353,-16.18014705882353,-5.056365967755492
fixed_w5_t7_corrected,cool_nights,40748,39.963235294117645,23.058823529411764,-16.90441176470588,-5.293281137578518
fixed_w5_t7_corrected,cool_nights,40749,39.97794117647059,30.764705882352942,-9.213235294117645,-2.861386767940937
fixed_w5_t7_corrected,cool_nights,40751,40.8235294117647,25.647058823529413,-15.17647058823529,-4.227741194458294
fixed_w5_t7_corrected,cool_nights,40752,41.794117647058826,27.058823529411764,-14.735294117647062,-4.192781375425215
fixed_w5_t7_corrected,cool_nights,40754,41.474264705882355,29.647058823529413,-11.827205882352942,-3.3826593959408147
fixed_w5_t7_corrected,cool_nights,40755,41.62867647058823,33.35294117647059,-8.275735294117645,-2.284729424021286
fixed_w5_t7_corrected,cool_nights,40757,41.98529411764706,31.529411764705884,-10.455882352941174,-2.937961302089974
fixed_w5_t7_corrected,cool_nights,40758,40.411764705882355,10.470588235294118,-29.94117647058824,-8.427222581859509
fixed_w5_t7_corrected,cool_nights,40762,41.23529411764706,29.235294117647058,-12.0,-3.3658254867389807
fixed_w5_t7_corrected,cool_nights,40763,41.50735294117647,30.58823529411765,-10.919117647058822,-3.0539101758731917
fixed_w5_t7_corrected,cool_nights,40764,38.8235294117647,19.529411764705884,-19.29411764705882,-5.924250663950146
fixed_w5_t7_corrected,cool_nights,40765,40.338235294117645,16.764705882352942,-23.573529411764703,-6.736841032873097
fixed_w5_t7_corrected,cool_nights,40766,40.00735294117647,21.352941176470587,-18.654411764705884,-5.495962815502055
fixed_w5_t7_corrected,cool_nights,40768,39.11029411764706,28.58823529411765,-10.52205882352941,-3.322609653281808
fixed_w5_t7_corrected,cool_nights,40769,37.11764705882353,25.11764705882353,-12.0,-3.8803165504511066
fixed_w5_t7_corrected,cool_nights,40770,39.158088235294116,21.352941176470587,-17.80514705882353,-4.983101425577685
fixed_w5_t7_corrected,cool_nights,40771,38.94117647058823,21.0,-17.941176470588232,-5.431354807343752
fixed_w5_t7_corrected,cool_nights,40772,39.12867647058823,16.176470588235293,-22.95220588235294,-6.869304086087055
fixed_w5_t7_corrected,cool_nights,40774,38.794117647058826,15.176470588235293,-23.617647058823533,-7.094992581200302
fixed_w5_t7_corrected,cool_nights,40778,41.841911764705884,27.647058823529413,-14.194852941176471,-4.140675651357081
fixed_w5_t7_corrected,cool_nights,40779,39.81985294117647,23.352941176470587,-16.466911764705884,-5.131886981993193
fixed_w5_t7_corrected,cool_nights,40780,41.11029411764706,58.76470588235294,17.654411764705884,4.789889011625727
fixed_w5_t7_corrected,cool_nights,40782,39.5625,22.88235294117647,-16.68014705882353,-4.989553840766074
fixed_w5_t7_corrected,cool_nights,40783,39.3125,19.764705882352942,-19.547794117647058,-5.713703061624018
fixed_w5_t7_corrected,cool_nights,40785,40.44117647058823,20.11764705882353,-20.323529411764703,-5.622267421257166
fixed_w5_t7_corrected,cool_nights,40789,41.8235294117647,18.0,-23.823529411764703,-6.636608325901667
fixed_w5_t7_corrected,cool_nights,40791,41.4889705882353,25.058823529411764,-16.430147058823533,-4.714680315934509
fixed_w5_t7_corrected,cool_nights,40792,41.58455882352941,17.0,-24.584558823529413,-6.7852264563503635
fixed_w5_t7_corrected,cool_nights,40793,41.69485294117647,23.058823529411764,-18.636029411764707,-5.3435307579360085
fixed_w5_t7_corrected,cool_nights,40794,41.591911764705884,18.705882352941178,-22.886029411764707,-6.459747078876339
fixed_w5_t7_corrected,cool_nights,40796,41.356617647058826,23.176470588235293,-18.180147058823533,-5.17341595353351
fixed_w5_t7_corrected,cool_nights,40797,40.04044117647059,32.411764705882355,-7.628676470588232,-2.5431721978910975
fixed_w5_t7_corrected,cool_nights,40798,41.62132352941177,69.0,27.378676470588232,7.413575452283922
fixed_w5_t7_corrected,cool_nights,40802,39.330882352941174,63.11764705882353,23.786764705882355,6.327216166151594
fixed_w5_t7_corrected,cool_nights,40809,41.768382352941174,34.05882352941177,-7.709558823529406,-2.157140991869113
fixed_w5_t7_corrected,cool_nights,40810,39.9485294117647,15.117647058823529,-24.830882352941174,-7.00684382858066
fixed_w5_t7_corrected,cool_nights,40811,40.341911764705884,28.235294117647058,-12.106617647058826,-3.3667804295379016
fixed_w5_t7_corrected,cool_nights,40812,39.294117647058826,23.941176470588236,-15.35294117647059,-4.581152986992931
fixed_w5_t7_corrected,cool_nights,40813,41.58455882352941,18.352941176470587,-23.231617647058826,-6.552977271567337
fixed_w5_t7_corrected,cool_nights,40818,40.716911764705884,24.294117647058822,-16.42279411764706,-4.567988449301963
fixed_w5_t7_corrected,cool_nights,40821,41.158088235294116,17.88235294117647,-23.275735294117645,-6.4690604989969
fixed_w5_t7_corrected,cool_nights,40827,41.2389705882353,32.470588235294116,-8.768382352941181,-2.5486451779542882
fixed_w5_t7_corrected,cool_nights,40829,40.25735294117647,32.64705882352941,-7.610294117647058,-2.1272159419397383
fixed_w5_t7_corrected,cool_nights,40831,40.533088235294116,17.294117647058822,-23.238970588235293,-6.3706083448051976
fixed_w5_t7_corrected,cool_nights,40832,39.82720588235294,18.058823529411764,-21.768382352941178,-6.289742719674383
fixed_w5_t7_corrected,cool_nights,40839,40.75,23.823529411764707,-16.926470588235293,-4.720022828374473
fixed_w5_t7_corrected,cool_nights,40841,40.74632352941177,22.529411764705884,-18.216911764705884,-5.0607899349683745
fixed_w5_t7_corrected,cool_nights,40844,40.26470588235294,76.82352941176471,36.55882352941177,9.669086641374804
fixed_w5_t7_corrected,cool_nights,40847,39.7610294117647,20.0,-19.761029411764703,-5.539436991090674
fixed_w5_t7_corrected,cool_nights,40848,42.029411764705884,63.05882352941177,21.029411764705884,5.707420396198994
fixed_w5_t7_corrected,cool_nights,40849,40.45955882352941,35.76470588235294,-4.694852941176471,-1.2226387811115025
fixed_w5_t7_corrected,cool_nights,40851,39.98529411764706,33.0,-6.985294117647058,-1.9670989453235972
fixed_w5_t7_corrected,cool_nights,40853,38.981617647058826,17.235294117647058,-21.746323529411768,-5.98063441549124
fixed_w5_t7_corrected,cool_nights,40854,41.963235294117645,21.470588235294116,-20.49264705882353,-5.6510391510853175
fixed_w5_t7_corrected,cool_nights,40856,41.50735294117647,28.941176470588236,-12.566176470588236,-3.508447827028207
fixed_w5_t7_corrected,cool_nights,40857,38.9485294117647,16.352941176470587,-22.595588235294116,-6.443135014325233
fixed_w5_t7_corrected,cool_nights,40858,37.400735294117645,15.411764705882353,-21.98897058823529,-6.1500057671710096
fixed_w5_t7_corrected,cool_nights,40859,38.91544117647059,14.705882352941176,-24.209558823529413,-6.664430801636887
fixed_w5_t7_corrected,cool_nights,40870,41.60294117647059,19.941176470588236,-21.66176470588235,-5.981529399159366
fixed_w5_t7_corrected,cool_nights,40873,40.07720588235294,20.823529411764707,-19.253676470588236,-5.384663794601456
fixed_w5_t7_corrected,cool_nights,40875,40.966911764705884,33.0,-7.966911764705884,-2.2107136925682536
fixed_w5_t7_corrected,cool_nights,40876,40.50367647058823,28.058823529411764,-12.444852941176467,-3.4298092544283305
fixed_w5_t7_corrected,cool_nights,40877,39.69117647058823,31.764705882352942,-7.92647058823529,-2.19753599104747
fixed_w5_t7_corrected,cool_nights,40878,40.775735294117645,25.470588235294116,-15.305147058823529,-4.218183769384231
fixed_w5_t7_corrected,cool_nights,40879,42.205882352941174,32.0,-10.205882352941174,-2.8235252425994073
fixed_w5_t7_corrected,cool_nights,40882,39.154411764705884,8.117647058823529,-31.036764705882355,-8.531893338092143
fixed_w5_t7_corrected,cool_nights,40883,40.5735294117647,18.176470588235293,-22.39705882352941,-6.18884032214216
fixed_w5_t7_corrected,cool_nights,40889,38.1875,22.705882352941178,-15.481617647058822,-4.835924819710075
fixed_w5_t7_corrected,cool_nights,40890,39.00735294117647,31.941176470588236,-7.0661764705882355,-2.0320678090524478
fixed_w5_t7_corrected,cool_nights,40893,40.0110294117647,20.294117647058822,-19.71691176470588,-5.593875810944846
fixed_w5_t7_corrected,cool_nights,40898,38.69117647058823,11.411764705882353,-27.279411764705877,-7.493528069859473
fixed_w5_t7_corrected,cool_nights,99407,40.95220588235294,25.823529411764707,-15.128676470588236,-4.385113856648895
fixed_w5_t7_corrected,cool_nights,99459,40.220588235294116,19.705882352941178,-20.51470588235294,-5.750670988732748
fixed_w5_t7_corrected,warm_days,40700,41.01470588235294,58.05882352941177,17.044117647058826,4.478141268870683
fixed_w5_t7_corrected,warm_days,40701,42.93014705882353,74.58823529411765,31.658088235294123,8.631918585598571
fixed_w5_t7_corrected,warm_days,40702,42.544117647058826,69.70588235294117,27.161764705882348,7.3773692891391
fixed_w5_t7_corrected,warm_days,40703,41.8860294117647,78.76470588235294,36.87867647058824,10.023134728437372
fixed_w5_t7_corrected,warm_days,40704,41.841911764705884,69.94117647058823,28.099264705882348,7.521171034705498
fixed_w5_t7_corrected,warm_days,40706,42.61764705882353,67.0,24.38235294117647,6.614096203234528
fixed_w5_t7_corrected,warm_days,40708,41.349264705882355,63.05882352941177,21.709558823529413,5.687865673880994
fixed_w5_t7_corrected,warm_days,40709,41.9264705882353,72.0,30.073529411764703,8.204644977172283
fixed_w5_t7_corrected,warm_days,40710,41.275735294117645,65.58823529411765,24.312500000000007,6.579549690541139
fixed_w5_t7_corrected,warm_days,40712,42.283088235294116,85.70588235294117,43.42279411764706,11.85921903077977
fixed_w5_t7_corrected,warm_days,40713,41.6985294117647,105.17647058823529,63.47794117647059,17.39229552284487
fixed_w5_t7_corrected,warm_days,40716,42.294117647058826,73.6470588235294,31.35294117647058,8.507433846517184
fixed_w5_t7_corrected,warm_days,40717,40.45220588235294,80.23529411764706,39.783088235294116,10.806543577441497
fixed_w5_t7_corrected,warm_days,40718,40.06985294117647,119.3529411764706,79.28308823529412,21.304250075163914
fixed_w5_t7_corrected,warm_days,40719,41.56985294117647,51.94117647058823,10.371323529411761,2.620660075408372
fixed_w5_t7_corrected,warm_days,40723,40.0735294117647,60.705882352941174,20.63235294117647,5.350428748485632
fixed_w5_t7_corrected,warm_days,40724,41.3014705882353,80.94117647058823,39.639705882352935,10.731630095253053
fixed_w5_t7_corrected,warm_days,40726,41.408088235294116,80.17647058823529,38.768382352941174,10.61496768749949
fixed_w5_t7_corrected,warm_days,40727,41.481617647058826,73.52941176470588,32.04779411764706,8.661354604313596
fixed_w5_t7_corrected,warm_days,40728,41.286764705882355,74.17647058823529,32.889705882352935,9.120685433195607
fixed_w5_t7_corrected,warm_days,40729,40.69485294117647,100.05882352941177,59.3639705882353,16.390635629497567
fixed_w5_t7_corrected,warm_days,40730,41.57720588235294,74.6470588235294,33.069852941176464,9.089908573635986
fixed_w5_t7_corrected,warm_days,40731,41.724264705882355,71.70588235294117,29.98161764705882,8.153608337954376
fixed_w5_t7_corrected,warm_days,40732,41.841911764705884,87.29411764705883,45.45220588235294,12.3334535963755
fixed_w5_t7_corrected,warm_days,40734,41.1985294117647,81.88235294117646,40.68382352941176,11.094237279781275
fixed_w5_t7_corrected,warm_days,40736,41.375,63.470588235294116,22.095588235294116,5.9122053868785756
fixed_w5_t7_corrected,warm_days,40737,41.51470588235294,71.6470588235294,30.132352941176464,8.173821732094865
fixed_w5_t7_corrected,warm_days,40738,41.54044117647059,74.88235294117646,33.34191176470588,9.095219223942618
fixed_w5_t7_corrected,warm_days,40739,41.51470588235294,53.1764705882353,11.661764705882355,3.155460992007468
fixed_w5_t7_corrected,warm_days,40740,41.93382352941177,56.11764705882353,14.183823529411761,3.818151528781911
fixed_w5_t7_corrected,warm_days,40741,41.24264705882353,70.3529411764706,29.110294117647065,7.9158977113923665
fixed_w5_t7_corrected,warm_days,40743,41.393382352941174,58.05882352941177,16.665441176470594,4.510984225934614
fixed_w5_t7_corrected,warm_days,40745,42.17279411764706,65.6470588235294,23.474264705882348,6.300347970107399
fixed_w5_t7_corrected,warm_days,40746,41.9375,64.52941176470588,22.591911764705884,6.138903677315913
fixed_w5_t7_corrected,warm_days,40747,41.61764705882353,86.88235294117646,45.264705882352935,12.312486164651
fixed_w5_t7_corrected,warm_days,40748,41.3639705882353,87.41176470588235,46.04779411764705,12.533551785639585
fixed_w5_t7_corrected,warm_days,40749,41.04779411764706,88.94117647058823,47.893382352941174,13.055457444394868
fixed_w5_t7_corrected,warm_days,40751,41.83455882352941,89.47058823529412,47.6360294117647,13.11638435467634
fixed_w5_t7_corrected,warm_days,40752,41.025735294117645,71.23529411764706,30.209558823529413,8.345240763954994
fixed_w5_t7_corrected,warm_days,40754,41.44485294117647,48.470588235294116,7.025735294117645,1.8111677327265454
fixed_w5_t7_corrected,warm_days,40755,41.70955882352941,66.05882352941177,24.349264705882355,6.8262382948281
fixed_w5_t7_corrected,warm_days,40757,41.69485294117647,66.05882352941177,24.363970588235297,6.72319320600892
fixed_w5_t7_corrected,warm_days,40758,42.029411764705884,47.11764705882353,5.088235294117645,1.3167304488924252
fixed_w5_t7_corrected,warm_days,40762,42.1985294117647,74.94117647058823,32.74264705882353,8.881073425421937
fixed_w5_t7_corrected,warm_days,40763,41.893382352941174,65.94117647058823,24.047794117647058,6.613433627843145
fixed_w5_t7_corrected,warm_days,40764,40.88970588235294,82.82352941176471,41.93382352941177,11.499213882007243
fixed_w5_t7_corrected,warm_days,40765,41.43382352941177,74.52941176470588,33.095588235294116,9.20376994026309
fixed_w5_t7_corrected,warm_days,40766,42.0514705882353,52.470588235294116,10.419117647058819,2.9317276952066127
fixed_w5_t7_corrected,warm_days,40768,40.89705882352941,75.58823529411765,34.69117647058824,9.590228589570982
fixed_w5_t7_corrected,warm_days,40769,40.5625,75.82352941176471,35.26102941176471,9.712504892789658
fixed_w5_t7_corrected,warm_days,40770,40.4485294117647,81.70588235294117,41.25735294117647,11.35521785075376
fixed_w5_t7_corrected,warm_days,40771,40.35294117647059,83.05882352941177,42.70588235294118,11.755825915408721
fixed_w5_t7_corrected,warm_days,40772,40.919117647058826,88.94117647058823,48.022058823529406,13.240679066032163
fixed_w5_t7_corrected,warm_days,40774,41.05882352941177,81.52941176470588,40.470588235294116,10.88289783289476
fixed_w5_t7_corrected,warm_days,40778,42.224264705882355,67.58823529411765,25.363970588235297,6.897141403746522
fixed_w5_t7_corrected,warm_days,40779,40.955882352941174,66.82352941176471,25.867647058823536,7.032423338561708
fixed_w5_t7_corrected,warm_days,40780,41.8639705882353,112.29411764705883,70.43014705882354,19.348958433072642
fixed_w5_t7_corrected,warm_days,40782,40.72794117647059,85.41176470588235,44.68382352941176,12.180383103408507
fixed_w5_t7_corrected,warm_days,40783,41.5514705882353,72.05882352941177,30.50735294117647,8.338285946055992
fixed_w5_t7_corrected,warm_days,40785,40.19117647058823,74.3529411764706,34.16176470588236,9.355292686161937
fixed_w5_t7_corrected,warm_days,40789,41.8860294117647,71.70588235294117,29.81985294117647,8.138313011015592
fixed_w5_t7_corrected,warm_days,40791,42.529411764705884,77.3529411764706,34.82352941176471,9.518655515146401
fixed_w5_t7_corrected,warm_days,40792,41.92279411764706,51.529411764705884,9.606617647058826,2.579149827418206
fixed_w5_t7_corrected,warm_days,40793,42.55514705882353,76.6470588235294,34.09191176470588,9.340922634083345
fixed_w5_t7_corrected,warm_days,40794,40.904411764705884,78.52941176470588,37.625,10.310235030685638
fixed_w5_t7_corrected,warm_days,40796,41.533088235294116,107.88235294117646,66.34926470588235,18.287195854860897
fixed_w5_t7_corrected,warm_days,40797,41.231617647058826,99.47058823529412,58.23897058823529,15.98638964204827
fixed_w5_t7_corrected,warm_days,40798,42.35294117647059,87.41176470588235,45.05882352941176,12.383787365376318
fixed_w5_t7_corrected,warm_days,40802,41.05882352941177,64.41176470588235,23.35294117647058,6.395572985894628
fixed_w5_t7_corrected,warm_days,40809,42.875,64.58823529411765,21.713235294117652,5.921419406291102
fixed_w5_t7_corrected,warm_days,40810,40.49632352941177,85.11764705882354,44.62132352941177,12.226439624580511
fixed_w5_t7_corrected,warm_days,40811,40.591911764705884,81.41176470588235,40.819852941176464,11.22103872418835
fixed_w5_t7_corrected,warm_days,40812,40.05514705882353,81.11764705882354,41.06250000000001,11.172625360781355
fixed_w5_t7_corrected,warm_days,40813,41.599264705882355,83.88235294117646,42.28308823529411,11.61611988329842
fixed_w5_t7_corrected,warm_days,40818,41.1764705882353,70.82352941176471,29.647058823529413,8.105464088523535
fixed_w5_t7_corrected,warm_days,40821,40.69485294117647,66.88235294117646,26.187499999999993,7.184709111153483
fixed_w5_t7_corrected,warm_days,40827,43.1764705882353,68.82352941176471,25.647058823529413,7.060526871980146
fixed_w5_t7_corrected,warm_days,40829,41.591911764705884,81.47058823529412,39.87867647058823,10.910469642245186
fixed_w5_t7_corrected,warm_days,40831,41.205882352941174,78.3529411764706,37.14705882352942,10.218481083961159
fixed_w5_t7_corrected,warm_days,40832,39.16544117647059,70.82352941176471,31.658088235294123,8.639445481652244
fixed_w5_t7_corrected,warm_days,40839,41.87132352941177,65.17647058823529,23.305147058823522,6.734215851980123
fixed_w5_t7_corrected,warm_days,40841,40.85294117647059,68.6470588235294,27.79411764705882,7.613414404392213
fixed_w5_t7_corrected,warm_days,40844,41.279411764705884,87.0,45.720588235294116,12.623590901248397
fixed_w5_t7_corrected,warm_days,40847,40.61029411764706,106.0,65.38970588235294,17.940245321809584
fixed_w5_t7_corrected,warm_days,40848,40.12867647058823,86.23529411764706,46.106617647058826,12.626737410446742
fixed_w5_t7_corrected,warm_days,40849,41.24632352941177,80.23529411764706,38.98897058823529,10.96052030648165
fixed_w5_t7_corrected,warm_days,40851,41.345588235294116,74.94117647058823,33.595588235294116,9.223730821315069
fixed_w5_t7_corrected,warm_days,40853,40.529411764705884,80.11764705882354,39.58823529411765,10.93925138852992
fixed_w5_t7_corrected,warm_days,40854,41.12132352941177,74.0,32.87867647058823,9.001169169956777
fixed_w5_t7_corrected,warm_days,40856,41.60294117647059,57.411764705882355,15.808823529411768,4.280954092726859
fixed_w5_t7_corrected,warm_days,40857,40.17279411764706,120.3529411764706,80.18014705882354,22.220578575481895
fixed_w5_t7_corrected,warm_days,40858,39.68014705882353,39.294117647058826,-0.38602941176470296,-0.19920979242379921
fixed_w5_t7_corrected,warm_days,40859,38.650735294117645,69.47058823529412,30.81985294117647,8.450863784508712
fixed_w5_t7_corrected,warm_days,40870,42.1139705882353,67.94117647058823,25.827205882352935,7.029224726924859
fixed_w5_t7_corrected,warm_days,40873,40.62867647058823,74.82352941176471,34.19485294117648,9.367555806212476
fixed_w5_t7_corrected,warm_days,40875,41.544117647058826,62.8235294117647,21.279411764705877,5.819350577070754
fixed_w5_t7_corrected,warm_days,40876,41.81617647058823,75.47058823529412,33.654411764705884,9.267535743271587
fixed_w5_t7_corrected,warm_days,40877,40.47794117647059,57.529411764705884,17.051470588235297,4.700168594510222
fixed_w5_t7_corrected,warm_days,40878,41.533088235294116,65.05882352941177,23.525735294117652,6.422168885577468
fixed_w5_t7_corrected,warm_days,40879,41.143382352941174,64.11764705882354,22.974264705882362,6.288978363913351
fixed_w5_t7_corrected,warm_days,40882,39.9375,62.529411764705884,22.591911764705884,6.183295667457703
fixed_w5_t7_corrected,warm_days,40883,40.283088235294116,65.58823529411765,25.305147058823536,6.951164011608926
fixed_w5_t7_corrected,warm_days,40889,39.44485294117647,75.82352941176471,36.37867647058824,9.868611757624116
fixed_w5_t7_corrected,warm_days,40890,39.8639705882353,111.76470588235294,71.90073529411765,19.750042164899767
fixed_w5_t7_corrected,warm_days,40893,40.893382352941174,43.470588235294116,2.577205882352942,0.7146716303224938
fixed_w5_t7_corrected,warm_days,40898,41.87132352941177,64.58823529411765,22.716911764705884,6.2787411716021495
fixed_w5_t7_corrected,warm_days,99407,41.330882352941174,60.1764705882353,18.845588235294123,5.230134676768142
fixed_w5_t7_corrected,warm_days,99459,40.841911764705884,94.3529411764706,53.51102941176471,14.772595330007762
fixed_w5_t7_corrected,warm_nights,40700,38.91544117647059,63.35294117647059,24.4375,6.104694394001564
fixed_w5_t7_corrected,warm_nights,40701,39.341911764705884,71.58823529411765,32.24632352941177,8.371649099857501
fixed_w5_t7_corrected,warm_nights,40702,39.033088235294116,81.41176470588235,42.37867647058823,11.131478717477743
fixed_w5_t7_corrected,warm_nights,40703,39.974264705882355,87.17647058823529,47.202205882352935,12.521379109117696
fixed_w5_t7_corrected,warm_nights,40704,38.8125,63.529411764705884,24.716911764705884,6.336574645274281
fixed_w5_t7_corrected,warm_nights,40706,40.088235294117645,55.588235294117645,15.5,3.9856446480358194
fixed_w5_t7_corrected,warm_nights,40708,38.63235294117647,74.11764705882354,35.485294117647065,9.256595333699273
fixed_w5_t7_corrected,warm_nights,40709,40.55882352941177,75.88235294117646,35.323529411764696,9.676429924117269
fixed_w5_t7_corrected,warm_nights,40710,38.87867647058823,64.17647058823529,25.297794117647058,6.690262554703994
fixed_w5_t7_corrected,warm_nights,40712,39.783088235294116,48.64705882352941,8.863970588235297,2.223040397880789
fixed_w5_t7_corrected,warm_nights,40713,39.5110294117647,76.11764705882354,36.60661764705883,9.703775171881142
fixed_w5_t7_corrected,warm_nights,40716,38.205882352941174,75.94117647058823,37.73529411764706,9.859100010997032
fixed_w5_t7_corrected,warm_nights,40717,39.588235294117645,70.58823529411765,31.000000000000007,8.138670862581131
fixed_w5_t7_corrected,warm_nights,40718,39.224264705882355,69.52941176470588,30.30514705882353,7.79520210191526
fixed_w5_t7_corrected,warm_nights,40719,39.286764705882355,87.6470588235294,48.36029411764705,13.014668034706034
fixed_w5_t7_corrected,warm_nights,40723,38.974264705882355,60.11764705882353,21.143382352941174,5.399112661288536
fixed_w5_t7_corrected,warm_nights,40724,37.4485294117647,88.82352941176471,51.37500000000001,13.659243418339996
fixed_w5_t7_corrected,warm_nights,40726,39.41544117647059,66.41176470588235,26.99632352941176,7.0936761602221345
fixed_w5_t7_corrected,warm_nights,40727,37.830882352941174,66.11764705882354,28.286764705882362,7.249101711436266
fixed_w5_t7_corrected,warm_nights,40728,38.75367647058823,60.05882352941177,21.305147058823536,5.637509507678054
fixed_w5_t7_corrected,warm_nights,40729,40.161764705882355,70.58823529411765,30.426470588235297,8.1410501911478
fixed_w5_t7_corrected,warm_nights,40730,39.31617647058823,76.23529411764706,36.919117647058826,9.894710223697048
fixed_w5_t7_corrected,warm_nights,40731,39.8639705882353,61.529411764705884,21.665441176470587,5.822529897660848
fixed_w5_t7_corrected,warm_nights,40732,40.4264705882353,88.88235294117646,48.45588235294117,13.207601383017286
fixed_w5_t7_corrected,warm_nights,40734,39.6875,87.6470588235294,47.959558823529406,13.084774741298286
fixed_w5_t7_corrected,warm_nights,40736,39.75367647058823,78.6470588235294,38.893382352941174,10.534495529863282
fixed_w5_t7_corrected,warm_nights,40737,39.85294117647059,63.23529411764706,23.38235294117647,6.3106884003418
fixed_w5_t7_corrected,warm_nights,40738,40.1764705882353,43.76470588235294,3.588235294117645,0.8972006037813003
fixed_w5_t7_corrected,warm_nights,40739,41.661764705882355,47.88235294117647,6.220588235294116,1.639908013397017
fixed_w5_t7_corrected,warm_nights,40740,40.275735294117645,28.11764705882353,-12.158088235294116,-3.433125578135564
fixed_w5_t7_corrected,warm_nights,40741,41.150735294117645,61.94117647058823,20.790441176470587,5.5561972284583625
fixed_w5_t7_corrected,warm_nights,40743,40.0514705882353,60.705882352941174,20.654411764705877,5.519555138671825
fixed_w5_t7_corrected,warm_nights,40745,41.400735294117645,74.82352941176471,33.422794117647065,9.09637865056665
fixed_w5_t7_corrected,warm_nights,40746,40.783088235294116,52.35294117647059,11.569852941176471,3.078058524068709
fixed_w5_t7_corrected,warm_nights,40747,38.85294117647059,55.411764705882355,16.558823529411768,3.9542362157506794
fixed_w5_t7_corrected,warm_nights,40748,38.5735294117647,72.88235294117646,34.30882352941176,8.88543694748967
fixed_w5_t7_corrected,warm_nights,40749,39.779411764705884,61.05882352941177,21.279411764705884,5.558211250340358
fixed_w5_t7_corrected,warm_nights,40751,40.591911764705884,54.64705882352941,14.055147058823529,3.871065906170438
fixed_w5_t7_corrected,warm_nights,40752,39.97794117647059,60.588235294117645,20.610294117647058,5.672901506562008
fixed_w5_t7_corrected,warm_nights,40754,39.55882352941177,43.05882352941177,3.5,0.8773351989863212
fixed_w5_t7_corrected,warm_nights,40755,40.841911764705884,51.294117647058826,10.452205882352942,2.8961621842468617
fixed_w5_t7_corrected,warm_nights,40757,41.25735294117647,52.64705882352941,11.389705882352942,3.0539539562720375
fixed_w5_t7_corrected,warm_nights,40758,39.908088235294116,123.94117647058823,84.03308823529412,22.999516702560495
fixed_w5_t7_corrected,warm_nights,40762,41.45955882352941,62.11764705882353,20.658088235294116,5.610870705454079
fixed_w5_t7_corrected,warm_nights,40763,41.794117647058826,58.1764705882353,16.38235294117647,4.4507580848448285
fixed_w5_t7_corrected,warm_nights,40764,39.36764705882353,57.470588235294116,18.102941176470587,4.462622260976815
fixed_w5_t7_corrected,warm_nights,40765,40.79779411764706,69.58823529411765,28.790441176470594,7.890383867482134
fixed_w5_t7_corrected,warm_nights,40766,39.99632352941177,60.94117647058823,20.944852941176464,5.587089908319323
fixed_w5_t7_corrected,warm_nights,40768,38.625,52.529411764705884,13.904411764705884,3.6911665494905446
fixed_w5_t7_corrected,warm_nights,40769,38.10294117647059,59.0,20.897058823529413,5.2969740878937905
fixed_w5_t7_corrected,warm_nights,40770,38.06617647058823,68.70588235294117,30.639705882352942,8.409802576490963
fixed_w5_t7_corrected,warm_nights,40771,39.16544117647059,58.0,18.834558823529413,4.795255442309317
fixed_w5_t7_corrected,warm_nights,40772,39.095588235294116,81.52941176470588,42.43382352941177,11.395475173480955
fixed_w5_t7_corrected,warm_nights,40774,38.4264705882353,86.70588235294117,48.27941176470588,12.717821313359128
fixed_w5_t7_corrected,warm_nights,40778,41.029411764705884,65.17647058823529,24.147058823529406,6.525716158056282
fixed_w5_t7_corrected,warm_nights,40779,39.50735294117647,61.588235294117645,22.080882352941174,5.572604596592614
fixed_w5_t7_corrected,warm_nights,40780,41.99632352941177,26.941176470588236,-15.055147058823533,-4.234845764815614
fixed_w5_t7_corrected,warm_nights,40782,40.161764705882355,60.588235294117645,20.42647058823529,5.2581637322123225
fixed_w5_t7_corrected,warm_nights,40783,39.49264705882353,67.52941176470588,28.036764705882355,7.424365295960897
fixed_w5_t7_corrected,warm_nights,40785,40.0110294117647,76.05882352941177,36.047794117647065,9.85000166895864
fixed_w5_t7_corrected,warm_nights,40789,40.794117647058826,80.76470588235294,39.970588235294116,10.900713031174426
fixed_w5_t7_corrected,warm_nights,40791,40.1764705882353,71.94117647058823,31.764705882352935,8.598889350028003
fixed_w5_t7_corrected,warm_nights,40792,41.033088235294116,82.82352941176471,41.790441176470594,11.432191344559008
fixed_w5_t7_corrected,warm_nights,40793,40.0735294117647,69.82352941176471,29.750000000000007,8.091938422591117
fixed_w5_t7_corrected,warm_nights,40794,40.716911764705884,68.17647058823529,27.459558823529406,7.439715321706137
fixed_w5_t7_corrected,warm_nights,40796,39.981617647058826,68.23529411764706,28.253676470588232,7.641360134971292
fixed_w5_t7_corrected,warm_nights,40797,39.0735294117647,53.294117647058826,14.220588235294123,3.629474388412566
fixed_w5_t7_corrected,warm_nights,40798,40.591911764705884,33.1764705882353,-7.415441176470587,-2.202129097437849
fixed_w5_t7_corrected,warm_nights,40802,40.349264705882355,46.76470588235294,6.415441176470587,1.6014130595393254
fixed_w5_t7_corrected,warm_nights,40809,41.72794117647059,50.35294117647059,8.625,2.337953926093199
fixed_w5_t7_corrected,warm_nights,40810,40.80882352941177,94.94117647058823,54.132352941176464,14.729466589084533
fixed_w5_t7_corrected,warm_nights,40811,40.63235294117647,79.05882352941177,38.4264705882353,10.527151064502576
fixed_w5_t7_corrected,warm_nights,40812,39.57720588235294,69.94117647058823,30.36397058823529,8.03063949604598
fixed_w5_t7_corrected,warm_nights,40813,40.900735294117645,85.52941176470588,44.62867647058824,12.144712136354572
fixed_w5_t7_corrected,warm_nights,40818,40.044117647058826,78.29411764705883,38.25,10.446981256018073
fixed_w5_t7_corrected,warm_nights,40821,41.20220588235294,83.94117647058823,42.73897058823529,11.713195058743288
fixed_w5_t7_corrected,warm_nights,40827,40.83455882352941,50.0,9.165441176470587,2.4434863193404404
fixed_w5_t7_corrected,warm_nights,40829,39.91544117647059,72.0,32.08455882352941,8.766450193041338
fixed_w5_t7_corrected,warm_nights,40831,40.43382352941177,96.47058823529412,56.03676470588235,15.381955951434133
fixed_w5_t7_corrected,warm_nights,40832,39.455882352941174,82.82352941176471,43.367647058823536,11.692826756103718
fixed_w5_t7_corrected,warm_nights,40839,39.625,61.705882352941174,22.080882352941174,6.133797458721899
fixed_w5_t7_corrected,warm_nights,40841,40.044117647058826,60.705882352941174,20.661764705882348,5.627166971890297
fixed_w5_t7_corrected,warm_nights,40844,37.411764705882355,28.0,-9.411764705882355,-2.9399777217155982
fixed_w5_t7_corrected,warm_nights,40847,40.900735294117645,86.70588235294117,45.80514705882353,12.466425853984312
fixed_w5_t7_corrected,warm_nights,40848,39.82720588235294,29.941176470588236,-9.886029411764707,-2.7662539930481707
fixed_w5_t7_corrected,warm_nights,40849,40.033088235294116,47.64705882352941,7.613970588235297,2.151310546348455
fixed_w5_t7_corrected,warm_nights,40851,40.779411764705884,60.0,19.220588235294116,5.250332405772724
fixed_w5_t7_corrected,warm_nights,40853,38.338235294117645,74.70588235294117,36.36764705882353,10.07314089029668
fixed_w5_t7_corrected,warm_nights,40854,41.25,80.88235294117646,39.632352941176464,10.909313108030661
fixed_w5_t7_corrected,warm_nights,40856,40.86029411764706,54.23529411764706,13.375,3.6150903955430866
fixed_w5_t7_corrected,warm_nights,40857,38.94485294117647,73.76470588235294,34.81985294117647,9.506792306062199
fixed_w5_t7_corrected,warm_nights,40858,38.9485294117647,87.76470588235294,48.81617647058824,13.3335086512747
fixed_w5_t7_corrected,warm_nights,40859,38.4485294117647,99.17647058823529,60.72794117647059,16.673130629973784
fixed_w5_t7_corrected,warm_nights,40870,41.205882352941174,59.294117647058826,18.088235294117652,4.950623170296412
fixed_w5_t7_corrected,warm_nights,40873,39.37132352941177,75.52941176470588,36.158088235294116,9.891887256314348
fixed_w5_t7_corrected,warm_nights,40875,38.63970588235294,56.64705882352941,18.00735294117647,4.923888617091178
fixed_w5_t7_corrected,warm_nights,40876,38.92279411764706,66.88235294117646,27.959558823529406,7.656450216267263
fixed_w5_t7_corrected,warm_nights,40877,40.080882352941174,61.88235294117647,21.801470588235297,5.990936443526531
fixed_w5_t7_corrected,warm_nights,40878,41.00367647058823,53.1764705882353,12.172794117647065,3.3219919959902384
fixed_w5_t7_corrected,warm_nights,40879,40.8860294117647,58.05882352941177,17.172794117647065,4.696378629089299
fixed_w5_t7_corrected,warm_nights,40882,39.11764705882353,70.47058823529412,31.352941176470587,8.56265571327035
fixed_w5_t7_corrected,warm_nights,40883,40.0514705882353,43.1764705882353,3.125,0.8342537964553305
fixed_w5_t7_corrected,warm_nights,40889,38.4375,59.0,20.5625,5.577436466555046
fixed_w5_t7_corrected,warm_nights,40890,38.216911764705884,51.294117647058826,13.077205882352942,3.527182376406019
fixed_w5_t7_corrected,warm_nights,40893,39.63970588235294,55.1764705882353,15.536764705882355,4.183701790147392
fixed_w5_t7_corrected,warm_nights,40898,40.786764705882355,95.23529411764706,54.4485294117647,14.927347356267397
fixed_w5_t7_corrected,warm_nights,99407,39.345588235294116,68.82352941176471,29.477941176470594,8.053242609283384
fixed_w5_t7_corrected,warm_nights,99459,40.08455882352941,70.82352941176471,30.738970588235297,8.318608756002773
fixed_w5_t8_corrected,cool_days,40700,38.705882352941174,33.11764705882353,-5.588235294117645,-1.746493842856669
fixed_w5_t8_corrected,cool_days,40701,39.6764705882353,22.88235294117647,-16.794117647058826,-4.73431728945919
fixed_w5_t8_corrected,cool_days,40702,39.86764705882353,25.0,-14.867647058823529,-4.149334620980829
fixed_w5_t8_corrected,cool_days,40703,39.5110294117647,22.705882352941178,-16.805147058823525,-4.706384021570999
fixed_w5_t8_corrected,cool_days,40704,39.404411764705884,25.764705882352942,-13.639705882352942,-3.9253426901351016
fixed_w5_t8_corrected,cool_days,40706,38.74632352941177,26.529411764705884,-12.216911764705884,-3.409313792312065
fixed_w5_t8_corrected,cool_days,40708,38.9264705882353,25.705882352941178,-13.22058823529412,-3.816898527303713
fixed_w5_t8_corrected,cool_days,40709,39.213235294117645,26.41176470588235,-12.801470588235293,-3.606803481883211
fixed_w5_t8_corrected,cool_days,40710,38.786764705882355,30.176470588235293,-8.610294117647062,-2.4827584747475786
fixed_w5_t8_corrected,cool_days,40712,39.17279411764706,22.11764705882353,-17.05514705882353,-4.743718820441772
fixed_w5_t8_corrected,cool_days,40713,38.17279411764706,16.529411764705884,-21.643382352941174,-6.034053861769135
fixed_w5_t8_corrected,cool_days,40716,39.716911764705884,19.235294117647058,-20.481617647058826,-5.695960569198152
fixed_w5_t8_corrected,cool_days,40717,39.099264705882355,22.294117647058822,-16.805147058823533,-4.733893601041533
fixed_w5_t8_corrected,cool_days,40718,37.93382352941177,24.764705882352942,-13.169117647058826,-4.004880152739514
fixed_w5_t8_corrected,cool_days,40719,39.30882352941177,28.294117647058822,-11.014705882352946,-3.211919062208323
fixed_w5_t8_corrected,cool_days,40723,38.705882352941174,26.176470588235293,-12.52941176470588,-3.7169532183053935
fixed_w5_t8_corrected,cool_days,40724,37.86029411764706,23.352941176470587,-14.507352941176471,-4.096840911983081
fixed_w5_t8_corrected,cool_days,40726,38.654411764705884,23.941176470588236,-14.713235294117649,-4.105824495284023
fixed_w5_t8_corrected,cool_days,40727,38.8235294117647,22.58823529411765,-16.235294117647054,-4.532110979566301
fixed_w5_t8_corrected,cool_days,40728,38.1764705882353,20.11764705882353,-18.058823529411768,-4.973956495385008
fixed_w5_t8_corrected,cool_days,40729,38.919117647058826,18.11764705882353,-20.801470588235297,-5.721970673706462
fixed_w5_t8_corrected,cool_days,40730,39.731617647058826,26.529411764705884,-13.202205882352942,-3.630226487595282
fixed_w5_t8_corrected,cool_days,40731,39.49264705882353,23.176470588235293,-16.316176470588236,-4.502608525070874
fixed_w5_t8_corrected,cool_days,40732,37.70955882352941,24.823529411764707,-12.886029411764707,-3.708976872341043
fixed_w5_t8_corrected,cool_days,40734,37.92279411764706,26.294117647058822,-11.628676470588236,-3.3552302603252873
fixed_w5_t8_corrected,cool_days,40736,38.49632352941177,26.0,-12.496323529411768,-3.5740815910205592
fixed_w5_t8_corrected,cool_days,40737,39.0625,27.11764705882353,-11.944852941176471,-3.383907123046842
fixed_w5_t8_corrected,cool_days,40738,38.25367647058823,24.941176470588236,-13.312499999999996,-3.776388060322242
fixed_w5_t8_corrected,cool_days,40739,39.16544117647059,28.58823529411765,-10.577205882352938,-2.9163099428244985
fixed_w5_t8_corrected,cool_days,40740,39.11764705882353,33.294117647058826,-5.823529411764703,-1.6537512571302617
fixed_w5_t8_corrected,cool_days,40741,40.20955882352941,25.705882352941178,-14.503676470588236,-4.034731518487234
fixed_w5_t8_corrected,cool_days,40743,39.61029411764706,28.0,-11.610294117647058,-3.244438934270825
fixed_w5_t8_corrected,cool_days,40745,39.26470588235294,28.294117647058822,-10.97058823529412,-3.130402342857816
fixed_w5_t8_corrected,cool_days,40746,39.6764705882353,27.0,-12.676470588235297,-3.604274294387702
fixed_w5_t8_corrected,cool_days,40747,39.55514705882353,20.058823529411764,-19.496323529411764,-5.416099590675524
fixed_w5_t8_corrected,cool_days,40748,39.64705882352941,19.294117647058822,-20.35294117647059,-5.635250443097662
fixed_w5_t8_corrected,cool_days,40749,39.036764705882355,19.0,-20.036764705882355,-5.560616505020495
fixed_w5_t8_corrected,cool_days,40751,39.294117647058826,19.41176470588235,-19.882352941176475,-5.542737483520256
fixed_w5_t8_corrected,cool_days,40752,39.661764705882355,22.647058823529413,-17.014705882352942,-4.6653035329299
fixed_w5_t8_corrected,cool_days,40754,39.0735294117647,29.823529411764707,-9.249999999999996,-2.6216556064569403
fixed_w5_t8_corrected,cool_days,40755,39.0514705882353,22.294117647058822,-16.757352941176475,-4.584185496510863
fixed_w5_t8_corrected,cool_days,40757,39.88970588235294,23.647058823529413,-16.24264705882353,-4.443112728333807
fixed_w5_t8_corrected,cool_days,40758,39.5110294117647,31.941176470588236,-7.5698529411764675,-2.124646891458484
fixed_w5_t8_corrected,cool_days,40762,39.56985294117647,23.470588235294116,-16.099264705882355,-4.515250699397209
fixed_w5_t8_corrected,cool_days,40763,39.89705882352941,26.058823529411764,-13.838235294117649,-3.7935698813828536
fixed_w5_t8_corrected,cool_days,40764,38.658088235294116,22.88235294117647,-15.775735294117645,-4.368424916739521
fixed_w5_t8_corrected,cool_days,40765,38.25367647058823,22.705882352941178,-15.547794117647054,-4.266818248650421
fixed_w5_t8_corrected,cool_days,40766,38.9375,29.11764705882353,-9.819852941176471,-2.6517445032440072
fixed_w5_t8_corrected,cool_days,40768,39.13970588235294,21.0,-18.139705882352942,-4.969780474390653
fixed_w5_t8_corrected,cool_days,40769,39.54779411764706,22.88235294117647,-16.665441176470587,-4.609804750953412
fixed_w5_t8_corrected,cool_days,40770,38.43382352941177,22.11764705882353,-16.31617647058824,-4.481457247593769
fixed_w5_t8_corrected,cool_days,40771,39.42279411764706,21.941176470588236,-17.481617647058822,-4.819916802066242
fixed_w5_t8_corrected,cool_days,40772,38.99264705882353,19.470588235294116,-19.522058823529413,-5.375399564394936
fixed_w5_t8_corrected,cool_days,40774,39.30514705882353,21.764705882352942,-17.540441176470587,-4.948467219937436
fixed_w5_t8_corrected,cool_days,40778,39.6360294117647,24.235294117647058,-15.400735294117645,-4.369887373761115
fixed_w5_t8_corrected,cool_days,40779,38.463235294117645,25.58823529411765,-12.874999999999996,-3.5820932749607035
fixed_w5_t8_corrected,cool_days,40780,38.393382352941174,14.823529411764707,-23.569852941176467,-6.517058692309426
fixed_w5_t8_corrected,cool_days,40782,37.42279411764706,21.88235294117647,-15.540441176470587,-4.32003564761044
fixed_w5_t8_corrected,cool_days,40783,39.213235294117645,22.058823529411764,-17.15441176470588,-4.770039401398582
fixed_w5_t8_corrected,cool_days,40785,38.76470588235294,25.235294117647058,-13.529411764705884,-3.8003068965120015
fixed_w5_t8_corrected,cool_days,40789,39.393382352941174,25.941176470588236,-13.452205882352938,-3.7159679525293425
fixed_w5_t8_corrected,cool_days,40791,39.30514705882353,22.470588235294116,-16.834558823529413,-4.672413674718694
fixed_w5_t8_corrected,cool_days,40792,39.408088235294116,32.76470588235294,-6.643382352941174,-1.8576433983672693
fixed_w5_t8_corrected,cool_days,40793,40.24632352941177,22.529411764705884,-17.716911764705884,-4.988092475033439
fixed_w5_t8_corrected,cool_days,40794,37.83455882352941,21.705882352941178,-16.128676470588236,-4.467681215967313
fixed_w5_t8_corrected,cool_days,40796,38.52205882352941,17.235294117647058,-21.286764705882355,-5.876840033310375
fixed_w5_t8_corrected,cool_days,40797,39.338235294117645,16.764705882352942,-22.573529411764703,-6.284868163509595
fixed_w5_t8_corrected,cool_days,40798,39.92279411764706,23.11764705882353,-16.80514705882353,-4.636325860288161
fixed_w5_t8_corrected,cool_days,40802,39.0,27.470588235294116,-11.529411764705884,-3.176189171245417
fixed_w5_t8_corrected,cool_days,40809,39.57720588235294,25.88235294117647,-13.694852941176471,-3.8032771291941563
fixed_w5_t8_corrected,cool_days,40810,38.51470588235294,16.941176470588236,-21.573529411764707,-5.966305090766167
fixed_w5_t8_corrected,cool_days,40811,38.963235294117645,21.941176470588236,-17.02205882352941,-4.654517593934535
fixed_w5_t8_corrected,cool_days,40812,37.54779411764706,21.88235294117647,-15.665441176470587,-4.365101924650718
fixed_w5_t8_corrected,cool_days,40813,37.606617647058826,20.058823529411764,-17.54779411764706,-4.807389425616861
fixed_w5_t8_corrected,cool_days,40818,39.35294117647059,32.470588235294116,-6.882352941176471,-1.8925241641130306
fixed_w5_t8_corrected,cool_days,40821,39.49264705882353,30.11764705882353,-9.375,-2.5894785808261194
fixed_w5_t8_corrected,cool_days,40827,40.150735294117645,22.470588235294116,-17.68014705882353,-4.956701021487993
fixed_w5_t8_corrected,cool_days,40829,39.474264705882355,22.058823529411764,-17.41544117647059,-4.794693684017961
fixed_w5_t8_corrected,cool_days,40831,38.32720588235294,19.11764705882353,-19.209558823529413,-5.278725689432779
fixed_w5_t8_corrected,cool_days,40832,37.408088235294116,24.647058823529413,-12.761029411764703,-3.5587472639952926
fixed_w5_t8_corrected,cool_days,40839,39.783088235294116,28.11764705882353,-11.665441176470587,-3.1245074402509783
fixed_w5_t8_corrected,cool_days,40841,39.07720588235294,29.294117647058822,-9.78308823529412,-2.6947565732902916
fixed_w5_t8_corrected,cool_days,40844,39.17279411764706,23.0,-16.172794117647058,-4.441547740044585
fixed_w5_t8_corrected,cool_days,40847,39.088235294117645,19.764705882352942,-19.323529411764703,-5.298441538132002
fixed_w5_t8_corrected,cool_days,40848,38.91544117647059,23.41176470588235,-15.503676470588236,-4.256270389478974
fixed_w5_t8_corrected,cool_days,40849,38.99264705882353,26.11764705882353,-12.875,-3.4793397680593428
fixed_w5_t8_corrected,cool_days,40851,39.169117647058826,31.41176470588235,-7.757352941176475,-2.133309630772942
fixed_w5_t8_corrected,cool_days,40853,38.64705882352941,27.529411764705884,-11.117647058823529,-3.0221384467863386
fixed_w5_t8_corrected,cool_days,40854,39.845588235294116,22.0,-17.845588235294116,-4.929552839333498
fixed_w5_t8_corrected,cool_days,40856,39.724264705882355,25.352941176470587,-14.371323529411768,-3.976329695326834
fixed_w5_t8_corrected,cool_days,40857,37.205882352941174,10.588235294117647,-26.61764705882353,-7.4963014064778974
fixed_w5_t8_corrected,cool_days,40858,35.91544117647059,22.647058823529413,-13.268382352941174,-3.707663268170106
fixed_w5_t8_corrected,cool_days,40859,37.481617647058826,27.235294117647058,-10.246323529411768,-2.8055744045834095
fixed_w5_t8_corrected,cool_days,40870,39.94485294117647,23.529411764705884,-16.415441176470587,-4.572502251718305
fixed_w5_t8_corrected,cool_days,40873,38.283088235294116,23.705882352941178,-14.577205882352938,-4.020575748448753
fixed_w5_t8_corrected,cool_days,40875,38.3014705882353,20.823529411764707,-17.47794117647059,-4.812240995008048
fixed_w5_t8_corrected,cool_days,40876,37.83455882352941,16.11764705882353,-21.716911764705884,-5.956513350556302
fixed_w5_t8_corrected,cool_days,40877,39.294117647058826,28.41176470588235,-10.882352941176475,-2.973359979611545
fixed_w5_t8_corrected,cool_days,40878,39.8125,26.941176470588236,-12.871323529411764,-3.548301396540541
fixed_w5_t8_corrected,cool_days,40879,39.286764705882355,25.352941176470587,-13.933823529411768,-3.827841747857671
fixed_w5_t8_corrected,cool_days,40882,35.9264705882353,17.41176470588235,-18.514705882352946,-5.0863096041929605
fixed_w5_t8_corrected,cool_days,40883,37.80514705882353,11.764705882352942,-26.040441176470587,-7.148334168834495
fixed_w5_t8_corrected,cool_days,40889,37.393382352941174,14.117647058823529,-23.275735294117645,-6.755287588737966
fixed_w5_t8_corrected,cool_days,40890,36.0514705882353,11.058823529411764,-24.992647058823533,-6.873769286667923
fixed_w5_t8_corrected,cool_days,40893,38.5110294117647,17.529411764705884,-20.98161764705882,-5.769017851767071
fixed_w5_t8_corrected,cool_days,40898,37.56617647058823,20.529411764705884,-17.036764705882348,-4.685206138447252
fixed_w5_t8_corrected,cool_days,99407,39.224264705882355,27.235294117647058,-11.988970588235297,-3.2403908208855023
fixed_w5_t8_corrected,cool_days,99459,39.2389705882353,19.705882352941178,-19.53308823529412,-5.340634148567222
fixed_w5_t8_corrected,cool_nights,40700,35.20955882352941,33.294117647058826,-1.915441176470587,-1.101631288912749
fixed_w5_t8_corrected,cool_nights,40701,36.9485294117647,21.529411764705884,-15.419117647058819,-4.812621720058924
fixed_w5_t8_corrected,cool_nights,40702,37.154411764705884,22.764705882352942,-14.389705882352942,-4.573023749528417
fixed_w5_t8_corrected,cool_nights,40703,37.12867647058823,20.176470588235293,-16.95220588235294,-5.155082370110658
fixed_w5_t8_corrected,cool_nights,40704,37.474264705882355,25.058823529411764,-12.41544117647059,-3.9054773847085666
fixed_w5_t8_corrected,cool_nights,40706,38.356617647058826,35.05882352941177,-3.297794117647058,-1.220519904407297
fixed_w5_t8_corrected,cool_nights,40708,37.24632352941177,17.647058823529413,-19.599264705882355,-5.9972330456034655
fixed_w5_t8_corrected,cool_nights,40709,37.80882352941177,28.352941176470587,-9.455882352941181,-2.715181809868815
fixed_w5_t8_corrected,cool_nights,40710,37.99264705882353,25.294117647058822,-12.698529411764707,-3.8179658212464114
fixed_w5_t8_corrected,cool_nights,40712,37.283088235294116,39.588235294117645,2.305147058823529,0.3862921808412132
fixed_w5_t8_corrected,cool_nights,40713,37.12132352941177,23.764705882352942,-13.356617647058826,-4.077138438281484
fixed_w5_t8_corrected,cool_nights,40716,37.518382352941174,18.294117647058822,-19.22426470588235,-5.926572716509312
fixed_w5_t8_corrected,cool_nights,40717,36.786764705882355,18.529411764705884,-18.25735294117647,-5.475996505385293
fixed_w5_t8_corrected,cool_nights,40718,37.779411764705884,26.647058823529413,-11.132352941176471,-3.6658063295671734
fixed_w5_t8_corrected,cool_nights,40719,37.85294117647059,19.470588235294116,-18.38235294117647,-5.34738271751465
fixed_w5_t8_corrected,cool_nights,40723,37.82720588235294,34.470588235294116,-3.356617647058826,-1.31710772834281
fixed_w5_t8_corrected,cool_nights,40724,36.29779411764706,10.117647058823529,-26.18014705882353,-7.75588099865379
fixed_w5_t8_corrected,cool_nights,40726,37.025735294117645,24.941176470588236,-12.08455882352941,-3.685259859576016
fixed_w5_t8_corrected,cool_nights,40727,36.31617647058823,18.647058823529413,-17.66911764705882,-5.377422730968682
fixed_w5_t8_corrected,cool_nights,40728,36.716911764705884,25.294117647058822,-11.422794117647062,-3.500954348295915
fixed_w5_t8_corrected,cool_nights,40729,37.474264705882355,17.235294117647058,-20.238970588235297,-5.876350942858159
fixed_w5_t8_corrected,cool_nights,40730,37.16544117647059,18.235294117647058,-18.93014705882353,-5.558418140172383
fixed_w5_t8_corrected,cool_nights,40731,38.5,23.58823529411765,-14.911764705882351,-4.165684278616135
fixed_w5_t8_corrected,cool_nights,40732,37.64705882352941,17.941176470588236,-19.705882352941178,-5.4927264344386995
fixed_w5_t8_corrected,cool_nights,40734,38.106617647058826,15.294117647058824,-22.8125,-6.337167343233181
fixed_w5_t8_corrected,cool_nights,40736,37.94485294117647,19.41176470588235,-18.53308823529412,-5.303245206034847
fixed_w5_t8_corrected,cool_nights,40737,38.088235294117645,34.8235294117647,-3.264705882352942,-1.0314587921178937
fixed_w5_t8_corrected,cool_nights,40738,37.54044117647059,54.35294117647059,16.8125,4.512202886230387
fixed_w5_t8_corrected,cool_nights,40739,39.29044117647059,34.529411764705884,-4.761029411764703,-1.379053920649321
fixed_w5_t8_corrected,cool_nights,40740,38.341911764705884,82.58823529411765,44.24632352941177,12.124284277798917
fixed_w5_t8_corrected,cool_nights,40741,38.955882352941174,27.941176470588236,-11.014705882352938,-3.2031625324061554
fixed_w5_t8_corrected,cool_nights,40743,39.6875,22.11764705882353,-17.56985294117647,-4.938260073557609
fixed_w5_t8_corrected,cool_nights,40745,39.341911764705884,22.941176470588236,-16.40073529411765,-4.6568370299465345
fixed_w5_t8_corrected,cool_nights,40746,38.893382352941174,38.35294117647059,-0.540441176470587,-0.32608912924652067
fixed_w5_t8_corrected,cool_nights,40747,36.74632352941177,21.58823529411765,-15.15808823529412,-4.735919950394741
fixed_w5_t8_corrected,cool_nights,40748,37.48529411764706,21.470588235294116,-16.014705882352942,-5.007379835591304
fixed_w5_t8_corrected,cool_nights,40749,37.19117647058823,29.058823529411764,-8.132352941176467,-2.541195258640075
fixed_w5_t8_corrected,cool_nights,40751,38.5,24.294117647058822,-14.205882352941178,-3.9589016671085195
fixed_w5_t8_corrected,cool_nights,40752,39.22794117647059,25.11764705882353,-14.110294117647058,-4.009118069135486
fixed_w5_t8_corrected,cool_nights,40754,38.529411764705884,27.941176470588236,-10.588235294117649,-3.03359097600637
fixed_w5_t8_corrected,cool_nights,40755,38.68382352941177,30.941176470588236,-7.7426470588235325,-2.1362878458874377
fixed_w5_t8_corrected,cool_nights,40757,38.82720588235294,29.0,-9.827205882352942,-2.7596736297924407
fixed_w5_t8_corrected,cool_nights,40758,38.27205882352941,9.411764705882353,-28.860294117647058,-8.119409474092757
fixed_w5_t8_corrected,cool_nights,40762,38.900735294117645,27.647058823529413,-11.253676470588232,-3.1566699654595416
fixed_w5_t8_corrected,cool_nights,40763,39.375,28.88235294117647,-10.492647058823529,-2.93388521277899
fixed_w5_t8_corrected,cool_nights,40764,36.411764705882355,18.058823529411764,-18.35294117647059,-5.624475316012488
fixed_w5_t8_corrected,cool_nights,40765,37.6360294117647,15.529411764705882,-22.10661764705882,-6.319667026386212
fixed_w5_t8_corrected,cool_nights,40766,37.69117647058823,19.88235294117647,-17.80882352941176,-5.241962288495623
fixed_w5_t8_corrected,cool_nights,40768,36.25,27.176470588235293,-9.073529411764707,-2.8920715847571143
fixed_w5_t8_corrected,cool_nights,40769,35.029411764705884,23.0,-12.029411764705884,-3.8547439500964584
fixed_w5_t8_corrected,cool_nights,40770,36.143382352941174,19.88235294117647,-16.261029411764703,-4.5530563287960675
fixed_w5_t8_corrected,cool_nights,40771,36.43382352941177,19.529411764705884,-16.904411764705884,-5.113286811118331
fixed_w5_t8_corrected,cool_nights,40772,36.89705882352941,14.705882352941176,-22.19117647058824,-6.630248022984935
fixed_w5_t8_corrected,cool_nights,40774,36.51470588235294,13.764705882352942,-22.75,-6.82296509264238
fixed_w5_t8_corrected,cool_nights,40778,39.00367647058823,25.705882352941178,-13.297794117647054,-3.8777722578442138
fixed_w5_t8_corrected,cool_nights,40779,37.1139705882353,21.764705882352942,-15.349264705882355,-4.782800355583369
fixed_w5_t8_corrected,cool_nights,40780,38.205882352941174,55.88235294117647,17.676470588235297,4.802133156295682
fixed_w5_t8_corrected,cool_nights,40782,36.83455882352941,21.529411764705884,-15.305147058823529,-4.5857103805069634
fixed_w5_t8_corrected,cool_nights,40783,36.294117647058826,18.352941176470587,-17.94117647058824,-5.247162304433102
fixed_w5_t8_corrected,cool_nights,40785,37.38235294117647,18.470588235294116,-18.911764705882355,-5.231233231370209
fixed_w5_t8_corrected,cool_nights,40789,39.02205882352941,16.529411764705884,-22.49264705882353,-6.265201359887329
fixed_w5_t8_corrected,cool_nights,40791,38.89705882352941,23.647058823529413,-15.25,-4.377926709572776
fixed_w5_t8_corrected,cool_nights,40792,38.95220588235294,16.11764705882353,-22.834558823529413,-6.302675363329665
fixed_w5_t8_corrected,cool_nights,40793,39.12132352941177,21.058823529411764,-18.062500000000004,-5.175126658680865
fixed_w5_t8_corrected,cool_nights,40794,38.908088235294116,18.058823529411764,-20.84926470588235,-5.892241191193971
fixed_w5_t8_corrected,cool_nights,40796,38.38970588235294,21.823529411764707,-16.566176470588236,-4.718719802513671
fixed_w5_t8_corrected,cool_nights,40797,37.30882352941177,31.0,-6.308823529411768,-2.1486293720804674
fixed_w5_t8_corrected,cool_nights,40798,38.169117647058826,65.58823529411765,27.419117647058826,7.431989166738813
fixed_w5_t8_corrected,cool_nights,40802,36.68014705882353,59.35294117647059,22.672794117647058,6.033359379100014
fixed_w5_t8_corrected,cool_nights,40809,38.8639705882353,31.941176470588236,-6.9227941176470615,-1.9383272899961774
fixed_w5_t8_corrected,cool_nights,40810,37.54044117647059,14.176470588235293,-23.363970588235293,-6.591112966266078
fixed_w5_t8_corrected,cool_nights,40811,37.345588235294116,26.941176470588236,-10.40441176470588,-2.894423270335218
fixed_w5_t8_corrected,cool_nights,40812,37.0110294117647,22.88235294117647,-14.128676470588232,-4.225361247451869
fixed_w5_t8_corrected,cool_nights,40813,39.25,16.88235294117647,-22.36764705882353,-6.306057124657763
fixed_w5_t8_corrected,cool_nights,40818,38.2610294117647,22.941176470588236,-15.319852941176467,-4.261392053634814
fixed_w5_t8_corrected,cool_nights,40821,38.57720588235294,16.470588235294116,-22.106617647058826,-6.142837530105841
fixed_w5_t8_corrected,cool_nights,40827,38.5735294117647,30.11764705882353,-8.455882352941174,-2.450932564646072
fixed_w5_t8_corrected,cool_nights,40829,37.088235294117645,31.235294117647058,-5.852941176470587,-1.6418705043625792
fixed_w5_t8_corrected,cool_nights,40831,37.55514705882353,15.764705882352942,-21.790441176470587,-5.974293634540362
fixed_w5_t8_corrected,cool_nights,40832,37.724264705882355,17.11764705882353,-20.606617647058826,-5.955539773693133
fixed_w5_t8_corrected,cool_nights,40839,38.00367647058823,21.705882352941178,-16.297794117647054,-4.541173370280014
fixed_w5_t8_corrected,cool_nights,40841,37.654411764705884,20.235294117647058,-17.419117647058826,-4.837475893120073
fixed_w5_t8_corrected,cool_nights,40844,37.341911764705884,71.6470588235294,34.30514705882352,9.078008911639673
fixed_w5_t8_corrected,cool_nights,40847,37.3235294117647,18.470588235294116,-18.852941176470587,-5.283528804419906
fixed_w5_t8_corrected,cool_nights,40848,39.036764705882355,58.8235294117647,19.786764705882348,5.370137710751987
fixed_w5_t8_corrected,cool_nights,40849,37.49632352941177,33.23529411764706,-4.26102941176471,-1.1068646324910016
fixed_w5_t8_corrected,cool_nights,40851,37.11029411764706,30.352941176470587,-6.757352941176471,-1.9008052184898627
fixed_w5_t8_corrected,cool_nights,40853,36.29044117647059,15.294117647058824,-20.99632352941176,-5.774530034087232
fixed_w5_t8_corrected,cool_nights,40854,39.08455882352941,20.470588235294116,-18.613970588235297,-5.134416624658942
fixed_w5_t8_corrected,cool_nights,40856,39.11764705882353,27.11764705882353,-12.0,-3.349162389163274
fixed_w5_t8_corrected,cool_nights,40857,36.37132352941177,14.764705882352942,-21.606617647058826,-6.156318852978394
fixed_w5_t8_corrected,cool_nights,40858,34.33455882352941,14.647058823529411,-19.6875,-5.510861642025795
fixed_w5_t8_corrected,cool_nights,40859,35.80514705882353,13.117647058823529,-22.6875,-6.245554003030195
fixed_w5_t8_corrected,cool_nights,40870,38.68382352941177,18.764705882352942,-19.919117647058826,-5.500961838717961
fixed_w5_t8_corrected,cool_nights,40873,37.669117647058826,19.235294117647058,-18.433823529411768,-5.15609184193033
fixed_w5_t8_corrected,cool_nights,40875,37.99264705882353,31.41176470588235,-6.5808823529411775,-1.8291928837138638
fixed_w5_t8_corrected,cool_nights,40876,37.50367647058823,26.529411764705884,-10.974264705882348,-3.0258429822564317
fixed_w5_t8_corrected,cool_nights,40877,37.1985294117647,29.235294117647058,-7.963235294117645,-2.2061703784894764
fixed_w5_t8_corrected,cool_nights,40878,37.9889705882353,23.647058823529413,-14.341911764705884,-3.9525993778887347
fixed_w5_t8_corrected,cool_nights,40879,39.43014705882353,29.176470588235293,-10.253676470588236,-2.8349414584231685
fixed_w5_t8_corrected,cool_nights,40882,36.31985294117647,7.470588235294118,-28.849264705882355,-7.931456753461374
fixed_w5_t8_corrected,cool_nights,40883,37.55882352941177,16.764705882352942,-20.794117647058826,-5.7465084616694995
fixed_w5_t8_corrected,cool_nights,40889,35.981617647058826,21.0,-14.981617647058826,-4.675032321849521
fixed_w5_t8_corrected,cool_nights,40890,36.349264705882355,29.058823529411764,-7.2904411764705905,-2.0872372661143013
fixed_w5_t8_corrected,cool_nights,40893,37.17279411764706,18.647058823529413,-18.525735294117645,-5.255322977703965
fixed_w5_t8_corrected,cool_nights,40898,35.35294117647059,10.705882352941176,-24.647058823529413,-6.770387093737947
fixed_w5_t8_corrected,cool_nights,99407,38.62867647058823,24.058823529411764,-14.569852941176467,-4.218856149119754
fixed_w5_t8_corrected,cool_nights,99459,37.24264705882353,18.058823529411764,-19.183823529411764,-5.376652060720918
fixed_w5_t8_corrected,warm_days,40700,38.29044117647059,54.64705882352941,16.356617647058826,4.3039989048100225
fixed_w5_t8_corrected,warm_days,40701,39.93382352941177,69.94117647058823,30.007352941176464,8.18050535927777
fixed_w5_t8_corrected,warm_days,40702,39.80882352941177,65.94117647058823,26.132352941176464,7.098826050507595
fixed_w5_t8_corrected,warm_days,40703,39.3014705882353,75.17647058823529,35.87499999999999,9.753549415405619
fixed_w5_t8_corrected,warm_days,40704,39.3860294117647,66.6470588235294,27.261029411764703,7.3004486077022275
fixed_w5_t8_corrected,warm_days,40706,39.279411764705884,63.529411764705884,24.25,6.585778639736128
fixed_w5_t8_corrected,warm_days,40708,38.85294117647059,58.8235294117647,19.970588235294116,5.224101558278081
fixed_w5_t8_corrected,warm_days,40709,38.6360294117647,67.6470588235294,29.011029411764703,7.916485032497954
fixed_w5_t8_corrected,warm_days,40710,38.525735294117645,61.64705882352941,23.121323529411768,6.25793791824883
fixed_w5_t8_corrected,warm_days,40712,39.31617647058823,81.70588235294117,42.38970588235294,11.579908102398234
fixed_w5_t8_corrected,warm_days,40713,39.3860294117647,101.23529411764706,61.849264705882355,16.94801186803431
fixed_w5_t8_corrected,warm_days,40716,39.77205882352941,70.70588235294117,30.93382352941176,8.397801692829805
fixed_w5_t8_corrected,warm_days,40717,37.67279411764706,76.70588235294117,39.033088235294116,10.611425594263931
fixed_w5_t8_corrected,warm_days,40718,37.731617647058826,114.3529411764706,76.62132352941177,20.59976787895416
fixed_w5_t8_corrected,warm_days,40719,38.67279411764706,48.11764705882353,9.444852941176471,2.384506501340889
fixed_w5_t8_corrected,warm_days,40723,37.294117647058826,57.529411764705884,20.235294117647058,5.261712452220433
fixed_w5_t8_corrected,warm_days,40724,38.11029411764706,77.82352941176471,39.71323529411765,10.76329659140972
fixed_w5_t8_corrected,warm_days,40726,38.35294117647059,76.94117647058823,38.588235294117645,10.569374235119852
fixed_w5_t8_corrected,warm_days,40727,38.404411764705884,70.3529411764706,31.94852941176471,8.641693820563145
fixed_w5_t8_corrected,warm_days,40728,38.5110294117647,71.23529411764706,32.724264705882355,9.069728007117725
fixed_w5_t8_corrected,warm_days,40729,38.099264705882355,96.76470588235294,58.66544117647059,16.19574241044846
fixed_w5_t8_corrected,warm_days,40730,38.75735294117647,70.82352941176471,32.06617647058824,8.814684376252155
fixed_w5_t8_corrected,warm_days,40731,38.88235294117647,67.82352941176471,28.94117647058824,7.872823293928434
fixed_w5_t8_corrected,warm_days,40732,39.37132352941177,81.70588235294117,42.334558823529406,11.484417791055503
fixed_w5_t8_corrected,warm_days,40734,38.525735294117645,76.29411764705883,37.76838235294118,10.302785270510075
fixed_w5_t8_corrected,warm_days,40736,38.205882352941174,59.411764705882355,21.20588235294118,5.678589699113562
fixed_w5_t8_corrected,warm_days,40737,38.599264705882355,67.94117647058823,29.341911764705877,7.965072574776212
fixed_w5_t8_corrected,warm_days,40738,38.845588235294116,71.29411764705883,32.44852941176471,8.852989748827717
fixed_w5_t8_corrected,warm_days,40739,38.8014705882353,50.0,11.198529411764703,3.0302830841490955
fixed_w5_t8_corrected,warm_days,40740,39.05882352941177,53.35294117647059,14.294117647058819,3.8502829611374807
fixed_w5_t8_corrected,warm_days,40741,38.68014705882353,68.23529411764706,29.55514705882353,8.043826730768215
fixed_w5_t8_corrected,warm_days,40743,38.57720588235294,55.11764705882353,16.540441176470587,4.481901893653383
fixed_w5_t8_corrected,warm_days,40745,39.2389705882353,61.470588235294116,22.23161764705882,5.9691175015473
fixed_w5_t8_corrected,warm_days,40746,39.2610294117647,61.588235294117645,22.327205882352942,6.069888868873225
fixed_w5_t8_corrected,warm_days,40747,39.0514705882353,82.52941176470588,43.47794117647059,11.828328632095879
fixed_w5_t8_corrected,warm_days,40748,39.125,83.52941176470588,44.404411764705884,12.086658860984498
fixed_w5_t8_corrected,warm_days,40749,38.779411764705884,85.6470588235294,46.86764705882352,12.778906831355668
fixed_w5_t8_corrected,warm_days,40751,38.61029411764706,86.0,47.38970588235294,13.054126149730731
fixed_w5_t8_corrected,warm_days,40752,38.411764705882355,67.82352941176471,29.411764705882355,8.122694331932884
fixed_w5_t8_corrected,warm_days,40754,38.095588235294116,45.470588235294116,7.375,1.915579635525729
fixed_w5_t8_corrected,warm_days,40755,38.81985294117647,62.705882352941174,23.886029411764703,6.6921384831412425
fixed_w5_t8_corrected,warm_days,40757,38.70955882352941,62.64705882352941,23.9375,6.606612320018655
fixed_w5_t8_corrected,warm_days,40758,38.724264705882355,43.8235294117647,5.099264705882348,1.3264062529260752
fixed_w5_t8_corrected,warm_days,40762,39.404411764705884,71.58823529411765,32.18382352941177,8.733440980092968
fixed_w5_t8_corrected,warm_days,40763,39.26470588235294,62.35294117647059,23.088235294117645,6.348631825411099
fixed_w5_t8_corrected,warm_days,40764,37.963235294117645,78.94117647058823,40.97794117647059,11.236901809550583
fixed_w5_t8_corrected,warm_days,40765,38.466911764705884,69.76470588235294,31.297794117647058,8.703422247650238
fixed_w5_t8_corrected,warm_days,40766,39.42279411764706,49.05882352941177,9.63602941176471,2.7108896518522734
fixed_w5_t8_corrected,warm_days,40768,38.14705882352941,72.6470588235294,34.49999999999999,9.532997417572755
fixed_w5_t8_corrected,warm_days,40769,38.080882352941174,71.88235294117646,33.80147058823529,9.310829121502827
fixed_w5_t8_corrected,warm_days,40770,36.8639705882353,79.0,42.1360294117647,11.595440724448622
fixed_w5_t8_corrected,warm_days,40771,37.536764705882355,79.11764705882354,41.58088235294118,11.445771175355764
fixed_w5_t8_corrected,warm_days,40772,38.63235294117647,85.47058823529412,46.838235294117645,12.915172955408696
fixed_w5_t8_corrected,warm_days,40774,37.95220588235294,77.41176470588235,39.459558823529406,10.62020699272312
fixed_w5_t8_corrected,warm_days,40778,39.50367647058823,63.411764705882355,23.908088235294123,6.499294829542249
fixed_w5_t8_corrected,warm_days,40779,37.981617647058826,62.294117647058826,24.3125,6.61149628967774
fixed_w5_t8_corrected,warm_days,40780,38.74632352941177,107.76470588235294,69.01838235294117,18.96097086076101
fixed_w5_t8_corrected,warm_days,40782,37.724264705882355,81.6470588235294,43.92279411764705,11.978276489657823
fixed_w5_t8_corrected,warm_days,40783,38.8639705882353,69.6470588235294,30.78308823529411,8.417367807414367
fixed_w5_t8_corrected,warm_days,40785,37.338235294117645,71.3529411764706,34.01470588235295,9.31644569261326
fixed_w5_t8_corrected,warm_days,40789,39.24264705882353,68.52941176470588,29.286764705882355,7.993929370932948
fixed_w5_t8_corrected,warm_days,40791,39.56985294117647,74.52941176470588,34.95955882352941,9.561617177203589
fixed_w5_t8_corrected,warm_days,40792,39.724264705882355,48.23529411764706,8.511029411764703,2.2824442216950978
fixed_w5_t8_corrected,warm_days,40793,39.705882352941174,72.70588235294117,33.0,9.04286065973132
fixed_w5_t8_corrected,warm_days,40794,38.125,75.11764705882354,36.992647058823536,10.13822947804121
fixed_w5_t8_corrected,warm_days,40796,38.095588235294116,102.52941176470588,64.43382352941177,17.75825287977379
fixed_w5_t8_corrected,warm_days,40797,37.9889705882353,96.0,58.0110294117647,15.92884035313263
fixed_w5_t8_corrected,warm_days,40798,39.154411764705884,84.05882352941177,44.904411764705884,12.341383955426904
fixed_w5_t8_corrected,warm_days,40802,38.10294117647059,60.64705882352941,22.544117647058826,6.174373508515886
fixed_w5_t8_corrected,warm_days,40809,39.529411764705884,62.05882352941177,22.529411764705884,6.148368681719976
fixed_w5_t8_corrected,warm_days,40810,37.16544117647059,81.76470588235294,44.599264705882355,12.222055775993287
fixed_w5_t8_corrected,warm_days,40811,37.419117647058826,78.0,40.580882352941174,11.153854780191425
fixed_w5_t8_corrected,warm_days,40812,37.74264705882353,77.0,39.25735294117647,10.681663798283601
fixed_w5_t8_corrected,warm_days,40813,38.400735294117645,79.52941176470588,41.12867647058824,11.298999615764854
fixed_w5_t8_corrected,warm_days,40818,38.37132352941177,66.94117647058823,28.569852941176464,7.810908645415209
fixed_w5_t8_corrected,warm_days,40821,37.650735294117645,64.17647058823529,26.525735294117645,7.27878553335248
fixed_w5_t8_corrected,warm_days,40827,39.95220588235294,66.29411764705883,26.341911764705884,7.251721536502517
fixed_w5_t8_corrected,warm_days,40829,38.408088235294116,78.47058823529412,40.0625,10.962355062430312
fixed_w5_t8_corrected,warm_days,40831,37.69117647058823,74.82352941176471,37.13235294117648,10.21240135955451
fixed_w5_t8_corrected,warm_days,40832,36.419117647058826,67.52941176470588,31.110294117647058,8.49315665928518
fixed_w5_t8_corrected,warm_days,40839,38.32720588235294,61.1764705882353,22.849264705882355,6.591644405607951
fixed_w5_t8_corrected,warm_days,40841,38.04044117647059,65.76470588235294,27.724264705882355,7.594968642762975
fixed_w5_t8_corrected,warm_days,40844,38.158088235294116,82.94117647058823,44.783088235294116,12.365322367118855
fixed_w5_t8_corrected,warm_days,40847,37.25735294117647,100.41176470588235,63.15441176470588,17.3270038330561
fixed_w5_t8_corrected,warm_days,40848,37.393382352941174,81.41176470588235,44.018382352941174,12.054563725052274
fixed_w5_t8_corrected,warm_days,40849,38.231617647058826,75.3529411764706,37.12132352941177,10.44074057364865
fixed_w5_t8_corrected,warm_days,40851,38.5,72.11764705882354,33.617647058823536,9.230459130494062
fixed_w5_t8_corrected,warm_days,40853,37.70220588235294,76.29411764705883,38.591911764705884,10.661960404635126
fixed_w5_t8_corrected,warm_days,40854,38.06985294117647,71.05882352941177,32.9889705882353,9.03349363933173
fixed_w5_t8_corrected,warm_days,40856,38.9889705882353,54.529411764705884,15.540441176470587,4.2117411741928255
fixed_w5_t8_corrected,warm_days,40857,37.779411764705884,114.52941176470588,76.75,21.279558634710842
fixed_w5_t8_corrected,warm_days,40858,36.54779411764706,36.94117647058823,0.39338235294117396,0.023781728191849538
fixed_w5_t8_corrected,warm_days,40859,35.588235294117645,65.82352941176471,30.235294117647065,8.291049343347249
fixed_w5_t8_corrected,warm_days,40870,39.375,64.70588235294117,25.330882352941174,6.8955081571294325
fixed_w5_t8_corrected,warm_days,40873,37.224264705882355,68.88235294117646,31.65808823529411,8.6729063274152
fixed_w5_t8_corrected,warm_days,40875,38.544117647058826,59.588235294117645,21.04411764705882,5.756167599815548
fixed_w5_t8_corrected,warm_days,40876,38.716911764705884,72.70588235294117,33.98897058823529,9.35899751552351
fixed_w5_t8_corrected,warm_days,40877,37.92279411764706,54.470588235294116,16.547794117647058,4.561667212016937
fixed_w5_t8_corrected,warm_days,40878,38.8235294117647,63.0,24.176470588235297,6.6020109765761585
fixed_w5_t8_corrected,warm_days,40879,38.05882352941177,60.588235294117645,22.529411764705877,6.167129236261342
fixed_w5_t8_corrected,warm_days,40882,37.45220588235294,57.94117647058823,20.48897058823529,5.607101728990985
fixed_w5_t8_corrected,warm_days,40883,37.24264705882353,61.23529411764706,23.99264705882353,6.591169061887657
fixed_w5_t8_corrected,warm_days,40889,37.05514705882353,70.70588235294117,33.650735294117645,9.124537361890672
fixed_w5_t8_corrected,warm_days,40890,36.5110294117647,105.0,68.4889705882353,18.811823945563326
fixed_w5_t8_corrected,warm_days,40893,37.70220588235294,40.705882352941174,3.003676470588232,0.8310356406765944
fixed_w5_t8_corrected,warm_days,40898,38.474264705882355,60.705882352941174,22.23161764705882,6.142987561286004
fixed_w5_t8_corrected,warm_days,99407,38.8125,57.705882352941174,18.893382352941174,5.240695432793096
fixed_w5_t8_corrected,warm_days,99459,37.4375,90.76470588235294,53.32720588235294,14.72177984152968
fixed_w5_t8_corrected,warm_nights,40700,36.474264705882355,59.94117647058823,23.466911764705877,5.876736848654703
fixed_w5_t8_corrected,warm_nights,40701,36.8125,68.05882352941177,31.246323529411768,8.128167807281939
fixed_w5_t8_corrected,warm_nights,40702,36.3125,76.58823529411765,40.27573529411765,10.587463151136644
fixed_w5_t8_corrected,warm_nights,40703,36.981617647058826,81.94117647058823,44.959558823529406,11.93782841848467
fixed_w5_t8_corrected,warm_nights,40704,35.94117647058823,60.64705882352941,24.70588235294118,6.366927210169965
fixed_w5_t8_corrected,warm_nights,40706,37.463235294117645,52.8235294117647,15.360294117647058,3.9644941027522655
fixed_w5_t8_corrected,warm_nights,40708,36.099264705882355,70.29411764705883,34.19485294117647,8.938053073081926
fixed_w5_t8_corrected,warm_nights,40709,37.25367647058823,71.05882352941177,33.805147058823536,9.262900515147207
fixed_w5_t8_corrected,warm_nights,40710,36.294117647058826,60.411764705882355,24.11764705882353,6.383518479524421
fixed_w5_t8_corrected,warm_nights,40712,36.783088235294116,45.35294117647059,8.569852941176471,2.158073003274426
fixed_w5_t8_corrected,warm_nights,40713,37.205882352941174,72.70588235294117,35.5,9.421596168087657
fixed_w5_t8_corrected,warm_nights,40716,35.963235294117645,71.82352941176471,35.860294117647065,9.373373078375716
fixed_w5_t8_corrected,warm_nights,40717,36.79779411764706,67.41176470588235,30.61397058823529,8.061507349319657
fixed_w5_t8_corrected,warm_nights,40718,36.29044117647059,66.17647058823529,29.886029411764703,7.725347102372741
fixed_w5_t8_corrected,warm_nights,40719,36.61764705882353,83.47058823529412,46.85294117647059,12.619704896072795
fixed_w5_t8_corrected,warm_nights,40723,36.55882352941177,57.05882352941177,20.5,5.244798358756611
fixed_w5_t8_corrected,warm_nights,40724,34.966911764705884,84.41176470588235,49.444852941176464,13.164644163557163
fixed_w5_t8_corrected,warm_nights,40726,37.04044117647059,62.05882352941177,25.01838235294118,6.572466714010538
fixed_w5_t8_corrected,warm_nights,40727,35.35294117647059,62.411764705882355,27.058823529411768,6.942917397642615
fixed_w5_t8_corrected,warm_nights,40728,36.37132352941177,57.35294117647059,20.98161764705882,5.566355231149846
fixed_w5_t8_corrected,warm_nights,40729,37.11029411764706,67.70588235294117,30.595588235294116,8.202880880350444
fixed_w5_t8_corrected,warm_nights,40730,36.94485294117647,72.17647058823529,35.23161764705882,9.443542857147406
fixed_w5_t8_corrected,warm_nights,40731,37.088235294117645,58.64705882352941,21.558823529411768,5.8024567994497485
fixed_w5_t8_corrected,warm_nights,40732,37.69117647058823,83.82352941176471,46.13235294117648,12.5744923960442
fixed_w5_t8_corrected,warm_nights,40734,36.713235294117645,82.82352941176471,46.110294117647065,12.583247581027052
fixed_w5_t8_corrected,warm_nights,40736,36.908088235294116,75.0,38.091911764705884,10.32386262590213
fixed_w5_t8_corrected,warm_nights,40737,36.724264705882355,59.8235294117647,23.099264705882348,6.240438831478286
fixed_w5_t8_corrected,warm_nights,40738,37.19485294117647,41.35294117647059,4.158088235294116,1.0601962682221728
fixed_w5_t8_corrected,warm_nights,40739,38.6139705882353,44.529411764705884,5.915441176470587,1.5616232447022913
fixed_w5_t8_corrected,warm_nights,40740,37.856617647058826,26.823529411764707,-11.03308823529412,-3.116162769028973
fixed_w5_t8_corrected,warm_nights,40741,38.455882352941174,58.529411764705884,20.07352941176471,5.370581561260051
fixed_w5_t8_corrected,warm_nights,40743,37.72794117647059,57.705882352941174,19.977941176470587,5.34111747530277
fixed_w5_t8_corrected,warm_nights,40745,37.93382352941177,71.23529411764706,33.30147058823529,9.07096990899469
fixed_w5_t8_corrected,warm_nights,40746,38.26470588235294,48.76470588235294,10.5,2.790770245302248
fixed_w5_t8_corrected,warm_nights,40747,36.529411764705884,52.705882352941174,16.17647058823529,3.884598935640115
fixed_w5_t8_corrected,warm_nights,40748,36.150735294117645,70.0,33.849264705882355,8.79309158743035
fixed_w5_t8_corrected,warm_nights,40749,37.213235294117645,58.411764705882355,21.19852941176471,5.555512542296743
fixed_w5_t8_corrected,warm_nights,40751,37.408088235294116,51.94117647058823,14.533088235294116,4.004872984742779
fixed_w5_t8_corrected,warm_nights,40752,37.35294117647059,57.05882352941177,19.70588235294118,5.427719719039706
fixed_w5_t8_corrected,warm_nights,40754,36.00367647058823,40.35294117647059,4.349264705882355,1.1193321898452187
fixed_w5_t8_corrected,warm_nights,40755,38.1985294117647,48.470588235294116,10.272058823529413,2.845964990254899
fixed_w5_t8_corrected,warm_nights,40757,37.904411764705884,49.588235294117645,11.683823529411761,3.1411631165304037
fixed_w5_t8_corrected,warm_nights,40758,37.231617647058826,118.82352941176471,81.59191176470588,22.337085558296337
fixed_w5_t8_corrected,warm_nights,40762,38.400735294117645,58.1764705882353,19.775735294117652,5.372727696253662
fixed_w5_t8_corrected,warm_nights,40763,38.82720588235294,54.294117647058826,15.466911764705884,4.20279022198541
fixed_w5_t8_corrected,warm_nights,40764,36.981617647058826,54.8235294117647,17.841911764705877,4.422310588094161
fixed_w5_t8_corrected,warm_nights,40765,37.8639705882353,65.52941176470588,27.665441176470587,7.586227171440205
fixed_w5_t8_corrected,warm_nights,40766,37.97794117647059,57.588235294117645,19.610294117647058,5.224492648405548
fixed_w5_t8_corrected,warm_nights,40768,36.481617647058826,50.11764705882353,13.636029411764703,3.6272410263285337
fixed_w5_t8_corrected,warm_nights,40769,35.67279411764706,55.529411764705884,19.856617647058826,5.038846762822224
fixed_w5_t8_corrected,warm_nights,40770,35.404411764705884,65.17647058823529,29.772058823529406,8.172092898795
fixed_w5_t8_corrected,warm_nights,40771,37.169117647058826,53.0,15.830882352941174,3.988231697412415
fixed_w5_t8_corrected,warm_nights,40772,36.900735294117645,77.47058823529412,40.56985294117647,10.901951878254545
fixed_w5_t8_corrected,warm_nights,40774,36.61764705882353,82.3529411764706,45.735294117647065,12.04774058333323
fixed_w5_t8_corrected,warm_nights,40778,38.025735294117645,62.0,23.974264705882355,6.490438289599107
fixed_w5_t8_corrected,warm_nights,40779,37.44485294117647,57.294117647058826,19.849264705882355,4.985998391044841
fixed_w5_t8_corrected,warm_nights,40780,38.849264705882355,25.647058823529413,-13.202205882352942,-3.718196032785584
fixed_w5_t8_corrected,warm_nights,40782,37.8639705882353,56.64705882352941,18.783088235294116,4.827526185625414
fixed_w5_t8_corrected,warm_nights,40783,36.88235294117647,63.94117647058823,27.05882352941176,7.176207358061426
fixed_w5_t8_corrected,warm_nights,40785,36.720588235294116,71.29411764705883,34.57352941176471,9.448493569292527
fixed_w5_t8_corrected,warm_nights,40789,38.04779411764706,76.47058823529412,38.42279411764706,10.480245226834814
fixed_w5_t8_corrected,warm_nights,40791,37.57720588235294,69.0,31.422794117647058,8.512196865188352
fixed_w5_t8_corrected,warm_nights,40792,37.97794117647059,78.94117647058823,40.963235294117645,11.207280231747392
fixed_w5_t8_corrected,warm_nights,40793,37.68382352941177,66.52941176470588,28.845588235294116,7.848079389593659
fixed_w5_t8_corrected,warm_nights,40794,38.13970588235294,64.70588235294117,26.566176470588232,7.200065050853677
fixed_w5_t8_corrected,warm_nights,40796,37.3235294117647,64.52941176470588,27.20588235294118,7.363408242312078
fixed_w5_t8_corrected,warm_nights,40797,36.3014705882353,51.1764705882353,14.875,3.829140258405623
fixed_w5_t8_corrected,warm_nights,40798,37.74632352941177,31.470588235294116,-6.275735294117652,-1.878652033282215
fixed_w5_t8_corrected,warm_nights,40802,37.66544117647059,44.294117647058826,6.628676470588239,1.6701136457392352
fixed_w5_t8_corrected,warm_nights,40809,38.75,47.94117647058823,9.191176470588232,2.4949157562165727
fixed_w5_t8_corrected,warm_nights,40810,37.720588235294116,89.52941176470588,51.80882352941177,14.100727202651186
fixed_w5_t8_corrected,warm_nights,40811,37.525735294117645,75.0,37.474264705882355,10.267246202495391
fixed_w5_t8_corrected,warm_nights,40812,36.654411764705884,67.0,30.345588235294116,8.049671716136848
fixed_w5_t8_corrected,warm_nights,40813,37.2389705882353,81.29411764705883,44.05514705882353,11.998012414998964
fixed_w5_t8_corrected,warm_nights,40818,36.73529411764706,75.11764705882354,38.38235294117648,10.487527170570633
fixed_w5_t8_corrected,warm_nights,40821,38.55514705882353,80.17647058823529,41.62132352941176,11.407975794892248
fixed_w5_t8_corrected,warm_nights,40827,37.6764705882353,47.0,9.323529411764703,2.4947908705765744
fixed_w5_t8_corrected,warm_nights,40829,36.849264705882355,69.47058823529412,32.62132352941176,8.915493584763887
fixed_w5_t8_corrected,warm_nights,40831,38.0,91.82352941176471,53.82352941176471,14.775441611838078
fixed_w5_t8_corrected,warm_nights,40832,37.036764705882355,77.58823529411765,40.5514705882353,10.931691465671511
fixed_w5_t8_corrected,warm_nights,40839,36.99632352941177,58.0,21.003676470588232,5.83800233777181
fixed_w5_t8_corrected,warm_nights,40841,37.29044117647059,57.588235294117645,20.297794117647058,5.529177523477079
fixed_w5_t8_corrected,warm_nights,40844,34.466911764705884,26.352941176470587,-8.113970588235297,-2.5568159909599704
fixed_w5_t8_corrected,warm_nights,40847,38.44117647058823,81.88235294117646,43.44117647058823,11.822956781661222
fixed_w5_t8_corrected,warm_nights,40848,36.768382352941174,28.352941176470587,-8.415441176470587,-2.3589284046749377
fixed_w5_t8_corrected,warm_nights,40849,37.06617647058823,44.35294117647059,7.286764705882355,2.0582214846500655
fixed_w5_t8_corrected,warm_nights,40851,37.45220588235294,56.76470588235294,19.3125,5.277855183594241
fixed_w5_t8_corrected,warm_nights,40853,34.74264705882353,71.17647058823529,36.43382352941176,10.086166647479098
fixed_w5_t8_corrected,warm_nights,40854,38.49632352941177,76.94117647058823,38.444852941176464,10.582123015085346
fixed_w5_t8_corrected,warm_nights,40856,38.4375,51.76470588235294,13.327205882352942,3.605282353123748
fixed_w5_t8_corrected,warm_nights,40857,36.13235294117647,69.05882352941177,32.9264705882353,8.9972546420567
fixed_w5_t8_corrected,warm_nights,40858,35.911764705882355,83.58823529411765,47.6764705882353,13.02615450486363
fixed_w5_t8_corrected,warm_nights,40859,35.29044117647059,93.94117647058823,58.650735294117645,16.102543358460807
fixed_w5_t8_corrected,warm_nights,40870,37.97794117647059,56.64705882352941,18.669117647058826,5.111135377207031
fixed_w5_t8_corrected,warm_nights,40873,36.32720588235294,70.3529411764706,34.02573529411765,9.309238962512536
fixed_w5_t8_corrected,warm_nights,40875,35.43382352941177,54.529411764705884,19.095588235294116,5.223138456791933
fixed_w5_t8_corrected,warm_nights,40876,35.713235294117645,63.64705882352941,27.933823529411768,7.649674727636047
fixed_w5_t8_corrected,warm_nights,40877,37.12132352941177,58.1764705882353,21.05514705882353,5.786369767848829
fixed_w5_t8_corrected,warm_nights,40878,36.849264705882355,50.23529411764706,13.386029411764703,3.6563882970739616
fixed_w5_t8_corrected,warm_nights,40879,37.411764705882355,55.05882352941177,17.647058823529413,4.827366190771103
fixed_w5_t8_corrected,warm_nights,40882,36.169117647058826,65.76470588235294,29.595588235294116,8.083858464069994
fixed_w5_t8_corrected,warm_nights,40883,36.87132352941177,39.470588235294116,2.599264705882348,0.6918074415038227
fixed_w5_t8_corrected,warm_nights,40889,35.60294117647059,55.35294117647059,19.75,5.359379083273444
fixed_w5_t8_corrected,warm_nights,40890,35.17279411764706,47.411764705882355,12.238970588235297,3.302051348679587
fixed_w5_t8_corrected,warm_nights,40893,36.341911764705884,52.05882352941177,15.716911764705884,4.240287616545626
fixed_w5_t8_corrected,warm_nights,40898,37.99264705882353,90.23529411764706,52.24264705882353,14.322187584288347
fixed_w5_t8_corrected,warm_nights,99407,36.79044117647059,64.05882352941177,27.26838235294118,7.449116194622112
fixed_w5_t8_corrected,warm_nights,99459,37.275735294117645,66.76470588235294,29.488970588235297,7.984288706355258
full_w11_t7,cool_days,40700,36.23529411764706,33.0,-3.235294117647058,-1.0900732190170999
full_w11_t7,cool_days,40701,42.0,26.235294117647058,-15.764705882352942,-4.457918953757476
full_w11_t7,cool_days,40702,41.76470588235294,27.41176470588235,-14.35294117647059,-4.01326722893779
full_w11_t7,cool_days,40703,42.529411764705884,26.058823529411764,-16.47058823529412,-4.618475265840494
full_w11_t7,cool_days,40704,41.470588235294116,28.352941176470587,-13.117647058823529,-3.7933969493935065
full_w11_t7,cool_days,40706,41.64705882352941,27.88235294117647,-13.764705882352942,-3.836808966498606
full_w11_t7,cool_days,40708,42.588235294117645,27.88235294117647,-14.705882352941174,-4.249743909441937
full_w11_t7,cool_days,40709,41.588235294117645,27.235294117647058,-14.352941176470587,-4.0412634376424075
full_w11_t7,cool_days,40710,39.35294117647059,29.058823529411764,-10.294117647058822,-2.946576085084942
full_w11_t7,cool_days,40712,43.05882352941177,24.294117647058822,-18.764705882352946,-5.219564808393766
full_w11_t7,cool_days,40713,47.76470588235294,21.176470588235293,-26.58823529411765,-7.41598193618647
full_w11_t7,cool_days,40716,46.64705882352941,23.41176470588235,-23.23529411764706,-6.463764408847219
full_w11_t7,cool_days,40717,43.94117647058823,25.823529411764707,-18.117647058823525,-5.1101835106112885
full_w11_t7,cool_days,40718,42.0,25.176470588235293,-16.823529411764707,-5.0458735938085155
full_w11_t7,cool_days,40719,39.529411764705884,28.58823529411765,-10.941176470588236,-3.1966675730038885
full_w11_t7,cool_days,40723,40.8235294117647,27.705882352941178,-13.117647058823525,-3.904623120356945
full_w11_t7,cool_days,40724,42.529411764705884,24.941176470588236,-17.58823529411765,-4.954835414692724
full_w11_t7,cool_days,40726,42.64705882352941,25.705882352941178,-16.941176470588236,-4.72192749685352
full_w11_t7,cool_days,40727,42.529411764705884,25.941176470588236,-16.58823529411765,-4.642023877336279
full_w11_t7,cool_days,40728,43.529411764705884,23.88235294117647,-19.647058823529413,-5.409918489558928
full_w11_t7,cool_days,40729,47.05882352941177,22.41176470588235,-24.647058823529417,-6.7807980834907795
full_w11_t7,cool_days,40730,42.05882352941177,27.764705882352942,-14.294117647058826,-3.934791512870789
full_w11_t7,cool_days,40731,44.76470588235294,24.764705882352942,-20.0,-5.519520364362194
full_w11_t7,cool_days,40732,40.94117647058823,26.058823529411764,-14.882352941176467,-4.275490364548911
full_w11_t7,cool_days,40734,41.0,26.41176470588235,-14.588235294117649,-4.184511780645999
full_w11_t7,cool_days,40736,39.88235294117647,26.764705882352942,-13.117647058823529,-3.742597608807092
full_w11_t7,cool_days,40737,41.23529411764706,28.176470588235293,-13.058823529411764,-3.6924721211869187
full_w11_t7,cool_days,40738,42.529411764705884,26.764705882352942,-15.764705882352942,-4.472544791407923
full_w11_t7,cool_days,40739,41.0,28.058823529411764,-12.941176470588236,-3.569920785878259
full_w11_t7,cool_days,40740,37.88235294117647,31.470588235294116,-6.411764705882355,-1.811311093314412
full_w11_t7,cool_days,40741,43.705882352941174,26.58823529411765,-17.117647058823525,-4.755807054625279
full_w11_t7,cool_days,40743,40.88235294117647,28.58823529411765,-12.294117647058822,-3.4334245900776343
full_w11_t7,cool_days,40745,40.76470588235294,29.823529411764707,-10.941176470588236,-3.125428134082652
full_w11_t7,cool_days,40746,41.588235294117645,27.11764705882353,-14.470588235294116,-4.100927007016072
full_w11_t7,cool_days,40747,45.1764705882353,23.0,-22.176470588235297,-6.16489867745749
full_w11_t7,cool_days,40748,46.1764705882353,22.88235294117647,-23.294117647058826,-6.453259729427078
full_w11_t7,cool_days,40749,45.88235294117647,22.176470588235293,-23.705882352941178,-6.580294601267439
full_w11_t7,cool_days,40751,47.0,21.11764705882353,-25.88235294117647,-7.207714727953774
full_w11_t7,cool_days,40752,45.705882352941174,23.58823529411765,-22.117647058823525,-6.065076582840779
full_w11_t7,cool_days,40754,39.64705882352941,27.705882352941178,-11.941176470588236,-3.3636687277733133
full_w11_t7,cool_days,40755,44.76470588235294,23.58823529411765,-21.176470588235293,-5.797336243621434
full_w11_t7,cool_days,40757,43.64705882352941,24.176470588235293,-19.47058823529412,-5.33101615253438
full_w11_t7,cool_days,40758,38.411764705882355,28.88235294117647,-9.529411764705884,-2.660060365570809
full_w11_t7,cool_days,40762,44.470588235294116,25.235294117647058,-19.235294117647058,-5.389564266006763
full_w11_t7,cool_days,40763,42.23529411764706,27.294117647058822,-14.941176470588236,-4.098136843500023
full_w11_t7,cool_days,40764,42.294117647058826,25.235294117647058,-17.058823529411768,-4.719629926705139
full_w11_t7,cool_days,40765,42.529411764705884,24.235294117647058,-18.294117647058826,-5.025892023437768
full_w11_t7,cool_days,40766,39.05882352941177,28.058823529411764,-11.000000000000004,-2.9815883750327075
full_w11_t7,cool_days,40768,44.64705882352941,23.0,-21.647058823529413,-5.93482192824444
full_w11_t7,cool_days,40769,44.470588235294116,24.176470588235293,-20.294117647058822,-5.60565914641047
full_w11_t7,cool_days,40770,43.294117647058826,24.0,-19.294117647058826,-5.297326028943004
full_w11_t7,cool_days,40771,43.294117647058826,23.823529411764707,-19.47058823529412,-5.369715289904878
full_w11_t7,cool_days,40772,44.64705882352941,22.647058823529413,-22.0,-6.060719711826762
full_w11_t7,cool_days,40774,44.411764705882355,23.41176470588235,-21.000000000000004,-5.908782218670312
full_w11_t7,cool_days,40778,43.8235294117647,26.0,-17.823529411764703,-5.045966441913842
full_w11_t7,cool_days,40779,41.23529411764706,26.529411764705884,-14.705882352941174,-4.08827842313244
full_w11_t7,cool_days,40780,48.05882352941177,18.764705882352942,-29.294117647058826,-8.099414618061415
full_w11_t7,cool_days,40782,43.1764705882353,23.88235294117647,-19.294117647058826,-5.361447995642682
full_w11_t7,cool_days,40783,44.35294117647059,22.294117647058822,-22.058823529411764,-6.125365846666551
full_w11_t7,cool_days,40785,42.411764705882355,25.470588235294116,-16.94117647058824,-4.74196522603527
full_w11_t7,cool_days,40789,42.8235294117647,26.470588235294116,-16.352941176470587,-4.5128648998164405
full_w11_t7,cool_days,40791,43.35294117647059,25.0,-18.352941176470587,-5.09238174922095
full_w11_t7,cool_days,40792,38.470588235294116,31.352941176470587,-7.117647058823529,-1.9890424544236947
full_w11_t7,cool_days,40793,44.588235294117645,24.764705882352942,-19.823529411764703,-5.586630715167874
full_w11_t7,cool_days,40794,42.529411764705884,24.823529411764707,-17.705882352941178,-4.90348399553343
full_w11_t7,cool_days,40796,46.76470588235294,19.647058823529413,-27.11764705882353,-7.4885773696664835
full_w11_t7,cool_days,40797,47.470588235294116,19.764705882352942,-27.705882352941174,-7.710864110296291
full_w11_t7,cool_days,40798,45.411764705882355,23.647058823529413,-21.764705882352942,-5.999367365165352
full_w11_t7,cool_days,40802,41.05882352941177,27.0,-14.058823529411768,-3.8727262119352135
full_w11_t7,cool_days,40809,41.8235294117647,27.705882352941178,-14.117647058823525,-3.9231444886050486
full_w11_t7,cool_days,40810,45.529411764705884,20.88235294117647,-24.647058823529413,-6.814059102165068
full_w11_t7,cool_days,40811,42.1764705882353,25.0,-17.176470588235297,-4.6954361329626195
full_w11_t7,cool_days,40812,42.76470588235294,24.0,-18.764705882352942,-5.225240138890033
full_w11_t7,cool_days,40813,43.11764705882353,21.529411764705884,-21.588235294117645,-5.914531993872759
full_w11_t7,cool_days,40818,38.294117647058826,30.176470588235293,-8.117647058823533,-2.2306247802771058
full_w11_t7,cool_days,40821,39.76470588235294,29.294117647058822,-10.47058823529412,-2.8905383918502885
full_w11_t7,cool_days,40827,43.529411764705884,26.0,-17.529411764705884,-4.9263160231374705
full_w11_t7,cool_days,40829,45.64705882352941,25.11764705882353,-20.529411764705884,-5.652091531605599
full_w11_t7,cool_days,40831,44.8235294117647,23.352941176470587,-21.470588235294116,-5.900339812117874
full_w11_t7,cool_days,40832,41.529411764705884,24.294117647058822,-17.23529411764706,-4.792498256914845
full_w11_t7,cool_days,40839,40.05882352941177,27.58823529411765,-12.47058823529412,-3.3608798142829865
full_w11_t7,cool_days,40841,38.1764705882353,31.0,-7.176470588235297,-1.9801667234032223
full_w11_t7,cool_days,40844,43.470588235294116,23.470588235294116,-20.0,-5.490526528339771
full_w11_t7,cool_days,40847,45.11764705882353,21.58823529411765,-23.52941176470588,-6.452117527664581
full_w11_t7,cool_days,40848,42.0,24.294117647058822,-17.705882352941178,-4.8614874239319885
full_w11_t7,cool_days,40849,40.05882352941177,26.0,-14.058823529411768,-3.8049268659087963
full_w11_t7,cool_days,40851,37.64705882352941,30.058823529411764,-7.5882352941176485,-2.0890430409493828
full_w11_t7,cool_days,40853,39.0,27.058823529411764,-11.941176470588236,-3.251457303615899
full_w11_t7,cool_days,40854,44.411764705882355,25.529411764705884,-18.88235294117647,-5.218314738623746
full_w11_t7,cool_days,40856,42.1764705882353,27.823529411764707,-14.35294117647059,-3.972903767890413
full_w11_t7,cool_days,40857,51.05882352941177,14.294117647058824,-36.76470588235294,-10.368326869847092
full_w11_t7,cool_days,40858,40.23529411764706,23.470588235294116,-16.764705882352942,-4.674810698202521
full_w11_t7,cool_days,40859,38.588235294117645,27.176470588235293,-11.411764705882351,-3.1253151971436646
full_w11_t7,cool_days,40870,42.23529411764706,26.705882352941178,-15.52941176470588,-4.329456324192337
full_w11_t7,cool_days,40873,39.88235294117647,24.470588235294116,-15.411764705882355,-4.251190197740164
full_w11_t7,cool_days,40875,41.705882352941174,24.294117647058822,-17.41176470588235,-4.795127310390394
full_w11_t7,cool_days,40876,47.64705882352941,20.11764705882353,-27.529411764705884,-7.549751823145373
full_w11_t7,cool_days,40877,37.8235294117647,29.705882352941178,-8.117647058823525,-2.2145847209931677
full_w11_t7,cool_days,40878,40.64705882352941,28.11764705882353,-12.529411764705884,-3.4558134047454434
full_w11_t7,cool_days,40879,41.23529411764706,26.941176470588236,-14.294117647058822,-3.926263422424679
full_w11_t7,cool_days,40882,42.470588235294116,19.941176470588236,-22.52941176470588,-6.188874568324639
full_w11_t7,cool_days,40883,48.64705882352941,17.11764705882353,-31.529411764705884,-8.656710283649456
full_w11_t7,cool_days,40889,44.588235294117645,17.764705882352942,-26.823529411764703,-7.7456510263784955
full_w11_t7,cool_days,40890,47.294117647058826,14.764705882352942,-32.529411764705884,-8.947113010806651
full_w11_t7,cool_days,40893,43.588235294117645,22.11764705882353,-21.470588235294116,-5.9050734312779305
full_w11_t7,cool_days,40898,41.705882352941174,23.705882352941178,-17.999999999999996,-4.9489223331066805
full_w11_t7,cool_days,99407,40.588235294117645,28.58823529411765,-11.999999999999996,-3.2462731983787014
full_w11_t7,cool_days,99459,47.470588235294116,21.58823529411765,-25.882352941176467,-7.082329786308263
full_w11_t7,cool_nights,40700,35.11764705882353,30.941176470588236,-4.1764705882352935,-1.7240789341711888
full_w11_t7,cool_nights,40701,40.88235294117647,24.705882352941178,-16.176470588235293,-5.089001685818459
full_w11_t7,cool_nights,40702,40.23529411764706,25.529411764705884,-14.705882352941174,-4.710752336744327
full_w11_t7,cool_nights,40703,44.76470588235294,22.58823529411765,-22.176470588235293,-6.703856853342933
full_w11_t7,cool_nights,40704,39.88235294117647,27.176470588235293,-12.705882352941178,-4.02089719432561
full_w11_t7,cool_nights,40706,33.470588235294116,33.8235294117647,0.352941176470587,-0.1851733654669694
full_w11_t7,cool_nights,40708,45.35294117647059,22.0,-23.352941176470587,-7.156213868372554
full_w11_t7,cool_nights,40709,38.411764705882355,28.470588235294116,-9.941176470588239,-2.8379045816797444
full_w11_t7,cool_nights,40710,40.0,27.176470588235293,-12.823529411764707,-3.8665069958340483
full_w11_t7,cool_nights,40712,32.411764705882355,34.529411764705884,2.117647058823529,0.36823256434244733
full_w11_t7,cool_nights,40713,40.88235294117647,24.941176470588236,-15.941176470588236,-4.836054137817662
full_w11_t7,cool_nights,40716,43.529411764705884,22.41176470588235,-21.117647058823533,-6.53902597720268
full_w11_t7,cool_nights,40717,45.11764705882353,22.705882352941178,-22.41176470588235,-6.705508170388621
full_w11_t7,cool_nights,40718,38.35294117647059,27.470588235294116,-10.882352941176471,-3.595387362120265
full_w11_t7,cool_nights,40719,43.470588235294116,22.529411764705884,-20.941176470588232,-6.094748304611587
full_w11_t7,cool_nights,40723,35.0,31.705882352941178,-3.2941176470588225,-1.2738294324850088
full_w11_t7,cool_nights,40724,49.588235294117645,14.882352941176471,-34.705882352941174,-10.312453927946459
full_w11_t7,cool_nights,40726,40.411764705882355,25.764705882352942,-14.647058823529413,-4.419872159722181
full_w11_t7,cool_nights,40727,44.76470588235294,22.58823529411765,-22.176470588235293,-6.737314051491212
full_w11_t7,cool_nights,40728,39.11764705882353,26.41176470588235,-12.705882352941178,-3.873148653814482
full_w11_t7,cool_nights,40729,46.705882352941174,21.470588235294116,-25.235294117647058,-7.311925248922678
full_w11_t7,cool_nights,40730,45.23529411764706,22.0,-23.235294117647058,-6.811018519446528
full_w11_t7,cool_nights,40731,42.35294117647059,25.823529411764707,-16.52941176470588,-4.622464305340351
full_w11_t7,cool_nights,40732,46.411764705882355,21.235294117647058,-25.176470588235297,-7.019994533667883
full_w11_t7,cool_nights,40734,47.588235294117645,19.529411764705884,-28.05882352941176,-7.797431008703175
full_w11_t7,cool_nights,40736,44.35294117647059,22.058823529411764,-22.294117647058822,-6.366418690788147
full_w11_t7,cool_nights,40737,36.588235294117645,31.294117647058822,-5.2941176470588225,-1.5815535926406525
full_w11_t7,cool_nights,40738,28.235294117647058,40.588235294117645,12.352941176470587,3.3142469371399805
full_w11_t7,cool_nights,40739,37.64705882352941,30.705882352941178,-6.9411764705882355,-1.9783421837854096
full_w11_t7,cool_nights,40740,20.705882352941178,49.1764705882353,28.47058823529412,7.815241323441918
full_w11_t7,cool_nights,40741,40.0,28.823529411764707,-11.176470588235293,-3.257534356810811
full_w11_t7,cool_nights,40743,42.88235294117647,26.352941176470587,-16.529411764705884,-4.66779518648707
full_w11_t7,cool_nights,40745,42.588235294117645,25.88235294117647,-16.705882352941174,-4.751182166096078
full_w11_t7,cool_nights,40746,35.76470588235294,33.11764705882353,-2.647058823529413,-0.8909436738756966
full_w11_t7,cool_nights,40747,41.88235294117647,24.705882352941178,-17.176470588235293,-5.375865398619487
full_w11_t7,cool_nights,40748,41.64705882352941,25.176470588235293,-16.47058823529412,-5.196184360440656
full_w11_t7,cool_nights,40749,38.1764705882353,29.529411764705884,-8.647058823529413,-2.687746836298885
full_w11_t7,cool_nights,40751,41.470588235294116,25.41176470588235,-16.058823529411764,-4.467308958375087
full_w11_t7,cool_nights,40752,41.0,26.529411764705884,-14.470588235294116,-4.118101558412076
full_w11_t7,cool_nights,40754,39.8235294117647,27.11764705882353,-12.705882352941174,-3.619665305759341
full_w11_t7,cool_nights,40755,37.529411764705884,29.58823529411765,-7.9411764705882355,-2.1940462479725404
full_w11_t7,cool_nights,40757,38.588235294117645,27.352941176470587,-11.235294117647058,-3.14616142878788
full_w11_t7,cool_nights,40758,53.23529411764706,13.823529411764707,-39.41176470588235,-11.095479245588464
full_w11_t7,cool_nights,40762,41.8235294117647,28.764705882352942,-13.058823529411761,-3.65977842261524
full_w11_t7,cool_nights,40763,42.529411764705884,28.235294117647058,-14.294117647058826,-3.979527919855043
full_w11_t7,cool_nights,40764,42.94117647058823,20.529411764705884,-22.411764705882348,-6.858627111750894
full_w11_t7,cool_nights,40765,48.411764705882355,17.705882352941178,-30.705882352941178,-8.762227786205067
full_w11_t7,cool_nights,40766,44.76470588235294,22.058823529411764,-22.705882352941178,-6.657975476984402
full_w11_t7,cool_nights,40768,37.64705882352941,27.941176470588236,-9.705882352941178,-3.066697134070135
full_w11_t7,cool_nights,40769,37.8235294117647,25.294117647058822,-12.52941176470588,-4.026923558670806
full_w11_t7,cool_nights,40770,43.76470588235294,23.352941176470587,-20.411764705882355,-5.7065945737768615
full_w11_t7,cool_nights,40771,42.23529411764706,21.764705882352942,-20.470588235294116,-6.1802337390660655
full_w11_t7,cool_nights,40772,46.294117647058826,20.176470588235293,-26.117647058823533,-7.8443878565455964
full_w11_t7,cool_nights,40774,47.11764705882353,17.647058823529413,-29.470588235294116,-8.825000991238992
full_w11_t7,cool_nights,40778,41.588235294117645,27.470588235294116,-14.117647058823529,-4.119920174464314
full_w11_t7,cool_nights,40779,42.705882352941174,23.352941176470587,-19.352941176470587,-5.972689685794228
full_w11_t7,cool_nights,40780,28.647058823529413,40.0,11.352941176470587,3.079471826842269
full_w11_t7,cool_nights,40782,41.294117647058826,24.235294117647058,-17.058823529411768,-5.107044614001633
full_w11_t7,cool_nights,40783,43.529411764705884,21.88235294117647,-21.647058823529413,-6.31688512751049
full_w11_t7,cool_nights,40785,43.88235294117647,21.176470588235293,-22.705882352941178,-6.280693016756394
full_w11_t7,cool_nights,40789,47.23529411764706,20.764705882352942,-26.470588235294116,-7.3727598183742336
full_w11_t7,cool_nights,40791,41.76470588235294,25.352941176470587,-16.411764705882355,-4.7109611730908485
full_w11_t7,cool_nights,40792,48.76470588235294,19.88235294117647,-28.88235294117647,-7.970318545866165
full_w11_t7,cool_nights,40793,45.05882352941177,22.941176470588236,-22.117647058823533,-6.325953491436114
full_w11_t7,cool_nights,40794,47.294117647058826,20.941176470588236,-26.35294117647059,-7.427077664594956
full_w11_t7,cool_nights,40796,42.705882352941174,24.764705882352942,-17.941176470588232,-5.110648255583677
full_w11_t7,cool_nights,40797,37.529411764705884,29.294117647058822,-8.235294117647062,-2.675849625153681
full_w11_t7,cool_nights,40798,25.352941176470587,43.470588235294116,18.11764705882353,4.9103767822506645
full_w11_t7,cool_nights,40802,25.0,41.94117647058823,16.941176470588232,4.514225803757484
full_w11_t7,cool_nights,40809,38.705882352941174,31.058823529411764,-7.6470588235294095,-2.138222413099445
full_w11_t7,cool_nights,40810,50.470588235294116,16.470588235294116,-34.0,-9.574237149945617
full_w11_t7,cool_nights,40811,40.88235294117647,26.529411764705884,-14.352941176470587,-3.987062472844528
full_w11_t7,cool_nights,40812,40.529411764705884,23.823529411764707,-16.705882352941178,-4.956731040428521
full_w11_t7,cool_nights,40813,45.76470588235294,19.58823529411765,-26.176470588235293,-7.374831322259315
full_w11_t7,cool_nights,40818,42.23529411764706,24.647058823529413,-17.588235294117645,-4.8902819620504845
full_w11_t7,cool_nights,40821,48.11764705882353,20.470588235294116,-27.647058823529413,-7.6789011865295755
full_w11_t7,cool_nights,40827,38.1764705882353,29.176470588235293,-9.000000000000004,-2.60111886885669
full_w11_t7,cool_nights,40829,38.0,28.705882352941178,-9.294117647058822,-2.5848271474742885
full_w11_t7,cool_nights,40831,47.1764705882353,19.705882352941178,-27.47058823529412,-7.530583633303605
full_w11_t7,cool_nights,40832,46.23529411764706,19.941176470588236,-26.294117647058822,-7.576929192846262
full_w11_t7,cool_nights,40839,41.64705882352941,23.764705882352942,-17.88235294117647,-4.9636421344392065
full_w11_t7,cool_nights,40841,44.35294117647059,24.176470588235293,-20.176470588235293,-5.605856198733278
full_w11_t7,cool_nights,40844,20.235294117647058,43.35294117647059,23.11764705882353,6.163613440084781
full_w11_t7,cool_nights,40847,45.294117647058826,20.647058823529413,-24.647058823529413,-6.895561413626735
full_w11_t7,cool_nights,40848,25.235294117647058,40.588235294117645,15.352941176470587,4.172050059245662
full_w11_t7,cool_nights,40849,35.411764705882355,30.941176470588236,-4.4705882352941195,-1.1639379239407734
full_w11_t7,cool_nights,40851,35.64705882352941,30.352941176470587,-5.294117647058826,-1.4967705158564257
full_w11_t7,cool_nights,40853,44.705882352941174,19.235294117647058,-25.470588235294116,-7.002848164188238
full_w11_t7,cool_nights,40854,45.294117647058826,23.352941176470587,-21.94117647058824,-6.049707065008901
full_w11_t7,cool_nights,40856,41.470588235294116,27.823529411764707,-13.64705882352941,-3.8035035995234976
full_w11_t7,cool_nights,40857,44.94117647058823,19.294117647058822,-25.64705882352941,-7.319572825776023
full_w11_t7,cool_nights,40858,42.8235294117647,19.176470588235293,-23.64705882352941,-6.615610086837154
full_w11_t7,cool_nights,40859,45.0,17.058823529411764,-27.941176470588236,-7.690216901317715
full_w11_t7,cool_nights,40870,47.23529411764706,21.705882352941178,-25.52941176470588,-7.04669793073992
full_w11_t7,cool_nights,40873,43.705882352941174,21.705882352941178,-21.999999999999996,-6.144833680506106
full_w11_t7,cool_nights,40875,37.23529411764706,29.647058823529413,-7.588235294117645,-2.1042347951371685
full_w11_t7,cool_nights,40876,40.411764705882355,27.41176470588235,-13.000000000000004,-3.58174984978882
full_w11_t7,cool_nights,40877,38.0,28.294117647058822,-9.705882352941178,-2.684663775831848
full_w11_t7,cool_nights,40878,42.05882352941177,26.58823529411765,-15.47058823529412,-4.2637794652299075
full_w11_t7,cool_nights,40879,38.470588235294116,29.529411764705884,-8.941176470588232,-2.4751887483373345
full_w11_t7,cool_nights,40882,50.588235294117645,12.882352941176471,-37.705882352941174,-10.366624047646749
full_w11_t7,cool_nights,40883,43.294117647058826,21.41176470588235,-21.882352941176475,-6.050084241281859
full_w11_t7,cool_nights,40889,39.588235294117645,22.823529411764707,-16.76470588235294,-5.157717173218351
full_w11_t7,cool_nights,40890,35.470588235294116,28.88235294117647,-6.588235294117645,-1.8922585167786705
full_w11_t7,cool_nights,40893,43.76470588235294,21.352941176470587,-22.411764705882355,-6.344509179308586
full_w11_t7,cool_nights,40898,51.05882352941177,14.352941176470589,-36.70588235294118,-10.080752763706393
full_w11_t7,cool_nights,99407,41.588235294117645,26.647058823529413,-14.941176470588232,-4.338680659039838
full_w11_t7,cool_nights,99459,45.0,21.11764705882353,-23.88235294117647,-6.687532691488315
full_w11_t7,warm_days,40700,27.705882352941178,40.529411764705884,12.823529411764707,3.384971257740629
full_w11_t7,warm_days,40701,21.705882352941178,44.94117647058823,23.235294117647054,6.357646043763303
full_w11_t7,warm_days,40702,22.294117647058822,45.64705882352941,23.35294117647059,6.3648565454456225
full_w11_t7,warm_days,40703,19.41176470588235,47.23529411764706,27.823529411764707,7.588558119151023
full_w11_t7,warm_days,40704,22.764705882352942,46.1764705882353,23.411764705882355,6.3258355471596825
full_w11_t7,warm_days,40706,23.176470588235293,43.8235294117647,20.64705882352941,5.628421237495051
full_w11_t7,warm_days,40708,26.11764705882353,44.1764705882353,18.058823529411768,4.779508375495205
full_w11_t7,warm_days,40709,25.11764705882353,43.294117647058826,18.176470588235297,4.962501263753622
full_w11_t7,warm_days,40710,23.0,43.05882352941177,20.058823529411768,5.448397853327223
full_w11_t7,warm_days,40712,18.823529411764707,49.588235294117645,30.76470588235294,8.416745104528935
full_w11_t7,warm_days,40713,13.176470588235293,54.470588235294116,41.294117647058826,11.344935272301058
full_w11_t7,warm_days,40716,20.941176470588236,48.11764705882353,27.176470588235293,7.415262052712813
full_w11_t7,warm_days,40717,18.294117647058822,50.8235294117647,32.529411764705884,8.874698473747406
full_w11_t7,warm_days,40718,15.705882352941176,52.470588235294116,36.76470588235294,9.921429842173517
full_w11_t7,warm_days,40719,31.941176470588236,36.8235294117647,4.8823529411764675,1.1655664530953889
full_w11_t7,warm_days,40723,26.235294117647058,41.705882352941174,15.470588235294116,4.04561013435821
full_w11_t7,warm_days,40724,17.647058823529413,48.88235294117647,31.235294117647058,8.512501179968996
full_w11_t7,warm_days,40726,20.41176470588235,47.294117647058826,26.882352941176475,7.369755770773612
full_w11_t7,warm_days,40727,21.176470588235293,45.470588235294116,24.294117647058822,6.593866655524541
full_w11_t7,warm_days,40728,21.0,46.05882352941177,25.058823529411768,6.932687356483953
full_w11_t7,warm_days,40729,15.117647058823529,54.05882352941177,38.94117647058824,10.743582382147826
full_w11_t7,warm_days,40730,21.529411764705884,45.705882352941174,24.17647058823529,6.64215293598051
full_w11_t7,warm_days,40731,24.176470588235293,44.470588235294116,20.294117647058822,5.525434591717688
full_w11_t7,warm_days,40732,21.88235294117647,45.588235294117645,23.705882352941174,6.434784036893459
full_w11_t7,warm_days,40734,23.11764705882353,43.76470588235294,20.647058823529413,5.614455184402339
full_w11_t7,warm_days,40736,25.176470588235293,42.529411764705884,17.35294117647059,4.663906221793195
full_w11_t7,warm_days,40737,25.0,44.05882352941177,19.058823529411768,5.1770012084298385
full_w11_t7,warm_days,40738,25.0,45.35294117647059,20.352941176470587,5.544108277499192
full_w11_t7,warm_days,40739,29.058823529411764,36.94117647058823,7.8823529411764675,2.1312149284939537
full_w11_t7,warm_days,40740,29.41176470588235,40.470588235294116,11.058823529411764,2.972394206614114
full_w11_t7,warm_days,40741,25.41176470588235,45.94117647058823,20.52941176470588,5.5892573932175
full_w11_t7,warm_days,40743,28.352941176470587,40.76470588235294,12.411764705882355,3.3640898833189237
full_w11_t7,warm_days,40745,26.647058823529413,44.35294117647059,17.705882352941174,4.770760011289624
full_w11_t7,warm_days,40746,26.88235294117647,41.94117647058823,15.058823529411761,4.0960367732190335
full_w11_t7,warm_days,40747,18.352941176470587,48.23529411764706,29.88235294117647,8.14816927079832
full_w11_t7,warm_days,40748,19.294117647058822,48.529411764705884,29.23529411764706,7.969407492747493
full_w11_t7,warm_days,40749,18.352941176470587,48.8235294117647,30.470588235294116,8.321012990232765
full_w11_t7,warm_days,40751,16.823529411764707,49.529411764705884,32.705882352941174,9.020361975056694
full_w11_t7,warm_days,40752,22.764705882352942,44.88235294117647,22.11764705882353,6.099484288873218
full_w11_t7,warm_days,40754,29.58823529411765,35.8235294117647,6.235294117647054,1.6223136566950966
full_w11_t7,warm_days,40755,24.529411764705884,41.76470588235294,17.235294117647058,4.822071555565781
full_w11_t7,warm_days,40757,24.941176470588236,41.64705882352941,16.705882352941178,4.609596603821353
full_w11_t7,warm_days,40758,31.352941176470587,33.8235294117647,2.470588235294116,0.618684557770175
full_w11_t7,warm_days,40762,22.764705882352942,46.0,23.235294117647058,6.319757192967054
full_w11_t7,warm_days,40763,25.352941176470587,42.588235294117645,17.235294117647058,4.735285332225115
full_w11_t7,warm_days,40764,18.764705882352942,47.11764705882353,28.352941176470587,7.773163762041079
full_w11_t7,warm_days,40765,20.764705882352942,46.11764705882353,25.352941176470587,7.034745895723318
full_w11_t7,warm_days,40766,29.647058823529413,36.588235294117645,6.941176470588232,1.9468480997282658
full_w11_t7,warm_days,40768,21.235294117647058,45.23529411764706,24.0,6.625240603206923
full_w11_t7,warm_days,40769,20.235294117647058,45.588235294117645,25.352941176470587,6.980653366216252
full_w11_t7,warm_days,40770,19.470588235294116,48.411764705882355,28.94117647058824,7.961003625432535
full_w11_t7,warm_days,40771,18.470588235294116,46.1764705882353,27.70588235294118,7.626673653946124
full_w11_t7,warm_days,40772,17.705882352941178,48.11764705882353,30.41176470588235,8.377693007902371
full_w11_t7,warm_days,40774,17.705882352941178,45.588235294117645,27.882352941176467,7.553171019399678
full_w11_t7,warm_days,40778,24.941176470588236,42.94117647058823,17.999999999999996,4.895696081918586
full_w11_t7,warm_days,40779,22.58823529411765,41.588235294117645,18.999999999999996,5.170502502110118
full_w11_t7,warm_days,40780,12.235294117647058,55.529411764705884,43.294117647058826,11.898765972211866
full_w11_t7,warm_days,40782,17.058823529411764,49.1764705882353,32.117647058823536,8.778266326285904
full_w11_t7,warm_days,40783,20.11764705882353,43.705882352941174,23.588235294117645,6.473421525109577
full_w11_t7,warm_days,40785,20.941176470588236,46.294117647058826,25.35294117647059,6.951637346889612
full_w11_t7,warm_days,40789,22.941176470588236,45.11764705882353,22.176470588235293,6.058330561950816
full_w11_t7,warm_days,40791,20.352941176470587,47.470588235294116,27.11764705882353,7.432098545693039
full_w11_t7,warm_days,40792,29.764705882352942,38.294117647058826,8.529411764705884,2.2977938024869253
full_w11_t7,warm_days,40793,22.235294117647058,46.529411764705884,24.294117647058826,6.661159011170605
full_w11_t7,warm_days,40794,18.11764705882353,47.05882352941177,28.94117647058824,7.935279959578944
full_w11_t7,warm_days,40796,13.176470588235293,52.76470588235294,39.58823529411765,10.902290134542547
full_w11_t7,warm_days,40797,16.235294117647058,50.470588235294116,34.23529411764706,9.401215506031736
full_w11_t7,warm_days,40798,17.0,48.1764705882353,31.176470588235297,8.569256473656951
full_w11_t7,warm_days,40802,23.176470588235293,40.470588235294116,17.294117647058822,4.743488945269549
full_w11_t7,warm_days,40809,23.647058823529413,44.94117647058823,21.29411764705882,5.8219072671794905
full_w11_t7,warm_days,40810,16.705882352941178,47.0,30.294117647058822,8.3079987074882
full_w11_t7,warm_days,40811,19.058823529411764,46.411764705882355,27.35294117647059,7.512595143575369
full_w11_t7,warm_days,40812,18.823529411764707,46.588235294117645,27.76470588235294,7.56296192882263
full_w11_t7,warm_days,40813,17.647058823529413,47.23529411764706,29.588235294117645,8.126566137510064
full_w11_t7,warm_days,40818,21.941176470588236,44.470588235294116,22.52941176470588,6.16151647256567
full_w11_t7,warm_days,40821,24.176470588235293,43.0,18.823529411764707,5.165704703437372
full_w11_t7,warm_days,40827,23.058823529411764,44.411764705882355,21.35294117647059,5.880115834338329
full_w11_t7,warm_days,40829,20.176470588235293,49.88235294117647,29.705882352941178,8.13205199690234
full_w11_t7,warm_days,40831,18.058823529411764,46.294117647058826,28.23529411764706,7.76155200653578
full_w11_t7,warm_days,40832,20.88235294117647,44.05882352941177,23.176470588235297,6.331347503200606
full_w11_t7,warm_days,40839,21.764705882352942,41.0,19.235294117647058,5.50004709053998
full_w11_t7,warm_days,40841,22.647058823529413,44.05882352941177,21.411764705882355,5.8669787552864
full_w11_t7,warm_days,40844,17.235294117647058,47.8235294117647,30.588235294117645,8.436692300000303
full_w11_t7,warm_days,40847,13.176470588235293,49.1764705882353,36.0,9.877315134827688
full_w11_t7,warm_days,40848,17.294117647058822,45.76470588235294,28.47058823529412,7.799417905000056
full_w11_t7,warm_days,40849,17.235294117647058,45.64705882352941,28.411764705882355,7.968295971077844
full_w11_t7,warm_days,40851,20.470588235294116,45.1764705882353,24.70588235294118,6.7842859430664655
full_w11_t7,warm_days,40853,17.647058823529413,47.705882352941174,30.05882352941176,8.297788450265745
full_w11_t7,warm_days,40854,20.058823529411764,48.294117647058826,28.23529411764706,7.739069406726499
full_w11_t7,warm_days,40856,28.11764705882353,40.23529411764706,12.117647058823529,3.2814811568359383
full_w11_t7,warm_days,40857,13.529411764705882,53.705882352941174,40.17647058823529,11.15945248667535
full_w11_t7,warm_days,40858,33.76470588235294,33.23529411764706,-0.529411764705884,-0.22492634503822195
full_w11_t7,warm_days,40859,21.41176470588235,41.529411764705884,20.117647058823533,5.517785165902774
full_w11_t7,warm_days,40870,23.11764705882353,43.76470588235294,20.647058823529413,5.633575847049072
full_w11_t7,warm_days,40873,20.294117647058822,42.529411764705884,22.23529411764706,6.092285804400878
full_w11_t7,warm_days,40875,28.294117647058822,42.11764705882353,13.823529411764707,3.7801064173203747
full_w11_t7,warm_days,40876,22.88235294117647,47.11764705882353,24.235294117647058,6.671988213941054
full_w11_t7,warm_days,40877,25.88235294117647,39.64705882352941,13.764705882352942,3.7917712851853995
full_w11_t7,warm_days,40878,25.11764705882353,43.88235294117647,18.764705882352942,5.128748865747485
full_w11_t7,warm_days,40879,24.647058823529413,42.23529411764706,17.588235294117645,4.816680583831049
full_w11_t7,warm_days,40882,26.470588235294116,39.705882352941174,13.235294117647058,3.6207091849545723
full_w11_t7,warm_days,40883,25.941176470588236,41.705882352941174,15.764705882352938,4.332728607196501
full_w11_t7,warm_days,40889,23.529411764705884,40.23529411764706,16.705882352941174,4.482865727299867
full_w11_t7,warm_days,40890,13.529411764705882,50.94117647058823,37.41176470588235,10.278292024365909
full_w11_t7,warm_days,40893,32.64705882352941,34.64705882352941,2.0,0.5553986908005353
full_w11_t7,warm_days,40898,25.352941176470587,43.470588235294116,18.11764705882353,5.007189684200184
full_w11_t7,warm_days,99407,26.176470588235293,40.94117647058823,14.764705882352938,4.086496322371944
full_w11_t7,warm_days,99459,14.882352941176471,50.88235294117647,36.0,9.932940551750438
full_w11_t7,warm_nights,40700,23.11764705882353,42.76470588235294,19.647058823529413,5.036104462124936
full_w11_t7,warm_nights,40701,21.705882352941178,43.76470588235294,22.058823529411764,5.7874105058444245
full_w11_t7,warm_nights,40702,19.11764705882353,46.294117647058826,27.176470588235297,7.223872709796579
full_w11_t7,warm_nights,40703,17.941176470588236,48.294117647058826,30.35294117647059,8.128664068529257
full_w11_t7,warm_nights,40704,24.941176470588236,43.23529411764706,18.294117647058822,4.724901581789885
full_w11_t7,warm_nights,40706,26.0,41.1764705882353,15.176470588235297,3.995191401609965
full_w11_t7,warm_nights,40708,21.647058823529413,46.470588235294116,24.823529411764703,6.544510821333085
full_w11_t7,warm_nights,40709,19.529411764705884,45.94117647058823,26.411764705882348,7.242384629672102
full_w11_t7,warm_nights,40710,24.764705882352942,44.1764705882353,19.411764705882355,5.179802713796153
full_w11_t7,warm_nights,40712,29.294117647058822,38.0,8.705882352941178,2.2300927924043155
full_w11_t7,warm_nights,40713,21.058823529411764,45.23529411764706,24.176470588235293,6.457036484795666
full_w11_t7,warm_nights,40716,20.88235294117647,44.1764705882353,23.294117647058826,6.128927356431718
full_w11_t7,warm_nights,40717,22.823529411764707,46.411764705882355,23.58823529411765,6.240604317261423
full_w11_t7,warm_nights,40718,20.470588235294116,42.470588235294116,22.0,5.773535290468436
full_w11_t7,warm_nights,40719,16.88235294117647,47.470588235294116,30.588235294117645,8.286754395020623
full_w11_t7,warm_nights,40723,26.352941176470587,40.470588235294116,14.117647058823529,3.6006903608029788
full_w11_t7,warm_nights,40724,17.529411764705884,46.705882352941174,29.17647058823529,7.8130373753875055
full_w11_t7,warm_nights,40726,23.823529411764707,43.529411764705884,19.705882352941178,5.215093946648849
full_w11_t7,warm_nights,40727,23.58823529411765,46.0,22.41176470588235,5.825813116015619
full_w11_t7,warm_nights,40728,26.0,41.411764705882355,15.411764705882355,4.0946962005418825
full_w11_t7,warm_nights,40729,22.647058823529413,46.8235294117647,24.17647058823529,6.520130777005388
full_w11_t7,warm_nights,40730,20.294117647058822,45.64705882352941,25.35294117647059,6.829715816153804
full_w11_t7,warm_nights,40731,26.470588235294116,42.529411764705884,16.058823529411768,4.324947010094479
full_w11_t7,warm_nights,40732,17.41176470588235,46.05882352941177,28.647058823529417,7.816632564322164
full_w11_t7,warm_nights,40734,17.235294117647058,47.470588235294116,30.235294117647058,8.260579024837407
full_w11_t7,warm_nights,40736,19.764705882352942,45.0,25.235294117647058,6.861138220469499
full_w11_t7,warm_nights,40737,23.176470588235293,42.411764705882355,19.23529411764706,5.213270209179231
full_w11_t7,warm_nights,40738,31.058823529411764,35.8235294117647,4.7647058823529385,1.2409523965306555
full_w11_t7,warm_nights,40739,30.11764705882353,36.705882352941174,6.588235294117645,1.7563972908796934
full_w11_t7,warm_nights,40740,40.0,27.764705882352942,-12.235294117647058,-3.4508131199098813
full_w11_t7,warm_nights,40741,27.176470588235293,42.529411764705884,15.35294117647059,4.1172154028801975
full_w11_t7,warm_nights,40743,26.705882352941178,41.8235294117647,15.117647058823525,4.046421988448543
full_w11_t7,warm_nights,40745,23.11764705882353,44.588235294117645,21.470588235294116,5.853704502014186
full_w11_t7,warm_nights,40746,30.294117647058822,38.23529411764706,7.9411764705882355,2.1067861131294716
full_w11_t7,warm_nights,40747,28.176470588235293,41.05882352941177,12.882352941176475,3.1119213324392447
full_w11_t7,warm_nights,40748,21.764705882352942,46.411764705882355,24.647058823529413,6.462897416394855
full_w11_t7,warm_nights,40749,25.764705882352942,41.529411764705884,15.764705882352942,4.14674612083901
full_w11_t7,warm_nights,40751,27.352941176470587,39.411764705882355,12.058823529411768,3.323457451106175
full_w11_t7,warm_nights,40752,25.41176470588235,43.294117647058826,17.882352941176475,4.932180355444164
full_w11_t7,warm_nights,40754,31.529411764705884,34.23529411764706,2.705882352941174,0.6766771821025692
full_w11_t7,warm_nights,40755,29.176470588235293,38.0,8.823529411764707,2.4393121680988994
full_w11_t7,warm_nights,40757,26.88235294117647,37.88235294117647,11.0,2.973373099080307
full_w11_t7,warm_nights,40758,13.529411764705882,53.411764705882355,39.88235294117647,10.93151109361012
full_w11_t7,warm_nights,40762,26.470588235294116,42.88235294117647,16.411764705882355,4.464914727481632
full_w11_t7,warm_nights,40763,28.235294117647058,41.0,12.764705882352942,3.471875765735316
full_w11_t7,warm_nights,40764,25.470588235294116,41.05882352941177,15.588235294117652,3.9661426578441397
full_w11_t7,warm_nights,40765,23.58823529411765,45.411764705882355,21.823529411764707,6.004657001335874
full_w11_t7,warm_nights,40766,26.41176470588235,42.64705882352941,16.23529411764706,4.353321475367877
full_w11_t7,warm_nights,40768,28.705882352941178,38.76470588235294,10.058823529411764,2.645432029899016
full_w11_t7,warm_nights,40769,24.941176470588236,40.588235294117645,15.64705882352941,4.004766932037246
full_w11_t7,warm_nights,40770,24.0,43.88235294117647,19.88235294117647,5.452681648560738
full_w11_t7,warm_nights,40771,27.88235294117647,39.1764705882353,11.294117647058826,2.8210058772821185
full_w11_t7,warm_nights,40772,19.41176470588235,48.23529411764706,28.823529411764707,7.815233715198825
full_w11_t7,warm_nights,40774,18.470588235294116,48.529411764705884,30.058823529411768,7.987562181968409
full_w11_t7,warm_nights,40778,26.0,43.411764705882355,17.411764705882355,4.71274582344741
full_w11_t7,warm_nights,40779,25.764705882352942,41.35294117647059,15.588235294117645,3.9569907874838135
full_w11_t7,warm_nights,40780,43.294117647058826,26.41176470588235,-16.882352941176475,-4.738764160158307
full_w11_t7,warm_nights,40782,26.352941176470587,42.0,15.647058823529413,4.057609115266076
full_w11_t7,warm_nights,40783,23.235294117647058,43.470588235294116,20.235294117647058,5.395789129553621
full_w11_t7,warm_nights,40785,22.058823529411764,43.470588235294116,21.41176470588235,5.852466590292937
full_w11_t7,warm_nights,40789,20.176470588235293,47.529411764705884,27.35294117647059,7.469992806306629
full_w11_t7,warm_nights,40791,21.764705882352942,44.88235294117647,23.11764705882353,6.282170164583319
full_w11_t7,warm_nights,40792,19.88235294117647,49.588235294117645,29.705882352941174,8.132723437395038
full_w11_t7,warm_nights,40793,24.58823529411765,43.529411764705884,18.941176470588236,5.149899265770487
full_w11_t7,warm_nights,40794,24.176470588235293,43.470588235294116,19.294117647058822,5.235695302168681
full_w11_t7,warm_nights,40796,23.0,43.8235294117647,20.823529411764703,5.649921756431773
full_w11_t7,warm_nights,40797,26.647058823529413,40.11764705882353,13.470588235294116,3.5070884825785775
full_w11_t7,warm_nights,40798,37.294117647058826,31.823529411764707,-5.4705882352941195,-1.6623790360919433
full_w11_t7,warm_nights,40802,29.41176470588235,36.529411764705884,7.1176470588235325,1.8405110767612811
full_w11_t7,warm_nights,40809,30.823529411764707,39.411764705882355,8.588235294117649,2.3346861199900797
full_w11_t7,warm_nights,40810,18.294117647058822,51.05882352941177,32.76470588235294,8.942244410434762
full_w11_t7,warm_nights,40811,20.235294117647058,48.529411764705884,28.294117647058826,7.755404548598651
full_w11_t7,warm_nights,40812,22.352941176470587,44.05882352941177,21.70588235294118,5.78286163691272
full_w11_t7,warm_nights,40813,18.41176470588235,47.35294117647059,28.941176470588236,7.8904624024368895
full_w11_t7,warm_nights,40818,22.705882352941178,45.705882352941174,22.999999999999996,6.282168339520267
full_w11_t7,warm_nights,40821,21.88235294117647,47.294117647058826,25.411764705882355,6.965629506073394
full_w11_t7,warm_nights,40827,30.294117647058822,39.05882352941177,8.764705882352946,2.346525074795368
full_w11_t7,warm_nights,40829,23.647058823529413,45.529411764705884,21.88235294117647,5.981718161847033
full_w11_t7,warm_nights,40831,18.41176470588235,50.705882352941174,32.294117647058826,8.864078220391583
full_w11_t7,warm_nights,40832,18.352941176470587,48.411764705882355,30.058823529411768,8.154983842115133
full_w11_t7,warm_nights,40839,24.705882352941178,42.588235294117645,17.882352941176467,4.995837077898576
full_w11_t7,warm_nights,40841,27.235294117647058,42.64705882352941,15.411764705882355,4.195580442170928
full_w11_t7,warm_nights,40844,36.705882352941174,24.88235294117647,-11.823529411764703,-3.5987634028518016
full_w11_t7,warm_nights,40847,20.705882352941178,46.23529411764706,25.52941176470588,6.949084814800219
full_w11_t7,warm_nights,40848,37.76470588235294,27.529411764705884,-10.235294117647058,-2.860300904353081
full_w11_t7,warm_nights,40849,30.294117647058822,36.23529411764706,5.9411764705882355,1.6792766044060556
full_w11_t7,warm_nights,40851,25.294117647058822,43.23529411764706,17.941176470588236,4.91039647480869
full_w11_t7,warm_nights,40853,19.176470588235293,45.11764705882353,25.941176470588236,7.17653395465988
full_w11_t7,warm_nights,40854,20.529411764705884,47.470588235294116,26.941176470588232,7.412508365133435
full_w11_t7,warm_nights,40856,30.11764705882353,40.529411764705884,10.411764705882355,2.815032990721397
full_w11_t7,warm_nights,40857,21.058823529411764,44.35294117647059,23.294117647058822,6.373775015315728
full_w11_t7,warm_nights,40858,16.176470588235293,50.05882352941177,33.88235294117648,9.271921533460139
full_w11_t7,warm_nights,40859,18.705882352941178,48.529411764705884,29.823529411764707,8.190747921630539
full_w11_t7,warm_nights,40870,28.0,42.0,14.0,3.8331020150021047
full_w11_t7,warm_nights,40873,21.88235294117647,43.294117647058826,21.411764705882355,5.854838741450454
full_w11_t7,warm_nights,40875,24.88235294117647,40.1764705882353,15.294117647058826,4.184977340923661
full_w11_t7,warm_nights,40876,22.823529411764707,43.1764705882353,20.35294117647059,5.573168925670574
full_w11_t7,warm_nights,40877,25.470588235294116,41.0,15.529411764705884,4.26754683229836
full_w11_t7,warm_nights,40878,29.11764705882353,39.470588235294116,10.352941176470587,2.828296285552166
full_w11_t7,warm_nights,40879,26.058823529411764,39.64705882352941,13.588235294117649,3.7176903548197267
full_w11_t7,warm_nights,40882,21.41176470588235,41.294117647058826,19.882352941176475,5.432479422147271
full_w11_t7,warm_nights,40883,31.58823529411765,33.529411764705884,1.9411764705882355,0.5154003064604797
full_w11_t7,warm_nights,40889,24.11764705882353,37.88235294117647,13.764705882352942,3.740391371846954
full_w11_t7,warm_nights,40890,25.823529411764707,36.64705882352941,10.823529411764707,2.9271941651149502
full_w11_t7,warm_nights,40893,27.41176470588235,36.588235294117645,9.176470588235293,2.4637207441267615
full_w11_t7,warm_nights,40898,18.0,49.294117647058826,31.294117647058826,8.578506688535256
full_w11_t7,warm_nights,99407,24.058823529411764,43.88235294117647,19.823529411764707,5.418219859793084
full_w11_t7,warm_nights,99459,23.823529411764707,45.88235294117647,22.058823529411764,5.986498268217165
full_w5_t7,cool_days,40700,36.64705882352941,32.588235294117645,-4.058823529411768,-1.318868826670128
full_w5_t7,cool_days,40701,43.1764705882353,27.294117647058822,-15.882352941176475,-4.4910217643214265
full_w5_t7,cool_days,40702,42.1764705882353,28.058823529411764,-14.117647058823533,-3.9535028771451675
full_w5_t7,cool_days,40703,43.294117647058826,26.176470588235293,-17.117647058823533,-4.79705731858984
full_w5_t7,cool_days,40704,41.8235294117647,28.941176470588236,-12.882352941176467,-3.7311155966359317
full_w5_t7,cool_days,40706,41.23529411764706,28.0,-13.235294117647058,-3.68987133063738
full_w5_t7,cool_days,40708,42.76470588235294,27.705882352941178,-15.058823529411764,-4.347614391866617
full_w5_t7,cool_days,40709,41.23529411764706,27.352941176470587,-13.882352941176471,-3.909601021171202
full_w5_t7,cool_days,40710,40.35294117647059,30.176470588235293,-10.176470588235293,-2.9150661107740063
full_w5_t7,cool_days,40712,43.8235294117647,25.11764705882353,-18.705882352941174,-5.204295375321848
full_w5_t7,cool_days,40713,48.11764705882353,21.529411764705884,-26.588235294117645,-7.419244579131902
full_w5_t7,cool_days,40716,46.470588235294116,23.470588235294116,-23.0,-6.398198972350744
full_w5_t7,cool_days,40717,44.64705882352941,25.88235294117647,-18.764705882352942,-5.289614230608911
full_w5_t7,cool_days,40718,42.23529411764706,25.352941176470587,-16.88235294117647,-5.060565682326852
full_w5_t7,cool_days,40719,41.11764705882353,28.941176470588236,-12.176470588235293,-3.5447557704087993
full_w5_t7,cool_days,40723,41.0,28.470588235294116,-12.529411764705884,-3.7463620865897838
full_w5_t7,cool_days,40724,43.470588235294116,25.529411764705884,-17.941176470588232,-5.063515249394413
full_w5_t7,cool_days,40726,43.35294117647059,25.705882352941178,-17.64705882352941,-4.91886991227073
full_w5_t7,cool_days,40727,43.529411764705884,26.235294117647058,-17.294117647058826,-4.838863740785958
full_w5_t7,cool_days,40728,44.23529411764706,24.235294117647058,-20.0,-5.506762755349183
full_w5_t7,cool_days,40729,46.529411764705884,22.11764705882353,-24.411764705882355,-6.715979104330025
full_w5_t7,cool_days,40730,42.411764705882355,27.823529411764707,-14.588235294117649,-4.017358911738736
full_w5_t7,cool_days,40731,44.0,24.88235294117647,-19.11764705882353,-5.276705434671155
full_w5_t7,cool_days,40732,42.294117647058826,26.176470588235293,-16.117647058823533,-4.618749549447176
full_w5_t7,cool_days,40734,41.05882352941177,26.88235294117647,-14.176470588235297,-4.071802922410997
full_w5_t7,cool_days,40736,41.11764705882353,27.352941176470587,-13.764705882352942,-3.925024987408899
full_w5_t7,cool_days,40737,39.94117647058823,28.058823529411764,-11.882352941176467,-3.3661301096348275
full_w5_t7,cool_days,40738,43.411764705882355,26.235294117647058,-17.176470588235297,-4.864687257278112
full_w5_t7,cool_days,40739,41.11764705882353,28.058823529411764,-13.058823529411764,-3.6025554495447913
full_w5_t7,cool_days,40740,37.76470588235294,31.352941176470587,-6.411764705882355,-1.807286377664603
full_w5_t7,cool_days,40741,43.470588235294116,26.647058823529413,-16.823529411764703,-4.677048780246435
full_w5_t7,cool_days,40743,41.529411764705884,28.647058823529413,-12.882352941176471,-3.597145005353606
full_w5_t7,cool_days,40745,40.88235294117647,29.941176470588236,-10.941176470588236,-3.1272475049032593
full_w5_t7,cool_days,40746,42.64705882352941,27.764705882352942,-14.882352941176471,-4.221628401467549
full_w5_t7,cool_days,40747,46.529411764705884,22.941176470588236,-23.58823529411765,-6.550477979538027
full_w5_t7,cool_days,40748,46.11764705882353,23.235294117647058,-22.88235294117647,-6.340635493524734
full_w5_t7,cool_days,40749,46.76470588235294,22.88235294117647,-23.88235294117647,-6.628081491273876
full_w5_t7,cool_days,40751,47.294117647058826,21.823529411764707,-25.47058823529412,-7.095110616747318
full_w5_t7,cool_days,40752,45.94117647058823,24.11764705882353,-21.823529411764703,-5.986192818847231
full_w5_t7,cool_days,40754,39.588235294117645,28.470588235294116,-11.117647058823529,-3.138537096209162
full_w5_t7,cool_days,40755,45.470588235294116,23.941176470588236,-21.52941176470588,-5.893134669513581
full_w5_t7,cool_days,40757,44.529411764705884,24.823529411764707,-19.705882352941178,-5.394300145499221
full_w5_t7,cool_days,40758,39.11764705882353,29.470588235294116,-9.647058823529413,-2.6965220202956672
full_w5_t7,cool_days,40762,45.11764705882353,25.529411764705884,-19.588235294117645,-5.488816921383782
full_w5_t7,cool_days,40763,42.94117647058823,26.88235294117647,-16.05882352941176,-4.405377746988966
full_w5_t7,cool_days,40764,42.411764705882355,26.058823529411764,-16.35294117647059,-4.516581003838531
full_w5_t7,cool_days,40765,42.64705882352941,25.294117647058822,-17.35294117647059,-4.756073111006591
full_w5_t7,cool_days,40766,40.88235294117647,28.941176470588236,-11.941176470588236,-3.2402587631688284
full_w5_t7,cool_days,40768,45.0,24.058823529411764,-20.941176470588236,-5.738590895060349
full_w5_t7,cool_days,40769,45.294117647058826,24.88235294117647,-20.411764705882355,-5.639937482518715
full_w5_t7,cool_days,40770,43.588235294117645,24.941176470588236,-18.64705882352941,-5.119379104533785
full_w5_t7,cool_days,40771,44.35294117647059,23.705882352941178,-20.64705882352941,-5.69274439831036
full_w5_t7,cool_days,40772,45.705882352941174,23.41176470588235,-22.294117647058822,-6.141270692029039
full_w5_t7,cool_days,40774,45.11764705882353,24.235294117647058,-20.88235294117647,-5.883439884202822
full_w5_t7,cool_days,40778,43.705882352941174,26.352941176470587,-17.352941176470587,-4.924263299547895
full_w5_t7,cool_days,40779,41.529411764705884,26.352941176470587,-15.176470588235297,-4.217274762352921
full_w5_t7,cool_days,40780,48.94117647058823,19.11764705882353,-29.823529411764703,-8.245748633954342
full_w5_t7,cool_days,40782,43.35294117647059,24.11764705882353,-19.235294117647058,-5.344601550080778
full_w5_t7,cool_days,40783,46.1764705882353,22.705882352941178,-23.47058823529412,-6.51692919297925
full_w5_t7,cool_days,40785,43.529411764705884,25.58823529411765,-17.941176470588236,-5.017487638518719
full_w5_t7,cool_days,40789,42.294117647058826,27.11764705882353,-15.176470588235297,-4.188977567094605
full_w5_t7,cool_days,40791,44.529411764705884,25.176470588235293,-19.35294117647059,-5.370919278183984
full_w5_t7,cool_days,40792,39.588235294117645,30.823529411764707,-8.764705882352938,-2.4406953567453638
full_w5_t7,cool_days,40793,45.1764705882353,24.58823529411765,-20.58823529411765,-5.80452360478399
full_w5_t7,cool_days,40794,42.1764705882353,24.941176470588236,-17.23529411764706,-4.774770908252963
full_w5_t7,cool_days,40796,48.11764705882353,20.176470588235293,-27.941176470588236,-7.714532841170321
full_w5_t7,cool_days,40797,48.76470588235294,20.235294117647058,-28.529411764705884,-7.939828712606161
full_w5_t7,cool_days,40798,45.470588235294116,23.705882352941178,-21.76470588235294,-5.998606822055168
full_w5_t7,cool_days,40802,41.705882352941174,26.647058823529413,-15.058823529411761,-4.146612993096549
full_w5_t7,cool_days,40809,43.05882352941177,26.941176470588236,-16.117647058823533,-4.472069375093303
full_w5_t7,cool_days,40810,47.05882352941177,21.11764705882353,-25.94117647058824,-7.171780711857929
full_w5_t7,cool_days,40811,42.76470588235294,25.941176470588236,-16.823529411764707,-4.598475497051726
full_w5_t7,cool_days,40812,44.05882352941177,24.176470588235293,-19.882352941176475,-5.534728426951913
full_w5_t7,cool_days,40813,44.76470588235294,22.470588235294116,-22.294117647058826,-6.107924419336096
full_w5_t7,cool_days,40818,38.411764705882355,29.88235294117647,-8.529411764705884,-2.3438817302197688
full_w5_t7,cool_days,40821,40.88235294117647,29.58823529411765,-11.294117647058822,-3.117318149588506
full_w5_t7,cool_days,40827,43.76470588235294,25.470588235294116,-18.294117647058826,-5.134450679481051
full_w5_t7,cool_days,40829,45.294117647058826,25.11764705882353,-20.176470588235297,-5.555438609834186
full_w5_t7,cool_days,40831,45.705882352941174,22.941176470588236,-22.76470588235294,-6.255113232410545
full_w5_t7,cool_days,40832,42.35294117647059,25.058823529411764,-17.294117647058822,-4.812152964618425
full_w5_t7,cool_days,40839,40.470588235294116,27.176470588235293,-13.294117647058822,-3.5783651864446746
full_w5_t7,cool_days,40841,39.11764705882353,30.470588235294116,-8.647058823529413,-2.3831532098197368
full_w5_t7,cool_days,40844,44.1764705882353,23.823529411764707,-20.35294117647059,-5.589270123815357
full_w5_t7,cool_days,40847,44.705882352941174,21.705882352941178,-22.999999999999996,-6.306629236605023
full_w5_t7,cool_days,40848,41.76470588235294,24.294117647058822,-17.47058823529412,-4.796489040760209
full_w5_t7,cool_days,40849,40.76470588235294,26.764705882352942,-14.0,-3.7860045122951647
full_w5_t7,cool_days,40851,37.94117647058823,30.235294117647058,-7.705882352941174,-2.1203839866060594
full_w5_t7,cool_days,40853,39.88235294117647,27.41176470588235,-12.47058823529412,-3.3951545868419526
full_w5_t7,cool_days,40854,43.76470588235294,25.647058823529413,-18.11764705882353,-5.009248773884749
full_w5_t7,cool_days,40856,43.35294117647059,27.176470588235293,-16.176470588235293,-4.475536650621589
full_w5_t7,cool_days,40857,52.1764705882353,15.0,-37.1764705882353,-10.484760596489547
full_w5_t7,cool_days,40858,41.470588235294116,23.176470588235293,-18.294117647058822,-5.096514530384189
full_w5_t7,cool_days,40859,38.76470588235294,28.0,-10.764705882352942,-2.9475053057089458
full_w5_t7,cool_days,40870,43.0,26.294117647058822,-16.705882352941178,-4.653832367206566
full_w5_t7,cool_days,40873,40.8235294117647,25.58823529411765,-15.235294117647054,-4.203643441203599
full_w5_t7,cool_days,40875,42.588235294117645,24.294117647058822,-18.294117647058822,-5.038066675548154
full_w5_t7,cool_days,40876,47.76470588235294,19.58823529411765,-28.176470588235293,-7.727629831557117
full_w5_t7,cool_days,40877,38.11764705882353,30.235294117647058,-7.882352941176471,-2.150254375305787
full_w5_t7,cool_days,40878,41.35294117647059,28.705882352941178,-12.64705882352941,-3.4873363507658564
full_w5_t7,cool_days,40879,42.1764705882353,27.058823529411764,-15.117647058823533,-4.153217862939114
full_w5_t7,cool_days,40882,43.64705882352941,21.235294117647058,-22.411764705882355,-6.157084999680871
full_w5_t7,cool_days,40883,49.64705882352941,16.823529411764707,-32.82352941176471,-9.011173757652823
full_w5_t7,cool_days,40889,46.588235294117645,17.941176470588236,-28.64705882352941,-8.25170944105496
full_w5_t7,cool_days,40890,48.23529411764706,14.470588235294118,-33.76470588235294,-9.286037266293796
full_w5_t7,cool_days,40893,43.8235294117647,20.88235294117647,-22.941176470588232,-6.306544525684815
full_w5_t7,cool_days,40898,42.35294117647059,23.11764705882353,-19.235294117647058,-5.288885126421847
full_w5_t7,cool_days,99407,40.94117647058823,27.764705882352942,-13.17647058823529,-3.5698456907192453
full_w5_t7,cool_days,99459,46.88235294117647,21.11764705882353,-25.764705882352942,-7.049736853096137
full_w5_t7,cool_nights,40700,36.0,31.294117647058822,-4.7058823529411775,-1.888096735648947
full_w5_t7,cool_nights,40701,42.05882352941177,25.294117647058822,-16.764705882352946,-5.27241171050173
full_w5_t7,cool_nights,40702,40.470588235294116,25.941176470588236,-14.52941176470588,-4.667515536931559
full_w5_t7,cool_nights,40703,45.64705882352941,23.11764705882353,-22.529411764705884,-6.8174128828619285
full_w5_t7,cool_nights,40704,40.88235294117647,27.529411764705884,-13.352941176470587,-4.205873181916875
full_w5_t7,cool_nights,40706,34.05882352941177,34.705882352941174,0.6470588235294059,-0.11049408001175998
full_w5_t7,cool_nights,40708,45.76470588235294,23.0,-22.764705882352942,-6.998620648920218
full_w5_t7,cool_nights,40709,38.529411764705884,28.41176470588235,-10.117647058823533,-2.888956004579814
full_w5_t7,cool_nights,40710,39.411764705882355,27.529411764705884,-11.882352941176471,-3.6022016947876336
full_w5_t7,cool_nights,40712,32.705882352941174,35.94117647058823,3.235294117647058,0.6704195639815165
full_w5_t7,cool_nights,40713,42.294117647058826,26.0,-16.294117647058826,-4.942362170799631
full_w5_t7,cool_nights,40716,45.1764705882353,22.764705882352942,-22.411764705882355,-6.932107139857794
full_w5_t7,cool_nights,40717,45.1764705882353,23.529411764705884,-21.647058823529413,-6.499138044652223
full_w5_t7,cool_nights,40718,39.411764705882355,28.941176470588236,-10.47058823529412,-3.499796070806666
full_w5_t7,cool_nights,40719,45.35294117647059,22.823529411764707,-22.52941176470588,-6.53867870189246
full_w5_t7,cool_nights,40723,36.470588235294116,31.235294117647058,-5.235294117647058,-1.823923597434428
full_w5_t7,cool_nights,40724,50.529411764705884,15.470588235294118,-35.05882352941177,-10.414126623146899
full_w5_t7,cool_nights,40726,40.64705882352941,26.058823529411764,-14.588235294117649,-4.412398072147958
full_w5_t7,cool_nights,40727,45.0,22.823529411764707,-22.176470588235293,-6.740931157865066
full_w5_t7,cool_nights,40728,40.294117647058826,26.823529411764707,-13.47058823529412,-4.0985003474822514
full_w5_t7,cool_nights,40729,45.76470588235294,22.11764705882353,-23.647058823529413,-6.8678700880383365
full_w5_t7,cool_nights,40730,45.705882352941174,22.294117647058822,-23.41176470588235,-6.867480687399002
full_w5_t7,cool_nights,40731,41.8235294117647,27.235294117647058,-14.588235294117645,-4.085695485231071
full_w5_t7,cool_nights,40732,46.705882352941174,21.176470588235293,-25.52941176470588,-7.1144753128134335
full_w5_t7,cool_nights,40734,47.529411764705884,19.41176470588235,-28.117647058823533,-7.815273401287115
full_w5_t7,cool_nights,40736,45.588235294117645,22.058823529411764,-23.52941176470588,-6.716321211921702
full_w5_t7,cool_nights,40737,35.88235294117647,31.58823529411765,-4.2941176470588225,-1.3016253889393408
full_w5_t7,cool_nights,40738,28.294117647058822,40.470588235294116,12.176470588235293,3.2666715147837415
full_w5_t7,cool_nights,40739,37.529411764705884,31.705882352941178,-5.8235294117647065,-1.6693056125349468
full_w5_t7,cool_nights,40740,21.0,49.1764705882353,28.176470588235297,7.729433397807146
full_w5_t7,cool_nights,40741,40.8235294117647,28.294117647058822,-12.52941176470588,-3.6333532466033107
full_w5_t7,cool_nights,40743,42.76470588235294,26.823529411764707,-15.941176470588236,-4.506098073308396
full_w5_t7,cool_nights,40745,43.8235294117647,25.705882352941178,-18.117647058823525,-5.144037866298282
full_w5_t7,cool_nights,40746,35.588235294117645,33.23529411764706,-2.352941176470587,-0.8135497467349282
full_w5_t7,cool_nights,40747,42.35294117647059,24.764705882352942,-17.588235294117645,-5.498768617452518
full_w5_t7,cool_nights,40748,42.470588235294116,25.058823529411764,-17.41176470588235,-5.471313462206969
full_w5_t7,cool_nights,40749,39.470588235294116,30.352941176470587,-9.117647058823529,-2.827593533452024
full_w5_t7,cool_nights,40751,42.0,25.88235294117647,-16.11764705882353,-4.485946275016732
full_w5_t7,cool_nights,40752,42.11764705882353,27.294117647058822,-14.823529411764707,-4.216042928329469
full_w5_t7,cool_nights,40754,40.11764705882353,28.705882352941178,-11.411764705882351,-3.265649310919505
full_w5_t7,cool_nights,40755,38.23529411764706,29.705882352941178,-8.52941176470588,-2.352205238831788
full_w5_t7,cool_nights,40757,39.11764705882353,28.88235294117647,-10.235294117647058,-2.873458148858684
full_w5_t7,cool_nights,40758,54.588235294117645,14.529411764705882,-40.05882352941176,-11.279618978643864
full_w5_t7,cool_nights,40762,42.11764705882353,28.0,-14.117647058823529,-3.949354754739878
full_w5_t7,cool_nights,40763,41.294117647058826,27.941176470588236,-13.35294117647059,-3.720866278298482
full_w5_t7,cool_nights,40764,44.411764705882355,22.176470588235293,-22.23529411764706,-6.829167032734765
full_w5_t7,cool_nights,40765,50.11764705882353,17.941176470588236,-32.17647058823529,-9.174817409946133
full_w5_t7,cool_nights,40766,46.1764705882353,22.58823529411765,-23.58823529411765,-6.9100476496833885
full_w5_t7,cool_nights,40768,38.0,29.11764705882353,-8.882352941176471,-2.844830856016273
full_w5_t7,cool_nights,40769,38.64705882352941,26.58823529411765,-12.058823529411764,-3.913963359717741
full_w5_t7,cool_nights,40770,44.94117647058823,23.647058823529413,-21.29411764705882,-5.9501160960388555
full_w5_t7,cool_nights,40771,43.470588235294116,22.11764705882353,-21.352941176470587,-6.438929274049305
full_w5_t7,cool_nights,40772,47.529411764705884,20.823529411764707,-26.705882352941178,-8.027975055364827
full_w5_t7,cool_nights,40774,47.705882352941174,18.058823529411764,-29.64705882352941,-8.880545751915683
full_w5_t7,cool_nights,40778,41.05882352941177,27.58823529411765,-13.47058823529412,-3.9352959934410254
full_w5_t7,cool_nights,40779,43.8235294117647,23.058823529411764,-20.76470588235294,-6.371368542325682
full_w5_t7,cool_nights,40780,28.647058823529413,40.94117647058823,12.294117647058819,3.3355105601149067
full_w5_t7,cool_nights,40782,42.705882352941174,24.647058823529413,-18.05882352941176,-5.3983984536539875
full_w5_t7,cool_nights,40783,45.1764705882353,23.352941176470587,-21.82352941176471,-6.382550840513928
full_w5_t7,cool_nights,40785,45.294117647058826,21.470588235294116,-23.82352941176471,-6.587603539779272
full_w5_t7,cool_nights,40789,48.05882352941177,20.529411764705884,-27.529411764705884,-7.666119355503199
full_w5_t7,cool_nights,40791,42.88235294117647,25.764705882352942,-17.11764705882353,-4.910204495075205
full_w5_t7,cool_nights,40792,49.1764705882353,19.647058823529413,-29.529411764705884,-8.148979481338522
full_w5_t7,cool_nights,40793,46.294117647058826,23.11764705882353,-23.176470588235297,-6.625139915412002
full_w5_t7,cool_nights,40794,47.529411764705884,21.058823529411764,-26.47058823529412,-7.463131648661374
full_w5_t7,cool_nights,40796,43.529411764705884,25.11764705882353,-18.411764705882355,-5.24354982379525
full_w5_t7,cool_nights,40797,37.588235294117645,30.0,-7.588235294117645,-2.504810520503627
full_w5_t7,cool_nights,40798,24.941176470588236,44.294117647058826,19.35294117647059,5.252837916439749
full_w5_t7,cool_nights,40802,25.823529411764707,42.470588235294116,16.64705882352941,4.43197410805802
full_w5_t7,cool_nights,40809,38.64705882352941,31.470588235294116,-7.176470588235297,-2.009790565258907
full_w5_t7,cool_nights,40810,51.0,16.176470588235293,-34.82352941176471,-9.803131243190256
full_w5_t7,cool_nights,40811,41.35294117647059,27.0,-14.352941176470587,-3.9843568330215744
full_w5_t7,cool_nights,40812,41.470588235294116,25.0,-16.470588235294116,-4.907521382003027
full_w5_t7,cool_nights,40813,46.529411764705884,20.11764705882353,-26.411764705882355,-7.443615811697987
full_w5_t7,cool_nights,40818,43.588235294117645,24.41176470588235,-19.176470588235293,-5.328055530957737
full_w5_t7,cool_nights,40821,47.76470588235294,20.823529411764707,-26.941176470588236,-7.484838557552258
full_w5_t7,cool_nights,40827,39.23529411764706,30.176470588235293,-9.058823529411764,-2.6269560866388115
full_w5_t7,cool_nights,40829,39.05882352941177,29.0,-10.058823529411768,-2.796389443739061
full_w5_t7,cool_nights,40831,48.88235294117647,20.0,-28.88235294117647,-7.916826504002486
full_w5_t7,cool_nights,40832,46.411764705882355,20.352941176470587,-26.058823529411768,-7.505051445965189
full_w5_t7,cool_nights,40839,42.76470588235294,24.41176470588235,-18.35294117647059,-5.099397585764165
full_w5_t7,cool_nights,40841,43.94117647058823,24.0,-19.941176470588232,-5.541033722245449
full_w5_t7,cool_nights,40844,21.235294117647058,44.705882352941174,23.470588235294116,6.249213903815884
full_w5_t7,cool_nights,40847,46.470588235294116,21.0,-25.470588235294116,-7.12581758843613
full_w5_t7,cool_nights,40848,25.58823529411765,41.35294117647059,15.764705882352938,4.284504652943683
full_w5_t7,cool_nights,40849,36.05882352941177,31.294117647058822,-4.764705882352946,-1.246426658427179
full_w5_t7,cool_nights,40851,36.529411764705884,29.941176470588236,-6.5882352941176485,-1.8557576781368166
full_w5_t7,cool_nights,40853,44.88235294117647,20.058823529411764,-24.823529411764707,-6.824354218787507
full_w5_t7,cool_nights,40854,44.1764705882353,23.529411764705884,-20.647058823529413,-5.694628404688202
full_w5_t7,cool_nights,40856,42.470588235294116,27.235294117647058,-15.235294117647058,-4.242123683265612
full_w5_t7,cool_nights,40857,46.94117647058823,19.58823529411765,-27.352941176470583,-7.796510803615236
full_w5_t7,cool_nights,40858,44.11764705882353,18.41176470588235,-25.705882352941178,-7.1841155055497135
full_w5_t7,cool_nights,40859,47.23529411764706,17.0,-30.235294117647058,-8.320877515537052
full_w5_t7,cool_nights,40870,47.88235294117647,22.823529411764707,-25.058823529411764,-6.917593045836558
full_w5_t7,cool_nights,40873,44.470588235294116,21.529411764705884,-22.941176470588232,-6.406545323503927
full_w5_t7,cool_nights,40875,39.05882352941177,29.941176470588236,-9.117647058823533,-2.524984549692027
full_w5_t7,cool_nights,40876,40.0,27.705882352941178,-12.294117647058822,-3.388180325034769
full_w5_t7,cool_nights,40877,37.8235294117647,28.941176470588236,-8.882352941176467,-2.4602032276845813
full_w5_t7,cool_nights,40878,41.588235294117645,26.58823529411765,-14.999999999999996,-4.134141076855896
full_w5_t7,cool_nights,40879,39.94117647058823,29.764705882352942,-10.17647058823529,-2.8154896723022187
full_w5_t7,cool_nights,40882,50.411764705882355,13.235294117647058,-37.1764705882353,-10.221180031409869
full_w5_t7,cool_nights,40883,44.1764705882353,21.352941176470587,-22.82352941176471,-6.30873970890346
full_w5_t7,cool_nights,40889,40.05882352941177,23.294117647058822,-16.764705882352946,-5.1736928080449855
full_w5_t7,cool_nights,40890,35.588235294117645,28.58823529411765,-6.9999999999999964,-2.006203710378788
full_w5_t7,cool_nights,40893,44.529411764705884,21.647058823529413,-22.88235294117647,-6.474625550552119
full_w5_t7,cool_nights,40898,50.529411764705884,14.0,-36.529411764705884,-10.032627007207623
full_w5_t7,cool_nights,99407,42.94117647058823,26.941176470588236,-15.999999999999996,-4.6333172173848975
full_w5_t7,cool_nights,99459,45.76470588235294,22.058823529411764,-23.705882352941178,-6.6435678166190915
full_w5_t7,warm_days,40700,28.647058823529413,41.88235294117647,13.235294117647058,3.491105215963038
full_w5_t7,warm_days,40701,22.058823529411764,47.588235294117645,25.52941176470588,6.988847005185491
full_w5_t7,warm_days,40702,23.058823529411764,45.529411764705884,22.47058823529412,6.1214295997293355
full_w5_t7,warm_days,40703,20.11764705882353,49.23529411764706,29.11764705882353,7.939911495275062
full_w5_t7,warm_days,40704,23.235294117647058,47.11764705882353,23.88235294117647,6.453028861298301
full_w5_t7,warm_days,40706,24.470588235294116,44.411764705882355,19.94117647058824,5.4319702841504744
full_w5_t7,warm_days,40708,25.470588235294116,43.529411764705884,18.058823529411768,4.7814206003392465
full_w5_t7,warm_days,40709,24.705882352941178,43.8235294117647,19.117647058823525,5.218325400596175
full_w5_t7,warm_days,40710,23.764705882352942,45.05882352941177,21.294117647058826,5.787101901037133
full_w5_t7,warm_days,40712,19.11764705882353,50.588235294117645,31.470588235294116,8.610270560571553
full_w5_t7,warm_days,40713,13.529411764705882,55.35294117647059,41.8235294117647,11.492434322134542
full_w5_t7,warm_days,40716,21.11764705882353,47.76470588235294,26.647058823529413,7.267751084925432
full_w5_t7,warm_days,40717,18.647058823529413,51.529411764705884,32.88235294117647,8.969030766926707
full_w5_t7,warm_days,40718,15.529411764705882,54.588235294117645,39.05882352941176,10.550977469247401
full_w5_t7,warm_days,40719,31.529411764705884,37.35294117647059,5.823529411764703,1.4229807690934368
full_w5_t7,warm_days,40723,27.352941176470587,43.11764705882353,15.764705882352942,4.118150118370729
full_w5_t7,warm_days,40724,18.647058823529413,49.294117647058826,30.647058823529413,8.351769522704595
full_w5_t7,warm_days,40726,21.058823529411764,47.35294117647059,26.294117647058822,7.2071892589193025
full_w5_t7,warm_days,40727,21.352941176470587,46.529411764705884,25.176470588235297,6.836598817120757
full_w5_t7,warm_days,40728,21.058823529411764,47.470588235294116,26.41176470588235,7.304511395444174
full_w5_t7,warm_days,40729,15.117647058823529,55.294117647058826,40.1764705882353,11.084823096583918
full_w5_t7,warm_days,40730,21.705882352941178,46.64705882352941,24.941176470588236,6.855269769035507
full_w5_t7,warm_days,40731,24.352941176470587,44.88235294117647,20.529411764705884,5.590172083912491
full_w5_t7,warm_days,40732,21.529411764705884,46.8235294117647,25.29411764705882,6.8740854037516055
full_w5_t7,warm_days,40734,23.41176470588235,44.35294117647059,20.941176470588236,5.694695122396522
full_w5_t7,warm_days,40736,26.294117647058822,42.94117647058823,16.64705882352941,4.47012859037875
full_w5_t7,warm_days,40737,24.941176470588236,44.411764705882355,19.47058823529412,5.289581426108112
full_w5_t7,warm_days,40738,24.941176470588236,45.76470588235294,20.823529411764707,5.673527132393551
full_w5_t7,warm_days,40739,28.470588235294116,38.1764705882353,9.705882352941181,2.632294860110802
full_w5_t7,warm_days,40740,29.823529411764707,40.1764705882353,10.35294117647059,2.7797097616474264
full_w5_t7,warm_days,40741,26.0,44.470588235294116,18.470588235294116,5.023571606329995
full_w5_t7,warm_days,40743,28.88235294117647,40.23529411764706,11.352941176470587,3.075496772625737
full_w5_t7,warm_days,40745,26.11764705882353,44.705882352941174,18.588235294117645,5.013808840802514
full_w5_t7,warm_days,40746,27.529411764705884,42.11764705882353,14.588235294117645,3.9669687450478106
full_w5_t7,warm_days,40747,18.88235294117647,48.64705882352941,29.764705882352942,8.11673106825299
full_w5_t7,warm_days,40748,19.294117647058822,49.588235294117645,30.294117647058822,8.262967018311421
full_w5_t7,warm_days,40749,18.41176470588235,50.529411764705884,32.117647058823536,8.773672425156082
full_w5_t7,warm_days,40751,17.647058823529413,51.05882352941177,33.411764705882355,9.21220194924355
full_w5_t7,warm_days,40752,22.941176470588236,45.529411764705884,22.58823529411765,6.227376306157816
full_w5_t7,warm_days,40754,30.470588235294116,38.11764705882353,7.647058823529413,2.0087702958942995
full_w5_t7,warm_days,40755,24.823529411764707,43.294117647058826,18.47058823529412,5.162339861177504
full_w5_t7,warm_days,40757,25.352941176470587,41.88235294117647,16.529411764705884,4.560673242468772
full_w5_t7,warm_days,40758,31.11764705882353,34.8235294117647,3.705882352941174,0.9625777134668247
full_w5_t7,warm_days,40762,23.11764705882353,46.529411764705884,23.411764705882355,6.367444827331913
full_w5_t7,warm_days,40763,25.647058823529413,43.0,17.352941176470587,4.767067211300775
full_w5_t7,warm_days,40764,19.58823529411765,48.11764705882353,28.52941176470588,7.813648365256441
full_w5_t7,warm_days,40765,20.764705882352942,48.0,27.235294117647058,7.556468225767955
full_w5_t7,warm_days,40766,30.235294117647058,38.8235294117647,8.588235294117645,2.403951898098125
full_w5_t7,warm_days,40768,22.235294117647058,46.94117647058823,24.705882352941174,6.820557305651343
full_w5_t7,warm_days,40769,20.941176470588236,45.76470588235294,24.823529411764707,6.830237642795529
full_w5_t7,warm_days,40770,20.11764705882353,49.11764705882353,29.0,7.9778429809470675
full_w5_t7,warm_days,40771,18.58823529411765,48.11764705882353,29.52941176470588,8.130377425946705
full_w5_t7,warm_days,40772,18.176470588235293,50.76470588235294,32.58823529411765,8.983114897955913
full_w5_t7,warm_days,40774,18.823529411764707,47.94117647058823,29.117647058823525,7.887451787421719
full_w5_t7,warm_days,40778,25.705882352941178,44.11764705882353,18.41176470588235,5.008016397874283
full_w5_t7,warm_days,40779,23.88235294117647,43.529411764705884,19.647058823529413,5.348329319512618
full_w5_t7,warm_days,40780,12.411764705882353,57.23529411764706,44.8235294117647,12.319286799143253
full_w5_t7,warm_days,40782,17.647058823529413,49.94117647058823,32.29411764705882,8.82486377471309
full_w5_t7,warm_days,40783,21.11764705882353,46.23529411764706,25.11764705882353,6.892424188386373
full_w5_t7,warm_days,40785,20.705882352941178,46.94117647058823,26.235294117647054,7.194309101406102
full_w5_t7,warm_days,40789,23.0,45.35294117647059,22.352941176470587,6.105865355374405
full_w5_t7,warm_days,40791,21.058823529411764,48.1764705882353,27.117647058823533,7.429851502293014
full_w5_t7,warm_days,40792,30.235294117647058,38.705882352941174,8.470588235294116,2.280563262827556
full_w5_t7,warm_days,40793,21.352941176470587,47.35294117647059,26.0,7.129725830354297
full_w5_t7,warm_days,40794,19.0,48.588235294117645,29.588235294117645,8.111981572508572
full_w5_t7,warm_days,40796,13.411764705882353,54.588235294117645,41.17647058823529,11.340461123909233
full_w5_t7,warm_days,40797,16.941176470588236,52.05882352941177,35.117647058823536,9.639676939018333
full_w5_t7,warm_days,40798,17.529411764705884,50.23529411764706,32.705882352941174,8.989209789653415
full_w5_t7,warm_days,40802,24.41176470588235,42.23529411764706,17.823529411764707,4.887555309233465
full_w5_t7,warm_days,40809,23.941176470588236,45.8235294117647,21.882352941176467,5.98199642913462
full_w5_t7,warm_days,40810,17.647058823529413,49.411764705882355,31.764705882352942,8.710667390890801
full_w5_t7,warm_days,40811,20.058823529411764,47.76470588235294,27.705882352941178,7.6107194408709145
full_w5_t7,warm_days,40812,19.470588235294116,48.35294117647059,28.88235294117647,7.866134706283488
full_w5_t7,warm_days,40813,18.705882352941178,47.94117647058823,29.235294117647054,8.030272098028416
full_w5_t7,warm_days,40818,22.470588235294116,45.588235294117645,23.11764705882353,6.322899668905528
full_w5_t7,warm_days,40821,24.647058823529413,43.94117647058823,19.29411764705882,5.2945330404005455
full_w5_t7,warm_days,40827,23.294117647058822,44.64705882352941,21.35294117647059,5.878229434231338
full_w5_t7,warm_days,40829,19.705882352941178,49.88235294117647,30.176470588235293,8.26079974178974
full_w5_t7,warm_days,40831,18.470588235294116,48.23529411764706,29.764705882352942,8.181994311307687
full_w5_t7,warm_days,40832,21.41176470588235,43.88235294117647,22.47058823529412,6.136789618568113
full_w5_t7,warm_days,40839,22.823529411764707,42.11764705882353,19.294117647058822,5.524703197678232
full_w5_t7,warm_days,40841,23.176470588235293,45.470588235294116,22.294117647058822,6.1092055454384235
full_w5_t7,warm_days,40844,18.0,48.1764705882353,30.176470588235297,8.324461019522804
full_w5_t7,warm_days,40847,14.058823529411764,51.35294117647059,37.294117647058826,10.232711579902059
full_w5_t7,warm_days,40848,18.176470588235293,48.23529411764706,30.058823529411764,8.234594649238407
full_w5_t7,warm_days,40849,18.941176470588236,47.05882352941177,28.117647058823533,7.890784017840501
full_w5_t7,warm_days,40851,20.764705882352942,45.35294117647059,24.588235294117645,6.7512972748510105
full_w5_t7,warm_days,40853,18.529411764705884,47.88235294117647,29.352941176470587,8.10324399010658
full_w5_t7,warm_days,40854,20.470588235294116,48.23529411764706,27.764705882352942,7.609742893618579
full_w5_t7,warm_days,40856,28.294117647058822,41.588235294117645,13.294117647058822,3.6042525613564207
full_w5_t7,warm_days,40857,14.470588235294118,55.23529411764706,40.76470588235294,11.32630707705076
full_w5_t7,warm_days,40858,33.529411764705884,32.76470588235294,-0.764705882352942,-0.28866252155547123
full_w5_t7,warm_days,40859,22.529411764705884,43.470588235294116,20.941176470588232,5.743184364865507
full_w5_t7,warm_days,40870,23.41176470588235,44.1764705882353,20.764705882352946,5.664685975294524
full_w5_t7,warm_days,40873,21.11764705882353,44.23529411764706,23.11764705882353,6.334291985166124
full_w5_t7,warm_days,40875,27.529411764705884,42.294117647058826,14.764705882352942,4.038494524393804
full_w5_t7,warm_days,40876,21.705882352941178,47.0,25.294117647058822,6.961222112664727
full_w5_t7,warm_days,40877,26.058823529411764,40.88235294117647,14.823529411764707,4.083327115315516
full_w5_t7,warm_days,40878,24.529411764705884,44.23529411764706,19.705882352941174,5.387359568647985
full_w5_t7,warm_days,40879,25.0,43.11764705882353,18.11764705882353,4.961101876102865
full_w5_t7,warm_days,40882,26.41176470588235,39.23529411764706,12.823529411764707,3.507942677242399
full_w5_t7,warm_days,40883,25.58823529411765,40.88235294117647,15.294117647058822,4.203933863394182
full_w5_t7,warm_days,40889,24.294117647058822,40.23529411764706,15.941176470588236,4.2794049982499605
full_w5_t7,warm_days,40890,13.647058823529411,52.11764705882353,38.470588235294116,10.56823795824724
full_w5_t7,warm_days,40893,33.23529411764706,35.11764705882353,1.882352941176471,0.522766434873768
full_w5_t7,warm_days,40898,24.58823529411765,43.470588235294116,18.882352941176467,5.214094199141382
full_w5_t7,warm_days,99407,26.705882352941178,42.23529411764706,15.52941176470588,4.2956691425684985
full_w5_t7,warm_days,99459,15.294117647058824,53.23529411764706,37.94117647058823,10.466413248433756
full_w5_t7,warm_nights,40700,23.823529411764707,43.8235294117647,19.999999999999996,5.112491053981986
full_w5_t7,warm_nights,40701,21.470588235294116,45.23529411764706,23.764705882352942,6.25920332659893
full_w5_t7,warm_nights,40702,19.294117647058822,47.470588235294116,28.176470588235293,7.49638075110091
full_w5_t7,warm_nights,40703,17.88235294117647,48.705882352941174,30.823529411764703,8.25727707453464
full_w5_t7,warm_nights,40704,25.41176470588235,43.705882352941174,18.294117647058822,4.713506309925111
full_w5_t7,warm_nights,40706,27.58823529411765,41.411764705882355,13.823529411764707,3.6077640185876136
full_w5_t7,warm_nights,40708,22.529411764705884,46.8235294117647,24.29411764705882,6.3882811228242655
full_w5_t7,warm_nights,40709,20.764705882352942,46.411764705882355,25.647058823529413,7.029185512780423
full_w5_t7,warm_nights,40710,24.41176470588235,43.0,18.58823529411765,4.9453284419771375
full_w5_t7,warm_nights,40712,30.058823529411764,39.0,8.941176470588236,2.2886905319374655
full_w5_t7,warm_nights,40713,21.235294117647058,47.294117647058826,26.058823529411768,6.974786760348797
full_w5_t7,warm_nights,40716,21.058823529411764,45.1764705882353,24.117647058823533,6.356323576713252
full_w5_t7,warm_nights,40717,23.0,47.05882352941177,24.058823529411768,6.373136614526381
full_w5_t7,warm_nights,40718,21.470588235294116,43.76470588235294,22.294117647058826,5.832368027773526
full_w5_t7,warm_nights,40719,17.176470588235293,48.470588235294116,31.294117647058822,8.473559471790523
full_w5_t7,warm_nights,40723,27.647058823529413,40.76470588235294,13.117647058823529,3.3119683286904076
full_w5_t7,warm_nights,40724,18.294117647058822,47.11764705882353,28.823529411764707,7.7124997749287525
full_w5_t7,warm_nights,40726,24.41176470588235,43.76470588235294,19.35294117647059,5.108237627961769
full_w5_t7,warm_nights,40727,23.647058823529413,46.294117647058826,22.647058823529413,5.894521405951849
full_w5_t7,warm_nights,40728,25.470588235294116,41.588235294117645,16.11764705882353,4.2826383189116
full_w5_t7,warm_nights,40729,22.176470588235293,47.294117647058826,25.117647058823533,6.78318686402505
full_w5_t7,warm_nights,40730,21.294117647058822,46.05882352941177,24.764705882352946,6.663262947558676
full_w5_t7,warm_nights,40731,26.764705882352942,42.705882352941174,15.941176470588232,4.289859028574341
full_w5_t7,warm_nights,40732,17.941176470588236,47.411764705882355,29.47058823529412,8.040264980716383
full_w5_t7,warm_nights,40734,17.352941176470587,48.05882352941177,30.70588235294118,8.390321669730652
full_w5_t7,warm_nights,40736,21.11764705882353,45.470588235294116,24.352941176470587,6.610310605043263
full_w5_t7,warm_nights,40737,24.88235294117647,41.23529411764706,16.352941176470587,4.4174582452078734
full_w5_t7,warm_nights,40738,31.823529411764707,35.1764705882353,3.3529411764705905,0.8501071223339824
full_w5_t7,warm_nights,40739,30.11764705882353,35.705882352941174,5.588235294117645,1.4838311801184716
full_w5_t7,warm_nights,40740,40.05882352941177,28.294117647058822,-11.764705882352946,-3.320382923830282
full_w5_t7,warm_nights,40741,27.88235294117647,42.470588235294116,14.588235294117645,3.9062726354977677
full_w5_t7,warm_nights,40743,27.294117647058822,42.76470588235294,15.47058823529412,4.1437282466945975
full_w5_t7,warm_nights,40745,24.352941176470587,44.588235294117645,20.235294117647058,5.5109181110980945
full_w5_t7,warm_nights,40746,30.352941176470587,39.411764705882355,9.058823529411768,2.4117770842684934
full_w5_t7,warm_nights,40747,27.941176470588236,41.11764705882353,13.176470588235293,3.1922315361949725
full_w5_t7,warm_nights,40748,21.88235294117647,46.0,24.11764705882353,6.310753690801933
full_w5_t7,warm_nights,40749,25.176470588235293,42.529411764705884,17.35294117647059,4.590107364358667
full_w5_t7,warm_nights,40751,27.529411764705884,39.94117647058823,12.411764705882348,3.422181477267573
full_w5_t7,warm_nights,40752,26.11764705882353,43.94117647058823,17.823529411764703,4.913318321898951
full_w5_t7,warm_nights,40754,32.88235294117647,34.529411764705884,1.647058823529413,0.3819431564959146
full_w5_t7,warm_nights,40755,29.58823529411765,39.11764705882353,9.52941176470588,2.634335562778938
full_w5_t7,warm_nights,40757,27.58823529411765,39.588235294117645,11.999999999999996,3.2453187997975244
full_w5_t7,warm_nights,40758,14.058823529411764,54.470588235294116,40.41176470588235,11.073979258155866
full_w5_t7,warm_nights,40762,26.705882352941178,42.588235294117645,15.882352941176467,4.320551678421783
full_w5_t7,warm_nights,40763,28.352941176470587,40.64705882352941,12.294117647058826,3.3421011359821113
full_w5_t7,warm_nights,40764,25.823529411764707,42.529411764705884,16.705882352941178,4.267202145275487
full_w5_t7,warm_nights,40765,24.235294117647058,45.529411764705884,21.294117647058826,5.853823500380425
full_w5_t7,warm_nights,40766,26.41176470588235,43.11764705882353,16.705882352941178,4.485367698839841
full_w5_t7,warm_nights,40768,28.88235294117647,39.588235294117645,10.705882352941174,2.8365130759998163
full_w5_t7,warm_nights,40769,25.470588235294116,41.35294117647059,15.882352941176471,4.064370394140704
full_w5_t7,warm_nights,40770,24.235294117647058,45.0,20.764705882352942,5.698240768263082
full_w5_t7,warm_nights,40771,28.470588235294116,39.64705882352941,11.176470588235297,2.78353948197128
full_w5_t7,warm_nights,40772,20.941176470588236,49.1764705882353,28.23529411764706,7.632834792739162
full_w5_t7,warm_nights,40774,19.176470588235293,48.94117647058823,29.76470588235294,7.895146693523539
full_w5_t7,warm_nights,40778,26.705882352941178,43.8235294117647,17.117647058823525,4.628715183235161
full_w5_t7,warm_nights,40779,26.41176470588235,41.470588235294116,15.058823529411764,3.7995653053334832
full_w5_t7,warm_nights,40780,43.76470588235294,26.058823529411764,-17.705882352941178,-4.966811578274586
full_w5_t7,warm_nights,40782,26.88235294117647,42.294117647058826,15.411764705882355,3.9870605096108793
full_w5_t7,warm_nights,40783,24.647058823529413,44.470588235294116,19.823529411764703,5.272851862785249
full_w5_t7,warm_nights,40785,22.941176470588236,44.76470588235294,21.823529411764707,5.963628180573745
full_w5_t7,warm_nights,40789,21.11764705882353,47.23529411764706,26.11764705882353,7.129886741697523
full_w5_t7,warm_nights,40791,23.058823529411764,45.705882352941174,22.64705882352941,6.148286547630926
full_w5_t7,warm_nights,40792,20.470588235294116,48.94117647058823,28.470588235294116,7.793889943216517
full_w5_t7,warm_nights,40793,26.058823529411764,43.470588235294116,17.41176470588235,4.724748259768037
full_w5_t7,warm_nights,40794,25.058823529411764,44.11764705882353,19.058823529411764,5.168141563952085
full_w5_t7,warm_nights,40796,23.88235294117647,44.94117647058823,21.05882352941176,5.713535964490358
full_w5_t7,warm_nights,40797,27.647058823529413,40.23529411764706,12.588235294117645,3.262510078990516
full_w5_t7,warm_nights,40798,37.1764705882353,30.88235294117647,-6.294117647058826,-1.886975523576039
full_w5_t7,warm_nights,40802,30.764705882352942,37.23529411764706,6.470588235294116,1.6531762042006424
full_w5_t7,warm_nights,40809,30.88235294117647,39.0,8.117647058823529,2.2054471807738505
full_w5_t7,warm_nights,40810,18.764705882352942,50.705882352941174,31.941176470588232,8.714064634381465
full_w5_t7,warm_nights,40811,21.647058823529413,48.0,26.352941176470587,7.220787883601253
full_w5_t7,warm_nights,40812,22.941176470588236,45.588235294117645,22.64705882352941,6.035834318835536
full_w5_t7,warm_nights,40813,19.058823529411764,47.64705882352941,28.58823529411765,7.795043498790562
full_w5_t7,warm_nights,40818,22.705882352941178,46.23529411764706,23.52941176470588,6.4272576794967335
full_w5_t7,warm_nights,40821,22.176470588235293,47.1764705882353,25.000000000000004,6.852282301027952
full_w5_t7,warm_nights,40827,30.176470588235293,38.88235294117647,8.705882352941178,2.338877000269214
full_w5_t7,warm_nights,40829,24.352941176470587,45.1764705882353,20.82352941176471,5.690743309646625
full_w5_t7,warm_nights,40831,18.41176470588235,50.05882352941177,31.647058823529417,8.687923794525855
full_w5_t7,warm_nights,40832,18.764705882352942,48.23529411764706,29.470588235294116,7.989126723556713
full_w5_t7,warm_nights,40839,24.823529411764707,42.88235294117647,18.058823529411764,5.041759283883162
full_w5_t7,warm_nights,40841,27.705882352941178,42.588235294117645,14.882352941176467,4.051412650549152
full_w5_t7,warm_nights,40844,38.64705882352941,26.11764705882353,-12.529411764705884,-3.810215086887922
full_w5_t7,warm_nights,40847,21.294117647058822,46.76470588235294,25.47058823529412,6.931159619199694
full_w5_t7,warm_nights,40848,38.88235294117647,28.764705882352942,-10.117647058823529,-2.8308917506146996
full_w5_t7,warm_nights,40849,31.11764705882353,36.470588235294116,5.352941176470587,1.5195439896189242
full_w5_t7,warm_nights,40851,26.176470588235293,43.0,16.823529411764707,4.602717461737643
full_w5_t7,warm_nights,40853,20.058823529411764,46.705882352941174,26.64705882352941,7.373157120477362
full_w5_t7,warm_nights,40854,21.529411764705884,47.705882352941174,26.17647058823529,7.202470108721235
full_w5_t7,warm_nights,40856,29.941176470588236,41.529411764705884,11.588235294117649,3.137260241022222
full_w5_t7,warm_nights,40857,22.058823529411764,45.0,22.941176470588236,6.274781087545381
full_w5_t7,warm_nights,40858,16.58823529411765,49.705882352941174,33.11764705882352,9.061170772898379
full_w5_t7,warm_nights,40859,19.0,49.529411764705884,30.529411764705884,8.38578388819815
full_w5_t7,warm_nights,40870,28.647058823529413,42.05882352941177,13.411764705882355,3.6711835954707457
full_w5_t7,warm_nights,40873,21.823529411764707,43.94117647058823,22.117647058823525,6.0486505185328765
full_w5_t7,warm_nights,40875,26.0,40.76470588235294,14.764705882352942,4.0397114057959325
full_w5_t7,warm_nights,40876,23.294117647058822,43.76470588235294,20.47058823529412,5.605223653351996
full_w5_t7,warm_nights,40877,26.176470588235293,41.1764705882353,15.000000000000004,4.121923498907709
full_w5_t7,warm_nights,40878,29.705882352941178,39.411764705882355,9.705882352941178,2.6510646582436195
full_w5_t7,warm_nights,40879,26.88235294117647,40.8235294117647,13.941176470588232,3.8146089214616365
full_w5_t7,warm_nights,40882,21.705882352941178,41.411764705882355,19.705882352941178,5.383599288115625
full_w5_t7,warm_nights,40883,31.647058823529413,34.05882352941177,2.411764705882355,0.6444616585091598
full_w5_t7,warm_nights,40889,23.88235294117647,38.35294117647059,14.470588235294116,3.9333301935974427
full_w5_t7,warm_nights,40890,26.41176470588235,36.1764705882353,9.764705882352946,2.6361651748262
full_w5_t7,warm_nights,40893,28.41176470588235,37.294117647058826,8.882352941176475,2.379427165405221
full_w5_t7,warm_nights,40898,18.294117647058822,49.0,30.705882352941178,8.417568927787961
full_w5_t7,warm_nights,99407,23.705882352941178,44.588235294117645,20.882352941176467,5.714739037825812
full_w5_t7,warm_nights,99459,23.647058823529413,45.23529411764706,21.588235294117645,5.855825257208936
