station_id,year,precip,temperature,precip_days,temperature_days,observed_rows,expected_days,coverage,definition
19996,1991,80.0,26.805479452054794,12,365,365,365,0.03287671232876712,annual
19996,1992,220.0,26.749313186813186,19,364,366,366,0.05191256830601093,annual
19996,1993,4.0,28.07335164835165,2,364,365,365,0.005479452054794521,annual
19996,1994,67.0,27.668975069252078,9,361,365,365,0.024657534246575342,annual
19996,1995,202.0,27.287123287671232,20,365,365,365,0.0547945205479452,annual
19996,1996,117.0,27.177459016393446,12,366,366,366,0.03278688524590164,annual
19996,1997,240.5,27.172602739726027,26,365,365,365,0.07123287671232877,annual
19996,1998,89.0,28.256438356164384,10,365,365,365,0.0273972602739726,annual
19996,1999,32.0,27.23248502994012,5,334,365,365,0.0136986301369863,annual
19996,2000,43.0,27.983606557377048,2,366,366,366,0.00546448087431694,annual
19996,2001,1.0,28.316301369863016,1,365,365,365,0.0027397260273972603,annual
19996,2002,61.0,28.19945205479452,5,365,365,365,0.0136986301369863,annual
19996,2003,107.0,28.394722222222224,10,360,365,365,0.0273972602739726,annual
19996,2004,51.0,28.52636612021858,6,366,366,366,0.01639344262295082,annual
19996,2005,133.5,28.00109589041096,10,365,365,365,0.0273972602739726,annual
19996,2006,130.0,28.516986301369865,12,365,365,365,0.03287671232876712,annual
19996,2007,210.0,28.3172602739726,11,365,365,365,0.030136986301369864,annual
19996,2008,108.0,27.719945355191257,13,366,366,366,0.03551912568306011,annual
19996,2009,111.0,28.5186301369863,8,365,365,365,0.021917808219178082,annual
19996,2010,159.0,28.227945205479454,7,365,365,365,0.019178082191780823,annual
19996,2011,33.0,28.22857142857143,9,364,365,365,0.024657534246575342,annual
19996,2012,84.0,28.005479452054793,4,365,366,366,0.01092896174863388,annual
19996,2013,151.0,27.623287671232877,11,365,365,365,0.030136986301369864,annual
19996,2014,148.0,27.624313186813186,365,364,365,365,0.9972602739726028,annual
19996,2015,57.5,28.77178082191781,365,365,365,365,1.0,annual
19996,2016,44.0,28.283561643835615,365,365,366,366,0.9972677595628415,annual
19996,2017,52.0,28.27150684931507,365,365,365,365,1.0,annual
19996,2018,33.0,28.536263736263738,364,364,365,365,0.9972602739726028,annual
19996,2019,169.1,28.304794520547944,365,365,365,365,1.0,annual
19996,2020,205.0,28.209016393442624,364,366,366,366,0.994535519125683,annual
19996,2021,62.0,29.715302491103202,281,281,365,365,0.7698630136986301,annual
19996,2022,144.5,21.304597701149426,87,87,365,365,0.23835616438356164,annual
19996,2023,59.0,29.70790378006873,291,291,365,365,0.7972602739726027,annual
19996,2024,292.0,30.31086956521739,321,322,366,366,0.8770491803278688,annual
40700,1991,319.92,15.326149425287356,365,348,365,365,0.9534246575342465,annual
40700,1992,301.24,14.480579710144928,366,345,366,366,0.9426229508196722,annual
40700,1993,189.17,14.443543543543543,364,333,365,365,0.9123287671232877,annual
40700,1994,299.56,15.23323353293413,365,334,365,365,0.915068493150685,annual
40700,1995,312.3,16.300588235294118,365,340,365,365,0.9315068493150684,annual
40700,1996,153.09,16.19320987654321,366,324,366,366,0.8852459016393442,annual
40700,1997,258.49,16.0140625,365,320,365,365,0.8767123287671232,annual
40700,1998,187.16,16.797904191616766,365,334,365,365,0.915068493150685,annual
40700,1999,250.51,16.236470588235292,365,340,365,365,0.9315068493150684,annual
40700,2000,266.61,16.081764705882353,366,340,366,366,0.9289617486338798,annual
40700,2001,244.45,16.883582089552238,365,335,365,365,0.9178082191780822,annual
40700,2002,293.15000000000003,16.041867469879517,365,332,365,365,0.9095890410958904,annual
40700,2003,407.55000000000007,15.508049535603716,365,323,365,365,0.8849315068493151,annual
40700,2004,325.89,15.93063063063063,366,333,366,366,0.9098360655737705,annual
40700,2005,201.57999999999998,16.23620178041543,365,337,365,365,0.9232876712328767,annual
40700,2006,207.81,15.557417582417582,365,364,365,365,0.9972602739726028,annual
40700,2007,242.02999999999997,15.443835616438356,365,365,365,365,1.0,annual
40700,2008,226.93,15.275136612021857,366,366,366,366,1.0,annual
40700,2009,334.11,15.358356164383562,365,365,365,365,1.0,annual
40700,2010,339.18,16.46958904109589,365,365,365,365,1.0,annual
40700,2011,355.6,14.867671232876711,365,365,365,365,1.0,annual
40700,2012,310.17,15.871311475409835,366,366,366,366,1.0,annual
40700,2013,318.86,15.772876712328769,365,365,365,365,1.0,annual
40700,2014,220.57,16.085318559556786,365,361,365,365,0.989041095890411,annual
40700,2015,325.55,15.828493150684931,365,365,365,365,1.0,annual
40700,2016,349.75,15.030054644808743,366,366,366,366,1.0,annual
40700,2017,177.14,15.718732782369145,365,363,365,365,0.9945205479452055,annual
40700,2018,260.20000000000005,16.699145299145297,365,351,365,365,0.9616438356164384,annual
40700,2019,211.38,16.173972602739727,365,365,365,365,1.0,annual
40700,2020,242.72,15.932054794520548,366,365,366,366,0.9972677595628415,annual
40700,2021,193.89999999999998,16.258516483516484,365,364,365,365,0.9972602739726028,annual
40700,2022,168.69,16.13068493150685,365,365,365,365,1.0,annual
40700,2023,265.05999999999995,16.82,365,365,365,365,1.0,annual
40700,2024,255.27,16.035890410958906,366,365,366,366,0.9972677595628415,annual
40701,1991,290.97,10.795626822157434,365,343,365,365,0.9397260273972603,annual
40701,1992,284.43,8.721987951807229,366,332,366,366,0.907103825136612,annual
40701,1993,401.78000000000003,9.39435736677116,365,319,365,365,0.873972602739726,annual
40701,1994,360.96,11.300645161290323,365,310,365,365,0.8493150684931506,annual
40701,1995,267.36,12.049523809523809,365,315,365,365,0.863013698630137,annual
40701,1996,235.89,12.187841945288755,366,329,366,366,0.8989071038251366,annual
40701,1997,222.01,11.339156626506023,365,332,365,365,0.9095890410958904,annual
40701,1998,232.49,12.549691358024692,365,324,365,365,0.8876712328767123,annual
40701,1999,271.40999999999997,12.460790273556231,365,329,365,365,0.9013698630136986,annual
40701,2000,185.83999999999997,12.427044025157233,366,318,366,366,0.8688524590163934,annual
40701,2001,219.1,11.707123287671234,365,365,365,365,1.0,annual
40701,2002,293.57,10.717534246575342,365,365,365,365,1.0,annual
40701,2003,430.5400000000001,10.473972602739726,365,365,365,365,1.0,annual
40701,2004,306.90999999999997,10.610928961748634,366,366,366,366,1.0,annual
40701,2005,341.3,10.78986301369863,365,365,365,365,1.0,annual
40701,2006,314.63,11.193150684931506,365,365,365,365,1.0,annual
40701,2007,392.48,10.355068493150684,365,365,365,365,1.0,annual
40701,2008,249.14,10.859289617486338,366,366,366,366,1.0,annual
40701,2009,386.09000000000003,10.894520547945206,365,365,365,365,1.0,annual
40701,2010,348.04,13.002739726027396,365,365,365,365,1.0,annual
40701,2011,418.7,10.11487603305785,365,363,365,365,0.9945205479452055,annual
40701,2012,298.93,11.362568306010928,366,366,366,366,1.0,annual
40701,2013,327.59000000000003,10.974520547945206,365,365,365,365,1.0,annual
40701,2014,282.26,12.03268156424581,365,358,365,365,0.9808219178082191,annual
40701,2015,396.07000000000005,12.324725274725274,365,364,365,365,0.9972602739726028,annual
40701,2016,310.87,11.12513966480447,366,358,366,366,0.9781420765027322,annual
40701,2017,221.49,11.216483516483517,365,364,365,365,0.9972602739726028,annual
40701,2018,449.26,13.312154696132596,365,362,365,365,0.9917808219178083,annual
40701,2019,290.83000000000004,12.396952908587258,365,361,365,365,0.989041095890411,annual
40701,2020,302.17999999999995,11.728688524590163,366,366,366,366,1.0,annual
40701,2021,247.35,12.617857142857142,365,364,365,365,0.9972602739726028,annual
40701,2022,192.68,12.644225352112676,365,355,365,365,0.9726027397260274,annual
40701,2023,269.84,12.778021978021977,364,364,365,365,0.9972602739726028,annual
40701,2024,376.89,12.499723756906077,365,362,366,366,0.9890710382513661,annual
40702,1991,183.14,15.803790087463556,365,343,365,365,0.9397260273972603,annual
40702,1992,195.96999999999997,13.938972809667675,366,331,366,366,0.9043715846994536,annual
40702,1993,249.72999999999996,13.890634441087613,365,331,365,365,0.9068493150684932,annual
40702,1994,273.21999999999997,15.088130563798218,365,337,365,365,0.9232876712328767,annual
40702,1995,157.21,16.293731343283582,365,335,365,365,0.9178082191780822,annual
40702,1996,94.32999999999998,16.569578313253015,366,332,366,366,0.907103825136612,annual
40702,1997,139.71,15.564759036144578,365,332,365,365,0.9095890410958904,annual
40702,1998,132.14000000000001,16.85105105105105,365,333,365,365,0.9123287671232877,annual
40702,1999,221.04000000000002,16.65718475073314,365,341,365,365,0.9342465753424658,annual
40702,2000,129.26999999999998,16.228985507246378,366,345,366,366,0.9426229508196722,annual
40702,2001,155.51999999999998,17.087020648967552,365,339,365,365,0.9287671232876712,annual
40702,2002,219.2,15.15821325648415,365,347,365,365,0.9506849315068493,annual
40702,2003,306.89000000000004,15.206194690265486,365,339,365,365,0.9287671232876712,annual
40702,2004,323.58000000000004,15.73682634730539,366,334,366,366,0.912568306010929,annual
40702,2005,237.32,15.496745562130176,365,338,365,365,0.9260273972602739,annual
40702,2006,200.62,16.031518624641834,365,349,365,365,0.9561643835616438,annual
40702,2007,230.40000000000003,14.478904109589042,365,365,365,365,1.0,annual
40702,2008,178.44,15.838081395348837,366,344,366,366,0.9398907103825137,annual
40702,2009,220.76,15.040833333333333,365,360,365,365,0.9863013698630136,annual
40702,2010,349.14,16.905479452054795,365,365,365,365,1.0,annual
40702,2011,251.98000000000002,15.139106145251397,365,358,365,365,0.9808219178082191,annual
40702,2012,257.45,16.25485714285714,366,350,366,366,0.9562841530054644,annual
40702,2013,223.82999999999998,15.380547945205478,365,365,365,365,1.0,annual
40702,2014,215.99,16.462049861495846,365,361,365,365,0.989041095890411,annual
40702,2015,236.38,16.910481586402266,365,353,365,365,0.9671232876712329,annual
40702,2016,259.38,15.48027397260274,366,365,366,366,0.9972677595628415,annual
40702,2017,204.03,15.347107438016529,365,363,365,365,0.9945205479452055,annual
40702,2018,295.53999999999996,17.485277777777778,365,360,365,365,0.9863013698630136,annual
40702,2019,160.57999999999998,16.67170868347339,365,357,365,365,0.9780821917808219,annual
40702,2020,175.82999999999998,16.425205479452053,366,365,366,366,0.9972677595628415,annual
40702,2021,112.53999999999999,17.064383561643837,365,365,365,365,1.0,annual
40702,2022,103.88,17.02082191780822,365,365,365,365,1.0,annual
40702,2023,199.3,17.462739726027397,365,365,365,365,1.0,annual
40702,2024,217.39,16.69344262295082,366,366,366,366,1.0,annual
40703,1991,302.80999999999995,12.644970414201184,364,338,365,365,0.9260273972602739,annual
40703,1992,223.85,10.867638483965015,366,343,366,366,0.9371584699453552,annual
40703,1993,329.01,11.17530864197531,365,324,365,365,0.8876712328767123,annual
40703,1994,330.03999999999996,12.81360946745562,365,338,365,365,0.9260273972602739,annual
40703,1995,168.39,13.095072463768117,365,345,365,365,0.9452054794520548,annual
40703,1996,196.64,13.581524926686217,366,341,366,366,0.9316939890710383,annual
40703,1997,238.87,12.515868263473054,365,334,365,365,0.915068493150685,annual
40703,1998,186.95999999999998,14.344753086419752,365,324,365,365,0.8876712328767123,annual
40703,1999,221.48999999999995,13.90610465116279,365,344,365,365,0.9424657534246575,annual
40703,2000,207.23000000000002,13.593235294117646,366,340,366,366,0.9289617486338798,annual
40703,2001,171.48999999999998,13.989295774647887,365,355,365,365,0.9726027397260274,annual
40703,2002,297.4,12.314520547945206,365,365,365,365,1.0,annual
40703,2003,332.03,12.52361111111111,365,360,365,365,0.9863013698630136,annual
40703,2004,322.96,12.39449035812672,366,363,366,366,0.9918032786885246,annual
40703,2005,266.49,12.8775,365,360,365,365,0.9863013698630136,annual
40703,2006,269.76,13.59031339031339,365,351,365,365,0.9616438356164384,annual
40703,2007,287.59,12.476243093922651,365,362,365,365,0.9917808219178083,annual
40703,2008,214.08,12.82295081967213,366,366,366,366,1.0,annual
40703,2009,275.37,12.907692307692306,365,364,365,365,0.9972602739726028,annual
40703,2010,245.33999999999997,14.743013698630136,365,365,365,365,1.0,annual
40703,2011,320.39,12.565384615384616,365,364,365,365,0.9972602739726028,annual
40703,2012,318.68999999999994,13.542465753424658,366,365,366,366,0.9972677595628415,annual
40703,2013,235.62,12.637260273972604,365,365,365,365,1.0,annual
40703,2014,272.96999999999997,13.928055555555556,365,360,365,365,0.9863013698630136,annual
40703,2015,372.45000000000005,13.885950413223142,365,363,365,365,0.9945205479452055,annual
40703,2016,246.31,13.18300835654596,366,359,366,366,0.9808743169398907,annual
40703,2017,219.59,12.831043956043956,365,364,365,365,0.9972602739726028,annual
40703,2018,471.85,15.011813186813187,365,364,365,365,0.9972602739726028,annual
40703,2019,261.52,14.327945205479452,365,365,365,365,1.0,annual
40703,2020,296.4,13.807923497267758,366,366,366,366,1.0,annual
40703,2021,184.62,14.84175824175824,365,364,365,365,0.9972602739726028,annual
40703,2022,160.10999999999999,14.443287671232877,365,365,365,365,1.0,annual
40703,2023,245.29000000000002,15.243835616438357,365,365,365,365,1.0,annual
40703,2024,232.99,14.405464480874317,366,366,366,366,1.0,annual
40704,1991,315.52,10.860982658959538,365,346,365,365,0.947945205479452,annual
40704,1992,302.03,9.547428571428572,366,350,366,366,0.9562841530054644,annual
40704,1993,399.80999999999995,9.892705167173252,365,329,365,365,0.9013698630136986,annual
40704,1994,340.13,11.409696969696968,365,330,365,365,0.9041095890410958,annual
40704,1995,251.3,11.810285714285715,365,350,365,365,0.958904109589041,annual
40704,1996,285.53,11.696978851963745,366,331,366,366,0.9043715846994536,annual
40704,1997,283.58,11.209495548961424,365,337,365,365,0.9232876712328767,annual
40704,1998,265.08,12.32361963190184,365,326,365,365,0.8931506849315068,annual
40704,1999,337.29999999999995,12.333235294117648,365,340,365,365,0.9315068493150684,annual
40704,2000,243.49,11.93655589123867,366,331,366,366,0.9043715846994536,annual
40704,2001,190.7,12.74733727810651,365,338,365,365,0.9260273972602739,annual
40704,2002,268.15000000000003,11.877325581395349,365,344,365,365,0.9424657534246575,annual
40704,2003,274.24,11.54537037037037,365,324,365,365,0.8876712328767123,annual
40704,2004,365.25,11.893538461538462,366,325,366,366,0.8879781420765027,annual
40704,2005,236.48,11.35,365,362,365,365,0.9917808219178083,annual
40704,2006,272.47,11.628932584269663,365,356,365,365,0.9753424657534246,annual
40704,2007,335.35,10.62335164835165,365,364,365,365,0.9972602739726028,annual
40704,2008,206.48,11.046027397260275,366,365,366,366,0.9972677595628415,annual
40704,2009,182.94,11.43756906077348,365,362,365,365,0.9917808219178083,annual
40704,2010,277.41,13.294182825484764,365,361,365,365,0.989041095890411,annual
40704,2011,337.78,10.379063360881542,365,363,365,365,0.9945205479452055,annual
40704,2012,289.99,11.523770491803278,366,366,366,366,1.0,annual
40704,2013,298.7,11.54478021978022,365,364,365,365,0.9972602739726028,annual
40704,2014,284.36,12.081318681318683,365,364,365,365,0.9972602739726028,annual
40704,2015,382.72,12.153333333333332,365,360,365,365,0.9863013698630136,annual
40704,2016,253.78999999999996,12.371468926553673,366,354,366,366,0.9672131147540983,annual
40704,2017,213.67,12.536260623229463,365,353,365,365,0.9671232876712329,annual
40704,2018,312.24,13.016292134831462,365,356,365,365,0.9753424657534246,annual
40704,2019,272.39,12.369060773480664,365,362,365,365,0.9917808219178083,annual
40704,2020,383.17999999999995,11.584153005464481,366,366,366,366,1.0,annual
40704,2021,163.63,13.179945054945055,365,364,365,365,0.9972602739726028,annual
40704,2022,240.73999999999998,12.40876712328767,365,365,365,365,1.0,annual
40704,2023,229.13,13.238082191780821,365,365,365,365,1.0,annual
40704,2024,315.66,11.94672131147541,365,366,366,366,0.9972677595628415,annual
40706,1991,249.13,13.409510086455333,365,347,365,365,0.9506849315068493,annual
40706,1992,277.84,11.862463343108503,366,341,366,366,0.9316939890710383,annual
40706,1993,362.40000000000003,12.114244186046513,365,344,365,365,0.9424657534246575,annual
40706,1994,374.19,13.320461095100864,365,347,365,365,0.9506849315068493,annual
40706,1995,175.56000000000003,13.738068181818182,365,352,365,365,0.9643835616438357,annual
40706,1996,251.5,14.079827089337176,366,347,366,366,0.9480874316939891,annual
40706,1997,192.92999999999998,13.24183381088825,365,349,365,365,0.9561643835616438,annual
40706,1998,233.06,15.16036036036036,365,333,365,365,0.9123287671232877,annual
40706,1999,220.8,14.883035714285715,365,336,365,365,0.9205479452054794,annual
40706,2000,204.91,14.536811594202899,366,345,366,366,0.9426229508196722,annual
40706,2001,203.68,14.539118457300274,365,363,365,365,0.9945205479452055,annual
40706,2002,302.94,13.309641873278236,365,363,365,365,0.9945205479452055,annual
40706,2003,218.92000000000002,13.499178082191781,365,365,365,365,1.0,annual
40706,2004,284.76,13.594246575342465,366,365,366,366,0.9972677595628415,annual
40706,2005,233.3,13.674794520547946,365,365,365,365,1.0,annual
40706,2006,305.13,13.886111111111111,365,360,365,365,0.9863013698630136,annual
40706,2007,229.95,12.97150684931507,365,365,365,365,1.0,annual
40706,2008,171.53000000000003,13.534699453551912,366,366,366,366,1.0,annual
40706,2009,241.91,13.475824175824176,365,364,365,365,0.9972602739726028,annual
40706,2010,183.92000000000002,15.39556786703601,365,361,365,365,0.989041095890411,annual
40706,2011,282.22999999999996,12.738736263736262,365,364,365,365,0.9972602739726028,annual
40706,2012,217.19,13.883516483516484,366,364,366,366,0.994535519125683,annual
40706,2013,262.54,13.316438356164383,365,365,365,365,1.0,annual
40706,2014,313.98,14.024517906336087,365,363,365,365,0.9945205479452055,annual
40706,2015,282.64,14.1202216066482,365,361,365,365,0.989041095890411,annual
40706,2016,290.96999999999997,13.456629834254144,366,362,366,366,0.9890710382513661,annual
40706,2017,204.36,13.654794520547945,365,365,365,365,1.0,annual
40706,2018,388.74,15.012876712328767,365,365,365,365,1.0,annual
40706,2019,264.99,13.989560439560439,365,364,365,365,0.9972602739726028,annual
40706,2020,345.65999999999997,13.325409836065575,366,366,366,366,1.0,annual
40706,2021,263.62,14.571703296703298,365,364,365,365,0.9972602739726028,annual
40706,2022,155.06,14.364835164835165,365,364,365,365,0.9972602739726028,annual
40706,2023,215.01,14.602739726027398,365,365,365,365,1.0,annual
40706,2024,289.57,14.18109589041096,366,365,366,366,0.9972677595628415,annual
40708,1991,276.08000000000004,8.569846153846154,365,325,365,365,0.8904109589041096,annual
40708,1992,405.62,7.623353293413173,366,334,366,366,0.912568306010929,annual
40708,1993,395.83000000000004,7.211176470588236,365,340,365,365,0.9315068493150684,annual
40708,1994,325.61,8.717378048780489,365,328,365,365,0.8986301369863013,annual
40708,1995,222.32,9.222413793103449,365,348,365,365,0.9534246575342465,annual
40708,1996,245.66,8.969794721407624,366,341,366,366,0.9316939890710383,annual
40708,1997,374.89,9.714880952380952,365,336,365,365,0.9205479452054794,annual
40708,1998,325.71000000000004,10.835403726708075,365,322,365,365,0.8821917808219178,annual
40708,1999,259.49,10.481104651162791,365,344,365,365,0.9424657534246575,annual
40708,2000,302.88,10.140718562874252,366,334,366,366,0.912568306010929,annual
40708,2001,221.85000000000002,10.761933534743202,365,331,365,365,0.9068493150684932,annual
40708,2002,251.92,10.45625,365,336,365,365,0.9205479452054794,annual
40708,2003,277.18,10.11517027863777,365,323,365,365,0.8849315068493151,annual
40708,2004,343.32,10.701829268292682,366,328,366,366,0.8961748633879781,annual
40708,2005,280.58,10.093956043956043,365,364,365,365,0.9972602739726028,annual
40708,2006,216.55,10.345205479452055,365,365,365,365,1.0,annual
40708,2007,306.0,9.72931506849315,365,365,365,365,1.0,annual
40708,2008,233.56,9.464754098360656,366,366,366,366,1.0,annual
40708,2009,241.62,10.027397260273972,365,365,365,365,1.0,annual
40708,2010,229.26,11.815890410958904,365,365,365,365,1.0,annual
40708,2011,274.86,9.353972602739725,365,365,365,365,1.0,annual
40708,2012,282.33,10.580054644808744,366,366,366,366,1.0,annual
40708,2013,272.40999999999997,10.189041095890412,365,365,365,365,1.0,annual
40708,2014,260.90999999999997,10.417955801104974,365,362,365,365,0.9917808219178083,annual
40708,2015,299.28,10.530494505494506,365,364,365,365,0.9972602739726028,annual
40708,2016,250.68,10.6448087431694,366,366,366,366,1.0,annual
40708,2017,181.86,11.044505494505493,365,364,365,365,0.9972602739726028,annual
40708,2018,271.67,11.409041095890412,365,365,365,365,1.0,annual
40708,2019,272.37,10.969041095890411,365,365,365,365,1.0,annual
40708,2020,324.43999999999994,10.040163934426229,366,366,366,366,1.0,annual
40708,2021,155.39,11.839452054794519,365,365,365,365,1.0,annual
40708,2022,251.76999999999998,10.857260273972603,365,365,365,365,1.0,annual
40708,2023,241.89000000000001,11.644109589041097,365,365,365,365,1.0,annual
40708,2024,320.01,10.745628415300546,366,366,366,366,1.0,annual
40709,1991,1160.6999999999998,15.349002849002849,365,351,365,365,0.9616438356164384,annual
40709,1992,1433.6399999999999,14.384225352112676,366,355,366,366,0.9699453551912568,annual
40709,1993,1384.7,14.059117647058825,365,340,365,365,0.9315068493150684,annual
40709,1994,1040.19,14.516712328767124,365,365,365,365,1.0,annual
40709,1995,1302.3600000000001,15.797260273972602,365,365,365,365,1.0,annual
40709,1996,1267.81,15.247540983606559,366,366,366,366,1.0,annual
40709,1997,1446.78,15.839877300613498,365,326,365,365,0.8931506849315068,annual
40709,1998,1704.02,15.92876712328767,365,365,365,365,1.0,annual
40709,1999,1481.1,16.201501501501504,365,333,365,365,0.9123287671232877,annual
40709,2000,1930.0700000000002,15.750273224043717,366,366,366,366,1.0,annual
40709,2001,1479.44,16.193972602739727,365,365,365,365,1.0,annual
40709,2002,1344.82,15.736986301369862,365,365,365,365,1.0,annual
40709,2003,1367.74,15.04054794520548,365,365,365,365,1.0,annual
40709,2004,1732.19,15.625409836065574,366,366,366,366,1.0,annual
40709,2005,1066.63,15.935342465753424,365,365,365,365,1.0,annual
40709,2006,1343.29,15.813972602739726,365,365,365,365,1.0,annual
40709,2007,1016.21,15.911506849315067,365,365,365,365,1.0,annual
40709,2008,1173.77,15.564207650273223,366,366,366,366,1.0,annual
40709,2009,1271.15,15.822739726027399,365,365,365,365,1.0,annual
40709,2010,1199.0900000000001,16.986027397260273,365,365,365,365,1.0,annual
40709,2011,1322.94,15.29972602739726,365,365,365,365,1.0,annual
40709,2012,1167.8,16.279781420765026,366,366,366,366,1.0,annual
40709,2013,1496.4499999999998,16.00986301369863,365,365,365,365,1.0,annual
40709,2014,1505.92,16.260845070422537,365,355,365,365,0.9726027397260274,annual
40709,2015,1693.8100000000002,16.045856353591162,365,362,365,365,0.9917808219178083,annual
40709,2016,1556.8000000000002,15.896712328767125,366,365,366,366,0.9972677595628415,annual
40709,2017,1036.34,16.11758241758242,365,364,365,365,0.9972602739726028,annual
40709,2018,1511.81,16.55229885057471,365,348,365,365,0.9534246575342465,annual
40709,2019,1615.08,16.475346260387813,365,361,365,365,0.989041095890411,annual
40709,2020,1412.38,16.147814207650274,366,366,366,366,1.0,annual
40709,2021,1360.3600000000001,16.60876712328767,365,365,365,365,1.0,annual
40709,2022,1159.79,16.64010989010989,365,364,365,365,0.9972602739726028,annual
40709,2023,1617.43,17.04082191780822,365,365,365,365,1.0,annual
40709,2024,1459.1399999999999,16.549726775956284,366,366,366,366,1.0,annual
40710,1991,267.06,9.041228070175439,365,342,365,365,0.936986301369863,annual
40710,1992,237.65999999999997,7.232571428571429,366,350,366,366,0.9562841530054644,annual
40710,1993,306.08,7.547321428571429,365,336,365,365,0.9205479452054794,annual
40710,1994,263.56,8.560526315789474,365,342,365,365,0.936986301369863,annual
40710,1995,260.65999999999997,9.142696629213484,365,356,365,365,0.9753424657534246,annual
40710,1996,354.83,9.711206896551724,366,348,366,366,0.9508196721311475,annual
40710,1997,214.21,8.764516129032257,365,341,365,365,0.9342465753424658,annual
40710,1998,208.28,9.744956772334294,365,347,365,365,0.9506849315068493,annual
40710,1999,234.10000000000002,9.97948717948718,365,351,365,365,0.9616438356164384,annual
40710,2000,200.79000000000002,9.671469740634006,366,347,366,366,0.9480874316939891,annual
40710,2001,176.7,10.403206997084549,365,343,365,365,0.9397260273972603,annual
40710,2002,250.50999999999996,9.393586005830905,365,343,365,365,0.9397260273972603,annual
40710,2003,287.59,9.428994082840237,365,338,365,365,0.9260273972602739,annual
40710,2004,285.63,9.517575757575758,366,330,366,366,0.9016393442622951,annual
40710,2005,263.85,8.906371191135733,365,361,365,365,0.989041095890411,annual
40710,2006,266.75,9.096703296703296,365,364,365,365,0.9972602739726028,annual
40710,2007,224.96,8.41068493150685,365,365,365,365,1.0,annual
40710,2008,183.76999999999998,8.988980716253444,366,363,366,366,0.9918032786885246,annual
40710,2009,256.21999999999997,9.09138888888889,365,360,365,365,0.9863013698630136,annual
40710,2010,236.45000000000002,10.962569832402234,365,358,365,365,0.9808219178082191,annual
40710,2011,309.4,8.479718309859155,365,355,365,365,0.9726027397260274,annual
40710,2012,281.61,9.294535519125684,366,366,366,366,1.0,annual
40710,2013,188.35000000000002,8.96043956043956,365,364,365,365,0.9972602739726028,annual
40710,2014,307.55,9.748603351955307,365,358,365,365,0.9808219178082191,annual
40710,2015,209.61,9.960893854748603,365,358,365,365,0.9808219178082191,annual
40710,2016,200.17,9.693557422969187,366,357,366,366,0.9754098360655737,annual
40710,2017,108.38,9.591620111731844,365,358,365,365,0.9808219178082191,annual
40710,2018,236.89999999999998,10.90561797752809,365,356,365,365,0.9753424657534246,annual
40710,2019,245.05,9.749157303370787,365,356,365,365,0.9753424657534246,annual
40710,2020,254.43999999999997,8.618852459016393,366,366,366,366,1.0,annual
40710,2021,198.13,10.062191780821918,365,365,365,365,1.0,annual
40710,2022,189.51,9.833150684931507,365,365,365,365,1.0,annual
40710,2023,260.53,10.343013698630136,365,365,365,365,1.0,annual
40710,2024,300.86,10.345753424657534,364,365,366,366,0.994535519125683,annual
40712,1991,284.08000000000004,11.687719298245613,365,342,365,365,0.936986301369863,annual
40712,1992,336.78000000000003,9.986337209302325,366,344,366,366,0.9398907103825137,annual
40712,1993,542.44,10.360230547550433,365,347,365,365,0.9506849315068493,annual
40712,1994,562.6099999999999,11.887719298245614,365,342,365,365,0.936986301369863,annual
40712,1995,337.55,11.822662889518412,365,353,365,365,0.9671232876712329,annual
40712,1996,287.15,12.257848837209302,366,344,366,366,0.9398907103825137,annual
40712,1997,271.23,11.550568181818182,365,352,365,365,0.9643835616438357,annual
40712,1998,223.56,13.03575581395349,365,344,365,365,0.9424657534246575,annual
40712,1999,188.21,12.87661971830986,365,355,365,365,0.9726027397260274,annual
40712,2000,230.62,12.623796033994333,366,353,366,366,0.9644808743169399,annual
40712,2001,194.09,12.919178082191781,365,365,365,365,1.0,annual
40712,2002,338.22,11.966301369863013,365,365,365,365,1.0,annual
40712,2003,296.0,11.674246575342467,365,365,365,365,1.0,annual
40712,2004,304.5,11.51584699453552,366,366,366,366,1.0,annual
40712,2005,167.24,11.607671232876713,365,365,365,365,1.0,annual
40712,2006,427.73,11.855342465753424,365,365,365,365,1.0,annual
40712,2007,264.78000000000003,11.555342465753425,365,365,365,365,1.0,annual
40712,2008,273.81000000000006,11.741095890410959,366,365,366,366,0.9972677595628415,annual
40712,2009,291.99,11.687397260273972,365,365,365,365,1.0,annual
40712,2010,329.32,13.384383561643837,365,365,365,365,1.0,annual
40712,2011,409.03,10.96027397260274,365,365,365,365,1.0,annual
40712,2012,281.95000000000005,12.057650273224045,366,366,366,366,1.0,annual
40712,2013,265.5,11.657692307692306,365,364,365,365,0.9972602739726028,annual
40712,2014,347.06,12.364462809917356,365,363,365,365,0.9945205479452055,annual
40712,2015,244.52999999999997,12.536712328767122,365,365,365,365,1.0,annual
40712,2016,315.11,11.899159663865547,366,357,366,366,0.9754098360655737,annual
40712,2017,172.97,12.096712328767124,365,365,365,365,1.0,annual
40712,2018,482.5799999999999,13.424931506849315,365,365,365,365,1.0,annual
40712,2019,426.3,12.445753424657534,365,365,365,365,1.0,annual
40712,2020,362.35999999999996,12.047267759562843,366,366,366,366,1.0,annual
40712,2021,255.66000000000003,13.000273972602741,365,365,365,365,1.0,annual
40712,2022,209.81,12.655342465753424,365,365,365,365,1.0,annual
40712,2023,221.98,13.152054794520549,365,365,365,365,1.0,annual
40712,2024,368.43,12.943989071038251,366,366,366,366,1.0,annual
40713,1991,368.39,13.376744186046512,365,344,365,365,0.9424657534246575,annual
40713,1992,357.86,11.02934472934473,366,351,366,366,0.9590163934426229,annual
40713,1993,507.60999999999996,12.486268656716417,365,335,365,365,0.9178082191780822,annual
40713,1994,425.61999999999995,13.549262536873156,365,339,365,365,0.9287671232876712,annual
40713,1995,355.01,13.447277936962752,365,349,365,365,0.9561643835616438,annual
40713,1996,316.44,13.88953488372093,366,344,366,366,0.9398907103825137,annual
40713,1997,259.80999999999995,13.315542521994136,365,341,365,365,0.9342465753424658,annual
40713,1998,268.38,14.845722713864307,365,339,365,365,0.9287671232876712,annual
40713,1999,184.76000000000002,14.595100864553315,365,347,365,365,0.9506849315068493,annual
40713,2000,175.56,13.985714285714286,366,350,366,366,0.9562841530054644,annual
40713,2001,223.82999999999998,15.23362831858407,365,339,365,365,0.9287671232876712,annual
40713,2002,325.84000000000003,14.307267441860464,365,344,365,365,0.9424657534246575,annual
40713,2003,249.33999999999997,14.637685459940652,365,337,365,365,0.9232876712328767,annual
40713,2004,317.43,14.292128279883382,366,343,366,366,0.9371584699453552,annual
40713,2005,238.37000000000003,13.926243093922652,365,362,365,365,0.9917808219178083,annual
40713,2006,395.81,14.091111111111111,365,360,365,365,0.9863013698630136,annual
40713,2007,244.96,13.9090395480226,365,354,365,365,0.9698630136986301,annual
40713,2008,166.27999999999997,13.964754098360658,366,366,366,366,1.0,annual
40713,2009,245.54,14.07685950413223,365,363,365,365,0.9945205479452055,annual
40713,2010,200.89,15.82809917355372,365,363,365,365,0.9945205479452055,annual
40713,2011,295.81000000000006,13.002739726027396,365,365,365,365,1.0,annual
40713,2012,213.26999999999998,14.565193370165748,366,362,366,366,0.9890710382513661,annual
40713,2013,202.81,14.029863013698629,365,365,365,365,1.0,annual
40713,2014,296.92,14.645027624309392,365,362,365,365,0.9917808219178083,annual
40713,2015,259.87,15.04634831460674,365,356,365,365,0.9753424657534246,annual
40713,2016,251.75000000000006,14.634916201117319,366,358,366,366,0.9781420765027322,annual
40713,2017,125.59,14.885915492957746,365,355,365,365,0.9726027397260274,annual
40713,2018,358.67,16.139660056657224,365,353,365,365,0.9671232876712329,annual
40713,2019,270.61,15.272676056338028,365,355,365,365,0.9726027397260274,annual
40713,2020,314.32,14.53825136612022,366,366,366,366,1.0,annual
40713,2021,203.45999999999998,16.00958904109589,365,365,365,365,1.0,annual
40713,2022,141.39,15.749725274725273,365,364,365,365,0.9972602739726028,annual
40713,2023,221.61,15.622802197802198,365,364,365,365,0.9972602739726028,annual
40713,2024,214.52999999999997,15.387431693989072,366,366,366,366,1.0,annual
40716,1991,359.33000000000004,13.68208092485549,365,346,365,365,0.947945205479452,annual
40716,1992,278.47,12.386309523809524,366,336,366,366,0.9180327868852459,annual
40716,1993,425.99,13.304504504504504,365,333,365,365,0.9123287671232877,annual
40716,1994,306.21,14.258479532163742,365,342,365,365,0.936986301369863,annual
40716,1995,161.7,15.006916426512968,365,347,365,365,0.9506849315068493,annual
40716,1996,259.86,14.834023668639052,365,338,366,366,0.9234972677595629,annual
40716,1997,269.37,14.180712166172105,365,337,365,365,0.9232876712328767,annual
40716,1998,286.78999999999996,14.941389728096677,365,331,365,365,0.9068493150684932,annual
40716,1999,172.66,15.671181556195965,365,347,365,365,0.9506849315068493,annual
40716,2000,274.65000000000003,15.264306784660768,366,339,366,366,0.9262295081967213,annual
40716,2001,175.17000000000002,16.294328358208958,365,335,365,365,0.9178082191780822,annual
40716,2002,353.44999999999993,15.038165680473371,365,338,365,365,0.9260273972602739,annual
40716,2003,276.65000000000003,15.298442367601247,365,321,365,365,0.8794520547945206,annual
40716,2004,269.26,15.570278637770897,366,323,366,366,0.8825136612021858,annual
40716,2005,270.89,14.128296703296703,365,364,365,365,0.9972602739726028,annual
40716,2006,327.51,14.624725274725273,365,364,365,365,0.9972602739726028,annual
40716,2007,256.1,13.662191780821917,365,365,365,365,1.0,annual
40716,2008,170.14,14.646849315068494,366,365,366,366,0.9972677595628415,annual
40716,2009,290.95,14.903835616438355,365,365,365,365,1.0,annual
40716,2010,269.39,16.014520547945207,365,365,365,365,1.0,annual
40716,2011,282.28999999999996,13.782369146005509,365,363,365,365,0.9945205479452055,annual
40716,2012,372.98,13.957808219178084,366,365,366,366,0.9972677595628415,annual
40716,2013,192.53,15.175342465753424,365,365,365,365,1.0,annual
40716,2014,276.99,15.380332409972299,365,361,365,365,0.989041095890411,annual
40716,2015,261.98,15.482044198895027,365,362,365,365,0.9917808219178083,annual
40716,2016,250.94000000000005,15.28169014084507,366,355,366,366,0.9699453551912568,annual
40716,2017,184.8,15.200845070422536,365,355,365,365,0.9726027397260274,annual
40716,2018,327.0400000000001,16.213333333333335,365,360,365,365,0.9863013698630136,annual
40716,2019,300.7699999999999,15.00413223140496,365,363,365,365,0.9945205479452055,annual
40716,2020,335.52,14.508241758241759,366,364,366,366,0.994535519125683,annual
40716,2021,160.2,16.31153846153846,365,364,365,365,0.9972602739726028,annual
40716,2022,159.03,15.633424657534245,365,365,365,365,1.0,annual
40716,2023,209.46,16.14368131868132,365,364,365,365,0.9972602739726028,annual
40716,2024,254.0,15.962465753424658,366,365,366,366,0.9972677595628415,annual
40717,1991,316.78000000000003,7.931623931623932,365,351,365,365,0.9616438356164384,annual
40717,1992,391.5200000000001,6.266176470588236,366,340,366,366,0.9289617486338798,annual
40717,1993,404.15999999999997,7.224705882352941,365,340,365,365,0.9315068493150684,annual
40717,1994,430.91,8.189825581395349,365,344,365,365,0.9424657534246575,annual
40717,1995,315.99,8.476836158192091,365,354,365,365,0.9698630136986301,annual
40717,1996,390.9,8.771091445427729,366,339,366,366,0.9262295081967213,annual
40717,1997,308.83,8.287755102040816,365,343,365,365,0.9397260273972603,annual
40717,1998,312.56,9.535135135135135,365,333,365,365,0.9123287671232877,annual
40717,1999,287.93,9.35014409221902,365,347,365,365,0.9506849315068493,annual
40717,2000,340.72,8.827220630372492,366,349,366,366,0.953551912568306,annual
40717,2001,316.14,9.558045977011494,365,348,365,365,0.9534246575342465,annual
40717,2002,417.12,9.206489675516224,365,339,365,365,0.9287671232876712,annual
40717,2003,442.08,9.230981595092025,365,326,365,365,0.8931506849315068,annual
40717,2004,447.85999999999996,9.205357142857142,366,336,366,366,0.9180327868852459,annual
40717,2005,411.04999999999995,8.647671232876712,365,365,365,365,1.0,annual
40717,2006,388.34000000000003,8.793681318681319,365,364,365,365,0.9972602739726028,annual
40717,2007,414.51,8.296712328767123,365,365,365,365,1.0,annual
40717,2008,246.05,8.53743169398907,366,366,366,366,1.0,annual
40717,2009,359.82000000000005,8.803013698630137,365,365,365,365,1.0,annual
40717,2010,321.53999999999996,10.49945205479452,365,365,365,365,1.0,annual
40717,2011,319.84999999999997,8.539452054794522,365,365,365,365,1.0,annual
40717,2012,418.51,8.748633879781421,366,366,366,366,1.0,annual
40717,2013,267.65000000000003,9.24065934065934,365,364,365,365,0.9972602739726028,annual
40717,2014,323.8,10.367267267267268,365,333,365,365,0.9123287671232877,annual
40717,2015,388.30999999999995,10.127397260273973,365,365,365,365,1.0,annual
40717,2016,364.24,9.64958904109589,366,365,366,366,0.9972677595628415,annual
40717,2017,370.14000000000004,9.558356164383563,365,365,365,365,1.0,annual
40717,2018,372.9,10.821095890410959,365,365,365,365,1.0,annual
40717,2019,344.99,9.49696132596685,365,362,365,365,0.9917808219178083,annual
40717,2020,601.76,9.081967213114755,366,366,366,366,1.0,annual
40717,2021,258.65,10.682417582417584,365,364,365,365,0.9972602739726028,annual
40717,2022,331.02000000000004,10.036712328767123,365,365,365,365,1.0,annual
40717,2023,358.42,10.31972602739726,365,365,365,365,1.0,annual
40717,2024,522.09,10.037158469945355,366,366,366,366,1.0,annual
40718,1991,1237.6499999999999,16.406547619047622,365,336,365,365,0.9205479452054794,annual
40718,1992,1785.1399999999999,15.681097560975608,366,328,366,366,0.8961748633879781,annual
40718,1993,1805.3500000000001,15.135312500000001,365,320,365,365,0.8767123287671232,annual
40718,1994,1559.9900000000002,16.13364779874214,365,318,365,365,0.8712328767123287,annual
40718,1995,1372.5200000000002,17.32275641025641,365,312,365,365,0.8547945205479452,annual
40718,1996,1462.8,16.987234042553194,366,329,366,366,0.8989071038251366,annual
40718,1997,1981.3300000000002,17.062101910828027,365,314,365,365,0.8602739726027397,annual
40718,1998,1921.48,17.884493670886076,365,316,365,365,0.8657534246575342,annual
40718,1999,1442.72,17.433018867924527,365,318,365,365,0.8712328767123287,annual
40718,2000,2009.8100000000002,17.307692307692307,366,299,366,366,0.8169398907103825,annual
40718,2001,1903.69,17.50919881305638,365,337,365,365,0.9232876712328767,annual
40718,2002,1424.7600000000002,17.354518072289157,365,332,365,365,0.9095890410958904,annual
40718,2003,1847.56,16.05835616438356,365,365,365,365,1.0,annual
40718,2004,1981.46,16.84863387978142,366,366,366,366,1.0,annual
40718,2005,1605.15,17.409846153846154,365,325,365,365,0.8904109589041096,annual
40718,2006,1929.1399999999999,16.835616438356166,365,365,365,365,1.0,annual
40718,2007,1366.81,16.892602739726026,365,365,365,365,1.0,annual
40718,2008,1828.38,16.525136612021857,366,366,366,366,1.0,annual
40718,2009,1438.97,16.626027397260273,365,365,365,365,1.0,annual
40718,2010,1336.17,17.90082191780822,365,365,365,365,1.0,annual
40718,2011,2914.23,16.491780821917807,365,365,365,365,1.0,annual
40718,2012,1926.6899999999998,17.401092896174863,366,366,366,366,1.0,annual
40718,2013,1608.9399999999996,17.256712328767122,365,365,365,365,1.0,annual
40718,2014,1547.2199999999998,17.391135734072023,365,361,365,365,0.989041095890411,annual
40718,2015,1768.0,17.569589041095888,365,365,365,365,1.0,annual
40718,2016,2156.75,17.229558011049726,366,362,366,366,0.9890710382513661,annual
40718,2017,1616.33,17.64254143646409,365,362,365,365,0.9917808219178083,annual
40718,2018,1511.98,17.965181058495823,365,359,365,365,0.9835616438356164,annual
40718,2019,2031.0499999999997,18.23867403314917,365,362,365,365,0.9917808219178083,annual
40718,2020,1954.94,17.825205479452055,366,365,366,366,0.9972677595628415,annual
40718,2021,1515.67,18.383656509695292,365,361,365,365,0.989041095890411,annual
40718,2022,1379.46,18.4572602739726,364,365,365,365,0.9972602739726028,annual
40718,2023,1920.95,18.644383561643835,365,365,365,365,1.0,annual
40718,2024,1944.44,17.90986301369863,366,365,366,366,0.9972677595628415,annual
40719,1991,1219.03,16.608959537572254,365,346,365,365,0.947945205479452,annual
40719,1992,1776.19,15.788662790697675,366,344,366,366,0.9398907103825137,annual
40719,1993,1895.32,15.374260355029586,365,338,365,365,0.9260273972602739,annual
40719,1994,1446.4099999999999,16.212609970674485,365,341,365,365,0.9342465753424658,annual
40719,1995,1000.55,17.195535714285715,365,336,365,365,0.9205479452054794,annual
40719,1996,1092.13,15.969505494505494,366,364,366,366,0.994535519125683,annual
40719,1997,1266.01,16.878549848942598,365,331,365,365,0.9068493150684932,annual
40719,1998,1166.95,17.171559633027524,365,327,365,365,0.8958904109589041,annual
40719,1999,1148.44,17.140751445086703,365,346,365,365,0.947945205479452,annual
40719,2000,1438.51,16.59207650273224,366,366,366,366,1.0,annual
40719,2001,1339.0399999999997,17.346449704142014,365,338,365,365,0.9260273972602739,annual
40719,2002,1156.12,17.20735294117647,365,340,365,365,0.9315068493150684,annual
40719,2003,1446.6399999999999,16.012154696132594,365,362,365,365,0.9917808219178083,annual
40719,2004,1616.7999999999997,16.811475409836067,366,366,366,366,1.0,annual
40719,2005,1457.5299999999997,16.80876712328767,365,365,365,365,1.0,annual
40719,2006,1439.9699999999998,16.84767123287671,365,365,365,365,1.0,annual
40719,2007,1050.98,16.76054794520548,365,365,365,365,1.0,annual
40719,2008,1290.6599999999999,16.472677595628415,366,366,366,366,1.0,annual
40719,2009,995.5999999999999,16.67150684931507,365,365,365,365,1.0,annual
40719,2010,831.42,17.938356164383563,365,365,365,365,1.0,annual
40719,2011,1824.7600000000002,16.075616438356164,365,365,365,365,1.0,annual
40719,2012,1224.5800000000002,16.996174863387978,366,366,366,366,1.0,annual
40719,2013,1304.83,16.82904109589041,365,365,365,365,1.0,annual
40719,2014,1122.95,17.22335164835165,365,364,365,365,0.9972602739726028,annual
40719,2015,1438.4199999999998,17.21041095890411,365,365,365,365,1.0,annual
40719,2016,1426.0600000000002,17.043406593406594,366,364,366,366,0.994535519125683,annual
40719,2017,932.25,17.28904109589041,365,365,365,365,1.0,annual
40719,2018,951.27,17.84191780821918,365,365,365,365,1.0,annual
40719,2019,1675.87,17.50082191780822,365,365,365,365,1.0,annual
40719,2020,1507.88,17.062739726027395,366,365,366,366,0.9972677595628415,annual
40719,2021,1148.45,17.75302197802198,365,364,365,365,0.9972602739726028,annual
40719,2022,1049.95,17.656438356164383,365,365,365,365,1.0,annual
40719,2023,1161.22,18.075616438356164,365,365,365,365,1.0,annual
40719,2024,1417.81,17.54054794520548,366,365,366,366,0.9972677595628415,annual
40723,1991,325.64000000000004,12.55095890410959,364,365,365,365,0.9972602739726028,annual
40723,1992,333.55,11.327049180327869,366,366,366,366,1.0,annual
40723,1993,253.96000000000004,11.728767123287671,365,365,365,365,1.0,annual
40723,1994,260.31,12.28324175824176,365,364,365,365,0.9972602739726028,annual
40723,1995,194.10999999999999,13.022527472527472,365,364,365,365,0.9972602739726028,annual
40723,1996,193.02,12.52931506849315,366,365,366,366,0.9972677595628415,annual
40723,1997,281.31,12.90027397260274,365,365,365,365,1.0,annual
40723,1998,211.87,13.27032967032967,365,364,365,365,0.9972602739726028,annual
40723,1999,281.16,13.201923076923077,365,364,365,365,0.9972602739726028,annual
40723,2000,309.32,13.237808219178083,366,365,366,366,0.9972677595628415,annual
40723,2001,138.60999999999999,13.948618784530385,365,362,365,365,0.9917808219178083,annual
40723,2002,337.84,13.192602739726027,365,365,365,365,1.0,annual
40723,2003,373.32000000000005,12.42,365,365,365,365,1.0,annual
40723,2004,287.48,13.189071038251365,366,366,366,366,1.0,annual
40723,2005,365.76,13.256438356164384,365,365,365,365,1.0,annual
40723,2006,212.95,13.693131868131868,365,364,365,365,0.9972602739726028,annual
40723,2007,273.76,12.932506887052341,365,363,365,365,0.9945205479452055,annual
40723,2008,195.45,12.840983606557378,366,366,366,366,1.0,annual
40723,2009,301.9,13.195068493150684,365,365,365,365,1.0,annual
40723,2010,223.65,14.062191780821918,365,365,365,365,1.0,annual
40723,2011,248.19000000000003,12.883287671232877,365,365,365,365,1.0,annual
40723,2012,226.58999999999997,12.933606557377049,366,366,366,366,1.0,annual
40723,2013,143.32999999999998,13.953221288515406,365,357,365,365,0.9780821917808219,annual
40723,2014,205.36999999999998,13.831652661064425,365,357,365,365,0.9780821917808219,annual
40723,2015,231.51,14.417514124293787,365,354,365,365,0.9698630136986301,annual
40723,2016,249.23000000000002,14.128011204481792,366,357,366,366,0.9754098360655737,annual
40723,2017,171.60999999999999,13.990223463687151,365,358,365,365,0.9808219178082191,annual
40723,2018,205.45,14.915580736543909,365,353,365,365,0.9671232876712329,annual
40723,2019,354.6599999999999,13.769187675070029,365,357,365,365,0.9780821917808219,annual
40723,2020,271.86,13.171549295774646,366,355,366,366,0.9699453551912568,annual
40723,2021,127.86,14.689693593314765,365,359,365,365,0.9835616438356164,annual
40723,2022,181.73000000000002,14.059944751381215,365,362,365,365,0.9917808219178083,annual
40723,2023,251.17999999999998,14.783835616438358,365,365,365,365,1.0,annual
40723,2024,187.57000000000002,13.996994535519125,366,366,366,366,1.0,annual
40724,1991,736.7199999999999,12.102662721893491,365,338,365,365,0.9260273972602739,annual
40724,1992,1039.31,9.034357541899443,366,358,366,366,0.9781420765027322,annual
40724,1993,892.55,11.247256097560975,365,328,365,365,0.8986301369863013,annual
40724,1994,842.79,13.12037037037037,365,324,365,365,0.8876712328767123,annual
40724,1995,464.40000000000003,13.087575757575756,365,330,365,365,0.9041095890410958,annual
40724,1996,568.73,13.353172205438065,366,331,366,366,0.9043715846994536,annual
40724,1997,624.6,12.355927051671733,365,329,365,365,0.9013698630136986,annual
40724,1998,525.23,14.069846153846154,365,325,365,365,0.8904109589041096,annual
40724,1999,404.93,14.146745562130178,365,338,365,365,0.9260273972602739,annual
40724,2000,557.27,13.60207715133531,366,337,366,366,0.9207650273224044,annual
40724,2001,461.73,13.760821917808219,365,365,365,365,1.0,annual
40724,2002,733.75,12.656712328767123,365,365,365,365,1.0,annual
40724,2003,822.22,12.857808219178084,365,365,365,365,1.0,annual
40724,2004,810.6700000000001,13.755963302752294,366,327,366,366,0.8934426229508197,annual
40724,2005,464.64000000000004,13.10164383561644,365,365,365,365,1.0,annual
40724,2006,719.96,12.9374251497006,334,334,365,365,0.915068493150685,annual
40724,2007,583.6299999999999,12.827945205479452,365,365,365,365,1.0,annual
40724,2008,565.1600000000001,13.364754098360656,366,366,366,366,1.0,annual
40724,2009,572.25,13.369421487603306,365,363,365,365,0.9945205479452055,annual
40724,2010,564.12,15.396164383561645,365,365,365,365,1.0,annual
40724,2011,769.47,12.473150684931506,365,365,365,365,1.0,annual
40724,2012,669.44,13.5672131147541,366,366,366,366,1.0,annual
40724,2013,590.9300000000001,13.425753424657533,365,365,365,365,1.0,annual
40724,2014,737.35,14.077008310249308,365,361,365,365,0.989041095890411,annual
40724,2015,685.14,14.25960451977401,365,354,365,365,0.9698630136986301,annual
40724,2016,763.85,13.862880886426593,366,361,366,366,0.9863387978142076,annual
40724,2017,440.20000000000005,13.849450549450548,365,364,365,365,0.9972602739726028,annual
40724,2018,1131.01,14.701923076923077,365,364,365,365,0.9972602739726028,annual
40724,2019,979.54,14.277410468319559,365,363,365,365,0.9945205479452055,annual
40724,2020,940.92,13.469945355191257,366,366,366,366,1.0,annual
40724,2021,714.5,15.273424657534248,365,365,365,365,1.0,annual
40724,2022,663.1999999999999,14.838461538461537,364,364,365,365,0.9972602739726028,annual
40724,2023,607.3,14.855890410958903,365,365,365,365,1.0,annual
40724,2024,821.21,14.842541436464089,364,362,366,366,0.9890710382513661,annual
40726,1991,490.26,13.484523809523811,365,336,365,365,0.9205479452054794,annual
40726,1992,489.38,11.209912536443149,366,343,366,366,0.9371584699453552,annual
40726,1993,670.46,12.039589442815249,365,341,365,365,0.9342465753424658,annual
40726,1994,505.21000000000004,13.21865889212828,365,343,365,365,0.9397260273972603,annual
40726,1995,350.55,13.236857142857142,365,350,365,365,0.958904109589041,annual
40726,1996,415.71000000000004,13.952380952380953,366,336,366,366,0.9180327868852459,annual
40726,1997,455.29999999999995,13.076315789473686,365,342,365,365,0.936986301369863,annual
40726,1998,388.67,14.617824773413897,365,331,365,365,0.9068493150684932,annual
40726,1999,237.03000000000003,14.847093023255812,365,344,365,365,0.9424657534246575,annual
40726,2000,313.32,14.186588921282798,366,343,366,366,0.9371584699453552,annual
40726,2001,292.76,14.365479452054794,365,365,365,365,1.0,annual
40726,2002,465.84000000000003,13.326301369863014,365,365,365,365,1.0,annual
40726,2003,453.49,13.283287671232875,365,365,365,365,1.0,annual
40726,2004,517.48,13.033060109289618,366,366,366,366,1.0,annual
40726,2005,278.32,13.30495867768595,365,363,365,365,0.9945205479452055,annual
40726,2006,578.1200000000001,13.585753424657534,365,365,365,365,1.0,annual
40726,2007,331.18999999999994,12.924109589041096,365,365,365,365,1.0,annual
40726,2008,338.36,13.442076502732242,366,366,366,366,1.0,annual
40726,2009,345.84000000000003,13.628219178082192,365,365,365,365,1.0,annual
40726,2010,255.08999999999997,15.383561643835616,365,365,365,365,1.0,annual
40726,2011,436.21,12.903013698630138,365,365,365,365,1.0,annual
40726,2012,378.6,14.040983606557377,366,366,366,366,1.0,annual
40726,2013,306.17999999999995,13.548342541436464,365,362,365,365,0.9917808219178083,annual
40726,2014,374.11999999999995,14.145179063360882,365,363,365,365,0.9945205479452055,annual
40726,2015,323.33,14.191506849315067,365,365,365,365,1.0,annual
40726,2016,360.25,13.862049861495844,366,361,366,366,0.9863387978142076,annual
40726,2017,227.82,14.1353591160221,365,362,365,365,0.9917808219178083,annual
40726,2018,506.12,15.102747252747251,365,364,365,365,0.9972602739726028,annual
40726,2019,462.89,14.04054794520548,365,365,365,365,1.0,annual
40726,2020,432.1,13.37967032967033,366,364,366,366,0.994535519125683,annual
40726,2021,356.16999999999996,15.143956043956043,365,364,365,365,0.9972602739726028,annual
40726,2022,1292.71,14.706868131868132,364,364,365,365,0.9972602739726028,annual
40726,2023,294.45,14.920936639118457,365,363,365,365,0.9945205479452055,annual
40726,2024,367.51,14.80638888888889,365,360,366,366,0.9836065573770492,annual
40727,1991,573.55,11.383835616438358,365,365,365,365,1.0,annual
40727,1992,554.34,8.047540983606558,366,366,366,366,1.0,annual
40727,1993,790.84,10.00412087912088,365,364,365,365,0.9972602739726028,annual
40727,1994,736.06,10.983516483516484,365,364,365,365,0.9972602739726028,annual
40727,1995,371.14,10.7986301369863,365,365,365,365,1.0,annual
40727,1996,448.87999999999994,11.464207650273224,366,366,366,366,1.0,annual
40727,1997,528.9,9.64986301369863,365,365,365,365,1.0,annual
40727,1998,458.2199999999999,10.926373626373627,365,364,365,365,0.9972602739726028,annual
40727,1999,272.59000000000003,12.033424657534246,365,365,365,365,1.0,annual
40727,2000,346.03000000000003,11.300546448087431,366,366,366,366,1.0,annual
40727,2001,310.83000000000004,12.098082191780822,365,365,365,365,1.0,annual
40727,2002,537.25,11.037362637362637,365,364,365,365,0.9972602739726028,annual
40727,2003,460.78,11.271232876712329,365,365,365,365,1.0,annual
40727,2004,496.96000000000004,11.244262295081967,366,366,366,366,1.0,annual
40727,2005,372.18,11.134520547945206,365,365,365,365,1.0,annual
40727,2006,559.89,11.153296703296704,365,364,365,365,0.9972602739726028,annual
40727,2007,275.28000000000003,10.728296703296703,365,364,365,365,0.9972602739726028,annual
40727,2008,305.05999999999995,11.416666666666666,366,366,366,366,1.0,annual
40727,2009,405.93000000000006,11.462465753424658,365,365,365,365,1.0,annual
40727,2010,367.51,13.104132231404959,365,363,365,365,0.9945205479452055,annual
40727,2011,513.3100000000001,10.837741046831956,365,363,365,365,0.9945205479452055,annual
40727,2012,484.5,11.922131147540984,366,366,366,366,1.0,annual
40727,2013,367.62,11.441225626740946,365,359,365,365,0.9835616438356164,annual
40727,2014,402.71,12.331197771587743,365,359,365,365,0.9835616438356164,annual
40727,2015,421.51,12.208888888888888,365,360,365,365,0.9863013698630136,annual
40727,2016,408.93,12.3768156424581,366,358,366,366,0.9781420765027322,annual
40727,2017,358.83,12.118055555555555,365,360,365,365,0.9863013698630136,annual
40727,2018,647.54,13.27247191011236,365,356,365,365,0.9753424657534246,annual
40727,2019,446.89,11.989835164835165,365,364,365,365,0.9972602739726028,annual
40727,2020,556.21,12.048179271708683,366,357,366,366,0.9754098360655737,annual
40727,2021,327.71000000000004,13.3196675900277,365,361,365,365,0.989041095890411,annual
40727,2022,413.0,12.661049723756907,365,362,365,365,0.9917808219178083,annual
40727,2023,445.53,12.374175824175824,365,364,365,365,0.9972602739726028,annual
40727,2024,456.70000000000005,12.539178082191782,365,365,366,366,0.9972677595628415,annual
40728,1991,411.72999999999996,9.743413173652694,365,334,365,365,0.915068493150685,annual
40728,1992,345.86,7.035977337110481,366,353,366,366,0.9644808743169399,annual
40728,1993,527.52,9.208814589665653,365,329,365,365,0.9013698630136986,annual
40728,1994,484.18999999999994,10.240532544378699,365,338,365,365,0.9260273972602739,annual
40728,1995,209.45,9.716285714285714,365,350,365,365,0.958904109589041,annual
40728,1996,335.14,10.266374269005848,366,342,366,366,0.9344262295081968,annual
40728,1997,276.67999999999995,9.282111436950146,365,341,365,365,0.9342465753424658,annual
40728,1998,315.92,10.511504424778762,365,339,365,365,0.9287671232876712,annual
40728,1999,175.75,10.93728323699422,365,346,365,365,0.947945205479452,annual
40728,2000,296.53999999999996,10.256811594202897,366,345,366,366,0.9426229508196722,annual
40728,2001,197.1,10.584109589041095,365,365,365,365,1.0,annual
40728,2002,307.17999999999995,9.72,365,365,365,365,1.0,annual
40728,2003,337.37,9.53646408839779,365,362,365,365,0.9917808219178083,annual
40728,2004,395.96999999999997,9.737978142076502,366,366,366,366,1.0,annual
40728,2005,253.45999999999998,9.882967032967032,365,364,365,365,0.9972602739726028,annual
40728,2006,292.81000000000006,10.022739726027398,365,365,365,365,1.0,annual
40728,2007,301.87,9.58027397260274,365,365,365,365,1.0,annual
40728,2008,222.06,9.79398907103825,366,366,366,366,1.0,annual
40728,2009,382.09,9.703591160220993,365,362,365,365,0.9917808219178083,annual
40728,2010,243.97,11.234794520547945,365,365,365,365,1.0,annual
40728,2011,382.74,9.396067415730338,365,356,365,365,0.9753424657534246,annual
40728,2012,383.33000000000004,9.637845303867403,366,362,366,366,0.9890710382513661,annual
40728,2013,275.27,9.815616438356164,365,365,365,365,1.0,annual
40728,2014,304.49,10.874850299401198,365,334,365,365,0.915068493150685,annual
40728,2015,253.45999999999998,10.645633802816901,365,355,365,365,0.9726027397260274,annual
40728,2016,242.66000000000003,10.529745042492918,366,353,366,366,0.9644808743169399,annual
40728,2017,199.48,10.869637883008355,365,359,365,365,0.9835616438356164,annual
40728,2018,418.5,11.500277777777779,365,360,365,365,0.9863013698630136,annual
40728,2019,381.15999999999997,10.242936288088643,365,361,365,365,0.989041095890411,annual
40728,2020,401.40999999999997,10.263835616438357,366,365,366,366,0.9972677595628415,annual
40728,2021,217.3,11.43917808219178,365,365,365,365,1.0,annual
40728,2022,322.06,10.912154696132596,365,362,365,365,0.9917808219178083,annual
40728,2023,353.8,10.827624309392265,365,362,365,365,0.9917808219178083,annual
40728,2024,340.96,11.226795580110497,365,362,366,366,0.9890710382513661,annual
40729,1991,339.74,9.973424657534247,365,365,365,365,1.0,annual
40729,1992,309.33000000000004,8.38027397260274,366,365,366,366,0.9972677595628415,annual
40729,1993,360.11,9.706887052341598,365,363,365,365,0.9945205479452055,annual
40729,1994,415.37,10.567397260273973,365,365,365,365,1.0,annual
40729,1995,242.85,10.843287671232877,365,365,365,365,1.0,annual
40729,1996,295.66999999999996,10.639071038251366,366,366,366,366,1.0,annual
40729,1997,260.58,10.502191780821919,365,365,365,365,1.0,annual
40729,1998,257.67999999999995,11.254520547945205,365,365,365,365,1.0,annual
40729,1999,187.49,11.758241758241759,365,364,365,365,0.9972602739726028,annual
40729,2000,309.94,11.11311475409836,366,366,366,366,1.0,annual
40729,2001,201.03000000000003,12.143561643835616,365,365,365,365,1.0,annual
40729,2002,255.36,11.253972602739726,365,365,365,365,1.0,annual
40729,2003,354.73,11.24931506849315,365,365,365,365,1.0,annual
40729,2004,323.97,11.270765027322405,366,366,366,366,1.0,annual
40729,2005,251.39000000000001,11.260330578512397,365,363,365,365,0.9945205479452055,annual
40729,2006,327.98,11.547945205479452,365,365,365,365,1.0,annual
40729,2007,381.84999999999997,10.71013698630137,365,365,365,365,1.0,annual
40729,2008,167.64,11.333150684931509,366,365,366,366,0.9972677595628415,annual
40729,2009,289.55,11.306868131868132,365,364,365,365,0.9972602739726028,annual
40729,2010,259.77,13.042465753424658,365,365,365,365,1.0,annual
40729,2011,356.17999999999995,10.851780821917808,365,365,365,365,1.0,annual
40729,2012,400.68999999999994,11.182739726027396,366,365,366,366,0.9972677595628415,annual
40729,2013,314.17999999999995,11.756944444444445,365,360,365,365,0.9863013698630136,annual
40729,2014,291.69,12.558988764044944,365,356,365,365,0.9753424657534246,annual
40729,2015,287.61,13.588888888888889,365,360,365,365,0.9863013698630136,annual
40729,2016,224.84999999999997,13.255219780219779,366,364,366,366,0.994535519125683,annual
40729,2017,169.72999999999996,13.524450549450549,365,364,365,365,0.9972602739726028,annual
40729,2018,329.33000000000004,13.234903047091413,365,361,365,365,0.989041095890411,annual
40729,2019,372.14,12.053867403314918,365,362,365,365,0.9917808219178083,annual
40729,2020,390.16,11.5,366,360,366,366,0.9836065573770492,annual
40729,2021,134.71,13.359888579387187,365,359,365,365,0.9835616438356164,annual
40729,2022,204.85999999999999,12.7010989010989,365,364,365,365,0.9972602739726028,annual
40729,2023,286.66999999999996,12.975068493150683,365,365,365,365,1.0,annual
40729,2024,311.44000000000005,12.96584699453552,366,366,366,366,1.0,annual
40730,1991,283.24,10.87068493150685,365,365,365,365,1.0,annual
40730,1992,332.97,9.364480874316941,366,366,366,366,1.0,annual
40730,1993,463.34000000000003,10.598626373626374,365,364,365,365,0.9972602739726028,annual
40730,1994,464.54999999999995,12.0413698630137,365,365,365,365,1.0,annual
40730,1995,256.62,13.750410958904109,365,365,365,365,1.0,annual
40730,1996,399.69,12.95191256830601,366,366,366,366,1.0,annual
40730,1997,229.5,13.477534246575344,365,365,365,365,1.0,annual
40730,1998,335.11,13.950410958904108,365,365,365,365,1.0,annual
40730,1999,204.64,14.570958904109588,365,365,365,365,1.0,annual
40730,2000,233.10999999999999,13.812568306010927,366,366,366,366,1.0,annual
40730,2001,202.70999999999998,13.396712328767125,365,365,365,365,1.0,annual
40730,2002,272.73,12.443835616438356,365,365,365,365,1.0,annual
40730,2003,352.23,12.028219178082193,365,365,365,365,1.0,annual
40730,2004,291.42,12.294794520547946,366,365,366,366,0.9972677595628415,annual
40730,2005,241.63,12.424999999999999,365,364,365,365,0.9972602739726028,annual
40730,2006,294.08,12.437808219178082,365,365,365,365,1.0,annual
40730,2007,359.76,11.759340659340658,365,364,365,365,0.9972602739726028,annual
40730,2008,166.2,12.158469945355192,366,366,366,366,1.0,annual
40730,2009,259.61,12.08076923076923,365,364,365,365,0.9972602739726028,annual
40730,2010,295.19,14.18543956043956,365,364,365,365,0.9972602739726028,annual
40730,2011,397.92999999999995,11.745753424657535,365,365,365,365,1.0,annual
40730,2012,311.06,12.206849315068494,366,365,366,366,0.9972677595628415,annual
40730,2013,311.03999999999996,12.670868347338935,365,357,365,365,0.9780821917808219,annual
40730,2014,194.46,12.96878453038674,365,362,365,365,0.9917808219178083,annual
40730,2015,343.2199999999999,13.511699164345403,365,359,365,365,0.9835616438356164,annual
40730,2016,312.40000000000003,13.270637119113573,366,361,366,366,0.9863387978142076,annual
40730,2017,290.45,13.269806094182824,365,361,365,365,0.989041095890411,annual
40730,2018,374.7900000000001,14.081284916201119,365,358,365,365,0.9808219178082191,annual
40730,2019,402.30000000000007,12.935195530726258,365,358,365,365,0.9808219178082191,annual
40730,2020,395.59000000000003,12.295798319327732,366,357,366,366,0.9754098360655737,annual
40730,2021,192.39999999999998,14.32701949860724,365,359,365,365,0.9835616438356164,annual
40730,2022,197.97999999999996,13.657458563535911,365,362,365,365,0.9917808219178083,annual
40730,2023,192.3,14.131593406593405,364,364,365,365,0.9972602739726028,annual
40730,2024,271.18,13.477134986225895,363,363,366,366,0.9918032786885246,annual
40731,1991,349.12,13.25,365,364,365,365,0.9972602739726028,annual
40731,1992,380.66,11.651639344262295,366,366,366,366,1.0,annual
40731,1993,374.57,12.66456043956044,365,364,365,365,0.9972602739726028,annual
40731,1994,453.80999999999995,13.389041095890411,365,365,365,365,1.0,annual
40731,1995,211.63,14.06958904109589,365,365,365,365,1.0,annual
40731,1996,462.61999999999995,13.344262295081966,366,366,366,366,1.0,annual
40731,1997,208.61999999999998,14.113698630136986,365,365,365,365,1.0,annual
40731,1998,326.87,14.218406593406593,365,364,365,365,0.9972602739726028,annual
40731,1999,244.47000000000003,14.592307692307694,365,364,365,365,0.9972602739726028,annual
40731,2000,311.15999999999997,14.102459016393443,366,366,366,366,1.0,annual
40731,2001,224.36,14.716164383561642,365,365,365,365,1.0,annual
40731,2002,339.64000000000004,14.135342465753423,365,365,365,365,1.0,annual
40731,2003,410.18999999999994,13.673972602739726,365,365,365,365,1.0,annual
40731,2004,326.63,14.045628415300547,366,366,366,366,1.0,annual
40731,2005,284.69,14.14010989010989,365,364,365,365,0.9972602739726028,annual
40731,2006,361.0,14.315934065934066,365,364,365,365,0.9972602739726028,annual
40731,2007,327.62,13.76978021978022,365,364,365,365,0.9972602739726028,annual
40731,2008,155.45999999999998,13.87049180327869,366,366,366,366,1.0,annual
40731,2009,294.28,13.943835616438356,365,365,365,365,1.0,annual
40731,2010,352.11,15.482739726027397,365,365,365,365,1.0,annual
40731,2011,469.26000000000005,13.349589041095891,365,365,365,365,1.0,annual
40731,2012,302.97,13.933879781420766,366,366,366,366,1.0,annual
40731,2013,309.82,14.414876033057853,365,363,365,365,0.9945205479452055,annual
40731,2014,189.66000000000003,15.080833333333334,365,360,365,365,0.9863013698630136,annual
40731,2015,295.37,15.13443526170799,365,363,365,365,0.9945205479452055,annual
40731,2016,247.20999999999998,14.980991735537192,366,363,366,366,0.9918032786885246,annual
40731,2017,260.71,14.866483516483516,365,364,365,365,0.9972602739726028,annual
40731,2018,357.5,15.562952646239555,365,359,365,365,0.9835616438356164,annual
40731,2019,340.77,14.627977839335179,365,361,365,365,0.989041095890411,annual
40731,2020,418.3299999999999,14.125418994413407,366,358,366,366,0.9781420765027322,annual
40731,2021,203.44,15.893905817174515,365,361,365,365,0.989041095890411,annual
40731,2022,152.28,15.487292817679556,365,362,365,365,0.9917808219178083,annual
40731,2023,178.77,15.803835616438356,365,365,365,365,1.0,annual
40731,2024,238.17000000000002,15.495901639344263,365,366,366,366,0.9972677595628415,annual
40732,1991,864.1200000000001,15.986350974930364,365,359,365,365,0.9835616438356164,annual
40732,1992,1678.1099999999997,14.966481994459834,366,361,366,366,0.9863387978142076,annual
40732,1993,1550.08,15.125438596491227,365,342,365,365,0.936986301369863,annual
40732,1994,996.8199999999999,15.740173410404624,365,346,365,365,0.947945205479452,annual
40732,1995,871.83,16.885014409221903,365,347,365,365,0.9506849315068493,annual
40732,1996,1094.62,16.315254237288137,366,354,366,366,0.9672131147540983,annual
40732,1997,1011.0100000000001,16.665633802816902,365,355,365,365,0.9726027397260274,annual
40732,1998,1375.6999999999998,17.50117994100295,365,339,365,365,0.9287671232876712,annual
40732,1999,948.98,17.05142857142857,365,350,365,365,0.958904109589041,annual
40732,2000,803.05,16.94479768786127,366,346,366,366,0.9453551912568307,annual
40732,2001,1794.6100000000001,17.13917808219178,365,365,365,365,1.0,annual
40732,2002,983.01,17.05068493150685,365,365,365,365,1.0,annual
40732,2003,1673.0700000000002,16.187397260273972,365,365,365,365,1.0,annual
40732,2004,1481.21,16.90792349726776,366,366,366,366,1.0,annual
40732,2005,844.44,17.185205479452055,365,365,365,365,1.0,annual
40732,2006,1275.01,17.08082191780822,365,365,365,365,1.0,annual
40732,2007,1109.42,16.92986301369863,365,365,365,365,1.0,annual
40732,2008,1257.5900000000001,16.695628415300547,366,366,366,366,1.0,annual
40732,2009,985.8500000000001,16.74587912087912,365,364,365,365,0.9972602739726028,annual
40732,2010,813.8,18.17808219178082,365,365,365,365,1.0,annual
40732,2011,1415.18,16.60821917808219,365,365,365,365,1.0,annual
40732,2012,1083.74,17.524590163934427,366,366,366,366,1.0,annual
40732,2013,954.8000000000001,17.270958904109587,365,365,365,365,1.0,annual
40732,2014,1934.2299999999998,17.371875,365,352,365,365,0.9643835616438357,annual
40732,2015,1669.52,17.525000000000002,365,364,365,365,0.9972602739726028,annual
40732,2016,1473.6,17.12349726775956,366,366,366,366,1.0,annual
40732,2017,1088.78,17.596164383561646,365,365,365,365,1.0,annual
40732,2018,1470.6599999999999,18.02,365,365,365,365,1.0,annual
40732,2019,1651.93,17.665109890109893,365,364,365,365,0.9972602739726028,annual
40732,2020,1241.5100000000002,17.254918032786886,366,366,366,366,1.0,annual
40732,2021,1390.58,17.951098901098902,365,364,365,365,0.9972602739726028,annual
40732,2022,876.0699999999999,18.07554945054945,365,364,365,365,0.9972602739726028,annual
40732,2023,1388.44,18.257808219178084,365,365,365,365,1.0,annual
40732,2024,1348.3400000000001,17.956557377049183,366,366,366,366,1.0,annual
40734,1991,962.4999999999999,16.06361111111111,365,360,365,365,0.9863013698630136,annual
40734,1992,1536.78,15.197206703910615,366,358,366,366,0.9781420765027322,annual
40734,1993,1531.4600000000003,15.29396551724138,365,348,365,365,0.9534246575342465,annual
40734,1994,1443.1599999999999,15.715864022662888,365,353,365,365,0.9671232876712329,annual
40734,1995,957.9799999999999,16.786894586894586,365,351,365,365,0.9616438356164384,annual
40734,1996,1342.1999999999998,16.477551020408164,366,343,366,366,0.9371584699453552,annual
40734,1997,1561.1100000000001,16.692816091954025,365,348,365,365,0.9534246575342465,annual
40734,1998,1140.3600000000001,17.272285714285715,365,350,365,365,0.958904109589041,annual
40734,1999,1203.4499999999998,16.833806818181817,365,352,365,365,0.9643835616438357,annual
40734,2000,1227.36,16.680351906158357,366,341,366,366,0.9316939890710383,annual
40734,2001,1339.62,17.030684931506848,365,365,365,365,1.0,annual
40734,2002,1353.8899999999999,16.914246575342464,365,365,365,365,1.0,annual
40734,2003,1594.5900000000001,16.00027397260274,365,365,365,365,1.0,annual
40734,2004,1307.79,16.62349726775956,366,366,366,366,1.0,annual
40734,2005,1182.89,16.78,365,365,365,365,1.0,annual
40734,2006,1327.58,16.800273972602742,365,365,365,365,1.0,annual
40734,2007,1045.23,16.59780821917808,365,365,365,365,1.0,annual
40734,2008,1269.65,16.55983606557377,366,366,366,366,1.0,annual
40734,2009,1203.9299999999998,16.495616438356162,365,365,365,365,1.0,annual
40734,2010,920.88,17.82082191780822,365,365,365,365,1.0,annual
40734,2011,1628.08,16.35287671232877,365,365,365,365,1.0,annual
40734,2012,1558.03,17.165846994535517,366,366,366,366,1.0,annual
40734,2013,1119.08,17.34904109589041,365,365,365,365,1.0,annual
40734,2014,1409.4199999999998,17.078055555555558,365,360,365,365,0.9863013698630136,annual
40734,2015,1348.16,17.44302325581395,365,344,365,365,0.9424657534246575,annual
40734,2016,1738.0800000000004,17.00655737704918,366,366,366,366,1.0,annual
40734,2017,1102.92,17.513150684931507,365,365,365,365,1.0,annual
40734,2018,1196.6200000000001,17.887671232876713,365,365,365,365,1.0,annual
40734,2019,1730.4,17.626027397260273,365,365,365,365,1.0,annual
40734,2020,1481.81,17.162841530054646,366,366,366,366,1.0,annual
40734,2021,1086.58,17.842265193370164,365,362,365,365,0.9917808219178083,annual
40734,2022,1062.28,17.992328767123286,365,365,365,365,1.0,annual
40734,2023,1598.27,18.284022038567493,365,363,365,365,0.9945205479452055,annual
40734,2024,1477.7,17.932602739726025,366,365,366,366,0.9972677595628415,annual
40736,1991,738.71,17.443019943019944,365,351,365,365,0.9616438356164384,annual
40736,1992,1135.45,16.33352435530086,366,349,366,366,0.953551912568306,annual
40736,1993,912.79,16.94460641399417,365,343,365,365,0.9397260273972603,annual
40736,1994,1006.42,16.91424501424501,365,351,365,365,0.9616438356164384,annual
40736,1995,843.8200000000002,18.120579710144927,365,345,365,365,0.9452054794520548,annual
40736,1996,862.6800000000001,17.543589743589745,366,351,366,366,0.9590163934426229,annual
40736,1997,1197.0,17.880225988700566,365,354,365,365,0.9698630136986301,annual
40736,1998,763.5799999999999,18.691445427728613,365,339,365,365,0.9287671232876712,annual
40736,1999,715.24,18.16046511627907,365,344,365,365,0.9424657534246575,annual
40736,2000,965.6600000000001,18.092058823529413,366,340,366,366,0.9289617486338798,annual
40736,2001,754.35,18.349589041095893,365,365,365,365,1.0,annual
40736,2002,1325.8,18.27972602739726,365,365,365,365,1.0,annual
40736,2003,1084.77,17.452328767123287,365,365,365,365,1.0,annual
40736,2004,1132.29,18.01256830601093,366,366,366,366,1.0,annual
40736,2005,828.18,18.142739726027397,365,365,365,365,1.0,annual
40736,2006,910.61,18.184931506849313,365,365,365,365,1.0,annual
40736,2007,805.0,18.4374251497006,365,334,365,365,0.915068493150685,annual
40736,2008,888.22,17.867213114754097,366,366,366,366,1.0,annual
40736,2009,1068.2600000000002,17.837808219178083,365,365,365,365,1.0,annual
40736,2010,486.21,19.19041095890411,365,365,365,365,1.0,annual
40736,2011,1206.43,17.564383561643837,365,365,365,365,1.0,annual
40736,2012,1111.0,18.503551912568305,366,366,366,366,1.0,annual
40736,2013,816.3399999999999,18.31890410958904,365,365,365,365,1.0,annual
40736,2014,632.66,18.077900552486188,365,362,365,365,0.9917808219178083,annual
40736,2015,922.07,18.169444444444444,365,360,365,365,0.9863013698630136,annual
40736,2016,956.8,18.241126760563382,366,355,366,366,0.9699453551912568,annual
40736,2017,604.0,18.59050279329609,365,358,365,365,0.9808219178082191,annual
40736,2018,728.95,18.925205479452053,365,365,365,365,1.0,annual
40736,2019,1170.2,18.695543175487465,365,359,365,365,0.9835616438356164,annual
40736,2020,904.0,18.105753424657536,366,365,366,366,0.9972677595628415,annual
40736,2021,701.7900000000001,18.780547945205477,365,365,365,365,1.0,annual
40736,2022,672.69,18.876164383561644,365,365,365,365,1.0,annual
40736,2023,918.91,19.214794520547944,365,365,365,365,1.0,annual
40736,2024,822.48,18.963661202185794,366,366,366,366,1.0,annual
40737,1991,550.96,16.804761904761904,365,357,365,365,0.9780821917808219,annual
40737,1992,940.64,15.78679775280899,366,356,366,366,0.9726775956284153,annual
40737,1993,673.89,16.325,365,344,365,365,0.9424657534246575,annual
40737,1994,827.0400000000001,16.567329545454545,365,352,365,365,0.9643835616438357,annual
40737,1995,606.77,17.61278409090909,365,352,365,365,0.9643835616438357,annual
40737,1996,821.26,16.80901408450704,366,355,366,366,0.9699453551912568,annual
40737,1997,918.1899999999999,17.29241573033708,365,356,365,365,0.9753424657534246,annual
40737,1998,608.54,18.113142857142858,365,350,365,365,0.958904109589041,annual
40737,1999,658.8899999999999,17.632670454545455,365,352,365,365,0.9643835616438357,annual
40737,2000,707.1099999999999,17.49542857142857,366,350,366,366,0.9562841530054644,annual
40737,2001,612.86,17.77917808219178,365,365,365,365,1.0,annual
40737,2002,884.49,17.60164383561644,365,365,365,365,1.0,annual
40737,2003,802.0799999999999,16.81095890410959,365,365,365,365,1.0,annual
40737,2004,886.1999999999999,17.431147540983606,366,366,366,366,1.0,annual
40737,2005,733.51,17.524931506849317,365,365,365,365,1.0,annual
40737,2006,667.8599999999999,17.714246575342464,365,365,365,365,1.0,annual
40737,2007,789.63,17.28246575342466,365,365,365,365,1.0,annual
40737,2008,578.26,17.181967213114756,366,366,366,366,1.0,annual
40737,2009,935.88,16.997808219178083,365,365,365,365,1.0,annual
40737,2010,463.16999999999996,18.483835616438355,365,365,365,365,1.0,annual
40737,2011,905.5799999999999,16.916986301369864,365,365,365,365,1.0,annual
40737,2012,726.85,17.740983606557375,366,366,366,366,1.0,annual
40737,2013,684.62,17.776986301369863,365,365,365,365,1.0,annual
40737,2014,517.31,17.860833333333332,365,360,365,365,0.9863013698630136,annual
40737,2015,659.6200000000001,17.754016620498614,365,361,365,365,0.989041095890411,annual
40737,2016,775.71,17.656284153005465,366,366,366,366,1.0,annual
40737,2017,492.14,17.956164383561642,365,365,365,365,1.0,annual
40737,2018,567.56,18.354520547945203,365,365,365,365,1.0,annual
40737,2019,951.39,17.944931506849315,365,365,365,365,1.0,annual
40737,2020,784.55,17.542622950819673,366,366,366,366,1.0,annual
40737,2021,598.85,18.132602739726025,365,365,365,365,1.0,annual
40737,2022,567.36,18.24082191780822,365,365,365,365,1.0,annual
40737,2023,659.25,18.538630136986303,365,365,365,365,1.0,annual
40737,2024,638.71,18.21120218579235,366,366,366,366,1.0,annual
40738,1991,445.98,17.514364640883976,365,362,365,365,0.9917808219178083,annual
40738,1992,562.47,16.3890756302521,366,357,366,366,0.9754098360655737,annual
40738,1993,587.1400000000001,17.040114613180517,365,349,365,365,0.9561643835616438,annual
40738,1994,634.3,17.195738636363636,365,352,365,365,0.9643835616438357,annual
40738,1995,567.5200000000001,18.310734463276837,365,354,365,365,0.9698630136986301,annual
40738,1996,469.66999999999996,17.62299168975069,366,361,366,366,0.9863387978142076,annual
40738,1997,517.15,18.246285714285715,365,350,365,365,0.958904109589041,annual
40738,1998,475.92999999999995,18.921802325581396,365,344,365,365,0.9424657534246575,annual
40738,1999,592.45,18.488732394366195,365,355,365,365,0.9726027397260274,annual
40738,2000,579.1099999999999,18.51344537815126,366,357,366,366,0.9754098360655737,annual
40738,2001,451.51,18.925905292479108,365,359,365,365,0.9835616438356164,annual
40738,2002,542.77,18.837606837606838,365,351,365,365,0.9616438356164384,annual
40738,2003,631.41,17.9768115942029,365,345,365,365,0.9452054794520548,annual
40738,2004,594.25,18.512,366,350,366,366,0.9562841530054644,annual
40738,2005,574.45,18.43917808219178,365,365,365,365,1.0,annual
40738,2006,418.21,18.581917808219178,365,365,365,365,1.0,annual
40738,2007,383.46000000000004,18.03696275071633,365,349,365,365,0.9561643835616438,annual
40738,2008,272.78999999999996,17.838797814207652,366,366,366,366,1.0,annual
40738,2009,528.14,17.875824175824178,365,364,365,365,0.9972602739726028,annual
40738,2010,370.98,19.172527472527474,365,364,365,365,0.9972602739726028,annual
40738,2011,654.84,17.36849315068493,365,365,365,365,1.0,annual
40738,2012,727.8499999999999,18.324590163934428,366,366,366,366,1.0,annual
40738,2013,531.5,18.36868131868132,365,364,365,365,0.9972602739726028,annual
40738,2014,320.9,18.432102272727274,360,352,365,365,0.9643835616438357,annual
40738,2015,387.17,18.741159420289854,354,345,365,365,0.9452054794520548,annual
40738,2016,581.23,17.899724517906336,366,363,366,366,0.9918032786885246,annual
40738,2017,384.91,18.470054945054947,365,364,365,365,0.9972602739726028,annual
40738,2018,380.74,18.773626373626374,365,364,365,365,0.9972602739726028,annual
40738,2019,756.6300000000001,18.49359331476323,365,359,365,365,0.9835616438356164,annual
40738,2020,394.20000000000005,17.807123287671235,366,365,366,366,0.9972677595628415,annual
40738,2021,291.13,18.90164835164835,365,364,365,365,0.9972602739726028,annual
40738,2022,448.85999999999996,18.65287671232877,365,365,365,365,1.0,annual
40738,2023,328.47,19.01945205479452,365,365,365,365,1.0,annual
40738,2024,470.31,18.452876712328766,366,365,366,366,0.9972677595628415,annual
40739,1991,279.68,13.960821917808218,365,365,365,365,1.0,annual
40739,1992,258.53,12.802465753424656,366,365,366,366,0.9972677595628415,annual
40739,1993,227.72,13.675342465753424,365,365,365,365,1.0,annual
40739,1994,123.44,14.381369863013699,365,365,365,365,1.0,annual
40739,1995,147.75,15.518904109589041,365,365,365,365,1.0,annual
40739,1996,185.50000000000003,14.169945355191256,366,366,366,366,1.0,annual
40739,1997,85.57,15.074246575342467,365,365,365,365,1.0,annual
40739,1998,192.15,15.419178082191781,365,365,365,365,1.0,annual
40739,1999,109.37,15.275890410958903,365,365,365,365,1.0,annual
40739,2000,166.99,15.308196721311475,366,366,366,366,1.0,annual
40739,2001,91.09,15.866301369863013,365,365,365,365,1.0,annual
40739,2002,127.76999999999998,15.469041095890411,365,365,365,365,1.0,annual
40739,2003,180.04999999999998,14.695342465753425,365,365,365,365,1.0,annual
40739,2004,161.29999999999998,15.180054644808742,366,366,366,366,1.0,annual
40739,2005,139.62,15.226301369863014,365,365,365,365,1.0,annual
40739,2006,159.29,15.842465753424657,365,365,365,365,1.0,annual
40739,2007,190.65,14.855616438356165,365,365,365,365,1.0,annual
40739,2008,63.23,15.246994535519125,366,366,366,366,1.0,annual
40739,2009,171.0,14.836712328767122,365,365,365,365,1.0,annual
40739,2010,136.86999999999998,15.984657534246574,365,365,365,365,1.0,annual
40739,2011,171.39000000000001,14.642465753424657,365,365,365,365,1.0,annual
40739,2012,159.32,14.316666666666666,366,366,366,366,1.0,annual
40739,2013,71.35,15.370833333333334,365,360,365,365,0.9863013698630136,annual
40739,2014,112.10999999999999,15.309418282548476,365,361,365,365,0.989041095890411,annual
40739,2015,149.24,15.570604395604395,365,364,365,365,0.9972602739726028,annual
40739,2016,141.41000000000003,15.416298342541436,366,362,366,366,0.9890710382513661,annual
40739,2017,128.25,15.489226519337018,365,362,365,365,0.9917808219178083,annual
40739,2018,130.86,16.011666666666667,365,360,365,365,0.9863013698630136,annual
40739,2019,226.18,15.232686980609419,365,361,365,365,0.989041095890411,annual
40739,2020,213.42,14.624166666666666,366,360,366,366,0.9836065573770492,annual
40739,2021,87.07999999999998,16.077134986225897,365,363,365,365,0.9945205479452055,annual
40739,2022,77.19,15.796143250688706,365,363,365,365,0.9945205479452055,annual
40739,2023,109.91,16.46054794520548,365,365,365,365,1.0,annual
40739,2024,153.18,15.770491803278688,366,366,366,366,1.0,annual
40740,1991,343.92,12.795616438356163,365,365,365,365,1.0,annual
40740,1992,408.15,11.109016393442623,366,366,366,366,1.0,annual
40740,1993,326.5,11.50467032967033,365,364,365,365,0.9972602739726028,annual
40740,1994,264.42,13.242191780821917,365,365,365,365,1.0,annual
40740,1995,213.97,14.316438356164383,365,365,365,365,1.0,annual
40740,1996,264.66,13.46584699453552,366,366,366,366,1.0,annual
40740,1997,360.3699999999999,13.275342465753425,365,365,365,365,1.0,annual
40740,1998,356.20000000000005,13.072527472527472,365,364,365,365,0.9972602739726028,annual
40740,1999,351.28000000000003,12.94904109589041,365,365,365,365,1.0,annual
40740,2000,271.63,13.044262295081968,366,366,366,366,1.0,annual
40740,2001,234.44,13.78379120879121,365,364,365,365,0.9972602739726028,annual
40740,2002,331.91,13.161263736263736,365,364,365,365,0.9972602739726028,annual
40740,2003,437.01000000000005,12.472876712328768,365,365,365,365,1.0,annual
40740,2004,400.51,13.127472527472527,366,364,366,366,0.994535519125683,annual
40740,2005,357.51,13.15631868131868,365,364,365,365,0.9972602739726028,annual
40740,2006,279.87,13.546849315068494,365,365,365,365,1.0,annual
40740,2007,337.64,11.892582417582416,365,364,365,365,0.9972602739726028,annual
40740,2008,121.48999999999998,11.859178082191782,366,365,366,366,0.9972677595628415,annual
40740,2009,372.54999999999995,11.994246575342466,365,365,365,365,1.0,annual
40740,2010,324.09999999999997,12.782465753424658,365,365,365,365,1.0,annual
40740,2011,415.81000000000006,11.562191780821918,365,365,365,365,1.0,annual
40740,2012,338.2,11.625706214689265,364,354,366,366,0.9672131147540983,annual
40740,2013,271.92,12.738746438746439,365,351,365,365,0.9616438356164384,annual
40740,2014,294.32,12.315598885793872,365,359,365,365,0.9835616438356164,annual
40740,2015,276.51,12.846239554317549,365,359,365,365,0.9835616438356164,annual
40740,2016,422.21999999999997,13.05406162464986,366,357,366,366,0.9754098360655737,annual
40740,2017,239.88000000000002,12.780563380281691,365,355,365,365,0.9726027397260274,annual
40740,2018,310.27,13.363841807909605,365,354,365,365,0.9698630136986301,annual
40740,2019,447.50000000000006,12.665536723163843,365,354,365,365,0.9698630136986301,annual
40740,2020,377.18,11.751420454545455,366,352,366,366,0.9617486338797814,annual
40740,2021,141.47,13.494972067039106,365,358,365,365,0.9808219178082191,annual
40740,2022,400.28,12.945,365,360,365,365,0.9863013698630136,annual
40740,2023,161.03,13.78099173553719,365,363,365,365,0.9945205479452055,annual
40740,2024,301.57,12.795901639344264,366,366,366,366,1.0,annual
40741,1991,240.73,19.361095890410958,365,365,365,365,1.0,annual
40741,1992,257.27,18.697540983606558,366,366,366,366,1.0,annual
40741,1993,259.85,18.20876712328767,365,365,365,365,1.0,annual
40741,1994,187.29,19.09315068493151,365,365,365,365,1.0,annual
40741,1995,158.59,19.832602739726028,365,365,365,365,1.0,annual
40741,1996,134.08,19.257808219178084,366,365,366,366,0.9972677595628415,annual
40741,1997,205.97,19.826575342465752,365,365,365,365,1.0,annual
40741,1998,261.11,19.973972602739725,365,365,365,365,1.0,annual
40741,1999,184.8,19.84931506849315,365,365,365,365,1.0,annual
40741,2000,99.4,18.495628415300544,366,366,366,366,1.0,annual
40741,2001,119.76000000000002,18.853846153846153,365,364,365,365,0.9972602739726028,annual
40741,2002,242.97,18.450824175824177,365,364,365,365,0.9972602739726028,annual
40741,2003,251.90999999999997,17.881043956043957,365,364,365,365,0.9972602739726028,annual
40741,2004,244.92000000000002,18.546575342465754,366,365,366,366,0.9972677595628415,annual
40741,2005,176.23,18.483287671232876,365,365,365,365,1.0,annual
40741,2006,170.0,18.678356164383562,365,365,365,365,1.0,annual
40741,2007,207.4,18.102465753424656,365,365,365,365,1.0,annual
40741,2008,76.45,17.746994535519125,366,366,366,366,1.0,annual
40741,2009,233.35,18.48650137741047,365,363,365,365,0.9945205479452055,annual
40741,2010,160.43,19.09013698630137,365,365,365,365,1.0,annual
40741,2011,172.01999999999998,17.91868131868132,365,364,365,365,0.9972602739726028,annual
40741,2012,232.53999999999996,18.398898071625347,366,363,366,366,0.9918032786885246,annual
40741,2013,124.53999999999999,19.489830508474576,365,354,365,365,0.9698630136986301,annual
40741,2014,181.84,18.723579545454545,365,352,365,365,0.9643835616438357,annual
40741,2015,278.93,19.171348314606742,365,356,365,365,0.9753424657534246,annual
40741,2016,184.82,19.84659090909091,366,352,366,366,0.9617486338797814,annual
40741,2017,172.00000000000003,18.97950138504155,365,361,365,365,0.989041095890411,annual
40741,2018,183.29999999999998,19.191620111731844,365,358,365,365,0.9808219178082191,annual
40741,2019,300.81,19.513314447592066,365,353,365,365,0.9671232876712329,annual
40741,2020,289.13,18.17542372881356,366,354,366,366,0.9672131147540983,annual
40741,2021,70.01,20.062359550561798,365,356,365,365,0.9753424657534246,annual
40741,2022,129.82,19.843697478991597,365,357,365,365,0.9780821917808219,annual
40741,2023,76.60000000000001,20.695604395604395,365,364,365,365,0.9972602739726028,annual
40741,2024,239.4,19.442622950819672,366,366,366,366,1.0,annual
40742,1991,,,0,0,365,365,0.0,annual
40742,1992,228.34,15.375136612021858,366,366,366,366,1.0,annual
40742,1993,85.72,16.475068493150683,365,365,365,365,1.0,annual
40742,1994,139.43,17.159178082191783,365,365,365,365,1.0,annual
40742,1995,132.97,17.334520547945207,365,365,365,365,1.0,annual
40742,1996,140.57,15.169398907103826,366,366,366,366,1.0,annual
40742,1997,73.24000000000001,15.98904109589041,365,365,365,365,1.0,annual
40742,1998,111.27000000000001,17.078904109589043,365,365,365,365,1.0,annual
40742,1999,103.91999999999999,16.946027397260274,365,365,365,365,1.0,annual
40742,2000,119.43,17.047267759562843,366,366,366,366,1.0,annual
40742,2001,67.92000000000002,17.517808219178082,365,365,365,365,1.0,annual
40742,2002,177.18,16.526027397260275,365,365,365,365,1.0,annual
40742,2003,139.79000000000002,15.795616438356163,365,365,365,365,1.0,annual
40742,2004,101.21000000000001,16.29535519125683,366,366,366,366,1.0,annual
40742,2005,156.20999999999998,16.160273972602738,365,365,365,365,1.0,annual
40742,2006,145.26,16.88027397260274,365,365,365,365,1.0,annual
40742,2007,139.92999999999998,15.845479452054796,365,365,365,365,1.0,annual
40742,2008,101.37,16.01256830601093,366,366,366,366,1.0,annual
40742,2009,122.63999999999999,15.975616438356166,365,365,365,365,1.0,annual
40742,2010,132.87,16.97205479452055,365,365,365,365,1.0,annual
40742,2011,112.55,15.91890410958904,365,365,365,365,1.0,annual
40742,2012,192.96999999999997,15.503005464480875,366,366,366,366,1.0,annual
40742,2013,84.94,16.386501377410468,365,363,365,365,0.9945205479452055,annual
40742,2014,66.21000000000001,16.330853994490358,365,363,365,365,0.9945205479452055,annual
40742,2015,128.14000000000001,16.877499999999998,365,360,365,365,0.9863013698630136,annual
40742,2016,95.37,16.61735537190083,366,363,366,366,0.9918032786885246,annual
40742,2017,65.59,16.670798898071624,365,363,365,365,0.9945205479452055,annual
40742,2018,99.34,17.16267409470752,365,359,365,365,0.9835616438356164,annual
40742,2019,190.33999999999997,16.37052341597796,365,363,365,365,0.9945205479452055,annual
40742,2020,145.3,15.837845303867404,366,362,366,366,0.9890710382513661,annual
40742,2021,78.03999999999999,17.218406593406595,365,364,365,365,0.9972602739726028,annual
40742,2022,84.73,17.34532967032967,365,364,365,365,0.9972602739726028,annual
40742,2023,92.10000000000001,17.80054794520548,365,365,365,365,1.0,annual
40742,2024,97.38999999999999,17.272346368715084,366,358,366,366,0.9781420765027322,annual
40743,1991,271.4,17.14395604395604,365,364,365,365,0.9972602739726028,annual
40743,1992,276.5,16.0986301369863,366,365,366,366,0.9972677595628415,annual
40743,1993,236.13,16.763287671232877,365,365,365,365,1.0,annual
40743,1994,140.43,17.774175824175824,365,364,365,365,0.9972602739726028,annual
40743,1995,127.02,18.135068493150687,365,365,365,365,1.0,annual
40743,1996,167.90999999999997,17.369945355191255,366,366,366,366,1.0,annual
40743,1997,184.53,18.03890410958904,365,365,365,365,1.0,annual
40743,1998,198.99,18.48246575342466,365,365,365,365,1.0,annual
40743,1999,183.74,18.23890410958904,365,365,365,365,1.0,annual
40743,2000,147.41,18.578415300546446,366,366,366,366,1.0,annual
40743,2001,118.44,19.084931506849315,365,365,365,365,1.0,annual
40743,2002,140.31,18.697534246575344,365,365,365,365,1.0,annual
40743,2003,240.57999999999998,17.85054945054945,365,364,365,365,0.9972602739726028,annual
40743,2004,226.63,17.728415300546448,366,366,366,366,1.0,annual
40743,2005,191.86,17.403835616438354,365,365,365,365,1.0,annual
40743,2006,182.95,17.945205479452056,365,365,365,365,1.0,annual
40743,2007,244.98000000000002,16.767397260273974,365,365,365,365,1.0,annual
40743,2008,58.07,17.139071038251366,366,366,366,366,1.0,annual
40743,2009,187.2,17.69150684931507,365,365,365,365,1.0,annual
40743,2010,133.08,18.99150684931507,365,365,365,365,1.0,annual
40743,2011,295.35,17.927123287671233,365,365,365,365,1.0,annual
40743,2012,199.36,17.560714285714287,366,364,366,366,0.994535519125683,annual
40743,2013,98.69,18.75263157894737,365,361,365,365,0.989041095890411,annual
40743,2014,162.57,18.3005540166205,365,361,365,365,0.989041095890411,annual
40743,2015,120.66000000000001,18.850415512465375,365,361,365,365,0.989041095890411,annual
40743,2016,136.57999999999998,19.0732782369146,366,363,366,366,0.9918032786885246,annual
40743,2017,134.26000000000002,18.86473829201102,365,363,365,365,0.9945205479452055,annual
40743,2018,139.94,19.331476323119777,365,359,365,365,0.9835616438356164,annual
40743,2019,300.73,18.661002785515322,365,359,365,365,0.9835616438356164,annual
40743,2020,300.06,17.953333333333333,366,360,366,366,0.9836065573770492,annual
40743,2021,108.86,19.443250688705234,365,363,365,365,0.9945205479452055,annual
40743,2022,132.5,19.310439560439562,365,364,365,365,0.9972602739726028,annual
40743,2023,91.00999999999999,19.81753424657534,365,365,365,365,1.0,annual
40743,2024,137.19,19.355464480874318,366,366,366,366,1.0,annual
40744,1991,319.22,14.585674931129478,363,363,365,365,0.9945205479452055,annual
40744,1992,134.02,10.461157024793389,242,242,366,366,0.6612021857923497,annual
40744,1993,102.38000000000002,4.28993288590604,150,149,365,365,0.40821917808219177,annual
40744,1994,174.04000000000002,15.124109589041096,365,365,365,365,1.0,annual
40744,1995,181.54,15.466849315068492,365,365,365,365,1.0,annual
40744,1996,200.84,14.984699453551912,366,366,366,366,1.0,annual
40744,1997,247.45999999999998,15.750410958904109,365,365,365,365,1.0,annual
40744,1998,235.59,15.710958904109589,365,365,365,365,1.0,annual
40744,1999,230.44000000000003,15.552602739726026,365,365,365,365,1.0,annual
40744,2000,129.1,15.84207650273224,366,366,366,366,1.0,annual
40744,2001,141.94,16.589041095890412,365,365,365,365,1.0,annual
40744,2002,184.13,15.987397260273971,365,365,365,365,1.0,annual
40744,2003,313.55,15.070410958904109,365,365,365,365,1.0,annual
40744,2004,223.41000000000003,15.865573770491803,366,366,366,366,1.0,annual
40744,2005,216.59999999999997,15.645479452054795,365,365,365,365,1.0,annual
40744,2006,131.47,16.32054794520548,365,365,365,365,1.0,annual
40744,2007,252.13000000000002,15.436986301369863,365,365,365,365,1.0,annual
40744,2008,124.9,15.51393442622951,366,366,366,366,1.0,annual
40744,2009,233.71999999999997,15.633972602739725,365,365,365,365,1.0,annual
40744,2010,209.39,17.006301369863014,365,365,365,365,1.0,annual
40744,2011,235.72000000000003,15.513150684931507,365,365,365,365,1.0,annual
40744,2012,257.72,15.50792349726776,366,366,366,366,1.0,annual
40744,2013,171.15,16.485195530726255,365,358,365,365,0.9808219178082191,annual
40744,2014,216.89999999999998,16.078393351800553,365,361,365,365,0.989041095890411,annual
40744,2015,188.26999999999998,16.72354570637119,365,361,365,365,0.989041095890411,annual
40744,2016,252.26,16.979271708683473,366,357,366,366,0.9754098360655737,annual
40744,2017,256.57,16.56861111111111,365,360,365,365,0.9863013698630136,annual
40744,2018,223.73000000000002,16.969359331476323,365,359,365,365,0.9835616438356164,annual
40744,2019,278.18,16.555027932960893,365,358,365,365,0.9808219178082191,annual
40744,2020,270.23,15.450415512465375,366,361,366,366,0.9863387978142076,annual
40744,2021,87.19999999999999,17.627272727272725,365,363,365,365,0.9945205479452055,annual
40744,2022,139.68,17.046005509641873,365,363,365,365,0.9945205479452055,annual
40744,2023,46.43,17.781868131868134,360,364,365,365,0.9863013698630136,annual
40744,2024,247.60999999999999,14.417857142857144,366,364,366,366,0.994535519125683,annual
40745,1991,330.16999999999996,14.246301369863012,365,365,365,365,1.0,annual
40745,1992,390.22999999999996,13.32876712328767,366,365,366,366,0.9972677595628415,annual
40745,1993,379.7,13.776986301369863,365,365,365,365,1.0,annual
40745,1994,175.59,14.747671232876712,365,365,365,365,1.0,annual
40745,1995,226.98000000000002,15.384383561643837,365,365,365,365,1.0,annual
40745,1996,195.33,14.536612021857923,366,366,366,366,1.0,annual
40745,1997,239.57999999999998,15.288493150684932,365,365,365,365,1.0,annual
40745,1998,340.12000000000006,15.418082191780822,365,365,365,365,1.0,annual
40745,1999,238.61999999999998,15.495890410958904,365,365,365,365,1.0,annual
40745,2000,169.04,15.78551912568306,366,366,366,366,1.0,annual
40745,2001,143.79000000000002,16.446280991735538,365,363,365,365,0.9945205479452055,annual
40745,2002,230.01,15.843287671232877,365,365,365,365,1.0,annual
40745,2003,264.58,15.029945054945054,365,364,365,365,0.9972602739726028,annual
40745,2004,287.03,15.871232876712329,366,365,366,366,0.9972677595628415,annual
40745,2005,234.52,15.78,365,365,365,365,1.0,annual
40745,2006,210.90000000000003,16.386301369863013,365,365,365,365,1.0,annual
40745,2007,268.84999999999997,15.494230769230768,365,364,365,365,0.9972602739726028,annual
40745,2008,121.6,15.079234972677595,366,366,366,366,1.0,annual
40745,2009,292.77,15.363287671232877,365,365,365,365,1.0,annual
40745,2010,163.5,16.848626373626374,365,364,365,365,0.9972602739726028,annual
40745,2011,205.10999999999999,15.671153846153846,365,364,365,365,0.9972602739726028,annual
40745,2012,318.41999999999996,15.477868852459016,366,366,366,366,1.0,annual
40745,2013,193.73999999999998,16.319327731092436,365,357,365,365,0.9780821917808219,annual
40745,2014,226.48999999999998,16.046760563380282,365,355,365,365,0.9726027397260274,annual
40745,2015,198.09,16.80758426966292,365,356,365,365,0.9753424657534246,annual
40745,2016,251.76,16.886797752808988,366,356,366,366,0.9726775956284153,annual
40745,2017,249.64,16.48138888888889,365,360,365,365,0.9863013698630136,annual
40745,2018,237.92999999999998,16.728412256267408,365,359,365,365,0.9835616438356164,annual
40745,2019,307.93,16.476685393258425,365,356,365,365,0.9753424657534246,annual
40745,2020,302.49,15.393611111111111,366,360,366,366,0.9836065573770492,annual
40745,2021,73.13,17.452808988764044,365,356,365,365,0.9753424657534246,annual
40745,2022,205.51,16.884078212290504,365,358,365,365,0.9808219178082191,annual
40745,2023,84.19,17.514246575342465,365,365,365,365,1.0,annual
40745,2024,262.89,16.252892561983472,363,363,366,366,0.9918032786885246,annual
40746,1991,313.14,15.029805013927577,351,359,365,365,0.9616438356164384,annual
40746,1992,350.51000000000005,12.500554016620498,362,361,366,366,0.9863387978142076,annual
40746,1993,322.66999999999996,13.32857142857143,365,364,365,365,0.9972602739726028,annual
40746,1994,191.1,15.153296703296704,365,364,365,365,0.9972602739726028,annual
40746,1995,174.49,14.260821917808219,365,365,365,365,1.0,annual
40746,1996,165.84,15.159065934065934,366,364,366,366,0.994535519125683,annual
40746,1997,261.26,14.398351648351648,365,364,365,365,0.9972602739726028,annual
40746,1998,248.76,16.86328767123288,365,365,365,365,1.0,annual
40746,1999,212.33,16.906575342465754,365,365,365,365,1.0,annual
40746,2000,158.34,15.899180327868853,366,366,366,366,1.0,annual
40746,2001,178.07999999999998,15.524383561643834,365,365,365,365,1.0,annual
40746,2002,192.94,15.029041095890411,365,365,365,365,1.0,annual
40746,2003,240.72,14.174520547945205,365,365,365,365,1.0,annual
40746,2004,311.26,14.936164383561643,366,365,366,366,0.9972677595628415,annual
40746,2005,242.89,14.69068493150685,365,365,365,365,1.0,annual
40746,2006,206.26,15.479452054794521,365,365,365,365,1.0,annual
40746,2007,292.64,14.407945205479452,365,365,365,365,1.0,annual
40746,2008,130.13,14.346301369863014,366,365,366,366,0.9972677595628415,annual
40746,2009,334.23,14.73945205479452,365,365,365,365,1.0,annual
40746,2010,205.99,15.422191780821919,365,365,365,365,1.0,annual
40746,2011,301.22,14.67123287671233,365,365,365,365,1.0,annual
40746,2012,234.65000000000003,14.00876712328767,366,365,366,366,0.9972677595628415,annual
40746,2013,235.46999999999997,15.112983425414363,365,362,365,365,0.9917808219178083,annual
40746,2014,225.63,14.864066852367687,365,359,365,365,0.9835616438356164,annual
40746,2015,183.17000000000002,15.408611111111112,365,360,365,365,0.9863013698630136,annual
40746,2016,218.42,15.501652892561985,366,363,366,366,0.9918032786885246,annual
40746,2017,266.18,15.268975069252079,365,361,365,365,0.989041095890411,annual
40746,2018,207.43999999999997,15.70640668523677,365,359,365,365,0.9835616438356164,annual
40746,2019,348.47999999999996,15.00611111111111,365,360,365,365,0.9863013698630136,annual
40746,2020,293.55999999999995,14.245658263305321,366,357,366,366,0.9754098360655737,annual
40746,2021,91.72,15.980779944289695,365,359,365,365,0.9835616438356164,annual
40746,2022,197.38000000000002,15.86043956043956,365,364,365,365,0.9972602739726028,annual
40746,2023,119.58999999999999,16.60931506849315,365,365,365,365,1.0,annual
40746,2024,250.56,15.135342465753423,366,365,366,366,0.9972677595628415,annual
40747,1991,396.56000000000006,13.508219178082191,365,365,365,365,1.0,annual
40747,1992,399.51,11.346174863387978,366,366,366,366,1.0,annual
40747,1993,524.89,13.246301369863012,365,365,365,365,1.0,annual
40747,1994,645.1600000000001,14.173972602739726,365,365,365,365,1.0,annual
40747,1995,453.90000000000003,13.918082191780822,365,365,365,365,1.0,annual
40747,1996,428.55999999999995,14.329508196721312,366,366,366,366,1.0,annual
40747,1997,450.33,13.555068493150685,365,365,365,365,1.0,annual
40747,1998,398.74,14.344780219780219,365,364,365,365,0.9972602739726028,annual
40747,1999,235.91,14.780821917808218,365,365,365,365,1.0,annual
40747,2000,329.51,13.961643835616439,366,365,366,366,0.9972677595628415,annual
40747,2001,239.06,14.7013698630137,365,365,365,365,1.0,annual
40747,2002,424.23,13.861263736263735,365,364,365,365,0.9972602739726028,annual
40747,2003,367.51,14.331506849315069,365,365,365,365,1.0,annual
40747,2004,396.12,14.154918032786885,366,366,366,366,1.0,annual
40747,2005,352.21000000000004,14.266575342465753,365,365,365,365,1.0,annual
40747,2006,485.9,14.653571428571427,365,364,365,365,0.9972602739726028,annual
40747,2007,403.09000000000003,14.066575342465754,365,365,365,365,1.0,annual
40747,2008,244.13,14.482513661202187,366,366,366,366,1.0,annual
40747,2009,338.67999999999995,14.00164383561644,365,365,365,365,1.0,annual
40747,2010,351.57000000000005,15.636438356164383,365,365,365,365,1.0,annual
40747,2011,359.68,13.655342465753424,365,365,365,365,1.0,annual
40747,2012,331.26,14.424043715846993,366,366,366,366,1.0,annual
40747,2013,316.1,14.553739612188364,365,361,365,365,0.989041095890411,annual
40747,2014,280.4,14.773002754820938,365,363,365,365,0.9945205479452055,annual
40747,2015,373.02,15.117582417582419,365,364,365,365,0.9972602739726028,annual
40747,2016,301.63,15.02,366,360,366,366,0.9836065573770492,annual
40747,2017,294.92,14.930833333333334,365,360,365,365,0.9863013698630136,annual
40747,2018,547.1,15.58476454293629,365,361,365,365,0.989041095890411,annual
40747,2019,455.46000000000004,14.692032967032967,365,364,365,365,0.9972602739726028,annual
40747,2020,417.7,15.04806629834254,366,362,366,366,0.9890710382513661,annual
40747,2021,166.36,16.034626038781163,365,361,365,365,0.989041095890411,annual
40747,2022,261.90000000000003,15.557300275482094,365,363,365,365,0.9945205479452055,annual
40747,2023,435.96000000000004,15.162465753424659,365,365,365,365,1.0,annual
40747,2024,467.39,15.550546448087431,366,366,366,366,1.0,annual
40748,1991,385.1,11.333972602739726,365,365,365,365,1.0,annual
40748,1992,335.49,9.362295081967213,366,366,366,366,1.0,annual
40748,1993,474.54999999999995,11.175616438356164,365,365,365,365,1.0,annual
40748,1994,517.7800000000001,11.957534246575342,365,365,365,365,1.0,annual
40748,1995,379.42999999999995,12.188219178082191,365,365,365,365,1.0,annual
40748,1996,382.37000000000006,11.810928961748635,366,366,366,366,1.0,annual
40748,1997,329.86,12.041643835616437,365,365,365,365,1.0,annual
40748,1998,324.43,12.833424657534247,365,365,365,365,1.0,annual
40748,1999,266.67,13.18876712328767,365,365,365,365,1.0,annual
40748,2000,309.44,12.14016393442623,366,366,366,366,1.0,annual
40748,2001,180.29999999999998,13.291780821917808,365,365,365,365,1.0,annual
40748,2002,288.45,11.752328767123288,365,365,365,365,1.0,annual
40748,2003,291.08000000000004,11.541643835616437,365,365,365,365,1.0,annual
40748,2004,331.19000000000005,11.60136612021858,366,366,366,366,1.0,annual
40748,2005,302.03999999999996,11.353972602739725,365,365,365,365,1.0,annual
40748,2006,338.86,11.624109589041096,365,365,365,365,1.0,annual
40748,2007,353.39,11.718630136986302,365,365,365,365,1.0,annual
40748,2008,235.96,11.226229508196722,366,366,366,366,1.0,annual
40748,2009,336.44,11.203021978021978,365,364,365,365,0.9972602739726028,annual
40748,2010,347.7,13.293698630136985,365,365,365,365,1.0,annual
40748,2011,396.75999999999993,10.879338842975207,365,363,365,365,0.9945205479452055,annual
40748,2012,381.63,11.32158469945355,366,366,366,366,1.0,annual
40748,2013,381.02000000000004,11.987988826815641,365,358,365,365,0.9808219178082191,annual
40748,2014,292.79,12.080726256983239,365,358,365,365,0.9808219178082191,annual
40748,2015,337.91,12.626243093922652,365,362,365,365,0.9917808219178083,annual
40748,2016,278.97,12.721169916434539,366,359,366,366,0.9808743169398907,annual
40748,2017,236.92000000000002,12.994444444444444,365,360,365,365,0.9863013698630136,annual
40748,2018,458.24,13.398888888888889,365,360,365,365,0.9863013698630136,annual
40748,2019,427.63,12.368421052631579,365,361,365,365,0.989041095890411,annual
40748,2020,413.14,11.959663865546219,366,357,366,366,0.9754098360655737,annual
40748,2021,196.01999999999998,14.058263305322129,365,357,365,365,0.9780821917808219,annual
40748,2022,229.66000000000003,13.184254143646408,365,362,365,365,0.9917808219178083,annual
40748,2023,420.74,12.833972602739726,365,365,365,365,1.0,annual
40748,2024,442.54,13.020218579234971,366,366,366,366,1.0,annual
40749,1991,407.75,9.112054794520548,365,365,365,365,1.0,annual
40749,1992,451.59,6.963387978142077,366,366,366,366,1.0,annual
40749,1993,616.48,7.471506849315068,365,365,365,365,1.0,annual
40749,1994,507.45,9.156164383561643,365,365,365,365,1.0,annual
40749,1995,436.0,8.306849315068494,365,365,365,365,1.0,annual
40749,1996,370.89,8.313972602739726,366,365,366,366,0.9972677595628415,annual
40749,1997,389.77,7.678630136986301,365,365,365,365,1.0,annual
40749,1998,416.5,9.674246575342465,365,365,365,365,1.0,annual
40749,1999,265.7,8.951780821917808,365,365,365,365,1.0,annual
40749,2000,328.15,8.167213114754098,366,366,366,366,1.0,annual
40749,2001,286.16999999999996,8.925205479452055,365,365,365,365,1.0,annual
40749,2002,417.45000000000005,8.346849315068493,365,365,365,365,1.0,annual
40749,2003,422.59000000000003,8.13041095890411,365,365,365,365,1.0,annual
40749,2004,472.34999999999997,8.237808219178083,366,365,366,366,0.9972677595628415,annual
40749,2005,333.56000000000006,8.392054794520547,365,365,365,365,1.0,annual
40749,2006,449.14,8.495054945054944,365,364,365,365,0.9972602739726028,annual
40749,2007,426.96,7.953150684931507,365,365,365,365,1.0,annual
40749,2008,219.38,8.240983606557377,366,366,366,366,1.0,annual
40749,2009,385.96999999999997,8.086027397260274,365,365,365,365,1.0,annual
40749,2010,288.21999999999997,10.48931506849315,365,365,365,365,1.0,annual
40749,2011,414.24,8.273424657534248,365,365,365,365,1.0,annual
40749,2012,388.8,8.27704918032787,366,366,366,366,1.0,annual
40749,2013,348.73,9.25376044568245,365,359,365,365,0.9835616438356164,annual
40749,2014,319.71000000000004,9.291135734072022,365,361,365,365,0.989041095890411,annual
40749,2015,325.3,9.603314917127072,365,362,365,365,0.9917808219178083,annual
40749,2016,273.87,9.467977528089888,366,356,366,366,0.9726775956284153,annual
40749,2017,261.13,9.634722222222223,365,360,365,365,0.9863013698630136,annual
40749,2018,534.8199999999999,10.17388888888889,365,360,365,365,0.9863013698630136,annual
40749,2019,460.94000000000005,8.88076923076923,365,364,365,365,0.9972602739726028,annual
40749,2020,398.89000000000004,9.058543417366947,366,357,366,366,0.9754098360655737,annual
40749,2021,197.65000000000003,10.726610644257704,365,357,365,365,0.9780821917808219,annual
40749,2022,342.82,9.754945054945056,365,364,365,365,0.9972602739726028,annual
40749,2023,381.83000000000004,9.325753424657535,365,365,365,365,1.0,annual
40749,2024,410.15,9.415300546448087,365,366,366,366,0.9972677595628415,annual
40751,1991,425.82,14.699175824175825,365,364,365,365,0.9972602739726028,annual
40751,1992,518.8499999999999,13.398907103825136,366,366,366,366,1.0,annual
40751,1993,487.28999999999996,14.493150684931507,365,365,365,365,1.0,annual
40751,1994,477.09000000000003,15.287397260273972,365,365,365,365,1.0,annual
40751,1995,233.26,15.554670329670328,365,364,365,365,0.9972602739726028,annual
40751,1996,641.3700000000001,14.696448087431692,366,366,366,366,1.0,annual
40751,1997,269.72,15.387123287671233,365,365,365,365,1.0,annual
40751,1998,446.81000000000006,15.89724517906336,365,363,365,365,0.9945205479452055,annual
40751,1999,341.5,15.912876712328767,365,365,365,365,1.0,annual
40751,2000,383.05999999999995,15.819672131147541,366,366,366,366,1.0,annual
40751,2001,302.13,16.486301369863014,365,365,365,365,1.0,annual
40751,2002,489.22,16.08958904109589,365,365,365,365,1.0,annual
40751,2003,549.27,15.49123287671233,365,365,365,365,1.0,annual
40751,2004,471.29,15.652185792349727,366,366,366,366,1.0,annual
40751,2005,490.09,15.701917808219177,365,365,365,365,1.0,annual
40751,2006,506.27,15.93095890410959,365,365,365,365,1.0,annual
40751,2007,488.79999999999995,15.545205479452054,365,365,365,365,1.0,annual
40751,2008,257.75,15.917213114754098,366,366,366,366,1.0,annual
40751,2009,380.34000000000003,15.806849315068494,365,365,365,365,1.0,annual
40751,2010,306.63,17.425479452054795,365,365,365,365,1.0,annual
40751,2011,657.86,15.776438356164382,365,365,365,365,1.0,annual
40751,2012,433.36,15.635245901639344,366,366,366,366,1.0,annual
40751,2013,356.49,16.71917808219178,365,365,365,365,1.0,annual
40751,2014,283.26000000000005,16.61191135734072,365,361,365,365,0.989041095890411,annual
40751,2015,413.9599999999999,16.871629213483146,363,356,365,365,0.9753424657534246,annual
40751,2016,300.02,16.79168975069252,366,361,366,366,0.9863387978142076,annual
40751,2017,312.64,16.543370165745856,365,362,365,365,0.9917808219178083,annual
40751,2018,528.6199999999999,16.805540166204988,365,361,365,365,0.989041095890411,annual
40751,2019,501.5,16.30139664804469,365,358,365,365,0.9808219178082191,annual
40751,2020,712.72,15.823676880222841,366,359,366,366,0.9808743169398907,annual
40751,2021,352.23,17.501108033240996,365,361,365,365,0.989041095890411,annual
40751,2022,285.02,17.192265193370165,365,362,365,365,0.9917808219178083,annual
40751,2023,375.69,17.47138888888889,365,360,365,365,0.9863013698630136,annual
40751,2024,390.8,17.120221606648197,361,361,366,366,0.9863387978142076,annual
40752,1991,265.62,15.348219178082193,365,365,365,365,1.0,annual
40752,1992,293.82,14.469125683060108,366,366,366,366,1.0,annual
40752,1993,251.59,15.343561643835615,365,365,365,365,1.0,annual
40752,1994,330.14,15.926849315068493,365,365,365,365,1.0,annual
40752,1995,181.59,16.813424657534245,365,365,365,365,1.0,annual
40752,1996,315.1,15.777595628415302,366,366,366,366,1.0,annual
40752,1997,142.86,16.651780821917807,365,365,365,365,1.0,annual
40752,1998,265.34,16.738630136986302,365,365,365,365,1.0,annual
40752,1999,182.02,17.134520547945208,365,365,365,365,1.0,annual
40752,2000,240.2,16.87650273224044,366,366,366,366,1.0,annual
40752,2001,171.56,17.520273972602737,365,365,365,365,1.0,annual
40752,2002,262.18,17.031232876712327,365,365,365,365,1.0,annual
40752,2003,268.5,16.45205479452055,365,365,365,365,1.0,annual
40752,2004,271.11,16.829781420765027,366,366,366,366,1.0,annual
40752,2005,266.63,16.826575342465752,365,365,365,365,1.0,annual
40752,2006,355.24,15.953150684931506,365,365,365,365,1.0,annual
40752,2007,392.59,15.23972602739726,365,365,365,365,1.0,annual
40752,2008,167.99,15.141803278688524,366,366,366,366,1.0,annual
40752,2009,263.83,15.292602739726028,365,365,365,365,1.0,annual
40752,2010,243.64,17.09178082191781,365,365,365,365,1.0,annual
40752,2011,413.02000000000004,14.781917808219177,365,365,365,365,1.0,annual
40752,2012,306.45,15.313698630136987,366,365,366,366,0.9972677595628415,annual
40752,2013,156.76000000000002,15.674794520547946,365,365,365,365,1.0,annual
40752,2014,155.5,16.147252747252747,364,364,365,365,0.9972602739726028,annual
40752,2015,191.70999999999998,16.450415512465376,365,361,365,365,0.989041095890411,annual
40752,2016,148.04999999999998,16.24585635359116,365,362,366,366,0.9890710382513661,annual
40752,2017,164.88,16.286263736263734,365,364,365,365,0.9972602739726028,annual
40752,2018,315.21999999999997,16.865013774104682,365,363,365,365,0.9945205479452055,annual
40752,2019,355.10999999999996,15.791689750692521,365,361,365,365,0.989041095890411,annual
40752,2020,465.34000000000003,15.424157303370787,366,356,366,366,0.9726775956284153,annual
40752,2021,217.92999999999998,17.164462809917357,365,363,365,365,0.9945205479452055,annual
40752,2022,117.27999999999999,16.733241758241757,365,364,365,365,0.9972602739726028,annual
40752,2023,201.63000000000002,16.873150684931506,365,365,365,365,1.0,annual
40752,2024,212.21000000000004,16.422677595628414,366,366,366,366,1.0,annual
40754,1991,287.26,17.297260273972604,365,365,365,365,1.0,annual
40754,1992,255.79999999999998,16.019945355191258,366,366,366,366,1.0,annual
40754,1993,275.65,16.905205479452054,365,365,365,365,1.0,annual
40754,1994,314.59000000000003,17.702465753424658,365,365,365,365,1.0,annual
40754,1995,138.64,18.36794520547945,365,365,365,365,1.0,annual
40754,1996,351.71000000000004,17.507377049180327,366,366,366,366,1.0,annual
40754,1997,144.79000000000002,18.28246575342466,365,365,365,365,1.0,annual
40754,1998,238.67999999999998,18.69150684931507,365,365,365,365,1.0,annual
40754,1999,173.42000000000002,18.674246575342465,365,365,365,365,1.0,annual
40754,2000,195.76,18.527595628415302,366,366,366,366,1.0,annual
40754,2001,174.0,19.175342465753424,365,365,365,365,1.0,annual
40754,2002,298.26,18.83945205479452,365,365,365,365,1.0,annual
40754,2003,294.78999999999996,18.160164835164835,365,364,365,365,0.9972602739726028,annual
40754,2004,311.64,18.564754098360655,366,366,366,366,1.0,annual
40754,2005,272.84,18.704109589041096,365,365,365,365,1.0,annual
40754,2006,290.03999999999996,18.853698630136986,365,365,365,365,1.0,annual
40754,2007,304.21000000000004,18.332876712328765,365,365,365,365,1.0,annual
40754,2008,150.24,18.256284153005463,366,366,366,366,1.0,annual
40754,2009,213.82,18.068493150684933,365,365,365,365,1.0,annual
40754,2010,183.42,19.578904109589043,365,365,365,365,1.0,annual
40754,2011,355.64,17.794246575342466,365,365,365,365,1.0,annual
40754,2012,239.62,17.80109289617486,366,366,366,366,1.0,annual
40754,2013,157.66,18.514794520547945,365,365,365,365,1.0,annual
40754,2014,118.3,18.65426997245179,365,363,365,365,0.9945205479452055,annual
40754,2015,205.4,18.95524861878453,365,362,365,365,0.9917808219178083,annual
40754,2016,151.08999999999997,18.907734806629836,366,362,366,366,0.9890710382513661,annual
40754,2017,165.24999999999997,18.891184573002754,365,363,365,365,0.9945205479452055,annual
40754,2018,252.0,19.29667590027701,365,361,365,365,0.989041095890411,annual
40754,2019,325.44,18.660614525139664,365,358,365,365,0.9808219178082191,annual
40754,2020,437.34000000000003,17.879558011049724,366,362,366,366,0.9890710382513661,annual
40754,2021,148.39,19.749447513812154,365,362,365,365,0.9917808219178083,annual
40754,2022,128.06,19.490909090909092,365,363,365,365,0.9945205479452055,annual
40754,2023,161.66,19.425479452054795,365,365,365,365,1.0,annual
40754,2024,154.61,18.94535519125683,365,366,366,366,0.9972677595628415,annual
40755,1991,439.33,7.8441095890410955,365,365,365,365,1.0,annual
40755,1992,688.5500000000001,6.031967213114753,366,366,366,366,1.0,annual
40755,1993,677.8800000000001,7.502191780821918,365,365,365,365,1.0,annual
40755,1994,623.94,9.24082191780822,364,365,365,365,0.9972602739726028,annual
40755,1995,368.08,9.678082191780822,365,365,365,365,1.0,annual
40755,1996,670.0699999999999,7.89535519125683,366,366,366,366,1.0,annual
40755,1997,354.0,9.65808219178082,365,365,365,365,1.0,annual
40755,1998,561.1300000000001,10.344383561643836,365,365,365,365,1.0,annual
40755,1999,431.80000000000007,10.364109589041096,365,365,365,365,1.0,annual
40755,2000,441.12,10.10983606557377,366,366,366,366,1.0,annual
40755,2001,429.53,10.92027397260274,365,365,365,365,1.0,annual
40755,2002,557.1800000000001,10.352054794520548,365,365,365,365,1.0,annual
40755,2003,599.4999999999999,9.922191780821917,365,365,365,365,1.0,annual
40755,2004,630.42,9.971311475409836,366,366,366,366,1.0,annual
40755,2005,611.86,10.124109589041096,365,365,365,365,1.0,annual
40755,2006,713.8,10.18958904109589,365,365,365,365,1.0,annual
40755,2007,620.21,9.487945205479452,365,365,365,365,1.0,annual
40755,2008,305.3299999999999,10.008196721311476,366,366,366,366,1.0,annual
40755,2009,537.23,9.716986301369863,365,365,365,365,1.0,annual
40755,2010,439.67,10.89917808219178,365,365,365,365,1.0,annual
40755,2011,889.69,8.204120879120879,365,364,365,365,0.9972602739726028,annual
40755,2012,650.5,7.809016393442623,366,366,366,366,1.0,annual
40755,2013,395.72,8.990136986301371,365,365,365,365,1.0,annual
40755,2014,377.49,8.998050139275767,365,359,365,365,0.9835616438356164,annual
40755,2015,590.3,9.33611111111111,365,360,365,365,0.9863013698630136,annual
40755,2016,643.64,9.293296089385475,365,358,366,366,0.9781420765027322,annual
40755,2017,573.42,9.289915966386555,365,357,365,365,0.9780821917808219,annual
40755,2018,665.15,9.619047619047619,365,357,365,365,0.9780821917808219,annual
40755,2019,652.8299999999999,8.821944444444444,365,360,365,365,0.9863013698630136,annual
40755,2020,716.21,8.430277777777778,366,360,366,366,0.9836065573770492,annual
40755,2021,322.8,10.327374301675977,365,358,365,365,0.9808219178082191,annual
40755,2022,355.03000000000003,9.798055555555557,365,360,365,365,0.9863013698630136,annual
40755,2023,382.7,9.934986225895317,364,363,365,365,0.9945205479452055,annual
40755,2024,377.87000000000006,9.257223796033994,356,353,366,366,0.9644808743169399,annual
40757,1991,197.82,17.445753424657532,365,365,365,365,1.0,annual
40757,1992,113.52999999999999,16.224383561643833,366,365,366,366,0.9972677595628415,annual
40757,1993,135.78,17.074520547945205,365,365,365,365,1.0,annual
40757,1994,137.98000000000002,18.008219178082193,365,365,365,365,1.0,annual
40757,1995,73.11000000000001,18.45671232876712,365,365,365,365,1.0,annual
40757,1996,251.1,17.714207650273224,366,366,366,366,1.0,annual
40757,1997,73.54,18.43068493150685,365,365,365,365,1.0,annual
40757,1998,157.32,18.876986301369865,365,365,365,365,1.0,annual
40757,1999,128.57999999999998,18.85945205479452,365,365,365,365,1.0,annual
40757,2000,140.54999999999998,18.687978142076503,366,366,366,366,1.0,annual
40757,2001,69.67999999999999,19.22082191780822,365,365,365,365,1.0,annual
40757,2002,165.58,18.57178082191781,365,365,365,365,1.0,annual
40757,2003,163.10000000000002,18.092307692307692,365,364,365,365,0.9972602739726028,annual
40757,2004,205.76999999999998,18.266939890710383,366,366,366,366,1.0,annual
40757,2005,134.11,18.311232876712328,365,365,365,365,1.0,annual
40757,2006,180.53,18.784383561643835,365,365,365,365,1.0,annual
40757,2007,241.18,17.888493150684933,365,365,365,365,1.0,annual
40757,2008,58.07000000000001,18.410655737704918,366,366,366,366,1.0,annual
40757,2009,124.42,18.326027397260273,365,365,365,365,1.0,annual
40757,2010,92.15,19.670684931506848,365,365,365,365,1.0,annual
40757,2011,163.3,18.315068493150687,365,365,365,365,1.0,annual
40757,2012,149.17000000000002,17.89426229508197,366,366,366,366,1.0,annual
40757,2013,105.64,19.12857142857143,365,364,365,365,0.9972602739726028,annual
40757,2014,91.92,18.934615384615384,365,364,365,365,0.9972602739726028,annual
40757,2015,123.34,19.263561643835615,365,365,365,365,1.0,annual
40757,2016,119.91999999999999,19.188219178082193,366,365,366,366,0.9972677595628415,annual
40757,2017,74.56,19.305769230769233,365,364,365,365,0.9972602739726028,annual
40757,2018,123.13,19.6878453038674,365,362,365,365,0.9917808219178083,annual
40757,2019,174.71,18.989256198347107,365,363,365,365,0.9945205479452055,annual
40757,2020,160.70000000000002,18.487845303867406,366,362,366,366,0.9890710382513661,annual
40757,2021,83.59,20.006906077348066,365,362,365,365,0.9917808219178083,annual
40757,2022,65.75,19.922314049586777,365,363,365,365,0.9945205479452055,annual
40757,2023,81.6,19.832876712328765,365,365,365,365,1.0,annual
40757,2024,82.94,19.399444444444445,365,360,366,366,0.9836065573770492,annual
40758,1991,132.57,17.793150684931508,365,365,365,365,1.0,annual
40758,1992,143.4,16.75054644808743,366,366,366,366,1.0,annual
40758,1993,138.77999999999997,17.96904109589041,365,365,365,365,1.0,annual
40758,1994,143.36,20.16054794520548,365,365,365,365,1.0,annual
40758,1995,44.23,20.953432835820895,335,335,365,365,0.9178082191780822,annual
40758,1996,171.53,18.106284153005465,366,366,366,366,1.0,annual
40758,1997,53.61,18.827671232876714,365,365,365,365,1.0,annual
40758,1998,130.49,19.262465753424657,365,365,365,365,1.0,annual
40758,1999,116.23999999999998,19.29945205479452,365,365,365,365,1.0,annual
40758,2000,115.17,19.1,366,366,366,366,1.0,annual
40758,2001,100.8,19.646849315068494,365,365,365,365,1.0,annual
40758,2002,142.9,19.415068493150685,365,365,365,365,1.0,annual
40758,2003,158.42999999999998,18.801917808219176,365,365,365,365,1.0,annual
40758,2004,154.4,19.12650273224044,366,366,366,366,1.0,annual
40758,2005,129.72,19.173901098901098,365,364,365,365,0.9972602739726028,annual
40758,2006,131.07999999999998,20.242191780821916,365,365,365,365,1.0,annual
40758,2007,164.90000000000003,19.513698630136986,365,365,365,365,1.0,annual
40758,2008,57.89999999999999,19.669945355191256,366,366,366,366,1.0,annual
40758,2009,95.0,19.76054794520548,365,365,365,365,1.0,annual
40758,2010,91.41,20.925479452054795,365,365,365,365,1.0,annual
40758,2011,136.10000000000002,19.584657534246574,365,365,365,365,1.0,annual
40758,2012,123.45,19.32295081967213,366,366,366,366,1.0,annual
40758,2013,69.26,20.15426997245179,365,363,365,365,0.9945205479452055,annual
40758,2014,41.73,20.030494505494506,365,364,365,365,0.9972602739726028,annual
40758,2015,83.2,20.391184573002754,365,363,365,365,0.9945205479452055,annual
40758,2016,76.53,20.129395604395604,366,364,366,366,0.994535519125683,annual
40758,2017,101.46000000000001,20.072802197802197,365,364,365,365,0.9972602739726028,annual
40758,2018,99.58000000000001,20.614640883977902,365,362,365,365,0.9917808219178083,annual
40758,2019,172.36999999999998,19.932782369146008,365,363,365,365,0.9945205479452055,annual
40758,2020,274.37,19.427298050139274,366,359,366,366,0.9808743169398907,annual
40758,2021,54.67999999999999,20.81917808219178,365,365,365,365,1.0,annual
40758,2022,57.89999999999999,20.96814404432133,365,361,365,365,0.989041095890411,annual
40758,2023,111.35,20.815151515151513,365,363,365,365,0.9945205479452055,annual
40758,2024,151.57999999999998,20.465193370165746,365,362,366,366,0.9890710382513661,annual
40762,1991,357.99,13.28027397260274,365,365,365,365,1.0,annual
40762,1992,365.43,12.297540983606556,366,366,366,366,1.0,annual
40762,1993,368.32,13.053424657534247,365,365,365,365,1.0,annual
40762,1994,236.61,13.888186813186813,365,364,365,365,0.9972602739726028,annual
40762,1995,258.03000000000003,13.96931506849315,365,365,365,365,1.0,annual
40762,1996,280.7,13.383013698630137,365,365,366,366,0.9972677595628415,annual
40762,1997,261.81,13.855890410958903,365,365,365,365,1.0,annual
40762,1998,350.28000000000003,14.617857142857142,365,364,365,365,0.9972602739726028,annual
40762,1999,312.16,14.247945205479452,365,365,365,365,1.0,annual
40762,2000,198.27999999999997,14.523013698630136,366,365,366,366,0.9972677595628415,annual
40762,2001,115.85999999999999,15.156712328767123,365,365,365,365,1.0,annual
40762,2002,237.64000000000001,14.867671232876711,365,365,365,365,1.0,annual
40762,2003,248.91,14.01620879120879,365,364,365,365,0.9972602739726028,annual
40762,2004,313.02,14.651366120218578,366,366,366,366,1.0,annual
40762,2005,256.95,14.217857142857143,365,364,365,365,0.9972602739726028,annual
40762,2006,184.14000000000001,15.195890410958905,365,365,365,365,1.0,annual
40762,2007,233.07999999999998,14.133150684931508,365,365,365,365,1.0,annual
40762,2008,82.1,14.417808219178083,366,365,366,366,0.9972677595628415,annual
40762,2009,326.90000000000003,14.401369863013699,365,365,365,365,1.0,annual
40762,2010,191.35999999999999,15.409065934065934,365,364,365,365,0.9972602739726028,annual
40762,2011,151.69,14.567945205479452,365,365,365,365,1.0,annual
40762,2012,390.74999999999994,13.886065573770493,366,366,366,366,1.0,annual
40762,2013,182.66,15.340168539325843,365,356,365,365,0.9753424657534246,annual
40762,2014,158.75,14.615833333333333,365,360,365,365,0.9863013698630136,annual
40762,2015,229.40999999999997,15.319777158774373,365,359,365,365,0.9835616438356164,annual
40762,2016,213.57999999999998,15.601662049861496,366,361,366,366,0.9863387978142076,annual
40762,2017,181.19,15.375277777777779,365,360,365,365,0.9863013698630136,annual
40762,2018,197.62,15.360833333333332,365,360,365,365,0.9863013698630136,annual
40762,2019,261.55,15.007458563535911,365,362,365,365,0.9917808219178083,annual
40762,2020,392.8,13.945454545454545,366,363,366,366,0.9918032786885246,annual
40762,2021,142.04999999999998,15.85524861878453,365,362,365,365,0.9917808219178083,annual
40762,2022,159.94000000000003,15.837362637362638,365,364,365,365,0.9972602739726028,annual
40762,2023,118.84,16.339178082191783,365,365,365,365,1.0,annual
40762,2024,205.04000000000002,15.434972677595628,366,366,366,366,1.0,annual
40763,1991,244.83999999999997,18.644931506849314,365,365,365,365,1.0,annual
40763,1992,299.15,17.567486338797814,366,366,366,366,1.0,annual
40763,1993,293.35,18.355342465753424,365,365,365,365,1.0,annual
40763,1994,159.87,19.39643835616438,365,365,365,365,1.0,annual
40763,1995,249.17,19.373150684931506,365,365,365,365,1.0,annual
40763,1996,190.23000000000002,18.861475409836068,366,366,366,366,1.0,annual
40763,1997,191.61,19.33753424657534,365,365,365,365,1.0,annual
40763,1998,247.51,19.951780821917808,364,365,365,365,0.9972602739726028,annual
40763,1999,235.39,19.81150684931507,365,365,365,365,1.0,annual
40763,2000,145.78,18.411202185792348,366,366,366,366,1.0,annual
40763,2001,114.66999999999999,19.145479452054797,365,365,365,365,1.0,annual
40763,2002,194.26000000000002,18.75220994475138,365,362,365,365,0.9917808219178083,annual
40763,2003,172.63000000000002,17.91041095890411,365,365,365,365,1.0,annual
40763,2004,226.93,18.350273224043715,366,366,366,366,1.0,annual
40763,2005,162.03,18.095616438356164,365,365,365,365,1.0,annual
40763,2006,150.64,18.865753424657534,365,365,365,365,1.0,annual
40763,2007,207.2,17.856986301369865,365,365,365,365,1.0,annual
40763,2008,64.61,18.165846994535517,366,366,366,366,1.0,annual
40763,2009,254.84000000000003,18.083013698630136,365,365,365,365,1.0,annual
40763,2010,136.52,19.104383561643836,365,365,365,365,1.0,annual
40763,2011,142.49,18.30054794520548,365,365,365,365,1.0,annual
40763,2012,218.01999999999998,17.387945205479454,366,365,366,366,0.9972677595628415,annual
40763,2013,145.65999999999997,19.030640668523677,365,359,365,365,0.9835616438356164,annual
40763,2014,153.32,18.38296089385475,365,358,365,365,0.9808219178082191,annual
40763,2015,149.25,19.014088397790058,365,362,365,365,0.9917808219178083,annual
40763,2016,157.2,19.415469613259667,366,362,366,366,0.9890710382513661,annual
40763,2017,147.2,19.23259668508287,365,362,365,365,0.9917808219178083,annual
40763,2018,160.32,19.200555555555557,365,360,365,365,0.9863013698630136,annual
40763,2019,274.02,18.755774647887325,365,355,365,365,0.9726027397260274,annual
40763,2020,354.65999999999997,17.66861111111111,366,360,366,366,0.9836065573770492,annual
40763,2021,109.31,19.503333333333334,365,360,365,365,0.9863013698630136,annual
40763,2022,83.59,19.593646408839778,365,362,365,365,0.9917808219178083,annual
40763,2023,85.31,19.966301369863015,365,365,365,365,1.0,annual
40763,2024,217.07999999999998,18.92704918032787,366,366,366,366,1.0,annual
40764,1991,556.9,15.500295857988167,363,338,365,365,0.9260273972602739,annual
40764,1992,609.43,13.345945945945946,366,333,366,366,0.9098360655737705,annual
40764,1993,611.91,14.562750716332378,365,349,365,365,0.9561643835616438,annual
40764,1994,788.6699999999998,15.438662790697673,365,344,365,365,0.9424657534246575,annual
40764,1995,414.84000000000003,15.107122507122508,365,351,365,365,0.9616438356164384,annual
40764,1996,618.6999999999999,15.739766081871345,366,342,366,366,0.9344262295081968,annual
40764,1997,602.8699999999999,15.111976047904191,365,334,365,365,0.915068493150685,annual
40764,1998,535.01,16.316969696969696,365,330,365,365,0.9041095890410958,annual
40764,1999,333.57,16.489117647058823,365,340,365,365,0.9315068493150684,annual
40764,2000,399.45000000000005,15.839940828402366,366,338,366,366,0.9234972677595629,annual
40764,2001,360.10999999999996,16.76,365,330,365,365,0.9041095890410958,annual
40764,2002,569.64,15.579879879879881,365,333,365,365,0.9123287671232877,annual
40764,2003,595.99,16.1858024691358,365,324,365,365,0.8876712328767123,annual
40764,2004,498.33000000000004,15.853958944281525,366,341,366,366,0.9316939890710383,annual
40764,2005,527.72,15.95892857142857,365,336,365,365,0.9205479452054794,annual
40764,2006,689.6999999999999,15.274794520547946,365,365,365,365,1.0,annual
40764,2007,417.45000000000005,15.2413698630137,365,365,365,365,1.0,annual
40764,2008,348.23,15.412328767123288,366,365,366,366,0.9972677595628415,annual
40764,2009,493.88,14.7489010989011,365,364,365,365,0.9972602739726028,annual
40764,2010,479.67999999999995,16.774520547945205,365,365,365,365,1.0,annual
40764,2011,474.6600000000001,14.740384615384615,365,364,365,365,0.9972602739726028,annual
40764,2012,328.82,16.985901639344263,361,305,366,366,0.8333333333333334,annual
40764,2013,467.54999999999995,15.656593406593407,365,364,365,365,0.9972602739726028,annual
40764,2014,328.7,15.849303621169915,365,359,365,365,0.9835616438356164,annual
40764,2015,570.4300000000001,16.278116343490304,365,361,365,365,0.989041095890411,annual
40764,2016,559.6700000000001,15.90876712328767,366,365,366,366,0.9972677595628415,annual
40764,2017,549.54,15.970914127423823,365,361,365,365,0.989041095890411,annual
40764,2018,840.29,16.475138121546962,365,362,365,365,0.9917808219178083,annual
40764,2019,701.26,15.881586402266288,365,353,365,365,0.9671232876712329,annual
40764,2020,573.5799999999999,16.112222222222222,366,360,366,366,0.9836065573770492,annual
40764,2021,213.12,17.300552486187847,365,362,365,365,0.9917808219178083,annual
40764,2022,354.47,16.661707988980716,365,363,365,365,0.9945205479452055,annual
40764,2023,621.96,16.18453038674033,365,362,365,365,0.9917808219178083,annual
40764,2024,903.41,16.621369863013697,366,365,366,366,0.9972677595628415,annual
40765,1991,539.9000000000001,20.003188405797104,364,345,365,365,0.9452054794520548,annual
40765,1992,535.05,18.561095100864552,366,347,366,366,0.9480874316939891,annual
40765,1993,466.99,19.614245014245014,365,351,365,365,0.9616438356164384,annual
40765,1994,599.66,20.303107344632767,365,354,365,365,0.9698630136986301,annual
40765,1995,347.90000000000003,19.620891364902505,365,359,365,365,0.9835616438356164,annual
40765,1996,395.31000000000006,20.796892655367234,366,354,366,366,0.9672131147540983,annual
40765,1997,535.5900000000001,19.429142857142857,365,350,365,365,0.958904109589041,annual
40765,1998,398.49,21.092351274787536,365,353,365,365,0.9671232876712329,annual
40765,1999,272.73,20.858888888888888,365,360,365,365,0.9863013698630136,annual
40765,2000,379.55999999999995,20.674358974358974,366,351,366,366,0.9590163934426229,annual
40765,2001,342.23,20.978347578347577,365,351,365,365,0.9616438356164384,annual
40765,2002,525.05,20.70344827586207,365,348,365,365,0.9534246575342465,annual
40765,2003,412.11,20.71391304347826,365,345,365,365,0.9452054794520548,annual
40765,2004,344.44,20.61060171919771,366,349,366,366,0.953551912568306,annual
40765,2005,443.18000000000006,20.611079545454547,365,352,365,365,0.9643835616438357,annual
40765,2006,444.43000000000006,20.587637362637363,365,364,365,365,0.9972602739726028,annual
40765,2007,293.74,20.46565934065934,365,364,365,365,0.9972602739726028,annual
40765,2008,289.39000000000004,20.97624309392265,366,362,366,366,0.9890710382513661,annual
40765,2009,362.69999999999993,20.40467032967033,365,364,365,365,0.9972602739726028,annual
40765,2010,386.29999999999995,22.066575342465754,365,365,365,365,1.0,annual
40765,2011,385.09000000000003,20.170604395604396,365,364,365,365,0.9972602739726028,annual
40765,2012,304.21,22.661355932203392,361,295,366,366,0.8060109289617486,annual
40765,2013,434.40000000000003,20.48186813186813,365,364,365,365,0.9972602739726028,annual
40765,2014,327.28999999999996,21.025588235294116,365,340,365,365,0.9315068493150684,annual
40765,2015,446.07000000000005,21.324719101123595,365,356,365,365,0.9753424657534246,annual
40765,2016,390.93,21.056986301369864,366,365,366,366,0.9972677595628415,annual
40765,2017,250.28000000000003,21.790379008746356,354,343,365,365,0.9397260273972603,annual
40765,2018,773.76,21.878888888888888,365,360,365,365,0.9863013698630136,annual
40765,2019,643.37,20.84804469273743,365,358,365,365,0.9808219178082191,annual
40765,2020,443.1,21.44258241758242,366,364,366,366,0.994535519125683,annual
40765,2021,178.57,22.041643835616437,365,365,365,365,1.0,annual
40765,2022,247.85000000000002,21.414794520547943,365,365,365,365,1.0,annual
40765,2023,353.25,21.568681318681318,362,364,365,365,0.9917808219178083,annual
40765,2024,566.24,21.834246575342465,365,365,366,366,0.9972677595628415,annual
40766,1991,474.36,15.59882697947214,365,341,365,365,0.9342465753424658,annual
40766,1992,475.15999999999997,13.665191740412979,366,339,366,366,0.9262295081967213,annual
40766,1993,587.88,14.816763005780349,365,346,365,365,0.947945205479452,annual
40766,1994,694.65,15.486571428571429,365,350,365,365,0.958904109589041,annual
40766,1995,215.96,15.025761772853187,365,361,365,365,0.989041095890411,annual
40766,1996,518.46,15.821529745042493,366,353,366,366,0.9644808743169399,annual
40766,1997,437.63,15.087464387464387,365,351,365,365,0.9616438356164384,annual
40766,1998,357.94,16.371633237822348,365,349,365,365,0.9561643835616438,annual
40766,1999,314.8,16.540509915014166,365,353,365,365,0.9671232876712329,annual
40766,2000,352.56,15.805665722379603,366,353,366,366,0.9644808743169399,annual
40766,2001,327.90000000000003,16.413999999999998,365,350,365,365,0.958904109589041,annual
40766,2002,398.92999999999995,15.888011695906432,365,342,365,365,0.936986301369863,annual
40766,2003,443.73,16.21014925373134,365,335,365,365,0.9178082191780822,annual
40766,2004,383.64000000000004,15.871014492753623,366,345,366,366,0.9426229508196722,annual
40766,2005,384.93000000000006,16.20991253644315,365,343,365,365,0.9397260273972603,annual
40766,2006,465.28,15.816712328767125,365,365,365,365,1.0,annual
40766,2007,378.68,15.415934065934065,365,364,365,365,0.9972602739726028,annual
40766,2008,305.13,15.636338797814206,366,366,366,366,1.0,annual
40766,2009,381.52,15.038461538461538,365,364,365,365,0.9972602739726028,annual
40766,2010,346.87,16.88815426997245,365,363,365,365,0.9945205479452055,annual
40766,2011,442.89,15.282644628099174,365,363,365,365,0.9945205479452055,annual
40766,2012,388.11,15.705191256830602,366,366,366,366,1.0,annual
40766,2013,358.93999999999994,15.546575342465754,365,365,365,365,1.0,annual
40766,2014,357.38,15.628205128205128,365,351,365,365,0.9616438356164384,annual
40766,2015,363.82,16.36758241758242,365,364,365,365,0.9972602739726028,annual
40766,2016,463.82000000000005,15.72841225626741,366,359,366,366,0.9808743169398907,annual
40766,2017,362.35999999999996,16.276539589442816,365,341,365,365,0.9342465753424658,annual
40766,2018,626.61,16.784900284900285,364,351,365,365,0.9616438356164384,annual
40766,2019,561.25,15.952225519287833,364,337,365,365,0.9232876712328767,annual
40766,2020,409.45,16.250980392156865,366,357,366,366,0.9754098360655737,annual
40766,2021,191.60000000000002,16.936740331491713,365,362,365,365,0.9917808219178083,annual
40766,2022,238.09000000000003,16.86831955922865,365,363,365,365,0.9945205479452055,annual
40766,2023,367.80999999999995,15.922402597402598,357,308,365,365,0.8438356164383561,annual
40766,2024,340.4,16.51432664756447,357,349,366,366,0.953551912568306,annual
40768,1991,270.35999999999996,12.061261261261262,365,333,365,365,0.9123287671232877,annual
40768,1992,420.22999999999996,9.657575757575758,366,330,366,366,0.9016393442622951,annual
40768,1993,299.44,11.588856304985338,365,341,365,365,0.9342465753424658,annual
40768,1994,481.35,12.126666666666667,365,345,365,365,0.9452054794520548,annual
40768,1995,219.84,11.84441340782123,365,358,365,365,0.9808219178082191,annual
40768,1996,303.44,12.227138643067846,366,339,366,366,0.9262295081967213,annual
40768,1997,256.44,12.418475073313783,365,341,365,365,0.9342465753424658,annual
40768,1998,278.24,12.838690476190477,365,336,365,365,0.9205479452054794,annual
40768,1999,250.14,13.020057306590259,365,349,365,365,0.9561643835616438,annual
40768,2000,318.94000000000005,12.120930232558141,366,344,366,366,0.9398907103825137,annual
40768,2001,225.72,12.576986301369864,365,365,365,365,1.0,annual
40768,2002,299.73,11.988767123287671,365,365,365,365,1.0,annual
40768,2003,441.81000000000006,12.08027397260274,365,365,365,365,1.0,annual
40768,2004,368.13,12.07103825136612,366,366,366,366,1.0,annual
40768,2005,289.90999999999997,11.641643835616438,365,365,365,365,1.0,annual
40768,2006,305.15,12.06904109589041,365,365,365,365,1.0,annual
40768,2007,352.73,11.82182320441989,365,362,365,365,0.9917808219178083,annual
40768,2008,233.66000000000003,11.587158469945354,366,366,366,366,1.0,annual
40768,2009,389.09,12.218356164383561,365,365,365,365,1.0,annual
40768,2010,302.46,13.767123287671232,365,365,365,365,1.0,annual
40768,2011,348.69,12.22944606413994,365,343,365,365,0.9397260273972603,annual
40768,2012,247.45,12.596242774566475,366,346,366,366,0.9453551912568307,annual
40768,2013,268.40000000000003,12.403846153846153,365,364,365,365,0.9972602739726028,annual
40768,2014,201.63,12.629768786127167,365,346,365,365,0.947945205479452,annual
40768,2015,242.43,13.475428571428571,365,350,365,365,0.958904109589041,annual
40768,2016,256.5,12.96657381615599,366,359,366,366,0.9808743169398907,annual
40768,2017,222.91,13.128242074927954,365,347,365,365,0.9506849315068493,annual
40768,2018,492.42999999999995,13.634277620396599,365,353,365,365,0.9671232876712329,annual
40768,2019,436.23,12.786607142857143,365,336,365,365,0.9205479452054794,annual
40768,2020,408.16,12.135616438356164,366,365,366,366,0.9972677595628415,annual
40768,2021,181.68,13.342465753424657,365,365,365,365,1.0,annual
40768,2022,127.42,13.164931506849314,365,365,365,365,1.0,annual
40768,2023,252.11,12.933241758241758,365,364,365,365,0.9972602739726028,annual
40768,2024,271.15999999999997,13.118306010928963,366,366,366,366,1.0,annual
40769,1991,249.60000000000002,13.741999999999999,365,350,365,365,0.958904109589041,annual
40769,1992,452.02,11.788856304985337,366,341,366,366,0.9316939890710383,annual
40769,1993,400.91,13.16264705882353,365,340,365,365,0.9315068493150684,annual
40769,1994,429.5199999999999,14.3017094017094,365,351,365,365,0.9616438356164384,annual
40769,1995,213.12,12.902153846153846,334,325,365,365,0.8904109589041096,annual
40769,1996,435.68999999999994,13.924857142857142,366,350,366,366,0.9562841530054644,annual
40769,1997,231.95999999999998,14.576231884057972,365,345,365,365,0.9452054794520548,annual
40769,1998,274.47,15.457602339181287,365,342,365,365,0.936986301369863,annual
40769,1999,215.06,15.44121037463977,365,347,365,365,0.9506849315068493,annual
40769,2000,343.74,14.479768786127167,366,346,366,366,0.9453551912568307,annual
40769,2001,271.90999999999997,15.45855072463768,365,345,365,365,0.9452054794520548,annual
40769,2002,246.51,14.842492917847025,365,353,365,365,0.9671232876712329,annual
40769,2003,358.62,15.027167630057802,365,346,365,365,0.947945205479452,annual
40769,2004,406.33000000000004,15.27674418604651,366,344,366,366,0.9398907103825137,annual
40769,2005,292.31,14.929275362318842,365,345,365,365,0.9452054794520548,annual
40769,2006,329.71999999999997,14.437534246575343,365,365,365,365,1.0,annual
40769,2007,394.9,14.142191780821916,365,365,365,365,1.0,annual
40769,2008,191.05999999999997,13.47568306010929,366,366,366,366,1.0,annual
40769,2009,336.46,14.314794520547943,365,365,365,365,1.0,annual
40769,2010,193.62,15.895604395604396,365,364,365,365,0.9972602739726028,annual
40769,2011,286.28,14.045879120879121,365,364,365,365,0.9972602739726028,annual
40769,2012,292.76,14.245628415300546,366,366,366,366,1.0,annual
40769,2013,198.03000000000003,15.06986301369863,365,365,365,365,1.0,annual
40769,2014,322.15000000000003,14.432602739726027,365,365,365,365,1.0,annual
40769,2015,293.03999999999996,15.147107438016528,365,363,365,365,0.9945205479452055,annual
40769,2016,288.97,15.260821917808219,366,365,366,366,0.9972677595628415,annual
40769,2017,238.88,15.126170798898071,365,363,365,365,0.9945205479452055,annual
40769,2018,397.0,16.0014164305949,365,353,365,365,0.9671232876712329,annual
40769,2019,504.8500000000001,15.408405797101448,365,345,365,365,0.9452054794520548,annual
40769,2020,375.18,14.660109289617488,366,366,366,366,1.0,annual
40769,2021,194.36,16.00741758241758,365,364,365,365,0.9972602739726028,annual
40769,2022,205.32999999999998,15.880277777777776,365,360,365,365,0.9863013698630136,annual
40769,2023,181.31,15.672328767123286,364,365,365,365,0.9972602739726028,annual
40769,2024,263.53,15.757534246575343,366,365,366,366,0.9972677595628415,annual
40770,1991,129.53,17.71972602739726,365,365,365,365,1.0,annual
40770,1992,185.15,16.132513661202186,366,366,366,366,1.0,annual
40770,1993,193.5,16.96849315068493,365,365,365,365,1.0,annual
40770,1994,202.07,18.07013698630137,365,365,365,365,1.0,annual
40770,1995,85.15,18.094246575342464,365,365,365,365,1.0,annual
40770,1996,199.32999999999998,17.546721311475412,366,366,366,366,1.0,annual
40770,1997,76.14,18.554246575342468,365,365,365,365,1.0,annual
40770,1998,142.10999999999999,18.694794520547948,365,365,365,365,1.0,annual
40770,1999,163.66,18.800273972602742,365,365,365,365,1.0,annual
40770,2000,175.2,18.39672131147541,366,366,366,366,1.0,annual
40770,2001,151.58999999999997,18.95945205479452,365,365,365,365,1.0,annual
40770,2002,149.67,18.742191780821916,365,365,365,365,1.0,annual
40770,2003,165.42000000000002,18.329863013698628,365,365,365,365,1.0,annual
40770,2004,177.54999999999998,18.80054644808743,366,366,366,366,1.0,annual
40770,2005,146.52,18.697534246575344,365,365,365,365,1.0,annual
40770,2006,156.34000000000003,18.9386301369863,365,365,365,365,1.0,annual
40770,2007,184.09,18.461369863013697,365,365,365,365,1.0,annual
40770,2008,93.43,18.30409836065574,366,366,366,366,1.0,annual
40770,2009,162.05,18.806301369863014,365,365,365,365,1.0,annual
40770,2010,74.57,20.30164383561644,365,365,365,365,1.0,annual
40770,2011,152.34,18.662087912087912,365,364,365,365,0.9972602739726028,annual
40770,2012,146.78,18.387704918032785,366,366,366,366,1.0,annual
40770,2013,80.55000000000001,19.494198895027623,365,362,365,365,0.9917808219178083,annual
40770,2014,77.83,19.13379120879121,365,364,365,365,0.9972602739726028,annual
40770,2015,101.28,19.46712328767123,365,365,365,365,1.0,annual
40770,2016,94.22999999999999,19.299726775956284,366,366,366,366,1.0,annual
40770,2017,118.72,19.0413698630137,365,365,365,365,1.0,annual
40770,2018,162.72,19.824657534246576,365,365,365,365,1.0,annual
40770,2019,241.56,19.14835164835165,365,364,365,365,0.9972602739726028,annual
40770,2020,250.77999999999997,18.67190082644628,366,363,366,366,0.9918032786885246,annual
40770,2021,122.22,20.057458563535913,365,362,365,365,0.9917808219178083,annual
40770,2022,92.46000000000001,19.99917808219178,365,365,365,365,1.0,annual
40770,2023,80.75,20.34054794520548,365,365,365,365,1.0,annual
40770,2024,104.21000000000001,19.840437158469946,364,366,366,366,0.994535519125683,annual
40771,1991,344.58,13.443695014662756,365,341,365,365,0.9342465753424658,annual
40771,1992,496.1,11.488392857142857,366,336,366,366,0.9180327868852459,annual
40771,1993,498.21,12.84081632653061,365,343,365,365,0.9397260273972603,annual
40771,1994,662.27,13.397398843930636,365,346,365,365,0.947945205479452,annual
40771,1995,276.7,13.229213483146069,365,356,365,365,0.9753424657534246,annual
40771,1996,448.96,13.454310344827586,366,348,366,366,0.9508196721311475,annual
40771,1997,310.91,12.893123209169055,365,349,365,365,0.9561643835616438,annual
40771,1998,379.79999999999995,14.034023668639053,365,338,365,365,0.9260273972602739,annual
40771,1999,315.41999999999996,14.049856733524354,365,349,365,365,0.9561643835616438,annual
40771,2000,346.86,13.482318840579708,366,345,366,366,0.9426229508196722,annual
40771,2001,278.07,14.077906976744186,365,344,365,365,0.9424657534246575,annual
40771,2002,413.49,13.637573964497042,365,338,365,365,0.9260273972602739,annual
40771,2003,526.4300000000001,13.95,365,336,365,365,0.9205479452054794,annual
40771,2004,422.03,13.672463768115943,366,345,366,366,0.9426229508196722,annual
40771,2005,345.49,13.431486880466473,365,343,365,365,0.9397260273972603,annual
40771,2006,455.44000000000005,13.244931506849314,365,365,365,365,1.0,annual
40771,2007,393.17,12.819178082191781,365,365,365,365,1.0,annual
40771,2008,252.12,12.772677595628416,366,366,366,366,1.0,annual
40771,2009,344.53,13.076438356164383,365,365,365,365,1.0,annual
40771,2010,380.30000000000007,14.709315068493149,365,365,365,365,1.0,annual
40771,2011,391.79,12.986301369863014,365,365,365,365,1.0,annual
40771,2012,308.21000000000004,13.561202185792348,366,366,366,366,1.0,annual
40771,2013,297.84999999999997,13.718082191780823,365,365,365,365,1.0,annual
40771,2014,247.73,13.29661971830986,364,355,365,365,0.9726027397260274,annual
40771,2015,445.37,14.473521126760565,365,355,365,365,0.9726027397260274,annual
40771,2016,413.96999999999997,14.13653846153846,366,364,366,366,0.994535519125683,annual
40771,2017,374.94,14.010704225352113,365,355,365,365,0.9726027397260274,annual
40771,2018,593.31,14.940922190201729,365,347,365,365,0.9506849315068493,annual
40771,2019,415.59999999999997,14.263081395348838,365,344,365,365,0.9424657534246575,annual
40771,2020,492.75999999999993,14.03204419889503,366,362,366,366,0.9890710382513661,annual
40771,2021,218.32,14.684806629834252,365,362,365,365,0.9917808219178083,annual
40771,2022,252.76999999999998,14.535635359116021,365,362,365,365,0.9917808219178083,annual
40771,2023,336.55000000000007,13.974861878453037,365,362,365,365,0.9917808219178083,annual
40771,2024,324.06,14.543093922651934,361,362,366,366,0.9863387978142076,annual
40772,1991,364.61,12.206301369863015,365,365,365,365,1.0,annual
40772,1992,342.83000000000004,10.045628415300547,366,366,366,366,1.0,annual
40772,1993,393.93000000000006,12.31123287671233,365,365,365,365,1.0,annual
40772,1994,578.48,12.614794520547944,365,365,365,365,1.0,annual
40772,1995,309.9,13.03972602739726,365,365,365,365,1.0,annual
40772,1996,354.84000000000003,12.830054644808744,366,366,366,366,1.0,annual
40772,1997,351.1,12.72054794520548,365,365,365,365,1.0,annual
40772,1998,389.01,13.572328767123286,365,365,365,365,1.0,annual
40772,1999,274.8,13.881369863013699,365,365,365,365,1.0,annual
40772,2000,317.42,12.986338797814208,366,366,366,366,1.0,annual
40772,2001,222.26,14.29205479452055,365,365,365,365,1.0,annual
40772,2002,343.68999999999994,12.274794520547946,365,365,365,365,1.0,annual
40772,2003,290.46000000000004,12.242191780821917,365,365,365,365,1.0,annual
40772,2004,298.04999999999995,12.167213114754098,366,366,366,366,1.0,annual
40772,2005,322.99,11.89123287671233,365,365,365,365,1.0,annual
40772,2006,380.70000000000005,12.078021978021978,365,364,365,365,0.9972602739726028,annual
40772,2007,442.58,11.584109589041095,365,365,365,365,1.0,annual
40772,2008,265.88,11.884426229508197,366,366,366,366,1.0,annual
40772,2009,341.44000000000005,11.780547945205479,365,365,365,365,1.0,annual
40772,2010,361.27000000000004,13.92054794520548,365,365,365,365,1.0,annual
40772,2011,405.72999999999996,11.591506849315067,365,365,365,365,1.0,annual
40772,2012,251.09000000000003,12.251092896174862,366,366,366,366,1.0,annual
40772,2013,305.49,12.962146892655369,365,354,365,365,0.9698630136986301,annual
40772,2014,212.85000000000002,12.928374655647383,365,363,365,365,0.9945205479452055,annual
40772,2015,284.21000000000004,13.389444444444443,365,360,365,365,0.9863013698630136,annual
40772,2016,272.53,13.615235457063713,366,361,366,366,0.9863387978142076,annual
40772,2017,235.89,13.790055248618785,365,362,365,365,0.9917808219178083,annual
40772,2018,494.93999999999994,14.13529411764706,365,357,365,365,0.9780821917808219,annual
40772,2019,393.76,13.10137741046832,365,363,365,365,0.9945205479452055,annual
40772,2020,367.58000000000004,13.232865168539325,366,356,366,366,0.9726775956284153,annual
40772,2021,191.87,14.802793296089385,365,358,365,365,0.9808219178082191,annual
40772,2022,173.7,14.235574229691878,365,357,365,365,0.9780821917808219,annual
40772,2023,330.29,13.321643835616438,365,365,365,365,1.0,annual
40772,2024,382.23999999999995,13.62445054945055,366,364,366,366,0.994535519125683,annual
40774,1991,504.72,15.027485380116959,365,342,365,365,0.936986301369863,annual
40774,1992,715.7700000000001,13.023192771084338,365,332,366,366,0.907103825136612,annual
40774,1993,558.69,14.55105105105105,365,333,365,365,0.9123287671232877,annual
40774,1994,626.98,15.401201201201202,365,333,365,365,0.9123287671232877,annual
40774,1995,292.1,14.895441595441596,365,351,365,365,0.9616438356164384,annual
40774,1996,558.78,15.216964285714285,366,336,366,366,0.9180327868852459,annual
40774,1997,328.52,15.04011976047904,365,334,365,365,0.915068493150685,annual
40774,1998,447.15999999999997,16.249253731343284,365,335,365,365,0.9178082191780822,annual
40774,1999,409.94999999999993,16.182005899705015,365,339,365,365,0.9287671232876712,annual
40774,2000,555.3500000000001,15.592537313432835,366,335,366,366,0.9153005464480874,annual
40774,2001,387.3999999999999,16.38757396449704,365,338,365,365,0.9260273972602739,annual
40774,2002,343.7,15.63452380952381,365,336,365,365,0.9205479452054794,annual
40774,2003,503.79999999999995,15.770426829268292,365,328,365,365,0.8986301369863013,annual
40774,2004,482.47,15.838575667655787,366,337,366,366,0.9207650273224044,annual
40774,2005,472.21999999999997,14.56986301369863,365,365,365,365,1.0,annual
40774,2006,486.66999999999996,14.776712328767124,365,365,365,365,1.0,annual
40774,2007,528.26,14.746301369863012,365,365,365,365,1.0,annual
40774,2008,319.14,14.896448087431695,366,366,366,366,1.0,annual
40774,2009,379.77,14.874104683195593,365,363,365,365,0.9945205479452055,annual
40774,2010,365.66999999999996,16.68904109589041,365,365,365,365,1.0,annual
40774,2011,477.56000000000006,15.13305785123967,365,363,365,365,0.9945205479452055,annual
40774,2012,348.90999999999997,15.347267759562843,366,366,366,366,1.0,annual
40774,2013,397.47,15.788493150684932,365,365,365,365,1.0,annual
40774,2014,414.98,15.504945054945056,365,364,365,365,0.9972602739726028,annual
40774,2015,610.0699999999999,16.177197802197803,365,364,365,365,0.9972602739726028,annual
40774,2016,603.5,16.285479452054794,366,365,366,366,0.9972677595628415,annual
40774,2017,348.08,16.468406593406595,365,364,365,365,0.9972602739726028,annual
40774,2018,671.39,16.39364640883978,365,362,365,365,0.9917808219178083,annual
40774,2019,813.4300000000001,15.571900826446281,365,363,365,365,0.9945205479452055,annual
40774,2020,514.34,15.827397260273973,366,365,366,366,0.9972677595628415,annual
40774,2021,376.59,17.298904109589042,365,365,365,365,1.0,annual
40774,2022,288.08,16.872602739726027,365,365,365,365,1.0,annual
40774,2023,384.28000000000003,16.361643835616437,365,365,365,365,1.0,annual
40774,2024,455.91,16.520273972602737,366,365,366,366,0.9972677595628415,annual
40778,1991,228.39,17.80301369863014,365,365,365,365,1.0,annual
40778,1992,132.19,15.860597014925373,335,335,366,366,0.9153005464480874,annual
40778,1993,208.0,17.11972602739726,365,365,365,365,1.0,annual
40778,1994,90.89,18.044383561643834,365,365,365,365,1.0,annual
40778,1995,186.44,18.826301369863014,365,365,365,365,1.0,annual
40778,1996,128.0,18.46767123287671,366,365,366,366,0.9972677595628415,annual
40778,1997,148.39999999999998,19.04986301369863,365,365,365,365,1.0,annual
40778,1998,150.18,19.863835616438358,365,365,365,365,1.0,annual
40778,1999,216.16,19.723287671232878,365,365,365,365,1.0,annual
40778,2000,99.35999999999999,19.828415300546446,366,366,366,366,1.0,annual
40778,2001,49.9,20.53013698630137,365,365,365,365,1.0,annual
40778,2002,89.72,20.165205479452055,365,365,365,365,1.0,annual
40778,2003,78.04,19.40821917808219,365,365,365,365,1.0,annual
40778,2004,123.36000000000001,19.893715846994535,365,366,366,366,0.9972677595628415,annual
40778,2005,73.73,19.546301369863013,365,365,365,365,1.0,annual
40778,2006,149.91000000000003,18.255068493150684,365,365,365,365,1.0,annual
40778,2007,147.53,17.36027397260274,365,365,365,365,1.0,annual
40778,2008,65.71000000000001,17.424657534246574,366,365,366,366,0.9972677595628415,annual
40778,2009,142.59,18.11978021978022,365,364,365,365,0.9972602739726028,annual
40778,2010,68.9,18.78164383561644,365,365,365,365,1.0,annual
40778,2011,80.2,18.04794520547945,365,365,365,365,1.0,annual
40778,2012,131.64000000000001,17.224043715846996,366,366,366,366,1.0,annual
40778,2013,115.43,18.6125,365,360,365,365,0.9863013698630136,annual
40778,2014,92.76999999999998,18.09224376731302,365,361,365,365,0.989041095890411,annual
40778,2015,109.39999999999999,18.68583333333333,365,360,365,365,0.9863013698630136,annual
40778,2016,55.330000000000005,19.20831024930748,366,361,366,366,0.9863387978142076,annual
40778,2017,122.73,18.932686980609418,365,361,365,365,0.989041095890411,annual
40778,2018,137.96,18.82066115702479,365,363,365,365,0.9945205479452055,annual
40778,2019,195.02,18.40775623268698,365,361,365,365,0.989041095890411,annual
40778,2020,221.39000000000001,17.448626373626375,366,364,366,366,0.994535519125683,annual
40778,2021,69.16,19.187052341597795,365,363,365,365,0.9945205479452055,annual
40778,2022,115.53999999999999,19.23186813186813,365,364,365,365,0.9972602739726028,annual
40778,2023,84.74999999999999,19.914285714285715,365,364,365,365,0.9972602739726028,annual
40778,2024,87.80000000000001,18.82103825136612,365,366,366,366,0.9972677595628415,annual
40779,1991,552.08,14.429080118694364,365,337,365,365,0.9232876712328767,annual
40779,1992,570.4300000000001,12.402409638554218,366,332,366,366,0.907103825136612,annual
40779,1993,596.47,13.478885630498533,365,341,365,365,0.9342465753424658,annual
40779,1994,761.22,14.271345029239766,365,342,365,365,0.936986301369863,annual
40779,1995,293.28999999999996,13.492222222222221,365,360,365,365,0.9863013698630136,annual
40779,1996,466.65,14.332954545454545,366,352,366,366,0.9617486338797814,annual
40779,1997,501.5,13.585074626865671,365,335,365,365,0.9178082191780822,annual
40779,1998,493.44999999999993,14.95103244837758,365,339,365,365,0.9287671232876712,annual
40779,1999,342.61,15.036023054755043,365,347,365,365,0.9506849315068493,annual
40779,2000,354.58000000000004,14.568194842406877,366,349,366,366,0.953551912568306,annual
40779,2001,324.30000000000007,14.918260869565218,365,345,365,365,0.9452054794520548,annual
40779,2002,465.53,14.208797653958944,365,341,365,365,0.9342465753424658,annual
40779,2003,504.67999999999995,14.49,365,340,365,365,0.9315068493150684,annual
40779,2004,431.31999999999994,14.694955489614243,366,337,366,366,0.9207650273224044,annual
40779,2005,533.78,14.366472303206997,365,343,365,365,0.9397260273972603,annual
40779,2006,683.9,14.154269972451791,365,363,365,365,0.9945205479452055,annual
40779,2007,325.01,13.758356164383562,365,365,365,365,1.0,annual
40779,2008,335.62,13.924043715846993,366,366,366,366,1.0,annual
40779,2009,383.81,13.622252747252746,365,364,365,365,0.9972602739726028,annual
40779,2010,388.1,15.440659340659339,365,364,365,365,0.9972602739726028,annual
40779,2011,434.3,13.49366391184573,365,363,365,365,0.9945205479452055,annual
40779,2012,389.65999999999997,14.225136612021856,366,366,366,366,1.0,annual
40779,2013,389.13,13.962191780821918,365,365,365,365,1.0,annual
40779,2014,405.59999999999997,14.445070422535212,365,355,365,365,0.9726027397260274,annual
40779,2015,499.80000000000007,15.03950276243094,365,362,365,365,0.9917808219178083,annual
40779,2016,501.0,14.46027397260274,366,365,366,366,0.9972677595628415,annual
40779,2017,481.71000000000004,14.37142857142857,365,364,365,365,0.9972602739726028,annual
40779,2018,813.11,15.017906336088155,365,363,365,365,0.9945205479452055,annual
40779,2019,632.91,14.273756906077349,365,362,365,365,0.9917808219178083,annual
40779,2020,440.34000000000003,14.499725274725273,366,364,366,366,0.994535519125683,annual
40779,2021,194.33,15.491460055096418,365,363,365,365,0.9945205479452055,annual
40779,2022,249.41,15.03956043956044,365,364,365,365,0.9972602739726028,annual
40779,2023,499.94,14.722067039106145,363,358,365,365,0.9808219178082191,annual
40779,2024,517.71,15.048484848484849,364,363,366,366,0.9918032786885246,annual
40780,1991,665.72,16.94723756906077,365,362,365,365,0.9917808219178083,annual
40780,1992,753.5199999999999,15.224645892351276,366,353,366,366,0.9644808743169399,annual
40780,1993,691.35,16.608379888268157,365,358,365,365,0.9808219178082191,annual
40780,1994,996.8,17.141926345609065,365,353,365,365,0.9671232876712329,annual
40780,1995,350.58,17.041340782122905,365,358,365,365,0.9808219178082191,annual
40780,1996,710.53,17.94857142857143,366,350,366,366,0.9562841530054644,annual
40780,1997,667.65,16.80603448275862,365,348,365,365,0.9534246575342465,annual
40780,1998,522.15,18.189635854341738,365,357,365,365,0.9780821917808219,annual
40780,1999,392.75999999999993,18.43501400560224,365,357,365,365,0.9780821917808219,annual
40780,2000,504.01000000000005,17.455277777777777,366,360,366,366,0.9836065573770492,annual
40780,2001,450.92,18.08958904109589,365,365,365,365,1.0,annual
40780,2002,730.04,17.387123287671233,365,365,365,365,1.0,annual
40780,2003,589.01,16.355342465753424,365,365,365,365,1.0,annual
40780,2004,521.1800000000001,16.617486338797814,366,366,366,366,1.0,annual
40780,2005,492.48,16.54328767123288,365,365,365,365,1.0,annual
40780,2006,747.16,16.474520547945204,365,365,365,365,1.0,annual
40780,2007,410.6,16.664088397790053,365,362,365,365,0.9917808219178083,annual
40780,2008,342.47,16.849726775956285,366,366,366,366,1.0,annual
40780,2009,350.0,16.346301369863014,365,365,365,365,1.0,annual
40780,2010,454.68999999999994,18.28246575342466,365,365,365,365,1.0,annual
40780,2011,428.39,16.151780821917807,365,365,365,365,1.0,annual
40780,2012,408.81000000000006,16.862534435261708,366,363,366,366,0.9918032786885246,annual
40780,2013,530.1800000000001,16.75917808219178,365,365,365,365,1.0,annual
40780,2014,576.81,17.23573407202216,365,361,365,365,0.989041095890411,annual
40780,2015,768.3,18.31699716713881,365,353,365,365,0.9671232876712329,annual
40780,2016,458.57,17.90251396648045,366,358,366,366,0.9781420765027322,annual
40780,2017,355.52,17.967493112947658,364,363,365,365,0.9945205479452055,annual
40780,2018,922.53,17.730640668523677,364,359,365,365,0.9835616438356164,annual
40780,2019,565.34,17.296694214876034,364,363,365,365,0.9945205479452055,annual
40780,2020,507.6,17.662295081967212,365,366,366,366,0.9972677595628415,annual
40780,2021,237.0,18.704383561643837,365,365,365,365,1.0,annual
40780,2022,297.88,18.25220994475138,365,362,365,365,0.9917808219178083,annual
40780,2023,580.51,17.73818681318681,364,364,365,365,0.9972602739726028,annual
40780,2024,523.5699999999999,17.83688524590164,365,366,366,366,0.9972677595628415,annual
40782,1991,443.42,16.75014409221902,365,347,365,365,0.9506849315068493,annual
40782,1992,687.17,15.01860465116279,366,344,366,366,0.9398907103825137,annual
40782,1993,771.1500000000001,15.871714285714287,365,350,365,365,0.958904109589041,annual
40782,1994,706.6099999999999,16.522128851540614,365,357,365,365,0.9780821917808219,annual
40782,1995,342.63000000000005,16.62443820224719,365,356,365,365,0.9753424657534246,annual
40782,1996,640.3599999999999,17.31342857142857,366,350,366,366,0.9562841530054644,annual
40782,1997,498.45,16.655331412103745,365,347,365,365,0.9506849315068493,annual
40782,1998,422.46000000000004,18.07906976744186,365,344,365,365,0.9424657534246575,annual
40782,1999,358.1,18.240571428571428,365,350,365,365,0.958904109589041,annual
40782,2000,423.83000000000004,17.565306122448977,366,343,366,366,0.9371584699453552,annual
40782,2001,455.24,18.027065527065528,365,351,365,365,0.9616438356164384,annual
40782,2002,369.61,17.16772334293948,365,347,365,365,0.9506849315068493,annual
40782,2003,456.8,17.52186588921283,365,343,365,365,0.9397260273972603,annual
40782,2004,484.85999999999996,17.999710144927533,366,345,366,366,0.9426229508196722,annual
40782,2005,473.76,17.329315068493152,365,365,365,365,1.0,annual
40782,2006,607.9100000000001,17.390136986301368,365,365,365,365,1.0,annual
40782,2007,528.19,17.117260273972605,365,365,365,365,1.0,annual
40782,2008,347.80999999999995,17.404918032786885,366,366,366,366,1.0,annual
40782,2009,438.6,16.686301369863013,365,365,365,365,1.0,annual
40782,2010,339.3,18.18109589041096,365,365,365,365,1.0,annual
40782,2011,397.69,16.62054794520548,365,365,365,365,1.0,annual
40782,2012,348.46000000000004,17.17704918032787,366,366,366,366,1.0,annual
40782,2013,364.12,17.014246575342465,365,365,365,365,1.0,annual
40782,2014,465.79,17.181318681318682,365,364,365,365,0.9972602739726028,annual
40782,2015,530.3399999999999,17.89368131868132,365,364,365,365,0.9972602739726028,annual
40782,2016,522.22,17.428415300546447,366,366,366,366,1.0,annual
40782,2017,331.7,18.091735537190083,365,363,365,365,0.9945205479452055,annual
40782,2018,779.63,18.271546961325967,365,362,365,365,0.9917808219178083,annual
40782,2019,836.82,17.671349862258953,365,363,365,365,0.9945205479452055,annual
40782,2020,484.96000000000004,17.960928961748632,366,366,366,366,1.0,annual
40782,2021,277.74999999999994,18.924383561643836,365,365,365,365,1.0,annual
40782,2022,306.15999999999997,18.94478021978022,365,364,365,365,0.9972602739726028,annual
40782,2023,434.70000000000005,17.99205479452055,365,365,365,365,1.0,annual
40782,2024,453.86,18.117486338797814,366,366,366,366,1.0,annual
40783,1991,338.8299999999999,12.634285714285713,365,350,365,365,0.958904109589041,annual
40783,1992,404.50000000000006,10.463823529411764,366,340,366,366,0.9289617486338798,annual
40783,1993,560.67,12.165000000000001,365,340,365,365,0.9315068493150684,annual
40783,1994,584.7900000000001,12.693002915451894,365,343,365,365,0.9397260273972603,annual
40783,1995,174.14,12.700555555555555,365,360,365,365,0.9863013698630136,annual
40783,1996,403.46,12.788,366,350,366,366,0.9562841530054644,annual
40783,1997,416.04999999999995,12.727536231884057,365,345,365,365,0.9452054794520548,annual
40783,1998,363.08,13.987031700288185,365,347,365,365,0.9506849315068493,annual
40783,1999,275.73,13.804857142857143,365,350,365,365,0.958904109589041,annual
40783,2000,415.16,12.885428571428571,366,350,366,366,0.9562841530054644,annual
40783,2001,367.21999999999997,13.555807365439094,365,353,365,365,0.9671232876712329,annual
40783,2002,431.09000000000003,12.919428571428572,365,350,365,365,0.958904109589041,annual
40783,2003,412.83000000000004,12.949283667621778,365,349,365,365,0.9561643835616438,annual
40783,2004,541.62,12.931123919308359,366,347,366,366,0.9480874316939891,annual
40783,2005,415.42,12.30958904109589,365,365,365,365,1.0,annual
40783,2006,576.2900000000001,12.406849315068493,365,365,365,365,1.0,annual
40783,2007,498.3,12.433150684931508,365,365,365,365,1.0,annual
40783,2008,279.19,12.761475409836065,366,366,366,366,1.0,annual
40783,2009,429.92999999999995,12.792602739726028,365,365,365,365,1.0,annual
40783,2010,239.39,14.586575342465755,365,365,365,365,1.0,annual
40783,2011,318.66999999999996,12.887123287671233,365,365,365,365,1.0,annual
40783,2012,402.6,12.851639344262294,366,366,366,366,1.0,annual
40783,2013,318.16,13.381643835616439,365,365,365,365,1.0,annual
40783,2014,363.35,13.009340659340658,365,364,365,365,0.9972602739726028,annual
40783,2015,439.99,13.710084033613445,365,357,365,365,0.9780821917808219,annual
40783,2016,374.22999999999996,13.6448087431694,366,366,366,366,1.0,annual
40783,2017,250.63,13.856868131868131,365,364,365,365,0.9972602739726028,annual
40783,2018,414.57,14.242165242165242,365,351,365,365,0.9616438356164384,annual
40783,2019,557.51,12.858217270194988,365,359,365,365,0.9835616438356164,annual
40783,2020,411.68999999999994,13.233150684931507,366,365,366,366,0.9972677595628415,annual
40783,2021,242.14999999999998,14.770054945054946,365,364,365,365,0.9972602739726028,annual
40783,2022,320.53,14.17382920110193,365,363,365,365,0.9945205479452055,annual
40783,2023,118.31,14.024444444444445,359,360,365,365,0.9835616438356164,annual
40783,2024,358.07000000000005,13.900278551532033,364,359,366,366,0.9808743169398907,annual
40785,1991,107.91999999999999,19.902465753424657,365,365,365,365,1.0,annual
40785,1992,229.71,17.98551912568306,366,366,366,366,1.0,annual
40785,1993,156.13,18.3,365,365,365,365,1.0,annual
40785,1994,104.03999999999999,18.896153846153847,365,364,365,365,0.9972602739726028,annual
40785,1995,84.55999999999999,19.09972602739726,365,365,365,365,1.0,annual
40785,1996,219.93000000000004,18.24535519125683,366,366,366,366,1.0,annual
40785,1997,88.15,19.3213698630137,365,365,365,365,1.0,annual
40785,1998,146.41,19.65232876712329,365,365,365,365,1.0,annual
40785,1999,154.91,19.785479452054794,365,365,365,365,1.0,annual
40785,2000,136.91,19.74672131147541,366,366,366,366,1.0,annual
40785,2001,91.17,20.25879120879121,365,364,365,365,0.9972602739726028,annual
40785,2002,205.8,20.03753424657534,365,365,365,365,1.0,annual
40785,2003,149.71,19.463287671232877,365,365,365,365,1.0,annual
40785,2004,148.7,19.444535519125683,366,366,366,366,1.0,annual
40785,2005,105.2,19.264657534246577,365,365,365,365,1.0,annual
40785,2006,130.2,19.55095890410959,365,365,365,365,1.0,annual
40785,2007,105.53,18.86191780821918,365,365,365,365,1.0,annual
40785,2008,120.35,18.808196721311475,366,366,366,366,1.0,annual
40785,2009,159.51999999999998,19.023835616438355,365,365,365,365,1.0,annual
40785,2010,81.82,20.644383561643835,365,365,365,365,1.0,annual
40785,2011,173.02,19.2228021978022,365,364,365,365,0.9972602739726028,annual
40785,2012,136.25,19.193989071038253,366,366,366,366,1.0,annual
40785,2013,107.44999999999999,19.851933701657458,365,362,365,365,0.9917808219178083,annual
40785,2014,139.06,19.702479338842974,365,363,365,365,0.9945205479452055,annual
40785,2015,105.58,20.185439560439562,365,364,365,365,0.9972602739726028,annual
40785,2016,66.43,20.06311475409836,366,366,366,366,1.0,annual
40785,2017,65.0,19.999724517906333,365,363,365,365,0.9945205479452055,annual
40785,2018,148.63,20.779224376731303,365,361,365,365,0.989041095890411,annual
40785,2019,162.82,20.32947658402204,365,363,365,365,0.9945205479452055,annual
40785,2020,200.24,19.7353591160221,366,362,366,366,0.9890710382513661,annual
40785,2021,69.38,21.18931506849315,365,365,365,365,1.0,annual
40785,2022,31.87,21.18595041322314,365,363,365,365,0.9945205479452055,annual
40785,2023,86.34,21.245429362880888,365,361,365,365,0.989041095890411,annual
40785,2024,121.46000000000001,20.815027322404372,366,366,366,366,1.0,annual
40787,1991,,,0,0,365,365,0.0,annual
40787,1992,277.46000000000004,8.558469945355192,366,366,366,366,1.0,annual
40787,1993,494.92999999999995,10.401369863013699,365,365,365,365,1.0,annual
40787,1994,454.03000000000003,11.79205479452055,365,365,365,365,1.0,annual
40787,1995,187.74,11.034520547945204,365,365,365,365,1.0,annual
40787,1996,369.40000000000003,10.642349726775956,366,366,366,366,1.0,annual
40787,1997,269.28,10.528767123287672,365,365,365,365,1.0,annual
40787,1998,303.03,11.732967032967034,364,364,365,365,0.9972602739726028,annual
40787,1999,223.94000000000003,11.90027397260274,365,365,365,365,1.0,annual
40787,2000,215.36999999999998,11.048907103825137,366,366,366,366,1.0,annual
40787,2001,267.28,11.741095890410959,365,365,365,365,1.0,annual
40787,2002,413.35,11.047123287671232,365,365,365,365,1.0,annual
40787,2003,363.02,11.406043956043957,365,364,365,365,0.9972602739726028,annual
40787,2004,461.52,10.845628415300547,366,366,366,366,1.0,annual
40787,2005,358.89000000000004,11.001643835616438,365,365,365,365,1.0,annual
40787,2006,556.81,10.52967032967033,365,364,365,365,0.9972602739726028,annual
40787,2007,307.5,10.623013698630137,365,365,365,365,1.0,annual
40787,2008,149.88000000000002,11.260928961748634,366,366,366,366,1.0,annual
40787,2009,354.41999999999996,10.912328767123288,365,365,365,365,1.0,annual
40787,2010,253.97,12.687945205479453,365,365,365,365,1.0,annual
40787,2011,367.13,10.995068493150685,365,365,365,365,1.0,annual
40787,2012,371.62,10.72896174863388,366,366,366,366,1.0,annual
40787,2013,228.91000000000003,11.823611111111111,365,360,365,365,0.9863013698630136,annual
40787,2014,333.18999999999994,11.107417582417582,365,364,365,365,0.9972602739726028,annual
40787,2015,403.51,11.882222222222223,365,360,365,365,0.9863013698630136,annual
40787,2016,312.86,11.955277777777777,366,360,366,366,0.9836065573770492,annual
40787,2017,218.57999999999998,12.284254143646407,365,362,365,365,0.9917808219178083,annual
40787,2018,286.16,12.661495844875347,365,361,365,365,0.989041095890411,annual
40787,2019,439.85999999999996,11.210773480662985,365,362,365,365,0.9917808219178083,annual
40787,2020,373.29,11.5202216066482,366,361,366,366,0.9863387978142076,annual
40787,2021,185.08,13.14254143646409,365,362,365,365,0.9917808219178083,annual
40787,2022,271.42,12.523822714681442,365,361,365,365,0.989041095890411,annual
40787,2023,185.15,12.109887005649716,363,354,365,365,0.9698630136986301,annual
40787,2024,263.21,12.781593406593407,366,364,366,366,0.994535519125683,annual
40789,1991,101.6,20.971780821917807,365,365,365,365,1.0,annual
40789,1992,91.91999999999999,18.742076502732242,366,366,366,366,1.0,annual
40789,1993,112.61999999999999,19.357260273972603,365,365,365,365,1.0,annual
40789,1994,53.989999999999995,20.395890410958906,365,365,365,365,1.0,annual
40789,1995,70.0,20.368219178082192,365,365,365,365,1.0,annual
40789,1996,137.92999999999998,19.78497267759563,366,366,366,366,1.0,annual
40789,1997,45.269999999999996,20.723835616438354,365,365,365,365,1.0,annual
40789,1998,71.44,20.94986301369863,365,365,365,365,1.0,annual
40789,1999,119.77000000000001,20.684657534246575,365,365,365,365,1.0,annual
40789,2000,53.39,20.68087431693989,366,366,366,366,1.0,annual
40789,2001,58.010000000000005,21.36958904109589,365,365,365,365,1.0,annual
40789,2002,88.68999999999998,21.108493150684932,365,365,365,365,1.0,annual
40789,2003,95.87,20.587671232876712,365,365,365,365,1.0,annual
40789,2004,117.67,20.67349726775956,366,366,366,366,1.0,annual
40789,2005,35.17,20.875824175824178,365,364,365,365,0.9972602739726028,annual
40789,2006,90.13,21.212876712328768,365,365,365,365,1.0,annual
40789,2007,67.35,20.342191780821917,365,365,365,365,1.0,annual
40789,2008,80.50999999999999,20.587671232876712,366,365,366,366,0.9972677595628415,annual
40789,2009,85.03999999999999,20.947945205479453,365,365,365,365,1.0,annual
40789,2010,48.73,21.89178082191781,365,365,365,365,1.0,annual
40789,2011,65.78999999999999,20.883013698630137,365,365,365,365,1.0,annual
40789,2012,57.72999999999999,20.341643835616438,366,365,366,366,0.9972677595628415,annual
40789,2013,80.21,21.385950413223142,365,363,365,365,0.9945205479452055,annual
40789,2014,84.01,21.000824175824178,365,364,365,365,0.9972602739726028,annual
40789,2015,56.589999999999996,21.72142857142857,365,364,365,365,0.9972602739726028,annual
40789,2016,16.31,21.74054794520548,366,365,366,366,0.9972677595628415,annual
40789,2017,42.7,21.78846153846154,365,364,365,365,0.9972602739726028,annual
40789,2018,66.63,22.146005509641874,365,363,365,365,0.9945205479452055,annual
40789,2019,95.32999999999998,21.790934065934064,365,364,365,365,0.9972602739726028,annual
40789,2020,73.23,21.184806629834252,366,362,366,366,0.9890710382513661,annual
40789,2021,35.88,22.60330578512397,365,363,365,365,0.9945205479452055,annual
40789,2022,32.5,22.625619834710744,365,363,365,365,0.9945205479452055,annual
40789,2023,69.69999999999999,23.116712328767125,365,365,365,365,1.0,annual
40789,2024,79.5,22.700000000000003,366,366,366,366,1.0,annual
40790,1991,,,0,0,365,365,0.0,annual
40790,1992,111.24000000000001,21.17875816993464,306,306,366,366,0.8360655737704918,annual
40790,1993,100.22,19.615342465753425,365,365,365,365,1.0,annual
40790,1994,90.66,20.61890410958904,365,365,365,365,1.0,annual
40790,1995,124.19999999999999,20.622314049586777,363,363,365,365,0.9945205479452055,annual
40790,1996,134.5,20.000273224043717,366,366,366,366,1.0,annual
40790,1997,112.49,20.947397260273974,365,365,365,365,1.0,annual
40790,1998,97.33,21.256043956043957,365,364,365,365,0.9972602739726028,annual
40790,1999,121.5,20.937534246575343,365,365,365,365,1.0,annual
40790,2000,63.91,20.95983606557377,366,366,366,366,1.0,annual
40790,2001,72.32,21.866849315068492,365,365,365,365,1.0,annual
40790,2002,75.33,21.53890410958904,365,365,365,365,1.0,annual
40790,2003,163.10999999999999,20.997260273972604,365,365,365,365,1.0,annual
40790,2004,99.53,21.18169398907104,366,366,366,366,1.0,annual
40790,2005,74.61,21.17808219178082,365,365,365,365,1.0,annual
40790,2006,123.13000000000001,21.367123287671234,365,365,365,365,1.0,annual
40790,2007,78.53,20.643835616438356,365,365,365,365,1.0,annual
40790,2008,126.63,20.501639344262298,366,366,366,366,1.0,annual
40790,2009,126.08000000000001,21.195616438356165,365,365,365,365,1.0,annual
40790,2010,55.61,22.208219178082192,365,365,365,365,1.0,annual
40790,2011,83.53999999999999,21.09917808219178,365,365,365,365,1.0,annual
40790,2012,163.63,20.25,366,366,366,366,1.0,annual
40790,2013,80.85000000000001,21.651944444444442,365,360,365,365,0.9863013698630136,annual
40790,2014,57.550000000000004,19.501928374655648,364,363,365,365,0.9945205479452055,annual
40790,2015,25.79,20.022375690607735,364,362,365,365,0.9917808219178083,annual
40790,2016,27.03,20.242622950819673,366,366,366,366,1.0,annual
40790,2017,47.709999999999994,19.95013774104683,365,363,365,365,0.9945205479452055,annual
40790,2018,89.52,20.229166666666668,365,360,365,365,0.9863013698630136,annual
40790,2019,159.63000000000002,19.885714285714286,365,364,365,365,0.9972602739726028,annual
40790,2020,113.14,20.7146408839779,366,362,366,366,0.9890710382513661,annual
40790,2021,36.02,22.497520661157026,365,363,365,365,0.9945205479452055,annual
40790,2022,52.81999999999999,22.31049723756906,365,362,365,365,0.9917808219178083,annual
40790,2023,67.36000000000001,20.465205479452056,363,365,365,365,0.9945205479452055,annual
40790,2024,99.03,20.23087431693989,365,366,366,366,0.9972677595628415,annual
40791,1991,191.37,21.854246575342465,365,365,365,365,1.0,annual
40791,1992,74.47999999999999,20.909562841530054,366,366,366,366,1.0,annual
40791,1993,59.23,21.50904109589041,365,365,365,365,1.0,annual
40791,1994,55.03,22.50109589041096,365,365,365,365,1.0,annual
40791,1995,128.75,22.289315068493153,365,365,365,365,1.0,annual
40791,1996,92.69999999999999,21.906557377049182,366,366,366,366,1.0,annual
40791,1997,101.45,22.35890410958904,365,365,365,365,1.0,annual
40791,1998,99.33999999999999,23.087945205479453,365,365,365,365,1.0,annual
40791,1999,84.16999999999999,22.946575342465753,365,365,365,365,1.0,annual
40791,2000,61.33,22.92377049180328,366,366,366,366,1.0,annual
40791,2001,61.910000000000004,23.625479452054794,365,365,365,365,1.0,annual
40791,2002,79.92,23.18109589041096,365,365,365,365,1.0,annual
40791,2003,95.64000000000001,22.682191780821917,365,365,365,365,1.0,annual
40791,2004,128.73000000000002,22.916939890710385,366,366,366,366,1.0,annual
40791,2005,62.379999999999995,22.900821917808216,365,365,365,365,1.0,annual
40791,2006,107.52,23.293972602739725,365,365,365,365,1.0,annual
40791,2007,56.150000000000006,22.553150684931506,365,365,365,365,1.0,annual
40791,2008,64.42,22.75245901639344,366,366,366,366,1.0,annual
40791,2009,85.93,23.01095890410959,365,365,365,365,1.0,annual
40791,2010,55.07,23.60301369863014,365,365,365,365,1.0,annual
40791,2011,53.330000000000005,22.96986301369863,365,365,365,365,1.0,annual
40791,2012,94.17999999999999,22.04016393442623,366,366,366,366,1.0,annual
40791,2013,49.800000000000004,23.735911602209942,365,362,365,365,0.9917808219178083,annual
40791,2014,70.36,23.243681318681322,365,364,365,365,0.9972602739726028,annual
40791,2015,37.29,23.916208791208792,365,364,365,365,0.9972602739726028,annual
40791,2016,28.72,24.109041095890408,366,365,366,366,0.9972677595628415,annual
40791,2017,41.36000000000001,23.94109589041096,365,365,365,365,1.0,annual
40791,2018,110.27999999999999,24.085635359116022,365,362,365,365,0.9917808219178083,annual
40791,2019,117.53,23.700274725274724,365,364,365,365,0.9972602739726028,annual
40791,2020,109.54,23.05745856353591,366,362,366,366,0.9890710382513661,annual
40791,2021,48.95,24.406353591160222,365,362,365,365,0.9917808219178083,annual
40791,2022,52.66000000000001,24.484022038567495,365,363,365,365,0.9945205479452055,annual
40791,2023,53.42999999999999,24.891232876712326,365,365,365,365,1.0,annual
40791,2024,69.26,24.580601092896174,366,366,366,366,1.0,annual
40792,1991,215.61999999999998,18.840273972602738,365,365,365,365,1.0,annual
40792,1992,158.12,17.884972677595627,366,366,366,366,1.0,annual
40792,1993,120.60000000000001,16.8213698630137,365,365,365,365,1.0,annual
40792,1994,135.94,18.210684931506847,365,365,365,365,1.0,annual
40792,1995,204.73,18.06082191780822,365,365,365,365,1.0,annual
40792,1996,132.55,19.009562841530055,366,366,366,366,1.0,annual
40792,1997,182.01,19.55890410958904,365,365,365,365,1.0,annual
40792,1998,179.05999999999997,20.09972602739726,365,365,365,365,1.0,annual
40792,1999,196.14000000000001,19.732602739726026,364,365,365,365,0.9972602739726028,annual
40792,2000,101.00999999999999,18.7344262295082,366,366,366,366,1.0,annual
40792,2001,68.12,20.602739726027398,365,365,365,365,1.0,annual
40792,2002,100.33,20.235342465753423,365,365,365,365,1.0,annual
40792,2003,133.04999999999998,19.62,365,365,365,365,1.0,annual
40792,2004,188.26,19.462739726027397,366,365,366,366,0.9972677595628415,annual
40792,2005,62.26,17.545205479452054,365,365,365,365,1.0,annual
40792,2006,123.85000000000001,18.16958904109589,365,365,365,365,1.0,annual
40792,2007,115.4,17.489315068493152,365,365,365,365,1.0,annual
40792,2008,86.15,17.65327868852459,366,366,366,366,1.0,annual
40792,2009,160.19,18.155616438356166,365,365,365,365,1.0,annual
40792,2010,62.0,18.98109589041096,365,365,365,365,1.0,annual
40792,2011,94.92,18.144657534246576,365,365,365,365,1.0,annual
40792,2012,147.51,17.093715846994535,366,366,366,366,1.0,annual
40792,2013,85.36,18.670555555555556,365,360,365,365,0.9863013698630136,annual
40792,2014,99.44,17.637741046831955,365,363,365,365,0.9945205479452055,annual
40792,2015,63.01,18.57660167130919,365,359,365,365,0.9835616438356164,annual
40792,2016,57.830000000000005,19.008011049723756,366,362,366,366,0.9890710382513661,annual
40792,2017,123.06000000000002,19.16536312849162,365,358,365,365,0.9808219178082191,annual
40792,2018,180.26000000000002,19.01046831955923,365,363,365,365,0.9945205479452055,annual
40792,2019,271.47,18.632869080779944,365,359,365,365,0.9835616438356164,annual
40792,2020,231.78000000000003,17.79722222222222,366,360,366,366,0.9836065573770492,annual
40792,2021,78.52,19.391111111111112,365,360,365,365,0.9863013698630136,annual
40792,2022,128.85999999999999,19.4008356545961,365,359,365,365,0.9835616438356164,annual
40792,2023,90.12,19.7271978021978,365,364,365,365,0.9972602739726028,annual
40792,2024,100.76,19.30655737704918,366,366,366,366,1.0,annual
40793,1991,319.05,15.910684931506848,365,365,365,365,1.0,annual
40793,1992,187.20999999999998,14.942089552238807,335,335,366,366,0.9153005464480874,annual
40793,1993,214.24,15.72931506849315,365,365,365,365,1.0,annual
40793,1994,124.64,16.723561643835616,365,365,365,365,1.0,annual
40793,1995,162.88,16.798904109589042,365,365,365,365,1.0,annual
40793,1996,255.42,15.627322404371586,366,366,366,366,1.0,annual
40793,1997,218.69,16.60767123287671,365,365,365,365,1.0,annual
40793,1998,186.46,17.61945205479452,365,365,365,365,1.0,annual
40793,1999,247.56999999999996,17.28876712328767,365,365,365,365,1.0,annual
40793,2000,124.39000000000001,17.319398907103825,366,366,366,366,1.0,annual
40793,2001,59.94,18.198082191780824,365,365,365,365,1.0,annual
40793,2002,155.88,17.802465753424656,365,365,365,365,1.0,annual
40793,2003,138.81,17.196712328767124,365,365,365,365,1.0,annual
40793,2004,169.66999999999996,17.698360655737705,366,366,366,366,1.0,annual
40793,2005,149.28999999999996,14.765205479452055,365,365,365,365,1.0,annual
40793,2006,122.63000000000001,15.611263736263735,365,364,365,365,0.9972602739726028,annual
40793,2007,102.46000000000001,14.706027397260273,365,365,365,365,1.0,annual
40793,2008,95.35,14.602197802197802,366,364,366,366,0.994535519125683,annual
40793,2009,145.88,15.347397260273974,365,365,365,365,1.0,annual
40793,2010,123.92,16.095616438356164,365,365,365,365,1.0,annual
40793,2011,167.96,15.406849315068493,365,365,365,365,1.0,annual
40793,2012,156.4,14.739617486338798,366,366,366,366,1.0,annual
40793,2013,126.66,15.78365650969529,365,361,365,365,0.989041095890411,annual
40793,2014,128.63,15.039335180055401,365,361,365,365,0.989041095890411,annual
40793,2015,163.65,16.14376731301939,365,361,365,365,0.989041095890411,annual
40793,2016,68.6,16.831491712707184,366,362,366,366,0.9890710382513661,annual
40793,2017,158.67,16.00807799442897,365,359,365,365,0.9835616438356164,annual
40793,2018,141.18,15.860881542699724,365,363,365,365,0.9945205479452055,annual
40793,2019,268.22,15.649586776859504,365,363,365,365,0.9945205479452055,annual
40793,2020,266.2,14.796969696969697,366,363,366,366,0.9918032786885246,annual
40793,2021,58.66,16.580716253443526,365,363,365,365,0.9945205479452055,annual
40793,2022,136.53,16.792837465564737,365,363,365,365,0.9945205479452055,annual
40793,2023,149.32999999999998,17.386225895316805,365,363,365,365,0.9945205479452055,annual
40793,2024,148.76999999999998,16.392582417582418,366,364,366,366,0.994535519125683,annual
40794,1991,439.99999999999994,23.20977653631285,365,358,365,365,0.9808219178082191,annual
40794,1992,486.49,22.602005730659027,366,349,366,366,0.953551912568306,annual
40794,1993,595.8699999999999,23.68110465116279,365,344,365,365,0.9424657534246575,annual
40794,1994,403.16999999999996,23.953714285714284,365,350,365,365,0.958904109589041,annual
40794,1995,145.98,23.68916666666667,365,360,365,365,0.9863013698630136,annual
40794,1996,389.12,24.631301939058172,366,361,366,366,0.9863387978142076,annual
40794,1997,462.43000000000006,23.70498614958449,365,361,365,365,0.989041095890411,annual
40794,1998,337.01000000000005,25.327683615819208,365,354,365,365,0.9698630136986301,annual
40794,1999,367.40999999999997,25.170028011204483,365,357,365,365,0.9780821917808219,annual
40794,2000,316.04999999999995,24.369722222222222,366,360,366,366,0.9836065573770492,annual
40794,2001,337.28,24.76684931506849,365,365,365,365,1.0,annual
40794,2002,292.91,24.28849315068493,365,365,365,365,1.0,annual
40794,2003,236.08999999999997,24.53434065934066,365,364,365,365,0.9972602739726028,annual
40794,2004,358.01,24.200000000000003,366,366,366,366,1.0,annual
40794,2005,292.12,24.45698630136986,365,365,365,365,1.0,annual
40794,2006,430.44,24.416712328767126,365,365,365,365,1.0,annual
40794,2007,295.24,24.426997245179063,365,363,365,365,0.9945205479452055,annual
40794,2008,176.10000000000002,24.96164383561644,366,365,366,366,0.9972677595628415,annual
40794,2009,239.78,24.70191780821918,365,365,365,365,1.0,annual
40794,2010,213.24,25.97150684931507,365,365,365,365,1.0,annual
40794,2011,295.15999999999997,24.434246575342467,365,365,365,365,1.0,annual
40794,2012,288.92,24.8551912568306,366,366,366,366,1.0,annual
40794,2013,257.33,24.257808219178084,365,365,365,365,1.0,annual
40794,2014,322.12,24.756906077348066,365,362,365,365,0.9917808219178083,annual
40794,2015,288.46999999999997,25.344505494505494,365,364,365,365,0.9972602739726028,annual
40794,2016,187.20999999999998,24.784065934065932,366,364,366,366,0.994535519125683,annual
40794,2017,183.26,25.477472527472525,365,364,365,365,0.9972602739726028,annual
40794,2018,466.00000000000006,25.345251396648045,365,358,365,365,0.9808219178082191,annual
40794,2019,437.3599999999999,24.74313186813187,365,364,365,365,0.9972602739726028,annual
40794,2020,396.74,24.78767123287671,366,365,366,366,0.9972677595628415,annual
40794,2021,104.50999999999999,25.96986301369863,365,365,365,365,1.0,annual
40794,2022,196.39000000000001,25.647527472527475,364,364,365,365,0.9972602739726028,annual
40794,2023,377.1,25.735342465753423,365,365,365,365,1.0,annual
40794,2024,625.72,25.604644808743167,365,366,366,366,0.9972677595628415,annual
40796,1991,285.4,25.365546218487395,365,357,365,365,0.9780821917808219,annual
40796,1992,366.51,23.82359550561798,366,356,366,366,0.9726775956284153,annual
40796,1993,375.6,25.487246376811594,365,345,365,365,0.9452054794520548,annual
40796,1994,402.00000000000006,25.84285714285714,365,350,365,365,0.958904109589041,annual
40796,1995,169.97000000000003,25.648275862068967,365,348,365,365,0.9534246575342465,annual
40796,1996,648.24,26.62528409090909,366,352,366,366,0.9617486338797814,annual
40796,1997,293.92,25.52285714285714,365,350,365,365,0.958904109589041,annual
40796,1998,251.83,27.24137931034483,364,348,365,365,0.9534246575342465,annual
40796,1999,268.15999999999997,27.34872521246459,365,353,365,365,0.9671232876712329,annual
40796,2000,205.52999999999997,26.08448753462604,366,361,366,366,0.9863387978142076,annual
40796,2001,230.8,26.687945205479455,365,365,365,365,1.0,annual
40796,2002,262.79999999999995,25.856712328767124,365,365,365,365,1.0,annual
40796,2003,248.59999999999997,26.403287671232878,365,365,365,365,1.0,annual
40796,2004,257.5,26.361475409836064,366,366,366,366,1.0,annual
40796,2005,214.5,26.27780821917808,365,365,365,365,1.0,annual
40796,2006,338.70000000000005,26.339010989010987,365,364,365,365,0.9972602739726028,annual
40796,2007,224.1,26.425753424657533,365,365,365,365,1.0,annual
40796,2008,166.60000000000002,26.839344262295082,366,366,366,366,1.0,annual
40796,2009,246.39999999999998,26.512054794520548,365,365,365,365,1.0,annual
40796,2010,161.1,28.304109589041097,365,365,365,365,1.0,annual
40796,2011,152.71,26.383835616438358,365,365,365,365,1.0,annual
40796,2012,217.2,26.794262295081968,366,366,366,366,1.0,annual
40796,2013,249.4,26.04027397260274,365,365,365,365,1.0,annual
40796,2014,337.0,26.69217877094972,365,358,365,365,0.9808219178082191,annual
40796,2015,332.79999999999995,27.50507042253521,365,355,365,365,0.9726027397260274,annual
40796,2016,313.4,27.098891966759005,366,361,366,366,0.9863387978142076,annual
40796,2017,210.9,27.53491620111732,365,358,365,365,0.9808219178082191,annual
40796,2018,414.5,27.27709497206704,364,358,365,365,0.9808219178082191,annual
40796,2019,428.0,26.867977528089888,365,356,365,365,0.9753424657534246,annual
40796,2020,429.70000000000005,27.213424657534247,366,365,366,366,0.9972677595628415,annual
40796,2021,173.2,28.63342465753425,365,365,365,365,1.0,annual
40796,2022,240.1,27.979945054945055,365,364,365,365,0.9972602739726028,annual
40796,2023,343.70000000000005,27.302191780821914,362,365,365,365,0.9917808219178083,annual
40796,2024,284.8,27.466575342465752,365,365,366,366,0.9972677595628415,annual
40797,1991,1692.74,11.154246575342466,365,365,365,365,1.0,annual
40797,1992,1567.92,7.749453551912569,366,366,366,366,1.0,annual
40797,1993,2040.0600000000004,9.193956043956044,365,364,365,365,0.9972602739726028,annual
40797,1994,1758.42,10.290384615384616,365,364,365,365,0.9972602739726028,annual
40797,1995,765.3299999999999,9.406301369863014,365,365,365,365,1.0,annual
40797,1996,1501.87,9.41120218579235,366,366,366,366,1.0,annual
40797,1997,1118.8,8.869315068493151,365,365,365,365,1.0,annual
40797,1998,1367.0699999999997,10.602747252747253,364,364,365,365,0.9972602739726028,annual
40797,1999,1146.8799999999997,10.27917808219178,365,365,365,365,1.0,annual
40797,2000,1055.9899999999998,9.481693989071038,366,366,366,366,1.0,annual
40797,2001,1167.8400000000001,10.012362637362637,365,364,365,365,0.9972602739726028,annual
40797,2002,1473.17,9.99945054945055,365,364,365,365,0.9972602739726028,annual
40797,2003,1410.28,10.488493150684931,365,365,365,365,1.0,annual
40797,2004,1795.19,9.777322404371585,366,366,366,366,1.0,annual
40797,2005,1739.1599999999999,9.924999999999999,365,364,365,365,0.9972602739726028,annual
40797,2006,1853.0100000000002,9.312087912087911,365,364,365,365,0.9972602739726028,annual
40797,2007,1339.24,9.374246575342465,365,365,365,365,1.0,annual
40797,2008,565.5,9.983879781420764,366,366,366,366,1.0,annual
40797,2009,1401.3000000000002,9.70357142857143,365,364,365,365,0.9972602739726028,annual
40797,2010,802.88,11.548076923076923,365,364,365,365,0.9972602739726028,annual
40797,2011,1230.52,10.245027624309392,365,362,365,365,0.9917808219178083,annual
40797,2012,1185.99,9.816393442622951,366,366,366,366,1.0,annual
40797,2013,1055.1399999999999,10.58655462184874,365,357,365,365,0.9780821917808219,annual
40797,2014,1034.1399999999999,10.171388888888888,365,360,365,365,0.9863013698630136,annual
40797,2015,1460.77,11.233519553072625,365,358,365,365,0.9808219178082191,annual
40797,2016,1367.9099999999999,11.366480446927374,366,358,366,366,0.9781420765027322,annual
40797,2017,805.5999999999999,11.625690607734807,365,362,365,365,0.9917808219178083,annual
40797,2018,1079.5400000000002,11.491735537190083,365,363,365,365,0.9945205479452055,annual
40797,2019,1976.8300000000002,10.105602240896358,365,357,365,365,0.9780821917808219,annual
40797,2020,1260.23,10.573109243697479,366,357,366,366,0.9754098360655737,annual
40797,2021,756.39,11.969806094182827,365,361,365,365,0.989041095890411,annual
40797,2022,1338.3799999999999,11.376044568245126,365,359,365,365,0.9835616438356164,annual
40797,2023,1199.21,10.582920110192838,363,363,365,365,0.9945205479452055,annual
40797,2024,1264.52,11.169125683060109,366,366,366,366,1.0,annual
40798,1991,462.26,12.03178082191781,365,365,365,365,1.0,annual
40798,1992,321.12,10.06120218579235,366,366,366,366,1.0,annual
40798,1993,470.69,11.707397260273972,365,365,365,365,1.0,annual
40798,1994,371.99,12.193406593406593,365,364,365,365,0.9972602739726028,annual
40798,1995,223.07999999999998,11.704109589041096,365,365,365,365,1.0,annual
40798,1996,425.57,11.694535519125683,366,366,366,366,1.0,annual
40798,1997,329.52,11.466849315068492,365,365,365,365,1.0,annual
40798,1998,229.35000000000002,12.618082191780823,364,365,365,365,0.9972602739726028,annual
40798,1999,232.27999999999997,12.792328767123287,365,365,365,365,1.0,annual
40798,2000,242.71,12.269945355191258,366,366,366,366,1.0,annual
40798,2001,276.51,12.892602739726028,365,365,365,365,1.0,annual
40798,2002,345.06,12.722739726027397,365,365,365,365,1.0,annual
40798,2003,278.48,11.429589041095891,365,365,365,365,1.0,annual
40798,2004,459.21999999999997,11.219945355191257,366,366,366,366,1.0,annual
40798,2005,375.28,10.967032967032967,365,364,365,365,0.9972602739726028,annual
40798,2006,527.5699999999999,10.904120879120878,365,364,365,365,0.9972602739726028,annual
40798,2007,304.02,10.450958904109589,365,365,365,365,1.0,annual
40798,2008,140.92000000000002,11.237704918032787,366,366,366,366,1.0,annual
40798,2009,439.95,10.770604395604396,365,364,365,365,0.9972602739726028,annual
40798,2010,209.32,12.166027397260274,365,365,365,365,1.0,annual
40798,2011,312.76,11.496986301369862,365,365,365,365,1.0,annual
40798,2012,382.18999999999994,11.275956284153006,366,366,366,366,1.0,annual
40798,2013,270.62,11.857983193277311,365,357,365,365,0.9780821917808219,annual
40798,2014,302.97,10.912121212121212,365,363,365,365,0.9945205479452055,annual
40798,2015,316.12,12.412983425414364,365,362,365,365,0.9917808219178083,annual
40798,2016,302.83000000000004,12.490581717451525,366,361,366,366,0.9863387978142076,annual
40798,2017,154.13000000000002,12.385439560439561,365,364,365,365,0.9972602739726028,annual
40798,2018,262.54,13.218181818181817,365,363,365,365,0.9945205479452055,annual
40798,2019,357.27000000000004,11.9595567867036,365,361,365,365,0.989041095890411,annual
40798,2020,288.67,12.230662983425415,366,362,366,366,0.9890710382513661,annual
40798,2021,179.32999999999998,13.203324099722991,365,361,365,365,0.989041095890411,annual
40798,2022,303.3,12.93213296398892,365,361,365,365,0.989041095890411,annual
40798,2023,232.54,11.80111111111111,364,360,365,365,0.9863013698630136,annual
40798,2024,246.27999999999997,12.574380165289256,365,363,366,366,0.9918032786885246,annual
40799,1991,,,0,0,365,365,0.0,annual
40799,1992,154.35999999999999,17.991803278688526,366,366,366,366,1.0,annual
40799,1993,109.0,18.322739726027397,365,365,365,365,1.0,annual
40799,1994,66.05,19.971780821917807,365,365,365,365,1.0,annual
40799,1995,122.08000000000001,20.266575342465753,365,365,365,365,1.0,annual
40799,1996,204.27,19.36393442622951,366,366,366,366,1.0,annual
40799,1997,72.6,20.265479452054795,365,365,365,365,1.0,annual
40799,1998,109.56,20.63945205479452,365,365,365,365,1.0,annual
40799,1999,129.94,20.634520547945208,365,365,365,365,1.0,annual
40799,2000,129.19,20.353005464480873,366,366,366,366,1.0,annual
40799,2001,60.56,21.012876712328765,365,365,365,365,1.0,annual
40799,2002,115.05000000000001,20.86794520547945,365,365,365,365,1.0,annual
40799,2003,108.85000000000001,20.27260273972603,365,365,365,365,1.0,annual
40799,2004,134.73999999999998,20.448633879781422,366,366,366,366,1.0,annual
40799,2005,106.41999999999999,20.50082191780822,365,365,365,365,1.0,annual
40799,2006,176.72000000000003,20.54794520547945,365,365,365,365,1.0,annual
40799,2007,147.29,20.0986301369863,365,365,365,365,1.0,annual
40799,2008,177.64,19.852459016393443,366,366,366,366,1.0,annual
40799,2009,175.61,20.2,365,365,365,365,1.0,annual
40799,2010,85.02999999999999,21.892602739726026,365,365,365,365,1.0,annual
40799,2011,172.86,20.04082191780822,365,365,365,365,1.0,annual
40799,2012,187.85,19.73169398907104,366,366,366,366,1.0,annual
40799,2013,137.82999999999998,20.93573407202216,365,361,365,365,0.989041095890411,annual
40799,2014,157.3,20.605248618784533,365,362,365,365,0.9917808219178083,annual
40799,2015,109.89,21.055833333333336,365,360,365,365,0.9863013698630136,annual
40799,2016,54.51,21.306593406593407,366,364,366,366,0.994535519125683,annual
40799,2017,99.3,19.928296703296702,365,364,365,365,0.9972602739726028,annual
40799,2018,144.34,20.07645429362881,365,361,365,365,0.989041095890411,annual
40799,2019,182.73000000000002,19.50275482093664,365,363,365,365,0.9945205479452055,annual
40799,2020,179.83,19.187465181058496,366,359,366,366,0.9808743169398907,annual
40799,2021,81.59,20.665384615384614,365,364,365,365,0.9972602739726028,annual
40799,2022,71.43,20.643490304709143,365,361,365,365,0.989041095890411,annual
40799,2023,118.2,20.686849315068493,365,365,365,365,1.0,annual
40799,2024,120.72,20.11758241758242,365,364,366,366,0.994535519125683,annual
40800,1991,122.53999999999999,16.898904109589044,365,365,365,365,1.0,annual
40800,1992,122.67,15.429508196721311,366,366,366,366,1.0,annual
40800,1993,198.89,16.324383561643835,365,365,365,365,1.0,annual
40800,1994,75.96999999999998,19.12986111111111,288,288,365,365,0.7890410958904109,annual
40800,1995,123.03999999999999,15.922739726027398,365,365,365,365,1.0,annual
40800,1996,148.01,15.585792349726775,366,366,366,366,1.0,annual
40800,1997,121.64,16.283287671232877,365,365,365,365,1.0,annual
40800,1998,157.03,16.702465753424658,365,365,365,365,1.0,annual
40800,1999,115.39000000000001,16.901917808219178,365,365,365,365,1.0,annual
40800,2000,88.15,16.890983606557377,366,366,366,366,1.0,annual
40800,2001,91.31,17.634246575342466,365,365,365,365,1.0,annual
40800,2002,126.66999999999999,17.483287671232876,365,365,365,365,1.0,annual
40800,2003,127.88000000000001,17.09917808219178,365,365,365,365,1.0,annual
40800,2004,215.74,17.047267759562843,366,366,366,366,1.0,annual
40800,2005,120.97,17.258356164383564,365,365,365,365,1.0,annual
40800,2006,250.03999999999996,17.03890410958904,365,365,365,365,1.0,annual
40800,2007,166.32,16.706301369863013,365,365,365,365,1.0,annual
40800,2008,40.900000000000006,17.17704918032787,366,366,366,366,1.0,annual
40800,2009,186.66,17.104931506849315,365,365,365,365,1.0,annual
40800,2010,108.88,18.179726027397262,365,365,365,365,1.0,annual
40800,2011,153.26999999999998,17.391506849315068,365,365,365,365,1.0,annual
40800,2012,214.33999999999997,16.73497267759563,366,366,366,366,1.0,annual
40800,2013,90.84,17.823351648351647,365,364,365,365,0.9972602739726028,annual
40800,2014,157.84,17.28131868131868,365,364,365,365,0.9972602739726028,annual
40800,2015,102.83000000000001,17.893150684931506,365,365,365,365,1.0,annual
40800,2016,54.67,18.142896174863388,366,366,366,366,1.0,annual
40800,2017,80.24,17.86620879120879,365,364,365,365,0.9972602739726028,annual
40800,2018,128.82,18.21260273972603,365,365,365,365,1.0,annual
40800,2019,176.07,17.447945205479453,365,365,365,365,1.0,annual
40800,2020,128.32,17.583561643835615,366,365,366,366,0.9972677595628415,annual
40800,2021,63.61,19.18916666666667,365,360,365,365,0.9863013698630136,annual
40800,2022,92.10999999999999,18.988429752066118,365,363,365,365,0.9945205479452055,annual
40800,2023,150.9,18.665096952908588,364,361,365,365,0.989041095890411,annual
40800,2024,122.22,18.81565934065934,365,364,366,366,0.994535519125683,annual
40801,1991,,,0,0,365,365,0.0,annual
40801,1992,82.92,19.742156862745098,306,306,366,366,0.8360655737704918,annual
40801,1993,111.19,16.62931506849315,365,365,365,365,1.0,annual
40801,1994,87.17,18.56986301369863,365,365,365,365,1.0,annual
40801,1995,126.55,18.491780821917807,365,365,365,365,1.0,annual
40801,1996,155.45,17.901639344262296,366,366,366,366,1.0,annual
40801,1997,79.65,18.653150684931507,365,365,365,365,1.0,annual
40801,1998,107.82,19.48301369863014,365,365,365,365,1.0,annual
40801,1999,181.23000000000002,19.20164383561644,365,365,365,365,1.0,annual
40801,2000,66.23,18.613387978142075,366,366,366,366,1.0,annual
40801,2001,55.0,19.695068493150686,365,365,365,365,1.0,annual
40801,2002,91.74000000000001,19.35232876712329,365,365,365,365,1.0,annual
40801,2003,59.42999999999999,19.13013698630137,365,365,365,365,1.0,annual
40801,2004,91.16,19.108196721311476,366,366,366,366,1.0,annual
40801,2005,52.74,19.126027397260273,365,365,365,365,1.0,annual
40801,2006,107.68,19.06054794520548,365,365,365,365,1.0,annual
40801,2007,134.62,18.70986301369863,365,365,365,365,1.0,annual
40801,2008,50.349999999999994,18.227322404371584,366,366,366,366,1.0,annual
40801,2009,110.16,18.757534246575343,365,365,365,365,1.0,annual
40801,2010,78.55000000000001,20.052602739726026,365,365,365,365,1.0,annual
40801,2011,117.61,18.555616438356164,365,365,365,365,1.0,annual
40801,2012,143.24,18.025956284153004,366,366,366,366,1.0,annual
40801,2013,87.10999999999999,19.442659279778393,365,361,365,365,0.989041095890411,annual
40801,2014,107.07,18.728219178082192,365,365,365,365,1.0,annual
40801,2015,75.85,19.159504132231405,365,363,365,365,0.9945205479452055,annual
40801,2016,22.759999999999998,17.81753424657534,366,365,366,366,0.9972677595628415,annual
40801,2017,62.41,17.464285714285715,365,364,365,365,0.9972602739726028,annual
40801,2018,94.97999999999999,17.803867403314918,365,362,365,365,0.9917808219178083,annual
40801,2019,92.21999999999998,17.361983471074378,365,363,365,365,0.9945205479452055,annual
40801,2020,103.78999999999999,16.9601108033241,366,361,366,366,0.9863387978142076,annual
40801,2021,30.03,18.26418732782369,365,363,365,365,0.9945205479452055,annual
40801,2022,31.44,18.058241758241756,365,364,365,365,0.9972602739726028,annual
40801,2023,70.25,18.138630136986304,365,365,365,365,1.0,annual
40801,2024,98.32000000000001,17.986065573770492,366,366,366,366,1.0,annual
40802,1991,122.02000000000001,15.072602739726028,365,365,365,365,1.0,annual
40802,1992,103.24,13.719452054794521,366,365,366,366,0.9972677595628415,annual
40802,1993,190.93,14.769315068493151,365,365,365,365,1.0,annual
40802,1994,112.06,15.482967032967034,365,364,365,365,0.9972602739726028,annual
40802,1995,112.07,15.246849315068495,365,365,365,365,1.0,annual
40802,1996,120.18,14.882786885245903,366,366,366,366,1.0,annual
40802,1997,87.14999999999999,15.339178082191781,365,365,365,365,1.0,annual
40802,1998,136.24,16.09260273972603,365,365,365,365,1.0,annual
40802,1999,123.22999999999999,16.0827397260274,365,365,365,365,1.0,annual
40802,2000,79.69999999999999,15.845081967213115,366,366,366,366,1.0,annual
40802,2001,82.3,16.451780821917808,365,365,365,365,1.0,annual
40802,2002,121.35999999999999,16.202747252747255,365,364,365,365,0.9972602739726028,annual
40802,2003,92.28,16.045479452054796,365,365,365,365,1.0,annual
40802,2004,126.96000000000001,15.971857923497268,366,366,366,366,1.0,annual
40802,2005,62.379999999999995,16.08,365,365,365,365,1.0,annual
40802,2006,163.52,16.00958904109589,365,365,365,365,1.0,annual
40802,2007,113.03,15.786849315068492,365,365,365,365,1.0,annual
40802,2008,38.21,16.09153005464481,366,366,366,366,1.0,annual
40802,2009,116.79999999999998,15.874794520547946,365,365,365,365,1.0,annual
40802,2010,54.239999999999995,16.825753424657535,365,365,365,365,1.0,annual
40802,2011,111.17,15.570410958904109,365,365,365,365,1.0,annual
40802,2012,162.21999999999997,15.145081967213116,366,366,366,366,1.0,annual
40802,2013,87.64,16.001373626373628,365,364,365,365,0.9972602739726028,annual
40802,2014,148.02,15.480547945205478,365,365,365,365,1.0,annual
40802,2015,72.67,16.088493150684933,365,365,365,365,1.0,annual
40802,2016,52.19,16.03169398907104,366,366,366,366,1.0,annual
40802,2017,50.14999999999999,15.707671232876713,365,365,365,365,1.0,annual
40802,2018,104.48999999999998,16.316712328767125,365,365,365,365,1.0,annual
40802,2019,107.35,15.772876712328769,365,365,365,365,1.0,annual
40802,2020,110.5,15.654945054945054,366,364,366,366,0.994535519125683,annual
40802,2021,40.129999999999995,16.599452054794522,365,365,365,365,1.0,annual
40802,2022,51.290000000000006,16.42958904109589,365,365,365,365,1.0,annual
40802,2023,118.03,15.984722222222222,365,360,365,365,0.9863013698630136,annual
40802,2024,69.81,16.009972299168975,364,361,366,366,0.9863387978142076,annual
40803,1991,,,0,0,365,365,0.0,annual
40803,1992,89.27,17.123283582089552,335,335,366,366,0.9153005464480874,annual
40803,1993,170.34,16.79808219178082,365,365,365,365,1.0,annual
40803,1994,125.4,17.464109589041094,365,365,365,365,1.0,annual
40803,1995,103.94,16.916483516483517,365,364,365,365,0.9972602739726028,annual
40803,1996,137.67000000000002,15.850273224043715,366,366,366,366,1.0,annual
40803,1997,86.63000000000001,17.476712328767125,365,365,365,365,1.0,annual
40803,1998,127.04,18.107692307692307,364,364,365,365,0.9972602739726028,annual
40803,1999,123.13000000000001,18.131780821917808,365,365,365,365,1.0,annual
40803,2000,70.09,16.646174863387976,366,366,366,366,1.0,annual
40803,2001,68.02,19.135890410958904,365,365,365,365,1.0,annual
40803,2002,112.62,18.67917808219178,365,365,365,365,1.0,annual
40803,2003,99.71000000000001,18.03698630136986,365,365,365,365,1.0,annual
40803,2004,186.51000000000002,17.87896174863388,366,366,366,366,1.0,annual
40803,2005,90.33,18.012328767123286,365,365,365,365,1.0,annual
40803,2006,198.84,17.883835616438358,365,365,365,365,1.0,annual
40803,2007,138.15,17.51835616438356,365,365,365,365,1.0,annual
40803,2008,40.599999999999994,18.196448087431694,366,366,366,366,1.0,annual
40803,2009,173.33999999999997,18.10082191780822,365,365,365,365,1.0,annual
40803,2010,92.02,19.533150684931506,365,365,365,365,1.0,annual
40803,2011,118.73,18.523287671232875,365,365,365,365,1.0,annual
40803,2012,164.76999999999998,18.150546448087432,366,366,366,366,1.0,annual
40803,2013,68.81,18.825,365,364,365,365,0.9972602739726028,annual
40803,2014,142.62,18.364657534246575,365,365,365,365,1.0,annual
40803,2015,71.94999999999999,19.037808219178082,365,365,365,365,1.0,annual
40803,2016,45.92999999999999,19.19808743169399,366,366,366,366,1.0,annual
40803,2017,60.63999999999999,19.046978021978024,365,364,365,365,0.9972602739726028,annual
40803,2018,121.61999999999999,19.512876712328765,365,365,365,365,1.0,annual
40803,2019,99.33000000000001,16.967032967032967,365,364,365,365,0.9972602739726028,annual
40803,2020,95.53,16.40631868131868,366,364,366,366,0.994535519125683,annual
40803,2021,37.33999999999999,17.836944444444445,365,360,365,365,0.9863013698630136,annual
40803,2022,48.36,17.574520547945205,365,365,365,365,1.0,annual
40803,2023,75.61,17.73846153846154,360,364,365,365,0.9863013698630136,annual
40803,2024,108.0,17.597534246575343,366,365,366,366,0.9972677595628415,annual
40809,1991,255.18,15.780547945205479,365,365,365,365,1.0,annual
40809,1992,187.01,15.040163934426229,366,366,366,366,1.0,annual
40809,1993,178.32,15.524383561643834,365,365,365,365,1.0,annual
40809,1994,162.81,16.36082191780822,365,365,365,365,1.0,annual
40809,1995,197.82999999999998,16.17095890410959,365,365,365,365,1.0,annual
40809,1996,220.16999999999996,15.793442622950819,366,366,366,366,1.0,annual
40809,1997,188.76,16.137260273972604,365,365,365,365,1.0,annual
40809,1998,155.78,17.099452054794522,365,365,365,365,1.0,annual
40809,1999,155.07999999999998,17.025753424657534,365,365,365,365,1.0,annual
40809,2000,94.22,17.019945355191258,366,366,366,366,1.0,annual
40809,2001,71.59,17.747252747252748,365,364,365,365,0.9972602739726028,annual
40809,2002,153.16,17.263085399449036,365,363,365,365,0.9945205479452055,annual
40809,2003,140.74,16.716164383561644,365,365,365,365,1.0,annual
40809,2004,126.80999999999999,17.06775956284153,366,366,366,366,1.0,annual
40809,2005,193.07,16.426027397260274,365,365,365,365,1.0,annual
40809,2006,120.53,17.235068493150685,365,365,365,365,1.0,annual
40809,2007,150.82,16.395054945054945,365,364,365,365,0.9972602739726028,annual
40809,2008,111.32,17.019945355191258,366,366,366,366,1.0,annual
40809,2009,226.14,16.960164835164836,365,364,365,365,0.9972602739726028,annual
40809,2010,126.3,17.442739726027398,365,365,365,365,1.0,annual
40809,2011,86.61,16.96301369863014,365,365,365,365,1.0,annual
40809,2012,161.82999999999998,15.795068493150685,366,365,366,366,0.9972677595628415,annual
40809,2013,127.54,17.544011142061283,365,359,365,365,0.9835616438356164,annual
40809,2014,91.2,16.564738292011018,365,363,365,365,0.9945205479452055,annual
40809,2015,164.45,17.290055248618785,365,362,365,365,0.9917808219178083,annual
40809,2016,78.0,17.80986301369863,366,365,366,366,0.9972677595628415,annual
40809,2017,85.04,17.21625344352617,365,363,365,365,0.9945205479452055,annual
40809,2018,119.11999999999999,17.316483516483515,365,364,365,365,0.9972602739726028,annual
40809,2019,205.98,17.155124653739612,365,361,365,365,0.989041095890411,annual
40809,2020,215.09000000000003,16.31662049861496,366,361,366,366,0.9863387978142076,annual
40809,2021,89.38,17.543922651933702,365,362,365,365,0.9917808219178083,annual
40809,2022,85.28999999999999,18.10716253443526,365,363,365,365,0.9945205479452055,annual
40809,2023,100.22,18.276438356164384,365,365,365,365,1.0,annual
40809,2024,158.37,17.981420765027323,366,366,366,366,1.0,annual
40810,1991,399.21999999999997,23.076712328767123,363,365,365,365,0.9945205479452055,annual
40810,1992,285.72999999999996,22.774498567335243,366,349,366,366,0.953551912568306,annual
40810,1993,267.18,24.055685131195336,365,343,365,365,0.9397260273972603,annual
40810,1994,186.10999999999999,24.48820224719101,365,356,365,365,0.9753424657534246,annual
40810,1995,110.65,23.977310924369746,365,357,365,365,0.9780821917808219,annual
40810,1996,263.63,25.23587570621469,366,354,366,366,0.9672131147540983,annual
40810,1997,347.6,24.136389684813754,365,349,365,365,0.9561643835616438,annual
40810,1998,182.2,25.24787535410765,365,353,365,365,0.9671232876712329,annual
40810,1999,172.32,25.58534482758621,365,348,365,365,0.9534246575342465,annual
40810,2000,206.22000000000003,25.197694524495677,366,347,366,366,0.9480874316939891,annual
40810,2001,151.82,25.034246575342465,365,365,365,365,1.0,annual
40810,2002,109.21000000000001,24.795616438356163,365,365,365,365,1.0,annual
40810,2003,204.8,25.016438356164382,365,365,365,365,1.0,annual
40810,2004,260.70000000000005,24.67103825136612,366,366,366,366,1.0,annual
40810,2005,158.21,24.819726027397262,365,365,365,365,1.0,annual
40810,2006,269.4,25.043835616438358,365,365,365,365,1.0,annual
40810,2007,159.3,24.544657534246575,365,365,365,365,1.0,annual
40810,2008,88.9,25.414794520547943,366,365,366,366,0.9972677595628415,annual
40810,2009,125.6,25.380769230769232,365,364,365,365,0.9972602739726028,annual
40810,2010,94.3,26.84945054945055,365,364,365,365,0.9972602739726028,annual
40810,2011,153.89999999999998,24.93763736263736,365,364,365,365,0.9972602739726028,annual
40810,2012,211.10000000000002,25.653424657534245,366,365,366,366,0.9972677595628415,annual
40810,2013,281.21000000000004,24.78956043956044,365,364,365,365,0.9972602739726028,annual
40810,2014,252.8,25.55977961432507,365,363,365,365,0.9945205479452055,annual
40810,2015,225.3,26.35540166204986,365,361,365,365,0.989041095890411,annual
40810,2016,150.5,25.714754098360658,366,366,366,366,1.0,annual
40810,2017,51.7,26.52554945054945,365,364,365,365,0.9972602739726028,annual
40810,2018,306.0,26.584636871508376,365,358,365,365,0.9808219178082191,annual
40810,2019,246.41000000000003,25.934615384615388,365,364,365,365,0.9972602739726028,annual
40810,2020,289.6,26.102747252747253,366,364,366,366,0.994535519125683,annual
40810,2021,69.0,27.119999999999997,365,365,365,365,1.0,annual
40810,2022,171.89999999999998,26.731318681318683,365,364,365,365,0.9972602739726028,annual
40810,2023,258.5,25.733608815426994,364,363,365,365,0.9945205479452055,annual
40810,2024,166.7,25.855922865013778,364,363,366,366,0.9918032786885246,annual
40811,1991,410.31999999999994,25.11878453038674,365,362,365,365,0.9917808219178083,annual
40811,1992,306.0,24.15846994535519,366,366,366,366,1.0,annual
40811,1993,219.32999999999998,25.414794520547943,365,365,365,365,1.0,annual
40811,1994,228.28000000000003,26.132596685082873,365,362,365,365,0.9917808219178083,annual
40811,1995,86.36999999999999,26.238372093023255,365,344,365,365,0.9424657534246575,annual
40811,1996,290.1,26.716666666666665,366,360,366,366,0.9836065573770492,annual
40811,1997,468.96,25.458082191780825,365,365,365,365,1.0,annual
40811,1998,170.95,26.874520547945206,365,365,365,365,1.0,annual
40811,1999,179.57999999999998,26.78849315068493,365,365,365,365,1.0,annual
40811,2000,234.95999999999998,26.398360655737704,366,366,366,366,1.0,annual
40811,2001,227.40000000000003,26.802465753424656,365,365,365,365,1.0,annual
40811,2002,171.44,26.430958904109588,365,365,365,365,1.0,annual
40811,2003,218.76000000000002,26.593406593406595,365,364,365,365,0.9972602739726028,annual
40811,2004,271.99,26.284153005464482,366,366,366,366,1.0,annual
40811,2005,188.23999999999998,26.296164383561646,365,365,365,365,1.0,annual
40811,2006,269.08,26.58082191780822,365,365,365,365,1.0,annual
40811,2007,153.81,26.56657534246575,365,365,365,365,1.0,annual
40811,2008,105.00999999999999,26.96243093922652,366,362,366,366,0.9890710382513661,annual
40811,2009,222.5,26.75178082191781,365,365,365,365,1.0,annual
40811,2010,76.92,27.923013698630136,365,365,365,365,1.0,annual
40811,2011,144.53,26.471823204419888,365,362,365,365,0.9917808219178083,annual
40811,2012,243.73000000000002,26.64590163934426,366,366,366,366,1.0,annual
40811,2013,157.12,26.115934065934066,365,364,365,365,0.9972602739726028,annual
40811,2014,217.35,26.771148459383753,365,357,365,365,0.9780821917808219,annual
40811,2015,245.29999999999998,27.412328767123288,365,365,365,365,1.0,annual
40811,2016,151.79,26.826575342465755,366,365,366,366,0.9972677595628415,annual
40811,2017,74.1,27.49013698630137,365,365,365,365,1.0,annual
40811,2018,319.87999999999994,27.659002770083102,365,361,365,365,0.989041095890411,annual
40811,2019,348.92999999999995,26.870054945054946,365,364,365,365,0.9972602739726028,annual
40811,2020,220.11999999999998,26.84426229508197,366,366,366,366,1.0,annual
40811,2021,90.49,28.126301369863015,365,365,365,365,1.0,annual
40811,2022,119.88999999999999,27.644931506849314,365,365,365,365,1.0,annual
40811,2023,261.38,27.406575342465754,365,365,365,365,1.0,annual
40811,2024,209.17999999999998,27.44109589041096,366,365,366,366,0.9972677595628415,annual
40812,1991,569.49,25.246920821114372,365,341,365,365,0.9342465753424658,annual
40812,1992,613.8299999999999,24.364880952380954,366,336,366,366,0.9180327868852459,annual
40812,1993,611.72,25.33910447761194,365,335,365,365,0.9178082191780822,annual
40812,1994,635.9300000000001,25.768529411764703,365,340,365,365,0.9315068493150684,annual
40812,1995,248.59,25.49971264367816,365,348,365,365,0.9534246575342465,annual
40812,1996,573.5,26.41337209302326,366,344,366,366,0.9398907103825137,annual
40812,1997,544.73,25.110511363636363,365,352,365,365,0.9643835616438357,annual
40812,1998,348.51,27.096176470588237,365,340,365,365,0.9315068493150684,annual
40812,1999,443.81,26.869732937685463,365,337,365,365,0.9232876712328767,annual
40812,2000,372.27,26.420991253644313,366,343,366,366,0.9371584699453552,annual
40812,2001,366.39,26.102191780821915,365,365,365,365,1.0,annual
40812,2002,424.85,25.40054794520548,365,365,365,365,1.0,annual
40812,2003,346.84999999999997,25.604109589041094,365,365,365,365,1.0,annual
40812,2004,500.56,25.45710382513661,366,366,366,366,1.0,annual
40812,2005,414.25999999999993,25.57178082191781,365,365,365,365,1.0,annual
40812,2006,532.24,25.445479452054794,365,365,365,365,1.0,annual
40812,2007,346.98,25.2813698630137,365,365,365,365,1.0,annual
40812,2008,194.40000000000003,25.871584699453553,366,366,366,366,1.0,annual
40812,2009,298.35,25.566027397260275,365,365,365,365,1.0,annual
40812,2010,246.63,27.219452054794523,365,365,365,365,1.0,annual
40812,2011,321.79,25.638904109589042,365,365,365,365,1.0,annual
40812,2012,433.23,25.989071038251367,366,366,366,366,1.0,annual
40812,2013,262.89,25.59178082191781,365,365,365,365,1.0,annual
40812,2014,398.03,26.159833795013853,365,361,365,365,0.989041095890411,annual
40812,2015,447.5400000000001,26.693681318681318,365,364,365,365,0.9972602739726028,annual
40812,2016,381.0,26.340710382513663,366,366,366,366,1.0,annual
40812,2017,141.71,27.03917808219178,365,365,365,365,1.0,annual
40812,2018,493.31,26.60980392156863,365,357,365,365,0.9780821917808219,annual
40812,2019,547.35,26.03543956043956,365,364,365,365,0.9972602739726028,annual
40812,2020,444.51,26.238842975206612,366,363,366,366,0.9918032786885246,annual
40812,2021,132.15,27.284657534246573,365,365,365,365,1.0,annual
40812,2022,235.77,26.70631868131868,365,364,365,365,0.9972602739726028,annual
40812,2023,408.47,26.302465753424656,365,365,365,365,1.0,annual
40812,2024,325.45,26.343131868131866,366,364,366,366,0.994535519125683,annual
40813,1991,407.83,25.018457300275482,365,363,365,365,0.9945205479452055,annual
40813,1992,309.73,24.488732394366195,366,355,366,366,0.9699453551912568,annual
40813,1993,320.45000000000005,25.714565826330535,365,357,365,365,0.9780821917808219,annual
40813,1994,310.51000000000005,26.229378531073447,365,354,365,365,0.9698630136986301,annual
40813,1995,213.9,25.916480446927377,365,358,365,365,0.9808219178082191,annual
40813,1996,488.4,27.03861111111111,366,360,366,366,0.9836065573770492,annual
40813,1997,515.3,25.884788732394366,365,355,365,365,0.9726027397260274,annual
40813,1998,250.2,27.659888579387186,365,359,365,365,0.9835616438356164,annual
40813,1999,391.70000000000005,27.389635854341737,365,357,365,365,0.9780821917808219,annual
40813,2000,292.8,27.19634831460674,366,356,366,366,0.9726775956284153,annual
40813,2001,279.90000000000003,27.184383561643834,365,365,365,365,1.0,annual
40813,2002,386.1,26.63808219178082,365,365,365,365,1.0,annual
40813,2003,179.2,26.875068493150685,365,365,365,365,1.0,annual
40813,2004,436.59999999999997,26.566939890710383,366,366,366,366,1.0,annual
40813,2005,310.8,26.70958904109589,365,365,365,365,1.0,annual
40813,2006,378.0,26.94876712328767,365,365,365,365,1.0,annual
40813,2007,185.89999999999998,26.955342465753425,365,365,365,365,1.0,annual
40813,2008,148.7,27.107650273224042,366,366,366,366,1.0,annual
40813,2009,250.0,26.905753424657536,365,365,365,365,1.0,annual
40813,2010,135.10000000000002,28.10630136986301,365,365,365,365,1.0,annual
40813,2011,176.3,26.88712328767123,365,365,365,365,1.0,annual
40813,2012,306.0,27.182513661202183,366,366,366,366,1.0,annual
40813,2013,196.9,26.654246575342462,365,365,365,365,1.0,annual
40813,2014,228.10000000000002,27.265289256198344,365,363,365,365,0.9945205479452055,annual
40813,2015,275.0,27.916758241758245,365,364,365,365,0.9972602739726028,annual
40813,2016,230.79999999999995,27.559562841530052,366,366,366,366,1.0,annual
40813,2017,133.29999999999998,28.431593406593407,365,364,365,365,0.9972602739726028,annual
40813,2018,295.70000000000005,27.89860335195531,365,358,365,365,0.9808219178082191,annual
40813,2019,336.5,27.301388888888887,365,360,365,365,0.9863013698630136,annual
40813,2020,401.1,27.456830601092896,366,366,366,366,1.0,annual
40813,2021,177.41,28.856438356164386,365,365,365,365,1.0,annual
40813,2022,220.73000000000002,28.233424657534247,365,365,365,365,1.0,annual
40813,2023,334.4200000000001,27.783013698630135,365,365,365,365,1.0,annual
40813,2024,220.59999999999997,27.770958904109587,366,365,366,366,0.9972677595628415,annual
40818,1991,247.89,14.726301369863014,365,365,365,365,1.0,annual
40818,1992,116.35000000000001,12.434426229508198,366,366,366,366,1.0,annual
40818,1993,119.41999999999999,13.70576923076923,365,364,365,365,0.9972602739726028,annual
40818,1994,216.28000000000003,14.345205479452055,365,365,365,365,1.0,annual
40818,1995,191.04000000000002,13.865479452054794,365,365,365,365,1.0,annual
40818,1996,126.91,13.846575342465753,366,365,366,366,0.9972677595628415,annual
40818,1997,121.43,13.930684931506848,365,365,365,365,1.0,annual
40818,1998,57.800000000000004,14.976986301369864,365,365,365,365,1.0,annual
40818,1999,134.34,14.798904109589042,365,365,365,365,1.0,annual
40818,2000,95.19999999999999,14.593715846994536,366,366,366,366,1.0,annual
40818,2001,140.53,15.251780821917807,365,365,365,365,1.0,annual
40818,2002,127.25999999999999,14.835342465753424,365,365,365,365,1.0,annual
40818,2003,159.51,14.957260273972603,365,365,365,365,1.0,annual
40818,2004,330.57,14.625409836065574,366,366,366,366,1.0,annual
40818,2005,67.21,14.664109589041095,365,365,365,365,1.0,annual
40818,2006,121.25,14.73095890410959,365,365,365,365,1.0,annual
40818,2007,152.82,14.468493150684932,365,365,365,365,1.0,annual
40818,2008,36.51,14.754098360655737,366,366,366,366,1.0,annual
40818,2009,158.17000000000002,14.684931506849315,365,365,365,365,1.0,annual
40818,2010,35.68,15.485205479452055,365,365,365,365,1.0,annual
40818,2011,148.62,14.743835616438357,365,365,365,365,1.0,annual
40818,2012,144.43,14.137704918032785,366,366,366,366,1.0,annual
40818,2013,158.29000000000002,15.04931506849315,365,365,365,365,1.0,annual
40818,2014,130.2,14.490958904109588,365,365,365,365,1.0,annual
40818,2015,116.29,15.142659279778393,365,361,365,365,0.989041095890411,annual
40818,2016,69.74,15.563934426229507,366,366,366,366,1.0,annual
40818,2017,87.57,15.336813186813188,365,364,365,365,0.9972602739726028,annual
40818,2018,105.18,15.726301369863014,365,365,365,365,1.0,annual
40818,2019,216.68,15.609972299168975,365,361,365,365,0.989041095890411,annual
40818,2020,301.45,15.242857142857142,366,364,366,366,0.994535519125683,annual
40818,2021,75.19,15.973407202216066,365,361,365,365,0.989041095890411,annual
40818,2022,133.93,15.758126721763086,365,363,365,365,0.9945205479452055,annual
40818,2023,121.72,15.42082191780822,365,365,365,365,1.0,annual
40818,2024,140.77,15.687704918032786,366,366,366,366,1.0,annual
40821,1991,92.17,19.102739726027398,365,365,365,365,1.0,annual
40821,1992,48.019999999999996,18.072131147540983,366,366,366,366,1.0,annual
40821,1993,75.34,18.91780821917808,365,365,365,365,1.0,annual
40821,1994,31.22,19.944109589041098,365,365,365,365,1.0,annual
40821,1995,87.38,19.49205479452055,365,365,365,365,1.0,annual
40821,1996,45.83,19.04945355191257,366,366,366,366,1.0,annual
40821,1997,46.01,19.797534246575342,365,365,365,365,1.0,annual
40821,1998,26.120000000000005,20.476438356164383,365,365,365,365,1.0,annual
40821,1999,110.42999999999999,20.224657534246575,365,365,365,365,1.0,annual
40821,2000,44.98,20.120765027322403,366,366,366,366,1.0,annual
40821,2001,62.94,20.926575342465753,365,365,365,365,1.0,annual
40821,2002,46.95,20.585479452054795,365,365,365,365,1.0,annual
40821,2003,54.24,20.498356164383562,365,365,365,365,1.0,annual
40821,2004,73.14999999999999,20.481369863013697,366,365,366,366,0.9972677595628415,annual
40821,2005,19.02,20.48301369863014,365,365,365,365,1.0,annual
40821,2006,52.410000000000004,20.453972602739725,365,365,365,365,1.0,annual
40821,2007,41.419999999999995,20.14164383561644,365,365,365,365,1.0,annual
40821,2008,56.17,20.003825136612022,366,366,366,366,1.0,annual
40821,2009,59.05,20.49972602739726,365,365,365,365,1.0,annual
40821,2010,9.36,21.40219178082192,365,365,365,365,1.0,annual
40821,2011,48.650000000000006,20.414520547945205,365,365,365,365,1.0,annual
40821,2012,53.019999999999996,19.857103825136612,366,366,366,366,1.0,annual
40821,2013,49.120000000000005,21.14281767955801,365,362,365,365,0.9917808219178083,annual
40821,2014,56.93,20.660989010989013,365,364,365,365,0.9972602739726028,annual
40821,2015,46.75999999999999,21.40611111111111,365,360,365,365,0.9863013698630136,annual
40821,2016,23.919999999999998,21.60054794520548,366,365,366,366,0.9972677595628415,annual
40821,2017,26.12,21.165109890109893,365,364,365,365,0.9972602739726028,annual
40821,2018,38.96,21.447252747252747,365,364,365,365,0.9972602739726028,annual
40821,2019,87.56,21.008767123287672,365,365,365,365,1.0,annual
40821,2020,67.84,20.482777777777777,366,360,366,366,0.9836065573770492,annual
40821,2021,60.719999999999985,21.903888888888886,365,360,365,365,0.9863013698630136,annual
40821,2022,83.19999999999999,21.63214285714286,365,364,365,365,0.9972602739726028,annual
40821,2023,51.400000000000006,21.856712328767124,365,365,365,365,1.0,annual
40821,2024,90.2,21.75464480874317,364,366,366,366,0.994535519125683,annual
40827,1991,307.03,19.88269230769231,365,364,365,365,0.9972602739726028,annual
40827,1992,190.51999999999998,18.446567164179104,335,335,366,366,0.9153005464480874,annual
40827,1993,196.92,20.128219178082194,365,365,365,365,1.0,annual
40827,1994,77.64,21.772328767123287,365,365,365,365,1.0,annual
40827,1995,170.86,21.573150684931505,365,365,365,365,1.0,annual
40827,1996,228.01,20.51256830601093,366,366,366,366,1.0,annual
40827,1997,185.53000000000003,21.336164383561645,365,365,365,365,1.0,annual
40827,1998,74.08999999999999,22.46794520547945,365,365,365,365,1.0,annual
40827,1999,195.58,22.176986301369865,365,365,365,365,1.0,annual
40827,2000,116.41,22.292622950819673,366,366,366,366,1.0,annual
40827,2001,14.04,23.276438356164384,364,365,365,365,0.9972602739726028,annual
40827,2002,87.76,22.70328767123288,365,365,365,365,1.0,annual
40827,2003,51.870000000000005,22.185753424657534,365,365,365,365,1.0,annual
40827,2004,99.19,22.74398907103825,366,366,366,366,1.0,annual
40827,2005,150.45999999999998,21.73369863013699,365,365,365,365,1.0,annual
40827,2006,64.65,21.005205479452055,365,365,365,365,1.0,annual
40827,2007,142.93,19.985205479452055,365,365,365,365,1.0,annual
40827,2008,68.93,20.254395604395604,366,364,366,366,0.994535519125683,annual
40827,2009,140.66,20.334794520547945,365,365,365,365,1.0,annual
40827,2010,29.229999999999997,21.02,365,365,365,365,1.0,annual
40827,2011,113.82000000000001,20.436986301369863,365,365,365,365,1.0,annual
40827,2012,125.31999999999998,19.40792349726776,366,366,366,366,1.0,annual
40827,2013,37.74,20.65412087912088,365,364,365,365,0.9972602739726028,annual
40827,2014,164.79,19.973204419889502,365,362,365,365,0.9917808219178083,annual
40827,2015,161.91,21.317032967032965,365,364,365,365,0.9972602739726028,annual
40827,2016,63.94,21.172677595628414,366,366,366,366,1.0,annual
40827,2017,60.57,20.876584022038568,365,363,365,365,0.9945205479452055,annual
40827,2018,37.099999999999994,20.862739726027396,365,365,365,365,1.0,annual
40827,2019,99.64999999999999,20.574655647382922,365,363,365,365,0.9945205479452055,annual
40827,2020,159.18,19.714876033057852,366,363,366,366,0.9918032786885246,annual
40827,2021,46.29,21.051923076923075,365,364,365,365,0.9972602739726028,annual
40827,2022,135.79,21.43884297520661,365,363,365,365,0.9945205479452055,annual
40827,2023,50.64,21.76767123287671,365,365,365,365,1.0,annual
40827,2024,105.55000000000001,21.393150684931506,366,365,366,366,0.9972677595628415,annual
40829,1991,85.92,20.903835616438354,365,365,365,365,1.0,annual
40829,1992,80.98000000000002,20.39262295081967,366,366,366,366,1.0,annual
40829,1993,52.470000000000006,20.974520547945204,365,365,365,365,1.0,annual
40829,1994,116.75,22.019726027397258,365,365,365,365,1.0,annual
40829,1995,76.3,21.969315068493152,365,365,365,365,1.0,annual
40829,1996,84.39,20.9827868852459,366,366,366,366,1.0,annual
40829,1997,76.42999999999999,21.9013698630137,365,365,365,365,1.0,annual
40829,1998,61.32,22.221917808219178,365,365,365,365,1.0,annual
40829,1999,87.56000000000002,22.237534246575343,365,365,365,365,1.0,annual
40829,2000,26.819999999999997,22.850546448087428,366,366,366,366,1.0,annual
40829,2001,7.209999999999999,23.543561643835616,365,365,365,365,1.0,annual
40829,2002,37.52,23.07150684931507,365,365,365,365,1.0,annual
40829,2003,32.31,22.443287671232877,365,365,365,365,1.0,annual
40829,2004,51.11,23.260655737704916,366,366,366,366,1.0,annual
40829,2005,129.54,21.96246575342466,365,365,365,365,1.0,annual
40829,2006,24.83,23.59315068493151,365,365,365,365,1.0,annual
40829,2007,40.529999999999994,22.15890410958904,365,365,365,365,1.0,annual
40829,2008,20.16,22.740437158469945,366,366,366,366,1.0,annual
40829,2009,45.74999999999999,22.91041095890411,365,365,365,365,1.0,annual
40829,2010,6.869999999999999,23.392876712328768,365,365,365,365,1.0,annual
40829,2011,33.09,23.008219178082193,365,365,365,365,1.0,annual
40829,2012,41.42,22.47896174863388,366,366,366,366,1.0,annual
40829,2013,23.560000000000002,23.265479452054795,365,365,365,365,1.0,annual
40829,2014,49.54,22.440883977900555,365,362,365,365,0.9917808219178083,annual
40829,2015,68.16,23.287362637362637,365,364,365,365,0.9972602739726028,annual
40829,2016,38.54,23.56639344262295,366,366,366,366,1.0,annual
40829,2017,20.0,23.174380165289254,365,363,365,365,0.9945205479452055,annual
40829,2018,11.339999999999998,23.56657534246575,365,365,365,365,1.0,annual
40829,2019,66.31,22.924242424242426,365,363,365,365,0.9945205479452055,annual
40829,2020,72.61,21.75068493150685,366,365,366,366,0.9972677595628415,annual
40829,2021,9.91,23.53287671232877,365,365,365,365,1.0,annual
40829,2022,60.620000000000005,24.25,365,364,365,365,0.9972602739726028,annual
40829,2023,35.150000000000006,24.59205479452055,365,365,365,365,1.0,annual
40829,2024,37.63999999999999,24.105737704918035,366,366,366,366,1.0,annual
40831,1991,294.44,25.212912087912088,365,364,365,365,0.9972602739726028,annual
40831,1992,153.84000000000003,24.077961432506886,366,363,366,366,0.9918032786885246,annual
40831,1993,178.12,25.361263736263737,365,364,365,365,0.9972602739726028,annual
40831,1994,227.07000000000002,25.9,365,365,365,365,1.0,annual
40831,1995,147.0,25.6186301369863,365,365,365,365,1.0,annual
40831,1996,176.7,26.841242937853107,366,354,366,366,0.9672131147540983,annual
40831,1997,236.22000000000003,25.42219178082192,365,365,365,365,1.0,annual
40831,1998,88.92000000000002,26.632602739726025,365,365,365,365,1.0,annual
40831,1999,228.49999999999997,26.724383561643833,365,365,365,365,1.0,annual
40831,2000,155.55,26.406284153005465,366,366,366,366,1.0,annual
40831,2001,191.34,26.763013698630136,365,365,365,365,1.0,annual
40831,2002,114.63999999999999,26.547671232876713,365,365,365,365,1.0,annual
40831,2003,115.21000000000001,26.645753424657535,365,365,365,365,1.0,annual
40831,2004,208.08,26.336885245901637,366,366,366,366,1.0,annual
40831,2005,192.06,26.19698630136986,365,365,365,365,1.0,annual
40831,2006,198.03,26.42445054945055,365,364,365,365,0.9972602739726028,annual
40831,2007,144.18,26.374309392265193,365,362,365,365,0.9917808219178083,annual
40831,2008,102.65,26.506318681318678,366,364,366,366,0.994535519125683,annual
40831,2009,123.73,26.758516483516484,365,364,365,365,0.9972602739726028,annual
40831,2010,36.85000000000001,28.21510989010989,365,364,365,365,0.9972602739726028,annual
40831,2011,72.82,26.32958904109589,365,365,365,365,1.0,annual
40831,2012,137.57999999999998,27.01775956284153,366,366,366,366,1.0,annual
40831,2013,107.06,26.583516483516483,365,364,365,365,0.9972602739726028,annual
40831,2014,99.76000000000002,27.029558011049726,365,362,365,365,0.9917808219178083,annual
40831,2015,148.56,27.484679665738163,365,359,365,365,0.9835616438356164,annual
40831,2016,111.63,27.27307692307692,366,364,366,366,0.994535519125683,annual
40831,2017,73.75,27.948076923076925,365,364,365,365,0.9972602739726028,annual
40831,2018,192.95,27.931754874651812,365,359,365,365,0.9835616438356164,annual
40831,2019,275.16,27.435439560439562,365,364,365,365,0.9972602739726028,annual
40831,2020,127.59,27.555191256830604,366,366,366,366,1.0,annual
40831,2021,58.150000000000006,28.391232876712326,365,365,365,365,1.0,annual
40831,2022,117.46000000000001,27.999178082191783,365,365,365,365,1.0,annual
40831,2023,178.5,27.675274725274722,365,364,365,365,0.9972602739726028,annual
40831,2024,99.85,27.38739726027397,366,365,366,366,0.9972677595628415,annual
40832,1991,286.2,25.575872093023257,365,344,365,365,0.9424657534246575,annual
40832,1992,276.62,24.56549707602339,366,342,366,366,0.9344262295081968,annual
40832,1993,208.23,25.508333333333333,365,348,365,365,0.9534246575342465,annual
40832,1994,349.53,25.917478510028655,365,349,365,365,0.9561643835616438,annual
40832,1995,214.02999999999997,25.544126074498568,365,349,365,365,0.9561643835616438,annual
40832,1996,226.21000000000004,26.27887323943662,366,355,366,366,0.9699453551912568,annual
40832,1997,341.40999999999997,25.385714285714286,365,350,365,365,0.958904109589041,annual
40832,1998,188.91,26.75677233429395,365,347,365,365,0.9506849315068493,annual
40832,1999,340.2,26.75462427745665,365,346,365,365,0.947945205479452,annual
40832,2000,146.28,26.398260869565217,366,345,366,366,0.9426229508196722,annual
40832,2001,184.03,26.201095890410958,365,365,365,365,1.0,annual
40832,2002,166.23999999999998,25.972602739726028,365,365,365,365,1.0,annual
40832,2003,133.73,26.132602739726025,365,365,365,365,1.0,annual
40832,2004,213.26999999999998,25.81366120218579,366,366,366,366,1.0,annual
40832,2005,193.16,25.872054794520547,365,365,365,365,1.0,annual
40832,2006,229.14,26.20657534246575,365,365,365,365,1.0,annual
40832,2007,132.45999999999998,26.16958904109589,365,365,365,365,1.0,annual
40832,2008,88.44,26.168032786885245,366,366,366,366,1.0,annual
40832,2009,223.95999999999998,26.242465753424657,365,365,365,365,1.0,annual
40832,2010,41.16,27.289315068493153,365,365,365,365,1.0,annual
40832,2011,134.37,26.101369863013698,365,365,365,365,1.0,annual
40832,2012,245.73,26.536065573770493,366,366,366,366,1.0,annual
40832,2013,157.73000000000002,25.878082191780823,365,365,365,365,1.0,annual
40832,2014,155.01000000000002,26.478729281767954,365,362,365,365,0.9917808219178083,annual
40832,2015,211.95000000000005,27.056473829201103,365,363,365,365,0.9945205479452055,annual
40832,2016,106.28999999999999,26.536065573770493,366,366,366,366,1.0,annual
40832,2017,269.1,27.193956043956046,365,364,365,365,0.9972602739726028,annual
40832,2018,315.9,27.278991596638658,365,357,365,365,0.9780821917808219,annual
40832,2019,221.94000000000003,26.7239010989011,365,364,365,365,0.9972602739726028,annual
40832,2020,359.83,26.730327868852456,366,366,366,366,1.0,annual
40832,2021,140.58,27.56986301369863,365,365,365,365,1.0,annual
40832,2022,136.25,27.05934065934066,365,364,365,365,0.9972602739726028,annual
40832,2023,233.34,26.80630136986301,365,365,365,365,1.0,annual
40832,2024,199.57000000000002,27.022404371584702,366,366,366,366,1.0,annual
40833,1991,304.6,18.89718309859155,365,71,365,365,0.19452054794520549,annual
40833,1992,259.4,24.203021978021976,366,364,366,366,0.994535519125683,annual
40833,1993,259.20000000000005,25.296438356164387,365,365,365,365,1.0,annual
40833,1994,374.1,25.75564738292011,365,363,365,365,0.9945205479452055,annual
40833,1995,356.62,25.144109589041097,365,365,365,365,1.0,annual
40833,1996,293.33,26.163387978142076,366,366,366,366,1.0,annual
40833,1997,379.12,25.602571428571427,365,350,365,365,0.958904109589041,annual
40833,1998,256.6,26.494520547945207,365,365,365,365,1.0,annual
40833,1999,379.4,26.278082191780822,365,365,365,365,1.0,annual
40833,2000,190.8,26.192876712328765,366,365,366,366,0.9972677595628415,annual
40833,2001,202.4,26.432876712328767,365,365,365,365,1.0,annual
40833,2002,410.73,25.852054794520548,365,365,365,365,1.0,annual
40833,2003,193.72000000000003,26.313150684931504,365,365,365,365,1.0,annual
40833,2004,293.95,25.87103825136612,366,366,366,366,1.0,annual
40833,2005,283.96999999999997,25.98269230769231,365,364,365,365,0.9972602739726028,annual
40833,2006,322.96,26.115616438356167,365,365,365,365,1.0,annual
40833,2007,180.34,26.146575342465752,365,365,365,365,1.0,annual
40833,2008,140.76999999999998,26.40218579234973,366,366,366,366,1.0,annual
40833,2009,324.13,26.51123287671233,365,365,365,365,1.0,annual
40833,2010,97.74000000000001,27.503835616438355,365,365,365,365,1.0,annual
40833,2011,216.88000000000002,26.09752747252747,365,364,365,365,0.9972602739726028,annual
40833,2012,254.74999999999997,26.73068493150685,366,365,366,366,0.9972677595628415,annual
40833,2013,156.25,26.084931506849315,365,365,365,365,1.0,annual
40833,2014,262.71999999999997,26.664166666666667,365,360,365,365,0.9863013698630136,annual
40833,2015,271.21000000000004,27.479726027397263,365,365,365,365,1.0,annual
40833,2016,156.31,26.801639344262295,366,366,366,366,1.0,annual
40833,2017,180.43,27.700824175824177,365,364,365,365,0.9972602739726028,annual
40833,2018,314.68999999999994,27.489106145251398,365,358,365,365,0.9808219178082191,annual
40833,2019,301.33,26.969041095890415,365,365,365,365,1.0,annual
40833,2020,299.9,27.150546448087432,366,366,366,366,1.0,annual
40833,2021,225.1,27.79478021978022,365,364,365,365,0.9972602739726028,annual
40833,2022,166.01,27.674794520547945,365,365,365,365,1.0,annual
40833,2023,291.29999999999995,27.2586301369863,365,365,365,365,1.0,annual
40833,2024,183.8,27.280601092896177,366,366,366,366,1.0,annual
40835,1991,707.16,22.434393063583816,364,346,365,365,0.947945205479452,annual
40835,1992,299.01,22.318543046357615,305,302,366,366,0.825136612021858,annual
40835,1993,84.80000000000001,26.39265306122449,245,245,365,365,0.6712328767123288,annual
40835,1994,524.92,22.24027397260274,365,365,365,365,1.0,annual
40835,1995,511.40999999999997,21.72027397260274,365,365,365,365,1.0,annual
40835,1996,522.54,22.606010928961748,366,366,366,366,1.0,annual
40835,1997,573.7,21.702465753424658,365,365,365,365,1.0,annual
40835,1998,508.50999999999993,23.144931506849314,365,365,365,365,1.0,annual
40835,1999,474.6700000000001,23.25041095890411,365,365,365,365,1.0,annual
40835,2000,336.5,22.90464480874317,366,366,366,366,1.0,annual
40835,2001,538.01,23.214246575342468,365,365,365,365,1.0,annual
40835,2002,415.4,22.692602739726027,365,365,365,365,1.0,annual
40835,2003,433.93999999999994,23.087430167597763,365,358,365,365,0.9808219178082191,annual
40835,2004,680.1999999999999,22.766393442622952,366,366,366,366,1.0,annual
40835,2005,477.13,22.662465753424655,365,365,365,365,1.0,annual
40835,2006,449.81,22.828767123287673,365,365,365,365,1.0,annual
40835,2007,389.55,22.76219178082192,365,365,365,365,1.0,annual
40835,2008,151.5,23.231420765027323,366,366,366,366,1.0,annual
40835,2009,436.84,23.21260273972603,365,365,365,365,1.0,annual
40835,2010,145.22,24.505555555555556,362,360,365,365,0.9863013698630136,annual
40835,2011,473.11,23.3813698630137,365,365,365,365,1.0,annual
40835,2012,584.96,23.224383561643833,366,365,366,366,0.9972677595628415,annual
40835,2013,352.36,23.002191780821917,365,365,365,365,1.0,annual
40835,2014,352.96000000000004,22.99279778393352,365,361,365,365,0.989041095890411,annual
40835,2015,352.13,23.939835164835166,365,364,365,365,0.9972602739726028,annual
40835,2016,219.29999999999998,23.587158469945354,366,366,366,366,1.0,annual
40835,2017,186.8,24.245054945054946,365,364,365,365,0.9972602739726028,annual
40835,2018,466.21000000000004,21.438983050847458,304,295,365,365,0.8082191780821918,annual
40835,2019,506.76,23.2441095890411,365,365,365,365,1.0,annual
40835,2020,597.66,23.050819672131148,366,366,366,366,1.0,annual
40835,2021,337.14,23.866849315068492,365,365,365,365,1.0,annual
40835,2022,440.15999999999997,23.57972602739726,365,365,365,365,1.0,annual
40835,2023,470.16,23.229041095890413,365,365,365,365,1.0,annual
40835,2024,414.33,20.72736842105263,190,190,366,366,0.5191256830601093,annual
40836,1991,1154.63,15.778347578347578,365,351,365,365,0.9616438356164384,annual
40836,1992,990.0700000000002,13.86980056980057,366,351,366,366,0.9590163934426229,annual
40836,1993,999.93,14.903013698630138,363,365,365,365,0.9945205479452055,annual
40836,1994,845.03,15.073698630136985,365,365,365,365,1.0,annual
40836,1995,709.61,15.15150684931507,365,365,365,365,1.0,annual
40836,1996,1034.1999999999998,15.182513661202186,366,366,366,366,1.0,annual
40836,1997,719.47,14.796986301369863,365,365,365,365,1.0,annual
40836,1998,831.21,16.10931506849315,365,365,365,365,1.0,annual
40836,1999,842.05,16.027397260273972,365,365,365,365,1.0,annual
40836,2000,619.53,15.66502732240437,366,366,366,366,1.0,annual
40836,2001,970.5699999999999,16.10821917808219,365,365,365,365,1.0,annual
40836,2002,913.3399999999999,15.716483516483517,365,364,365,365,0.9972602739726028,annual
40836,2003,893.2700000000001,15.07685950413223,365,363,365,365,0.9945205479452055,annual
40836,2004,1293.56,14.791803278688525,366,366,366,366,1.0,annual
40836,2005,843.3000000000001,15.055068493150685,365,365,365,365,1.0,annual
40836,2006,954.79,14.667945205479452,365,365,365,365,1.0,annual
40836,2007,797.6799999999998,14.79917808219178,365,365,365,365,1.0,annual
40836,2008,293.75,15.53825136612022,366,366,366,366,1.0,annual
40836,2009,737.8199999999999,15.219452054794521,365,365,365,365,1.0,annual
40836,2010,414.84,16.377808219178082,365,365,365,365,1.0,annual
40836,2011,908.3499999999999,15.319834710743804,365,363,365,365,0.9945205479452055,annual
40836,2012,950.6,14.743442622950822,366,366,366,366,1.0,annual
40836,2013,584.0799999999999,15.476712328767123,365,365,365,365,1.0,annual
40836,2014,729.76,14.848626373626372,365,364,365,365,0.9972602739726028,annual
40836,2015,599.86,15.835890410958905,365,365,365,365,1.0,annual
40836,2016,469.3499999999999,15.800819672131148,366,366,366,366,1.0,annual
40836,2017,470.34,16.024109589041096,365,365,365,365,1.0,annual
40836,2018,771.78,13.545302013422818,328,298,365,365,0.8164383561643835,annual
40836,2019,1036.48,15.36986301369863,365,365,365,365,1.0,annual
40836,2020,989.9299999999998,15.256830601092895,366,366,366,366,1.0,annual
40836,2021,508.73,16.755494505494507,365,364,365,365,0.9972602739726028,annual
40836,2022,670.31,16.094520547945205,365,365,365,365,1.0,annual
40836,2023,712.21,15.820273972602738,365,365,365,365,1.0,annual
40836,2024,664.1200000000001,13.685185185185185,190,189,366,366,0.5163934426229508,annual
40839,1991,114.19999999999999,18.237321937321937,365,351,365,365,0.9616438356164384,annual
40839,1992,83.4,17.172471910112357,366,356,366,366,0.9726775956284153,annual
40839,1993,92.9,17.982485875706214,365,354,365,365,0.9698630136986301,annual
40839,1994,54.51,18.396675900277007,365,361,365,365,0.989041095890411,annual
40839,1995,144.62,18.091643454038998,365,359,365,365,0.9835616438356164,annual
40839,1996,90.41,17.675350140056022,366,357,366,366,0.9754098360655737,annual
40839,1997,71.1,18.113649025069638,365,359,365,365,0.9835616438356164,annual
40839,1998,35.8,19.079329608938547,365,358,365,365,0.9808219178082191,annual
40839,1999,101.30000000000001,18.66312849162011,365,358,365,365,0.9808219178082191,annual
40839,2000,59.900000000000006,18.52924791086351,366,359,366,366,0.9808743169398907,annual
40839,2001,66.80000000000001,19.132602739726025,365,365,365,365,1.0,annual
40839,2002,51.0,18.80821917808219,365,365,365,365,1.0,annual
40839,2003,35.699999999999996,18.81890410958904,365,365,365,365,1.0,annual
40839,2004,101.99999999999999,18.848618784530387,366,362,366,366,0.9890710382513661,annual
40839,2005,29.799999999999997,18.289863013698632,365,365,365,365,1.0,annual
40839,2006,61.8,18.41013698630137,365,365,365,365,1.0,annual
40839,2007,55.6,18.146153846153847,365,364,365,365,0.9972602739726028,annual
40839,2008,61.2,18.077868852459016,366,366,366,366,1.0,annual
40839,2009,84.2,18.928011204481795,365,357,365,365,0.9780821917808219,annual
40839,2010,7.1,19.33178082191781,365,365,365,365,1.0,annual
40839,2011,31.919999999999998,18.88269230769231,365,364,365,365,0.9972602739726028,annual
40839,2012,52.0,18.108743169398906,366,366,366,366,1.0,annual
40839,2013,41.8,19.41780821917808,365,365,365,365,1.0,annual
40839,2014,69.0,18.324166666666667,365,360,365,365,0.9863013698630136,annual
40839,2015,145.1,19.2732782369146,365,363,365,365,0.9945205479452055,annual
40839,2016,32.3,19.63240223463687,365,358,366,366,0.9781420765027322,annual
40839,2017,69.80000000000001,19.147645429362882,365,361,365,365,0.989041095890411,annual
40839,2018,61.5,19.194246575342465,365,365,365,365,1.0,annual
40839,2019,91.2,19.06814404432133,365,361,365,365,0.989041095890411,annual
40839,2020,95.1,18.77493036211699,364,359,366,366,0.9808743169398907,annual
40839,2021,35.2,18.397727272727273,315,308,365,365,0.8438356164383561,annual
40839,2022,101.11000000000001,19.941436464088397,365,362,365,365,0.9917808219178083,annual
40839,2023,65.1,19.78301369863014,365,365,365,365,1.0,annual
40839,2024,80.8,19.653888888888886,366,360,366,366,0.9836065573770492,annual
40841,1991,162.73,16.139265536723165,365,354,365,365,0.9698630136986301,annual
40841,1992,241.62,14.976190476190476,366,357,366,366,0.9754098360655737,annual
40841,1993,138.92,15.573204419889503,365,362,365,365,0.9917808219178083,annual
40841,1994,128.64,16.10137741046832,365,363,365,365,0.9945205479452055,annual
40841,1995,234.32,15.71620879120879,365,364,365,365,0.9972602739726028,annual
40841,1996,159.64000000000001,15.410714285714286,366,364,366,366,0.994535519125683,annual
40841,1997,189.17000000000002,15.958677685950413,365,363,365,365,0.9945205479452055,annual
40841,1998,101.64,17.040607734806628,365,362,365,365,0.9917808219178083,annual
40841,1999,155.05,16.85376044568245,365,359,365,365,0.9835616438356164,annual
40841,2000,86.91999999999999,16.814005602240897,366,357,366,366,0.9754098360655737,annual
40841,2001,125.93,17.286027397260273,365,365,365,365,1.0,annual
40841,2002,84.31,16.883561643835616,365,365,365,365,1.0,annual
40841,2003,115.84,17.09642857142857,365,364,365,365,0.9972602739726028,annual
40841,2004,144.64,17.170491803278686,366,366,366,366,1.0,annual
40841,2005,92.41,16.68476454293629,365,361,365,365,0.989041095890411,annual
40841,2006,99.12,16.541483516483517,365,364,365,365,0.9972602739726028,annual
40841,2007,122.07,16.21178082191781,365,365,365,365,1.0,annual
40841,2008,96.25999999999999,16.926502732240436,366,366,366,366,1.0,annual
40841,2009,110.75,17.161432506887053,365,363,365,365,0.9945205479452055,annual
40841,2010,41.24999999999999,17.236986301369864,365,365,365,365,1.0,annual
40841,2011,145.72,16.882465753424658,365,365,365,365,1.0,annual
40841,2012,160.59000000000003,16.192349726775955,366,366,366,366,1.0,annual
40841,2013,114.57,17.305753424657535,365,365,365,365,1.0,annual
40841,2014,141.89,16.31810584958217,365,359,365,365,0.9835616438356164,annual
40841,2015,145.8,17.057534246575344,365,365,365,365,1.0,annual
40841,2016,59.550000000000004,17.46005509641873,366,363,366,366,0.9918032786885246,annual
40841,2017,91.67999999999999,17.026849315068493,365,365,365,365,1.0,annual
40841,2018,81.92999999999999,17.32958904109589,365,365,365,365,1.0,annual
40841,2019,123.94999999999999,17.05780821917808,365,365,365,365,1.0,annual
40841,2020,207.27,16.46191780821918,366,365,366,366,0.9972677595628415,annual
40841,2021,53.21,17.526373626373626,365,364,365,365,0.9972602739726028,annual
40841,2022,93.33,17.524517906336087,365,363,365,365,0.9945205479452055,annual
40841,2023,82.52000000000001,17.86849315068493,365,365,365,365,1.0,annual
40841,2024,120.71000000000001,17.842148760330577,366,363,366,366,0.9918032786885246,annual
40844,1991,590.71,17.89780821917808,364,365,365,365,0.9972602739726028,annual
40844,1992,611.1,15.389890710382513,366,366,366,366,1.0,annual
40844,1993,605.0299999999999,16.974246575342466,365,365,365,365,1.0,annual
40844,1994,540.75,18.41780821917808,365,365,365,365,1.0,annual
40844,1995,541.57,18.037808219178082,365,365,365,365,1.0,annual
40844,1996,527.4799999999999,17.575890410958905,366,365,366,366,0.9972677595628415,annual
40844,1997,433.4799999999999,17.65068493150685,365,365,365,365,1.0,annual
40844,1998,512.33,18.20082191780822,365,365,365,365,1.0,annual
40844,1999,517.65,18.84,365,365,365,365,1.0,annual
40844,2000,445.72,18.648360655737704,366,366,366,366,1.0,annual
40844,2001,418.62,19.174520547945203,365,365,365,365,1.0,annual
40844,2002,526.62,18.553150684931506,365,365,365,365,1.0,annual
40844,2003,497.7399999999999,18.477260273972604,365,365,365,365,1.0,annual
40844,2004,848.2,17.048907103825137,366,366,366,366,1.0,annual
40844,2005,454.25,18.035890410958906,365,365,365,365,1.0,annual
40844,2006,413.73,18.533972602739723,365,365,365,365,1.0,annual
40844,2007,452.56000000000006,18.804931506849314,365,365,365,365,1.0,annual
40844,2008,185.12,19.448633879781422,366,366,366,366,1.0,annual
40844,2009,397.73,19.002465753424655,365,365,365,365,1.0,annual
40844,2010,177.15,20.064109589041095,365,365,365,365,1.0,annual
40844,2011,465.6500000000001,19.055616438356164,365,365,365,365,1.0,annual
40844,2012,706.04,18.45191256830601,366,366,366,366,1.0,annual
40844,2013,318.1,19.080547945205478,365,365,365,365,1.0,annual
40844,2014,282.41999999999996,18.447397260273974,365,365,365,365,1.0,annual
40844,2015,443.01,19.341046831955925,365,363,365,365,0.9945205479452055,annual
40844,2016,160.0,19.678846153846155,366,364,366,366,0.994535519125683,annual
40844,2017,397.53999999999996,19.564931506849316,365,365,365,365,1.0,annual
40844,2018,363.43999999999994,19.48,365,365,365,365,1.0,annual
40844,2019,591.84,18.094459833795014,365,361,365,365,0.989041095890411,annual
40844,2020,599.8000000000001,19.348618784530387,366,362,366,366,0.9890710382513661,annual
40844,2021,179.51,20.630769230769232,365,364,365,365,0.9972602739726028,annual
40844,2022,345.20000000000005,19.80989010989011,365,364,365,365,0.9972602739726028,annual
40844,2023,288.2,17.96054794520548,365,365,365,365,1.0,annual
40844,2024,346.01000000000005,17.996408839779004,366,362,366,366,0.9890710382513661,annual
40847,1991,374.03,18.79808219178082,365,365,365,365,1.0,annual
40847,1992,349.14,17.248360655737702,366,366,366,366,1.0,annual
40847,1993,346.27,18.653698630136986,365,365,365,365,1.0,annual
40847,1994,403.15,18.835616438356166,365,365,365,365,1.0,annual
40847,1995,458.93000000000006,18.154520547945204,365,365,365,365,1.0,annual
40847,1996,397.47999999999996,18.10792349726776,366,366,366,366,1.0,annual
40847,1997,307.59000000000003,17.941917808219177,365,365,365,365,1.0,annual
40847,1998,349.91999999999996,18.786027397260273,365,365,365,365,1.0,annual
40847,1999,385.37,19.006301369863014,365,365,365,365,1.0,annual
40847,2000,327.16999999999996,18.78360655737705,366,366,366,366,1.0,annual
40847,2001,204.68,19.494246575342466,365,365,365,365,1.0,annual
40847,2002,303.18,18.892876712328768,365,365,365,365,1.0,annual
40847,2003,312.81,19.05917808219178,365,365,365,365,1.0,annual
40847,2004,642.67,18.919398907103826,366,366,366,366,1.0,annual
40847,2005,283.64,19.064931506849316,365,365,365,365,1.0,annual
40847,2006,285.26,18.90821917808219,365,365,365,365,1.0,annual
40847,2007,276.02,18.824931506849317,365,365,365,365,1.0,annual
40847,2008,101.03999999999999,19.50928961748634,366,366,366,366,1.0,annual
40847,2009,264.66,19.295616438356163,365,365,365,365,1.0,annual
40847,2010,111.94,20.232876712328768,365,365,365,365,1.0,annual
40847,2011,283.81,19.54054794520548,365,365,365,365,1.0,annual
40847,2012,403.01,19.01366120218579,366,366,366,366,1.0,annual
40847,2013,248.92,19.56986301369863,365,365,365,365,1.0,annual
40847,2014,205.53000000000003,19.227747252747253,365,364,365,365,0.9972602739726028,annual
40847,2015,284.99,19.91046831955923,365,363,365,365,0.9945205479452055,annual
40847,2016,95.64999999999999,20.14726775956284,366,366,366,366,1.0,annual
40847,2017,332.37999999999994,19.816438356164383,365,365,365,365,1.0,annual
40847,2018,194.44,20.01150684931507,365,365,365,365,1.0,annual
40847,2019,359.4,19.175890410958903,365,365,365,365,1.0,annual
40847,2020,372.8,18.997534246575345,366,365,366,366,0.9972677595628415,annual
40847,2021,99.0,20.775342465753425,365,365,365,365,1.0,annual
40847,2022,277.79999999999995,20.384615384615383,365,364,365,365,0.9972602739726028,annual
40847,2023,205.01,17.9386301369863,365,365,365,365,1.0,annual
40847,2024,344.59999999999997,18.51181318681319,365,364,366,366,0.994535519125683,annual
40848,1991,421.29999999999995,18.523287671232875,365,365,365,365,1.0,annual
40848,1992,468.46999999999997,16.721584699453555,366,366,366,366,1.0,annual
40848,1993,341.49999999999994,18.281369863013698,365,365,365,365,1.0,annual
40848,1994,370.99,18.74849315068493,365,365,365,365,1.0,annual
40848,1995,493.16999999999996,18.531232876712327,365,365,365,365,1.0,annual
40848,1996,423.09,18.533879781420765,366,366,366,366,1.0,annual
40848,1997,325.05,18.54328767123288,365,365,365,365,1.0,annual
40848,1998,318.10999999999996,19.419452054794522,365,365,365,365,1.0,annual
40848,1999,325.35,19.764109589041094,365,365,365,365,1.0,annual
40848,2000,358.03999999999996,19.358196721311476,366,366,366,366,1.0,annual
40848,2001,210.04,19.835890410958903,365,365,365,365,1.0,annual
40848,2002,273.18,19.27205479452055,365,365,365,365,1.0,annual
40848,2003,356.69,19.261369863013698,365,365,365,365,1.0,annual
40848,2004,621.9599999999999,18.80928961748634,366,366,366,366,1.0,annual
40848,2005,326.62,18.60604395604396,365,364,365,365,0.9972602739726028,annual
40848,2006,321.43000000000006,18.624383561643835,365,365,365,365,1.0,annual
40848,2007,241.91000000000003,18.624109589041097,365,365,365,365,1.0,annual
40848,2008,126.01,19.140983606557377,366,366,366,366,1.0,annual
40848,2009,269.46000000000004,18.935068493150684,365,365,365,365,1.0,annual
40848,2010,97.52,19.606575342465753,365,365,365,365,1.0,annual
40848,2011,286.69,18.96191780821918,365,365,365,365,1.0,annual
40848,2012,424.88,18.37540983606557,366,366,366,366,1.0,annual
40848,2013,306.74,18.744931506849316,365,365,365,365,1.0,annual
40848,2014,253.21000000000004,18.634794520547945,365,365,365,365,1.0,annual
40848,2015,310.90999999999997,19.420604395604396,365,364,365,365,0.9972602739726028,annual
40848,2016,104.30000000000001,19.67917808219178,366,365,366,366,0.9972677595628415,annual
40848,2017,363.0,19.441322314049586,365,363,365,365,0.9945205479452055,annual
40848,2018,208.36,19.637260273972604,365,365,365,365,1.0,annual
40848,2019,387.30999999999995,19.033608815426998,365,363,365,365,0.9945205479452055,annual
40848,2020,416.08000000000004,18.62958904109589,366,365,366,366,0.9972677595628415,annual
40848,2021,94.85,20.2986301369863,365,365,365,365,1.0,annual
40848,2022,252.27999999999997,19.900824175824173,365,364,365,365,0.9972602739726028,annual
40848,2023,218.79999999999995,19.117534246575342,365,365,365,365,1.0,annual
40848,2024,356.54999999999995,19.131043956043957,366,364,366,366,0.994535519125683,annual
40849,1991,153.5,15.456944444444444,365,360,365,365,0.9863013698630136,annual
40849,1992,279.61,13.92754820936639,366,363,366,366,0.9918032786885246,annual
40849,1993,179.61,14.653591160220996,365,362,365,365,0.9917808219178083,annual
40849,1994,200.5,15.208219178082192,365,365,365,365,1.0,annual
40849,1995,263.90999999999997,14.701373626373627,365,364,365,365,0.9972602739726028,annual
40849,1996,168.21,14.62054794520548,366,365,366,366,0.9972677595628415,annual
40849,1997,188.39999999999998,14.990109890109888,365,364,365,365,0.9972602739726028,annual
40849,1998,115.0,15.857417582417584,365,364,365,365,0.9972602739726028,annual
40849,1999,175.7,15.80853994490358,365,363,365,365,0.9945205479452055,annual
40849,2000,145.1,15.393698630136985,366,365,366,366,0.9972677595628415,annual
40849,2001,102.09999999999998,16.101917808219177,365,365,365,365,1.0,annual
40849,2002,103.3,15.665205479452055,365,365,365,365,1.0,annual
40849,2003,193.7,16.02335164835165,365,364,365,365,0.9972602739726028,annual
40849,2004,266.81,15.663661202185791,366,366,366,366,1.0,annual
40849,2005,82.7,15.442307692307692,365,364,365,365,0.9972602739726028,annual
40849,2006,111.74000000000001,15.667671232876712,365,365,365,365,1.0,annual
40849,2007,80.97999999999999,15.540273972602739,365,365,365,365,1.0,annual
40849,2008,51.120000000000005,15.521311475409837,366,366,366,366,1.0,annual
40849,2009,144.15,15.771232876712329,365,365,365,365,1.0,annual
40849,2010,20.71,16.246849315068495,365,365,365,365,1.0,annual
40849,2011,141.92000000000002,15.857381615598886,365,359,365,365,0.9835616438356164,annual
40849,2012,132.23,15.01393442622951,366,366,366,366,1.0,annual
40849,2013,84.72,15.636986301369863,365,365,365,365,1.0,annual
40849,2014,135.42000000000002,15.170165745856355,365,362,365,365,0.9917808219178083,annual
40849,2015,208.62,15.886980609418282,365,361,365,365,0.989041095890411,annual
40849,2016,50.510000000000005,16.129362880886426,366,361,366,366,0.9863387978142076,annual
40849,2017,250.71,15.585911602209945,365,362,365,365,0.9917808219178083,annual
40849,2018,93.60000000000001,16.005817174515236,365,361,365,365,0.989041095890411,annual
40849,2019,167.7,15.842816901408451,365,355,365,365,0.9726027397260274,annual
40849,2020,199.2,15.092937853107344,360,354,366,366,0.9672131147540983,annual
40849,2021,30.799999999999997,16.999410029498527,344,339,365,365,0.9287671232876712,annual
40849,2022,96.19999999999999,16.38269230769231,364,364,365,365,0.9972602739726028,annual
40849,2023,100.89999999999999,16.72739726027397,365,365,365,365,1.0,annual
40849,2024,132.92000000000002,16.54388888888889,366,360,366,366,0.9836065573770492,annual
40851,1991,221.2,17.429775280898877,365,356,365,365,0.9753424657534246,annual
40851,1992,252.92000000000002,16.098891966759002,366,361,366,366,0.9863387978142076,annual
40851,1993,208.62,16.961281337047353,365,359,365,365,0.9835616438356164,annual
40851,1994,200.5,17.178296703296702,365,364,365,365,0.9972602739726028,annual
40851,1995,212.31,16.725274725274726,365,364,365,365,0.9972602739726028,annual
40851,1996,223.99999999999997,16.554570637119113,366,361,366,366,0.9863387978142076,annual
40851,1997,177.01,16.834986225895317,365,363,365,365,0.9945205479452055,annual
40851,1998,104.3,18.045706371191137,365,361,365,365,0.989041095890411,annual
40851,1999,173.3,17.733333333333334,365,363,365,365,0.9945205479452055,annual
40851,2000,66.7,17.639226519337015,366,362,366,366,0.9890710382513661,annual
40851,2001,48.900000000000006,18.44540389972145,365,359,365,365,0.9835616438356164,annual
40851,2002,93.89999999999999,17.88,365,365,365,365,1.0,annual
40851,2003,108.41,18.10219178082192,365,365,365,365,1.0,annual
40851,2004,194.8,18.02185792349727,366,366,366,366,1.0,annual
40851,2005,103.9,17.59041095890411,365,365,365,365,1.0,annual
40851,2006,136.61,17.68314917127072,365,362,365,365,0.9917808219178083,annual
40851,2007,83.6,17.477134986225895,365,363,365,365,0.9945205479452055,annual
40851,2008,67.6,17.614754098360656,366,366,366,366,1.0,annual
40851,2009,150.01,17.82191780821918,365,365,365,365,1.0,annual
40851,2010,59.71,18.018630136986303,365,365,365,365,1.0,annual
40851,2011,178.12,17.71972602739726,365,365,365,365,1.0,annual
40851,2012,87.6,16.90983606557377,366,366,366,366,1.0,annual
40851,2013,174.44,17.67945205479452,365,365,365,365,1.0,annual
40851,2014,178.82,17.28111111111111,365,360,365,365,0.9863013698630136,annual
40851,2015,182.61,17.873002754820934,365,363,365,365,0.9945205479452055,annual
40851,2016,65.50999999999999,18.119390581717454,366,361,366,366,0.9863387978142076,annual
40851,2017,201.6,17.40631868131868,365,364,365,365,0.9972602739726028,annual
40851,2018,103.6,18.255494505494507,365,364,365,365,0.9972602739726028,annual
40851,2019,193.10000000000002,17.946978021978023,365,364,365,365,0.9972602739726028,annual
40851,2020,204.3,17.5827397260274,366,365,366,366,0.9972677595628415,annual
40851,2021,28.299999999999997,18.825690607734806,365,362,365,365,0.9917808219178083,annual
40851,2022,112.2,18.563055555555554,365,360,365,365,0.9863013698630136,annual
40851,2023,83.56,19.027146814404432,365,361,365,365,0.989041095890411,annual
40851,2024,121.71,18.91311475409836,366,366,366,366,1.0,annual
40853,1991,312.70000000000005,14.638397790055249,365,362,365,365,0.9917808219178083,annual
40853,1992,351.80999999999995,13.396143250688706,366,363,366,366,0.9918032786885246,annual
40853,1993,365.7,14.6465564738292,365,363,365,365,0.9945205479452055,annual
40853,1994,347.21,14.732417582417584,365,364,365,365,0.9972602739726028,annual
40853,1995,353.20000000000005,14.34532967032967,365,364,365,365,0.9972602739726028,annual
40853,1996,373.5,14.35467032967033,366,364,366,366,0.994535519125683,annual
40853,1997,343.71999999999997,14.036363636363635,365,363,365,365,0.9945205479452055,annual
40853,1998,197.83999999999997,15.638356164383561,365,365,365,365,1.0,annual
40853,1999,217.52,15.652617079889806,365,363,365,365,0.9945205479452055,annual
40853,2000,172.82,15.357103825136612,366,366,366,366,1.0,annual
40853,2001,84.4,15.952876712328768,365,365,365,365,1.0,annual
40853,2002,245.63,15.326849315068493,365,365,365,365,1.0,annual
40853,2003,306.13,15.44986301369863,365,365,365,365,1.0,annual
40853,2004,242.5,15.522677595628416,366,366,366,366,1.0,annual
40853,2005,207.71,15.21890410958904,365,365,365,365,1.0,annual
40853,2006,173.49,15.387671232876713,365,365,365,365,1.0,annual
40853,2007,208.0,15.129863013698628,365,365,365,365,1.0,annual
40853,2008,160.64,15.704098360655736,366,366,366,366,1.0,annual
40853,2009,292.96000000000004,15.457534246575342,365,365,365,365,1.0,annual
40853,2010,152.74,16.463287671232877,365,365,365,365,1.0,annual
40853,2011,272.40000000000003,15.830684931506848,365,365,365,365,1.0,annual
40853,2012,227.31,15.004371584699454,366,366,366,366,1.0,annual
40853,2013,262.01,15.737534246575342,365,365,365,365,1.0,annual
40853,2014,241.0,15.460773480662985,365,362,365,365,0.9917808219178083,annual
40853,2015,256.24,15.967945205479452,365,365,365,365,1.0,annual
40853,2016,145.20999999999998,16.354016620498616,366,361,366,366,0.9863387978142076,annual
40853,2017,437.71999999999997,15.907945205479452,365,365,365,365,1.0,annual
40853,2018,157.2,16.45206611570248,365,363,365,365,0.9945205479452055,annual
40853,2019,272.71,15.528055555555557,365,360,365,365,0.9863013698630136,annual
40853,2020,453.92,15.29887323943662,366,355,366,366,0.9699453551912568,annual
40853,2021,135.70999999999998,17.000578034682082,365,346,365,365,0.947945205479452,annual
40853,2022,239.89999999999998,16.764623955431755,365,359,365,365,0.9835616438356164,annual
40853,2023,201.64999999999998,16.55441988950276,365,362,365,365,0.9917808219178083,annual
40853,2024,237.2,16.55464480874317,366,366,366,366,1.0,annual
40854,1991,120.80000000000001,23.28365650969529,365,361,365,365,0.989041095890411,annual
40854,1992,87.91,22.6187675070028,366,357,366,366,0.9754098360655737,annual
40854,1993,53.199999999999996,22.715193370165746,365,362,365,365,0.9917808219178083,annual
40854,1994,60.71,23.51349862258953,365,363,365,365,0.9945205479452055,annual
40854,1995,88.1,23.16978021978022,365,364,365,365,0.9972602739726028,annual
40854,1996,81.4,22.753424657534246,366,365,366,366,0.9972677595628415,annual
40854,1997,56.91,23.28950276243094,365,362,365,365,0.9917808219178083,annual
40854,1998,52.300000000000004,24.405277777777776,365,360,365,365,0.9863013698630136,annual
40854,1999,86.29999999999998,24.14986072423398,365,359,365,365,0.9835616438356164,annual
40854,2000,47.699999999999996,24.0225,366,360,366,366,0.9836065573770492,annual
40854,2001,21.099999999999998,24.71917808219178,365,365,365,365,1.0,annual
40854,2002,24.02,24.383561643835616,365,365,365,365,1.0,annual
40854,2003,24.34,24.073002754820937,364,363,365,365,0.9945205479452055,annual
40854,2004,45.980000000000004,24.395604395604394,365,364,366,366,0.994535519125683,annual
40854,2005,67.92,24.44739726027397,365,365,365,365,1.0,annual
40854,2006,36.67,24.58986301369863,365,365,365,365,1.0,annual
40854,2007,33.98,24.056164383561644,365,365,365,365,1.0,annual
40854,2008,14.76,24.34672131147541,366,366,366,366,1.0,annual
40854,2009,67.87,24.517808219178082,365,365,365,365,1.0,annual
40854,2010,14.649999999999999,24.902465753424657,365,365,365,365,1.0,annual
40854,2011,74.06,24.11703296703297,365,364,365,365,0.9972602739726028,annual
40854,2012,44.71,23.331693989071038,366,366,366,366,1.0,annual
40854,2013,92.75,24.69150684931507,365,365,365,365,1.0,annual
40854,2014,64.15,23.93333333333333,365,363,365,365,0.9945205479452055,annual
40854,2015,116.0,25.0978021978022,365,364,365,365,0.9972602739726028,annual
40854,2016,44.22,25.566204986149582,366,361,366,366,0.9863387978142076,annual
40854,2017,49.63,25.050274725274722,365,364,365,365,0.9972602739726028,annual
40854,2018,31.9,25.382692307692306,365,364,365,365,0.9972602739726028,annual
40854,2019,75.0,24.881542699724516,365,363,365,365,0.9945205479452055,annual
40854,2020,43.82999999999999,24.279945054945053,366,364,366,366,0.994535519125683,annual
40854,2021,12.32,25.675208913649023,365,359,365,365,0.9835616438356164,annual
40854,2022,38.6,25.80331491712707,365,362,365,365,0.9917808219178083,annual
40854,2023,33.699999999999996,26.087878787878786,365,363,365,365,0.9945205479452055,annual
40854,2024,58.89999999999999,25.62904109589041,366,365,366,366,0.9972677595628415,annual
40856,1991,173.13000000000002,18.325205479452055,365,365,365,365,1.0,annual
40856,1992,83.68,18.056284153005464,366,366,366,366,1.0,annual
40856,1993,35.67,18.205753424657534,365,365,365,365,1.0,annual
40856,1994,91.81,18.98821917808219,365,365,365,365,1.0,annual
40856,1995,152.02,18.775890410958905,365,365,365,365,1.0,annual
40856,1996,131.82000000000002,17.876775956284153,366,366,366,366,1.0,annual
40856,1997,134.98,18.642739726027397,365,365,365,365,1.0,annual
40856,1998,44.059999999999995,19.61808219178082,365,365,365,365,1.0,annual
40856,1999,56.43000000000001,19.58,365,365,365,365,1.0,annual
40856,2000,40.75,19.502185792349728,366,366,366,366,1.0,annual
40856,2001,18.409999999999997,20.064383561643837,365,365,365,365,1.0,annual
40856,2002,34.33,19.89123287671233,365,365,365,365,1.0,annual
40856,2003,31.63,19.65890410958904,365,365,365,365,1.0,annual
40856,2004,64.94,20.564480874316942,366,366,366,366,1.0,annual
40856,2005,103.72999999999999,19.582465753424657,365,365,365,365,1.0,annual
40856,2006,41.31,20.558082191780823,365,365,365,365,1.0,annual
40856,2007,93.93,19.22,365,365,365,365,1.0,annual
40856,2008,101.28,19.310382513661203,366,366,366,366,1.0,annual
40856,2009,102.74000000000001,19.72986301369863,365,365,365,365,1.0,annual
40856,2010,35.14,19.910684931506847,365,365,365,365,1.0,annual
40856,2011,118.16,19.687397260273972,365,365,365,365,1.0,annual
40856,2012,62.459999999999994,19.096448087431696,366,366,366,366,1.0,annual
40856,2013,51.51,19.90524861878453,365,362,365,365,0.9917808219178083,annual
40856,2014,64.02999999999999,18.91178082191781,365,365,365,365,1.0,annual
40856,2015,133.76000000000002,20.142777777777777,365,360,365,365,0.9863013698630136,annual
40856,2016,31.189999999999994,20.45983606557377,366,366,366,366,1.0,annual
40856,2017,57.34000000000001,19.941046831955923,365,363,365,365,0.9945205479452055,annual
40856,2018,17.200000000000003,20.234065934065935,365,364,365,365,0.9972602739726028,annual
40856,2019,124.09,19.7099173553719,365,363,365,365,0.9945205479452055,annual
40856,2020,109.22000000000001,18.94573002754821,366,363,366,366,0.9918032786885246,annual
40856,2021,15.610000000000001,20.09780821917808,365,365,365,365,1.0,annual
40856,2022,45.57,20.598626373626374,365,364,365,365,0.9972602739726028,annual
40856,2023,96.46,20.926849315068495,365,365,365,365,1.0,annual
40856,2024,99.17999999999999,20.256284153005463,366,366,366,366,1.0,annual
40857,1991,220.64000000000001,24.494540229885057,365,348,365,365,0.9534246575342465,annual
40857,1992,195.52999999999997,23.840974212034386,366,349,366,366,0.953551912568306,annual
40857,1993,177.51000000000002,24.79570200573066,365,349,365,365,0.9561643835616438,annual
40857,1994,230.51,25.0165191740413,365,339,365,365,0.9287671232876712,annual
40857,1995,258.0,24.5906432748538,365,342,365,365,0.936986301369863,annual
40857,1996,486.63,25.402332361516034,366,343,366,366,0.9371584699453552,annual
40857,1997,659.15,24.483532934131738,365,334,365,365,0.915068493150685,annual
40857,1998,318.43,26.14985074626866,365,335,365,365,0.9178082191780822,annual
40857,1999,275.15,26.089714285714283,365,350,365,365,0.958904109589041,annual
40857,2000,253.38,25.069298245614036,366,342,366,366,0.9344262295081968,annual
40857,2001,199.39,25.511263736263736,365,364,365,365,0.9972602739726028,annual
40857,2002,441.45000000000005,24.816119402985073,335,335,365,365,0.9178082191780822,annual
40857,2003,280.24,25.474246575342466,365,365,365,365,1.0,annual
40857,2004,469.11,25.018579234972677,366,366,366,366,1.0,annual
40857,2005,308.63,24.69890410958904,365,365,365,365,1.0,annual
40857,2006,199.06,25.321978021978023,365,364,365,365,0.9972602739726028,annual
40857,2007,170.31,25.58956043956044,365,364,365,365,0.9972602739726028,annual
40857,2008,164.49,25.230601092896173,366,366,366,366,1.0,annual
40857,2009,247.74,25.549175824175823,365,364,365,365,0.9972602739726028,annual
40857,2010,20.409999999999997,26.710684931506847,365,365,365,365,1.0,annual
40857,2011,201.42,25.53205479452055,365,365,365,365,1.0,annual
40857,2012,227.13,25.88688524590164,366,366,366,366,1.0,annual
40857,2013,169.27999999999997,25.4027397260274,35,365,365,365,0.0958904109589041,annual
40857,2014,252.57,26.33181818181818,365,352,365,365,0.9643835616438357,annual
40857,2015,182.14999999999998,26.991642651296832,365,347,365,365,0.9506849315068493,annual
40857,2016,81.48,26.38281690140845,366,355,366,366,0.9699453551912568,annual
40857,2017,210.45,27.082670454545454,365,352,365,365,0.9643835616438357,annual
40857,2018,309.86,26.81002865329513,365,349,365,365,0.9561643835616438,annual
40857,2019,237.35000000000002,26.43109243697479,365,357,365,365,0.9780821917808219,annual
40857,2020,283.05,26.522437673130195,365,361,366,366,0.9863387978142076,annual
40857,2021,80.22,27.06353591160221,364,362,365,365,0.9917808219178083,annual
40857,2022,179.81,26.716022099447517,364,362,365,365,0.9917808219178083,annual
40857,2023,149.21,26.748717948717946,360,351,365,365,0.9616438356164384,annual
40857,2024,76.7,26.652722063037245,362,349,366,366,0.953551912568306,annual
40858,1991,263.07,24.783473389355745,365,357,365,365,0.9780821917808219,annual
40858,1992,200.35,24.25071225071225,366,351,366,366,0.9590163934426229,annual
40858,1993,195.07,25.089635854341736,365,357,365,365,0.9780821917808219,annual
40858,1994,246.69,25.166761363636365,365,352,365,365,0.9643835616438357,annual
40858,1995,252.17,24.899162011173182,365,358,365,365,0.9808219178082191,annual
40858,1996,455.66,25.765921787709498,366,358,366,366,0.9781420765027322,annual
40858,1997,671.4,24.621408450704227,365,355,365,365,0.9726027397260274,annual
40858,1998,335.07,26.258073654390937,365,353,365,365,0.9671232876712329,annual
40858,1999,298.21999999999997,26.236797752808986,365,356,365,365,0.9753424657534246,annual
40858,2000,263.36,25.42619718309859,366,355,366,366,0.9699453551912568,annual
40858,2001,204.85,25.667397260273972,365,365,365,365,1.0,annual
40858,2002,349.12,25.469041095890415,365,365,365,365,1.0,annual
40858,2003,238.2,25.432602739726025,365,365,365,365,1.0,annual
40858,2004,403.5,25.09262295081967,366,366,366,366,1.0,annual
40858,2005,269.32000000000005,24.792837465564737,365,363,365,365,0.9945205479452055,annual
40858,2006,186.73000000000002,25.346849315068493,365,365,365,365,1.0,annual
40858,2007,160.36,25.5931129476584,365,363,365,365,0.9945205479452055,annual
40858,2008,158.22,25.19344262295082,366,366,366,366,1.0,annual
40858,2009,205.0,25.559726027397257,365,365,365,365,1.0,annual
40858,2010,19.45,26.542777777777776,365,360,365,365,0.9863013698630136,annual
40858,2011,179.7,25.402191780821916,365,365,365,365,1.0,annual
40858,2012,216.67999999999998,25.722677595628415,366,366,366,366,1.0,annual
40858,2013,148.07999999999998,25.294520547945204,29,365,365,365,0.07945205479452055,annual
40858,2014,231.7,25.61277777777778,365,360,365,365,0.9863013698630136,annual
40858,2015,236.17000000000002,26.28241758241758,365,364,365,365,0.9972602739726028,annual
40858,2016,80.35,25.844657534246572,366,365,366,366,0.9972677595628415,annual
40858,2017,332.07,26.329863013698628,365,365,365,365,1.0,annual
40858,2018,354.91999999999996,26.24958904109589,365,365,365,365,1.0,annual
40858,2019,256.56,25.895604395604394,365,364,365,365,0.9972602739726028,annual
40858,2020,329.08,26.011780821917807,366,365,366,366,0.9972677595628415,annual
40858,2021,116.42,26.546153846153842,365,364,365,365,0.9972602739726028,annual
40858,2022,261.0,26.186575342465755,365,365,365,365,1.0,annual
40858,2023,347.16,26.17445054945055,365,364,365,365,0.9972602739726028,annual
40858,2024,123.79,26.252732240437158,366,366,366,366,1.0,annual
40859,1991,361.84000000000003,19.255616438356164,365,365,365,365,1.0,annual
40859,1992,466.45000000000005,17.342896174863387,366,366,366,366,1.0,annual
40859,1993,304.82,18.83808219178082,365,365,365,365,1.0,annual
40859,1994,266.15,18.964931506849315,365,365,365,365,1.0,annual
40859,1995,512.9100000000001,18.528767123287672,365,365,365,365,1.0,annual
40859,1996,402.63999999999993,18.794535519125684,366,366,366,366,1.0,annual
40859,1997,265.23,18.73369863013699,365,365,365,365,1.0,annual
40859,1998,236.92,19.60931506849315,365,365,365,365,1.0,annual
40859,1999,290.11,19.79835616438356,365,365,365,365,1.0,annual
40859,2000,243.72,19.70792349726776,366,366,366,366,1.0,annual
40859,2001,138.24,19.991232876712328,365,365,365,365,1.0,annual
40859,2002,224.65,19.598904109589043,365,365,365,365,1.0,annual
40859,2003,330.72,19.68383561643836,365,365,365,365,1.0,annual
40859,2004,594.23,19.63551912568306,366,366,366,366,1.0,annual
40859,2005,322.13000000000005,19.247397260273974,365,365,365,365,1.0,annual
40859,2006,337.59000000000003,19.313150684931507,365,365,365,365,1.0,annual
40859,2007,185.39,19.261369863013698,365,365,365,365,1.0,annual
40859,2008,112.56,19.80409836065574,366,366,366,366,1.0,annual
40859,2009,293.93,19.68027397260274,365,365,365,365,1.0,annual
40859,2010,72.44,20.681643835616438,365,365,365,365,1.0,annual
40859,2011,278.04,19.997260273972604,365,365,365,365,1.0,annual
40859,2012,222.51999999999998,19.85273224043716,366,366,366,366,1.0,annual
40859,2013,171.81,20.105479452054794,365,365,365,365,1.0,annual
40859,2014,172.64,20.05054945054945,365,364,365,365,0.9972602739726028,annual
40859,2015,283.65999999999997,20.663636363636364,365,363,365,365,0.9945205479452055,annual
40859,2016,105.86000000000001,20.61318681318681,366,364,366,366,0.994535519125683,annual
40859,2017,571.93,20.160989010989013,365,364,365,365,0.9972602739726028,annual
40859,2018,100.08000000000001,20.76767955801105,365,362,365,365,0.9917808219178083,annual
40859,2019,424.80999999999995,19.744628099173553,365,363,365,365,0.9945205479452055,annual
40859,2020,334.59,19.319505494505496,366,364,366,366,0.994535519125683,annual
40859,2021,65.0,21.23939393939394,365,363,365,365,0.9945205479452055,annual
40859,2022,268.58000000000004,20.763186813186813,365,364,365,365,0.9972602739726028,annual
40859,2023,237.23,20.371506849315068,365,365,365,365,1.0,annual
40859,2024,210.4,20.602459016393443,366,366,366,366,1.0,annual
40870,1991,182.97,21.655342465753424,365,365,365,365,1.0,annual
40870,1992,229.04,19.612328767123287,366,365,366,366,0.9972677595628415,annual
40870,1993,95.18,19.997260273972604,365,365,365,365,1.0,annual
40870,1994,170.40000000000003,20.16767123287671,365,365,365,365,1.0,annual
40870,1995,277.88000000000005,19.931506849315067,365,365,365,365,1.0,annual
40870,1996,273.06,19.17568306010929,366,366,366,366,1.0,annual
40870,1997,328.83000000000004,19.439835164835166,365,364,365,365,0.9972602739726028,annual
40870,1998,181.07000000000002,20.723835616438354,365,365,365,365,1.0,annual
40870,1999,147.57000000000002,22.07123287671233,365,365,365,365,1.0,annual
40870,2000,40.03,23.237704918032787,366,366,366,366,1.0,annual
40870,2001,41.529999999999994,23.548219178082192,365,365,365,365,1.0,annual
40870,2002,57.269999999999996,23.168767123287672,365,365,365,365,1.0,annual
40870,2003,48.839999999999996,22.8841095890411,365,365,365,365,1.0,annual
40870,2004,59.14,23.39344262295082,366,366,366,366,1.0,annual
40870,2005,227.16000000000003,22.427397260273974,365,365,365,365,1.0,annual
40870,2006,86.93,21.083516483516483,365,364,365,365,0.9972602739726028,annual
40870,2007,157.04,20.573150684931505,365,365,365,365,1.0,annual
40870,2008,167.65000000000003,20.769398907103827,366,366,366,366,1.0,annual
40870,2009,189.64000000000001,21.078082191780823,365,365,365,365,1.0,annual
40870,2010,107.28,21.39123287671233,365,365,365,365,1.0,annual
40870,2011,244.01,21.23013698630137,365,365,365,365,1.0,annual
40870,2012,73.77,20.479234972677595,366,366,366,366,1.0,annual
40870,2013,145.70999999999998,21.12707182320442,365,362,365,365,0.9917808219178083,annual
40870,2014,110.55,20.474931129476584,365,363,365,365,0.9945205479452055,annual
40870,2015,91.66,21.549722222222222,365,360,365,365,0.9863013698630136,annual
40870,2016,33.57,21.830327868852457,366,366,366,366,1.0,annual
40870,2017,176.48000000000002,21.268144044321332,365,361,365,365,0.989041095890411,annual
40870,2018,36.06999999999999,21.75013774104683,365,363,365,365,0.9945205479452055,annual
40870,2019,168.45,20.88753462603878,365,361,365,365,0.989041095890411,annual
40870,2020,218.70000000000002,20.43846153846154,366,364,366,366,0.994535519125683,annual
40870,2021,73.12,21.778846153846153,365,364,365,365,0.9972602739726028,annual
40870,2022,117.10999999999999,21.848767123287672,365,365,365,365,1.0,annual
40870,2023,103.83,21.955890410958904,364,365,365,365,0.9972602739726028,annual
40870,2024,175.71,21.730054644808742,366,366,366,366,1.0,annual
40873,1991,343.81,25.15068493150685,365,365,365,365,1.0,annual
40873,1992,398.4,23.97103825136612,366,366,366,366,1.0,annual
40873,1993,420.01,25.403287671232878,365,365,365,365,1.0,annual
40873,1994,117.30000000000001,25.43945205479452,365,365,365,365,1.0,annual
40873,1995,440.5,24.997808219178083,365,365,365,365,1.0,annual
40873,1996,354.03,25.110655737704917,366,366,366,366,1.0,annual
40873,1997,265.97,25.122191780821918,365,365,365,365,1.0,annual
40873,1998,198.11000000000004,26.550136986301368,365,365,365,365,1.0,annual
40873,1999,123.61000000000001,26.643287671232876,365,365,365,365,1.0,annual
40873,2000,102.11,26.50409836065574,366,366,366,366,1.0,annual
40873,2001,55.31,26.802739726027397,365,365,365,365,1.0,annual
40873,2002,141.2,26.46164383561644,365,365,365,365,1.0,annual
40873,2003,192.11,26.21972602739726,365,365,365,365,1.0,annual
40873,2004,206.8,26.572677595628416,366,366,366,366,1.0,annual
40873,2005,140.3,26.02219178082192,365,365,365,365,1.0,annual
40873,2006,160.13,24.634794520547945,365,365,365,365,1.0,annual
40873,2007,132.73999999999998,24.05041095890411,365,365,365,365,1.0,annual
40873,2008,90.62000000000002,24.327049180327872,366,366,366,366,1.0,annual
40873,2009,239.22000000000003,24.445753424657536,365,365,365,365,1.0,annual
40873,2010,74.7,24.862465753424654,365,365,365,365,1.0,annual
40873,2011,252.7,24.327397260273973,365,365,365,365,1.0,annual
40873,2012,92.22,24.379781420765028,366,366,366,366,1.0,annual
40873,2013,166.81,24.318181818181817,365,363,365,365,0.9945205479452055,annual
40873,2014,122.5,24.285753424657532,365,365,365,365,1.0,annual
40873,2015,250.0,24.944198895027622,365,362,365,365,0.9917808219178083,annual
40873,2016,88.2,24.591758241758242,366,364,366,366,0.994535519125683,annual
40873,2017,400.71000000000004,24.16219178082192,365,365,365,365,1.0,annual
40873,2018,159.71000000000004,24.85467032967033,365,364,365,365,0.9972602739726028,annual
40873,2019,513.7,23.586027397260274,365,365,365,365,1.0,annual
40873,2020,323.61,23.68351648351648,366,364,366,366,0.994535519125683,annual
40873,2021,37.42,25.463561643835618,365,365,365,365,1.0,annual
40873,2022,287.41999999999996,24.771978021978022,365,364,365,365,0.9972602739726028,annual
40873,2023,94.72,25.076712328767123,365,365,365,365,1.0,annual
40873,2024,183.4,24.937158469945356,366,366,366,366,1.0,annual
40875,1991,244.43,26.279945054945053,365,364,365,365,0.9972602739726028,annual
40875,1992,375.79999999999995,25.71436464088398,366,362,366,366,0.9890710382513661,annual
40875,1993,246.47000000000003,26.93608815426997,365,363,365,365,0.9945205479452055,annual
40875,1994,33.8,26.989256198347107,365,363,365,365,0.9945205479452055,annual
40875,1995,256.12,26.73581267217631,365,363,365,365,0.9945205479452055,annual
40875,1996,348.26,26.763259668508287,366,362,366,366,0.9890710382513661,annual
40875,1997,357.56000000000006,26.429005524861875,365,362,365,365,0.9917808219178083,annual
40875,1998,215.35999999999999,27.719337016574585,365,362,365,365,0.9917808219178083,annual
40875,1999,110.64,27.636538461538464,365,364,365,365,0.9972602739726028,annual
40875,2000,213.64999999999998,27.358677685950415,366,363,366,366,0.9918032786885246,annual
40875,2001,47.94,27.334520547945207,365,365,365,365,1.0,annual
40875,2002,112.98999999999998,27.49150684931507,365,365,365,365,1.0,annual
40875,2003,82.14,27.267671232876715,365,365,365,365,1.0,annual
40875,2004,71.00999999999999,27.539890710382515,366,366,366,366,1.0,annual
40875,2005,153.91000000000003,27.104383561643836,365,365,365,365,1.0,annual
40875,2006,158.52,27.22739726027397,365,365,365,365,1.0,annual
40875,2007,69.51,27.427945205479453,365,365,365,365,1.0,annual
40875,2008,101.52,26.635616438356163,366,365,366,366,0.9972677595628415,annual
40875,2009,200.79,27.36986301369863,365,365,365,365,1.0,annual
40875,2010,24.389999999999997,27.689589041095893,365,365,365,365,1.0,annual
40875,2011,138.39,27.40191780821918,365,365,365,365,1.0,annual
40875,2012,89.36,27.409562841530054,366,366,366,366,1.0,annual
40875,2013,62.199999999999996,26.916164383561643,365,365,365,365,1.0,annual
40875,2014,299.33,26.932328767123284,365,365,365,365,1.0,annual
40875,2015,155.64000000000001,27.829863013698628,365,365,365,365,1.0,annual
40875,2016,58.77,27.38715846994536,366,366,366,366,1.0,annual
40875,2017,192.10999999999999,27.757534246575343,365,365,365,365,1.0,annual
40875,2018,25.19,27.50986301369863,365,365,365,365,1.0,annual
40875,2019,299.93,27.1813698630137,365,365,365,365,1.0,annual
40875,2020,282.44,27.216120218579235,366,366,366,366,1.0,annual
40875,2021,34.7,27.985205479452055,365,365,365,365,1.0,annual
40875,2022,229.78,27.85890410958904,365,365,365,365,1.0,annual
40875,2023,76.91,27.934065934065934,365,364,365,365,0.9972602739726028,annual
40875,2024,54.39,28.23121546961326,366,362,366,366,0.9890710382513661,annual
40876,1991,265.45,26.525344352617083,365,363,365,365,0.9945205479452055,annual
40876,1992,399.62,25.94532967032967,366,364,366,366,0.994535519125683,annual
40876,1993,212.60999999999999,27.204383561643837,365,365,365,365,1.0,annual
40876,1994,70.0,27.44638888888889,365,360,365,365,0.9863013698630136,annual
40876,1995,238.34,27.275623268698062,365,361,365,365,0.989041095890411,annual
40876,1996,365.75,26.93333333333333,366,363,366,366,0.9918032786885246,annual
40876,1997,316.26,26.64765840220386,365,363,365,365,0.9945205479452055,annual
40876,1998,285.73,27.740000000000002,365,365,365,365,1.0,annual
40876,1999,254.82,27.655494505494506,365,364,365,365,0.9972602739726028,annual
40876,2000,199.03,27.418852459016392,366,366,366,366,1.0,annual
40876,2001,30.32,27.965479452054794,365,365,365,365,1.0,annual
40876,2002,124.03,28.09068493150685,365,365,365,365,1.0,annual
40876,2003,81.25,27.88876712328767,365,365,365,365,1.0,annual
40876,2004,166.47,28.104371584699457,366,366,366,366,1.0,annual
40876,2005,301.40999999999997,27.462465753424656,365,365,365,365,1.0,annual
40876,2006,229.29,27.65835616438356,365,365,365,365,1.0,annual
40876,2007,87.28,28.095342465753422,365,365,365,365,1.0,annual
40876,2008,111.17999999999999,27.429234972677598,366,366,366,366,1.0,annual
40876,2009,344.25,28.107123287671232,365,365,365,365,1.0,annual
40876,2010,53.71,27.830958904109586,365,365,365,365,1.0,annual
40876,2011,249.09999999999997,27.606575342465753,365,365,365,365,1.0,annual
40876,2012,180.56,28.07568306010929,366,366,366,366,1.0,annual
40876,2013,174.11,27.595890410958905,365,365,365,365,1.0,annual
40876,2014,168.09,27.81939058171745,309,361,365,365,0.8465753424657534,annual
40876,2015,203.7,28.893220338983053,145,354,365,365,0.3972602739726027,annual
40876,2016,69.44,28.062568306010927,26,366,366,366,0.07103825136612021,annual
40876,2017,257.27,28.427197802197803,45,364,365,365,0.1232876712328767,annual
40876,2018,49.88,28.867671232876713,49,365,365,365,0.13424657534246576,annual
40876,2019,509.28000000000003,27.886538461538464,365,364,365,365,0.9972602739726028,annual
40876,2020,333.51,28.229234972677595,366,366,366,366,1.0,annual
40876,2021,34.53,29.240934065934066,365,364,365,365,0.9972602739726028,annual
40876,2022,455.03999999999996,28.649725274725274,365,364,365,365,0.9972602739726028,annual
40876,2023,138.95,28.716986301369865,365,365,365,365,1.0,annual
40876,2024,131.08,29.06931506849315,366,365,366,366,0.9972677595628415,annual
40877,1991,447.11,26.137604456824512,365,359,365,365,0.9835616438356164,annual
40877,1992,412.5,26.12049861495845,366,361,366,366,0.9863387978142076,annual
40877,1993,235.32,26.5931129476584,365,363,365,365,0.9945205479452055,annual
40877,1994,92.0,26.97857142857143,365,364,365,365,0.9972602739726028,annual
40877,1995,229.93,26.57861111111111,365,360,365,365,0.9863013698630136,annual
40877,1996,272.62,25.9,366,365,366,366,0.9972677595628415,annual
40877,1997,267.5,26.200824175824177,365,364,365,365,0.9972602739726028,annual
40877,1998,202.29999999999998,27.490331491712706,365,362,365,365,0.9917808219178083,annual
40877,1999,175.21,27.29586776859504,365,363,365,365,0.9945205479452055,annual
40877,2000,241.31,27.345303867403317,366,362,366,366,0.9890710382513661,annual
40877,2001,19.65,27.786849315068494,365,365,365,365,1.0,annual
40877,2002,120.84,27.404109589041095,365,365,365,365,1.0,annual
40877,2003,60.949999999999996,27.061095890410957,365,365,365,365,1.0,annual
40877,2004,175.31,27.717486338797816,366,366,366,366,1.0,annual
40877,2005,280.5,26.72027397260274,365,365,365,365,1.0,annual
40877,2006,112.11,27.199726027397258,365,365,365,365,1.0,annual
40877,2007,152.39999999999998,27.156043956043955,365,364,365,365,0.9972602739726028,annual
40877,2008,94.30000000000001,26.825956284153005,366,366,366,366,1.0,annual
40877,2009,209.8,27.324309392265192,365,362,365,365,0.9917808219178083,annual
40877,2010,150.32,27.363736263736264,365,364,365,365,0.9972602739726028,annual
40877,2011,141.39999999999998,27.27972602739726,365,365,365,365,1.0,annual
40877,2012,95.6,27.068032786885244,366,366,366,366,1.0,annual
40877,2013,195.62,26.90684931506849,365,365,365,365,1.0,annual
40877,2014,140.79999999999998,26.41404958677686,365,363,365,365,0.9945205479452055,annual
40877,2015,190.7,27.532967032967033,365,364,365,365,0.9972602739726028,annual
40877,2016,57.01,27.62977528089888,366,356,366,366,0.9726775956284153,annual
40877,2017,169.0,27.417857142857144,365,364,365,365,0.9972602739726028,annual
40877,2018,30.919999999999998,28.074380165289256,365,363,365,365,0.9945205479452055,annual
40877,2019,354.10999999999996,26.9475,365,360,365,365,0.9863013698630136,annual
40877,2020,409.40000000000003,26.48808864265928,366,361,366,366,0.9863387978142076,annual
40877,2021,66.22,28.034710743801654,365,363,365,365,0.9945205479452055,annual
40877,2022,301.6,28.038292011019283,365,363,365,365,0.9945205479452055,annual
40877,2023,83.55000000000001,27.895616438356164,365,365,365,365,1.0,annual
40877,2024,101.41000000000001,27.927868852459017,366,366,366,366,1.0,annual
40878,1991,122.15,21.938356164383563,365,365,365,365,1.0,annual
40878,1992,172.42000000000002,21.492896174863386,366,366,366,366,1.0,annual
40878,1993,50.05,22.305205479452052,365,365,365,365,1.0,annual
40878,1994,166.93,22.23315068493151,365,365,365,365,1.0,annual
40878,1995,126.56,21.980273972602742,365,365,365,365,1.0,annual
40878,1996,113.66,21.566666666666666,366,366,366,366,1.0,annual
40878,1997,258.46999999999997,21.646301369863014,365,365,365,365,1.0,annual
40878,1998,95.55999999999999,22.92356164383562,365,365,365,365,1.0,annual
40878,1999,93.77,22.903561643835616,365,365,365,365,1.0,annual
40878,2000,67.51,23.02950819672131,366,366,366,366,1.0,annual
40878,2001,7.539999999999999,23.23315068493151,365,365,365,365,1.0,annual
40878,2002,48.04,23.124109589041094,365,365,365,365,1.0,annual
40878,2003,95.06,22.69178082191781,365,365,365,365,1.0,annual
40878,2004,70.77,23.3844262295082,366,366,366,366,1.0,annual
40878,2005,121.61,22.436438356164384,365,365,365,365,1.0,annual
40878,2006,66.12,23.155342465753428,365,365,365,365,1.0,annual
40878,2007,168.14,22.7,365,365,365,365,1.0,annual
40878,2008,98.97999999999999,22.90767123287671,366,365,366,366,0.9972677595628415,annual
40878,2009,131.78,23.347397260273972,365,365,365,365,1.0,annual
40878,2010,73.44000000000001,23.42547945205479,365,365,365,365,1.0,annual
40878,2011,157.78,23.249863013698633,365,365,365,365,1.0,annual
40878,2012,60.1,22.268852459016394,366,366,366,366,1.0,annual
40878,2013,129.23000000000002,22.716986301369865,365,365,365,365,1.0,annual
40878,2014,94.92999999999999,22.30137741046832,365,363,365,365,0.9945205479452055,annual
40878,2015,61.67,23.175616438356165,365,365,365,365,1.0,annual
40878,2016,64.3,23.514754098360655,366,366,366,366,1.0,annual
40878,2017,58.96,23.282596685082872,365,362,365,365,0.9917808219178083,annual
40878,2018,44.93,23.43068493150685,365,365,365,365,1.0,annual
40878,2019,153.65999999999997,22.725753424657533,365,365,365,365,1.0,annual
40878,2020,133.1,22.638461538461538,366,364,366,366,0.994535519125683,annual
40878,2021,27.63,23.72664835164835,365,364,365,365,0.9972602739726028,annual
40878,2022,101.82000000000001,23.72986301369863,365,365,365,365,1.0,annual
40878,2023,65.00999999999999,23.826301369863014,365,365,365,365,1.0,annual
40878,2024,330.5,23.537158469945357,366,366,366,366,1.0,annual
40879,1991,94.66,26.62246575342466,365,365,365,365,1.0,annual
40879,1992,201.08,25.836885245901637,366,366,366,366,1.0,annual
40879,1993,65.8,26.84027397260274,365,365,365,365,1.0,annual
40879,1994,146.89000000000001,26.798904109589042,365,365,365,365,1.0,annual
40879,1995,158.78000000000003,26.53808219178082,365,365,365,365,1.0,annual
40879,1996,148.32,26.153005464480874,366,366,366,366,1.0,annual
40879,1997,206.97,26.38712328767123,365,365,365,365,1.0,annual
40879,1998,121.96,27.53150684931507,365,365,365,365,1.0,annual
40879,1999,75.65,27.6586301369863,365,365,365,365,1.0,annual
40879,2000,20.04,27.651092896174863,366,366,366,366,1.0,annual
40879,2001,6.359999999999999,28.054246575342464,365,365,365,365,1.0,annual
40879,2002,33.33,27.883835616438358,365,365,365,365,1.0,annual
40879,2003,73.77000000000001,27.39945205479452,365,365,365,365,1.0,annual
40879,2004,51.49,28.13060109289617,366,366,366,366,1.0,annual
40879,2005,122.55,27.202739726027396,365,365,365,365,1.0,annual
40879,2006,65.57,27.53972602739726,365,365,365,365,1.0,annual
40879,2007,141.47,27.127671232876715,365,365,365,365,1.0,annual
40879,2008,208.0,27.291803278688523,366,366,366,366,1.0,annual
40879,2009,145.2,27.690958904109593,365,365,365,365,1.0,annual
40879,2010,89.34,27.74821917808219,365,365,365,365,1.0,annual
40879,2011,112.05999999999999,27.72027397260274,365,365,365,365,1.0,annual
40879,2012,62.900000000000006,27.220218579234974,366,366,366,366,1.0,annual
40879,2013,95.19999999999999,27.442975206611568,365,363,365,365,0.9945205479452055,annual
40879,2014,71.22,27.099178082191784,365,365,365,365,1.0,annual
40879,2015,45.17999999999999,27.803856749311294,365,363,365,365,0.9945205479452055,annual
40879,2016,26.490000000000002,28.008767123287672,366,365,366,366,0.9972677595628415,annual
40879,2017,145.08,27.593956043956045,365,364,365,365,0.9972602739726028,annual
40879,2018,50.230000000000004,28.208493150684934,365,365,365,365,1.0,annual
40879,2019,174.17,27.36208791208791,365,364,365,365,0.9972602739726028,annual
40879,2020,154.05,27.01878453038674,366,362,366,366,0.9890710382513661,annual
40879,2021,46.13,28.166027397260276,365,365,365,365,1.0,annual
40879,2022,133.76,28.000828729281768,365,362,365,365,0.9917808219178083,annual
40879,2023,61.03999999999999,28.36,365,365,365,365,1.0,annual
40879,2024,205.23000000000002,28.18688524590164,366,366,366,366,1.0,annual
40882,1991,309.31,26.207988980716255,365,363,365,365,0.9945205479452055,annual
40882,1992,251.73999999999998,25.787087912087912,366,364,366,366,0.994535519125683,annual
40882,1993,268.96999999999997,26.969421487603306,364,363,365,365,0.9945205479452055,annual
40882,1994,86.34,27.079063360881545,365,363,365,365,0.9945205479452055,annual
40882,1995,381.84000000000003,26.72154696132597,365,362,365,365,0.9917808219178083,annual
40882,1996,244.22999999999996,27.15371900826446,366,363,366,366,0.9918032786885246,annual
40882,1997,360.5,26.834072022160665,365,361,365,365,0.989041095890411,annual
40882,1998,129.12,28.05054945054945,365,364,365,365,0.9972602739726028,annual
40882,1999,173.17000000000002,28.54361111111111,365,360,365,365,0.9863013698630136,annual
40882,2000,113.33000000000001,27.871191135734072,366,361,366,366,0.9863387978142076,annual
40882,2001,78.03,27.984022038567495,365,363,365,365,0.9945205479452055,annual
40882,2002,80.05,27.90714285714286,365,364,365,365,0.9972602739726028,annual
40882,2003,65.11,27.894475138121546,365,362,365,365,0.9917808219178083,annual
40882,2004,152.64,27.94,366,365,366,366,0.9972677595628415,annual
40882,2005,99.39,27.806887052341597,365,363,365,365,0.9945205479452055,annual
40882,2006,151.96,27.71346153846154,365,364,365,365,0.9972602739726028,annual
40882,2007,53.83,28.16049723756906,365,362,365,365,0.9917808219178083,annual
40882,2008,88.7,27.634159779614325,366,363,366,366,0.9918032786885246,annual
40882,2009,153.03,27.74777777777778,365,360,365,365,0.9863013698630136,annual
40882,2010,29.0,28.448901098901096,365,364,365,365,0.9972602739726028,annual
40882,2011,125.84,27.98038674033149,365,362,365,365,0.9917808219178083,annual
40882,2012,89.03000000000002,27.924242424242426,366,363,366,366,0.9918032786885246,annual
40882,2013,123.36,27.623076923076923,365,364,365,365,0.9972602739726028,annual
40882,2014,115.79,27.625753424657532,365,365,365,365,1.0,annual
40882,2015,145.01,28.31917808219178,365,365,365,365,1.0,annual
40882,2016,32.05,28.02814207650273,366,366,366,366,1.0,annual
40882,2017,274.71,28.491232876712328,365,365,365,365,1.0,annual
40882,2018,97.13,28.45698630136986,365,365,365,365,1.0,annual
40882,2019,367.6700000000001,28.003296703296705,365,364,365,365,0.9972602739726028,annual
40882,2020,118.09,28.12115384615385,366,364,366,366,0.994535519125683,annual
40882,2021,11.899999999999999,28.80849315068493,365,365,365,365,1.0,annual
40882,2022,119.33,27.996164383561645,365,365,365,365,1.0,annual
40882,2023,146.75,28.247671232876712,365,365,365,365,1.0,annual
40882,2024,103.83000000000001,28.684426229508198,366,366,366,366,1.0,annual
40883,1991,196.82999999999998,26.129834254143645,365,362,365,365,0.9917808219178083,annual
40883,1992,209.85000000000002,25.584848484848482,366,363,366,366,0.9918032786885246,annual
40883,1993,222.04000000000002,26.56267409470752,365,359,365,365,0.9835616438356164,annual
40883,1994,46.989999999999995,26.743956043956043,365,364,365,365,0.9972602739726028,annual
40883,1995,402.74,26.238630136986302,365,365,365,365,1.0,annual
40883,1996,201.31,26.749299719887954,366,357,366,366,0.9754098360655737,annual
40883,1997,233.51000000000002,26.443406593406593,365,364,365,365,0.9972602739726028,annual
40883,1998,217.62,27.658241758241758,365,364,365,365,0.9972602739726028,annual
40883,1999,93.92,27.846849315068493,365,365,365,365,1.0,annual
40883,2000,132.13,27.260164835164836,366,364,366,366,0.994535519125683,annual
40883,2001,31.71,27.426027397260274,365,365,365,365,1.0,annual
40883,2002,52.42,27.591506849315067,365,365,365,365,1.0,annual
40883,2003,37.84,27.728021978021978,365,364,365,365,0.9972602739726028,annual
40883,2004,54.620000000000005,27.85,366,366,366,366,1.0,annual
40883,2005,129.62,27.644780219780223,365,364,365,365,0.9972602739726028,annual
40883,2006,121.41,27.364383561643837,365,365,365,365,1.0,annual
40883,2007,42.699999999999996,27.788219178082194,365,365,365,365,1.0,annual
40883,2008,84.30000000000001,26.98989071038251,366,366,366,366,1.0,annual
40883,2009,173.23,27.44082191780822,365,365,365,365,1.0,annual
40883,2010,17.7,28.115342465753425,365,365,365,365,1.0,annual
40883,2011,90.91000000000001,27.630684931506853,365,365,365,365,1.0,annual
40883,2012,68.61000000000001,27.536612021857923,366,366,366,366,1.0,annual
40883,2013,64.34,27.238904109589043,365,365,365,365,1.0,annual
40883,2014,110.54,27.19178082191781,365,365,365,365,1.0,annual
40883,2015,92.42,27.923626373626377,365,364,365,365,0.9972602739726028,annual
40883,2016,45.83,27.70382513661202,366,366,366,366,1.0,annual
40883,2017,235.31,27.651780821917807,365,365,365,365,1.0,annual
40883,2018,41.17,27.86849315068493,365,365,365,365,1.0,annual
40883,2019,244.39999999999998,27.602191780821915,365,365,365,365,1.0,annual
40883,2020,126.86999999999999,27.500546448087434,366,366,366,366,1.0,annual
40883,2021,12.81,28.123351648351647,365,364,365,365,0.9972602739726028,annual
40883,2022,142.44000000000003,27.9228021978022,365,364,365,365,0.9972602739726028,annual
40883,2023,60.42999999999999,27.85164835164835,364,364,365,365,0.9972602739726028,annual
40883,2024,91.02,28.148342541436467,364,362,366,366,0.9890710382513661,annual
40889,1991,180.09,27.015320334261837,364,359,365,365,0.9835616438356164,annual
40889,1992,174.03,25.910472972972972,305,296,366,366,0.8087431693989071,annual
40889,1993,101.57999999999998,27.656353591160222,365,362,365,365,0.9917808219178083,annual
40889,1994,6.549999999999999,27.748055555555553,365,360,365,365,0.9863013698630136,annual
40889,1995,273.03,27.52039106145251,365,358,365,365,0.9808219178082191,annual
40889,1996,366.82000000000005,27.9625,366,352,366,366,0.9617486338797814,annual
40889,1997,312.23,27.251944444444447,365,360,365,365,0.9863013698630136,annual
40889,1998,88.71,28.585911602209947,365,362,365,365,0.9917808219178083,annual
40889,1999,76.43,28.561666666666667,365,360,365,365,0.9863013698630136,annual
40889,2000,98.80000000000001,28.155494505494506,366,364,366,366,0.994535519125683,annual
40889,2001,35.02,28.11287671232877,365,365,365,365,1.0,annual
40889,2002,51.760000000000005,28.205479452054796,365,365,365,365,1.0,annual
40889,2003,57.82,28.084931506849315,365,365,365,365,1.0,annual
40889,2004,121.10999999999999,28.095901639344262,366,366,366,366,1.0,annual
40889,2005,79.46000000000001,27.917534246575343,365,365,365,365,1.0,annual
40889,2006,149.82,27.923013698630136,365,365,365,365,1.0,annual
40889,2007,25.309999999999995,28.110714285714284,365,364,365,365,0.9972602739726028,annual
40889,2008,128.2,27.6775956284153,366,366,366,366,1.0,annual
40889,2009,107.81,28.018082191780824,365,365,365,365,1.0,annual
40889,2010,45.31,28.683561643835617,365,365,365,365,1.0,annual
40889,2011,53.620000000000005,28.20465753424658,365,365,365,365,1.0,annual
40889,2012,89.02,27.908743169398907,366,366,366,366,1.0,annual
40889,2013,133.76,27.968767123287673,365,365,365,365,1.0,annual
40889,2014,52.9,28.065833333333334,365,360,365,365,0.9863013698630136,annual
40889,2015,49.32,28.307945205479452,365,365,365,365,1.0,annual
40889,2016,50.94999999999999,28.46830601092896,366,366,366,366,1.0,annual
40889,2017,188.01,28.607417582417582,365,364,365,365,0.9972602739726028,annual
40889,2018,70.2,28.67917808219178,365,365,365,365,1.0,annual
40889,2019,176.84,28.25564738292011,365,363,365,365,0.9945205479452055,annual
40889,2020,115.41,28.334246575342465,366,365,366,366,0.9972677595628415,annual
40889,2021,29.009999999999998,29.0986301369863,365,365,365,365,1.0,annual
40889,2022,61.620000000000005,28.638630136986304,365,365,365,365,1.0,annual
40889,2023,351.09999999999997,28.5771978021978,365,364,365,365,0.9972602739726028,annual
40889,2024,127.80000000000001,28.89916897506925,366,361,366,366,0.9863387978142076,annual
40890,1991,146.28,26.712569832402234,365,358,365,365,0.9808219178082191,annual
40890,1992,173.39000000000001,26.36897506925208,366,361,366,366,0.9863387978142076,annual
40890,1993,108.61999999999999,27.42676056338028,365,355,365,365,0.9726027397260274,annual
40890,1994,12.02,27.528412256267412,365,359,365,365,0.9835616438356164,annual
40890,1995,311.74,27.318055555555556,365,360,365,365,0.9863013698630136,annual
40890,1996,329.64,27.637604456824512,366,359,366,366,0.9808743169398907,annual
40890,1997,290.78999999999996,27.28515406162465,365,357,365,365,0.9780821917808219,annual
40890,1998,141.73000000000002,28.32182320441989,365,362,365,365,0.9917808219178083,annual
40890,1999,72.22,28.333518005540164,365,361,365,365,0.989041095890411,annual
40890,2000,52.23,27.723691460055097,366,363,366,366,0.9918032786885246,annual
40890,2001,3.5,28.07972602739726,365,365,365,365,1.0,annual
40890,2002,77.06,27.937534246575346,365,365,365,365,1.0,annual
40890,2003,37.800000000000004,27.976438356164383,365,365,365,365,1.0,annual
40890,2004,92.6,27.833879781420766,366,366,366,366,1.0,annual
40890,2005,92.71,27.673698630136986,365,365,365,365,1.0,annual
40890,2006,209.57000000000002,27.692054794520548,365,365,365,365,1.0,annual
40890,2007,71.44,27.8841095890411,365,365,365,365,1.0,annual
40890,2008,184.13,27.44071038251366,366,366,366,366,1.0,annual
40890,2009,180.73000000000002,27.68246575342466,365,365,365,365,1.0,annual
40890,2010,56.01,28.451232876712332,365,365,365,365,1.0,annual
40890,2011,51.51,28.04027397260274,365,365,365,365,1.0,annual
40890,2012,47.42,27.657103825136613,366,366,366,366,1.0,annual
40890,2013,227.73000000000002,27.648219178082194,365,365,365,365,1.0,annual
40890,2014,44.21,27.53928571428571,365,364,365,365,0.9972602739726028,annual
40890,2015,35.41,28.27917808219178,365,365,365,365,1.0,annual
40890,2016,43.699999999999996,27.9172131147541,366,366,366,366,1.0,annual
40890,2017,168.6,28.059452054794523,365,365,365,365,1.0,annual
40890,2018,45.1,28.38109589041096,365,365,365,365,1.0,annual
40890,2019,239.51,28.114647887323947,365,355,365,365,0.9726027397260274,annual
40890,2020,80.9,28.41092896174863,366,366,366,366,1.0,annual
40890,2021,13.209999999999999,29.257808219178084,365,365,365,365,1.0,annual
40890,2022,87.49999999999999,28.897527472527475,365,364,365,365,0.9972602739726028,annual
40890,2023,178.29999999999998,28.96153846153846,361,364,365,365,0.989041095890411,annual
40890,2024,234.4,29.08021978021978,366,364,366,366,0.994535519125683,annual
40893,1991,140.82,26.260171919770773,365,349,365,365,0.9561643835616438,annual
40893,1992,123.94999999999999,26.25014084507042,366,355,366,366,0.9699453551912568,annual
40893,1993,45.94,27.37966573816156,365,359,365,365,0.9835616438356164,annual
40893,1994,35.85,27.357182320441986,365,362,365,365,0.9917808219178083,annual
40893,1995,533.2,27.11501416430595,365,353,365,365,0.9671232876712329,annual
40893,1996,153.20999999999998,26.849299719887956,366,357,366,366,0.9754098360655737,annual
40893,1997,264.11,26.717877094972067,365,358,365,365,0.9808219178082191,annual
40893,1998,192.4,27.66398891966759,365,361,365,365,0.989041095890411,annual
40893,1999,47.599999999999994,27.441620111731844,365,358,365,365,0.9808219178082191,annual
40893,2000,16.4,27.288169014084506,366,355,366,366,0.9699453551912568,annual
40893,2001,72.52000000000001,27.5,365,365,365,365,1.0,annual
40893,2002,32.74,27.513150684931507,365,365,365,365,1.0,annual
40893,2003,17.16,27.36876712328767,365,365,365,365,1.0,annual
40893,2004,40.05,27.53169398907104,366,366,366,366,1.0,annual
40893,2005,94.55,27.373972602739727,365,365,365,365,1.0,annual
40893,2006,176.96,27.390958904109592,365,365,365,365,1.0,annual
40893,2007,181.12,27.547671232876713,365,365,365,365,1.0,annual
40893,2008,89.77000000000001,26.970765027322404,366,366,366,366,1.0,annual
40893,2009,90.7,27.69150684931507,365,365,365,365,1.0,annual
40893,2010,61.31999999999999,27.77260273972603,365,365,365,365,1.0,annual
40893,2011,31.44,27.443287671232873,365,365,365,365,1.0,annual
40893,2012,24.019999999999996,27.470218579234974,366,366,366,366,1.0,annual
40893,2013,81.64,27.01095890410959,365,365,365,365,1.0,annual
40893,2014,141.34,26.938333333333333,365,360,365,365,0.9863013698630136,annual
40893,2015,71.57,27.9633608815427,365,363,365,365,0.9945205479452055,annual
40893,2016,15.81,27.646994535519124,366,366,366,366,1.0,annual
40893,2017,193.35,27.733516483516482,365,364,365,365,0.9972602739726028,annual
40893,2018,10.75,27.882417582417585,365,364,365,365,0.9972602739726028,annual
40893,2019,213.63,27.36794520547945,365,365,365,365,1.0,annual
40893,2020,148.21,27.51912568306011,366,366,366,366,1.0,annual
40893,2021,21.52,27.90357142857143,365,364,365,365,0.9972602739726028,annual
40893,2022,118.12,27.45917808219178,365,365,365,365,1.0,annual
40893,2023,61.2,27.583055555555553,364,360,365,365,0.9863013698630136,annual
40893,2024,98.8,27.95662983425414,364,362,366,366,0.9890710382513661,annual
40898,1991,62.059999999999995,25.619999999999997,365,365,365,365,1.0,annual
40898,1992,153.92,25.460109289617485,366,366,366,366,1.0,annual
40898,1993,29.1,26.683287671232875,365,365,365,365,1.0,annual
40898,1994,63.940000000000005,26.73315068493151,365,365,365,365,1.0,annual
40898,1995,171.67,26.412054794520547,365,365,365,365,1.0,annual
40898,1996,105.24000000000001,25.793442622950817,366,366,366,366,1.0,annual
40898,1997,538.85,25.978356164383563,365,365,365,365,1.0,annual
40898,1998,86.82,26.729315068493154,365,365,365,365,1.0,annual
40898,1999,47.4,26.421643835616436,365,365,365,365,1.0,annual
40898,2000,44.4,26.587704918032788,366,366,366,366,1.0,annual
40898,2001,0.73,26.508767123287672,365,365,365,365,1.0,annual
40898,2002,49.82,26.226027397260275,365,365,365,365,1.0,annual
40898,2003,65.75,26.23972602739726,365,365,365,365,1.0,annual
40898,2004,46.21000000000001,26.281147540983607,366,366,366,366,1.0,annual
40898,2005,74.53,26.263013698630136,365,365,365,365,1.0,annual
40898,2006,119.45,26.3841095890411,365,365,365,365,1.0,annual
40898,2007,240.64,26.99150684931507,365,365,365,365,1.0,annual
40898,2008,218.24,26.61393442622951,366,366,366,366,1.0,annual
40898,2009,156.23,27.261369863013698,365,365,365,365,1.0,annual
40898,2010,134.54999999999998,27.046301369863013,365,365,365,365,1.0,annual
40898,2011,105.75999999999999,26.614794520547946,365,365,365,365,1.0,annual
40898,2012,30.13,26.486612021857926,366,366,366,366,1.0,annual
40898,2013,96.12,26.380769230769232,365,364,365,365,0.9972602739726028,annual
40898,2014,86.54,26.478296703296703,365,364,365,365,0.9972602739726028,annual
40898,2015,66.12,27.18054794520548,365,365,365,365,1.0,annual
40898,2016,27.630000000000003,26.88688524590164,366,366,366,366,1.0,annual
40898,2017,73.85000000000001,26.91868131868132,365,364,365,365,0.9972602739726028,annual
40898,2018,24.020000000000003,27.17150684931507,365,365,365,365,1.0,annual
40898,2019,194.46,27.079063360881545,365,363,365,365,0.9945205479452055,annual
40898,2020,170.85,26.967759562841533,366,366,366,366,1.0,annual
40898,2021,251.81,27.297260273972604,365,365,365,365,1.0,annual
40898,2022,218.44,27.145879120879123,365,364,365,365,0.9972602739726028,annual
40898,2023,29.6,27.274520547945208,365,365,365,365,1.0,annual
40898,2024,279.37,27.73643835616438,366,365,366,366,0.9972677595628415,annual
88187,1991,,,0,0,365,365,0.0,annual
88187,1992,687.4599999999999,23.244444444444444,337,333,366,366,0.9098360655737705,annual
88187,1993,302.09999999999997,23.580672268907563,365,357,365,365,0.9780821917808219,annual
88187,1994,294.48,22.683987915407855,334,331,365,365,0.9068493150684932,annual
88187,1995,495.07,23.498850574712645,351,348,365,365,0.9534246575342465,annual
88187,1996,467.39,23.687465181058492,366,359,366,366,0.9808743169398907,annual
88187,1997,440.9,23.194101123595505,365,356,365,365,0.9753424657534246,annual
88187,1998,305.36,24.40304709141274,365,361,365,365,0.989041095890411,annual
88187,1999,261.81,24.58898071625344,365,363,365,365,0.9945205479452055,annual
88187,2000,321.03,24.062739726027395,366,365,366,366,0.9972677595628415,annual
88187,2001,218.44,24.302739726027397,365,365,365,365,1.0,annual
88187,2002,270.65,23.35641791044776,335,335,365,365,0.9178082191780822,annual
88187,2003,413.80999999999995,23.864657534246575,365,365,365,365,1.0,annual
88187,2004,597.12,23.95601092896175,366,366,366,366,1.0,annual
88187,2005,347.52,23.65371900826446,365,363,365,365,0.9945205479452055,annual
88187,2006,417.81000000000006,23.732602739726026,365,365,365,365,1.0,annual
88187,2007,176.10000000000002,23.749863013698633,365,365,365,365,1.0,annual
88187,2008,167.10000000000002,23.829234972677597,366,366,366,366,1.0,annual
88187,2009,351.71000000000004,23.89068493150685,365,365,365,365,1.0,annual
88187,2010,63.41,24.774794520547943,365,365,365,365,1.0,annual
88187,2011,340.01000000000005,24.12246575342466,365,365,365,365,1.0,annual
88187,2012,144.42,25.678032786885247,358,305,366,366,0.8333333333333334,annual
88187,2013,365.5,23.6956043956044,365,364,365,365,0.9972602739726028,annual
88187,2014,345.1,24.291830985915492,365,355,365,365,0.9726027397260274,annual
88187,2015,281.43,25.15682451253482,364,359,365,365,0.9835616438356164,annual
88187,2016,132.91,25.023691460055097,366,363,366,366,0.9918032786885246,annual
88187,2017,628.0200000000001,25.20939226519337,365,362,365,365,0.9917808219178083,annual
88187,2018,201.02,25.182093663911846,365,363,365,365,0.9945205479452055,annual
88187,2019,618.02,24.380991735537187,365,363,365,365,0.9945205479452055,annual
88187,2020,383.1,24.426446280991733,366,363,366,366,0.9918032786885246,annual
88187,2021,103.02,26.01401098901099,365,364,365,365,0.9972602739726028,annual
88187,2022,388.2,25.245179063360883,365,363,365,365,0.9945205479452055,annual
88187,2023,260.5,25.012396694214875,365,363,365,365,0.9945205479452055,annual
88187,2024,255.70000000000002,24.990163934426228,366,366,366,366,1.0,annual
99331,1991,293.17,17.056438356164385,365,365,365,365,1.0,annual
99331,1992,289.88,16.685671641791043,335,335,366,366,0.9153005464480874,annual
99331,1993,228.02,17.55014836795252,337,337,365,365,0.9232876712328767,annual
99331,1994,385.28999999999996,17.49917808219178,365,365,365,365,1.0,annual
99331,1995,149.13,18.172328767123286,365,365,365,365,1.0,annual
99331,1996,511.15999999999997,17.266027397260274,366,365,366,366,0.9972677595628415,annual
99331,1997,185.33999999999997,17.985205479452055,365,365,365,365,1.0,annual
99331,1998,368.83000000000004,18.443287671232877,365,365,365,365,1.0,annual
99331,1999,243.43,18.427945205479453,365,365,365,365,1.0,annual
99331,2000,267.38000000000005,18.15382513661202,366,366,366,366,1.0,annual
99331,2001,220.07999999999998,18.83205479452055,365,365,365,365,1.0,annual
99331,2002,379.36,18.390136986301368,365,365,365,365,1.0,annual
99331,2003,402.88,17.795616438356163,365,365,365,365,1.0,annual
99331,2004,359.01,18.023497267759563,366,366,366,366,1.0,annual
99331,2005,365.93999999999994,18.13917808219178,365,365,365,365,1.0,annual
99331,2006,379.6,18.377808219178082,365,365,365,365,1.0,annual
99331,2007,363.84,18.05780821917808,365,365,365,365,1.0,annual
99331,2008,212.18,18.22622950819672,366,366,366,366,1.0,annual
99331,2009,259.52,17.985205479452055,365,365,365,365,1.0,annual
99331,2010,270.71,19.763835616438357,365,365,365,365,1.0,annual
99331,2011,524.58,17.779452054794522,365,365,365,365,1.0,annual
99331,2012,317.16999999999996,17.708196721311474,366,366,366,366,1.0,annual
99331,2013,256.61,18.84794520547945,362,365,365,365,0.9917808219178083,annual
99331,2014,138.05,18.311977715877436,349,359,365,365,0.9561643835616438,annual
99331,2015,103.30000000000001,17.813881019830028,335,353,365,365,0.9178082191780822,annual
99331,2016,329.1,17.724340175953078,338,341,366,366,0.9234972677595629,annual
99331,2017,151.8,17.343333333333334,358,360,365,365,0.9808219178082191,annual
99331,2018,206.8,17.666575342465755,363,365,365,365,0.9945205479452055,annual
99331,2019,304.6,17.178932584269663,361,356,365,365,0.9753424657534246,annual
99331,2020,442.59999999999997,16.37027777777778,366,360,366,366,0.9836065573770492,annual
99331,2021,158.6,17.83719008264463,365,363,365,365,0.9945205479452055,annual
99331,2022,176.6,17.878991596638656,360,357,365,365,0.9780821917808219,annual
99331,2023,138.8,18.554166666666667,346,336,365,365,0.9205479452054794,annual
99331,2024,95.0,17.192932862190816,321,283,366,366,0.773224043715847,annual
99407,1991,190.92,19.971780821917807,365,365,365,365,1.0,annual
99407,1992,100.71000000000001,19.061475409836067,366,366,366,366,1.0,annual
99407,1993,106.0,19.70082191780822,365,365,365,365,1.0,annual
99407,1994,81.61,20.80876712328767,365,365,365,365,1.0,annual
99407,1995,98.45,20.60821917808219,365,365,365,365,1.0,annual
99407,1996,89.12,20.139071038251366,366,366,366,366,1.0,annual
99407,1997,124.77,20.80931506849315,365,365,365,365,1.0,annual
99407,1998,88.53,21.11972602739726,365,365,365,365,1.0,annual
99407,1999,106.44,21.11890410958904,365,365,365,365,1.0,annual
99407,2000,75.34,21.058196721311475,366,366,366,366,1.0,annual
99407,2001,44.6,21.865753424657534,365,365,365,365,1.0,annual
99407,2002,66.83000000000001,21.498356164383562,365,365,365,365,1.0,annual
99407,2003,99.02,20.86958904109589,365,365,365,365,1.0,annual
99407,2004,136.31,21.440983606557378,366,366,366,366,1.0,annual
99407,2005,56.449999999999996,21.224109589041095,365,365,365,365,1.0,annual
99407,2006,99.44999999999999,21.692054794520548,365,365,365,365,1.0,annual
99407,2007,65.94,20.96712328767123,365,365,365,365,1.0,annual
99407,2008,65.04,20.671311475409837,366,366,366,366,1.0,annual
99407,2009,93.89,21.5827397260274,365,365,365,365,1.0,annual
99407,2010,61.01,22.30876712328767,365,365,365,365,1.0,annual
99407,2011,77.53,21.566301369863012,365,365,365,365,1.0,annual
99407,2012,90.55,20.785792349726776,366,366,366,366,1.0,annual
99407,2013,72.22,22.113774104683195,365,363,365,365,0.9945205479452055,annual
99407,2014,81.53,21.452328767123287,365,365,365,365,1.0,annual
99407,2015,42.85,22.459890109890107,365,364,365,365,0.9972602739726028,annual
99407,2016,18.84,22.63224043715847,366,366,366,366,1.0,annual
99407,2017,56.529999999999994,22.29421487603306,365,363,365,365,0.9945205479452055,annual
99407,2018,104.86000000000001,22.166391184573,365,363,365,365,0.9945205479452055,annual
99407,2019,121.10000000000001,19.922739726027398,362,365,365,365,0.9917808219178083,annual
99407,2020,184.9,18.81392757660167,241,359,366,366,0.6584699453551912,annual
99407,2021,33.61,20.375069252077562,262,361,365,365,0.7178082191780822,annual
99407,2022,39.300000000000004,20.631043956043957,365,364,365,365,0.9972602739726028,annual
99407,2023,49.40999999999999,21.184383561643838,361,365,365,365,0.989041095890411,annual
99407,2024,48.80999999999999,20.753551912568305,366,366,366,366,1.0,annual
99421,1991,,,0,0,365,365,0.0,annual
99421,1992,254.05,14.589531680440771,363,363,366,366,0.9918032786885246,annual
99421,1993,177.26999999999998,15.65150684931507,365,365,365,365,1.0,annual
99421,1994,167.22,16.601369863013698,365,365,365,365,1.0,annual
99421,1995,192.45000000000002,16.837260273972603,365,365,365,365,1.0,annual
99421,1996,271.02,15.899726775956285,366,366,366,366,1.0,annual
99421,1997,134.45999999999998,16.775616438356167,365,365,365,365,1.0,annual
99421,1998,221.09000000000003,17.335616438356166,365,365,365,365,1.0,annual
99421,1999,175.31,17.193150684931506,365,365,365,365,1.0,annual
99421,2000,194.18,16.968579234972676,366,366,366,366,1.0,annual
99421,2001,114.14999999999999,17.78246575342466,365,365,365,365,1.0,annual
99421,2002,263.33000000000004,17.31041095890411,365,365,365,365,1.0,annual
99421,2003,213.82999999999998,16.31095890410959,365,365,365,365,1.0,annual
99421,2004,182.70999999999998,16.92704918032787,366,366,366,366,1.0,annual
99421,2005,173.54,17.086027397260274,365,365,365,365,1.0,annual
99421,2006,202.36,17.135890410958904,365,365,365,365,1.0,annual
99421,2007,209.57,16.666849315068493,365,365,365,365,1.0,annual
99421,2008,157.2,16.574043715846994,366,366,366,366,1.0,annual
99421,2009,187.71,16.78246575342466,365,365,365,365,1.0,annual
99421,2010,130.92,18.628219178082194,365,365,365,365,1.0,annual
99421,2011,203.63,16.522739726027396,365,365,365,365,1.0,annual
99421,2012,296.5,16.339890710382512,366,366,366,366,1.0,annual
99421,2013,139.90999999999997,17.65111111111111,365,360,365,365,0.9863013698630136,annual
99421,2014,180.78,17.067397260273975,365,365,365,365,1.0,annual
99421,2015,216.24,17.691412742382273,365,361,365,365,0.989041095890411,annual
99421,2016,79.35,17.88131868131868,366,364,366,366,0.994535519125683,annual
99421,2017,111.94000000000001,17.745479452054795,365,365,365,365,1.0,annual
99421,2018,227.83000000000004,17.962912087912088,365,364,365,365,0.9972602739726028,annual
99421,2019,291.71000000000004,15.775482093663912,365,363,365,365,0.9945205479452055,annual
99421,2020,250.93,17.394707520891366,366,359,366,366,0.9808743169398907,annual
99421,2021,143.9,19.041483516483517,365,364,365,365,0.9972602739726028,annual
99421,2022,94.6,18.822437673130192,365,361,365,365,0.989041095890411,annual
99421,2023,80.71,17.479945054945055,361,364,365,365,0.989041095890411,annual
99421,2024,143.72000000000003,16.938736263736264,366,364,366,366,0.994535519125683,annual
99459,1991,337.6,13.295342465753425,365,365,365,365,1.0,annual
99459,1992,213.3,11.10464480874317,366,366,366,366,1.0,annual
99459,1993,331.5,12.592328767123288,365,365,365,365,1.0,annual
99459,1994,289.8,13.22219178082192,365,365,365,365,1.0,annual
99459,1995,200.7,12.792602739726028,365,365,365,365,1.0,annual
99459,1996,292.0,12.34344262295082,366,366,366,366,1.0,annual
99459,1997,212.41000000000003,12.2413698630137,365,365,365,365,1.0,annual
99459,1998,285.7,13.945479452054796,365,365,365,365,1.0,annual
99459,1999,176.89999999999998,13.996164383561645,365,365,365,365,1.0,annual
99459,2000,175.16,13.425409836065572,366,366,366,366,1.0,annual
99459,2001,261.74,14.09123287671233,365,365,365,365,1.0,annual
99459,2002,279.10999999999996,13.86109589041096,365,365,365,365,1.0,annual
99459,2003,231.73999999999998,11.97041095890411,365,365,365,365,1.0,annual
99459,2004,423.72,11.46174863387978,366,366,366,366,1.0,annual
99459,2005,190.10000000000002,11.421643835616438,365,365,365,365,1.0,annual
99459,2006,460.71999999999997,11.017260273972603,365,365,365,365,1.0,annual
99459,2007,220.72,10.80934065934066,365,364,365,365,0.9972602739726028,annual
99459,2008,93.62999999999998,11.962465753424658,366,365,366,366,0.9972677595628415,annual
99459,2009,316.51,11.540821917808218,365,365,365,365,1.0,annual
99459,2010,153.57,12.831043956043956,365,364,365,365,0.9972602739726028,annual
99459,2011,264.49,12.144903581267219,365,363,365,365,0.9945205479452055,annual
99459,2012,267.49,11.554246575342466,366,365,366,366,0.9972677595628415,annual
99459,2013,266.35,12.263561643835615,365,365,365,365,1.0,annual
99459,2014,299.82,11.590304709141275,365,361,365,365,0.989041095890411,annual
99459,2015,243.35000000000002,12.692582417582418,365,364,365,365,0.9972602739726028,annual
99459,2016,158.84,13.190136986301368,366,365,366,366,0.9972677595628415,annual
99459,2017,172.81,13.26183844011142,365,359,365,365,0.9835616438356164,annual
99459,2018,209.60999999999999,13.412637362637362,365,364,365,365,0.9972602739726028,annual
99459,2019,303.36,12.533795013850416,365,361,365,365,0.989041095890411,annual
99459,2020,220.67,13.494214876033057,366,363,366,366,0.9918032786885246,annual
99459,2021,161.14,15.362707182320442,365,362,365,365,0.9917808219178083,annual
99459,2022,252.34999999999997,15.373829201101929,365,363,365,365,0.9945205479452055,annual
99459,2023,212.89,12.369505494505495,365,364,365,365,0.9972602739726028,annual
99459,2024,257.88,12.746111111111112,365,360,366,366,0.9836065573770492,annual
99623,1991,,,0,0,365,365,0.0,annual
99623,1992,60.21,22.746218487394955,357,357,366,366,0.9754098360655737,annual
99623,1993,3.01,26.68872727272727,275,275,365,365,0.7534246575342466,annual
99623,1994,44.69,24.109041095890408,365,365,365,365,1.0,annual
99623,1995,66.57000000000001,24.201095890410958,365,365,365,365,1.0,annual
99623,1996,111.33,23.394262295081965,366,366,366,366,1.0,annual
99623,1997,70.27,24.203561643835613,365,365,365,365,1.0,annual
99623,1998,43.019999999999996,24.70986301369863,365,365,365,365,1.0,annual
99623,1999,51.150000000000006,24.535342465753423,365,365,365,365,1.0,annual
99623,2000,22.740000000000002,25.145355191256833,366,366,366,366,1.0,annual
99623,2001,10.809999999999999,25.857808219178082,365,365,365,365,1.0,annual
99623,2002,44.35000000000001,25.59972602739726,365,365,365,365,1.0,annual
99623,2003,29.140000000000004,24.704383561643837,365,365,365,365,1.0,annual
99623,2004,51.42999999999999,25.47622950819672,366,366,366,366,1.0,annual
99623,2005,97.97000000000001,24.10082191780822,365,365,365,365,1.0,annual
99623,2006,35.949999999999996,25.476986301369863,365,365,365,365,1.0,annual
99623,2007,49.42,24.179726027397262,365,365,365,365,1.0,annual
99623,2008,23.85,24.86120218579235,366,366,366,366,1.0,annual
99623,2009,49.95,25.180273972602738,365,365,365,365,1.0,annual
99623,2010,6.119999999999999,25.734794520547947,365,365,365,365,1.0,annual
99623,2011,35.730000000000004,25.07753424657534,365,365,365,365,1.0,annual
99623,2012,59.5,24.384972677595627,366,366,366,366,1.0,annual
99623,2013,19.909999999999997,25.395616438356164,365,365,365,365,1.0,annual
99623,2014,51.6,24.467397260273973,365,365,365,365,1.0,annual
99623,2015,106.5,25.3206043956044,365,364,365,365,0.9972602739726028,annual
99623,2016,60.300000000000004,25.81502732240437,366,366,366,366,1.0,annual
99623,2017,29.200000000000003,25.513774104683197,365,363,365,365,0.9945205479452055,annual
99623,2018,27.2,25.85561643835616,365,365,365,365,1.0,annual
99623,2019,74.4,25.221369863013695,363,365,365,365,0.9945205479452055,annual
99623,2020,96.1,24.049863013698634,366,365,366,366,0.9972677595628415,annual
99623,2021,19.599999999999998,25.936712328767122,365,365,365,365,1.0,annual
99623,2022,94.7,26.626648351648353,365,364,365,365,0.9972602739726028,annual
99623,2023,38.3,26.78109589041096,365,365,365,365,1.0,annual
99623,2024,53.199999999999996,24.215027322404374,366,366,366,366,1.0,annual
19996,1991,,38.33524590163934,0,122,122,122,0.0,warm_season
19996,1992,,39.64754098360656,0,122,122,122,0.0,warm_season
19996,1993,3.0,39.99016393442623,1,122,122,122,0.00819672131147541,warm_season
19996,1994,52.0,39.15901639344262,5,122,122,122,0.040983606557377046,warm_season
19996,1995,50.0,38.89754098360656,4,122,122,122,0.03278688524590164,warm_season
19996,1996,,38.556557377049174,0,122,122,122,0.0,warm_season
19996,1997,19.0,38.880327868852454,1,122,122,122,0.00819672131147541,warm_season
19996,1998,,39.907377049180326,0,122,122,122,0.0,warm_season
19996,1999,,38.64065934065934,0,91,122,122,0.0,warm_season
19996,2000,,39.40819672131148,0,122,122,122,0.0,warm_season
19996,2001,1.0,39.00819672131148,1,122,122,122,0.00819672131147541,warm_season
19996,2002,,39.029508196721316,0,122,122,122,0.0,warm_season
19996,2003,55.0,38.72950819672131,3,122,122,122,0.02459016393442623,warm_season
19996,2004,,38.72540983606557,0,122,122,122,0.0,warm_season
19996,2005,14.0,38.50819672131148,1,122,122,122,0.00819672131147541,warm_season
19996,2006,3.0,39.85081967213115,1,122,122,122,0.00819672131147541,warm_season
19996,2007,161.0,38.80327868852459,8,122,122,122,0.06557377049180328,warm_season
19996,2008,28.0,39.71475409836066,2,122,122,122,0.01639344262295082,warm_season
19996,2009,,40.43114754098361,0,122,122,122,0.0,warm_season
19996,2010,71.0,38.687704918032786,3,122,122,122,0.02459016393442623,warm_season
19996,2011,1.0,39.42622950819672,1,122,122,122,0.00819672131147541,warm_season
19996,2012,,40.0,0,121,122,122,0.0,warm_season
19996,2013,18.0,38.057377049180324,4,122,122,122,0.03278688524590164,warm_season
19996,2014,0.0,39.442622950819676,122,122,122,122,1.0,warm_season
19996,2015,0.0,40.057377049180324,122,122,122,122,1.0,warm_season
19996,2016,3.0,39.40163934426229,122,122,122,122,1.0,warm_season
19996,2017,0.0,39.66393442622951,122,122,122,122,1.0,warm_season
19996,2018,0.0,39.84836065573771,122,122,122,122,1.0,warm_season
19996,2019,0.0,40.36065573770492,122,122,122,122,1.0,warm_season
19996,2020,64.0,40.5655737704918,122,122,122,122,1.0,warm_season
19996,2021,58.0,39.9344262295082,122,122,122,122,1.0,warm_season
19996,2022,,,0,0,122,122,0.0,warm_season
19996,2023,0.0,40.163636363636364,109,110,122,122,0.8934426229508197,warm_season
19996,2024,10.0,40.04482758620689,116,116,122,122,0.9508196721311475,warm_season
40700,1991,45.480000000000004,31.885245901639344,122,122,122,122,1.0,warm_season
40700,1992,87.44,30.073553719008267,122,121,122,122,0.9918032786885246,warm_season
40700,1993,34.74,30.50583333333333,121,120,122,122,0.9836065573770492,warm_season
40700,1994,40.43,30.2827868852459,122,122,122,122,1.0,warm_season
40700,1995,189.61,32.36229508196721,122,122,122,122,1.0,warm_season
40700,1996,15.530000000000001,31.748760330578513,122,121,122,122,0.9918032786885246,warm_season
40700,1997,127.46000000000001,30.57304347826087,122,115,122,122,0.9426229508196722,warm_season
40700,1998,51.07,32.58196721311475,122,122,122,122,1.0,warm_season
40700,1999,59.45,32.236666666666665,122,120,122,122,0.9836065573770492,warm_season
40700,2000,23.1,32.77355371900826,122,121,122,122,0.9918032786885246,warm_season
40700,2001,11.7,32.31803278688525,122,122,122,122,1.0,warm_season
40700,2002,24.11,32.173770491803275,122,122,122,122,1.0,warm_season
40700,2003,100.11,30.266666666666666,122,120,122,122,0.9836065573770492,warm_season
40700,2004,62.830000000000005,31.591666666666665,122,120,122,122,0.9836065573770492,warm_season
40700,2005,9.5,31.63305785123967,122,121,122,122,0.9918032786885246,warm_season
40700,2006,38.0,32.70655737704918,122,122,122,122,1.0,warm_season
40700,2007,52.5,31.903278688524587,122,122,122,122,1.0,warm_season
40700,2008,66.80000000000001,31.27704918032787,122,122,122,122,1.0,warm_season
40700,2009,153.71999999999997,30.681967213114753,122,122,122,122,1.0,warm_season
40700,2010,60.12,33.3327868852459,122,122,122,122,1.0,warm_season
40700,2011,73.01,31.36229508196721,122,122,122,122,1.0,warm_season
40700,2012,68.72,32.01311475409836,122,122,122,122,1.0,warm_season
40700,2013,130.63,31.278688524590162,122,122,122,122,1.0,warm_season
40700,2014,32.66,33.09672131147541,122,122,122,122,1.0,warm_season
40700,2015,23.43,33.437704918032786,122,122,122,122,1.0,warm_season
40700,2016,132.72000000000003,31.551639344262295,122,122,122,122,1.0,warm_season
40700,2017,16.22,32.88770491803279,122,122,122,122,1.0,warm_season
40700,2018,69.15,33.057377049180324,122,122,122,122,1.0,warm_season
40700,2019,45.47,31.719672131147544,122,122,122,122,1.0,warm_season
40700,2020,52.44,32.18606557377049,122,122,122,122,1.0,warm_season
40700,2021,10.719999999999999,33.177868852459014,122,122,122,122,1.0,warm_season
40700,2022,15.450000000000001,33.09098360655737,122,122,122,122,1.0,warm_season
40700,2023,112.96000000000002,32.235245901639345,122,122,122,122,1.0,warm_season
40700,2024,53.84,32.57786885245902,122,122,122,122,1.0,warm_season
40701,1991,52.43000000000001,27.567213114754097,122,122,122,122,1.0,warm_season
40701,1992,84.85000000000001,24.82521008403361,122,119,122,122,0.9754098360655737,warm_season
40701,1993,120.30000000000001,26.378333333333334,122,120,122,122,0.9836065573770492,warm_season
40701,1994,81.28,26.251666666666665,122,120,122,122,0.9836065573770492,warm_season
40701,1995,109.91999999999999,27.167226890756304,122,119,122,122,0.9754098360655737,warm_season
40701,1996,53.25,28.11916666666667,122,120,122,122,0.9836065573770492,warm_season
40701,1997,85.73,27.199173553719007,122,121,122,122,0.9918032786885246,warm_season
40701,1998,53.05,28.40909090909091,122,121,122,122,0.9918032786885246,warm_season
40701,1999,103.38,27.729411764705883,122,119,122,122,0.9754098360655737,warm_season
40701,2000,27.439999999999998,29.177500000000002,122,120,122,122,0.9836065573770492,warm_season
40701,2001,6.640000000000001,28.92295081967213,122,122,122,122,1.0,warm_season
40701,2002,72.5,27.664754098360653,122,122,122,122,1.0,warm_season
40701,2003,122.72,26.731147540983606,122,122,122,122,1.0,warm_season
40701,2004,53.489999999999995,27.668852459016392,122,122,122,122,1.0,warm_season
40701,2005,102.89,27.858196721311472,122,122,122,122,1.0,warm_season
40701,2006,55.47,29.604918032786887,122,122,122,122,1.0,warm_season
40701,2007,108.87,27.578688524590163,122,122,122,122,1.0,warm_season
40701,2008,100.51,28.01967213114754,122,122,122,122,1.0,warm_season
40701,2009,175.92,25.411475409836065,122,122,122,122,1.0,warm_season
40701,2010,50.959999999999994,29.577868852459016,122,122,122,122,1.0,warm_season
40701,2011,149.5,27.417355371900825,122,121,122,122,0.9918032786885246,warm_season
40701,2012,138.82,28.185245901639345,122,122,122,122,1.0,warm_season
40701,2013,76.66,27.372131147540983,122,122,122,122,1.0,warm_season
40701,2014,58.24999999999999,28.93606557377049,122,122,122,122,1.0,warm_season
40701,2015,91.88,29.872131147540983,122,122,122,122,1.0,warm_season
40701,2016,69.39999999999999,27.951639344262293,122,122,122,122,1.0,warm_season
40701,2017,26.23,30.417213114754098,122,122,122,122,1.0,warm_season
40701,2018,109.38999999999999,29.03305785123967,122,121,122,122,0.9918032786885246,warm_season
40701,2019,74.66000000000001,29.304918032786883,122,122,122,122,1.0,warm_season
40701,2020,62.81999999999999,28.736065573770492,122,122,122,122,1.0,warm_season
40701,2021,69.06,30.40983606557377,122,122,122,122,1.0,warm_season
40701,2022,28.130000000000003,30.74098360655738,122,122,122,122,1.0,warm_season
40701,2023,47.43,29.160655737704918,122,122,122,122,1.0,warm_season
40701,2024,78.31,29.60082644628099,121,121,122,122,0.9918032786885246,warm_season
40702,1991,17.529999999999998,32.97950819672131,122,122,122,122,1.0,warm_season
40702,1992,86.03,30.651639344262296,122,122,122,122,1.0,warm_season
40702,1993,36.13,32.44508196721311,122,122,122,122,1.0,warm_season
40702,1994,27.900000000000002,31.672727272727272,122,121,122,122,0.9918032786885246,warm_season
40702,1995,89.85,32.91311475409836,122,122,122,122,1.0,warm_season
40702,1996,19.14,33.719834710743804,122,121,122,122,0.9918032786885246,warm_season
40702,1997,56.72,32.87083333333333,122,120,122,122,0.9836065573770492,warm_season
40702,1998,30.71,34.24262295081967,122,122,122,122,1.0,warm_season
40702,1999,13.82,33.83606557377049,122,122,122,122,1.0,warm_season
40702,2000,13.01,34.626229508196715,122,122,122,122,1.0,warm_season
40702,2001,7.43,34.59672131147541,122,122,122,122,1.0,warm_season
40702,2002,6.220000000000001,33.9344262295082,122,122,122,122,1.0,warm_season
40702,2003,68.91999999999999,31.908196721311477,122,122,122,122,1.0,warm_season
40702,2004,41.519999999999996,33.1702479338843,122,121,122,122,0.9918032786885246,warm_season
40702,2005,41.839999999999996,33.61639344262295,122,122,122,122,1.0,warm_season
40702,2006,31.549999999999997,35.104918032786884,122,122,122,122,1.0,warm_season
40702,2007,70.97999999999999,33.07868852459016,122,122,122,122,1.0,warm_season
40702,2008,68.35,33.545,122,120,122,122,0.9836065573770492,warm_season
40702,2009,120.04999999999998,31.354098360655737,122,122,122,122,1.0,warm_season
40702,2010,62.13,35.281967213114754,122,122,122,122,1.0,warm_season
40702,2011,62.85,33.24426229508197,122,122,122,122,1.0,warm_season
40702,2012,79.11,33.863934426229505,122,122,122,122,1.0,warm_season
40702,2013,28.93,33.18196721311475,122,122,122,122,1.0,warm_season
40702,2014,30.47,35.062295081967214,122,122,122,122,1.0,warm_season
40702,2015,45.02,35.68032786885246,122,122,122,122,1.0,warm_season
40702,2016,89.06,33.678688524590164,122,122,122,122,1.0,warm_season
40702,2017,10.15,36.07049180327869,122,122,122,122,1.0,warm_season
40702,2018,43.86,34.716393442622945,122,122,122,122,1.0,warm_season
40702,2019,13.44,34.678688524590164,122,122,122,122,1.0,warm_season
40702,2020,32.37,34.01652892561984,122,121,122,122,0.9918032786885246,warm_season
40702,2021,12.14,35.806557377049174,122,122,122,122,1.0,warm_season
40702,2022,6.71,35.9516393442623,122,122,122,122,1.0,warm_season
40702,2023,55.94,34.32868852459017,122,122,122,122,1.0,warm_season
40702,2024,36.11,34.027868852459015,122,122,122,122,1.0,warm_season
40703,1991,40.05,30.21311475409836,122,122,122,122,1.0,warm_season
40703,1992,59.959999999999994,27.879508196721314,122,122,122,122,1.0,warm_season
40703,1993,47.57,29.221311475409838,122,122,122,122,1.0,warm_season
40703,1994,70.86,29.141322314049585,122,121,122,122,0.9918032786885246,warm_season
40703,1995,79.39,29.982644628099173,122,121,122,122,0.9918032786885246,warm_season
40703,1996,25.599999999999998,30.654918032786885,122,122,122,122,1.0,warm_season
40703,1997,82.31,29.913333333333334,122,120,122,122,0.9836065573770492,warm_season
40703,1998,15.290000000000001,31.281147540983607,122,122,122,122,1.0,warm_season
40703,1999,29.259999999999998,30.835245901639347,122,122,122,122,1.0,warm_season
40703,2000,26.04,32.103305785123965,122,121,122,122,0.9918032786885246,warm_season
40703,2001,12.95,32.05,122,122,122,122,1.0,warm_season
40703,2002,11.719999999999999,31.35081967213115,122,122,122,122,1.0,warm_season
40703,2003,53.989999999999995,30.011475409836066,122,122,122,122,1.0,warm_season
40703,2004,44.96000000000001,31.085245901639347,122,122,122,122,1.0,warm_season
40703,2005,52.16,31.554098360655736,122,122,122,122,1.0,warm_season
40703,2006,44.86,32.998360655737706,122,122,122,122,1.0,warm_season
40703,2007,63.629999999999995,31.249180327868853,122,122,122,122,1.0,warm_season
40703,2008,69.27999999999999,31.711475409836066,122,122,122,122,1.0,warm_season
40703,2009,146.03,29.418032786885245,122,122,122,122,1.0,warm_season
40703,2010,23.7,33.40327868852459,122,122,122,122,1.0,warm_season
40703,2011,57.74999999999999,31.275409836065574,122,122,122,122,1.0,warm_season
40703,2012,98.81,31.621311475409836,122,122,122,122,1.0,warm_season
40703,2013,27.349999999999998,31.02786885245902,122,122,122,122,1.0,warm_season
40703,2014,31.979999999999997,32.895081967213116,122,122,122,122,1.0,warm_season
40703,2015,61.43000000000001,33.326229508196725,122,122,122,122,1.0,warm_season
40703,2016,88.19,31.406611570247932,122,121,122,122,0.9918032786885246,warm_season
40703,2017,8.17,34.239669421487605,122,121,122,122,0.9918032786885246,warm_season
40703,2018,68.41999999999999,33.00819672131148,122,122,122,122,1.0,warm_season
40703,2019,15.05,32.881147540983605,122,122,122,122,1.0,warm_season
40703,2020,45.599999999999994,32.04262295081967,122,122,122,122,1.0,warm_season
40703,2021,18.509999999999998,33.98032786885246,122,122,122,122,1.0,warm_season
40703,2022,12.22,34.27540983606558,122,122,122,122,1.0,warm_season
40703,2023,24.830000000000002,33.00983606557377,122,122,122,122,1.0,warm_season
40703,2024,49.209999999999994,32.40245901639344,122,122,122,122,1.0,warm_season
40704,1991,61.080000000000005,26.266393442622952,122,122,122,122,1.0,warm_season
40704,1992,70.03999999999999,24.586885245901637,122,122,122,122,1.0,warm_season
40704,1993,53.309999999999995,25.93388429752066,122,121,122,122,0.9918032786885246,warm_season
40704,1994,40.43,24.94793388429752,122,121,122,122,0.9918032786885246,warm_season
40704,1995,78.71999999999998,26.75655737704918,122,122,122,122,1.0,warm_season
40704,1996,27.64,27.4,122,120,122,122,0.9836065573770492,warm_season
40704,1997,93.0,26.183333333333334,122,120,122,122,0.9836065573770492,warm_season
40704,1998,43.41,27.634710743801655,122,121,122,122,0.9918032786885246,warm_season
40704,1999,61.34,27.39344262295082,122,122,122,122,1.0,warm_season
40704,2000,41.85,27.84333333333333,122,120,122,122,0.9836065573770492,warm_season
40704,2001,4.4399999999999995,27.885245901639344,122,122,122,122,1.0,warm_season
40704,2002,7.210000000000001,27.84876033057851,122,121,122,122,0.9918032786885246,warm_season
40704,2003,57.95,25.66949152542373,122,118,122,122,0.9672131147540983,warm_season
40704,2004,57.75,26.77542372881356,122,118,122,122,0.9672131147540983,warm_season
40704,2005,22.229999999999997,27.081967213114755,122,122,122,122,1.0,warm_season
40704,2006,22.02,28.52950819672131,122,122,122,122,1.0,warm_season
40704,2007,52.67999999999999,26.58032786885246,122,122,122,122,1.0,warm_season
40704,2008,31.75,27.449586776859505,122,121,122,122,0.9918032786885246,warm_season
40704,2009,56.25,25.540983606557376,122,122,122,122,1.0,warm_season
40704,2010,25.15,29.004918032786886,122,122,122,122,1.0,warm_season
40704,2011,45.13999999999999,26.61393442622951,122,122,122,122,1.0,warm_season
40704,2012,91.43,26.872131147540983,122,122,122,122,1.0,warm_season
40704,2013,36.83,26.951639344262293,122,122,122,122,1.0,warm_season
40704,2014,50.059999999999995,28.4672131147541,122,122,122,122,1.0,warm_season
40704,2015,83.5,29.09333333333333,122,120,122,122,0.9836065573770492,warm_season
40704,2016,48.4,28.27622950819672,122,122,122,122,1.0,warm_season
40704,2017,19.53,29.77786885245902,122,122,122,122,1.0,warm_season
40704,2018,56.74,28.82049180327869,122,122,122,122,1.0,warm_season
40704,2019,22.470000000000002,28.475206611570247,122,121,122,122,0.9918032786885246,warm_season
40704,2020,82.85,27.614754098360656,122,122,122,122,1.0,warm_season
40704,2021,9.14,29.50901639344262,122,122,122,122,1.0,warm_season
40704,2022,23.810000000000002,29.48032786885246,122,122,122,122,1.0,warm_season
40704,2023,72.61,27.492622950819673,122,122,122,122,1.0,warm_season
40704,2024,46.5,27.221311475409838,121,122,122,122,0.9918032786885246,warm_season
40706,1991,38.2,31.097540983606557,122,122,122,122,1.0,warm_season
40706,1992,42.28,29.020491803278688,122,122,122,122,1.0,warm_season
40706,1993,44.150000000000006,30.267213114754096,122,122,122,122,1.0,warm_season
40706,1994,16.36,29.645081967213113,122,122,122,122,1.0,warm_season
40706,1995,30.529999999999998,30.72377049180328,122,122,122,122,1.0,warm_season
40706,1996,20.4,30.97295081967213,122,122,122,122,1.0,warm_season
40706,1997,39.3,30.57049180327869,122,122,122,122,1.0,warm_season
40706,1998,26.81,32.217213114754095,122,122,122,122,1.0,warm_season
40706,1999,22.419999999999998,31.53636363636364,122,121,122,122,0.9918032786885246,warm_season
40706,2000,28.980000000000004,32.15573770491803,122,122,122,122,1.0,warm_season
40706,2001,5.289999999999999,31.784426229508195,122,122,122,122,1.0,warm_season
40706,2002,5.6,31.40983606557377,122,122,122,122,1.0,warm_season
40706,2003,24.22,31.085245901639347,122,122,122,122,1.0,warm_season
40706,2004,26.320000000000004,31.182786885245903,122,122,122,122,1.0,warm_season
40706,2005,14.659999999999998,31.474590163934426,122,122,122,122,1.0,warm_season
40706,2006,0.76,32.90081967213115,122,122,122,122,1.0,warm_season
40706,2007,20.49,31.461475409836066,122,122,122,122,1.0,warm_season
40706,2008,44.440000000000005,32.04016393442623,122,122,122,122,1.0,warm_season
40706,2009,61.81,29.9155737704918,122,122,122,122,1.0,warm_season
40706,2010,19.7,33.028688524590166,122,122,122,122,1.0,warm_season
40706,2011,32.66,31.741803278688526,122,122,122,122,1.0,warm_season
40706,2012,35.8,31.879508196721314,122,122,122,122,1.0,warm_season
40706,2013,12.659999999999998,31.403278688524587,122,122,122,122,1.0,warm_season
40706,2014,22.38,32.756557377049184,122,122,122,122,1.0,warm_season
40706,2015,29.389999999999997,33.05245901639344,122,122,122,122,1.0,warm_season
40706,2016,45.5,31.99344262295082,122,122,122,122,1.0,warm_season
40706,2017,29.33,33.777868852459015,122,122,122,122,1.0,warm_season
40706,2018,23.45,32.910655737704914,122,122,122,122,1.0,warm_season
40706,2019,8.129999999999999,32.0672131147541,122,122,122,122,1.0,warm_season
40706,2020,36.3,31.36229508196721,122,122,122,122,1.0,warm_season
40706,2021,36.06,32.89180327868853,122,122,122,122,1.0,warm_season
40706,2022,9.27,33.58032786885246,122,122,122,122,1.0,warm_season
40706,2023,16.47,32.28934426229508,122,122,122,122,1.0,warm_season
40706,2024,39.19,31.918181818181818,122,121,122,122,0.9918032786885246,warm_season
40708,1991,17.62,22.873553719008264,122,121,122,122,0.9918032786885246,warm_season
40708,1992,113.64000000000001,21.068032786885247,122,122,122,122,1.0,warm_season
40708,1993,54.550000000000004,22.876229508196722,122,122,122,122,1.0,warm_season
40708,1994,14.12,21.201639344262293,122,122,122,122,1.0,warm_season
40708,1995,73.60000000000001,23.580991735537193,122,121,122,122,0.9918032786885246,warm_season
40708,1996,17.4,23.83360655737705,122,122,122,122,1.0,warm_season
40708,1997,102.85,23.61229508196721,122,122,122,122,1.0,warm_season
40708,1998,24.08,24.85081967213115,122,122,122,122,1.0,warm_season
40708,1999,29.29,24.56393442622951,122,122,122,122,1.0,warm_season
40708,2000,23.07,24.74590163934426,122,122,122,122,1.0,warm_season
40708,2001,10.629999999999999,24.832786885245902,122,122,122,122,1.0,warm_season
40708,2002,34.34,25.63032786885246,122,122,122,122,1.0,warm_season
40708,2003,33.58,23.205,122,120,122,122,0.9836065573770492,warm_season
40708,2004,36.65,24.62892561983471,122,121,122,122,0.9918032786885246,warm_season
40708,2005,38.19,24.445081967213117,122,122,122,122,1.0,warm_season
40708,2006,3.55,26.159016393442624,122,122,122,122,1.0,warm_season
40708,2007,34.76,24.837704918032784,122,122,122,122,1.0,warm_season
40708,2008,29.570000000000004,24.749180327868853,122,122,122,122,1.0,warm_season
40708,2009,73.58,23.237704918032787,122,122,122,122,1.0,warm_season
40708,2010,41.45,27.432786885245903,122,122,122,122,1.0,warm_season
40708,2011,32.199999999999996,24.855737704918035,122,122,122,122,1.0,warm_season
40708,2012,57.769999999999996,24.903278688524587,122,122,122,122,1.0,warm_season
40708,2013,51.09,23.732786885245904,122,122,122,122,1.0,warm_season
40708,2014,35.2,25.442622950819672,122,122,122,122,1.0,warm_season
40708,2015,54.52000000000001,25.84876033057851,122,121,122,122,0.9918032786885246,warm_season
40708,2016,22.360000000000003,25.460655737704915,122,122,122,122,1.0,warm_season
40708,2017,14.159999999999998,26.683471074380165,122,121,122,122,0.9918032786885246,warm_season
40708,2018,30.529999999999998,25.67622950819672,122,122,122,122,1.0,warm_season
40708,2019,29.54,25.22377049180328,122,122,122,122,1.0,warm_season
40708,2020,25.669999999999995,25.014754098360658,122,122,122,122,1.0,warm_season
40708,2021,15.969999999999999,26.548360655737707,122,122,122,122,1.0,warm_season
40708,2022,5.529999999999999,26.168852459016392,122,122,122,122,1.0,warm_season
40708,2023,31.159999999999997,24.25573770491803,122,122,122,122,1.0,warm_season
40708,2024,66.23,24.824590163934424,122,122,122,122,1.0,warm_season
40709,1991,311.86,27.95,122,122,122,122,1.0,warm_season
40709,1992,541.6999999999999,26.09426229508197,122,122,122,122,1.0,warm_season
40709,1993,497.22999999999996,26.422033898305088,122,118,122,122,0.9672131147540983,warm_season
40709,1994,212.01,26.84344262295082,122,122,122,122,1.0,warm_season
40709,1995,422.56,28.672131147540984,122,122,122,122,1.0,warm_season
40709,1996,427.27,27.85983606557377,122,122,122,122,1.0,warm_season
40709,1997,704.09,27.133913043478262,122,115,122,122,0.9426229508196722,warm_season
40709,1998,425.83000000000004,28.640983606557377,122,122,122,122,1.0,warm_season
40709,1999,487.73,28.097435897435897,122,117,122,122,0.9590163934426229,warm_season
40709,2000,848.65,28.809016393442622,122,122,122,122,1.0,warm_season
40709,2001,290.82,28.595081967213115,122,122,122,122,1.0,warm_season
40709,2002,187.25,28.8827868852459,122,122,122,122,1.0,warm_season
40709,2003,350.44,27.154098360655738,122,122,122,122,1.0,warm_season
40709,2004,393.04999999999995,27.61967213114754,122,122,122,122,1.0,warm_season
40709,2005,277.8,28.373770491803278,122,122,122,122,1.0,warm_season
40709,2006,458.21,29.372131147540983,122,122,122,122,1.0,warm_season
40709,2007,158.20999999999998,28.99016393442623,122,122,122,122,1.0,warm_season
40709,2008,232.49,28.502459016393445,122,122,122,122,1.0,warm_season
40709,2009,489.02000000000004,27.95409836065574,122,122,122,122,1.0,warm_season
40709,2010,361.6,30.68360655737705,122,122,122,122,1.0,warm_season
40709,2011,362.18,28.6327868852459,122,122,122,122,1.0,warm_season
40709,2012,460.61,29.21639344262295,122,122,122,122,1.0,warm_season
40709,2013,399.25,28.431147540983606,122,122,122,122,1.0,warm_season
40709,2014,272.28,30.361666666666668,122,120,122,122,0.9836065573770492,warm_season
40709,2015,249.72,29.8672131147541,122,122,122,122,1.0,warm_season
40709,2016,540.35,28.427868852459014,122,122,122,122,1.0,warm_season
40709,2017,326.10999999999996,29.442622950819672,122,122,122,122,1.0,warm_season
40709,2018,448.15000000000003,29.34237288135593,122,118,122,122,0.9672131147540983,warm_season
40709,2019,601.0500000000001,29.231147540983606,122,122,122,122,1.0,warm_season
40709,2020,331.73,29.442622950819672,122,122,122,122,1.0,warm_season
40709,2021,525.3199999999999,29.93032786885246,122,122,122,122,1.0,warm_season
40709,2022,177.05999999999997,29.913114754098363,122,122,122,122,1.0,warm_season
40709,2023,656.1700000000001,28.975409836065573,122,122,122,122,1.0,warm_season
40709,2024,344.56,29.48688524590164,122,122,122,122,1.0,warm_season
40710,1991,49.3,27.092622950819674,122,122,122,122,1.0,warm_season
40710,1992,45.41,24.846721311475413,122,122,122,122,1.0,warm_season
40710,1993,65.08,26.38360655737705,122,122,122,122,1.0,warm_season
40710,1994,28.3,25.249180327868853,122,122,122,122,1.0,warm_season
40710,1995,81.13000000000001,27.04590163934426,122,122,122,122,1.0,warm_season
40710,1996,58.06999999999999,27.65655737704918,122,122,122,122,1.0,warm_season
40710,1997,70.94,27.31967213114754,122,122,122,122,1.0,warm_season
40710,1998,33.519999999999996,28.314754098360655,122,122,122,122,1.0,warm_season
40710,1999,58.120000000000005,28.085245901639347,122,122,122,122,1.0,warm_season
40710,2000,32.55,28.335245901639347,122,122,122,122,1.0,warm_season
40710,2001,27.25,27.96311475409836,122,122,122,122,1.0,warm_season
40710,2002,10.33,28.19344262295082,122,122,122,122,1.0,warm_season
40710,2003,25.43,26.738524590163934,122,122,122,122,1.0,warm_season
40710,2004,30.45,27.314754098360655,122,122,122,122,1.0,warm_season
40710,2005,31.330000000000002,27.808196721311475,122,122,122,122,1.0,warm_season
40710,2006,28.2,28.675409836065576,122,122,122,122,1.0,warm_season
40710,2007,46.55,27.201639344262293,122,122,122,122,1.0,warm_season
40710,2008,63.540000000000006,27.752459016393445,122,122,122,122,1.0,warm_season
40710,2009,74.75999999999999,25.813114754098358,122,122,122,122,1.0,warm_season
40710,2010,50.47,29.021311475409835,122,122,122,122,1.0,warm_season
40710,2011,74.17999999999999,27.63606557377049,122,122,122,122,1.0,warm_season
40710,2012,55.709999999999994,27.734426229508195,122,122,122,122,1.0,warm_season
40710,2013,16.62,27.22622950819672,122,122,122,122,1.0,warm_season
40710,2014,56.75,28.788524590163934,122,122,122,122,1.0,warm_season
40710,2015,34.81,29.02622950819672,122,122,122,122,1.0,warm_season
40710,2016,12.489999999999998,28.078688524590163,122,122,122,122,1.0,warm_season
40710,2017,22.060000000000002,29.89344262295082,122,122,122,122,1.0,warm_season
40710,2018,42.86,29.09016393442623,122,122,122,122,1.0,warm_season
40710,2019,26.840000000000003,28.358677685950415,122,121,122,122,0.9918032786885246,warm_season
40710,2020,37.62,27.23934426229508,122,122,122,122,1.0,warm_season
40710,2021,18.599999999999998,29.365573770491803,122,122,122,122,1.0,warm_season
40710,2022,15.91,30.267213114754096,122,122,122,122,1.0,warm_season
40710,2023,55.660000000000004,29.25983606557377,122,122,122,122,1.0,warm_season
40710,2024,109.55000000000001,28.448360655737705,121,122,122,122,0.9918032786885246,warm_season
40712,1991,4.41,29.083333333333332,122,120,122,122,0.9836065573770492,warm_season
40712,1992,19.36,26.463934426229507,122,122,122,122,1.0,warm_season
40712,1993,30.36,27.92622950819672,122,122,122,122,1.0,warm_season
40712,1994,72.84,27.25901639344262,122,122,122,122,1.0,warm_season
40712,1995,51.96,28.30826446280992,122,121,122,122,0.9918032786885246,warm_season
40712,1996,6.789999999999999,28.86639344262295,122,122,122,122,1.0,warm_season
40712,1997,61.9,28.699173553719007,122,121,122,122,0.9918032786885246,warm_season
40712,1998,10.31,29.76311475409836,122,122,122,122,1.0,warm_season
40712,1999,14.05,29.56065573770492,122,122,122,122,1.0,warm_season
40712,2000,6.1000000000000005,30.29344262295082,122,122,122,122,1.0,warm_season
40712,2001,2.7499999999999996,30.198360655737705,122,122,122,122,1.0,warm_season
40712,2002,0.64,29.503278688524592,122,122,122,122,1.0,warm_season
40712,2003,9.509999999999998,28.89344262295082,122,122,122,122,1.0,warm_season
40712,2004,19.05,28.903278688524587,122,122,122,122,1.0,warm_season
40712,2005,4.870000000000001,29.751639344262294,122,122,122,122,1.0,warm_season
40712,2006,2.92,30.731967213114757,122,122,122,122,1.0,warm_season
40712,2007,54.489999999999995,29.26065573770492,122,122,122,122,1.0,warm_season
40712,2008,19.83,30.16393442622951,122,122,122,122,1.0,warm_season
40712,2009,62.66,27.795081967213115,122,122,122,122,1.0,warm_season
40712,2010,30.64,31.34426229508197,122,122,122,122,1.0,warm_season
40712,2011,35.85,29.752459016393445,122,122,122,122,1.0,warm_season
40712,2012,21.169999999999998,30.07622950819672,122,122,122,122,1.0,warm_season
40712,2013,6.11,29.62295081967213,122,122,122,122,1.0,warm_season
40712,2014,5.789999999999999,31.397540983606557,122,122,122,122,1.0,warm_season
40712,2015,15.120000000000001,31.65655737704918,122,122,122,122,1.0,warm_season
40712,2016,31.86,30.10737704918033,122,122,122,122,1.0,warm_season
40712,2017,0.75,32.497540983606555,122,122,122,122,1.0,warm_season
40712,2018,19.130000000000003,31.70245901639344,122,122,122,122,1.0,warm_season
40712,2019,10.14,30.536065573770493,122,122,122,122,1.0,warm_season
40712,2020,17.459999999999997,30.015573770491805,122,122,122,122,1.0,warm_season
40712,2021,17.22,31.677049180327867,122,122,122,122,1.0,warm_season
40712,2022,9.469999999999999,32.0827868852459,122,122,122,122,1.0,warm_season
40712,2023,1.93,31.389344262295083,122,122,122,122,1.0,warm_season
40712,2024,48.33,30.82049180327869,122,122,122,122,1.0,warm_season
40713,1991,2.01,31.02809917355372,122,121,122,122,0.9918032786885246,warm_season
40713,1992,13.0,28.32540983606557,122,122,122,122,1.0,warm_season
40713,1993,12.1,29.545081967213115,122,122,122,122,1.0,warm_season
40713,1994,43.72,29.440163934426227,122,122,122,122,1.0,warm_season
40713,1995,65.10000000000001,29.997540983606555,122,122,122,122,1.0,warm_season
40713,1996,9.409999999999998,30.623770491803278,122,122,122,122,1.0,warm_season
40713,1997,13.73,30.39262295081967,122,122,122,122,1.0,warm_season
40713,1998,12.53,31.595081967213115,122,122,122,122,1.0,warm_season
40713,1999,0.73,30.968032786885246,122,122,122,122,1.0,warm_season
40713,2000,10.63,31.48934426229508,122,122,122,122,1.0,warm_season
40713,2001,17.810000000000002,31.431967213114753,122,122,122,122,1.0,warm_season
40713,2002,0.51,31.488524590163934,122,122,122,122,1.0,warm_season
40713,2003,1.4300000000000002,31.17049180327869,122,122,122,122,1.0,warm_season
40713,2004,6.739999999999999,31.1655737704918,122,122,122,122,1.0,warm_season
40713,2005,9.73,31.73934426229508,122,122,122,122,1.0,warm_season
40713,2006,0.05,32.49508196721312,122,122,122,122,1.0,warm_season
40713,2007,2.9400000000000004,31.365573770491803,122,122,122,122,1.0,warm_season
40713,2008,28.05,32.21475409836066,122,122,122,122,1.0,warm_season
40713,2009,59.839999999999996,30.10327868852459,122,122,122,122,1.0,warm_season
40713,2010,6.22,33.06885245901639,122,122,122,122,1.0,warm_season
40713,2011,3.6399999999999997,31.77704918032787,122,122,122,122,1.0,warm_season
40713,2012,12.079999999999998,32.28688524590164,122,122,122,122,1.0,warm_season
40713,2013,1.03,32.040983606557376,122,122,122,122,1.0,warm_season
40713,2014,11.32,33.20165289256198,122,121,122,122,0.9918032786885246,warm_season
40713,2015,12.61,33.71885245901639,122,122,122,122,1.0,warm_season
40713,2016,29.720000000000002,32.6198347107438,122,121,122,122,0.9918032786885246,warm_season
40713,2017,1.72,34.352066115702485,122,121,122,122,0.9918032786885246,warm_season
40713,2018,2.0300000000000002,33.986065573770496,122,122,122,122,1.0,warm_season
40713,2019,4.21,33.58606557377049,122,122,122,122,1.0,warm_season
40713,2020,3.93,32.79754098360656,122,122,122,122,1.0,warm_season
40713,2021,3.13,34.91393442622951,122,122,122,122,1.0,warm_season
40713,2022,10.52,34.527868852459015,122,122,122,122,1.0,warm_season
40713,2023,0.43000000000000005,33.37459016393443,122,122,122,122,1.0,warm_season
40713,2024,2.65,33.34262295081967,122,122,122,122,1.0,warm_season
40716,1991,3.5200000000000005,33.31311475409836,122,122,122,122,1.0,warm_season
40716,1992,24.799999999999997,31.235245901639342,122,122,122,122,1.0,warm_season
40716,1993,30.41,32.575409836065575,122,122,122,122,1.0,warm_season
40716,1994,2.95,31.762295081967213,122,122,122,122,1.0,warm_season
40716,1995,20.85,33.02049180327869,122,122,122,122,1.0,warm_season
40716,1996,8.0,33.59090909090909,121,121,122,122,0.9918032786885246,warm_season
40716,1997,70.61,33.031666666666666,122,120,122,122,0.9836065573770492,warm_season
40716,1998,33.2,34.00737704918033,122,122,122,122,1.0,warm_season
40716,1999,15.27,33.89754098360656,122,122,122,122,1.0,warm_season
40716,2000,19.03,34.31885245901639,122,122,122,122,1.0,warm_season
40716,2001,8.01,34.07868852459017,122,122,122,122,1.0,warm_season
40716,2002,32.7,34.07049180327869,122,122,122,122,1.0,warm_season
40716,2003,2.62,32.79016393442623,122,122,122,122,1.0,warm_season
40716,2004,18.52,33.50819672131148,122,122,122,122,1.0,warm_season
40716,2005,18.310000000000002,33.709836065573775,122,122,122,122,1.0,warm_season
40716,2006,2.1100000000000003,34.74918032786885,122,122,122,122,1.0,warm_season
40716,2007,38.150000000000006,33.13770491803279,122,122,122,122,1.0,warm_season
40716,2008,35.519999999999996,33.81639344262295,122,122,122,122,1.0,warm_season
40716,2009,56.52,32.04590163934426,122,122,122,122,1.0,warm_season
40716,2010,20.52,35.27540983606558,122,122,122,122,1.0,warm_season
40716,2011,15.959999999999999,33.970491803278684,122,122,122,122,1.0,warm_season
40716,2012,39.55,33.768852459016394,122,122,122,122,1.0,warm_season
40716,2013,7.3,34.049180327868854,122,122,122,122,1.0,warm_season
40716,2014,26.739999999999995,35.19016393442623,122,122,122,122,1.0,warm_season
40716,2015,35.36,35.01967213114754,122,122,122,122,1.0,warm_season
40716,2016,35.85,34.707438016528926,122,121,122,122,0.9918032786885246,warm_season
40716,2017,3.5,36.18524590163935,122,122,122,122,1.0,warm_season
40716,2018,14.579999999999998,35.56885245901639,122,122,122,122,1.0,warm_season
40716,2019,4.06,34.7983606557377,122,122,122,122,1.0,warm_season
40716,2020,3.8000000000000003,33.83140495867769,122,121,122,122,0.9918032786885246,warm_season
40716,2021,29.790000000000003,36.213934426229514,122,122,122,122,1.0,warm_season
40716,2022,0.6100000000000001,35.691803278688525,122,122,122,122,1.0,warm_season
40716,2023,3.9399999999999995,35.20737704918033,122,122,122,122,1.0,warm_season
40716,2024,45.23,34.51803278688524,122,122,122,122,1.0,warm_season
40717,1991,6.51,24.511475409836066,122,122,122,122,1.0,warm_season
40717,1992,57.220000000000006,23.0875,122,120,122,122,0.9836065573770492,warm_season
40717,1993,25.4,24.365573770491803,122,122,122,122,1.0,warm_season
40717,1994,9.21,22.56065573770492,122,122,122,122,1.0,warm_season
40717,1995,104.81,24.90983606557377,122,122,122,122,1.0,warm_season
40717,1996,30.33,25.267226890756305,122,119,122,122,0.9754098360655737,warm_season
40717,1997,68.2,25.24590163934426,122,122,122,122,1.0,warm_season
40717,1998,28.22,25.225619834710745,122,121,122,122,0.9918032786885246,warm_season
40717,1999,34.2,25.1327868852459,122,122,122,122,1.0,warm_season
40717,2000,35.4,25.24344262295082,122,122,122,122,1.0,warm_season
40717,2001,7.709999999999999,24.872131147540983,122,122,122,122,1.0,warm_season
40717,2002,22.2,25.68360655737705,122,122,122,122,1.0,warm_season
40717,2003,20.939999999999998,23.917647058823526,122,119,122,122,0.9754098360655737,warm_season
40717,2004,62.81,24.33388429752066,122,121,122,122,0.9918032786885246,warm_season
40717,2005,32.72,24.56065573770492,122,122,122,122,1.0,warm_season
40717,2006,1.4000000000000001,25.578688524590163,122,122,122,122,1.0,warm_season
40717,2007,71.51,23.690163934426227,122,122,122,122,1.0,warm_season
40717,2008,62.87,24.767213114754096,122,122,122,122,1.0,warm_season
40717,2009,100.31,22.918032786885245,122,122,122,122,1.0,warm_season
40717,2010,37.2,25.983606557377048,122,122,122,122,1.0,warm_season
40717,2011,29.919999999999995,24.97049180327869,122,122,122,122,1.0,warm_season
40717,2012,77.62,24.644262295081965,122,122,122,122,1.0,warm_season
40717,2013,5.61,24.84426229508197,122,122,122,122,1.0,warm_season
40717,2014,55.900000000000006,27.145454545454545,122,121,122,122,0.9918032786885246,warm_season
40717,2015,51.900000000000006,27.154918032786885,122,122,122,122,1.0,warm_season
40717,2016,32.41,25.90983606557377,122,122,122,122,1.0,warm_season
40717,2017,25.209999999999997,27.62295081967213,122,122,122,122,1.0,warm_season
40717,2018,20.009999999999998,27.491803278688526,122,122,122,122,1.0,warm_season
40717,2019,11.6,26.13032786885246,122,122,122,122,1.0,warm_season
40717,2020,130.5,25.15573770491803,122,122,122,122,1.0,warm_season
40717,2021,23.310000000000002,27.765289256198347,122,121,122,122,0.9918032786885246,warm_season
40717,2022,4.7,27.31967213114754,122,122,122,122,1.0,warm_season
40717,2023,14.009999999999998,26.246721311475408,122,122,122,122,1.0,warm_season
40717,2024,125.4,25.503278688524592,122,122,122,122,1.0,warm_season
40718,1991,298.77,26.85737704918033,122,122,122,122,1.0,warm_season
40718,1992,666.98,25.740495867768594,122,121,122,122,0.9918032786885246,warm_season
40718,1993,431.41,25.77304347826087,122,115,122,122,0.9426229508196722,warm_season
40718,1994,282.09,25.839655172413792,122,116,122,122,0.9508196721311475,warm_season
40718,1995,511.05,27.471551724137928,122,116,122,122,0.9508196721311475,warm_season
40718,1996,154.64,27.105833333333333,122,120,122,122,0.9836065573770492,warm_season
40718,1997,1010.54,26.75225225225225,122,111,122,122,0.9098360655737705,warm_season
40718,1998,666.92,28.199137931034482,122,116,122,122,0.9508196721311475,warm_season
40718,1999,543.48,27.54358974358974,122,117,122,122,0.9590163934426229,warm_season
40718,2000,413.19,27.840350877192986,122,114,122,122,0.9344262295081968,warm_season
40718,2001,500.13000000000005,27.71900826446281,122,121,122,122,0.9918032786885246,warm_season
40718,2002,272.74,28.067226890756302,122,119,122,122,0.9754098360655737,warm_season
40718,2003,591.84,26.229508196721312,122,122,122,122,1.0,warm_season
40718,2004,637.98,26.90573770491803,122,122,122,122,1.0,warm_season
40718,2005,409.87,27.723275862068967,122,116,122,122,0.9508196721311475,warm_season
40718,2006,444.70000000000005,28.31639344262295,122,122,122,122,1.0,warm_season
40718,2007,344.11,28.151639344262296,122,122,122,122,1.0,warm_season
40718,2008,328.52000000000004,27.557377049180328,122,122,122,122,1.0,warm_season
40718,2009,492.93000000000006,26.879508196721314,122,122,122,122,1.0,warm_season
40718,2010,431.51,29.441803278688525,122,122,122,122,1.0,warm_season
40718,2011,983.0499999999998,28.321311475409836,122,122,122,122,1.0,warm_season
40718,2012,753.7,28.845901639344262,122,122,122,122,1.0,warm_season
40718,2013,319.73,28.098360655737704,122,122,122,122,1.0,warm_season
40718,2014,212.76000000000002,29.218032786885246,122,122,122,122,1.0,warm_season
40718,2015,279.87,29.644262295081965,122,122,122,122,1.0,warm_season
40718,2016,663.5999999999999,28.85289256198347,122,121,122,122,0.9918032786885246,warm_season
40718,2017,413.46999999999997,30.219672131147544,122,122,122,122,1.0,warm_season
40718,2018,531.35,29.929752066115704,122,121,122,122,0.9918032786885246,warm_season
40718,2019,603.89,29.72295081967213,122,122,122,122,1.0,warm_season
40718,2020,467.94999999999993,30.324590163934424,122,122,122,122,1.0,warm_season
40718,2021,383.58,31.003278688524592,122,122,122,122,1.0,warm_season
40718,2022,375.55,31.253278688524592,122,122,122,122,1.0,warm_season
40718,2023,615.55,29.735245901639342,122,122,122,122,1.0,warm_season
40718,2024,439.52000000000004,29.59669421487603,122,121,122,122,0.9918032786885246,warm_season
40719,1991,179.17000000000002,29.25409836065574,122,122,122,122,1.0,warm_season
40719,1992,520.35,27.835245901639347,122,122,122,122,1.0,warm_season
40719,1993,457.51,27.95714285714286,122,119,122,122,0.9754098360655737,warm_season
40719,1994,269.44,28.007377049180327,122,122,122,122,1.0,warm_season
40719,1995,354.33,29.416806722689074,122,119,122,122,0.9754098360655737,warm_season
40719,1996,175.59,28.915000000000003,122,120,122,122,0.9836065573770492,warm_season
40719,1997,559.05,27.43728813559322,122,118,122,122,0.9672131147540983,warm_season
40719,1998,343.21000000000004,29.797391304347826,122,115,122,122,0.9426229508196722,warm_season
40719,1999,360.07,29.139344262295083,122,122,122,122,1.0,warm_season
40719,2000,278.78000000000003,29.386885245901638,122,122,122,122,1.0,warm_season
40719,2001,256.14,29.461666666666666,122,120,122,122,0.9836065573770492,warm_season
40719,2002,192.17,29.8675,122,120,122,122,0.9836065573770492,warm_season
40719,2003,408.38,27.809836065573773,122,122,122,122,1.0,warm_season
40719,2004,444.12,28.518032786885243,122,122,122,122,1.0,warm_season
40719,2005,292.07,29.00983606557377,122,122,122,122,1.0,warm_season
40719,2006,255.57999999999998,30.171311475409837,122,122,122,122,1.0,warm_season
40719,2007,187.54,29.514754098360658,122,122,122,122,1.0,warm_season
40719,2008,251.71,29.2,122,122,122,122,1.0,warm_season
40719,2009,270.40000000000003,28.35081967213115,122,122,122,122,1.0,warm_season
40719,2010,95.83999999999999,31.57950819672131,122,122,122,122,1.0,warm_season
40719,2011,585.69,28.918852459016392,122,122,122,122,1.0,warm_season
40719,2012,455.38,29.507377049180327,122,122,122,122,1.0,warm_season
40719,2013,235.16000000000003,28.83606557377049,122,122,122,122,1.0,warm_season
40719,2014,83.25,30.876229508196722,122,122,122,122,1.0,warm_season
40719,2015,239.64,30.4155737704918,122,122,122,122,1.0,warm_season
40719,2016,425.11000000000007,29.771311475409835,122,122,122,122,1.0,warm_season
40719,2017,249.75,30.87295081967213,122,122,122,122,1.0,warm_season
40719,2018,169.76999999999998,30.340983606557376,122,122,122,122,1.0,warm_season
40719,2019,438.4,29.318852459016394,122,122,122,122,1.0,warm_season
40719,2020,239.2,29.521311475409835,122,122,122,122,1.0,warm_season
40719,2021,242.4,30.358196721311472,122,122,122,122,1.0,warm_season
40719,2022,194.19,30.512295081967213,122,122,122,122,1.0,warm_season
40719,2023,349.98,29.47622950819672,122,122,122,122,1.0,warm_season
40719,2024,339.63,29.681147540983606,122,122,122,122,1.0,warm_season
40723,1991,27.42,29.83032786885246,121,122,122,122,0.9918032786885246,warm_season
40723,1992,39.11,28.427049180327867,122,122,122,122,1.0,warm_season
40723,1993,9.850000000000001,30.440163934426227,122,122,122,122,1.0,warm_season
40723,1994,5.15,29.261666666666667,122,120,122,122,0.9836065573770492,warm_season
40723,1995,35.83,31.138524590163936,122,122,122,122,1.0,warm_season
40723,1996,5.46,31.078688524590163,122,122,122,122,1.0,warm_season
40723,1997,16.62,31.09016393442623,122,122,122,122,1.0,warm_season
40723,1998,24.38,30.423966942148763,122,121,122,122,0.9918032786885246,warm_season
40723,1999,62.93,30.417213114754098,122,122,122,122,1.0,warm_season
40723,2000,157.04,30.499173553719007,122,121,122,122,0.9918032786885246,warm_season
40723,2001,9.53,30.554098360655736,122,122,122,122,1.0,warm_season
40723,2002,11.01,31.097520661157027,122,121,122,122,0.9918032786885246,warm_season
40723,2003,8.77,29.736134453781514,122,119,122,122,0.9754098360655737,warm_season
40723,2004,44.64,30.153719008264463,122,121,122,122,0.9918032786885246,warm_season
40723,2005,43.53,30.706666666666667,122,120,122,122,0.9836065573770492,warm_season
40723,2006,11.120000000000001,31.827868852459016,122,122,122,122,1.0,warm_season
40723,2007,10.63,30.808196721311475,122,122,122,122,1.0,warm_season
40723,2008,64.17,31.036065573770493,122,122,122,122,1.0,warm_season
40723,2009,31.869999999999997,30.221311475409838,122,122,122,122,1.0,warm_season
40723,2010,26.11,31.677049180327867,122,122,122,122,1.0,warm_season
40723,2011,19.449999999999996,31.27704918032787,122,122,122,122,1.0,warm_season
40723,2012,23.93,30.950819672131146,122,122,122,122,1.0,warm_season
40723,2013,7.08,31.38032786885246,122,122,122,122,1.0,warm_season
40723,2014,17.61,32.73770491803279,122,122,122,122,1.0,warm_season
40723,2015,42.43,31.931147540983606,122,122,122,122,1.0,warm_season
40723,2016,38.55,31.31833333333333,122,120,122,122,0.9836065573770492,warm_season
40723,2017,13.559999999999999,31.80327868852459,122,122,122,122,1.0,warm_season
40723,2018,12.72,32.65573770491803,122,122,122,122,1.0,warm_season
40723,2019,24.570000000000004,31.888524590163936,122,122,122,122,1.0,warm_season
40723,2020,19.909999999999997,30.727868852459018,122,122,122,122,1.0,warm_season
40723,2021,1.41,32.81147540983606,122,122,122,122,1.0,warm_season
40723,2022,2.7899999999999996,32.18852459016394,122,122,122,122,1.0,warm_season
40723,2023,51.43000000000001,31.318032786885247,122,122,122,122,1.0,warm_season
40723,2024,24.71,31.422131147540984,122,122,122,122,1.0,warm_season
40724,1991,0.0,30.661475409836065,122,122,122,122,1.0,warm_season
40724,1992,24.0,27.695081967213117,122,122,122,122,1.0,warm_season
40724,1993,8.82,29.456666666666667,122,120,122,122,0.9836065573770492,warm_season
40724,1994,42.599999999999994,28.950819672131146,122,122,122,122,1.0,warm_season
40724,1995,27.92,30.117355371900825,122,121,122,122,0.9918032786885246,warm_season
40724,1996,3.73,30.425409836065576,122,122,122,122,1.0,warm_season
40724,1997,8.2,29.89016393442623,122,122,122,122,1.0,warm_season
40724,1998,6.2,31.24793388429752,122,121,122,122,0.9918032786885246,warm_season
40724,1999,7.0,31.15126050420168,122,119,122,122,0.9754098360655737,warm_season
40724,2000,4.1,31.56639344262295,122,122,122,122,1.0,warm_season
40724,2001,8.0,31.311475409836067,122,122,122,122,1.0,warm_season
40724,2002,0.4,30.690163934426227,122,122,122,122,1.0,warm_season
40724,2003,7.2,30.596721311475413,122,122,122,122,1.0,warm_season
40724,2004,0.0,30.39344262295082,122,122,122,122,1.0,warm_season
40724,2005,10.520000000000001,30.911475409836065,122,122,122,122,1.0,warm_season
40724,2006,0.0,31.659016393442624,122,122,122,122,1.0,warm_season
40724,2007,23.020000000000003,30.498360655737706,122,122,122,122,1.0,warm_season
40724,2008,33.629999999999995,31.391803278688528,122,122,122,122,1.0,warm_season
40724,2009,40.900000000000006,29.28688524590164,122,122,122,122,1.0,warm_season
40724,2010,7.220000000000001,32.44918032786885,122,122,122,122,1.0,warm_season
40724,2011,7.329999999999999,30.918032786885245,122,122,122,122,1.0,warm_season
40724,2012,9.1,31.011475409836066,122,122,122,122,1.0,warm_season
40724,2013,2.2,31.068852459016394,122,122,122,122,1.0,warm_season
40724,2014,30.0,31.908196721311477,122,122,122,122,1.0,warm_season
40724,2015,23.499999999999996,32.47603305785124,122,121,122,122,0.9918032786885246,warm_season
40724,2016,36.6,31.231147540983606,122,122,122,122,1.0,warm_season
40724,2017,1.1,33.35737704918033,122,122,122,122,1.0,warm_season
40724,2018,3.6,32.41475409836065,122,122,122,122,1.0,warm_season
40724,2019,4.5,31.940983606557378,122,122,122,122,1.0,warm_season
40724,2020,8.01,31.14262295081967,122,122,122,122,1.0,warm_season
40724,2021,4.4,32.72459016393443,122,122,122,122,1.0,warm_season
40724,2022,24.300000000000004,33.47049180327869,122,122,122,122,1.0,warm_season
40724,2023,3.0,32.390163934426226,122,122,122,122,1.0,warm_season
40724,2024,26.2,32.60737704918033,122,122,122,122,1.0,warm_season
40726,1991,24.400000000000002,31.22295081967213,122,122,122,122,1.0,warm_season
40726,1992,17.7,28.870491803278686,122,122,122,122,1.0,warm_season
40726,1993,7.1000000000000005,30.041322314049587,122,121,122,122,0.9918032786885246,warm_season
40726,1994,17.0,28.9672131147541,122,122,122,122,1.0,warm_season
40726,1995,53.900000000000006,30.363636363636363,122,121,122,122,0.9918032786885246,warm_season
40726,1996,11.41,30.944262295081966,122,122,122,122,1.0,warm_season
40726,1997,11.4,30.845901639344262,122,122,122,122,1.0,warm_season
40726,1998,9.8,31.536065573770493,122,122,122,122,1.0,warm_season
40726,1999,6.7,31.788524590163934,122,122,122,122,1.0,warm_season
40726,2000,6.42,32.34754098360656,122,122,122,122,1.0,warm_season
40726,2001,9.5,32.25409836065574,122,122,122,122,1.0,warm_season
40726,2002,8.0,31.913114754098363,122,122,122,122,1.0,warm_season
40726,2003,8.2,30.950819672131146,122,122,122,122,1.0,warm_season
40726,2004,11.6,31.298360655737707,122,122,122,122,1.0,warm_season
40726,2005,7.1,31.668852459016392,122,122,122,122,1.0,warm_season
40726,2006,0.0,32.35901639344262,122,122,122,122,1.0,warm_season
40726,2007,10.32,31.00409836065574,122,122,122,122,1.0,warm_season
40726,2008,27.24,32.31147540983606,122,122,122,122,1.0,warm_season
40726,2009,21.11,30.17868852459016,122,122,122,122,1.0,warm_season
40726,2010,7.9,33.27540983606557,122,122,122,122,1.0,warm_season
40726,2011,7.299999999999999,31.950819672131146,122,122,122,122,1.0,warm_season
40726,2012,10.2,32.549180327868854,122,122,122,122,1.0,warm_season
40726,2013,0.0,32.12786885245902,122,122,122,122,1.0,warm_season
40726,2014,20.3,33.18032786885246,122,122,122,122,1.0,warm_season
40726,2015,4.4,33.786065573770486,122,122,122,122,1.0,warm_season
40726,2016,9.43,32.454918032786885,122,122,122,122,1.0,warm_season
40726,2017,1.1099999999999999,34.352066115702485,122,121,122,122,0.9918032786885246,warm_season
40726,2018,0.6,33.59180327868852,122,122,122,122,1.0,warm_season
40726,2019,0.0,33.109836065573774,122,122,122,122,1.0,warm_season
40726,2020,2.2199999999999998,32.05245901639344,122,122,122,122,1.0,warm_season
40726,2021,2.5,34.43360655737705,122,122,122,122,1.0,warm_season
40726,2022,14.11,34.33934426229508,122,122,122,122,1.0,warm_season
40726,2023,0.81,32.555371900826444,122,121,122,122,0.9918032786885246,warm_season
40726,2024,6.800000000000001,32.540983606557376,122,122,122,122,1.0,warm_season
40727,1991,0.0,31.497540983606555,122,122,122,122,1.0,warm_season
40727,1992,8.0,28.780327868852456,122,122,122,122,1.0,warm_season
40727,1993,5.33,30.685245901639345,122,122,122,122,1.0,warm_season
40727,1994,19.5,30.465573770491805,122,122,122,122,1.0,warm_season
40727,1995,44.9,31.20327868852459,122,122,122,122,1.0,warm_season
40727,1996,22.74,31.263934426229508,122,122,122,122,1.0,warm_season
40727,1997,14.9,30.962295081967213,122,122,122,122,1.0,warm_season
40727,1998,8.21,31.686885245901642,122,122,122,122,1.0,warm_season
40727,1999,21.540000000000003,32.09672131147541,122,122,122,122,1.0,warm_season
40727,2000,16.02,32.49590163934426,122,122,122,122,1.0,warm_season
40727,2001,23.0,32.236065573770496,122,122,122,122,1.0,warm_season
40727,2002,1.0,31.67049180327869,122,122,122,122,1.0,warm_season
40727,2003,2.4,31.044262295081968,122,122,122,122,1.0,warm_season
40727,2004,13.9,31.42459016393443,122,122,122,122,1.0,warm_season
40727,2005,15.2,31.559836065573773,122,122,122,122,1.0,warm_season
40727,2006,3.6,32.59754098360656,122,122,122,122,1.0,warm_season
40727,2007,9.7,31.68032786885246,122,122,122,122,1.0,warm_season
40727,2008,24.61,32.109836065573774,122,122,122,122,1.0,warm_season
40727,2009,24.999999999999996,30.3344262295082,122,122,122,122,1.0,warm_season
40727,2010,8.61,33.11900826446281,122,121,122,122,0.9918032786885246,warm_season
40727,2011,11.2,31.92459016393443,122,122,122,122,1.0,warm_season
40727,2012,19.2,32.070491803278685,122,122,122,122,1.0,warm_season
40727,2013,0.0,31.7827868852459,122,122,122,122,1.0,warm_season
40727,2014,23.7,32.87583333333333,122,120,122,122,0.9836065573770492,warm_season
40727,2015,43.1,33.337704918032784,122,122,122,122,1.0,warm_season
40727,2016,24.299999999999997,32.258823529411764,122,119,122,122,0.9754098360655737,warm_season
40727,2017,1.1,33.61065573770492,122,122,122,122,1.0,warm_season
40727,2018,20.5,33.29672131147541,122,122,122,122,1.0,warm_season
40727,2019,2.3,32.80495867768595,122,121,122,122,0.9918032786885246,warm_season
40727,2020,9.6,32.01639344262295,122,122,122,122,1.0,warm_season
40727,2021,13.700000000000001,33.59836065573771,122,122,122,122,1.0,warm_season
40727,2022,0.0,33.47459016393443,122,122,122,122,1.0,warm_season
40727,2023,6.51,32.173770491803275,122,122,122,122,1.0,warm_season
40727,2024,25.3,32.74672131147541,122,122,122,122,1.0,warm_season
40728,1991,14.91,29.42622950819672,122,122,122,122,1.0,warm_season
40728,1992,19.240000000000002,26.838524590163935,122,122,122,122,1.0,warm_season
40728,1993,8.95,28.40573770491803,122,122,122,122,1.0,warm_season
40728,1994,18.720000000000002,28.35983606557377,122,122,122,122,1.0,warm_season
40728,1995,38.22,28.991803278688526,122,122,122,122,1.0,warm_season
40728,1996,21.310000000000002,28.812295081967214,122,122,122,122,1.0,warm_season
40728,1997,14.599999999999998,29.214754098360654,122,122,122,122,1.0,warm_season
40728,1998,15.139999999999999,29.813114754098358,122,122,122,122,1.0,warm_season
40728,1999,10.92,29.30327868852459,122,122,122,122,1.0,warm_season
40728,2000,16.93,29.681967213114753,122,122,122,122,1.0,warm_season
40728,2001,15.71,29.495081967213114,122,122,122,122,1.0,warm_season
40728,2002,2.1,29.42049180327869,122,122,122,122,1.0,warm_season
40728,2003,19.63,29.096721311475413,122,122,122,122,1.0,warm_season
40728,2004,11.02,29.247540983606555,122,122,122,122,1.0,warm_season
40728,2005,6.02,29.585245901639347,122,122,122,122,1.0,warm_season
40728,2006,3.61,30.659016393442624,122,122,122,122,1.0,warm_season
40728,2007,57.51,29.36229508196721,122,122,122,122,1.0,warm_season
40728,2008,27.12,29.65573770491803,122,122,122,122,1.0,warm_season
40728,2009,32.72,28.145454545454545,122,121,122,122,0.9918032786885246,warm_season
40728,2010,5.91,30.445901639344264,122,122,122,122,1.0,warm_season
40728,2011,21.11,29.59344262295082,122,122,122,122,1.0,warm_season
40728,2012,37.730000000000004,29.52950819672131,122,122,122,122,1.0,warm_season
40728,2013,0.0,29.708196721311477,122,122,122,122,1.0,warm_season
40728,2014,13.120000000000001,30.508196721311474,122,122,122,122,1.0,warm_season
40728,2015,8.100000000000001,30.68360655737705,122,122,122,122,1.0,warm_season
40728,2016,7.800000000000001,30.000833333333333,122,120,122,122,0.9836065573770492,warm_season
40728,2017,2.3,31.478688524590165,122,122,122,122,1.0,warm_season
40728,2018,2.3200000000000003,31.46333333333333,122,120,122,122,0.9836065573770492,warm_season
40728,2019,6.2,30.872131147540983,122,122,122,122,1.0,warm_season
40728,2020,15.33,29.983606557377048,122,122,122,122,1.0,warm_season
40728,2021,29.73,31.25,122,122,122,122,1.0,warm_season
40728,2022,9.1,31.218032786885246,122,122,122,122,1.0,warm_season
40728,2023,4.720000000000001,30.154098360655738,122,122,122,122,1.0,warm_season
40728,2024,16.8,31.041666666666668,122,120,122,122,0.9836065573770492,warm_season
40729,1991,10.719999999999999,29.661475409836065,122,122,122,122,1.0,warm_season
40729,1992,40.019999999999996,27.686776859504132,122,121,122,122,0.9918032786885246,warm_season
40729,1993,26.64,29.270491803278688,122,122,122,122,1.0,warm_season
40729,1994,1.34,28.57704918032787,122,122,122,122,1.0,warm_season
40729,1995,54.67000000000001,29.829508196721314,122,122,122,122,1.0,warm_season
40729,1996,20.68,29.46115702479339,122,121,122,122,0.9918032786885246,warm_season
40729,1997,25.869999999999997,30.375409836065575,122,122,122,122,1.0,warm_season
40729,1998,15.799999999999999,30.324590163934424,122,122,122,122,1.0,warm_season
40729,1999,22.93,30.22049180327869,122,122,122,122,1.0,warm_season
40729,2000,34.47,30.322950819672133,122,122,122,122,1.0,warm_season
40729,2001,35.83,30.124590163934425,122,122,122,122,1.0,warm_season
40729,2002,33.260000000000005,30.327868852459016,122,122,122,122,1.0,warm_season
40729,2003,29.91,30.04754098360656,122,122,122,122,1.0,warm_season
40729,2004,44.17999999999999,29.927868852459014,122,122,122,122,1.0,warm_season
40729,2005,10.88,30.381967213114752,122,122,122,122,1.0,warm_season
40729,2006,2.4099999999999997,30.992622950819673,122,122,122,122,1.0,warm_season
40729,2007,48.769999999999996,29.531147540983607,122,122,122,122,1.0,warm_season
40729,2008,34.8,30.401639344262296,122,122,122,122,1.0,warm_season
40729,2009,61.55,28.89344262295082,122,122,122,122,1.0,warm_season
40729,2010,3.32,31.280327868852456,122,122,122,122,1.0,warm_season
40729,2011,66.89000000000001,30.262295081967213,122,122,122,122,1.0,warm_season
40729,2012,52.54,29.942622950819672,122,122,122,122,1.0,warm_season
40729,2013,5.11,30.7,122,122,122,122,1.0,warm_season
40729,2014,24.89,32.48220338983051,122,118,122,122,0.9672131147540983,warm_season
40729,2015,4.01,33.209016393442624,122,122,122,122,1.0,warm_season
40729,2016,13.86,32.15901639344263,122,122,122,122,1.0,warm_season
40729,2017,6.13,33.717213114754095,122,122,122,122,1.0,warm_season
40729,2018,5.3,32.91239669421488,122,121,122,122,0.9918032786885246,warm_season
40729,2019,7.86,32.154700854700856,122,117,122,122,0.9590163934426229,warm_season
40729,2020,30.05,31.064754098360655,122,122,122,122,1.0,warm_season
40729,2021,19.85,32.87131147540984,122,122,122,122,1.0,warm_season
40729,2022,1.12,32.885245901639344,122,122,122,122,1.0,warm_season
40729,2023,62.16,31.59016393442623,122,122,122,122,1.0,warm_season
40729,2024,29.669999999999998,31.7,122,122,122,122,1.0,warm_season
40730,1991,0.14,29.54344262295082,122,122,122,122,1.0,warm_season
40730,1992,37.769999999999996,28.051639344262295,122,122,122,122,1.0,warm_season
40730,1993,4.449999999999999,29.626229508196722,122,122,122,122,1.0,warm_season
40730,1994,6.32,28.634426229508197,122,122,122,122,1.0,warm_season
40730,1995,35.120000000000005,30.108264462809917,122,121,122,122,0.9918032786885246,warm_season
40730,1996,6.42,30.140983606557377,122,122,122,122,1.0,warm_season
40730,1997,14.62,30.687704918032786,122,122,122,122,1.0,warm_season
40730,1998,10.799999999999999,30.437704918032786,122,122,122,122,1.0,warm_season
40730,1999,32.41,30.477868852459018,122,122,122,122,1.0,warm_season
40730,2000,15.86,30.595901639344262,122,122,122,122,1.0,warm_season
40730,2001,8.530000000000001,29.94016393442623,122,122,122,122,1.0,warm_season
40730,2002,0.43,30.975206611570247,122,121,122,122,0.9918032786885246,warm_season
40730,2003,4.83,29.74590163934426,122,122,122,122,1.0,warm_season
40730,2004,23.36,29.94672131147541,122,122,122,122,1.0,warm_season
40730,2005,7.319999999999999,30.550413223140495,122,121,122,122,0.9918032786885246,warm_season
40730,2006,0.01,31.00983606557377,122,122,122,122,1.0,warm_season
40730,2007,27.54,29.555737704918034,122,122,122,122,1.0,warm_season
40730,2008,12.290000000000003,30.53360655737705,122,122,122,122,1.0,warm_season
40730,2009,28.83,29.020491803278688,122,122,122,122,1.0,warm_season
40730,2010,4.05,31.45409836065574,122,122,122,122,1.0,warm_season
40730,2011,25.46,30.640983606557377,122,122,122,122,1.0,warm_season
40730,2012,16.04,30.5,122,122,122,122,1.0,warm_season
40730,2013,5.22,30.400000000000002,122,122,122,122,1.0,warm_season
40730,2014,3.34,32.105,122,120,122,122,0.9836065573770492,warm_season
40730,2015,19.38,31.686885245901642,122,122,122,122,1.0,warm_season
40730,2016,9.08,30.84,122,120,122,122,0.9836065573770492,warm_season
40730,2017,20.830000000000002,31.945901639344264,122,122,122,122,1.0,warm_season
40730,2018,25.339999999999996,32.4327731092437,122,119,122,122,0.9754098360655737,warm_season
40730,2019,22.06,31.478688524590165,122,122,122,122,1.0,warm_season
40730,2020,8.37,30.15081967213115,122,122,122,122,1.0,warm_season
40730,2021,31.150000000000002,32.67049180327869,122,122,122,122,1.0,warm_season
40730,2022,1.12,32.054098360655736,122,122,122,122,1.0,warm_season
40730,2023,14.619999999999997,31.358677685950415,122,121,122,122,0.9918032786885246,warm_season
40730,2024,39.22,30.85123966942149,122,121,122,122,0.9918032786885246,warm_season
40731,1991,0.7,33.12950819672131,122,122,122,122,1.0,warm_season
40731,1992,32.83,31.379508196721314,122,122,122,122,1.0,warm_season
40731,1993,10.169999999999998,32.8655737704918,122,122,122,122,1.0,warm_season
40731,1994,6.46,32.47786885245902,122,122,122,122,1.0,warm_season
40731,1995,2.68,33.381967213114756,122,122,122,122,1.0,warm_season
40731,1996,2.63,33.06393442622951,122,122,122,122,1.0,warm_season
40731,1997,14.34,33.966393442622945,122,122,122,122,1.0,warm_season
40731,1998,8.99,33.54590163934426,122,122,122,122,1.0,warm_season
40731,1999,24.84,33.76311475409836,122,122,122,122,1.0,warm_season
40731,2000,9.63,34.17704918032787,122,122,122,122,1.0,warm_season
40731,2001,3.0399999999999996,33.713934426229514,122,122,122,122,1.0,warm_season
40731,2002,0.34,34.013934426229504,122,122,122,122,1.0,warm_season
40731,2003,4.56,33.144262295081965,122,122,122,122,1.0,warm_season
40731,2004,6.1000000000000005,33.56885245901639,122,122,122,122,1.0,warm_season
40731,2005,3.0299999999999994,33.98688524590164,122,122,122,122,1.0,warm_season
40731,2006,0.9199999999999999,34.30573770491804,122,122,122,122,1.0,warm_season
40731,2007,28.049999999999994,33.32950819672131,122,122,122,122,1.0,warm_season
40731,2008,3.4299999999999997,34.15163934426229,122,122,122,122,1.0,warm_season
40731,2009,27.93,32.58524590163935,122,122,122,122,1.0,warm_season
40731,2010,0.03,34.34180327868852,122,122,122,122,1.0,warm_season
40731,2011,66.41000000000001,33.76311475409836,122,122,122,122,1.0,warm_season
40731,2012,34.150000000000006,33.23688524590164,122,122,122,122,1.0,warm_season
40731,2013,0.43000000000000005,33.7327868852459,122,122,122,122,1.0,warm_season
40731,2014,6.2700000000000005,35.52213114754098,122,122,122,122,1.0,warm_season
40731,2015,17.34,34.900826446280995,122,121,122,122,0.9918032786885246,warm_season
40731,2016,5.029999999999999,34.34098360655738,122,122,122,122,1.0,warm_season
40731,2017,0.9099999999999999,34.885245901639344,122,122,122,122,1.0,warm_season
40731,2018,13.809999999999999,35.43140495867768,122,121,122,122,0.9918032786885246,warm_season
40731,2019,2.34,35.06859504132232,122,121,122,122,0.9918032786885246,warm_season
40731,2020,8.17,33.645081967213116,122,122,122,122,1.0,warm_season
40731,2021,18.619999999999997,35.79344262295082,122,122,122,122,1.0,warm_season
40731,2022,4.5,35.28688524590164,122,122,122,122,1.0,warm_season
40731,2023,7.909999999999999,34.74508196721311,122,122,122,122,1.0,warm_season
40731,2024,41.510000000000005,34.5672131147541,122,122,122,122,1.0,warm_season
40732,1991,300.91999999999996,27.482786885245904,122,122,122,122,1.0,warm_season
40732,1992,389.54999999999995,26.157377049180326,122,122,122,122,1.0,warm_season
40732,1993,521.03,26.208771929824564,122,114,122,122,0.9344262295081968,warm_season
40732,1994,263.77000000000004,25.988983050847455,122,118,122,122,0.9672131147540983,warm_season
40732,1995,234.61,27.884999999999998,122,120,122,122,0.9836065573770492,warm_season
40732,1996,361.0,27.39262295081967,122,122,122,122,1.0,warm_season
40732,1997,455.40999999999997,27.021666666666665,122,120,122,122,0.9836065573770492,warm_season
40732,1998,188.6,28.65702479338843,122,121,122,122,0.9918032786885246,warm_season
40732,1999,272.97,27.75371900826446,122,121,122,122,0.9918032786885246,warm_season
40732,2000,161.92000000000002,28.305,122,120,122,122,0.9836065573770492,warm_season
40732,2001,378.75999999999993,27.858196721311472,122,122,122,122,1.0,warm_season
40732,2002,74.77,28.448360655737705,122,122,122,122,1.0,warm_season
40732,2003,491.98,26.59918032786885,122,122,122,122,1.0,warm_season
40732,2004,352.24,27.268032786885243,122,122,122,122,1.0,warm_season
40732,2005,294.97999999999996,27.928688524590164,122,122,122,122,1.0,warm_season
40732,2006,315.42,28.86639344262295,122,122,122,122,1.0,warm_season
40732,2007,293.58,28.428688524590164,122,122,122,122,1.0,warm_season
40732,2008,361.59000000000003,27.822950819672133,122,122,122,122,1.0,warm_season
40732,2009,262.28,27.081147540983608,122,122,122,122,1.0,warm_season
40732,2010,197.88,29.89262295081967,122,122,122,122,1.0,warm_season
40732,2011,481.60999999999996,28.372131147540983,122,122,122,122,1.0,warm_season
40732,2012,413.25,28.72049180327869,122,122,122,122,1.0,warm_season
40732,2013,224.05,28.127868852459017,122,122,122,122,1.0,warm_season
40732,2014,197.67000000000002,29.687704918032786,122,122,122,122,1.0,warm_season
40732,2015,210.01999999999998,29.78360655737705,122,122,122,122,1.0,warm_season
40732,2016,441.46999999999997,28.68360655737705,122,122,122,122,1.0,warm_season
40732,2017,311.55,29.753278688524592,122,122,122,122,1.0,warm_season
40732,2018,410.02,29.45655737704918,122,122,122,122,1.0,warm_season
40732,2019,476.67,28.87933884297521,122,121,122,122,0.9918032786885246,warm_season
40732,2020,300.52000000000004,28.77704918032787,122,122,122,122,1.0,warm_season
40732,2021,216.61,29.839344262295082,122,122,122,122,1.0,warm_season
40732,2022,265.55,29.545454545454547,122,121,122,122,0.9918032786885246,warm_season
40732,2023,373.55,28.719672131147544,122,122,122,122,1.0,warm_season
40732,2024,221.35,29.197540983606558,122,122,122,122,1.0,warm_season
40734,1991,219.94,27.539344262295085,122,122,122,122,1.0,warm_season
40734,1992,384.88,26.393388429752065,122,121,122,122,0.9918032786885246,warm_season
40734,1993,521.58,26.524786324786326,122,117,122,122,0.9590163934426229,warm_season
40734,1994,291.90999999999997,26.1525,122,120,122,122,0.9836065573770492,warm_season
40734,1995,399.12,28.075,122,120,122,122,0.9836065573770492,warm_season
40734,1996,410.03000000000003,27.616806722689077,122,119,122,122,0.9754098360655737,warm_season
40734,1997,514.64,27.129661016949154,122,118,122,122,0.9672131147540983,warm_season
40734,1998,261.54999999999995,28.541803278688523,122,122,122,122,1.0,warm_season
40734,1999,242.75000000000003,27.773553719008262,122,121,122,122,0.9918032786885246,warm_season
40734,2000,200.72,27.999159663865548,122,119,122,122,0.9754098360655737,warm_season
40734,2001,211.05,28.04262295081967,122,122,122,122,1.0,warm_season
40734,2002,117.78,28.354098360655737,122,122,122,122,1.0,warm_season
40734,2003,517.92,26.622131147540983,122,122,122,122,1.0,warm_season
40734,2004,342.03,27.354098360655737,122,122,122,122,1.0,warm_season
40734,2005,212.35,27.854918032786887,122,122,122,122,1.0,warm_season
40734,2006,369.82,28.927868852459014,122,122,122,122,1.0,warm_season
40734,2007,249.13000000000002,28.265573770491805,122,122,122,122,1.0,warm_season
40734,2008,313.27,28.06065573770492,122,122,122,122,1.0,warm_season
40734,2009,310.68,27.129508196721314,122,122,122,122,1.0,warm_season
40734,2010,182.07,30.022950819672133,122,122,122,122,1.0,warm_season
40734,2011,447.95,28.160655737704918,122,122,122,122,1.0,warm_season
40734,2012,423.47999999999996,28.54016393442623,122,122,122,122,1.0,warm_season
40734,2013,165.57999999999998,28.219672131147544,122,122,122,122,1.0,warm_season
40734,2014,229.98,29.267213114754096,122,122,122,122,1.0,warm_season
40734,2015,328.41999999999996,29.219672131147544,122,122,122,122,1.0,warm_season
40734,2016,577.5899999999999,28.550819672131148,122,122,122,122,1.0,warm_season
40734,2017,275.63,29.79672131147541,122,122,122,122,1.0,warm_season
40734,2018,233.25,29.252459016393445,122,122,122,122,1.0,warm_season
40734,2019,444.85,28.75573770491803,122,122,122,122,1.0,warm_season
40734,2020,330.15999999999997,28.629508196721314,122,122,122,122,1.0,warm_season
40734,2021,189.61,29.641322314049585,122,121,122,122,0.9918032786885246,warm_season
40734,2022,195.54,29.477049180327867,122,122,122,122,1.0,warm_season
40734,2023,346.34000000000003,28.965573770491805,122,122,122,122,1.0,warm_season
40734,2024,255.64999999999998,29.13388429752066,122,121,122,122,0.9918032786885246,warm_season
40736,1991,86.97,29.461475409836066,122,122,122,122,1.0,warm_season
40736,1992,246.28,28.132203389830508,122,118,122,122,0.9672131147540983,warm_season
40736,1993,219.04999999999998,28.69,122,120,122,122,0.9836065573770492,warm_season
40736,1994,231.98,27.878333333333334,122,120,122,122,0.9836065573770492,warm_season
40736,1995,224.28,30.26016949152542,122,118,122,122,0.9672131147540983,warm_season
40736,1996,187.08999999999997,29.640983606557377,122,122,122,122,1.0,warm_season
40736,1997,315.53,29.175,122,120,122,122,0.9836065573770492,warm_season
40736,1998,267.78,30.53305785123967,122,121,122,122,0.9918032786885246,warm_season
40736,1999,198.06,29.763025210084034,122,119,122,122,0.9754098360655737,warm_season
40736,2000,245.48000000000002,29.703361344537814,122,119,122,122,0.9754098360655737,warm_season
40736,2001,152.24999999999997,30.015573770491805,122,122,122,122,1.0,warm_season
40736,2002,56.49,30.307377049180328,122,122,122,122,1.0,warm_season
40736,2003,140.64,28.889344262295083,122,122,122,122,1.0,warm_season
40736,2004,229.31,29.18032786885246,122,122,122,122,1.0,warm_season
40736,2005,148.55,29.818032786885247,122,122,122,122,1.0,warm_season
40736,2006,216.29999999999998,30.675409836065576,122,122,122,122,1.0,warm_season
40736,2007,172.4,30.183333333333334,122,120,122,122,0.9836065573770492,warm_season
40736,2008,180.66,30.10655737704918,122,122,122,122,1.0,warm_season
40736,2009,288.32,28.90983606557377,122,122,122,122,1.0,warm_season
40736,2010,54.18,32.13688524590164,122,122,122,122,1.0,warm_season
40736,2011,254.19999999999996,29.82377049180328,122,122,122,122,1.0,warm_season
40736,2012,296.74,29.921311475409837,122,122,122,122,1.0,warm_season
40736,2013,172.01999999999998,28.988524590163934,122,122,122,122,1.0,warm_season
40736,2014,115.43999999999998,30.02622950819672,122,122,122,122,1.0,warm_season
40736,2015,354.36,29.931404958677685,122,121,122,122,0.9918032786885246,warm_season
40736,2016,332.99,29.981147540983606,122,122,122,122,1.0,warm_season
40736,2017,101.56000000000002,30.960655737704915,122,122,122,122,1.0,warm_season
40736,2018,99.29,30.668852459016392,122,122,122,122,1.0,warm_season
40736,2019,299.84,30.0675,122,120,122,122,0.9836065573770492,warm_season
40736,2020,118.71000000000001,30.06393442622951,122,122,122,122,1.0,warm_season
40736,2021,106.69000000000001,31.381147540983605,122,122,122,122,1.0,warm_season
40736,2022,109.36999999999999,30.74016393442623,122,122,122,122,1.0,warm_season
40736,2023,234.07000000000002,30.945081967213117,122,122,122,122,1.0,warm_season
40736,2024,180.90999999999997,30.863114754098362,122,122,122,122,1.0,warm_season
40737,1991,70.12,29.438524590163933,122,122,122,122,1.0,warm_season
40737,1992,172.42999999999998,27.885245901639344,122,122,122,122,1.0,warm_season
40737,1993,254.37,28.288235294117648,122,119,122,122,0.9754098360655737,warm_season
40737,1994,275.58,27.57704918032787,122,122,122,122,1.0,warm_season
40737,1995,199.19,30.13083333333333,122,120,122,122,0.9836065573770492,warm_season
40737,1996,223.82,29.699173553719007,122,121,122,122,0.9918032786885246,warm_season
40737,1997,310.03,29.210743801652892,122,121,122,122,0.9918032786885246,warm_season
40737,1998,197.25,30.60983606557377,122,122,122,122,1.0,warm_season
40737,1999,237.84999999999997,30.3198347107438,122,121,122,122,0.9918032786885246,warm_season
40737,2000,175.93999999999997,30.398333333333333,122,120,122,122,0.9836065573770492,warm_season
40737,2001,133.84,29.94344262295082,122,122,122,122,1.0,warm_season
40737,2002,74.88,30.24590163934426,122,122,122,122,1.0,warm_season
40737,2003,233.99,28.879508196721314,122,122,122,122,1.0,warm_season
40737,2004,224.87,29.378688524590167,122,122,122,122,1.0,warm_season
40737,2005,131.38,29.88360655737705,122,122,122,122,1.0,warm_season
40737,2006,100.97999999999999,31.27950819672131,122,122,122,122,1.0,warm_season
40737,2007,163.90999999999997,30.35081967213115,122,122,122,122,1.0,warm_season
40737,2008,151.6,30.50901639344262,122,122,122,122,1.0,warm_season
40737,2009,291.62999999999994,28.971311475409838,122,122,122,122,1.0,warm_season
40737,2010,85.9,32.19098360655738,122,122,122,122,1.0,warm_season
40737,2011,218.18,30.15983606557377,122,122,122,122,1.0,warm_season
40737,2012,167.05999999999997,30.44344262295082,122,122,122,122,1.0,warm_season
40737,2013,110.92999999999999,29.865573770491803,122,122,122,122,1.0,warm_season
40737,2014,136.48,31.49098360655738,122,122,122,122,1.0,warm_season
40737,2015,150.09000000000003,31.059016393442622,122,122,122,122,1.0,warm_season
40737,2016,233.73999999999998,30.794262295081968,122,122,122,122,1.0,warm_season
40737,2017,50.25,32.381967213114756,122,122,122,122,1.0,warm_season
40737,2018,76.71000000000001,31.531147540983607,122,122,122,122,1.0,warm_season
40737,2019,149.01999999999998,30.729508196721312,122,122,122,122,1.0,warm_season
40737,2020,129.70000000000002,30.88032786885246,122,122,122,122,1.0,warm_season
40737,2021,158.61,31.62295081967213,122,122,122,122,1.0,warm_season
40737,2022,116.31,31.177049180327867,122,122,122,122,1.0,warm_season
40737,2023,172.3,32.02622950819672,122,122,122,122,1.0,warm_season
40737,2024,147.22,31.7827868852459,122,122,122,122,1.0,warm_season
40738,1991,57.17000000000001,31.694262295081966,122,122,122,122,1.0,warm_season
40738,1992,125.37,30.200000000000003,122,119,122,122,0.9754098360655737,warm_season
40738,1993,188.40999999999997,30.437704918032786,122,122,122,122,1.0,warm_season
40738,1994,129.55,29.45245901639344,122,122,122,122,1.0,warm_season
40738,1995,93.42,31.69586776859504,122,121,122,122,0.9918032786885246,warm_season
40738,1996,72.86,31.623770491803278,122,122,122,122,1.0,warm_season
40738,1997,116.85,31.356198347107437,122,121,122,122,0.9918032786885246,warm_season
40738,1998,130.92,32.4,122,122,122,122,1.0,warm_season
40738,1999,174.3,31.999180327868853,122,122,122,122,1.0,warm_season
40738,2000,126.60000000000001,32.549180327868854,122,122,122,122,1.0,warm_season
40738,2001,70.55,32.30245901639344,122,122,122,122,1.0,warm_season
40738,2002,96.02000000000001,32.83196721311475,122,122,122,122,1.0,warm_season
40738,2003,98.72,31.018852459016394,122,122,122,122,1.0,warm_season
40738,2004,122.34,31.89,122,120,122,122,0.9836065573770492,warm_season
40738,2005,70.13000000000001,32.089344262295086,122,122,122,122,1.0,warm_season
40738,2006,24.38,33.28770491803279,122,122,122,122,1.0,warm_season
40738,2007,71.14999999999999,33.42727272727272,122,121,122,122,0.9918032786885246,warm_season
40738,2008,33.15,33.17049180327869,122,122,122,122,1.0,warm_season
40738,2009,181.17,31.932786885245903,122,122,122,122,1.0,warm_season
40738,2010,25.14,35.373770491803285,122,122,122,122,1.0,warm_season
40738,2011,136.95999999999998,32.985245901639345,122,122,122,122,1.0,warm_season
40738,2012,205.57,33.12459016393443,122,122,122,122,1.0,warm_season
40738,2013,80.01000000000002,32.877049180327866,122,122,122,122,1.0,warm_season
40738,2014,90.29,34.289256198347104,122,121,122,122,0.9918032786885246,warm_season
40738,2015,78.08,34.59098360655738,122,122,122,122,1.0,warm_season
40738,2016,120.19,33.55206611570248,122,121,122,122,0.9918032786885246,warm_season
40738,2017,80.66,35.19016393442623,122,122,122,122,1.0,warm_season
40738,2018,58.39,34.58606557377049,122,122,122,122,1.0,warm_season
40738,2019,72.38000000000001,33.316528925619835,122,121,122,122,0.9918032786885246,warm_season
40738,2020,43.96,33.4,122,122,122,122,1.0,warm_season
40738,2021,71.57,35.41157024793389,122,121,122,122,0.9918032786885246,warm_season
40738,2022,29.450000000000003,34.75081967213115,122,122,122,122,1.0,warm_season
40738,2023,33.65,34.09590163934426,122,122,122,122,1.0,warm_season
40738,2024,76.94,33.87540983606557,122,122,122,122,1.0,warm_season
40739,1991,10.01,30.88606557377049,122,122,122,122,1.0,warm_season
40739,1992,12.510000000000002,29.871311475409836,122,122,122,122,1.0,warm_season
40739,1993,16.84,30.82704918032787,122,122,122,122,1.0,warm_season
40739,1994,4.21,30.694262295081966,122,122,122,122,1.0,warm_season
40739,1995,8.919999999999998,31.99426229508197,122,122,122,122,1.0,warm_season
40739,1996,4.700000000000001,31.781147540983607,122,122,122,122,1.0,warm_season
40739,1997,9.55,32.74098360655738,122,122,122,122,1.0,warm_season
40739,1998,47.94,31.875409836065575,122,122,122,122,1.0,warm_season
40739,1999,25.519999999999996,31.911475409836065,122,122,122,122,1.0,warm_season
40739,2000,28.43,32.114754098360656,122,122,122,122,1.0,warm_season
40739,2001,15.510000000000002,31.839344262295082,122,122,122,122,1.0,warm_season
40739,2002,9.35,32.514049586776856,122,121,122,122,0.9918032786885246,warm_season
40739,2003,11.93,31.731147540983606,122,122,122,122,1.0,warm_season
40739,2004,5.93,31.59344262295082,122,122,122,122,1.0,warm_season
40739,2005,5.04,32.165573770491804,122,122,122,122,1.0,warm_season
40739,2006,3.6999999999999997,32.49180327868852,122,122,122,122,1.0,warm_season
40739,2007,27.36,31.704918032786885,122,122,122,122,1.0,warm_season
40739,2008,5.05,32.25819672131148,122,122,122,122,1.0,warm_season
40739,2009,29.03,31.393388429752065,122,121,122,122,0.9918032786885246,warm_season
40739,2010,16.799999999999997,31.93606557377049,122,122,122,122,1.0,warm_season
40739,2011,25.050000000000004,32.326229508196725,122,122,122,122,1.0,warm_season
40739,2012,7.31,31.322950819672133,122,122,122,122,1.0,warm_season
40739,2013,0.41000000000000003,32.33606557377049,122,122,122,122,1.0,warm_season
40739,2014,6.62,33.27540983606557,122,122,122,122,1.0,warm_season
40739,2015,27.48,32.144262295081965,122,122,122,122,1.0,warm_season
40739,2016,15.239999999999998,31.596721311475413,122,122,122,122,1.0,warm_season
40739,2017,13.82,32.083606557377045,122,122,122,122,1.0,warm_season
40739,2018,29.23,32.7563025210084,122,119,122,122,0.9754098360655737,warm_season
40739,2019,11.02,32.622950819672134,122,122,122,122,1.0,warm_season
40739,2020,15.42,31.031147540983607,122,122,122,122,1.0,warm_season
40739,2021,0.01,33.3655737704918,122,122,122,122,1.0,warm_season
40739,2022,2.53,32.51803278688524,122,122,122,122,1.0,warm_season
40739,2023,17.619999999999997,32.09180327868852,122,122,122,122,1.0,warm_season
40739,2024,16.919999999999998,32.0483606557377,122,122,122,122,1.0,warm_season
40740,1991,14.600000000000001,29.395081967213113,122,122,122,122,1.0,warm_season
40740,1992,25.33,28.22295081967213,122,122,122,122,1.0,warm_season
40740,1993,16.4,29.51967213114754,122,122,122,122,1.0,warm_season
40740,1994,2.9,29.50655737704918,122,122,122,122,1.0,warm_season
40740,1995,22.13,30.729508196721312,122,122,122,122,1.0,warm_season
40740,1996,14.019999999999998,30.15655737704918,122,122,122,122,1.0,warm_season
40740,1997,71.42,30.96198347107438,122,121,122,122,0.9918032786885246,warm_season
40740,1998,10.41,30.145901639344263,122,122,122,122,1.0,warm_season
40740,1999,20.949999999999996,30.1900826446281,122,121,122,122,0.9918032786885246,warm_season
40740,2000,25.82,30.204918032786885,122,122,122,122,1.0,warm_season
40740,2001,0.26,30.561475409836067,122,122,122,122,1.0,warm_season
40740,2002,6.26,30.91967213114754,122,122,122,122,1.0,warm_season
40740,2003,8.23,29.586885245901637,122,122,122,122,1.0,warm_season
40740,2004,19.04,29.865573770491803,122,122,122,122,1.0,warm_season
40740,2005,6.9799999999999995,30.809836065573773,122,122,122,122,1.0,warm_season
40740,2006,38.82,30.626229508196722,122,122,122,122,1.0,warm_season
40740,2007,14.559999999999999,29.90655737704918,122,122,122,122,1.0,warm_season
40740,2008,14.86,30.681967213114753,122,122,122,122,1.0,warm_season
40740,2009,26.91,29.496721311475408,122,122,122,122,1.0,warm_season
40740,2010,25.3,30.40983606557377,122,122,122,122,1.0,warm_season
40740,2011,33.1,30.54262295081967,122,122,122,122,1.0,warm_season
40740,2012,35.8,30.087394957983193,121,119,122,122,0.9754098360655737,warm_season
40740,2013,2.2,31.460655737704915,122,122,122,122,1.0,warm_season
40740,2014,14.11,31.690163934426227,122,122,122,122,1.0,warm_season
40740,2015,24.200000000000003,30.988524590163934,122,122,122,122,1.0,warm_season
40740,2016,58.6,30.728688524590165,122,122,122,122,1.0,warm_season
40740,2017,8.52,30.571311475409836,122,122,122,122,1.0,warm_season
40740,2018,31.340000000000003,31.29016393442623,122,122,122,122,1.0,warm_season
40740,2019,5.410000000000001,31.013934426229508,122,122,122,122,1.0,warm_season
40740,2020,24.93,29.735245901639342,122,122,122,122,1.0,warm_season
40740,2021,1.3,31.928688524590164,122,122,122,122,1.0,warm_season
40740,2022,91.16,30.531147540983607,122,122,122,122,1.0,warm_season
40740,2023,28.78,30.985245901639342,122,122,122,122,1.0,warm_season
40740,2024,26.86,30.660655737704918,122,122,122,122,1.0,warm_season
40741,1991,0.0,35.34836065573771,122,122,122,122,1.0,warm_season
40741,1992,15.5,34.247540983606555,122,122,122,122,1.0,warm_season
40741,1993,8.83,35.41393442622951,122,122,122,122,1.0,warm_season
40741,1994,0.0,34.63360655737705,122,122,122,122,1.0,warm_season
40741,1995,16.0,36.136065573770495,122,122,122,122,1.0,warm_season
40741,1996,0.01,36.05983606557377,122,122,122,122,1.0,warm_season
40741,1997,2.51,36.13360655737705,122,122,122,122,1.0,warm_season
40741,1998,2.1,36.15081967213114,122,122,122,122,1.0,warm_season
40741,1999,5.31,36.09090909090909,122,121,122,122,0.9918032786885246,warm_season
40741,2000,0.71,36.17438016528926,122,121,122,122,0.9918032786885246,warm_season
40741,2001,0.1,35.87868852459016,122,122,122,122,1.0,warm_season
40741,2002,0.0,36.54754098360656,122,122,122,122,1.0,warm_season
40741,2003,0.1,35.31639344262295,122,122,122,122,1.0,warm_season
40741,2004,0.2,35.94918032786885,122,122,122,122,1.0,warm_season
40741,2005,0.02,36.99426229508197,122,122,122,122,1.0,warm_season
40741,2006,2.1199999999999997,36.70245901639344,122,122,122,122,1.0,warm_season
40741,2007,2.01,36.424590163934425,122,122,122,122,1.0,warm_season
40741,2008,0.0,36.78524590163934,122,122,122,122,1.0,warm_season
40741,2009,2.4000000000000004,36.21229508196721,122,122,122,122,1.0,warm_season
40741,2010,1.7,37.17049180327869,122,122,122,122,1.0,warm_season
40741,2011,0.4,37.61311475409836,122,122,122,122,1.0,warm_season
40741,2012,4.0,37.75327868852459,122,122,122,122,1.0,warm_season
40741,2013,0.1,38.28770491803279,122,122,122,122,1.0,warm_season
40741,2014,0.0,37.93688524590164,122,122,122,122,1.0,warm_season
40741,2015,0.0,37.4172131147541,122,122,122,122,1.0,warm_season
40741,2016,0.5,37.61404958677686,122,121,122,122,0.9918032786885246,warm_season
40741,2017,0.0,37.498347107438015,122,121,122,122,0.9918032786885246,warm_season
40741,2018,0.0,37.9327868852459,122,122,122,122,1.0,warm_season
40741,2019,3.4,38.06639344262295,122,122,122,122,1.0,warm_season
40741,2020,3.9,36.9172131147541,122,122,122,122,1.0,warm_season
40741,2021,0.5,38.99918032786885,122,122,122,122,1.0,warm_season
40741,2022,0.0,38.212396694214874,122,121,122,122,0.9918032786885246,warm_season
40741,2023,0.5,38.07704918032787,122,122,122,122,1.0,warm_season
40741,2024,1.7,37.65,122,122,122,122,1.0,warm_season
40742,1991,,,0,0,122,122,0.0,warm_season
40742,1992,11.6,32.231147540983606,122,122,122,122,1.0,warm_season
40742,1993,9.2,33.115,122,120,122,122,0.9836065573770492,warm_season
40742,1994,0.0,32.49426229508197,122,122,122,122,1.0,warm_season
40742,1995,9.12,34.295081967213115,122,122,122,122,1.0,warm_season
40742,1996,0.4,33.89504132231405,122,121,122,122,0.9918032786885246,warm_season
40742,1997,10.419999999999998,34.64262295081967,122,122,122,122,1.0,warm_season
40742,1998,8.239999999999998,33.416393442622955,122,122,122,122,1.0,warm_season
40742,1999,4.5,33.68032786885246,122,122,122,122,1.0,warm_season
40742,2000,3.6100000000000003,33.68524590163935,122,122,122,122,1.0,warm_season
40742,2001,14.4,33.506557377049184,122,122,122,122,1.0,warm_season
40742,2002,20.41,34.04,122,120,122,122,0.9836065573770492,warm_season
40742,2003,10.75,33.50743801652893,122,121,122,122,0.9918032786885246,warm_season
40742,2004,3.24,33.477685950413225,122,121,122,122,0.9918032786885246,warm_season
40742,2005,0.01,33.91393442622951,122,122,122,122,1.0,warm_season
40742,2006,2.1100000000000003,34.23852459016394,122,122,122,122,1.0,warm_season
40742,2007,13.67,33.49262295081967,122,122,122,122,1.0,warm_season
40742,2008,1.54,34.25573770491803,122,122,122,122,1.0,warm_season
40742,2009,11.25,33.42727272727272,122,121,122,122,0.9918032786885246,warm_season
40742,2010,20.61,33.81311475409836,122,122,122,122,1.0,warm_season
40742,2011,6.23,34.18934426229509,122,122,122,122,1.0,warm_season
40742,2012,6.02,33.08032786885246,122,122,122,122,1.0,warm_season
40742,2013,1.61,34.35737704918033,122,122,122,122,1.0,warm_season
40742,2014,4.109999999999999,35.08934426229508,122,122,122,122,1.0,warm_season
40742,2015,28.330000000000002,33.946280991735534,122,121,122,122,0.9918032786885246,warm_season
40742,2016,6.64,33.84016393442623,122,122,122,122,1.0,warm_season
40742,2017,4.22,33.99421487603306,122,121,122,122,0.9918032786885246,warm_season
40742,2018,7.32,34.77142857142857,122,119,122,122,0.9754098360655737,warm_season
40742,2019,2.1199999999999997,34.94508196721311,122,122,122,122,1.0,warm_season
40742,2020,0.31000000000000005,33.30081967213115,122,122,122,122,1.0,warm_season
40742,2021,2.31,35.59672131147541,122,122,122,122,1.0,warm_season
40742,2022,4.319999999999999,34.85245901639344,122,122,122,122,1.0,warm_season
40742,2023,1.07,34.626229508196715,122,122,122,122,1.0,warm_season
40742,2024,6.03,34.67685950413223,122,121,122,122,0.9918032786885246,warm_season
40743,1991,0.3,35.562295081967214,122,122,122,122,1.0,warm_season
40743,1992,4.0,34.52459016393443,122,122,122,122,1.0,warm_season
40743,1993,9.2,35.27213114754098,122,122,122,122,1.0,warm_season
40743,1994,0.3,35.82049180327869,122,122,122,122,1.0,warm_season
40743,1995,21.0,36.78770491803279,122,122,122,122,1.0,warm_season
40743,1996,0.11,36.24262295081967,122,122,122,122,1.0,warm_season
40743,1997,32.51,36.95327868852459,122,122,122,122,1.0,warm_season
40743,1998,2.2,35.99426229508197,122,122,122,122,1.0,warm_season
40743,1999,0.02,36.212396694214874,122,121,122,122,0.9918032786885246,warm_season
40743,2000,2.3,35.9801652892562,122,121,122,122,0.9918032786885246,warm_season
40743,2001,0.2,36.191803278688525,122,122,122,122,1.0,warm_season
40743,2002,3.0,36.57295081967213,122,122,122,122,1.0,warm_season
40743,2003,1.4100000000000001,35.779508196721316,122,122,122,122,1.0,warm_season
40743,2004,5.619999999999999,35.81639344262295,122,122,122,122,1.0,warm_season
40743,2005,2.0599999999999996,36.36065573770492,122,122,122,122,1.0,warm_season
40743,2006,0.05,36.48196721311476,122,122,122,122,1.0,warm_season
40743,2007,13.709999999999999,35.7327868852459,122,122,122,122,1.0,warm_season
40743,2008,0.12,36.62950819672131,122,122,122,122,1.0,warm_season
40743,2009,2.0699999999999994,35.18688524590164,122,122,122,122,1.0,warm_season
40743,2010,9.06,36.35901639344262,122,122,122,122,1.0,warm_season
40743,2011,34.04,36.81147540983606,122,122,122,122,1.0,warm_season
40743,2012,20.330000000000002,35.501639344262294,122,122,122,122,1.0,warm_season
40743,2013,0.02,37.231147540983606,122,122,122,122,1.0,warm_season
40743,2014,6.4,37.59918032786886,122,122,122,122,1.0,warm_season
40743,2015,8.02,36.49672131147541,122,122,122,122,1.0,warm_season
40743,2016,3.01,36.52049180327869,122,122,122,122,1.0,warm_season
40743,2017,3.2199999999999998,36.28852459016393,122,122,122,122,1.0,warm_season
40743,2018,7.64,37.058196721311475,122,122,122,122,1.0,warm_season
40743,2019,0.41000000000000003,37.342622950819674,122,122,122,122,1.0,warm_season
40743,2020,0.8300000000000001,35.911475409836065,122,122,122,122,1.0,warm_season
40743,2021,0.0,37.93801652892562,122,121,122,122,0.9918032786885246,warm_season
40743,2022,6.5,37.0483606557377,122,122,122,122,1.0,warm_season
40743,2023,0.03,36.972131147540985,122,122,122,122,1.0,warm_season
40743,2024,9.0,36.886065573770495,122,122,122,122,1.0,warm_season
40744,1991,4.9,29.92892561983471,121,121,122,122,0.9918032786885246,warm_season
40744,1992,0.01,27.314754098360655,60,61,122,122,0.4918032786885246,warm_season
40744,1993,,,0,0,122,122,0.0,warm_season
40744,1994,0.01,30.028688524590162,122,122,122,122,1.0,warm_season
40744,1995,31.1,31.248360655737706,122,122,122,122,1.0,warm_season
40744,1996,2.0,31.232786885245904,122,122,122,122,1.0,warm_season
40744,1997,48.510000000000005,32.17213114754098,122,122,122,122,1.0,warm_season
40744,1998,3.9299999999999997,31.0327731092437,122,119,122,122,0.9754098360655737,warm_season
40744,1999,18.229999999999997,30.931147540983606,122,122,122,122,1.0,warm_season
40744,2000,8.11,31.19344262295082,122,122,122,122,1.0,warm_season
40744,2001,4.3,31.055737704918034,122,122,122,122,1.0,warm_season
40744,2002,0.32000000000000006,31.52786885245902,122,122,122,122,1.0,warm_season
40744,2003,2.65,30.218032786885246,122,122,122,122,1.0,warm_season
40744,2004,7.709999999999999,30.837704918032788,122,122,122,122,1.0,warm_season
40744,2005,14.53,31.24426229508197,122,122,122,122,1.0,warm_season
40744,2006,2.4,31.86229508196721,122,122,122,122,1.0,warm_season
40744,2007,13.74,31.29344262295082,122,122,122,122,1.0,warm_season
40744,2008,8.629999999999999,31.8,122,122,122,122,1.0,warm_season
40744,2009,14.12,30.812295081967214,122,122,122,122,1.0,warm_season
40744,2010,23.22,31.911475409836065,122,122,122,122,1.0,warm_season
40744,2011,16.419999999999998,32.39754098360656,122,122,122,122,1.0,warm_season
40744,2012,10.040000000000001,31.731147540983606,122,122,122,122,1.0,warm_season
40744,2013,2.7199999999999998,32.062295081967214,122,122,122,122,1.0,warm_season
40744,2014,7.949999999999999,32.636065573770495,122,122,122,122,1.0,warm_season
40744,2015,3.61,31.865573770491803,122,122,122,122,1.0,warm_season
40744,2016,23.310000000000002,31.668852459016392,122,122,122,122,1.0,warm_season
40744,2017,7.02,32.00983606557377,122,122,122,122,1.0,warm_season
40744,2018,16.029999999999998,32.54754098360656,122,122,122,122,1.0,warm_season
40744,2019,21.31,32.37768595041322,122,121,122,122,0.9918032786885246,warm_season
40744,2020,6.9399999999999995,30.962809917355372,122,121,122,122,0.9918032786885246,warm_season
40744,2021,0.81,33.1327868852459,122,122,122,122,1.0,warm_season
40744,2022,8.219999999999999,32.162295081967216,122,122,122,122,1.0,warm_season
40744,2023,0.0,32.09918032786885,122,122,122,122,1.0,warm_season
40744,2024,20.1,31.59918032786885,122,122,122,122,1.0,warm_season
40745,1991,15.33,31.57049180327869,122,122,122,122,1.0,warm_season
40745,1992,46.61,30.64016393442623,122,122,122,122,1.0,warm_season
40745,1993,25.11,31.59344262295082,122,122,122,122,1.0,warm_season
40745,1994,0.01,31.750819672131147,122,122,122,122,1.0,warm_season
40745,1995,31.03,33.26065573770492,122,122,122,122,1.0,warm_season
40745,1996,7.1,32.79016393442623,122,122,122,122,1.0,warm_season
40745,1997,14.24,33.354918032786884,122,122,122,122,1.0,warm_season
40745,1998,14.61,32.8655737704918,122,122,122,122,1.0,warm_season
40745,1999,9.32,33.300000000000004,122,121,122,122,0.9918032786885246,warm_season
40745,2000,5.8999999999999995,33.163636363636364,122,121,122,122,0.9918032786885246,warm_season
40745,2001,0.11,33.488524590163934,122,122,122,122,1.0,warm_season
40745,2002,17.02,33.77459016393443,122,122,122,122,1.0,warm_season
40745,2003,0.55,32.59918032786885,122,122,122,122,1.0,warm_season
40745,2004,5.43,32.80491803278689,122,122,122,122,1.0,warm_season
40745,2005,13.530000000000001,32.942622950819676,122,122,122,122,1.0,warm_season
40745,2006,5.02,33.31311475409836,122,122,122,122,1.0,warm_season
40745,2007,14.149999999999999,32.645081967213116,122,122,122,122,1.0,warm_season
40745,2008,0.32,33.31803278688525,122,122,122,122,1.0,warm_season
40745,2009,25.36,32.29754098360656,122,122,122,122,1.0,warm_season
40745,2010,6.529999999999999,33.98360655737705,122,122,122,122,1.0,warm_season
40745,2011,8.940000000000001,34.481147540983606,122,122,122,122,1.0,warm_season
40745,2012,9.91,33.55491803278689,122,122,122,122,1.0,warm_season
40745,2013,3.2399999999999998,34.071311475409836,122,122,122,122,1.0,warm_season
40745,2014,4.319999999999999,34.42213114754098,122,122,122,122,1.0,warm_season
40745,2015,0.14,33.77049180327869,122,122,122,122,1.0,warm_season
40745,2016,13.769999999999998,33.821311475409836,122,122,122,122,1.0,warm_season
40745,2017,6.84,33.781967213114754,122,122,122,122,1.0,warm_season
40745,2018,2.23,34.157377049180326,122,122,122,122,1.0,warm_season
40745,2019,23.03,33.98196721311476,122,122,122,122,1.0,warm_season
40745,2020,5.15,32.93553719008264,122,121,122,122,0.9918032786885246,warm_season
40745,2021,1.3,35.15491803278688,122,122,122,122,1.0,warm_season
40745,2022,26.73,33.835,122,120,122,122,0.9836065573770492,warm_season
40745,2023,8.5,33.295081967213115,122,122,122,122,1.0,warm_season
40745,2024,35.19,32.820661157024794,122,121,122,122,0.9918032786885246,warm_season
40746,1991,0.32,32.266666666666666,122,120,122,122,0.9836065573770492,warm_season
40746,1992,31.5,31.053389830508475,118,118,122,122,0.9672131147540983,warm_season
40746,1993,4.2,31.963934426229507,122,122,122,122,1.0,warm_season
40746,1994,0.01,32.54380165289256,122,121,122,122,0.9918032786885246,warm_season
40746,1995,11.520000000000001,33.64344262295082,122,122,122,122,1.0,warm_season
40746,1996,0.8600000000000001,32.93636363636364,122,121,122,122,0.9918032786885246,warm_season
40746,1997,11.120000000000001,33.626229508196715,122,122,122,122,1.0,warm_season
40746,1998,3.05,32.82966101694915,122,118,122,122,0.9672131147540983,warm_season
40746,1999,14.629999999999999,33.019672131147544,122,122,122,122,1.0,warm_season
40746,2000,6.34,32.45573770491803,122,122,122,122,1.0,warm_season
40746,2001,8.43,32.99016393442623,122,122,122,122,1.0,warm_season
40746,2002,0.64,33.450819672131146,122,122,122,122,1.0,warm_season
40746,2003,9.02,32.70983606557377,122,122,122,122,1.0,warm_season
40746,2004,2.76,32.691803278688525,122,122,122,122,1.0,warm_season
40746,2005,0.15,33.18196721311475,122,122,122,122,1.0,warm_season
40746,2006,1.61,33.291803278688526,122,122,122,122,1.0,warm_season
40746,2007,12.01,32.56393442622951,122,122,122,122,1.0,warm_season
40746,2008,1.13,33.78524590163934,122,122,122,122,1.0,warm_season
40746,2009,16.64,32.81475409836066,122,122,122,122,1.0,warm_season
40746,2010,26.03,32.93606557377049,122,122,122,122,1.0,warm_season
40746,2011,18.03,33.67950819672131,122,122,122,122,1.0,warm_season
40746,2012,14.3,32.70327868852459,122,122,122,122,1.0,warm_season
40746,2013,1.1,34.20655737704918,122,122,122,122,1.0,warm_season
40746,2014,7.91,34.380327868852454,122,122,122,122,1.0,warm_season
40746,2015,7.5,33.36147540983607,122,122,122,122,1.0,warm_season
40746,2016,18.71,33.72950819672131,122,122,122,122,1.0,warm_season
40746,2017,12.11,33.31475409836066,122,122,122,122,1.0,warm_season
40746,2018,4.44,33.91393442622951,122,122,122,122,1.0,warm_season
40746,2019,7.0,33.838524590163935,122,122,122,122,1.0,warm_season
40746,2020,6.75,32.67107438016529,122,121,122,122,0.9918032786885246,warm_season
40746,2021,0.02,34.67355371900826,122,121,122,122,0.9918032786885246,warm_season
40746,2022,6.4,33.998360655737706,122,122,122,122,1.0,warm_season
40746,2023,2.1100000000000003,34.17622950819672,122,122,122,122,1.0,warm_season
40746,2024,4.3,33.69426229508196,122,122,122,122,1.0,warm_season
40747,1991,1.0,34.795081967213115,122,122,122,122,1.0,warm_season
40747,1992,9.719999999999999,32.67131147540984,122,122,122,122,1.0,warm_season
40747,1993,5.9,34.072131147540986,122,122,122,122,1.0,warm_season
40747,1994,5.95,34.122950819672134,122,122,122,122,1.0,warm_season
40747,1995,25.41,34.165573770491804,122,122,122,122,1.0,warm_season
40747,1996,0.16,34.49016393442623,122,122,122,122,1.0,warm_season
40747,1997,0.04,34.666393442622955,122,122,122,122,1.0,warm_season
40747,1998,7.749999999999999,35.41311475409836,122,122,122,122,1.0,warm_season
40747,1999,7.2299999999999995,35.157377049180326,122,122,122,122,1.0,warm_season
40747,2000,3.6100000000000003,35.37213114754098,122,122,122,122,1.0,warm_season
40747,2001,12.849999999999998,35.03852459016393,122,122,122,122,1.0,warm_season
40747,2002,0.01,34.61557377049181,122,122,122,122,1.0,warm_season
40747,2003,0.02,35.0655737704918,122,122,122,122,1.0,warm_season
40747,2004,9.759999999999998,34.764754098360655,122,122,122,122,1.0,warm_season
40747,2005,0.05,35.60655737704918,122,122,122,122,1.0,warm_season
40747,2006,0.04,36.36639344262295,122,122,122,122,1.0,warm_season
40747,2007,11.86,35.67704918032787,122,122,122,122,1.0,warm_season
40747,2008,2.85,35.93606557377049,122,122,122,122,1.0,warm_season
40747,2009,14.65,34.486065573770496,122,122,122,122,1.0,warm_season
40747,2010,1.09,36.333606557377045,122,122,122,122,1.0,warm_season
40747,2011,0.18,35.59590163934426,122,122,122,122,1.0,warm_season
40747,2012,5.089999999999999,35.97950819672131,122,122,122,122,1.0,warm_season
40747,2013,0.0,35.88442622950819,122,122,122,122,1.0,warm_season
40747,2014,3.06,36.498360655737706,122,122,122,122,1.0,warm_season
40747,2015,7.599999999999999,36.863934426229505,122,122,122,122,1.0,warm_season
40747,2016,0.22000000000000003,36.03109243697479,122,119,122,122,0.9754098360655737,warm_season
40747,2017,0.01,36.98032786885246,122,122,122,122,1.0,warm_season
40747,2018,0.03,37.07786885245902,122,122,122,122,1.0,warm_season
40747,2019,4.6499999999999995,36.65245901639344,122,122,122,122,1.0,warm_season
40747,2020,0.24000000000000002,35.618032786885244,122,122,122,122,1.0,warm_season
40747,2021,7.42,37.036065573770486,122,122,122,122,1.0,warm_season
40747,2022,0.02,37.044262295081964,122,122,122,122,1.0,warm_season
40747,2023,0.81,36.00573770491803,122,122,122,122,1.0,warm_season
40747,2024,0.61,36.64426229508197,122,122,122,122,1.0,warm_season
40748,1991,2.6,29.54754098360656,122,122,122,122,1.0,warm_season
40748,1992,22.03,27.301639344262295,122,122,122,122,1.0,warm_season
40748,1993,9.059999999999999,28.919008264462807,122,121,122,122,0.9918032786885246,warm_season
40748,1994,18.439999999999998,28.881967213114752,122,122,122,122,1.0,warm_season
40748,1995,57.94,29.291803278688523,122,122,122,122,1.0,warm_season
40748,1996,2.94,29.192561983471077,122,121,122,122,0.9918032786885246,warm_season
40748,1997,8.64,30.011475409836066,122,122,122,122,1.0,warm_season
40748,1998,7.170000000000001,30.24426229508197,122,122,122,122,1.0,warm_season
40748,1999,31.82,29.872131147540983,122,122,122,122,1.0,warm_season
40748,2000,16.22,30.08032786885246,122,122,122,122,1.0,warm_season
40748,2001,16.66,29.89918032786885,122,122,122,122,1.0,warm_season
40748,2002,2.02,30.01311475409836,122,122,122,122,1.0,warm_season
40748,2003,3.72,29.92622950819672,122,122,122,122,1.0,warm_season
40748,2004,14.95,29.923966942148763,122,121,122,122,0.9918032786885246,warm_season
40748,2005,34.84,29.912295081967216,122,122,122,122,1.0,warm_season
40748,2006,6.05,30.741803278688526,122,122,122,122,1.0,warm_season
40748,2007,26.849999999999998,29.863114754098362,122,122,122,122,1.0,warm_season
40748,2008,11.059999999999999,30.36393442622951,122,122,122,122,1.0,warm_season
40748,2009,55.31,28.742622950819673,122,122,122,122,1.0,warm_season
40748,2010,3.74,31.13032786885246,122,122,122,122,1.0,warm_season
40748,2011,13.600000000000001,30.678688524590164,122,122,122,122,1.0,warm_season
40748,2012,32.66,30.020491803278688,122,122,122,122,1.0,warm_season
40748,2013,0.02,30.285245901639346,122,122,122,122,1.0,warm_season
40748,2014,10.239999999999998,30.83719008264463,122,121,122,122,0.9918032786885246,warm_season
40748,2015,10.94,31.46639344262295,122,122,122,122,1.0,warm_season
40748,2016,7.02,30.765289256198347,122,121,122,122,0.9918032786885246,warm_season
40748,2017,2.8000000000000003,31.860655737704917,122,122,122,122,1.0,warm_season
40748,2018,0.2,32.407377049180326,122,122,122,122,1.0,warm_season
40748,2019,3.3099999999999996,31.544262295081968,122,122,122,122,1.0,warm_season
40748,2020,14.33,30.608196721311472,122,122,122,122,1.0,warm_season
40748,2021,11.350000000000001,32.30983606557377,122,122,122,122,1.0,warm_season
40748,2022,7.91,32.381147540983605,122,122,122,122,1.0,warm_season
40748,2023,2.2199999999999998,31.237704918032787,122,122,122,122,1.0,warm_season
40748,2024,20.63,32.226229508196724,122,122,122,122,1.0,warm_season
40749,1991,10.309999999999999,27.53471074380165,122,121,122,122,0.9918032786885246,warm_season
40749,1992,33.6,24.690163934426227,122,122,122,122,1.0,warm_season
40749,1993,30.61,26.247540983606555,122,122,122,122,1.0,warm_season
40749,1994,16.61,26.044262295081968,122,122,122,122,1.0,warm_season
40749,1995,66.31,26.43606557377049,122,122,122,122,1.0,warm_season
40749,1996,2.21,26.516528925619834,122,121,122,122,0.9918032786885246,warm_season
40749,1997,9.809999999999999,26.878688524590164,122,122,122,122,1.0,warm_season
40749,1998,11.340000000000002,27.359016393442623,122,122,122,122,1.0,warm_season
40749,1999,18.6,27.097540983606557,122,122,122,122,1.0,warm_season
40749,2000,18.409999999999997,27.550819672131148,122,122,122,122,1.0,warm_season
40749,2001,22.41,27.31967213114754,122,122,122,122,1.0,warm_season
40749,2002,22.21,27.227868852459018,122,122,122,122,1.0,warm_season
40749,2003,7.8999999999999995,27.198360655737705,122,122,122,122,1.0,warm_season
40749,2004,22.72,26.89090909090909,122,121,122,122,0.9918032786885246,warm_season
40749,2005,8.86,27.407377049180326,122,122,122,122,1.0,warm_season
40749,2006,2.41,28.004918032786886,122,122,122,122,1.0,warm_season
40749,2007,57.22999999999999,26.719672131147544,122,122,122,122,1.0,warm_season
40749,2008,20.939999999999998,27.465573770491805,122,122,122,122,1.0,warm_season
40749,2009,28.319999999999997,25.741803278688526,122,122,122,122,1.0,warm_season
40749,2010,6.22,28.39918032786885,122,122,122,122,1.0,warm_season
40749,2011,32.94,27.99344262295082,122,122,122,122,1.0,warm_season
40749,2012,4.93,27.559016393442622,122,122,122,122,1.0,warm_season
40749,2013,0.31000000000000005,28.347540983606557,122,122,122,122,1.0,warm_season
40749,2014,13.84,28.64344262295082,122,122,122,122,1.0,warm_season
40749,2015,32.73,28.781147540983607,122,122,122,122,1.0,warm_season
40749,2016,6.85,27.875,122,120,122,122,0.9836065573770492,warm_season
40749,2017,8.02,29.113114754098362,122,122,122,122,1.0,warm_season
40749,2018,2.32,29.33032786885246,122,122,122,122,1.0,warm_season
40749,2019,13.339999999999998,28.59421487603306,122,121,122,122,0.9918032786885246,warm_season
40749,2020,4.1499999999999995,27.641803278688528,122,122,122,122,1.0,warm_season
40749,2021,5.04,29.154918032786885,122,122,122,122,1.0,warm_season
40749,2022,1.01,29.20327868852459,122,122,122,122,1.0,warm_season
40749,2023,24.650000000000002,28.078688524590163,122,122,122,122,1.0,warm_season
40749,2024,12.21,28.60655737704918,122,122,122,122,1.0,warm_season
40751,1991,7.32,31.40655737704918,122,122,122,122,1.0,warm_season
40751,1992,34.24,30.147540983606557,122,122,122,122,1.0,warm_season
40751,1993,4.269999999999999,31.557377049180328,122,122,122,122,1.0,warm_season
40751,1994,3.13,31.613114754098362,122,122,122,122,1.0,warm_season
40751,1995,8.52,32.429508196721315,122,122,122,122,1.0,warm_season
40751,1996,14.629999999999999,31.528688524590162,122,122,122,122,1.0,warm_season
40751,1997,12.45,32.52295081967213,122,122,122,122,1.0,warm_season
40751,1998,27.050000000000004,31.945081967213117,122,122,122,122,1.0,warm_season
40751,1999,15.23,31.968852459016393,122,122,122,122,1.0,warm_season
40751,2000,5.799999999999999,32.50409836065574,122,122,122,122,1.0,warm_season
40751,2001,54.16,32.33223140495868,122,121,122,122,0.9918032786885246,warm_season
40751,2002,10.21,32.98688524590164,122,122,122,122,1.0,warm_season
40751,2003,0.11,32.20409836065574,122,122,122,122,1.0,warm_season
40751,2004,28.11,32.308264462809916,122,121,122,122,0.9918032786885246,warm_season
40751,2005,9.639999999999999,33.02131147540984,122,122,122,122,1.0,warm_season
40751,2006,7.25,33.4,122,122,122,122,1.0,warm_season
40751,2007,21.319999999999997,33.31147540983606,122,122,122,122,1.0,warm_season
40751,2008,5.919999999999999,33.959836065573775,122,122,122,122,1.0,warm_season
40751,2009,41.67999999999999,32.58524590163935,122,122,122,122,1.0,warm_season
40751,2010,3.13,33.351639344262296,122,122,122,122,1.0,warm_season
40751,2011,62.629999999999995,33.85867768595041,122,121,122,122,0.9918032786885246,warm_season
40751,2012,45.82,32.74180327868852,122,122,122,122,1.0,warm_season
40751,2013,4.82,34.113934426229505,122,122,122,122,1.0,warm_season
40751,2014,8.120000000000001,34.45166666666667,122,120,122,122,0.9836065573770492,warm_season
40751,2015,34.9,33.81818181818182,122,121,122,122,0.9918032786885246,warm_season
40751,2016,0.4,32.97704918032787,122,122,122,122,1.0,warm_season
40751,2017,27.2,32.88934426229508,122,122,122,122,1.0,warm_season
40751,2018,12.41,33.93606557377049,122,122,122,122,1.0,warm_season
40751,2019,0.2,34.70247933884298,122,121,122,122,0.9918032786885246,warm_season
40751,2020,2.3100000000000005,33.324590163934424,122,122,122,122,1.0,warm_season
40751,2021,11.309999999999999,35.20327868852459,122,122,122,122,1.0,warm_season
40751,2022,43.11,34.4344262295082,122,122,122,122,1.0,warm_season
40751,2023,11.91,34.3702479338843,122,121,122,122,0.9918032786885246,warm_season
40751,2024,16.0,34.53719008264463,121,121,122,122,0.9918032786885246,warm_season
40752,1991,0.1,32.695901639344264,122,122,122,122,1.0,warm_season
40752,1992,14.83,31.628688524590164,122,122,122,122,1.0,warm_season
40752,1993,2.92,32.50756302521008,122,119,122,122,0.9754098360655737,warm_season
40752,1994,9.42,32.36065573770492,122,122,122,122,1.0,warm_season
40752,1995,4.71,33.43606557377049,122,122,122,122,1.0,warm_season
40752,1996,5.419999999999999,32.69426229508196,122,122,122,122,1.0,warm_season
40752,1997,7.430000000000001,33.53688524590164,122,122,122,122,1.0,warm_season
40752,1998,19.73,33.269672131147544,122,122,122,122,1.0,warm_season
40752,1999,20.0,32.799180327868854,122,122,122,122,1.0,warm_season
40752,2000,1.2400000000000002,33.62459016393443,122,122,122,122,1.0,warm_season
40752,2001,7.64,33.40819672131148,122,122,122,122,1.0,warm_season
40752,2002,3.0199999999999996,33.90983606557377,122,122,122,122,1.0,warm_season
40752,2003,0.41000000000000003,33.015573770491805,122,122,122,122,1.0,warm_season
40752,2004,18.8,33.33688524590164,122,122,122,122,1.0,warm_season
40752,2005,5.4,33.91803278688525,122,122,122,122,1.0,warm_season
40752,2006,4.0,34.28852459016393,122,122,122,122,1.0,warm_season
40752,2007,22.03,33.77049180327869,122,122,122,122,1.0,warm_season
40752,2008,2.7,34.122950819672134,122,122,122,122,1.0,warm_season
40752,2009,21.82,33.011475409836066,122,122,122,122,1.0,warm_season
40752,2010,14.2,34.24262295081967,122,122,122,122,1.0,warm_season
40752,2011,51.9,33.773770491803276,122,122,122,122,1.0,warm_season
40752,2012,27.499999999999996,33.28934426229508,122,122,122,122,1.0,warm_season
40752,2013,5.51,33.64180327868853,122,122,122,122,1.0,warm_season
40752,2014,14.0,34.736666666666665,122,120,122,122,0.9836065573770492,warm_season
40752,2015,7.62,34.60245901639344,122,122,122,122,1.0,warm_season
40752,2016,0.02,33.89090909090909,122,121,122,122,0.9918032786885246,warm_season
40752,2017,0.41,34.28264462809917,122,121,122,122,0.9918032786885246,warm_season
40752,2018,8.04,35.14426229508197,122,122,122,122,1.0,warm_season
40752,2019,0.02,34.56885245901639,122,122,122,122,1.0,warm_season
40752,2020,0.53,33.31147540983606,122,122,122,122,1.0,warm_season
40752,2021,4.0,35.46885245901639,122,122,122,122,1.0,warm_season
40752,2022,3.0,34.81885245901639,122,122,122,122,1.0,warm_season
40752,2023,27.52,34.47704918032787,122,122,122,122,1.0,warm_season
40752,2024,29.61,34.60737704918033,122,122,122,122,1.0,warm_season
40754,1991,1.32,34.24508196721311,122,122,122,122,1.0,warm_season
40754,1992,13.75,33.23934426229508,122,122,122,122,1.0,warm_season
40754,1993,2.42,34.31393442622951,122,122,122,122,1.0,warm_season
40754,1994,3.4200000000000004,34.37213114754098,122,122,122,122,1.0,warm_season
40754,1995,1.53,35.10901639344262,122,122,122,122,1.0,warm_season
40754,1996,7.11,34.528688524590166,122,122,122,122,1.0,warm_season
40754,1997,12.34,35.34098360655738,122,122,122,122,1.0,warm_season
40754,1998,4.85,35.01803278688524,122,122,122,122,1.0,warm_season
40754,1999,15.61,34.813223140495865,122,121,122,122,0.9918032786885246,warm_season
40754,2000,4.54,35.01803278688524,122,122,122,122,1.0,warm_season
40754,2001,18.869999999999997,34.85409836065573,122,122,122,122,1.0,warm_season
40754,2002,3.66,35.1688524590164,122,122,122,122,1.0,warm_season
40754,2003,0.32000000000000006,34.82704918032787,122,122,122,122,1.0,warm_season
40754,2004,15.959999999999997,34.622950819672134,122,122,122,122,1.0,warm_season
40754,2005,8.27,35.35737704918033,122,122,122,122,1.0,warm_season
40754,2006,1.52,35.8327868852459,122,122,122,122,1.0,warm_season
40754,2007,9.689999999999998,35.09836065573771,122,122,122,122,1.0,warm_season
40754,2008,2.2199999999999998,35.592622950819674,122,122,122,122,1.0,warm_season
40754,2009,15.02,34.027868852459015,122,122,122,122,1.0,warm_season
40754,2010,0.5,34.89016393442623,122,122,122,122,1.0,warm_season
40754,2011,23.720000000000002,35.17190082644628,122,121,122,122,0.9918032786885246,warm_season
40754,2012,10.92,34.27704918032787,122,122,122,122,1.0,warm_season
40754,2013,0.060000000000000005,35.22786885245902,122,122,122,122,1.0,warm_season
40754,2014,3.2599999999999993,35.748333333333335,122,120,122,122,0.9836065573770492,warm_season
40754,2015,11.39,35.344628099173555,122,121,122,122,0.9918032786885246,warm_season
40754,2016,0.05,35.04049586776859,122,121,122,122,0.9918032786885246,warm_season
40754,2017,9.01,35.00573770491803,122,122,122,122,1.0,warm_season
40754,2018,5.3,35.821311475409836,122,122,122,122,1.0,warm_season
40754,2019,1.01,35.71147540983607,122,122,122,122,1.0,warm_season
40754,2020,1.06,34.209836065573775,122,122,122,122,1.0,warm_season
40754,2021,3.67,36.06803278688525,122,122,122,122,1.0,warm_season
40754,2022,18.45,35.37950819672131,122,122,122,122,1.0,warm_season
40754,2023,7.43,35.25327868852459,122,122,122,122,1.0,warm_season
40754,2024,22.709999999999997,35.39262295081967,122,122,122,122,1.0,warm_season
40755,1991,4.109999999999999,23.613114754098362,122,122,122,122,1.0,warm_season
40755,1992,55.12,21.88770491803279,122,122,122,122,1.0,warm_season
40755,1993,12.83,23.13770491803279,122,122,122,122,1.0,warm_season
40755,1994,11.229999999999999,23.659504132231408,122,121,122,122,0.9918032786885246,warm_season
40755,1995,37.83,24.227272727272727,122,121,122,122,0.9918032786885246,warm_season
40755,1996,53.75,23.46311475409836,122,122,122,122,1.0,warm_season
40755,1997,8.86,25.266393442622952,122,122,122,122,1.0,warm_season
40755,1998,65.26,24.39918032786885,122,122,122,122,1.0,warm_season
40755,1999,43.82,24.60983606557377,122,122,122,122,1.0,warm_season
40755,2000,10.84,25.24016393442623,122,122,122,122,1.0,warm_season
40755,2001,97.72,24.81065573770492,122,122,122,122,1.0,warm_season
40755,2002,15.94,25.123770491803278,122,122,122,122,1.0,warm_season
40755,2003,9.82,24.89344262295082,122,122,122,122,1.0,warm_season
40755,2004,99.82000000000001,24.36967213114754,122,122,122,122,1.0,warm_season
40755,2005,47.01,25.204918032786885,122,122,122,122,1.0,warm_season
40755,2006,42.12,25.15081967213115,122,122,122,122,1.0,warm_season
40755,2007,36.94,24.434426229508198,122,122,122,122,1.0,warm_season
40755,2008,24.619999999999997,25.455737704918032,122,122,122,122,1.0,warm_season
40755,2009,79.42999999999999,24.291803278688523,122,122,122,122,1.0,warm_season
40755,2010,20.65,25.38606557377049,122,122,122,122,1.0,warm_season
40755,2011,109.5,25.143801652892563,122,121,122,122,0.9918032786885246,warm_season
40755,2012,73.94,23.50573770491803,122,122,122,122,1.0,warm_season
40755,2013,20.520000000000003,25.25,122,122,122,122,1.0,warm_season
40755,2014,22.84,25.50826446280992,122,121,122,122,0.9918032786885246,warm_season
40755,2015,70.75,24.95245901639344,122,122,122,122,1.0,warm_season
40755,2016,18.610000000000003,24.796694214876034,122,121,122,122,0.9918032786885246,warm_season
40755,2017,27.610000000000003,24.559836065573773,122,122,122,122,1.0,warm_season
40755,2018,38.01,25.50983606557377,122,122,122,122,1.0,warm_season
40755,2019,11.760000000000002,25.59918032786885,122,122,122,122,1.0,warm_season
40755,2020,42.56,24.22295081967213,122,122,122,122,1.0,warm_season
40755,2021,10.32,26.197540983606558,122,122,122,122,1.0,warm_season
40755,2022,44.809999999999995,25.519008264462812,122,121,122,122,0.9918032786885246,warm_season
40755,2023,22.73,25.447107438016527,122,121,122,122,0.9918032786885246,warm_season
40755,2024,66.13,25.45603448275862,120,116,122,122,0.9508196721311475,warm_season
40757,1991,0.01,34.89344262295082,122,122,122,122,1.0,warm_season
40757,1992,8.719999999999999,33.77459016393443,122,122,122,122,1.0,warm_season
40757,1993,6.21,34.69672131147541,122,122,122,122,1.0,warm_season
40757,1994,0.81,34.8327868852459,122,122,122,122,1.0,warm_season
40757,1995,6.32,35.68852459016394,122,122,122,122,1.0,warm_season
40757,1996,13.229999999999999,35.122950819672134,122,122,122,122,1.0,warm_season
40757,1997,7.7299999999999995,36.09016393442623,122,122,122,122,1.0,warm_season
40757,1998,13.559999999999999,35.50327868852459,122,122,122,122,1.0,warm_season
40757,1999,25.91,35.50737704918033,122,122,122,122,1.0,warm_season
40757,2000,13.3,35.529508196721316,122,122,122,122,1.0,warm_season
40757,2001,16.979999999999997,35.82868852459017,122,122,122,122,1.0,warm_season
40757,2002,4.05,36.34754098360656,122,122,122,122,1.0,warm_season
40757,2003,0.7,36.268852459016394,122,122,122,122,1.0,warm_season
40757,2004,53.709999999999994,35.88688524590164,122,122,122,122,1.0,warm_season
40757,2005,13.63,36.506557377049184,122,122,122,122,1.0,warm_season
40757,2006,0.9,36.60655737704918,122,122,122,122,1.0,warm_season
40757,2007,48.129999999999995,35.84426229508197,122,122,122,122,1.0,warm_season
40757,2008,1.01,36.395081967213116,122,122,122,122,1.0,warm_season
40757,2009,16.86,35.87213114754098,122,122,122,122,1.0,warm_season
40757,2010,15.02,36.306557377049174,122,122,122,122,1.0,warm_season
40757,2011,32.4,36.48688524590164,122,122,122,122,1.0,warm_season
40757,2012,6.46,35.47950819672131,122,122,122,122,1.0,warm_season
40757,2013,0.5,36.73196721311476,122,122,122,122,1.0,warm_season
40757,2014,14.01,37.1975,122,120,122,122,0.9836065573770492,warm_season
40757,2015,37.45,36.22314049586777,122,121,122,122,0.9918032786885246,warm_season
40757,2016,0.21000000000000002,35.857024793388426,122,121,122,122,0.9918032786885246,warm_season
40757,2017,1.53,36.14016393442623,122,122,122,122,1.0,warm_season
40757,2018,12.23,36.86218487394958,122,119,122,122,0.9754098360655737,warm_season
40757,2019,2.2199999999999998,36.91967213114754,122,122,122,122,1.0,warm_season
40757,2020,1.1700000000000002,35.486065573770496,122,122,122,122,1.0,warm_season
40757,2021,2.5599999999999996,37.50327868852459,122,122,122,122,1.0,warm_season
40757,2022,8.549999999999999,36.800000000000004,122,122,122,122,1.0,warm_season
40757,2023,5.329999999999999,36.613934426229505,122,122,122,122,1.0,warm_season
40757,2024,17.14,36.83675213675213,122,117,122,122,0.9590163934426229,warm_season
40758,1991,0.0,36.82295081967213,122,122,122,122,1.0,warm_season
40758,1992,5.9,36.23852459016394,122,122,122,122,1.0,warm_season
40758,1993,0.0,37.118032786885244,122,122,122,122,1.0,warm_season
40758,1994,0.4,37.527868852459015,122,122,122,122,1.0,warm_season
40758,1995,2.0,38.165573770491804,122,122,122,122,1.0,warm_season
40758,1996,4.5,37.65983606557377,122,122,122,122,1.0,warm_season
40758,1997,7.02,38.825409836065575,122,122,122,122,1.0,warm_season
40758,1998,7.21,38.476229508196724,122,122,122,122,1.0,warm_season
40758,1999,16.4,38.322131147540986,122,122,122,122,1.0,warm_season
40758,2000,0.0,38.523770491803276,122,122,122,122,1.0,warm_season
40758,2001,13.3,38.553719008264466,122,121,122,122,0.9918032786885246,warm_season
40758,2002,3.0,38.78770491803279,122,122,122,122,1.0,warm_season
40758,2003,0.0,38.52131147540984,122,122,122,122,1.0,warm_season
40758,2004,29.5,38.21147540983607,122,122,122,122,1.0,warm_season
40758,2005,1.2,38.94508196721311,122,122,122,122,1.0,warm_season
40758,2006,4.3,38.58524590163934,122,122,122,122,1.0,warm_season
40758,2007,3.91,37.71967213114754,122,122,122,122,1.0,warm_season
40758,2008,0.2,38.09016393442623,122,122,122,122,1.0,warm_season
40758,2009,10.52,37.22704918032787,122,122,122,122,1.0,warm_season
40758,2010,0.0,37.90819672131148,122,122,122,122,1.0,warm_season
40758,2011,9.01,38.27272727272727,122,121,122,122,0.9918032786885246,warm_season
40758,2012,4.3,37.34754098360656,122,122,122,122,1.0,warm_season
40758,2013,0.03,38.21967213114754,122,122,122,122,1.0,warm_season
40758,2014,2.32,38.60495867768595,122,121,122,122,0.9918032786885246,warm_season
40758,2015,19.93,38.12131147540984,122,122,122,122,1.0,warm_season
40758,2016,0.01,37.588524590163935,122,122,122,122,1.0,warm_season
40758,2017,0.11,37.79344262295082,122,122,122,122,1.0,warm_season
40758,2018,4.73,38.64537815126051,122,119,122,122,0.9754098360655737,warm_season
40758,2019,0.0,38.59338842975207,122,121,122,122,0.9918032786885246,warm_season
40758,2020,0.13,37.21475409836066,122,122,122,122,1.0,warm_season
40758,2021,1.02,38.96885245901639,122,122,122,122,1.0,warm_season
40758,2022,7.32,38.657377049180326,122,122,122,122,1.0,warm_season
40758,2023,26.110000000000003,38.136065573770495,122,122,122,122,1.0,warm_season
40758,2024,19.41,38.54049586776859,122,121,122,122,0.9918032786885246,warm_season
40762,1991,8.299999999999999,30.57950819672131,122,122,122,122,1.0,warm_season
40762,1992,20.22,29.219672131147544,122,122,122,122,1.0,warm_season
40762,1993,7.0,30.10655737704918,122,122,122,122,1.0,warm_season
40762,1994,0.0,30.911475409836065,122,122,122,122,1.0,warm_season
40762,1995,14.33,32.131147540983605,122,122,122,122,1.0,warm_season
40762,1996,11.0,31.421311475409837,122,122,122,122,1.0,warm_season
40762,1997,8.02,31.83388429752066,122,121,122,122,0.9918032786885246,warm_season
40762,1998,5.71,30.667213114754098,122,122,122,122,1.0,warm_season
40762,1999,14.899999999999999,31.225,122,120,122,122,0.9836065573770492,warm_season
40762,2000,0.01,30.741322314049587,122,121,122,122,0.9918032786885246,warm_season
40762,2001,1.4100000000000001,31.431967213114753,122,122,122,122,1.0,warm_season
40762,2002,0.2,31.73032786885246,122,122,122,122,1.0,warm_season
40762,2003,0.2,30.877868852459017,122,122,122,122,1.0,warm_season
40762,2004,19.5,30.807377049180328,122,122,122,122,1.0,warm_season
40762,2005,4.0,31.177049180327867,122,122,122,122,1.0,warm_season
40762,2006,0.01,31.267213114754096,122,122,122,122,1.0,warm_season
40762,2007,2.63,30.807377049180328,122,122,122,122,1.0,warm_season
40762,2008,0.01,31.985245901639342,122,122,122,122,1.0,warm_season
40762,2009,6.43,31.190983606557378,122,122,122,122,1.0,warm_season
40762,2010,2.4099999999999997,31.23032786885246,122,122,122,122,1.0,warm_season
40762,2011,0.31000000000000005,31.911475409836065,122,122,122,122,1.0,warm_season
40762,2012,20.3,30.73688524590164,122,122,122,122,1.0,warm_season
40762,2013,3.0199999999999996,32.8016393442623,122,122,122,122,1.0,warm_season
40762,2014,0.71,32.659504132231405,122,121,122,122,0.9918032786885246,warm_season
40762,2015,1.6,31.741803278688526,122,122,122,122,1.0,warm_season
40762,2016,2.85,32.19090909090909,122,121,122,122,0.9918032786885246,warm_season
40762,2017,1.91,31.57377049180328,122,122,122,122,1.0,warm_season
40762,2018,0.01,32.15573770491803,122,122,122,122,1.0,warm_season
40762,2019,9.31,33.04016393442623,122,122,122,122,1.0,warm_season
40762,2020,0.6400000000000001,31.805785123966942,122,121,122,122,0.9918032786885246,warm_season
40762,2021,0.9199999999999999,33.4275,122,120,122,122,0.9836065573770492,warm_season
40762,2022,3.4199999999999995,32.43688524590164,122,122,122,122,1.0,warm_season
40762,2023,3.5,32.6672131147541,122,122,122,122,1.0,warm_season
40762,2024,7.22,32.78524590163934,122,122,122,122,1.0,warm_season
40763,1991,0.0,34.4327868852459,122,122,122,122,1.0,warm_season
40763,1992,9.91,33.37950819672131,122,122,122,122,1.0,warm_season
40763,1993,5.0,34.0516393442623,122,122,122,122,1.0,warm_season
40763,1994,0.0,34.41475409836066,122,122,122,122,1.0,warm_season
40763,1995,12.41,35.20655737704918,122,122,122,122,1.0,warm_season
40763,1996,0.0,34.647933884297515,122,121,122,122,0.9918032786885246,warm_season
40763,1997,3.5300000000000002,35.43852459016394,122,122,122,122,1.0,warm_season
40763,1998,2.0,34.61311475409836,122,122,122,122,1.0,warm_season
40763,1999,11.200000000000001,34.81147540983606,122,122,122,122,1.0,warm_season
40763,2000,0.7,34.81570247933884,122,121,122,122,0.9918032786885246,warm_season
40763,2001,0.73,35.25819672131148,122,122,122,122,1.0,warm_season
40763,2002,0.0,35.25901639344263,122,122,122,122,1.0,warm_season
40763,2003,0.0,35.028688524590166,122,122,122,122,1.0,warm_season
40763,2004,10.32,34.50327868852459,122,122,122,122,1.0,warm_season
40763,2005,2.3099999999999996,35.369672131147546,122,122,122,122,1.0,warm_season
40763,2006,0.0,35.41311475409836,122,122,122,122,1.0,warm_season
40763,2007,4.3,34.85819672131147,122,122,122,122,1.0,warm_season
40763,2008,0.0,35.94754098360656,122,122,122,122,1.0,warm_season
40763,2009,18.44,34.52459016393443,122,122,122,122,1.0,warm_season
40763,2010,0.01,34.61147540983607,122,122,122,122,1.0,warm_season
40763,2011,0.7,35.45245901639344,122,122,122,122,1.0,warm_season
40763,2012,9.02,34.337704918032784,122,122,122,122,1.0,warm_season
40763,2013,8.700000000000001,36.416393442622955,122,122,122,122,1.0,warm_season
40763,2014,1.6099999999999999,36.306557377049174,122,122,122,122,1.0,warm_season
40763,2015,4.0,35.290983606557376,122,122,122,122,1.0,warm_season
40763,2016,0.11,35.67685950413223,122,121,122,122,0.9918032786885246,warm_season
40763,2017,0.01,35.5,122,122,122,122,1.0,warm_season
40763,2018,0.01,35.83688524590164,122,122,122,122,1.0,warm_season
40763,2019,3.3299999999999996,36.057377049180324,122,122,122,122,1.0,warm_season
40763,2020,0.22000000000000003,34.89016393442623,122,122,122,122,1.0,warm_season
40763,2021,4.3,36.48688524590164,122,122,122,122,1.0,warm_season
40763,2022,0.02,35.8425,122,120,122,122,0.9836065573770492,warm_season
40763,2023,0.0,36.00819672131148,122,122,122,122,1.0,warm_season
40763,2024,4.52,35.799180327868854,122,122,122,122,1.0,warm_season
40764,1991,0.01,34.252066115702476,122,121,122,122,0.9918032786885246,warm_season
40764,1992,9.3,32.45454545454545,122,121,122,122,0.9918032786885246,warm_season
40764,1993,4.0,33.881967213114756,122,122,122,122,1.0,warm_season
40764,1994,0.4,34.17131147540983,122,122,122,122,1.0,warm_season
40764,1995,15.0,33.88770491803279,122,122,122,122,1.0,warm_season
40764,1996,4.0,34.05573770491804,122,122,122,122,1.0,warm_season
40764,1997,1.4,33.97704918032787,122,122,122,122,1.0,warm_season
40764,1998,12.11,35.22786885245902,122,122,122,122,1.0,warm_season
40764,1999,5.7,34.94426229508196,122,122,122,122,1.0,warm_season
40764,2000,5.710000000000001,35.19508196721311,122,122,122,122,1.0,warm_season
40764,2001,6.319999999999999,35.01639344262295,122,122,122,122,1.0,warm_season
40764,2002,0.01,34.290163934426225,122,122,122,122,1.0,warm_season
40764,2003,0.0,34.6172131147541,122,122,122,122,1.0,warm_season
40764,2004,1.21,34.46885245901639,122,122,122,122,1.0,warm_season
40764,2005,0.0,34.630327868852454,122,122,122,122,1.0,warm_season
40764,2006,0.0,34.985245901639345,122,122,122,122,1.0,warm_season
40764,2007,0.01,34.44590163934426,122,122,122,122,1.0,warm_season
40764,2008,7.110000000000001,34.78524590163934,122,122,122,122,1.0,warm_season
40764,2009,18.64,33.28852459016393,122,122,122,122,1.0,warm_season
40764,2010,0.4,35.30327868852459,122,122,122,122,1.0,warm_season
40764,2011,0.0,34.41065573770492,122,122,122,122,1.0,warm_season
40764,2012,0.01,34.715254237288136,121,118,122,122,0.9672131147540983,warm_season
40764,2013,0.0,34.83606557377049,122,122,122,122,1.0,warm_season
40764,2014,0.02,35.11639344262295,122,122,122,122,1.0,warm_season
40764,2015,4.11,36.126229508196715,122,122,122,122,1.0,warm_season
40764,2016,0.01,34.93688524590164,122,122,122,122,1.0,warm_season
40764,2017,0.9,36.02295081967213,122,122,122,122,1.0,warm_season
40764,2018,0.23,35.93524590163935,122,122,122,122,1.0,warm_season
40764,2019,0.12,35.931092436974794,122,119,122,122,0.9754098360655737,warm_season
40764,2020,0.21000000000000002,35.09075630252101,122,119,122,122,0.9754098360655737,warm_season
40764,2021,3.0,36.71147540983607,122,122,122,122,1.0,warm_season
40764,2022,0.5,36.86557377049181,122,122,122,122,1.0,warm_season
40764,2023,1.4,35.808264462809916,122,121,122,122,0.9918032786885246,warm_season
40764,2024,2.8,36.98677685950413,122,121,122,122,0.9918032786885246,warm_season
40765,1991,0.0,39.75983606557377,122,122,122,122,1.0,warm_season
40765,1992,1.7000000000000002,38.854918032786884,122,122,122,122,1.0,warm_season
40765,1993,2.0,40.27049180327869,122,122,122,122,1.0,warm_season
40765,1994,1.5,39.56639344262295,122,122,122,122,1.0,warm_season
40765,1995,4.609999999999999,39.38852459016393,122,122,122,122,1.0,warm_season
40765,1996,0.01,40.39262295081967,122,122,122,122,1.0,warm_season
40765,1997,0.21000000000000002,38.96065573770492,122,122,122,122,1.0,warm_season
40765,1998,0.03,41.209016393442624,122,122,122,122,1.0,warm_season
40765,1999,5.1,40.2327868852459,122,122,122,122,1.0,warm_season
40765,2000,0.31,40.915573770491804,122,122,122,122,1.0,warm_season
40765,2001,1.5,40.85245901639344,122,122,122,122,1.0,warm_season
40765,2002,0.0,40.19016393442623,122,122,122,122,1.0,warm_season
40765,2003,0.0,40.4,122,122,122,122,1.0,warm_season
40765,2004,0.0,40.455737704918036,122,122,122,122,1.0,warm_season
40765,2005,0.6,40.11229508196721,122,122,122,122,1.0,warm_season
40765,2006,0.2,41.17704918032787,122,122,122,122,1.0,warm_season
40765,2007,1.01,40.74016393442623,122,122,122,122,1.0,warm_season
40765,2008,0.22000000000000003,40.83524590163934,122,122,122,122,1.0,warm_season
40765,2009,9.61,38.970491803278684,122,122,122,122,1.0,warm_season
40765,2010,1.4100000000000001,41.662295081967216,122,122,122,122,1.0,warm_season
40765,2011,0.01,40.66065573770492,122,122,122,122,1.0,warm_season
40765,2012,0.6,40.95508474576271,121,118,122,122,0.9672131147540983,warm_season
40765,2013,0.0,39.89180327868853,122,122,122,122,1.0,warm_season
40765,2014,0.0,40.62809917355372,122,121,122,122,0.9918032786885246,warm_season
40765,2015,0.1,41.161475409836065,122,122,122,122,1.0,warm_season
40765,2016,0.0,41.01639344262295,122,122,122,122,1.0,warm_season
40765,2017,0.0,42.71147540983607,122,122,122,122,1.0,warm_season
40765,2018,0.03,41.00327868852459,122,122,122,122,1.0,warm_season
40765,2019,0.9,41.29917355371901,122,121,122,122,0.9918032786885246,warm_season
40765,2020,0.5,41.263934426229504,122,122,122,122,1.0,warm_season
40765,2021,0.0,41.26311475409836,122,122,122,122,1.0,warm_season
40765,2022,0.0,41.85327868852459,122,122,122,122,1.0,warm_season
40765,2023,0.0,41.91818181818182,122,121,122,122,0.9918032786885246,warm_season
40765,2024,0.0,42.477685950413225,122,121,122,122,0.9918032786885246,warm_season
40766,1991,0.1,35.954918032786885,122,122,122,122,1.0,warm_season
40766,1992,8.809999999999999,33.9844262295082,122,122,122,122,1.0,warm_season
40766,1993,4.549999999999999,35.071311475409836,122,122,122,122,1.0,warm_season
40766,1994,3.01,35.364754098360656,122,122,122,122,1.0,warm_season
40766,1995,4.91,36.53114754098361,122,122,122,122,1.0,warm_season
40766,1996,0.81,36.3172131147541,122,122,122,122,1.0,warm_season
40766,1997,0.82,36.5655737704918,122,122,122,122,1.0,warm_season
40766,1998,7.43,37.59672131147541,122,122,122,122,1.0,warm_season
40766,1999,14.41,37.226229508196724,122,122,122,122,1.0,warm_season
40766,2000,0.81,36.91803278688525,122,122,122,122,1.0,warm_season
40766,2001,40.12,37.17295081967213,122,122,122,122,1.0,warm_season
40766,2002,0.0,36.19016393442623,122,122,122,122,1.0,warm_season
40766,2003,0.0,37.013934426229504,122,122,122,122,1.0,warm_season
40766,2004,0.31,36.09016393442623,122,122,122,122,1.0,warm_season
40766,2005,0.0,36.497540983606555,122,122,122,122,1.0,warm_season
40766,2006,0.1,37.162295081967216,122,122,122,122,1.0,warm_season
40766,2007,6.0,36.50901639344263,122,122,122,122,1.0,warm_season
40766,2008,11.11,36.321311475409836,122,122,122,122,1.0,warm_season
40766,2009,20.63,35.18524590163935,122,122,122,122,1.0,warm_season
40766,2010,9.42,37.222131147540985,122,122,122,122,1.0,warm_season
40766,2011,0.04,36.691803278688525,122,122,122,122,1.0,warm_season
40766,2012,0.04,36.57049180327869,122,122,122,122,1.0,warm_season
40766,2013,0.0,36.53114754098361,122,122,122,122,1.0,warm_season
40766,2014,0.01,36.76833333333333,122,120,122,122,0.9836065573770492,warm_season
40766,2015,6.32,37.27933884297521,122,121,122,122,0.9918032786885246,warm_season
40766,2016,0.3,36.48688524590164,122,122,122,122,1.0,warm_season
40766,2017,0.0,37.04672131147541,122,122,122,122,1.0,warm_season
40766,2018,2.41,37.490909090909085,122,121,122,122,0.9918032786885246,warm_season
40766,2019,0.0,37.33728813559322,122,118,122,122,0.9672131147540983,warm_season
40766,2020,0.12,36.4900826446281,122,121,122,122,0.9918032786885246,warm_season
40766,2021,0.1,37.58524590163934,122,122,122,122,1.0,warm_season
40766,2022,0.0,37.812295081967214,122,122,122,122,1.0,warm_season
40766,2023,6.41,36.93980582524272,122,103,122,122,0.8442622950819673,warm_season
40766,2024,2.0,37.53,122,120,122,122,0.9836065573770492,warm_season
40768,1991,0.01,32.69016393442623,122,122,122,122,1.0,warm_season
40768,1992,45.11,29.455737704918032,122,122,122,122,1.0,warm_season
40768,1993,2.8099999999999996,31.524590163934427,122,122,122,122,1.0,warm_season
40768,1994,2.7,32.191803278688525,122,122,122,122,1.0,warm_season
40768,1995,9.1,31.84918032786885,122,122,122,122,1.0,warm_season
40768,1996,18.700000000000003,31.463934426229507,122,122,122,122,1.0,warm_season
40768,1997,0.1,32.59918032786885,122,122,122,122,1.0,warm_season
40768,1998,10.9,32.18524590163934,122,122,122,122,1.0,warm_season
40768,1999,26.0,31.950819672131146,122,122,122,122,1.0,warm_season
40768,2000,0.0,32.31803278688525,122,122,122,122,1.0,warm_season
40768,2001,30.6,31.79344262295082,122,122,122,122,1.0,warm_season
40768,2002,1.5,32.32950819672131,122,122,122,122,1.0,warm_season
40768,2003,0.0,32.321311475409836,122,122,122,122,1.0,warm_season
40768,2004,50.510000000000005,31.839344262295082,122,122,122,122,1.0,warm_season
40768,2005,12.04,32.43114754098361,122,122,122,122,1.0,warm_season
40768,2006,0.01,33.42622950819672,122,122,122,122,1.0,warm_season
40768,2007,21.84,32.743442622950816,122,122,122,122,1.0,warm_season
40768,2008,9.639999999999999,32.74262295081967,122,122,122,122,1.0,warm_season
40768,2009,17.04,32.040983606557376,122,122,122,122,1.0,warm_season
40768,2010,4.34,33.243442622950816,122,122,122,122,1.0,warm_season
40768,2011,2.22,33.02459016393443,122,122,122,122,1.0,warm_season
40768,2012,13.439999999999998,32.782786885245905,122,122,122,122,1.0,warm_season
40768,2013,0.0,33.33606557377049,122,122,122,122,1.0,warm_season
40768,2014,0.91,33.217213114754095,122,122,122,122,1.0,warm_season
40768,2015,18.61,33.804132231404964,122,121,122,122,0.9918032786885246,warm_season
40768,2016,11.01,32.769672131147544,122,122,122,122,1.0,warm_season
40768,2017,1.02,33.13852459016393,122,122,122,122,1.0,warm_season
40768,2018,16.21,33.97868852459016,122,122,122,122,1.0,warm_season
40768,2019,1.22,33.526446280991735,122,121,122,122,0.9918032786885246,warm_season
40768,2020,0.12,32.33524590163935,122,122,122,122,1.0,warm_season
40768,2021,1.81,33.96885245901639,122,122,122,122,1.0,warm_season
40768,2022,0.13,33.821311475409836,122,122,122,122,1.0,warm_season
40768,2023,14.0,33.295081967213115,122,122,122,122,1.0,warm_season
40768,2024,12.629999999999999,34.15409836065574,122,122,122,122,1.0,warm_season
40769,1991,2.4,33.36065573770492,122,122,122,122,1.0,warm_season
40769,1992,9.399999999999999,31.12295081967213,122,122,122,122,1.0,warm_season
40769,1993,0.2,32.19098360655738,122,122,122,122,1.0,warm_season
40769,1994,0.2,32.57786885245902,122,122,122,122,1.0,warm_season
40769,1995,13.31,31.93736263736264,91,91,122,122,0.7459016393442623,warm_season
40769,1996,11.700000000000001,32.15,122,122,122,122,1.0,warm_season
40769,1997,6.3999999999999995,33.46639344262295,122,122,122,122,1.0,warm_season
40769,1998,27.61,33.3327868852459,122,122,122,122,1.0,warm_season
40769,1999,2.81,33.37540983606557,122,122,122,122,1.0,warm_season
40769,2000,2.6,33.20983606557377,122,122,122,122,1.0,warm_season
40769,2001,18.41,33.070491803278685,122,122,122,122,1.0,warm_season
40769,2002,1.2000000000000002,33.57868852459017,122,122,122,122,1.0,warm_season
40769,2003,0.0,33.80983606557377,122,122,122,122,1.0,warm_season
40769,2004,6.9,33.40491803278689,122,122,122,122,1.0,warm_season
40769,2005,5.1,33.8311475409836,122,122,122,122,1.0,warm_season
40769,2006,0.0,34.23934426229508,122,122,122,122,1.0,warm_season
40769,2007,46.2,33.011475409836066,122,122,122,122,1.0,warm_season
40769,2008,1.6,33.86557377049181,122,122,122,122,1.0,warm_season
40769,2009,27.220000000000002,33.027868852459015,122,122,122,122,1.0,warm_season
40769,2010,6.5,33.86557377049181,122,122,122,122,1.0,warm_season
40769,2011,1.4200000000000002,34.00327868852459,122,122,122,122,1.0,warm_season
40769,2012,6.62,33.32295081967213,122,122,122,122,1.0,warm_season
40769,2013,0.51,34.342622950819674,122,122,122,122,1.0,warm_season
40769,2014,1.01,34.40327868852459,122,122,122,122,1.0,warm_season
40769,2015,12.21,33.93114754098361,122,122,122,122,1.0,warm_season
40769,2016,0.02,33.8672131147541,122,122,122,122,1.0,warm_season
40769,2017,0.21000000000000002,34.15409836065574,122,122,122,122,1.0,warm_season
40769,2018,17.13,34.642975206611574,122,121,122,122,0.9918032786885246,warm_season
40769,2019,0.12000000000000001,35.3016393442623,122,122,122,122,1.0,warm_season
40769,2020,2.3299999999999996,33.49508196721312,122,122,122,122,1.0,warm_season
40769,2021,2.1399999999999997,34.954098360655735,122,122,122,122,1.0,warm_season
40769,2022,1.11,34.8311475409836,122,122,122,122,1.0,warm_season
40769,2023,9.43,34.63442622950819,122,122,122,122,1.0,warm_season
40769,2024,3.12,34.950413223140494,122,121,122,122,0.9918032786885246,warm_season
40770,1991,0.0,37.75819672131148,122,122,122,122,1.0,warm_season
40770,1992,4.4,36.51735537190083,122,121,122,122,0.9918032786885246,warm_season
40770,1993,0.0,37.372950819672134,122,122,122,122,1.0,warm_season
40770,1994,0.0,37.46147540983607,122,122,122,122,1.0,warm_season
40770,1995,2.2,38.166393442622955,122,122,122,122,1.0,warm_season
40770,1996,2.4,38.04754098360656,122,122,122,122,1.0,warm_season
40770,1997,5.109999999999999,39.032786885245905,122,122,122,122,1.0,warm_season
40770,1998,9.399999999999999,38.51229508196721,122,122,122,122,1.0,warm_season
40770,1999,2.51,38.472131147540985,122,122,122,122,1.0,warm_season
40770,2000,3.01,38.528688524590166,122,122,122,122,1.0,warm_season
40770,2001,10.02,38.174590163934425,122,122,122,122,1.0,warm_season
40770,2002,0.0,38.62786885245902,122,122,122,122,1.0,warm_season
40770,2003,0.0,38.08032786885246,122,122,122,122,1.0,warm_season
40770,2004,2.0299999999999994,37.81639344262295,122,122,122,122,1.0,warm_season
40770,2005,0.02,38.372950819672134,122,122,122,122,1.0,warm_season
40770,2006,0.0,38.58196721311475,122,122,122,122,1.0,warm_season
40770,2007,4.74,38.002459016393445,122,122,122,122,1.0,warm_season
40770,2008,3.24,38.37459016393443,122,122,122,122,1.0,warm_season
40770,2009,28.82,38.192622950819676,122,122,122,122,1.0,warm_season
40770,2010,1.21,39.114754098360656,122,122,122,122,1.0,warm_season
40770,2011,0.0,39.34836065573771,122,122,122,122,1.0,warm_season
40770,2012,7.0,37.427868852459014,122,122,122,122,1.0,warm_season
40770,2013,0.0,39.56803278688525,122,122,122,122,1.0,warm_season
40770,2014,4.5,39.93114754098361,122,122,122,122,1.0,warm_season
40770,2015,8.42,39.43801652892562,122,121,122,122,0.9918032786885246,warm_season
40770,2016,0.0,39.161475409836065,122,122,122,122,1.0,warm_season
40770,2017,1.0,39.28770491803279,122,122,122,122,1.0,warm_season
40770,2018,11.409999999999998,39.94214876033058,122,121,122,122,0.9918032786885246,warm_season
40770,2019,0.01,40.101639344262296,122,122,122,122,1.0,warm_season
40770,2020,0.8400000000000001,38.705737704918036,122,122,122,122,1.0,warm_season
40770,2021,0.0,40.8016393442623,122,122,122,122,1.0,warm_season
40770,2022,31.01,39.94016393442623,122,122,122,122,1.0,warm_season
40770,2023,12.329999999999998,39.65245901639344,122,122,122,122,1.0,warm_season
40770,2024,7.029999999999999,39.85901639344262,122,122,122,122,1.0,warm_season
40771,1991,1.2000000000000002,34.277868852459015,122,122,122,122,1.0,warm_season
40771,1992,2.61,31.82622950819672,122,122,122,122,1.0,warm_season
40771,1993,0.8,33.337704918032784,122,122,122,122,1.0,warm_season
40771,1994,0.7,33.97377049180328,122,122,122,122,1.0,warm_season
40771,1995,17.0,33.488524590163934,122,122,122,122,1.0,warm_season
40771,1996,2.01,33.019672131147544,122,122,122,122,1.0,warm_season
40771,1997,1.6199999999999999,33.84426229508197,122,122,122,122,1.0,warm_season
40771,1998,5.329999999999999,34.40491803278688,122,122,122,122,1.0,warm_season
40771,1999,14.82,34.14426229508197,122,122,122,122,1.0,warm_season
40771,2000,2.8000000000000003,34.79262295081967,122,122,122,122,1.0,warm_season
40771,2001,10.43,34.08032786885246,122,122,122,122,1.0,warm_season
40771,2002,0.0,34.08196721311475,122,122,122,122,1.0,warm_season
40771,2003,0.0,34.19508196721311,122,122,122,122,1.0,warm_season
40771,2004,11.809999999999999,34.032786885245905,122,122,122,122,1.0,warm_season
40771,2005,0.4,34.41967213114754,122,122,122,122,1.0,warm_season
40771,2006,0.0,34.99590163934426,122,122,122,122,1.0,warm_season
40771,2007,4.21,34.33934426229508,122,122,122,122,1.0,warm_season
40771,2008,3.5899999999999994,34.50081967213115,122,122,122,122,1.0,warm_season
40771,2009,9.34,33.46065573770492,122,122,122,122,1.0,warm_season
40771,2010,5.63,35.248360655737706,122,122,122,122,1.0,warm_season
40771,2011,0.2,34.83606557377049,122,122,122,122,1.0,warm_season
40771,2012,0.02,34.84180327868852,122,122,122,122,1.0,warm_season
40771,2013,0.0,35.05245901639344,122,122,122,122,1.0,warm_season
40771,2014,0.1,35.31487603305786,122,121,122,122,0.9918032786885246,warm_season
40771,2015,4.41,35.40327868852459,122,122,122,122,1.0,warm_season
40771,2016,0.01,34.86557377049181,122,122,122,122,1.0,warm_season
40771,2017,0.0,35.26065573770492,122,122,122,122,1.0,warm_season
40771,2018,10.32,35.63025210084034,122,119,122,122,0.9754098360655737,warm_season
40771,2019,0.2,35.877049180327866,122,122,122,122,1.0,warm_season
40771,2020,6.22,34.32950819672131,122,122,122,122,1.0,warm_season
40771,2021,0.8,35.840495867768595,122,121,122,122,0.9918032786885246,warm_season
40771,2022,0.0,35.890082644628094,122,121,122,122,0.9918032786885246,warm_season
40771,2023,0.0,35.4125,122,120,122,122,0.9836065573770492,warm_season
40771,2024,2.0,36.46083333333333,122,120,122,122,0.9836065573770492,warm_season
40772,1991,2.0,30.684426229508198,122,122,122,122,1.0,warm_season
40772,1992,3.1,28.288524590163934,122,122,122,122,1.0,warm_season
40772,1993,10.4,29.41639344262295,122,122,122,122,1.0,warm_season
40772,1994,20.010000000000005,29.82314049586777,122,121,122,122,0.9918032786885246,warm_season
40772,1995,32.019999999999996,29.646280991735537,122,121,122,122,0.9918032786885246,warm_season
40772,1996,3.3100000000000005,29.559836065573773,122,122,122,122,1.0,warm_season
40772,1997,0.9299999999999999,30.118852459016395,122,122,122,122,1.0,warm_season
40772,1998,39.019999999999996,30.34214876033058,122,121,122,122,0.9918032786885246,warm_season
40772,1999,28.75,30.158196721311477,122,122,122,122,1.0,warm_season
40772,2000,6.43,30.640983606557377,122,122,122,122,1.0,warm_season
40772,2001,40.77,30.231967213114757,122,122,122,122,1.0,warm_season
40772,2002,0.01,30.355737704918035,122,122,122,122,1.0,warm_season
40772,2003,0.11,30.481967213114757,122,122,122,122,1.0,warm_season
40772,2004,9.82,30.138524590163936,122,122,122,122,1.0,warm_season
40772,2005,7.31,30.354098360655737,122,122,122,122,1.0,warm_season
40772,2006,0.82,30.94344262295082,122,122,122,122,1.0,warm_season
40772,2007,19.1,30.124590163934425,122,122,122,122,1.0,warm_season
40772,2008,10.76,30.45737704918033,122,122,122,122,1.0,warm_season
40772,2009,20.2,29.384426229508197,122,122,122,122,1.0,warm_season
40772,2010,2.58,31.168852459016392,122,122,122,122,1.0,warm_season
40772,2011,0.4600000000000001,30.772131147540982,122,122,122,122,1.0,warm_season
40772,2012,4.04,31.10737704918033,122,122,122,122,1.0,warm_season
40772,2013,0.2,31.19672131147541,122,122,122,122,1.0,warm_season
40772,2014,0.72,31.701639344262293,122,122,122,122,1.0,warm_season
40772,2015,18.499999999999996,31.78099173553719,122,121,122,122,0.9918032786885246,warm_season
40772,2016,0.52,31.165546218487393,122,119,122,122,0.9754098360655737,warm_season
40772,2017,0.14,31.988524590163934,122,122,122,122,1.0,warm_season
40772,2018,0.03,32.25737704918033,122,122,122,122,1.0,warm_season
40772,2019,0.36,32.162295081967216,122,122,122,122,1.0,warm_season
40772,2020,0.44000000000000006,31.275409836065574,122,122,122,122,1.0,warm_season
40772,2021,6.32,32.7016393442623,122,122,122,122,1.0,warm_season
40772,2022,2.61,32.4344262295082,122,122,122,122,1.0,warm_season
40772,2023,6.129999999999999,31.694262295081966,122,122,122,122,1.0,warm_season
40772,2024,13.520000000000001,32.42314049586777,122,121,122,122,0.9918032786885246,warm_season
40774,1991,1.0,34.231147540983606,122,122,122,122,1.0,warm_season
40774,1992,1.3,31.81393442622951,122,122,122,122,1.0,warm_season
40774,1993,0.01,33.02950819672131,122,122,122,122,1.0,warm_season
40774,1994,0.52,33.519672131147544,122,122,122,122,1.0,warm_season
40774,1995,11.999999999999998,33.41311475409836,122,122,122,122,1.0,warm_season
40774,1996,5.61,33.14344262295082,122,122,122,122,1.0,warm_season
40774,1997,1.8,33.81900826446281,122,121,122,122,0.9918032786885246,warm_season
40774,1998,7.3500000000000005,34.10655737704918,122,122,122,122,1.0,warm_season
40774,1999,3.6300000000000003,33.99672131147541,122,122,122,122,1.0,warm_season
40774,2000,0.4,34.54262295081967,122,122,122,122,1.0,warm_season
40774,2001,28.2,34.14590163934427,122,122,122,122,1.0,warm_season
40774,2002,0.0,34.18360655737705,122,122,122,122,1.0,warm_season
40774,2003,0.0,34.22295081967213,122,122,122,122,1.0,warm_season
40774,2004,3.9,33.98196721311476,122,122,122,122,1.0,warm_season
40774,2005,0.0,34.14098360655738,122,122,122,122,1.0,warm_season
40774,2006,0.0,34.61639344262295,122,122,122,122,1.0,warm_season
40774,2007,0.13,34.33606557377049,122,122,122,122,1.0,warm_season
40774,2008,4.609999999999999,34.2344262295082,122,122,122,122,1.0,warm_season
40774,2009,15.129999999999999,33.52131147540984,122,122,122,122,1.0,warm_season
40774,2010,14.32,34.97540983606557,122,122,122,122,1.0,warm_season
40774,2011,0.0,34.588524590163935,122,122,122,122,1.0,warm_season
40774,2012,7.0,34.59672131147541,122,122,122,122,1.0,warm_season
40774,2013,0.02,34.8311475409836,122,122,122,122,1.0,warm_season
40774,2014,5.72,34.834426229508196,122,122,122,122,1.0,warm_season
40774,2015,16.07,35.16065573770492,122,122,122,122,1.0,warm_season
40774,2016,0.0,34.752459016393445,122,122,122,122,1.0,warm_season
40774,2017,0.0,35.12786885245902,122,122,122,122,1.0,warm_season
40774,2018,9.32,35.09669421487603,122,121,122,122,0.9918032786885246,warm_season
40774,2019,1.1,35.29262295081967,122,122,122,122,1.0,warm_season
40774,2020,0.01,34.34016393442623,122,122,122,122,1.0,warm_season
40774,2021,0.01,35.60573770491803,122,122,122,122,1.0,warm_season
40774,2022,4.0,35.83606557377049,122,122,122,122,1.0,warm_season
40774,2023,0.31000000000000005,35.09508196721312,122,122,122,122,1.0,warm_season
40774,2024,2.0,35.74876033057851,122,121,122,122,0.9918032786885246,warm_season
40778,1991,0.0,34.045081967213115,122,122,122,122,1.0,warm_season
40778,1992,0.82,33.09918032786885,122,122,122,122,1.0,warm_season
40778,1993,4.01,33.69090909090909,122,121,122,122,0.9918032786885246,warm_season
40778,1994,0.0,33.64098360655738,122,122,122,122,1.0,warm_season
40778,1995,3.0,35.11311475409836,122,122,122,122,1.0,warm_season
40778,1996,2.01,34.64918032786885,122,122,122,122,1.0,warm_season
40778,1997,0.03,35.17704918032787,122,122,122,122,1.0,warm_season
40778,1998,0.4,34.49672131147541,122,122,122,122,1.0,warm_season
40778,1999,0.1,34.87131147540984,122,122,122,122,1.0,warm_season
40778,2000,0.0,33.98196721311476,122,122,122,122,1.0,warm_season
40778,2001,0.0,34.88360655737705,122,122,122,122,1.0,warm_season
40778,2002,0.0,35.191803278688525,122,122,122,122,1.0,warm_season
40778,2003,0.0,34.619672131147546,122,122,122,122,1.0,warm_season
40778,2004,1.0,34.2327868852459,122,122,122,122,1.0,warm_season
40778,2005,0.0,35.01967213114754,122,122,122,122,1.0,warm_season
40778,2006,0.0,34.58524590163934,122,122,122,122,1.0,warm_season
40778,2007,0.5,34.2983606557377,122,122,122,122,1.0,warm_season
40778,2008,0.01,35.51803278688524,122,122,122,122,1.0,warm_season
40778,2009,0.52,34.83196721311475,122,122,122,122,1.0,warm_season
40778,2010,0.01,34.540983606557376,122,122,122,122,1.0,warm_season
40778,2011,0.0,35.122950819672134,122,122,122,122,1.0,warm_season
40778,2012,0.12,33.94754098360656,122,122,122,122,1.0,warm_season
40778,2013,7.719999999999999,35.97540983606557,122,122,122,122,1.0,warm_season
40778,2014,0.0,36.13688524590164,122,122,122,122,1.0,warm_season
40778,2015,0.0,34.928688524590164,122,122,122,122,1.0,warm_season
40778,2016,0.1,35.68595041322314,122,121,122,122,0.9918032786885246,warm_season
40778,2017,1.7,35.38442622950819,122,122,122,122,1.0,warm_season
40778,2018,0.0,35.67131147540983,122,122,122,122,1.0,warm_season
40778,2019,0.0,36.13688524590164,122,122,122,122,1.0,warm_season
40778,2020,2.0,34.958196721311474,122,122,122,122,1.0,warm_season
40778,2021,0.5,36.4844262295082,122,122,122,122,1.0,warm_season
40778,2022,0.3,35.6827868852459,122,122,122,122,1.0,warm_season
40778,2023,0.1,36.06065573770491,122,122,122,122,1.0,warm_season
40778,2024,0.1,36.06393442622951,122,122,122,122,1.0,warm_season
40779,1991,0.0,34.60573770491803,122,122,122,122,1.0,warm_season
40779,1992,0.61,32.71311475409836,122,122,122,122,1.0,warm_season
40779,1993,3.02,34.0,122,122,122,122,1.0,warm_season
40779,1994,1.01,33.88934426229508,122,122,122,122,1.0,warm_season
40779,1995,14.01,34.001639344262294,122,122,122,122,1.0,warm_season
40779,1996,0.31,33.95327868852459,122,122,122,122,1.0,warm_season
40779,1997,0.01,33.5655737704918,122,122,122,122,1.0,warm_season
40779,1998,4.14,35.07377049180328,122,122,122,122,1.0,warm_season
40779,1999,12.7,34.528688524590166,122,122,122,122,1.0,warm_season
40779,2000,1.0,35.306557377049174,122,122,122,122,1.0,warm_season
40779,2001,12.600000000000001,34.83688524590164,122,122,122,122,1.0,warm_season
40779,2002,0.0,34.32704918032787,122,122,122,122,1.0,warm_season
40779,2003,0.2,34.791803278688526,122,122,122,122,1.0,warm_season
40779,2004,0.0,34.6672131147541,122,122,122,122,1.0,warm_season
40779,2005,0.0,34.67540983606557,122,122,122,122,1.0,warm_season
40779,2006,0.0,35.5672131147541,122,122,122,122,1.0,warm_season
40779,2007,0.6,34.68360655737705,122,122,122,122,1.0,warm_season
40779,2008,22.0,34.67704918032787,122,122,122,122,1.0,warm_season
40779,2009,20.1,33.6,122,122,122,122,1.0,warm_season
40779,2010,0.30000000000000004,36.04754098360656,122,122,122,122,1.0,warm_season
40779,2011,0.6000000000000001,34.8172131147541,122,122,122,122,1.0,warm_season
40779,2012,6.01,34.99180327868852,122,122,122,122,1.0,warm_season
40779,2013,0.0,34.34918032786886,122,122,122,122,1.0,warm_season
40779,2014,3.21,34.93388429752066,122,121,122,122,0.9918032786885246,warm_season
40779,2015,10.1,35.90983606557377,122,122,122,122,1.0,warm_season
40779,2016,0.0,34.800826446280986,122,121,122,122,0.9918032786885246,warm_season
40779,2017,0.2,35.752459016393445,122,122,122,122,1.0,warm_season
40779,2018,1.0,35.631147540983605,122,122,122,122,1.0,warm_season
40779,2019,0.0,35.4495867768595,122,121,122,122,0.9918032786885246,warm_season
40779,2020,0.41000000000000003,34.806557377049174,122,122,122,122,1.0,warm_season
40779,2021,0.2,35.95737704918033,122,122,122,122,1.0,warm_season
40779,2022,0.0,36.342622950819674,122,122,122,122,1.0,warm_season
40779,2023,0.0,35.480000000000004,122,120,122,122,0.9836065573770492,warm_season
40779,2024,3.7,36.33606557377049,122,122,122,122,1.0,warm_season
40780,1991,0.0,33.781967213114754,122,122,122,122,1.0,warm_season
40780,1992,0.01,32.236065573770496,122,122,122,122,1.0,warm_season
40780,1993,1.02,33.312295081967214,122,122,122,122,1.0,warm_season
40780,1994,1.02,33.01065573770492,122,122,122,122,1.0,warm_season
40780,1995,0.2,33.25867768595042,122,121,122,122,0.9918032786885246,warm_season
40780,1996,4.2,33.80081967213115,122,122,122,122,1.0,warm_season
40780,1997,0.03,33.083606557377045,122,122,122,122,1.0,warm_season
40780,1998,2.0,34.783606557377055,122,122,122,122,1.0,warm_season
40780,1999,3.41,34.290163934426225,122,122,122,122,1.0,warm_season
40780,2000,1.1,34.65081967213114,122,122,122,122,1.0,warm_season
40780,2001,1.0,34.63688524590164,122,122,122,122,1.0,warm_season
40780,2002,0.0,33.92540983606557,122,122,122,122,1.0,warm_season
40780,2003,0.01,34.18688524590164,122,122,122,122,1.0,warm_season
40780,2004,0.0,34.449999999999996,122,122,122,122,1.0,warm_season
40780,2005,0.3,34.1,122,122,122,122,1.0,warm_season
40780,2006,0.0,35.10327868852459,122,122,122,122,1.0,warm_season
40780,2007,1.02,35.0655737704918,122,122,122,122,1.0,warm_season
40780,2008,19.0,35.27213114754098,122,122,122,122,1.0,warm_season
40780,2009,18.6,33.708196721311474,122,122,122,122,1.0,warm_season
40780,2010,5.72,36.0155737704918,122,122,122,122,1.0,warm_season
40780,2011,0.0,34.971311475409834,122,122,122,122,1.0,warm_season
40780,2012,0.01,35.1688524590164,122,122,122,122,1.0,warm_season
40780,2013,0.0,34.80983606557377,122,122,122,122,1.0,warm_season
40780,2014,18.4,35.5172131147541,122,122,122,122,1.0,warm_season
40780,2015,10.629999999999999,36.68606557377049,122,122,122,122,1.0,warm_season
40780,2016,0.01,35.97540983606557,122,122,122,122,1.0,warm_season
40780,2017,0.0,36.9827868852459,122,122,122,122,1.0,warm_season
40780,2018,0.02,36.166101694915255,122,118,122,122,0.9672131147540983,warm_season
40780,2019,0.0,36.53852459016393,122,122,122,122,1.0,warm_season
40780,2020,20.009999999999998,35.9188524590164,122,122,122,122,1.0,warm_season
40780,2021,0.21000000000000002,36.49672131147541,122,122,122,122,1.0,warm_season
40780,2022,0.4,36.74426229508197,122,122,122,122,1.0,warm_season
40780,2023,0.11,35.94016393442623,122,122,122,122,1.0,warm_season
40780,2024,0.0,36.415573770491804,122,122,122,122,1.0,warm_season
40782,1991,0.9,37.68688524590164,122,122,122,122,1.0,warm_season
40782,1992,7.3100000000000005,35.23196721311476,122,122,122,122,1.0,warm_season
40782,1993,4.2,36.231147540983606,122,122,122,122,1.0,warm_season
40782,1994,0.42000000000000004,36.709836065573775,122,122,122,122,1.0,warm_season
40782,1995,14.42,36.851639344262296,122,122,122,122,1.0,warm_season
40782,1996,0.31,36.52622950819672,122,122,122,122,1.0,warm_season
40782,1997,0.15000000000000002,36.8311475409836,122,122,122,122,1.0,warm_season
40782,1998,1.15,37.96065573770492,122,122,122,122,1.0,warm_season
40782,1999,4.02,37.81475409836065,122,122,122,122,1.0,warm_season
40782,2000,0.0,37.61639344262295,122,122,122,122,1.0,warm_season
40782,2001,8.33,37.49508196721311,122,122,122,122,1.0,warm_season
40782,2002,2.01,37.06967213114754,122,122,122,122,1.0,warm_season
40782,2003,0.0,37.56311475409836,122,122,122,122,1.0,warm_season
40782,2004,0.13,37.85409836065573,122,122,122,122,1.0,warm_season
40782,2005,0.01,37.68196721311475,122,122,122,122,1.0,warm_season
40782,2006,0.02,38.14918032786885,122,122,122,122,1.0,warm_season
40782,2007,0.5,37.778688524590166,122,122,122,122,1.0,warm_season
40782,2008,12.02,37.99180327868852,122,122,122,122,1.0,warm_season
40782,2009,10.4,36.85901639344262,122,122,122,122,1.0,warm_season
40782,2010,0.06,38.718032786885246,122,122,122,122,1.0,warm_season
40782,2011,0.0,37.83606557377049,122,122,122,122,1.0,warm_season
40782,2012,0.02,38.00901639344263,122,122,122,122,1.0,warm_season
40782,2013,0.0,37.76147540983606,122,122,122,122,1.0,warm_season
40782,2014,0.01,38.12131147540984,122,122,122,122,1.0,warm_season
40782,2015,18.35,38.661983471074386,122,121,122,122,0.9918032786885246,warm_season
40782,2016,0.0,37.81803278688525,122,122,122,122,1.0,warm_season
40782,2017,0.02,39.37213114754098,122,122,122,122,1.0,warm_season
40782,2018,11.11,39.014049586776856,122,121,122,122,0.9918032786885246,warm_season
40782,2019,0.01,39.049180327868854,122,122,122,122,1.0,warm_season
40782,2020,2.11,38.587704918032784,122,122,122,122,1.0,warm_season
40782,2021,0.6000000000000001,39.687704918032786,122,122,122,122,1.0,warm_season
40782,2022,0.0,40.14918032786885,122,122,122,122,1.0,warm_season
40782,2023,0.0,39.02295081967213,122,122,122,122,1.0,warm_season
40782,2024,0.01,39.32950819672131,122,122,122,122,1.0,warm_season
40783,1991,4.9,31.973553719008265,122,121,122,122,0.9918032786885246,warm_season
40783,1992,3.41,29.153333333333332,122,120,122,122,0.9836065573770492,warm_season
40783,1993,0.41000000000000003,30.186885245901642,122,122,122,122,1.0,warm_season
40783,1994,0.12000000000000001,31.14,122,120,122,122,0.9836065573770492,warm_season
40783,1995,3.42,31.177049180327867,122,122,122,122,1.0,warm_season
40783,1996,15.31,30.57540983606557,122,122,122,122,1.0,warm_season
40783,1997,7.51,31.459016393442624,122,122,122,122,1.0,warm_season
40783,1998,21.6,31.28360655737705,122,122,122,122,1.0,warm_season
40783,1999,12.5,31.507377049180327,122,122,122,122,1.0,warm_season
40783,2000,0.23,31.667213114754098,122,122,122,122,1.0,warm_season
40783,2001,7.33,31.290983606557376,122,122,122,122,1.0,warm_season
40783,2002,2.8200000000000003,31.31639344262295,122,122,122,122,1.0,warm_season
40783,2003,0.12,31.791803278688523,122,122,122,122,1.0,warm_season
40783,2004,3.25,31.004918032786886,122,122,122,122,1.0,warm_season
40783,2005,2.63,31.645901639344263,122,122,122,122,1.0,warm_season
40783,2006,0.21000000000000002,31.832786885245902,122,122,122,122,1.0,warm_season
40783,2007,6.59,31.34918032786885,122,122,122,122,1.0,warm_season
40783,2008,15.34,31.568852459016394,122,122,122,122,1.0,warm_season
40783,2009,23.05,31.549180327868854,122,122,122,122,1.0,warm_season
40783,2010,3.26,32.15245901639344,122,122,122,122,1.0,warm_season
40783,2011,0.22000000000000003,32.204918032786885,122,122,122,122,1.0,warm_season
40783,2012,2.7699999999999996,31.495081967213114,122,122,122,122,1.0,warm_season
40783,2013,0.03,32.38688524590164,122,122,122,122,1.0,warm_season
40783,2014,0.72,31.944262295081966,122,122,122,122,1.0,warm_season
40783,2015,19.740000000000002,31.581967213114755,122,122,122,122,1.0,warm_season
40783,2016,0.02,31.672131147540984,122,122,122,122,1.0,warm_season
40783,2017,1.21,31.772131147540982,122,122,122,122,1.0,warm_season
40783,2018,13.14,32.515,122,120,122,122,0.9836065573770492,warm_season
40783,2019,6.8100000000000005,32.40081967213115,122,122,122,122,1.0,warm_season
40783,2020,0.9500000000000001,31.372131147540983,122,122,122,122,1.0,warm_season
40783,2021,0.23,33.12049180327869,122,122,122,122,1.0,warm_season
40783,2022,11.2,32.731147540983606,122,122,122,122,1.0,warm_season
40783,2023,8.0,32.465289256198346,122,121,122,122,0.9918032786885246,warm_season
40783,2024,2.6100000000000003,33.12820512820513,122,117,122,122,0.9590163934426229,warm_season
40785,1991,0.0,37.691803278688525,122,122,122,122,1.0,warm_season
40785,1992,0.3,36.29568965517242,122,116,122,122,0.9508196721311475,warm_season
40785,1993,0.0,37.37213114754098,122,122,122,122,1.0,warm_season
40785,1994,0.0,37.52622950819672,122,122,122,122,1.0,warm_season
40785,1995,1.0,38.22377049180328,122,122,122,122,1.0,warm_season
40785,1996,5.71,37.77459016393443,122,122,122,122,1.0,warm_season
40785,1997,3.42,39.05409836065574,122,122,122,122,1.0,warm_season
40785,1998,4.8,38.631967213114756,122,122,122,122,1.0,warm_season
40785,1999,2.9,38.26803278688524,122,122,122,122,1.0,warm_season
40785,2000,0.0,38.66803278688525,122,122,122,122,1.0,warm_season
40785,2001,1.01,38.34344262295082,122,122,122,122,1.0,warm_season
40785,2002,0.0,38.71967213114754,122,122,122,122,1.0,warm_season
40785,2003,2.0,38.41393442622951,122,122,122,122,1.0,warm_season
40785,2004,3.2,38.18196721311475,122,122,122,122,1.0,warm_season
40785,2005,0.0,38.549180327868854,122,122,122,122,1.0,warm_season
40785,2006,1.8,38.720491803278684,122,122,122,122,1.0,warm_season
40785,2007,13.309999999999999,37.99672131147541,122,122,122,122,1.0,warm_season
40785,2008,0.6,38.62459016393443,122,122,122,122,1.0,warm_season
40785,2009,5.0,37.52540983606558,122,122,122,122,1.0,warm_season
40785,2010,0.0,38.381147540983605,122,122,122,122,1.0,warm_season
40785,2011,3.1,38.72459016393442,122,122,122,122,1.0,warm_season
40785,2012,11.21,38.2672131147541,122,122,122,122,1.0,warm_season
40785,2013,4.0,39.18032786885246,122,122,122,122,1.0,warm_season
40785,2014,0.0,39.66065573770492,122,122,122,122,1.0,warm_season
40785,2015,4.0,38.916393442622955,122,122,122,122,1.0,warm_season
40785,2016,2.1,38.43114754098361,122,122,122,122,1.0,warm_season
40785,2017,1.0,38.38852459016393,122,122,122,122,1.0,warm_season
40785,2018,3.0,39.981818181818184,122,121,122,122,0.9918032786885246,warm_season
40785,2019,1.11,40.14098360655738,122,122,122,122,1.0,warm_season
40785,2020,2.71,38.82950819672131,122,122,122,122,1.0,warm_season
40785,2021,0.0,40.87459016393443,122,122,122,122,1.0,warm_season
40785,2022,0.41,40.06528925619834,122,121,122,122,0.9918032786885246,warm_season
40785,2023,16.709999999999997,39.868852459016395,122,122,122,122,1.0,warm_season
40785,2024,0.81,40.018852459016394,122,122,122,122,1.0,warm_season
40787,1991,,,0,0,122,122,0.0,warm_season
40787,1992,13.1,27.10081967213115,122,122,122,122,1.0,warm_season
40787,1993,2.3,28.085245901639347,122,122,122,122,1.0,warm_season
40787,1994,0.0,29.04297520661157,122,121,122,122,0.9918032786885246,warm_season
40787,1995,2.8,28.767213114754096,122,122,122,122,1.0,warm_season
40787,1996,3.2,28.359016393442623,122,122,122,122,1.0,warm_season
40787,1997,22.700000000000003,29.332786885245902,122,122,122,122,1.0,warm_season
40787,1998,15.809999999999999,28.934426229508198,122,122,122,122,1.0,warm_season
40787,1999,3.6100000000000003,29.458196721311477,122,122,122,122,1.0,warm_season
40787,2000,2.0,29.113114754098362,122,122,122,122,1.0,warm_season
40787,2001,9.82,28.964754098360654,122,122,122,122,1.0,warm_season
40787,2002,0.0,29.234426229508195,122,122,122,122,1.0,warm_season
40787,2003,0.0,29.762295081967213,122,122,122,122,1.0,warm_season
40787,2004,12.82,28.701639344262293,122,122,122,122,1.0,warm_season
40787,2005,0.01,29.41639344262295,122,122,122,122,1.0,warm_season
40787,2006,0.0,29.024590163934427,122,122,122,122,1.0,warm_season
40787,2007,12.0,28.870491803278686,122,122,122,122,1.0,warm_season
40787,2008,5.81,29.145901639344263,122,122,122,122,1.0,warm_season
40787,2009,26.1,28.809016393442622,122,122,122,122,1.0,warm_season
40787,2010,3.5199999999999996,29.342622950819674,122,122,122,122,1.0,warm_season
40787,2011,0.3,29.626229508196722,122,122,122,122,1.0,warm_season
40787,2012,10.81,28.78360655737705,122,122,122,122,1.0,warm_season
40787,2013,0.01,30.281147540983607,122,122,122,122,1.0,warm_season
40787,2014,0.65,29.604918032786887,122,122,122,122,1.0,warm_season
40787,2015,26.589999999999996,28.898347107438013,122,121,122,122,0.9918032786885246,warm_season
40787,2016,0.01,29.41639344262295,122,122,122,122,1.0,warm_season
40787,2017,0.51,29.191803278688525,122,122,122,122,1.0,warm_season
40787,2018,7.12,30.231404958677686,122,121,122,122,0.9918032786885246,warm_season
40787,2019,10.129999999999999,30.559016393442622,122,122,122,122,1.0,warm_season
40787,2020,1.8,29.538524590163934,122,122,122,122,1.0,warm_season
40787,2021,0.01,30.99344262295082,122,122,122,122,1.0,warm_season
40787,2022,6.3100000000000005,30.36694214876033,122,121,122,122,0.9918032786885246,warm_season
40787,2023,3.21,30.572268907563025,122,119,122,122,0.9754098360655737,warm_season
40787,2024,2.0,31.601639344262296,122,122,122,122,1.0,warm_season
40789,1991,0.0,37.5396694214876,122,121,122,122,0.9918032786885246,warm_season
40789,1992,1.9,36.71311475409836,122,122,122,122,1.0,warm_season
40789,1993,0.8,37.42540983606557,122,122,122,122,1.0,warm_season
40789,1994,0.0,37.557377049180324,122,122,122,122,1.0,warm_season
40789,1995,1.2,38.81803278688525,122,122,122,122,1.0,warm_season
40789,1996,0.02,37.945454545454545,122,121,122,122,0.9918032786885246,warm_season
40789,1997,3.9,39.05491803278689,122,122,122,122,1.0,warm_season
40789,1998,0.30000000000000004,38.18852459016394,122,122,122,122,1.0,warm_season
40789,1999,1.01,38.21967213114754,122,122,122,122,1.0,warm_season
40789,2000,0.4,37.93606557377049,122,122,122,122,1.0,warm_season
40789,2001,1.21,38.5827868852459,122,122,122,122,1.0,warm_season
40789,2002,0.0,38.83606557377049,122,122,122,122,1.0,warm_season
40789,2003,0.01,38.50491803278689,122,122,122,122,1.0,warm_season
40789,2004,0.01,37.86557377049181,122,122,122,122,1.0,warm_season
40789,2005,0.0,39.027868852459015,122,122,122,122,1.0,warm_season
40789,2006,0.0,38.20327868852459,122,122,122,122,1.0,warm_season
40789,2007,4.31,37.84590163934426,122,122,122,122,1.0,warm_season
40789,2008,0.7,38.86229508196721,122,122,122,122,1.0,warm_season
40789,2009,0.0,38.25081967213115,122,122,122,122,1.0,warm_season
40789,2010,0.0,37.81311475409836,122,122,122,122,1.0,warm_season
40789,2011,10.0,38.630327868852454,122,122,122,122,1.0,warm_season
40789,2012,0.02,37.29672131147541,122,122,122,122,1.0,warm_season
40789,2013,0.01,39.02622950819672,122,122,122,122,1.0,warm_season
40789,2014,6.0,39.218032786885246,122,122,122,122,1.0,warm_season
40789,2015,3.01,38.221311475409834,122,122,122,122,1.0,warm_season
40789,2016,0.0,38.30327868852459,122,122,122,122,1.0,warm_season
40789,2017,0.0,38.29344262295082,122,122,122,122,1.0,warm_season
40789,2018,0.13,39.309090909090905,122,121,122,122,0.9918032786885246,warm_season
40789,2019,0.0,39.736065573770496,122,122,122,122,1.0,warm_season
40789,2020,0.01,38.48360655737705,122,122,122,122,1.0,warm_season
40789,2021,2.41,40.131147540983605,122,122,122,122,1.0,warm_season
40789,2022,0.1,39.89754098360656,122,122,122,122,1.0,warm_season
40789,2023,2.0,40.31967213114754,122,122,122,122,1.0,warm_season
40789,2024,0.2,40.75081967213115,122,122,122,122,1.0,warm_season
40790,1991,,,0,0,122,122,0.0,warm_season
40790,1992,0.0,33.65206611570248,122,121,122,122,0.9918032786885246,warm_season
40790,1993,0.2,35.029752066115705,122,121,122,122,0.9918032786885246,warm_season
40790,1994,0.0,34.886065573770495,122,122,122,122,1.0,warm_season
40790,1995,0.51,36.07603305785124,122,121,122,122,0.9918032786885246,warm_season
40790,1996,1.0,35.086666666666666,122,120,122,122,0.9836065573770492,warm_season
40790,1997,4.2,36.46147540983607,122,122,122,122,1.0,warm_season
40790,1998,0.6,35.63442622950819,122,122,122,122,1.0,warm_season
40790,1999,0.30000000000000004,35.81393442622951,122,122,122,122,1.0,warm_season
40790,2000,0.0,35.12459016393443,122,122,122,122,1.0,warm_season
40790,2001,0.0,35.95655737704918,122,122,122,122,1.0,warm_season
40790,2002,0.0,36.6688524590164,122,122,122,122,1.0,warm_season
40790,2003,0.0,36.187704918032786,122,122,122,122,1.0,warm_season
40790,2004,0.0,35.40655737704918,122,122,122,122,1.0,warm_season
40790,2005,0.0,36.61147540983607,122,122,122,122,1.0,warm_season
40790,2006,0.0,35.381967213114756,122,122,122,122,1.0,warm_season
40790,2007,3.0,35.30245901639344,122,122,122,122,1.0,warm_season
40790,2008,0.0,36.18852459016394,122,122,122,122,1.0,warm_season
40790,2009,2.11,35.911475409836065,122,122,122,122,1.0,warm_season
40790,2010,0.0,35.24426229508197,122,122,122,122,1.0,warm_season
40790,2011,0.0,36.468032786885246,122,122,122,122,1.0,warm_season
40790,2012,0.9,34.75573770491803,122,122,122,122,1.0,warm_season
40790,2013,0.4,36.7655737704918,122,122,122,122,1.0,warm_season
40790,2014,0.0,36.50737704918033,122,122,122,122,1.0,warm_season
40790,2015,0.62,35.19338842975206,122,121,122,122,0.9918032786885246,warm_season
40790,2016,0.0,35.47786885245902,122,122,122,122,1.0,warm_season
40790,2017,0.0,35.09421487603306,122,121,122,122,0.9918032786885246,warm_season
40790,2018,0.0,36.1672131147541,122,122,122,122,1.0,warm_season
40790,2019,0.8,36.865,122,120,122,122,0.9836065573770492,warm_season
40790,2020,1.0,35.61557377049181,122,122,122,122,1.0,warm_season
40790,2021,0.5,37.01967213114754,122,122,122,122,1.0,warm_season
40790,2022,1.0,35.959836065573775,122,122,122,122,1.0,warm_season
40790,2023,0.21000000000000002,36.75081967213115,122,122,122,122,1.0,warm_season
40790,2024,0.4,37.33688524590164,122,122,122,122,1.0,warm_season
40791,1991,0.0,39.911475409836065,122,122,122,122,1.0,warm_season
40791,1992,0.0,39.17131147540983,122,122,122,122,1.0,warm_season
40791,1993,0.4,39.713934426229514,122,122,122,122,1.0,warm_season
40791,1994,0.0,40.14672131147541,122,122,122,122,1.0,warm_season
40791,1995,0.13,41.22540983606557,122,122,122,122,1.0,warm_season
40791,1996,0.21,40.19098360655738,122,122,122,122,1.0,warm_season
40791,1997,0.01,41.27459016393443,122,122,122,122,1.0,warm_season
40791,1998,0.02,40.333606557377045,122,122,122,122,1.0,warm_season
40791,1999,0.02,40.52213114754098,122,122,122,122,1.0,warm_season
40791,2000,0.0,39.62561983471074,122,121,122,122,0.9918032786885246,warm_season
40791,2001,0.0,40.795901639344265,122,122,122,122,1.0,warm_season
40791,2002,0.0,40.76967213114754,122,122,122,122,1.0,warm_season
40791,2003,0.0,40.69508196721311,122,122,122,122,1.0,warm_season
40791,2004,0.0,40.062295081967214,122,122,122,122,1.0,warm_season
40791,2005,0.0,40.82950819672131,122,122,122,122,1.0,warm_season
40791,2006,0.0,39.85655737704918,122,122,122,122,1.0,warm_season
40791,2007,5.039999999999999,39.80245901639344,122,122,122,122,1.0,warm_season
40791,2008,0.01,40.854918032786884,122,122,122,122,1.0,warm_season
40791,2009,0.0,40.49016393442623,122,122,122,122,1.0,warm_season
40791,2010,0.0,39.6844262295082,122,122,122,122,1.0,warm_season
40791,2011,0.0,40.68032786885246,122,122,122,122,1.0,warm_season
40791,2012,1.01,39.14590163934427,122,122,122,122,1.0,warm_season
40791,2013,0.72,42.27622950819672,122,122,122,122,1.0,warm_season
40791,2014,0.0,41.886065573770495,122,122,122,122,1.0,warm_season
40791,2015,0.02,41.0099173553719,122,121,122,122,0.9918032786885246,warm_season
40791,2016,0.0,41.25573770491803,122,122,122,122,1.0,warm_season
40791,2017,0.0,40.81885245901639,122,122,122,122,1.0,warm_season
40791,2018,0.0,41.73032786885246,122,122,122,122,1.0,warm_season
40791,2019,0.0,42.4305785123967,122,121,122,122,0.9918032786885246,warm_season
40791,2020,0.0,41.03852459016393,122,122,122,122,1.0,warm_season
40791,2021,2.11,42.416393442622955,122,122,122,122,1.0,warm_season
40791,2022,5.01,41.42131147540983,122,122,122,122,1.0,warm_season
40791,2023,0.0,42.22479338842975,122,121,122,122,0.9918032786885246,warm_season
40791,2024,0.01,42.943442622950826,122,122,122,122,1.0,warm_season
40792,1991,0.0,34.9483606557377,122,122,122,122,1.0,warm_season
40792,1992,0.01,33.95123966942149,122,121,122,122,0.9918032786885246,warm_season
40792,1993,3.0,34.437704918032786,122,122,122,122,1.0,warm_season
40792,1994,0.0,35.1,122,122,122,122,1.0,warm_season
40792,1995,0.1,35.911475409836065,122,122,122,122,1.0,warm_season
40792,1996,0.01,35.19426229508196,122,122,122,122,1.0,warm_season
40792,1997,3.0,36.286065573770486,122,122,122,122,1.0,warm_season
40792,1998,7.0,35.400000000000006,122,119,122,122,0.9754098360655737,warm_season
40792,1999,0.0,35.43728813559322,121,118,122,122,0.9672131147540983,warm_season
40792,2000,0.0,33.84132231404959,122,121,122,122,0.9918032786885246,warm_season
40792,2001,0.0,35.2016393442623,122,122,122,122,1.0,warm_season
40792,2002,0.0,35.31393442622951,122,122,122,122,1.0,warm_season
40792,2003,0.0,35.1672131147541,122,122,122,122,1.0,warm_season
40792,2004,0.0,34.30983606557377,122,122,122,122,1.0,warm_season
40792,2005,0.0,35.15409836065574,122,122,122,122,1.0,warm_season
40792,2006,0.0,34.423770491803275,122,122,122,122,1.0,warm_season
40792,2007,2.8,34.3311475409836,122,122,122,122,1.0,warm_season
40792,2008,0.71,35.57704918032787,122,122,122,122,1.0,warm_season
40792,2009,1.12,35.13442622950819,122,122,122,122,1.0,warm_season
40792,2010,0.0,34.05573770491804,122,122,122,122,1.0,warm_season
40792,2011,0.12,34.869672131147546,122,122,122,122,1.0,warm_season
40792,2012,6.109999999999999,33.31147540983606,122,122,122,122,1.0,warm_season
40792,2013,0.4,35.81803278688525,122,122,122,122,1.0,warm_season
40792,2014,0.3,35.118852459016395,122,122,122,122,1.0,warm_season
40792,2015,0.01,34.24918032786885,122,122,122,122,1.0,warm_season
40792,2016,0.1,34.84918032786886,122,122,122,122,1.0,warm_season
40792,2017,0.0,34.528688524590166,122,122,122,122,1.0,warm_season
40792,2018,0.2,35.26639344262295,122,122,122,122,1.0,warm_season
40792,2019,0.0,36.161983471074386,122,121,122,122,0.9918032786885246,warm_season
40792,2020,0.0,35.07295081967213,122,122,122,122,1.0,warm_season
40792,2021,0.72,35.873770491803285,122,122,122,122,1.0,warm_season
40792,2022,0.1,35.21147540983607,122,122,122,122,1.0,warm_season
40792,2023,0.0,35.91967213114754,122,122,122,122,1.0,warm_season
40792,2024,1.3,36.721311475409834,122,122,122,122,1.0,warm_season
40793,1991,0.71,30.836885245901637,122,122,122,122,1.0,warm_season
40793,1992,0.24000000000000002,29.901652892561984,122,121,122,122,0.9918032786885246,warm_season
40793,1993,3.2,30.731147540983606,122,122,122,122,1.0,warm_season
40793,1994,0.0,30.37107438016529,122,121,122,122,0.9918032786885246,warm_season
40793,1995,0.01,32.105785123966946,122,121,122,122,0.9918032786885246,warm_season
40793,1996,2.21,31.503278688524592,122,122,122,122,1.0,warm_season
40793,1997,8.23,32.00491803278688,122,122,122,122,1.0,warm_season
40793,1998,0.11,31.498360655737706,122,122,122,122,1.0,warm_season
40793,1999,6.21,31.822131147540986,122,122,122,122,1.0,warm_season
40793,2000,0.01,30.88032786885246,122,122,122,122,1.0,warm_season
40793,2001,0.03,31.848360655737704,122,122,122,122,1.0,warm_season
40793,2002,0.01,32.10901639344262,122,122,122,122,1.0,warm_season
40793,2003,0.3,31.52786885245902,122,122,122,122,1.0,warm_season
40793,2004,0.30000000000000004,31.264754098360658,122,122,122,122,1.0,warm_season
40793,2005,0.01,31.831147540983608,122,122,122,122,1.0,warm_season
40793,2006,0.0,31.195081967213117,122,122,122,122,1.0,warm_season
40793,2007,0.0,31.039344262295085,122,122,122,122,1.0,warm_season
40793,2008,0.0,32.27049180327869,122,122,122,122,1.0,warm_season
40793,2009,0.01,31.89672131147541,122,122,122,122,1.0,warm_season
40793,2010,1.01,31.734426229508195,122,122,122,122,1.0,warm_season
40793,2011,0.01,32.2,122,122,122,122,1.0,warm_season
40793,2012,25.2,31.354098360655737,122,122,122,122,1.0,warm_season
40793,2013,4.02,33.277868852459015,122,122,122,122,1.0,warm_season
40793,2014,0.01,33.324590163934424,122,122,122,122,1.0,warm_season
40793,2015,0.0,32.17704918032787,122,122,122,122,1.0,warm_season
40793,2016,0.01,33.25081967213114,122,122,122,122,1.0,warm_season
40793,2017,2.0,32.6396694214876,122,121,122,122,0.9918032786885246,warm_season
40793,2018,0.01,32.778688524590166,122,122,122,122,1.0,warm_season
40793,2019,0.2,33.27768595041322,122,121,122,122,0.9918032786885246,warm_season
40793,2020,2.5,32.76229508196721,122,122,122,122,1.0,warm_season
40793,2021,1.0,33.81487603305785,122,121,122,122,0.9918032786885246,warm_season
40793,2022,0.0,32.94016393442623,122,122,122,122,1.0,warm_season
40793,2023,0.0,33.26229508196721,122,122,122,122,1.0,warm_season
40793,2024,5.0,33.103305785123965,122,121,122,122,0.9918032786885246,warm_season
40794,1991,3.0,43.11735537190083,122,121,122,122,0.9918032786885246,warm_season
40794,1992,0.91,42.99672131147541,122,122,122,122,1.0,warm_season
40794,1993,0.0,43.790163934426225,122,122,122,122,1.0,warm_season
40794,1994,0.02,42.94754098360656,122,122,122,122,1.0,warm_season
40794,1995,2.0,43.43606557377049,122,122,122,122,1.0,warm_season
40794,1996,2.0,44.630327868852454,122,122,122,122,1.0,warm_season
40794,1997,0.01,44.033606557377055,122,122,122,122,1.0,warm_season
40794,1998,0.03,45.407377049180326,122,122,122,122,1.0,warm_season
40794,1999,0.0,44.90409836065574,122,122,122,122,1.0,warm_season
40794,2000,0.0,44.572131147540986,122,122,122,122,1.0,warm_season
40794,2001,0.21000000000000002,44.735245901639345,122,122,122,122,1.0,warm_season
40794,2002,0.0,44.372950819672134,122,122,122,122,1.0,warm_season
40794,2003,0.0,44.45245901639344,122,122,122,122,1.0,warm_season
40794,2004,0.0,43.763934426229504,122,122,122,122,1.0,warm_season
40794,2005,0.0,44.50327868852459,122,122,122,122,1.0,warm_season
40794,2006,0.0,44.971311475409834,122,122,122,122,1.0,warm_season
40794,2007,0.01,44.619672131147546,122,122,122,122,1.0,warm_season
40794,2008,5.01,44.87213114754098,122,122,122,122,1.0,warm_season
40794,2009,12.51,43.885245901639344,122,122,122,122,1.0,warm_season
40794,2010,0.21,44.985245901639345,122,122,122,122,1.0,warm_season
40794,2011,0.0,44.800000000000004,122,122,122,122,1.0,warm_season
40794,2012,0.0,45.12131147540984,122,122,122,122,1.0,warm_season
40794,2013,0.0,44.01967213114754,122,122,122,122,1.0,warm_season
40794,2014,0.0,44.0655737704918,122,122,122,122,1.0,warm_season
40794,2015,2.0,44.949999999999996,122,122,122,122,1.0,warm_season
40794,2016,0.0,44.3311475409836,122,122,122,122,1.0,warm_season
40794,2017,0.0,45.94590163934426,122,122,122,122,1.0,warm_season
40794,2018,0.5,45.81538461538461,122,117,122,122,0.9590163934426229,warm_season
40794,2019,0.0,45.71065573770492,122,122,122,122,1.0,warm_season
40794,2020,0.4,45.029508196721316,122,122,122,122,1.0,warm_season
40794,2021,0.0,45.955737704918036,122,122,122,122,1.0,warm_season
40794,2022,0.0,45.93471074380166,121,121,122,122,0.9918032786885246,warm_season
40794,2023,0.0,46.17131147540983,122,122,122,122,1.0,warm_season
40794,2024,0.01,46.44590163934426,122,122,122,122,1.0,warm_season
40796,1991,0.0,43.98196721311476,122,122,122,122,1.0,warm_season
40796,1992,0.0,43.01639344262295,122,122,122,122,1.0,warm_season
40796,1993,0.0,43.929752066115704,122,121,122,122,0.9918032786885246,warm_season
40796,1994,0.0,43.41833333333333,122,120,122,122,0.9836065573770492,warm_season
40796,1995,0.0,43.35,122,120,122,122,0.9836065573770492,warm_season
40796,1996,0.0,44.572131147540986,122,122,122,122,1.0,warm_season
40796,1997,0.0,43.57459016393443,122,122,122,122,1.0,warm_season
40796,1998,0.11,45.56611570247934,122,121,122,122,0.9918032786885246,warm_season
40796,1999,0.0,44.84016393442623,122,122,122,122,1.0,warm_season
40796,2000,0.0,44.73770491803279,122,122,122,122,1.0,warm_season
40796,2001,0.0,44.77704918032787,122,122,122,122,1.0,warm_season
40796,2002,0.0,44.47377049180328,122,122,122,122,1.0,warm_season
40796,2003,0.0,44.459016393442624,122,122,122,122,1.0,warm_season
40796,2004,0.0,44.544262295081964,122,122,122,122,1.0,warm_season
40796,2005,0.0,44.4827868852459,122,122,122,122,1.0,warm_season
40796,2006,0.0,45.53114754098361,122,122,122,122,1.0,warm_season
40796,2007,0.0,45.05245901639344,122,122,122,122,1.0,warm_season
40796,2008,5.0,44.89016393442623,122,122,122,122,1.0,warm_season
40796,2009,26.0,44.08524590163934,122,122,122,122,1.0,warm_season
40796,2010,0.0,45.88688524590164,122,122,122,122,1.0,warm_season
40796,2011,0.0,45.27213114754098,122,122,122,122,1.0,warm_season
40796,2012,0.0,45.55901639344262,122,122,122,122,1.0,warm_season
40796,2013,0.0,44.77213114754098,122,122,122,122,1.0,warm_season
40796,2014,2.0,45.51967213114754,122,122,122,122,1.0,warm_season
40796,2015,1.1,46.47933884297521,122,121,122,122,0.9918032786885246,warm_season
40796,2016,0.0,45.78524590163934,122,122,122,122,1.0,warm_season
40796,2017,0.0,47.401666666666664,122,120,122,122,0.9836065573770492,warm_season
40796,2018,0.8,46.504273504273506,121,117,122,122,0.9590163934426229,warm_season
40796,2019,0.0,47.23770491803279,122,122,122,122,1.0,warm_season
40796,2020,0.1,46.380327868852454,122,122,122,122,1.0,warm_season
40796,2021,0.0,46.968032786885246,122,122,122,122,1.0,warm_season
40796,2022,0.0,46.931666666666665,122,120,122,122,0.9836065573770492,warm_season
40796,2023,0.0,46.657377049180326,122,122,122,122,1.0,warm_season
40796,2024,0.0,46.861157024793386,122,121,122,122,0.9918032786885246,warm_season
40797,1991,1.33,29.302479338842975,122,121,122,122,0.9918032786885246,warm_season
40797,1992,4.220000000000001,26.581967213114755,122,122,122,122,1.0,warm_season
40797,1993,0.0,27.318032786885247,122,122,122,122,1.0,warm_season
40797,1994,5.0,28.209016393442624,122,122,122,122,1.0,warm_season
40797,1995,15.52,27.940163934426227,122,122,122,122,1.0,warm_season
40797,1996,1.34,27.46311475409836,122,122,122,122,1.0,warm_season
40797,1997,7.8100000000000005,28.265573770491805,122,122,122,122,1.0,warm_season
40797,1998,9.719999999999999,28.198360655737705,122,122,122,122,1.0,warm_season
40797,1999,2.03,28.24590163934426,122,122,122,122,1.0,warm_season
40797,2000,1.1099999999999999,28.376229508196722,122,122,122,122,1.0,warm_season
40797,2001,11.620000000000001,28.108196721311472,122,122,122,122,1.0,warm_season
40797,2002,2.5199999999999996,28.20245901639344,122,122,122,122,1.0,warm_season
40797,2003,0.2,28.59918032786885,122,122,122,122,1.0,warm_season
40797,2004,0.8200000000000001,28.00655737704918,122,122,122,122,1.0,warm_season
40797,2005,0.01,28.498360655737706,122,122,122,122,1.0,warm_season
40797,2006,2.01,28.541803278688523,122,122,122,122,1.0,warm_season
40797,2007,5.2299999999999995,28.421311475409837,122,122,122,122,1.0,warm_season
40797,2008,11.229999999999999,28.599999999999998,122,122,122,122,1.0,warm_season
40797,2009,21.82,27.821311475409836,122,122,122,122,1.0,warm_season
40797,2010,0.52,28.798360655737707,122,122,122,122,1.0,warm_season
40797,2011,0.0,28.75409836065574,122,122,122,122,1.0,warm_season
40797,2012,7.2299999999999995,28.373770491803278,122,122,122,122,1.0,warm_season
40797,2013,0.0,29.114754098360656,122,122,122,122,1.0,warm_season
40797,2014,17.509999999999998,29.334710743801654,122,121,122,122,0.9918032786885246,warm_season
40797,2015,12.34,29.101652892561987,122,121,122,122,0.9918032786885246,warm_season
40797,2016,0.04,29.211475409836066,122,122,122,122,1.0,warm_season
40797,2017,0.12000000000000001,29.403278688524587,122,122,122,122,1.0,warm_season
40797,2018,6.42,29.98688524590164,122,122,122,122,1.0,warm_season
40797,2019,0.6000000000000001,29.6275,122,120,122,122,0.9836065573770492,warm_season
40797,2020,4.8,28.80327868852459,122,122,122,122,1.0,warm_season
40797,2021,1.51,30.205737704918032,122,122,122,122,1.0,warm_season
40797,2022,55.21,29.77190082644628,122,121,122,122,0.9918032786885246,warm_season
40797,2023,0.6,29.39918032786885,122,122,122,122,1.0,warm_season
40797,2024,0.11,30.17950819672131,122,122,122,122,1.0,warm_season
40798,1991,2.4299999999999997,32.08760330578512,122,121,122,122,0.9918032786885246,warm_season
40798,1992,0.0,29.50655737704918,122,122,122,122,1.0,warm_season
40798,1993,2.6299999999999994,30.45655737704918,122,122,122,122,1.0,warm_season
40798,1994,0.12,31.431967213114753,122,122,122,122,1.0,warm_season
40798,1995,3.5299999999999994,31.11967213114754,122,122,122,122,1.0,warm_season
40798,1996,2.1199999999999997,30.395081967213113,122,122,122,122,1.0,warm_season
40798,1997,13.219999999999999,31.692622950819672,122,122,122,122,1.0,warm_season
40798,1998,3.9299999999999993,31.32049180327869,122,122,122,122,1.0,warm_season
40798,1999,2.7399999999999993,31.567213114754097,122,122,122,122,1.0,warm_season
40798,2000,0.12,31.42950819672131,122,122,122,122,1.0,warm_season
40798,2001,2.33,31.50901639344262,122,122,122,122,1.0,warm_season
40798,2002,0.01,31.742622950819673,122,122,122,122,1.0,warm_season
40798,2003,0.01,32.15327868852459,122,122,122,122,1.0,warm_season
40798,2004,1.24,31.462295081967213,122,122,122,122,1.0,warm_season
40798,2005,2.26,31.84016393442623,122,122,122,122,1.0,warm_season
40798,2006,0.01,31.577868852459016,122,122,122,122,1.0,warm_season
40798,2007,3.0,31.45409836065574,122,122,122,122,1.0,warm_season
40798,2008,3.4199999999999995,31.567213114754097,122,122,122,122,1.0,warm_season
40798,2009,9.64,31.428688524590164,122,122,122,122,1.0,warm_season
40798,2010,0.42000000000000004,31.710655737704915,122,122,122,122,1.0,warm_season
40798,2011,0.61,32.08032786885246,122,122,122,122,1.0,warm_season
40798,2012,10.03,31.09918032786885,122,122,122,122,1.0,warm_season
40798,2013,0.0,32.631147540983605,122,122,122,122,1.0,warm_season
40798,2014,0.05,32.25901639344262,122,122,122,122,1.0,warm_season
40798,2015,29.04,31.755371900826447,122,121,122,122,0.9918032786885246,warm_season
40798,2016,0.0,32.095,122,120,122,122,0.9836065573770492,warm_season
40798,2017,0.0,32.0172131147541,122,122,122,122,1.0,warm_season
40798,2018,0.02,33.0172131147541,122,122,122,122,1.0,warm_season
40798,2019,18.11,33.34426229508197,122,122,122,122,1.0,warm_season
40798,2020,1.0,32.351639344262296,122,122,122,122,1.0,warm_season
40798,2021,0.8400000000000001,33.45245901639344,122,122,122,122,1.0,warm_season
40798,2022,15.82,32.8827868852459,122,122,122,122,1.0,warm_season
40798,2023,0.01,33.01311475409836,122,122,122,122,1.0,warm_season
40798,2024,1.01,34.053719008264466,122,121,122,122,0.9918032786885246,warm_season
40799,1991,,,0,0,122,122,0.0,warm_season
40799,1992,11.809999999999999,34.50826446280992,122,121,122,122,0.9918032786885246,warm_season
40799,1993,0.0,35.70245901639344,122,122,122,122,1.0,warm_season
40799,1994,0.0,35.55901639344262,122,122,122,122,1.0,warm_season
40799,1995,0.81,36.46583333333333,122,120,122,122,0.9836065573770492,warm_season
40799,1996,6.01,35.59180327868852,122,122,122,122,1.0,warm_season
40799,1997,0.93,36.705737704918036,122,122,122,122,1.0,warm_season
40799,1998,10.04,36.214166666666664,122,120,122,122,0.9836065573770492,warm_season
40799,1999,2.8000000000000003,36.09918032786886,122,122,122,122,1.0,warm_season
40799,2000,0.0,36.14754098360656,122,122,122,122,1.0,warm_season
40799,2001,1.4200000000000002,36.07868852459017,122,122,122,122,1.0,warm_season
40799,2002,0.01,36.81475409836065,122,122,122,122,1.0,warm_season
40799,2003,0.0,36.575409836065575,122,122,122,122,1.0,warm_season
40799,2004,1.0,35.99016393442623,122,122,122,122,1.0,warm_season
40799,2005,0.9,36.56475409836065,122,122,122,122,1.0,warm_season
40799,2006,0.0,36.307377049180324,122,122,122,122,1.0,warm_season
40799,2007,4.8,36.39918032786885,122,122,122,122,1.0,warm_season
40799,2008,2.0,36.41065573770492,122,122,122,122,1.0,warm_season
40799,2009,6.81,35.92213114754098,122,122,122,122,1.0,warm_season
40799,2010,0.3,36.2016393442623,122,122,122,122,1.0,warm_season
40799,2011,0.0,37.3327868852459,122,122,122,122,1.0,warm_season
40799,2012,0.30000000000000004,35.39590163934427,122,122,122,122,1.0,warm_season
40799,2013,0.0,36.82295081967213,122,122,122,122,1.0,warm_season
40799,2014,0.7,37.173770491803275,122,122,122,122,1.0,warm_season
40799,2015,3.2100000000000004,36.28442622950819,122,122,122,122,1.0,warm_season
40799,2016,4.0,36.26803278688524,122,122,122,122,1.0,warm_season
40799,2017,0.31,36.208196721311474,122,122,122,122,1.0,warm_season
40799,2018,14.54,37.199999999999996,122,121,122,122,0.9918032786885246,warm_season
40799,2019,1.01,37.42644628099174,122,121,122,122,0.9918032786885246,warm_season
40799,2020,3.55,36.29344262295082,122,122,122,122,1.0,warm_season
40799,2021,0.0,37.82049180327869,122,122,122,122,1.0,warm_season
40799,2022,1.3,37.25901639344263,122,122,122,122,1.0,warm_season
40799,2023,6.5,37.248360655737706,122,122,122,122,1.0,warm_season
40799,2024,4.82,37.490909090909085,122,121,122,122,0.9918032786885246,warm_season
40800,1991,0.04,34.99590163934426,122,122,122,122,1.0,warm_season
40800,1992,13.81,33.395081967213116,122,122,122,122,1.0,warm_season
40800,1993,0.1,34.11557377049181,122,122,122,122,1.0,warm_season
40800,1994,0.0,34.80327868852459,122,122,122,122,1.0,warm_season
40800,1995,10.91,35.337704918032784,122,122,122,122,1.0,warm_season
40800,1996,1.51,34.33934426229508,122,122,122,122,1.0,warm_season
40800,1997,7.51,35.63934426229508,122,122,122,122,1.0,warm_season
40800,1998,2.5,34.92950819672131,122,122,122,122,1.0,warm_season
40800,1999,0.61,35.385245901639344,122,122,122,122,1.0,warm_season
40800,2000,0.7,35.33688524590164,122,122,122,122,1.0,warm_season
40800,2001,4.31,35.898360655737704,122,122,122,122,1.0,warm_season
40800,2002,0.4,36.01311475409836,122,122,122,122,1.0,warm_season
40800,2003,0.0,36.136065573770495,122,122,122,122,1.0,warm_season
40800,2004,0.32,35.040163934426225,122,122,122,122,1.0,warm_season
40800,2005,0.0,35.923770491803275,122,122,122,122,1.0,warm_season
40800,2006,0.0,35.03114754098361,122,122,122,122,1.0,warm_season
40800,2007,10.82,34.873770491803285,122,122,122,122,1.0,warm_season
40800,2008,0.03,35.42950819672131,122,122,122,122,1.0,warm_season
40800,2009,2.02,35.48688524590164,122,122,122,122,1.0,warm_season
40800,2010,1.01,35.264754098360655,122,122,122,122,1.0,warm_season
40800,2011,0.01,35.911475409836065,122,122,122,122,1.0,warm_season
40800,2012,3.0,34.747540983606555,122,122,122,122,1.0,warm_season
40800,2013,0.3,36.38852459016393,122,122,122,122,1.0,warm_season
40800,2014,6.1,36.10327868852459,122,122,122,122,1.0,warm_season
40800,2015,15.1,35.06393442622951,122,122,122,122,1.0,warm_season
40800,2016,0.0,35.540163934426225,122,122,122,122,1.0,warm_season
40800,2017,0.0,35.22950819672131,122,122,122,122,1.0,warm_season
40800,2018,2.01,36.14958677685951,122,121,122,122,0.9918032786885246,warm_season
40800,2019,0.7,36.71885245901639,122,122,122,122,1.0,warm_season
40800,2020,0.41000000000000003,36.295901639344265,122,122,122,122,1.0,warm_season
40800,2021,0.0,37.59083333333333,122,120,122,122,0.9836065573770492,warm_season
40800,2022,10.1,37.03719008264463,122,121,122,122,0.9918032786885246,warm_season
40800,2023,0.30000000000000004,37.731404958677686,122,121,122,122,0.9918032786885246,warm_season
40800,2024,7.2,38.788333333333334,122,120,122,122,0.9836065573770492,warm_season
40801,1991,,,0,0,122,122,0.0,warm_season
40801,1992,0.7,32.75123966942149,122,121,122,122,0.9918032786885246,warm_season
40801,1993,0.1,33.65901639344262,122,122,122,122,1.0,warm_season
40801,1994,0.0,33.911475409836065,122,122,122,122,1.0,warm_season
40801,1995,1.7,34.66833333333333,122,120,122,122,0.9836065573770492,warm_season
40801,1996,10.1,33.6825,122,120,122,122,0.9836065573770492,warm_season
40801,1997,3.8000000000000003,34.877049180327866,122,122,122,122,1.0,warm_season
40801,1998,2.9,34.24098360655737,122,122,122,122,1.0,warm_season
40801,1999,0.81,34.458196721311474,122,122,122,122,1.0,warm_season
40801,2000,0.0,34.22396694214876,122,121,122,122,0.9918032786885246,warm_season
40801,2001,0.3,34.12540983606557,122,122,122,122,1.0,warm_season
40801,2002,0.0,34.96147540983607,122,122,122,122,1.0,warm_season
40801,2003,0.0,34.966393442622945,122,122,122,122,1.0,warm_season
40801,2004,6.0,34.191803278688525,122,122,122,122,1.0,warm_season
40801,2005,1.72,35.02622950819672,122,122,122,122,1.0,warm_season
40801,2006,0.0,34.34754098360656,122,122,122,122,1.0,warm_season
40801,2007,2.21,34.07868852459017,122,122,122,122,1.0,warm_season
40801,2008,0.43000000000000005,34.80491803278689,122,122,122,122,1.0,warm_season
40801,2009,1.9100000000000001,34.529508196721316,122,122,122,122,1.0,warm_season
40801,2010,0.0,34.032786885245905,122,122,122,122,1.0,warm_season
40801,2011,0.11,34.498360655737706,122,122,122,122,1.0,warm_season
40801,2012,0.02,33.15409836065574,122,122,122,122,1.0,warm_season
40801,2013,0.21000000000000002,34.699999999999996,122,122,122,122,1.0,warm_season
40801,2014,0.01,34.764754098360655,122,122,122,122,1.0,warm_season
40801,2015,2.91,33.90327868852459,122,122,122,122,1.0,warm_season
40801,2016,0.0,34.364754098360656,122,122,122,122,1.0,warm_season
40801,2017,2.0,34.18688524590164,122,122,122,122,1.0,warm_season
40801,2018,0.91,35.155,122,120,122,122,0.9836065573770492,warm_season
40801,2019,0.32,35.506557377049184,122,122,122,122,1.0,warm_season
40801,2020,6.9,34.13360655737705,122,122,122,122,1.0,warm_season
40801,2021,0.2,35.493442622950816,122,122,122,122,1.0,warm_season
40801,2022,3.0,34.673770491803275,122,122,122,122,1.0,warm_season
40801,2023,0.8999999999999999,35.161475409836065,122,122,122,122,1.0,warm_season
40801,2024,6.8,35.59426229508197,122,122,122,122,1.0,warm_season
40802,1991,0.01,35.726229508196724,122,122,122,122,1.0,warm_season
40802,1992,13.41,33.85901639344262,122,122,122,122,1.0,warm_season
40802,1993,14.01,34.56311475409836,122,122,122,122,1.0,warm_season
40802,1994,0.2,35.54262295081967,122,122,122,122,1.0,warm_season
40802,1995,2.6,35.16967213114754,122,122,122,122,1.0,warm_season
40802,1996,1.4100000000000001,34.69016393442623,122,122,122,122,1.0,warm_season
40802,1997,1.41,35.974380165289254,122,121,122,122,0.9918032786885246,warm_season
40802,1998,4.41,35.187704918032786,122,122,122,122,1.0,warm_season
40802,1999,2.0,35.704918032786885,122,122,122,122,1.0,warm_season
40802,2000,1.1,35.48852459016394,122,122,122,122,1.0,warm_season
40802,2001,4.22,35.822131147540986,122,122,122,122,1.0,warm_season
40802,2002,8.3,35.87950819672131,122,122,122,122,1.0,warm_season
40802,2003,0.0,36.17131147540983,122,122,122,122,1.0,warm_season
40802,2004,0.6,35.34754098360656,122,122,122,122,1.0,warm_season
40802,2005,0.51,36.14344262295082,122,122,122,122,1.0,warm_season
40802,2006,0.0,35.536065573770486,122,122,122,122,1.0,warm_season
40802,2007,1.3,35.56393442622951,122,122,122,122,1.0,warm_season
40802,2008,0.8,35.821311475409836,122,122,122,122,1.0,warm_season
40802,2009,2.83,35.55573770491804,122,122,122,122,1.0,warm_season
40802,2010,2.0199999999999996,35.71311475409836,122,122,122,122,1.0,warm_season
40802,2011,1.0,36.088524590163935,122,122,122,122,1.0,warm_season
40802,2012,9.53,34.77213114754098,122,122,122,122,1.0,warm_season
40802,2013,0.0,36.55409836065574,122,122,122,122,1.0,warm_season
40802,2014,0.12,36.30983606557377,122,122,122,122,1.0,warm_season
40802,2015,12.02,35.247540983606555,122,122,122,122,1.0,warm_season
40802,2016,0.0,35.49180327868852,122,122,122,122,1.0,warm_season
40802,2017,2.01,35.34098360655738,122,122,122,122,1.0,warm_season
40802,2018,0.81,36.33884297520661,122,121,122,122,0.9918032786885246,warm_season
40802,2019,0.42000000000000004,36.86311475409836,122,122,122,122,1.0,warm_season
40802,2020,1.04,35.623770491803285,122,122,122,122,1.0,warm_season
40802,2021,0.24000000000000002,36.71885245901639,122,122,122,122,1.0,warm_season
40802,2022,8.03,36.0483606557377,122,122,122,122,1.0,warm_season
40802,2023,4.02,36.529508196721316,122,122,122,122,1.0,warm_season
40802,2024,16.03,37.25867768595042,122,121,122,122,0.9918032786885246,warm_season
40803,1991,,,0,0,122,122,0.0,warm_season
40803,1992,9.62,33.1983606557377,122,122,122,122,1.0,warm_season
40803,1993,0.0,34.191803278688525,122,122,122,122,1.0,warm_season
40803,1994,0.4,34.90819672131148,122,122,122,122,1.0,warm_season
40803,1995,2.22,34.69016393442623,122,122,122,122,1.0,warm_season
40803,1996,0.22000000000000003,34.049180327868854,122,122,122,122,1.0,warm_season
40803,1997,9.0,35.43196721311475,122,122,122,122,1.0,warm_season
40803,1998,1.81,35.006557377049184,122,122,122,122,1.0,warm_season
40803,1999,4.5,35.264754098360655,122,122,122,122,1.0,warm_season
40803,2000,0.21000000000000002,35.5516393442623,122,122,122,122,1.0,warm_season
40803,2001,0.5,36.17213114754098,122,122,122,122,1.0,warm_season
40803,2002,1.0,36.07049180327869,122,122,122,122,1.0,warm_season
40803,2003,0.0,36.157377049180326,122,122,122,122,1.0,warm_season
40803,2004,0.8,35.529508196721316,122,122,122,122,1.0,warm_season
40803,2005,0.0,35.90163934426229,122,122,122,122,1.0,warm_season
40803,2006,0.0,35.43852459016394,122,122,122,122,1.0,warm_season
40803,2007,13.01,35.01639344262295,122,122,122,122,1.0,warm_season
40803,2008,0.0,35.50983606557377,122,122,122,122,1.0,warm_season
40803,2009,2.62,35.60819672131147,122,122,122,122,1.0,warm_season
40803,2010,0.4,35.77459016393443,122,122,122,122,1.0,warm_season
40803,2011,0.0,36.59098360655738,122,122,122,122,1.0,warm_season
40803,2012,5.0,35.39180327868853,122,122,122,122,1.0,warm_season
40803,2013,0.0,36.17704918032787,122,122,122,122,1.0,warm_season
40803,2014,0.3,36.152066115702475,122,121,122,122,0.9918032786885246,warm_season
40803,2015,21.2,35.320661157024794,122,121,122,122,0.9918032786885246,warm_season
40803,2016,0.0,35.925619834710744,122,121,122,122,0.9918032786885246,warm_season
40803,2017,0.0,35.736065573770496,122,122,122,122,1.0,warm_season
40803,2018,0.2,36.99,122,120,122,122,0.9836065573770492,warm_season
40803,2019,0.0,37.013333333333335,122,120,122,122,0.9836065573770492,warm_season
40803,2020,0.4,36.072131147540986,122,122,122,122,1.0,warm_season
40803,2021,0.9,37.24426229508197,122,122,122,122,1.0,warm_season
40803,2022,0.0,36.4,122,121,122,122,0.9918032786885246,warm_season
40803,2023,0.0,38.07786885245902,120,122,122,122,0.9836065573770492,warm_season
40803,2024,3.0,38.937190082644626,122,121,122,122,0.9918032786885246,warm_season
40809,1991,0.0,33.88119658119658,122,117,122,122,0.9590163934426229,warm_season
40809,1992,2.0199999999999996,33.054098360655736,122,122,122,122,1.0,warm_season
40809,1993,0.8300000000000001,33.27622950819672,122,122,122,122,1.0,warm_season
40809,1994,0.1,33.91393442622951,122,122,122,122,1.0,warm_season
40809,1995,0.01,34.50983606557377,122,122,122,122,1.0,warm_season
40809,1996,10.7,33.34590163934426,122,122,122,122,1.0,warm_season
40809,1997,0.7999999999999999,34.73934426229508,122,122,122,122,1.0,warm_season
40809,1998,0.81,33.5811475409836,122,122,122,122,1.0,warm_season
40809,1999,10.729999999999999,34.428688524590164,122,122,122,122,1.0,warm_season
40809,2000,0.01,33.320491803278685,122,122,122,122,1.0,warm_season
40809,2001,0.0,34.84098360655738,122,122,122,122,1.0,warm_season
40809,2002,0.0,34.64590163934427,122,122,122,122,1.0,warm_season
40809,2003,0.01,34.67295081967213,122,122,122,122,1.0,warm_season
40809,2004,0.12,33.9483606557377,122,122,122,122,1.0,warm_season
40809,2005,0.01,34.583606557377045,122,122,122,122,1.0,warm_season
40809,2006,0.01,34.01967213114754,122,122,122,122,1.0,warm_season
40809,2007,1.2,33.81967213114754,122,122,122,122,1.0,warm_season
40809,2008,0.41000000000000003,35.25491803278689,122,122,122,122,1.0,warm_season
40809,2009,0.01,35.013934426229504,122,122,122,122,1.0,warm_season
40809,2010,0.2,34.15,122,122,122,122,1.0,warm_season
40809,2011,1.04,34.48770491803279,122,122,122,122,1.0,warm_season
40809,2012,0.71,32.855737704918035,122,122,122,122,1.0,warm_season
40809,2013,12.1,35.71557377049181,122,122,122,122,1.0,warm_season
40809,2014,0.2,35.0595041322314,122,121,122,122,0.9918032786885246,warm_season
40809,2015,0.1,33.93636363636364,122,121,122,122,0.9918032786885246,warm_season
40809,2016,0.04,34.699173553719014,122,121,122,122,0.9918032786885246,warm_season
40809,2017,0.01,34.07459016393443,122,122,122,122,1.0,warm_season
40809,2018,1.5,34.599173553719005,122,121,122,122,0.9918032786885246,warm_season
40809,2019,0.0,35.56446280991736,122,121,122,122,0.9918032786885246,warm_season
40809,2020,15.92,34.47950819672131,122,122,122,122,1.0,warm_season
40809,2021,0.0,35.368032786885244,122,122,122,122,1.0,warm_season
40809,2022,0.0,35.64180327868853,122,122,122,122,1.0,warm_season
40809,2023,0.1,36.0155737704918,122,122,122,122,1.0,warm_season
40809,2024,1.61,36.81311475409836,122,122,122,122,1.0,warm_season
40810,1991,0.0,43.03934426229508,122,122,122,122,1.0,warm_season
40810,1992,0.01,42.52295081967213,122,122,122,122,1.0,warm_season
40810,1993,0.0,42.9327868852459,122,122,122,122,1.0,warm_season
40810,1994,0.01,42.96885245901639,122,122,122,122,1.0,warm_season
40810,1995,0.0,42.86065573770492,122,122,122,122,1.0,warm_season
40810,1996,0.0,44.236065573770496,122,122,122,122,1.0,warm_season
40810,1997,0.2,44.05409836065574,122,122,122,122,1.0,warm_season
40810,1998,0.0,45.43606557377049,122,122,122,122,1.0,warm_season
40810,1999,0.0,45.91803278688525,122,122,122,122,1.0,warm_season
40810,2000,0.0,45.942622950819676,122,122,122,122,1.0,warm_season
40810,2001,0.0,45.75737704918033,122,122,122,122,1.0,warm_season
40810,2002,0.0,45.68360655737705,122,122,122,122,1.0,warm_season
40810,2003,0.0,45.40327868852459,122,122,122,122,1.0,warm_season
40810,2004,0.0,45.03770491803279,122,122,122,122,1.0,warm_season
40810,2005,0.0,44.895081967213116,122,122,122,122,1.0,warm_season
40810,2006,0.0,45.601639344262296,122,122,122,122,1.0,warm_season
40810,2007,0.0,45.33032786885246,122,122,122,122,1.0,warm_season
40810,2008,1.0,45.44918032786885,122,122,122,122,1.0,warm_season
40810,2009,5.2,44.45245901639344,122,122,122,122,1.0,warm_season
40810,2010,0.0,46.35081967213115,122,122,122,122,1.0,warm_season
40810,2011,0.0,45.8016393442623,122,122,122,122,1.0,warm_season
40810,2012,0.0,46.25737704918033,122,122,122,122,1.0,warm_season
40810,2013,0.0,44.55491803278689,122,122,122,122,1.0,warm_season
40810,2014,0.0,45.48196721311476,122,122,122,122,1.0,warm_season
40810,2015,0.0,46.654545454545456,122,121,122,122,0.9918032786885246,warm_season
40810,2016,0.0,45.77540983606558,122,122,122,122,1.0,warm_season
40810,2017,0.0,47.087704918032784,122,122,122,122,1.0,warm_season
40810,2018,0.2,46.48717948717949,122,117,122,122,0.9590163934426229,warm_season
40810,2019,0.0,45.631967213114756,122,122,122,122,1.0,warm_season
40810,2020,0.0,45.39344262295082,122,122,122,122,1.0,warm_season
40810,2021,0.0,46.77622950819672,122,122,122,122,1.0,warm_season
40810,2022,8.0,46.75737704918033,122,122,122,122,1.0,warm_season
40810,2023,0.0,46.35327868852459,122,122,122,122,1.0,warm_season
40810,2024,0.0,46.72166666666667,122,120,122,122,0.9836065573770492,warm_season
40811,1991,0.02,43.85901639344262,122,122,122,122,1.0,warm_season
40811,1992,0.03,43.77459016393443,122,122,122,122,1.0,warm_season
40811,1993,0.0,44.34426229508197,122,122,122,122,1.0,warm_season
40811,1994,0.0,44.00983606557377,122,122,122,122,1.0,warm_season
40811,1995,0.2,43.998360655737706,122,122,122,122,1.0,warm_season
40811,1996,0.01,45.37213114754098,122,122,122,122,1.0,warm_season
40811,1997,2.0,44.468032786885246,122,122,122,122,1.0,warm_season
40811,1998,0.0,46.19426229508196,122,122,122,122,1.0,warm_season
40811,1999,0.0,45.81147540983606,122,122,122,122,1.0,warm_season
40811,2000,0.01,45.90327868852459,122,122,122,122,1.0,warm_season
40811,2001,0.0,45.8672131147541,122,122,122,122,1.0,warm_season
40811,2002,0.0,45.74016393442623,122,122,122,122,1.0,warm_season
40811,2003,0.0,45.39262295081967,122,122,122,122,1.0,warm_season
40811,2004,0.0,45.636065573770495,122,122,122,122,1.0,warm_season
40811,2005,0.0,45.29344262295082,122,122,122,122,1.0,warm_season
40811,2006,0.0,45.76065573770492,122,122,122,122,1.0,warm_season
40811,2007,1.31,45.386065573770495,122,122,122,122,1.0,warm_season
40811,2008,5.0,45.291803278688526,122,122,122,122,1.0,warm_season
40811,2009,0.41000000000000003,44.51311475409836,122,122,122,122,1.0,warm_season
40811,2010,0.0,45.912295081967216,122,122,122,122,1.0,warm_season
40811,2011,0.0,45.37213114754098,122,122,122,122,1.0,warm_season
40811,2012,0.0,45.55491803278689,122,122,122,122,1.0,warm_season
40811,2013,0.0,44.35245901639344,122,122,122,122,1.0,warm_season
40811,2014,0.0,45.05573770491804,122,122,122,122,1.0,warm_season
40811,2015,0.0,46.31967213114754,122,122,122,122,1.0,warm_season
40811,2016,0.0,45.55573770491804,122,122,122,122,1.0,warm_season
40811,2017,0.0,46.95245901639344,122,122,122,122,1.0,warm_season
40811,2018,0.01,46.61932773109243,122,119,122,122,0.9754098360655737,warm_season
40811,2019,0.0,46.4327868852459,122,122,122,122,1.0,warm_season
40811,2020,0.0,45.88688524590164,122,122,122,122,1.0,warm_season
40811,2021,0.0,46.873770491803285,122,122,122,122,1.0,warm_season
40811,2022,0.01,46.39262295081967,122,122,122,122,1.0,warm_season
40811,2023,1.0,46.92540983606557,122,122,122,122,1.0,warm_season
40811,2024,0.01,46.64590163934427,122,122,122,122,1.0,warm_season
40812,1991,0.0,42.52459016393443,122,122,122,122,1.0,warm_season
40812,1992,0.01,42.13442622950819,122,122,122,122,1.0,warm_season
40812,1993,0.0,43.34590163934426,122,122,122,122,1.0,warm_season
40812,1994,0.0,42.54262295081967,122,122,122,122,1.0,warm_season
40812,1995,0.3,43.06885245901639,122,122,122,122,1.0,warm_season
40812,1996,0.01,44.114754098360656,122,122,122,122,1.0,warm_season
40812,1997,0.5,43.31147540983606,122,122,122,122,1.0,warm_season
40812,1998,0.0,44.80327868852459,122,122,122,122,1.0,warm_season
40812,1999,0.0,44.0672131147541,122,122,122,122,1.0,warm_season
40812,2000,0.3,43.924590163934425,122,122,122,122,1.0,warm_season
40812,2001,0.6,43.72295081967213,122,122,122,122,1.0,warm_season
40812,2002,0.01,43.6,122,122,122,122,1.0,warm_season
40812,2003,0.0,43.424590163934425,122,122,122,122,1.0,warm_season
40812,2004,0.0,43.424590163934425,122,122,122,122,1.0,warm_season
40812,2005,0.0,43.485245901639345,122,122,122,122,1.0,warm_season
40812,2006,0.0,44.29344262295082,122,122,122,122,1.0,warm_season
40812,2007,0.0,43.94098360655738,122,122,122,122,1.0,warm_season
40812,2008,0.93,43.60983606557377,122,122,122,122,1.0,warm_season
40812,2009,2.0,42.91311475409836,122,122,122,122,1.0,warm_season
40812,2010,0.0,44.985245901639345,122,122,122,122,1.0,warm_season
40812,2011,0.0,44.42622950819672,122,122,122,122,1.0,warm_season
40812,2012,0.0,44.75573770491803,122,122,122,122,1.0,warm_season
40812,2013,0.0,43.583606557377045,122,122,122,122,1.0,warm_season
40812,2014,1.0,43.88360655737705,122,122,122,122,1.0,warm_season
40812,2015,4.1,44.59426229508197,122,122,122,122,1.0,warm_season
40812,2016,0.0,44.29672131147541,122,122,122,122,1.0,warm_season
40812,2017,0.0,45.377049180327866,122,122,122,122,1.0,warm_season
40812,2018,0.4,44.626724137931035,122,116,122,122,0.9508196721311475,warm_season
40812,2019,0.0,45.087704918032784,122,122,122,122,1.0,warm_season
40812,2020,22.0,44.533606557377055,122,122,122,122,1.0,warm_season
40812,2021,0.0,44.604918032786884,122,122,122,122,1.0,warm_season
40812,2022,9.5,44.10655737704918,122,122,122,122,1.0,warm_season
40812,2023,0.0,44.50573770491803,122,122,122,122,1.0,warm_season
40812,2024,0.0,44.6844262295082,122,122,122,122,1.0,warm_season
40813,1991,0.0,43.20666666666667,122,120,122,122,0.9836065573770492,warm_season
40813,1992,0.0,43.385245901639344,122,122,122,122,1.0,warm_season
40813,1993,0.0,44.35573770491803,122,122,122,122,1.0,warm_season
40813,1994,0.0,43.61147540983607,122,122,122,122,1.0,warm_season
40813,1995,0.0,44.0827868852459,122,122,122,122,1.0,warm_season
40813,1996,0.2,45.32950819672131,122,122,122,122,1.0,warm_season
40813,1997,0.0,44.20655737704918,122,122,122,122,1.0,warm_season
40813,1998,1.0,46.001639344262294,122,122,122,122,1.0,warm_season
40813,1999,0.0,45.3672131147541,122,122,122,122,1.0,warm_season
40813,2000,1.0,45.373770491803285,122,122,122,122,1.0,warm_season
40813,2001,0.8,45.12459016393443,122,122,122,122,1.0,warm_season
40813,2002,0.0,45.062295081967214,122,122,122,122,1.0,warm_season
40813,2003,0.0,44.886065573770495,122,122,122,122,1.0,warm_season
40813,2004,0.0,44.55901639344262,122,122,122,122,1.0,warm_season
40813,2005,0.0,44.77704918032787,122,122,122,122,1.0,warm_season
40813,2006,0.0,45.50327868852459,122,122,122,122,1.0,warm_season
40813,2007,0.2,45.21147540983607,122,122,122,122,1.0,warm_season
40813,2008,21.0,44.89344262295082,122,122,122,122,1.0,warm_season
40813,2009,0.0,44.12786885245902,122,122,122,122,1.0,warm_season
40813,2010,0.0,45.583606557377045,122,122,122,122,1.0,warm_season
40813,2011,0.0,45.657377049180326,122,122,122,122,1.0,warm_season
40813,2012,0.0,45.657377049180326,122,122,122,122,1.0,warm_season
40813,2013,0.0,44.881967213114756,122,122,122,122,1.0,warm_season
40813,2014,0.0,45.4344262295082,122,122,122,122,1.0,warm_season
40813,2015,0.0,46.2344262295082,122,122,122,122,1.0,warm_season
40813,2016,0.0,45.75737704918033,122,122,122,122,1.0,warm_season
40813,2017,0.0,47.00901639344263,122,122,122,122,1.0,warm_season
40813,2018,0.0,46.32136752136753,122,117,122,122,0.9590163934426229,warm_season
40813,2019,0.0,46.28114754098361,122,122,122,122,1.0,warm_season
40813,2020,0.0,45.97704918032787,122,122,122,122,1.0,warm_season
40813,2021,0.0,46.763934426229504,122,122,122,122,1.0,warm_season
40813,2022,34.1,45.69918032786885,122,122,122,122,1.0,warm_season
40813,2023,0.0,46.12868852459016,122,122,122,122,1.0,warm_season
40813,2024,0.0,46.145081967213116,122,122,122,122,1.0,warm_season
40818,1991,0.31000000000000005,32.86229508196721,122,122,122,122,1.0,warm_season
40818,1992,0.81,30.724590163934426,122,122,122,122,1.0,warm_season
40818,1993,0.0,31.363114754098362,122,122,122,122,1.0,warm_season
40818,1994,0.05,32.29344262295082,122,122,122,122,1.0,warm_season
40818,1995,1.8,31.92622950819672,122,122,122,122,1.0,warm_season
40818,1996,1.4100000000000001,31.385245901639344,122,122,122,122,1.0,warm_season
40818,1997,6.859999999999999,32.75573770491803,122,122,122,122,1.0,warm_season
40818,1998,3.96,32.178688524590164,122,122,122,122,1.0,warm_season
40818,1999,0.02,32.557377049180324,122,122,122,122,1.0,warm_season
40818,2000,0.03,32.122950819672134,122,122,122,122,1.0,warm_season
40818,2001,1.22,32.424590163934425,122,122,122,122,1.0,warm_season
40818,2002,0.1,32.77704918032787,122,122,122,122,1.0,warm_season
40818,2003,3.0,33.21147540983607,122,122,122,122,1.0,warm_season
40818,2004,6.21,31.90655737704918,122,122,122,122,1.0,warm_season
40818,2005,1.6,32.84426229508197,122,122,122,122,1.0,warm_season
40818,2006,0.0,32.118852459016395,122,122,122,122,1.0,warm_season
40818,2007,6.42,32.04262295081967,122,122,122,122,1.0,warm_season
40818,2008,0.43000000000000005,32.19016393442623,122,122,122,122,1.0,warm_season
40818,2009,9.81,32.34590163934426,122,122,122,122,1.0,warm_season
40818,2010,0.02,31.914754098360653,122,122,122,122,1.0,warm_season
40818,2011,0.02,32.46557377049181,122,122,122,122,1.0,warm_season
40818,2012,2.3,31.18032786885246,122,122,122,122,1.0,warm_season
40818,2013,0.04,32.980327868852456,122,122,122,122,1.0,warm_season
40818,2014,0.21000000000000002,32.57868852459016,122,122,122,122,1.0,warm_season
40818,2015,12.05,31.10327868852459,122,122,122,122,1.0,warm_season
40818,2016,0.02,32.30491803278689,122,122,122,122,1.0,warm_season
40818,2017,0.0,31.822950819672133,122,122,122,122,1.0,warm_season
40818,2018,1.0,33.307377049180324,122,122,122,122,1.0,warm_season
40818,2019,0.01,34.00737704918033,122,122,122,122,1.0,warm_season
40818,2020,1.01,33.200819672131146,122,122,122,122,1.0,warm_season
40818,2021,0.02,33.25409836065574,122,122,122,122,1.0,warm_season
40818,2022,53.71,32.31393442622951,122,122,122,122,1.0,warm_season
40818,2023,2.0,33.64426229508197,122,122,122,122,1.0,warm_season
40818,2024,2.8,34.376229508196715,122,122,122,122,1.0,warm_season
40821,1991,0.0,37.31583333333333,122,120,122,122,0.9836065573770492,warm_season
40821,1992,0.01,36.286065573770486,122,122,122,122,1.0,warm_season
40821,1993,0.01,37.02131147540984,122,122,122,122,1.0,warm_season
40821,1994,0.0,37.41475409836066,122,122,122,122,1.0,warm_season
40821,1995,0.02,37.75491803278689,122,122,122,122,1.0,warm_season
40821,1996,0.01,37.03114754098361,122,122,122,122,1.0,warm_season
40821,1997,5.3100000000000005,38.459016393442624,122,122,122,122,1.0,warm_season
40821,1998,0.03,37.77295081967213,122,122,122,122,1.0,warm_season
40821,1999,0.12,37.937704918032786,122,122,122,122,1.0,warm_season
40821,2000,0.21000000000000002,37.469421487603306,122,121,122,122,0.9918032786885246,warm_season
40821,2001,2.0199999999999996,37.80245901639344,122,122,122,122,1.0,warm_season
40821,2002,0.0,38.518852459016394,122,122,122,122,1.0,warm_season
40821,2003,0.0,38.65901639344262,122,122,122,122,1.0,warm_season
40821,2004,0.51,37.880327868852454,122,122,122,122,1.0,warm_season
40821,2005,0.61,38.699999999999996,122,122,122,122,1.0,warm_season
40821,2006,0.01,37.838524590163935,122,122,122,122,1.0,warm_season
40821,2007,0.01,38.01967213114754,122,122,122,122,1.0,warm_season
40821,2008,0.0,38.376229508196715,122,122,122,122,1.0,warm_season
40821,2009,4.0,38.26065573770492,122,122,122,122,1.0,warm_season
40821,2010,0.0,37.96147540983607,122,122,122,122,1.0,warm_season
40821,2011,0.0,38.72950819672131,122,122,122,122,1.0,warm_season
40821,2012,0.0,37.32704918032787,122,122,122,122,1.0,warm_season
40821,2013,0.03,38.89180327868853,122,122,122,122,1.0,warm_season
40821,2014,0.0,38.687704918032786,122,122,122,122,1.0,warm_season
40821,2015,0.14,37.55901639344262,122,122,122,122,1.0,warm_season
40821,2016,0.0,37.95371900826446,122,121,122,122,0.9918032786885246,warm_season
40821,2017,0.0,37.50413223140496,122,121,122,122,0.9918032786885246,warm_season
40821,2018,0.0,38.65819672131148,122,122,122,122,1.0,warm_season
40821,2019,0.01,39.02622950819672,122,122,122,122,1.0,warm_season
40821,2020,0.03,37.86229508196721,122,122,122,122,1.0,warm_season
40821,2021,1.01,39.041803278688526,122,122,122,122,1.0,warm_season
40821,2022,56.41,37.916393442622955,122,122,122,122,1.0,warm_season
40821,2023,0.54,38.92540983606557,122,122,122,122,1.0,warm_season
40821,2024,0.01,39.619672131147546,122,122,122,122,1.0,warm_season
40827,1991,0.0,36.72950819672131,122,122,122,122,1.0,warm_season
40827,1992,0.0,35.82868852459017,122,122,122,122,1.0,warm_season
40827,1993,0.4,35.96065573770492,122,122,122,122,1.0,warm_season
40827,1994,3.01,36.50983606557377,122,122,122,122,1.0,warm_season
40827,1995,0.01,37.22295081967213,122,122,122,122,1.0,warm_season
40827,1996,0.0,36.40495867768595,122,121,122,122,0.9918032786885246,warm_season
40827,1997,2.2,37.47786885245902,122,122,122,122,1.0,warm_season
40827,1998,1.11,36.619672131147546,122,122,122,122,1.0,warm_season
40827,1999,4.22,37.177868852459014,122,122,122,122,1.0,warm_season
40827,2000,0.01,36.248360655737706,122,122,122,122,1.0,warm_season
40827,2001,0.01,37.35245901639344,121,122,122,122,0.9918032786885246,warm_season
40827,2002,0.0,37.273770491803276,122,122,122,122,1.0,warm_season
40827,2003,0.01,37.08196721311475,122,122,122,122,1.0,warm_season
40827,2004,0.41000000000000003,36.368032786885244,122,122,122,122,1.0,warm_season
40827,2005,1.1,37.029508196721316,122,122,122,122,1.0,warm_season
40827,2006,0.0,36.59508196721312,122,122,122,122,1.0,warm_season
40827,2007,0.01,36.38360655737705,122,122,122,122,1.0,warm_season
40827,2008,0.0,37.76967213114754,122,122,122,122,1.0,warm_season
40827,2009,0.06,37.514754098360655,122,122,122,122,1.0,warm_season
40827,2010,0.01,36.736065573770496,122,122,122,122,1.0,warm_season
40827,2011,0.22000000000000003,37.5672131147541,122,122,122,122,1.0,warm_season
40827,2012,7.1,36.131147540983605,122,122,122,122,1.0,warm_season
40827,2013,0.42000000000000004,38.39754098360656,122,122,122,122,1.0,warm_season
40827,2014,0.51,37.94672131147541,122,122,122,122,1.0,warm_season
40827,2015,0.0,37.009090909090915,122,121,122,122,0.9918032786885246,warm_season
40827,2016,2.0,37.623770491803285,122,122,122,122,1.0,warm_season
40827,2017,0.0,37.13442622950819,122,122,122,122,1.0,warm_season
40827,2018,0.0,37.710743801652896,122,121,122,122,0.9918032786885246,warm_season
40827,2019,0.0,38.35785123966942,122,121,122,122,0.9918032786885246,warm_season
40827,2020,2.01,37.6125,122,120,122,122,0.9836065573770492,warm_season
40827,2021,0.0,38.14344262295082,122,122,122,122,1.0,warm_season
40827,2022,0.01,37.76363636363636,122,121,122,122,0.9918032786885246,warm_season
40827,2023,0.33,38.523770491803276,122,122,122,122,1.0,warm_season
40827,2024,0.33,39.19754098360656,122,122,122,122,1.0,warm_season
40829,1991,0.0,38.66065573770492,122,122,122,122,1.0,warm_season
40829,1992,0.0,38.21311475409836,122,122,122,122,1.0,warm_season
40829,1993,0.0,38.56967213114754,122,122,122,122,1.0,warm_season
40829,1994,0.0,38.8327868852459,122,122,122,122,1.0,warm_season
40829,1995,0.01,40.32377049180328,122,122,122,122,1.0,warm_season
40829,1996,0.0,39.27622950819672,122,122,122,122,1.0,warm_season
40829,1997,0.0,40.0483606557377,122,122,122,122,1.0,warm_season
40829,1998,0.0,39.31393442622951,122,122,122,122,1.0,warm_season
40829,1999,0.0,40.02213114754098,122,122,122,122,1.0,warm_season
40829,2000,0.0,40.294262295081964,122,122,122,122,1.0,warm_season
40829,2001,0.0,40.81967213114754,122,122,122,122,1.0,warm_season
40829,2002,0.0,40.85,122,122,122,122,1.0,warm_season
40829,2003,0.0,40.514754098360655,122,122,122,122,1.0,warm_season
40829,2004,0.0,40.550000000000004,122,122,122,122,1.0,warm_season
40829,2005,0.0,39.942622950819676,122,122,122,122,1.0,warm_season
40829,2006,0.0,40.84508196721312,122,122,122,122,1.0,warm_season
40829,2007,2.01,39.631967213114756,122,122,122,122,1.0,warm_season
40829,2008,0.0,41.98934426229508,122,122,122,122,1.0,warm_season
40829,2009,0.01,40.60081967213115,122,122,122,122,1.0,warm_season
40829,2010,0.0,40.529508196721316,122,122,122,122,1.0,warm_season
40829,2011,0.0,41.381147540983605,122,122,122,122,1.0,warm_season
40829,2012,0.01,40.21147540983607,122,122,122,122,1.0,warm_season
40829,2013,0.0,42.18114754098361,122,122,122,122,1.0,warm_season
40829,2014,0.0,41.63442622950819,122,122,122,122,1.0,warm_season
40829,2015,0.0,40.747540983606555,122,122,122,122,1.0,warm_season
40829,2016,0.0,41.687704918032786,122,122,122,122,1.0,warm_season
40829,2017,0.0,40.970491803278684,122,122,122,122,1.0,warm_season
40829,2018,0.0,41.833606557377045,122,122,122,122,1.0,warm_season
40829,2019,0.0,40.99918032786885,122,122,122,122,1.0,warm_season
40829,2020,0.0,39.73032786885246,122,122,122,122,1.0,warm_season
40829,2021,0.0,42.337704918032784,122,122,122,122,1.0,warm_season
40829,2022,2.0,41.55901639344262,122,122,122,122,1.0,warm_season
40829,2023,0.0,41.95655737704918,122,122,122,122,1.0,warm_season
40829,2024,0.0,41.99016393442623,122,122,122,122,1.0,warm_season
40831,1991,0.0,43.07190082644628,122,121,122,122,0.9918032786885246,warm_season
40831,1992,0.0,43.24297520661157,122,121,122,122,0.9918032786885246,warm_season
40831,1993,0.0,44.42950819672131,122,122,122,122,1.0,warm_season
40831,1994,0.0,44.36065573770492,122,122,122,122,1.0,warm_season
40831,1995,0.0,44.4516393442623,122,122,122,122,1.0,warm_season
40831,1996,0.0,45.3672131147541,122,122,122,122,1.0,warm_season
40831,1997,0.4,44.48196721311476,122,122,122,122,1.0,warm_season
40831,1998,0.0,46.22868852459016,122,122,122,122,1.0,warm_season
40831,1999,0.0,45.86557377049181,122,122,122,122,1.0,warm_season
40831,2000,0.0,46.32786885245902,122,122,122,122,1.0,warm_season
40831,2001,0.0,46.036065573770486,122,122,122,122,1.0,warm_season
40831,2002,0.0,46.00081967213115,122,122,122,122,1.0,warm_season
40831,2003,0.0,45.73934426229508,122,122,122,122,1.0,warm_season
40831,2004,0.0,45.881967213114756,122,122,122,122,1.0,warm_season
40831,2005,0.0,45.44754098360656,122,122,122,122,1.0,warm_season
40831,2006,0.0,45.85409836065573,122,122,122,122,1.0,warm_season
40831,2007,0.02,45.545901639344265,122,122,122,122,1.0,warm_season
40831,2008,0.01,45.44590163934426,122,122,122,122,1.0,warm_season
40831,2009,0.0,45.16393442622951,122,122,122,122,1.0,warm_season
40831,2010,0.3,46.5516393442623,122,122,122,122,1.0,warm_season
40831,2011,0.0,46.18934426229509,122,122,122,122,1.0,warm_season
40831,2012,0.0,46.49672131147541,122,122,122,122,1.0,warm_season
40831,2013,0.0,45.218032786885246,122,122,122,122,1.0,warm_season
40831,2014,0.0,45.47868852459016,122,122,122,122,1.0,warm_season
40831,2015,2.0,46.55081967213115,122,122,122,122,1.0,warm_season
40831,2016,0.0,46.19016393442623,122,122,122,122,1.0,warm_season
40831,2017,0.0,47.48196721311476,122,122,122,122,1.0,warm_season
40831,2018,0.0,46.63162393162393,122,117,122,122,0.9590163934426229,warm_season
40831,2019,0.0,46.35409836065573,122,122,122,122,1.0,warm_season
40831,2020,0.0,46.381147540983605,122,122,122,122,1.0,warm_season
40831,2021,0.02,46.99180327868852,122,122,122,122,1.0,warm_season
40831,2022,0.0,46.53770491803279,122,122,122,122,1.0,warm_season
40831,2023,0.0,46.631147540983605,122,122,122,122,1.0,warm_season
40831,2024,0.0,46.264754098360655,122,122,122,122,1.0,warm_season
40832,1991,2.0,42.94590163934426,122,122,122,122,1.0,warm_season
40832,1992,0.0,42.98512396694215,122,121,122,122,0.9918032786885246,warm_season
40832,1993,0.0,43.36639344262295,122,122,122,122,1.0,warm_season
40832,1994,1.0,43.30983606557377,122,122,122,122,1.0,warm_season
40832,1995,1.0,43.1172131147541,122,122,122,122,1.0,warm_season
40832,1996,0.0,43.49016393442623,122,122,122,122,1.0,warm_season
40832,1997,0.4,43.77540983606558,122,122,122,122,1.0,warm_season
40832,1998,0.0,44.369672131147546,122,122,122,122,1.0,warm_season
40832,1999,0.0,44.023770491803276,122,122,122,122,1.0,warm_season
40832,2000,0.0,43.630327868852454,122,122,122,122,1.0,warm_season
40832,2001,0.0,43.64754098360656,122,122,122,122,1.0,warm_season
40832,2002,0.0,44.18032786885246,122,122,122,122,1.0,warm_season
40832,2003,0.01,44.34016393442623,122,122,122,122,1.0,warm_season
40832,2004,0.0,43.72786885245902,122,122,122,122,1.0,warm_season
40832,2005,0.0,44.03934426229508,122,122,122,122,1.0,warm_season
40832,2006,0.0,44.306557377049174,122,122,122,122,1.0,warm_season
40832,2007,0.0,44.21311475409836,122,122,122,122,1.0,warm_season
40832,2008,3.11,43.82295081967213,122,122,122,122,1.0,warm_season
40832,2009,0.0,43.82459016393443,122,122,122,122,1.0,warm_season
40832,2010,0.0,43.924590163934425,122,122,122,122,1.0,warm_season
40832,2011,0.0,44.79344262295082,122,122,122,122,1.0,warm_season
40832,2012,0.01,44.8672131147541,122,122,122,122,1.0,warm_season
40832,2013,0.0,43.63442622950819,122,122,122,122,1.0,warm_season
40832,2014,0.0,44.09918032786886,122,122,122,122,1.0,warm_season
40832,2015,0.0,44.38934426229508,122,122,122,122,1.0,warm_season
40832,2016,0.0,44.31639344262295,122,122,122,122,1.0,warm_season
40832,2017,0.0,44.812295081967214,122,122,122,122,1.0,warm_season
40832,2018,10.0,45.3025641025641,122,117,122,122,0.9590163934426229,warm_season
40832,2019,0.0,44.959836065573775,122,122,122,122,1.0,warm_season
40832,2020,2.0,43.94918032786885,122,122,122,122,1.0,warm_season
40832,2021,0.0,44.942622950819676,122,122,122,122,1.0,warm_season
40832,2022,0.0,43.532786885245905,122,122,122,122,1.0,warm_season
40832,2023,0.0,44.970491803278684,122,122,122,122,1.0,warm_season
40832,2024,0.0,45.12459016393443,122,122,122,122,1.0,warm_season
40833,1991,0.0,44.52540983606558,122,122,122,122,1.0,warm_season
40833,1992,0.0,43.93114754098361,122,122,122,122,1.0,warm_season
40833,1993,0.0,44.85901639344262,122,122,122,122,1.0,warm_season
40833,1994,0.0,44.4327868852459,122,122,122,122,1.0,warm_season
40833,1995,0.0,44.562295081967214,122,122,122,122,1.0,warm_season
40833,1996,11.01,45.62049180327869,122,122,122,122,1.0,warm_season
40833,1997,0.0,44.69016393442623,122,122,122,122,1.0,warm_season
40833,1998,1.8,46.37868852459016,122,122,122,122,1.0,warm_season
40833,1999,0.0,45.705737704918036,122,122,122,122,1.0,warm_season
40833,2000,0.0,45.592622950819674,122,122,122,122,1.0,warm_season
40833,2001,0.0,45.42540983606557,122,122,122,122,1.0,warm_season
40833,2002,0.0,45.35409836065573,122,122,122,122,1.0,warm_season
40833,2003,0.0,45.411475409836065,122,122,122,122,1.0,warm_season
40833,2004,0.0,45.11311475409836,122,122,122,122,1.0,warm_season
40833,2005,0.0,45.28032786885246,122,122,122,122,1.0,warm_season
40833,2006,0.0,45.62868852459016,122,122,122,122,1.0,warm_season
40833,2007,0.01,45.52213114754098,122,122,122,122,1.0,warm_season
40833,2008,0.2,45.51803278688524,122,122,122,122,1.0,warm_season
40833,2009,0.0,44.72377049180328,122,122,122,122,1.0,warm_season
40833,2010,2.0,45.78524590163934,122,122,122,122,1.0,warm_season
40833,2011,0.0,45.83196721311475,122,122,122,122,1.0,warm_season
40833,2012,0.0,46.087704918032784,122,122,122,122,1.0,warm_season
40833,2013,0.0,44.75737704918033,122,122,122,122,1.0,warm_season
40833,2014,0.0,45.53114754098361,122,122,122,122,1.0,warm_season
40833,2015,0.0,46.326229508196725,122,122,122,122,1.0,warm_season
40833,2016,0.0,46.07459016393443,122,122,122,122,1.0,warm_season
40833,2017,0.0,47.17049180327869,122,122,122,122,1.0,warm_season
40833,2018,0.0,46.61965811965812,122,117,122,122,0.9590163934426229,warm_season
40833,2019,0.0,46.69672131147541,122,122,122,122,1.0,warm_season
40833,2020,0.0,46.277868852459015,122,122,122,122,1.0,warm_season
40833,2021,1.0,46.92622950819672,122,122,122,122,1.0,warm_season
40833,2022,1.7,46.1327868852459,122,122,122,122,1.0,warm_season
40833,2023,0.0,46.826229508196725,122,122,122,122,1.0,warm_season
40833,2024,0.3,46.70655737704918,122,122,122,122,1.0,warm_season
40835,1991,0.01,40.699999999999996,122,121,122,122,0.9918032786885246,warm_season
40835,1992,0.0,40.747933884297524,122,121,122,122,0.9918032786885246,warm_season
40835,1993,6.0,40.88934426229508,122,122,122,122,1.0,warm_season
40835,1994,0.8999999999999999,39.898360655737704,122,122,122,122,1.0,warm_season
40835,1995,0.0,40.53032786885246,122,122,122,122,1.0,warm_season
40835,1996,13.02,41.25573770491803,122,122,122,122,1.0,warm_season
40835,1997,1.0,40.39754098360656,122,122,122,122,1.0,warm_season
40835,1998,27.400000000000002,41.59754098360656,122,122,122,122,1.0,warm_season
40835,1999,4.2,41.12868852459016,122,122,122,122,1.0,warm_season
40835,2000,12.0,40.81475409836065,122,122,122,122,1.0,warm_season
40835,2001,11.2,40.75819672131148,122,122,122,122,1.0,warm_season
40835,2002,0.8,40.80491803278689,122,122,122,122,1.0,warm_season
40835,2003,4.0,41.174590163934425,122,122,122,122,1.0,warm_season
40835,2004,0.0,40.7016393442623,122,122,122,122,1.0,warm_season
40835,2005,0.0,40.59836065573771,122,122,122,122,1.0,warm_season
40835,2006,4.0,40.87950819672131,122,122,122,122,1.0,warm_season
40835,2007,0.01,40.959836065573775,122,122,122,122,1.0,warm_season
40835,2008,7.0,41.07295081967213,122,122,122,122,1.0,warm_season
40835,2009,0.0,40.204918032786885,122,122,122,122,1.0,warm_season
40835,2010,16.6,42.16065573770492,122,122,122,122,1.0,warm_season
40835,2011,0.0,41.84590163934426,122,122,122,122,1.0,warm_season
40835,2012,2.0,41.87213114754098,122,122,122,122,1.0,warm_season
40835,2013,0.0,41.032786885245905,122,122,122,122,1.0,warm_season
40835,2014,13.11,41.81818181818182,122,121,122,122,0.9918032786885246,warm_season
40835,2015,26.2,42.43688524590164,122,122,122,122,1.0,warm_season
40835,2016,0.1,42.19754098360656,122,122,122,122,1.0,warm_season
40835,2017,20.0,43.248360655737706,122,122,122,122,1.0,warm_season
40835,2018,0.0,41.23207547169812,61,53,122,122,0.4344262295081967,warm_season
40835,2019,4.0,43.131967213114756,122,122,122,122,1.0,warm_season
40835,2020,2.1199999999999997,42.38770491803279,122,122,122,122,1.0,warm_season
40835,2021,28.009999999999998,42.39672131147541,122,122,122,122,1.0,warm_season
40835,2022,144.42,41.43114754098361,122,122,122,122,1.0,warm_season
40835,2023,0.0,42.15491803278688,122,122,122,122,1.0,warm_season
40835,2024,0.0,42.25526315789474,38,38,122,122,0.3114754098360656,warm_season
40836,1991,5.7,34.173770491803275,122,122,122,122,1.0,warm_season
40836,1992,4.6,32.00819672131148,122,122,122,122,1.0,warm_season
40836,1993,0.0,32.79672131147541,122,122,122,122,1.0,warm_season
40836,1994,0.4,33.12377049180328,122,122,122,122,1.0,warm_season
40836,1995,6.1,33.27459016393443,122,122,122,122,1.0,warm_season
40836,1996,2.5,33.07950819672131,122,122,122,122,1.0,warm_season
40836,1997,2.84,33.74426229508197,122,122,122,122,1.0,warm_season
40836,1998,2.0300000000000002,33.583606557377045,122,122,122,122,1.0,warm_season
40836,1999,5.800000000000001,33.604918032786884,122,122,122,122,1.0,warm_season
40836,2000,1.8,33.268852459016394,122,122,122,122,1.0,warm_season
40836,2001,0.02,33.59836065573771,122,122,122,122,1.0,warm_season
40836,2002,2.6199999999999997,33.527868852459015,122,122,122,122,1.0,warm_season
40836,2003,24.0,33.85573770491803,122,122,122,122,1.0,warm_season
40836,2004,10.01,33.31065573770492,122,122,122,122,1.0,warm_season
40836,2005,2.0199999999999996,33.95737704918033,122,122,122,122,1.0,warm_season
40836,2006,4.2,33.8016393442623,122,122,122,122,1.0,warm_season
40836,2007,1.23,33.717213114754095,122,122,122,122,1.0,warm_season
40836,2008,14.2,34.2672131147541,122,122,122,122,1.0,warm_season
40836,2009,31.4,34.513934426229504,122,122,122,122,1.0,warm_season
40836,2010,2.2,34.46065573770492,122,122,122,122,1.0,warm_season
40836,2011,0.0,34.187704918032786,122,122,122,122,1.0,warm_season
40836,2012,2.05,33.693442622950826,122,122,122,122,1.0,warm_season
40836,2013,3.0,34.35573770491803,122,122,122,122,1.0,warm_season
40836,2014,12.709999999999999,34.25819672131148,122,122,122,122,1.0,warm_season
40836,2015,0.76,34.075409836065575,122,122,122,122,1.0,warm_season
40836,2016,0.21000000000000002,33.95737704918033,122,122,122,122,1.0,warm_season
40836,2017,9.3,34.23934426229508,122,122,122,122,1.0,warm_season
40836,2018,1.5,33.78709677419355,85,62,122,122,0.5081967213114754,warm_season
40836,2019,8.11,34.80983606557377,122,122,122,122,1.0,warm_season
40836,2020,1.2,33.99180327868852,122,122,122,122,1.0,warm_season
40836,2021,67.8,34.74918032786885,122,122,122,122,1.0,warm_season
40836,2022,31.4,34.291803278688526,122,122,122,122,1.0,warm_season
40836,2023,0.0,34.56311475409836,122,122,122,122,1.0,warm_season
40836,2024,0.2,34.70263157894737,38,38,122,122,0.3114754098360656,warm_season
40839,1991,0.0,36.5694214876033,122,121,122,122,0.9918032786885246,warm_season
40839,1992,0.0,35.31311475409836,122,122,122,122,1.0,warm_season
40839,1993,0.0,35.90983606557377,122,122,122,122,1.0,warm_season
40839,1994,0.0,36.44754098360656,122,122,122,122,1.0,warm_season
40839,1995,1.0,36.74508196721311,122,122,122,122,1.0,warm_season
40839,1996,0.0,35.80245901639344,122,122,122,122,1.0,warm_season
40839,1997,8.0,37.25573770491803,122,122,122,122,1.0,warm_season
40839,1998,0.0,36.44918032786885,122,122,122,122,1.0,warm_season
40839,1999,0.0,36.99180327868852,122,122,122,122,1.0,warm_season
40839,2000,0.0,36.00327868852459,122,122,122,122,1.0,warm_season
40839,2001,0.0,36.82786885245902,122,122,122,122,1.0,warm_season
40839,2002,0.0,37.2672131147541,122,122,122,122,1.0,warm_season
40839,2003,0.0,37.51967213114754,122,122,122,122,1.0,warm_season
40839,2004,2.0,36.55573770491804,122,122,122,122,1.0,warm_season
40839,2005,0.0,37.53032786885246,122,122,122,122,1.0,warm_season
40839,2006,0.0,36.44918032786885,122,122,122,122,1.0,warm_season
40839,2007,1.0,36.47704918032787,122,122,122,122,1.0,warm_season
40839,2008,0.0,37.00983606557377,122,122,122,122,1.0,warm_season
40839,2009,0.6,37.43934426229509,122,122,122,122,1.0,warm_season
40839,2010,0.0,36.67213114754098,122,122,122,122,1.0,warm_season
40839,2011,0.0,37.57868852459017,122,122,122,122,1.0,warm_season
40839,2012,0.0,35.9327868852459,122,122,122,122,1.0,warm_season
40839,2013,2.0,38.21967213114754,122,122,122,122,1.0,warm_season
40839,2014,0.0,37.61652892561984,122,121,122,122,0.9918032786885246,warm_season
40839,2015,4.2,36.20330578512397,122,121,122,122,0.9918032786885246,warm_season
40839,2016,0.0,37.03114754098361,122,122,122,122,1.0,warm_season
40839,2017,0.0,36.030578512396694,122,121,122,122,0.9918032786885246,warm_season
40839,2018,0.0,37.216393442622945,122,122,122,122,1.0,warm_season
40839,2019,0.0,37.74462809917355,122,121,122,122,0.9918032786885246,warm_season
40839,2020,0.0,37.23471074380165,122,121,122,122,0.9918032786885246,warm_season
40839,2021,0.0,37.209589041095896,74,73,122,122,0.5983606557377049,warm_season
40839,2022,77.01,37.032786885245905,122,122,122,122,1.0,warm_season
40839,2023,0.0,37.842622950819674,122,122,122,122,1.0,warm_season
40839,2024,0.0,38.4923076923077,122,117,122,122,0.9590163934426229,warm_season
40841,1991,0.01,34.662295081967216,122,122,122,122,1.0,warm_season
40841,1992,2.1,33.20661157024794,122,121,122,122,0.9918032786885246,warm_season
40841,1993,0.0,33.77049180327869,122,122,122,122,1.0,warm_season
40841,1994,0.01,34.533606557377055,122,122,122,122,1.0,warm_season
40841,1995,8.0,34.60327868852459,122,122,122,122,1.0,warm_season
40841,1996,0.0,33.64344262295082,122,122,122,122,1.0,warm_season
40841,1997,0.5,35.1827868852459,122,122,122,122,1.0,warm_season
40841,1998,5.02,34.60737704918033,122,122,122,122,1.0,warm_season
40841,1999,1.71,34.96885245901639,122,122,122,122,1.0,warm_season
40841,2000,0.0,33.81147540983606,122,122,122,122,1.0,warm_season
40841,2001,4.71,34.821311475409836,122,122,122,122,1.0,warm_season
40841,2002,1.0,35.21147540983607,122,122,122,122,1.0,warm_season
40841,2003,2.0,35.41967213114754,122,122,122,122,1.0,warm_season
40841,2004,0.0,34.66967213114754,122,122,122,122,1.0,warm_season
40841,2005,5.8100000000000005,35.18934426229509,122,122,122,122,1.0,warm_season
40841,2006,0.0,34.351639344262296,122,122,122,122,1.0,warm_season
40841,2007,0.0,34.40081967213114,122,122,122,122,1.0,warm_season
40841,2008,0.01,35.325409836065575,122,122,122,122,1.0,warm_season
40841,2009,0.63,35.44590163934426,122,122,122,122,1.0,warm_season
40841,2010,0.01,34.235245901639345,122,122,122,122,1.0,warm_season
40841,2011,13.61,34.99672131147541,122,122,122,122,1.0,warm_season
40841,2012,3.0199999999999996,33.50901639344262,122,122,122,122,1.0,warm_season
40841,2013,7.609999999999999,36.06475409836065,122,122,122,122,1.0,warm_season
40841,2014,0.01,35.32377049180328,122,122,122,122,1.0,warm_season
40841,2015,2.42,33.83032786885246,122,122,122,122,1.0,warm_season
40841,2016,1.9,34.99672131147541,122,122,122,122,1.0,warm_season
40841,2017,0.0,34.35655737704918,122,122,122,122,1.0,warm_season
40841,2018,0.0,35.52049180327869,122,122,122,122,1.0,warm_season
40841,2019,0.2,35.59344262295082,122,122,122,122,1.0,warm_season
40841,2020,6.2,34.69590163934426,122,122,122,122,1.0,warm_season
40841,2021,0.0,35.207438016528926,122,121,122,122,0.9918032786885246,warm_season
40841,2022,4.699999999999999,34.35819672131147,122,122,122,122,1.0,warm_season
40841,2023,3.4,35.63442622950819,122,122,122,122,1.0,warm_season
40841,2024,0.7,36.5672131147541,122,122,122,122,1.0,warm_season
40844,1991,0.72,35.34508196721312,121,122,122,122,0.9918032786885246,warm_season
40844,1992,0.0,33.31157024793388,122,121,122,122,0.9918032786885246,warm_season
40844,1993,0.30000000000000004,34.18032786885246,122,122,122,122,1.0,warm_season
40844,1994,0.21000000000000002,35.11570247933884,122,121,122,122,0.9918032786885246,warm_season
40844,1995,2.0199999999999996,34.631967213114756,122,122,122,122,1.0,warm_season
40844,1996,6.0,34.00081967213115,122,122,122,122,1.0,warm_season
40844,1997,4.0,35.26803278688524,122,122,122,122,1.0,warm_season
40844,1998,0.6,34.941803278688525,122,122,122,122,1.0,warm_season
40844,1999,13.31,34.77704918032787,122,122,122,122,1.0,warm_season
40844,2000,0.0,34.85081967213115,122,122,122,122,1.0,warm_season
40844,2001,1.3,35.16065573770492,122,122,122,122,1.0,warm_season
40844,2002,1.1,34.721311475409834,122,122,122,122,1.0,warm_season
40844,2003,0.0,35.38442622950819,122,122,122,122,1.0,warm_season
40844,2004,5.91,34.31475409836065,122,122,122,122,1.0,warm_season
40844,2005,0.0,34.97540983606557,122,122,122,122,1.0,warm_season
40844,2006,0.0,34.87459016393443,122,122,122,122,1.0,warm_season
40844,2007,0.0,35.34754098360656,122,122,122,122,1.0,warm_season
40844,2008,0.0,35.65573770491803,122,122,122,122,1.0,warm_season
40844,2009,0.0,35.32459016393443,122,122,122,122,1.0,warm_season
40844,2010,0.01,35.71557377049181,122,122,122,122,1.0,warm_season
40844,2011,0.0,35.614754098360656,122,122,122,122,1.0,warm_season
40844,2012,0.0,34.64098360655738,122,122,122,122,1.0,warm_season
40844,2013,0.0,35.90163934426229,122,122,122,122,1.0,warm_season
40844,2014,0.0,35.57704918032787,122,122,122,122,1.0,warm_season
40844,2015,3.4,35.28524590163934,122,122,122,122,1.0,warm_season
40844,2016,0.0,35.59016393442623,122,122,122,122,1.0,warm_season
40844,2017,0.0,35.4801652892562,122,121,122,122,0.9918032786885246,warm_season
40844,2018,1.0,36.568333333333335,122,120,122,122,0.9836065573770492,warm_season
40844,2019,0.2,37.02066115702479,122,121,122,122,0.9918032786885246,warm_season
40844,2020,0.2,35.92201834862385,122,109,122,122,0.8934426229508197,warm_season
40844,2021,0.2,36.49256198347108,122,121,122,122,0.9918032786885246,warm_season
40844,2022,57.0,35.37540983606557,122,122,122,122,1.0,warm_season
40844,2023,1.0,35.928688524590164,122,122,122,122,1.0,warm_season
40844,2024,2.4099999999999997,36.32773109243698,122,119,122,122,0.9754098360655737,warm_season
40847,1991,3.32,36.27295081967213,122,122,122,122,1.0,warm_season
40847,1992,0.01,34.532786885245905,122,122,122,122,1.0,warm_season
40847,1993,2.0,34.91065573770492,122,122,122,122,1.0,warm_season
40847,1994,0.0,36.04214876033058,122,121,122,122,0.9918032786885246,warm_season
40847,1995,2.1,35.31475409836065,122,122,122,122,1.0,warm_season
40847,1996,2.2299999999999995,34.6702479338843,122,121,122,122,0.9918032786885246,warm_season
40847,1997,1.82,35.86065573770492,122,122,122,122,1.0,warm_season
40847,1998,3.71,35.5516393442623,122,122,122,122,1.0,warm_season
40847,1999,0.32,35.481147540983606,122,122,122,122,1.0,warm_season
40847,2000,0.0,35.45655737704918,122,122,122,122,1.0,warm_season
40847,2001,0.0,36.11229508196721,122,122,122,122,1.0,warm_season
40847,2002,1.0,36.0811475409836,122,122,122,122,1.0,warm_season
40847,2003,0.0,36.51967213114754,122,122,122,122,1.0,warm_season
40847,2004,5.199999999999999,35.72786885245902,122,122,122,122,1.0,warm_season
40847,2005,0.41000000000000003,36.119672131147546,122,122,122,122,1.0,warm_season
40847,2006,0.0,36.05983606557377,122,122,122,122,1.0,warm_season
40847,2007,0.72,36.236065573770496,122,122,122,122,1.0,warm_season
40847,2008,0.01,36.540163934426225,122,122,122,122,1.0,warm_season
40847,2009,1.0,36.48934426229508,122,122,122,122,1.0,warm_season
40847,2010,5.01,36.81147540983606,122,122,122,122,1.0,warm_season
40847,2011,0.0,36.93360655737705,122,122,122,122,1.0,warm_season
40847,2012,0.0,36.279508196721316,122,122,122,122,1.0,warm_season
40847,2013,9.0,37.49098360655737,122,122,122,122,1.0,warm_season
40847,2014,0.0,37.06147540983606,122,122,122,122,1.0,warm_season
40847,2015,7.8,36.25081967213115,122,122,122,122,1.0,warm_season
40847,2016,0.4,36.614754098360656,122,122,122,122,1.0,warm_season
40847,2017,1.0,35.59754098360656,122,122,122,122,1.0,warm_season
40847,2018,0.0,36.90409836065574,122,122,122,122,1.0,warm_season
40847,2019,1.0,37.187603305785125,122,121,122,122,0.9918032786885246,warm_season
40847,2020,0.1,36.40901639344262,122,122,122,122,1.0,warm_season
40847,2021,0.5,36.75573770491803,122,122,122,122,1.0,warm_season
40847,2022,32.0,36.18852459016394,122,122,122,122,1.0,warm_season
40847,2023,0.1,37.204098360655735,122,122,122,122,1.0,warm_season
40847,2024,2.2,38.59836065573771,122,122,122,122,1.0,warm_season
40848,1991,0.03,37.220491803278684,122,122,122,122,1.0,warm_season
40848,1992,4.109999999999999,35.65081967213114,122,122,122,122,1.0,warm_season
40848,1993,0.2,36.088524590163935,122,122,122,122,1.0,warm_season
40848,1994,0.1,36.630327868852454,122,122,122,122,1.0,warm_season
40848,1995,3.11,36.42049180327869,122,122,122,122,1.0,warm_season
40848,1996,25.32,35.65,122,122,122,122,1.0,warm_season
40848,1997,0.01,37.14180327868853,122,122,122,122,1.0,warm_season
40848,1998,0.44000000000000006,36.71229508196721,122,122,122,122,1.0,warm_season
40848,1999,0.01,36.75573770491803,122,122,122,122,1.0,warm_season
40848,2000,0.01,36.334426229508196,122,122,122,122,1.0,warm_season
40848,2001,0.21,36.923770491803275,122,122,122,122,1.0,warm_season
40848,2002,0.02,37.028688524590166,122,122,122,122,1.0,warm_season
40848,2003,0.03,37.1688524590164,122,122,122,122,1.0,warm_season
40848,2004,1.12,36.65409836065574,122,122,122,122,1.0,warm_season
40848,2005,4.0,36.851639344262296,122,122,122,122,1.0,warm_season
40848,2006,10.219999999999999,36.48934426229508,122,122,122,122,1.0,warm_season
40848,2007,0.03,36.82049180327869,122,122,122,122,1.0,warm_season
40848,2008,0.03,37.075409836065575,122,122,122,122,1.0,warm_season
40848,2009,0.01,37.08524590163934,122,122,122,122,1.0,warm_season
40848,2010,3.63,36.9188524590164,122,122,122,122,1.0,warm_season
40848,2011,0.0,37.07377049180328,122,122,122,122,1.0,warm_season
40848,2012,4.0,36.283606557377055,122,122,122,122,1.0,warm_season
40848,2013,3.3,37.295081967213115,122,122,122,122,1.0,warm_season
40848,2014,2.0399999999999996,37.08032786885246,122,122,122,122,1.0,warm_season
40848,2015,1.1300000000000001,36.64918032786885,122,122,122,122,1.0,warm_season
40848,2016,0.01,37.18524590163935,122,122,122,122,1.0,warm_season
40848,2017,0.01,36.72459016393442,122,122,122,122,1.0,warm_season
40848,2018,0.03,38.08688524590164,122,122,122,122,1.0,warm_season
40848,2019,0.01,38.411475409836065,122,122,122,122,1.0,warm_season
40848,2020,0.11,37.63770491803279,122,122,122,122,1.0,warm_season
40848,2021,0.02,37.955737704918036,122,122,122,122,1.0,warm_season
40848,2022,7.01,37.31803278688525,122,122,122,122,1.0,warm_season
40848,2023,1.0,38.032786885245905,122,122,122,122,1.0,warm_season
40848,2024,5.0,38.56475409836065,122,122,122,122,1.0,warm_season
40849,1991,0.0,34.16859504132231,122,121,122,122,0.9918032786885246,warm_season
40849,1992,0.0,32.36280991735537,122,121,122,122,0.9918032786885246,warm_season
40849,1993,0.2,33.01311475409836,122,122,122,122,1.0,warm_season
40849,1994,7.0,33.751639344262294,122,122,122,122,1.0,warm_season
40849,1995,2.2,33.584426229508196,122,122,122,122,1.0,warm_season
40849,1996,1.3,32.82295081967213,122,122,122,122,1.0,warm_season
40849,1997,2.3,34.209016393442624,122,122,122,122,1.0,warm_season
40849,1998,2.0,33.6172131147541,122,122,122,122,1.0,warm_season
40849,1999,0.3,33.94672131147541,122,122,122,122,1.0,warm_season
40849,2000,0.0,32.981147540983606,122,122,122,122,1.0,warm_season
40849,2001,1.3,33.88360655737705,122,122,122,122,1.0,warm_season
40849,2002,0.0,34.47786885245902,122,122,122,122,1.0,warm_season
40849,2003,0.6,34.53114754098361,122,122,122,122,1.0,warm_season
40849,2004,0.6,33.498360655737706,122,122,122,122,1.0,warm_season
40849,2005,0.6,34.398360655737704,122,122,122,122,1.0,warm_season
40849,2006,5.0,33.54262295081967,122,122,122,122,1.0,warm_season
40849,2007,0.11,33.82295081967213,122,122,122,122,1.0,warm_season
40849,2008,0.0,34.06065573770491,122,122,122,122,1.0,warm_season
40849,2009,6.609999999999999,34.14262295081967,122,122,122,122,1.0,warm_season
40849,2010,0.0,33.42295081967213,122,122,122,122,1.0,warm_season
40849,2011,3.0,34.15409836065574,122,122,122,122,1.0,warm_season
40849,2012,1.0,33.10327868852459,122,122,122,122,1.0,warm_season
40849,2013,5.2,34.5672131147541,122,122,122,122,1.0,warm_season
40849,2014,0.0,34.281967213114754,122,122,122,122,1.0,warm_season
40849,2015,5.3,33.44098360655738,122,122,122,122,1.0,warm_season
40849,2016,5.0,34.042975206611565,122,121,122,122,0.9918032786885246,warm_season
40849,2017,0.1,33.42314049586777,122,121,122,122,0.9918032786885246,warm_season
40849,2018,0.0,34.50743801652892,122,121,122,122,0.9918032786885246,warm_season
40849,2019,3.0,35.135537190082644,122,121,122,122,0.9918032786885246,warm_season
40849,2020,0.7,34.569298245614036,117,114,122,122,0.9344262295081968,warm_season
40849,2021,0.2,35.08760330578513,122,121,122,122,0.9918032786885246,warm_season
40849,2022,18.200000000000003,34.22561983471075,122,121,122,122,0.9918032786885246,warm_season
40849,2023,2.0,35.35081967213115,122,122,122,122,1.0,warm_season
40849,2024,0.7,36.18135593220339,122,118,122,122,0.9672131147540983,warm_season
40851,1991,2.0,35.84918032786886,122,122,122,122,1.0,warm_season
40851,1992,1.0,34.0155737704918,122,122,122,122,1.0,warm_season
40851,1993,0.0,34.424590163934425,122,122,122,122,1.0,warm_season
40851,1994,12.6,35.10819672131147,122,122,122,122,1.0,warm_season
40851,1995,0.0,34.915573770491804,122,122,122,122,1.0,warm_season
40851,1996,2.4,34.19590163934426,122,122,122,122,1.0,warm_season
40851,1997,2.8,35.52213114754098,122,122,122,122,1.0,warm_season
40851,1998,2.0,35.221311475409834,122,122,122,122,1.0,warm_season
40851,1999,7.6,35.18114754098361,122,122,122,122,1.0,warm_season
40851,2000,0.0,34.470491803278684,122,122,122,122,1.0,warm_season
40851,2001,3.6,35.26229508196721,122,122,122,122,1.0,warm_season
40851,2002,1.0,35.49016393442623,122,122,122,122,1.0,warm_season
40851,2003,6.4,35.56475409836065,122,122,122,122,1.0,warm_season
40851,2004,2.6,35.01147540983606,122,122,122,122,1.0,warm_season
40851,2005,3.2,35.56065573770491,122,122,122,122,1.0,warm_season
40851,2006,0.0,34.46311475409836,122,122,122,122,1.0,warm_season
40851,2007,8.7,34.63852459016393,122,122,122,122,1.0,warm_season
40851,2008,0.6,35.031967213114754,122,122,122,122,1.0,warm_season
40851,2009,0.0,35.145081967213116,122,122,122,122,1.0,warm_season
40851,2010,13.01,34.536065573770486,122,122,122,122,1.0,warm_season
40851,2011,7.4,35.21967213114754,122,122,122,122,1.0,warm_season
40851,2012,0.8,34.25081967213115,122,122,122,122,1.0,warm_season
40851,2013,26.81,35.64098360655738,122,122,122,122,1.0,warm_season
40851,2014,0.0,35.75123966942149,122,121,122,122,0.9918032786885246,warm_season
40851,2015,9.099999999999998,34.52295081967213,122,122,122,122,1.0,warm_season
40851,2016,1.8,35.199999999999996,122,121,122,122,0.9918032786885246,warm_season
40851,2017,0.0,34.533606557377055,122,122,122,122,1.0,warm_season
40851,2018,0.0,35.751639344262294,122,122,122,122,1.0,warm_season
40851,2019,0.1,36.25983606557377,122,122,122,122,1.0,warm_season
40851,2020,5.3999999999999995,35.381147540983605,122,122,122,122,1.0,warm_season
40851,2021,6.4,35.75123966942149,122,121,122,122,0.9918032786885246,warm_season
40851,2022,36.1,34.82704918032787,122,122,122,122,1.0,warm_season
40851,2023,0.1,36.50819672131148,122,122,122,122,1.0,warm_season
40851,2024,9.7,37.05081967213115,122,122,122,122,1.0,warm_season
40853,1991,36.2,31.24098360655738,122,122,122,122,1.0,warm_season
40853,1992,0.2,29.75573770491803,122,122,122,122,1.0,warm_season
40853,1993,11.0,30.312295081967214,122,122,122,122,1.0,warm_season
40853,1994,23.3,30.66967213114754,122,122,122,122,1.0,warm_season
40853,1995,13.4,30.37295081967213,122,122,122,122,1.0,warm_season
40853,1996,8.0,29.85327868852459,122,122,122,122,1.0,warm_season
40853,1997,20.11,30.83032786885246,122,122,122,122,1.0,warm_season
40853,1998,13.600000000000001,30.56065573770492,122,122,122,122,1.0,warm_season
40853,1999,11.5,30.804918032786883,122,122,122,122,1.0,warm_season
40853,2000,1.9,30.28360655737705,122,122,122,122,1.0,warm_season
40853,2001,18.6,30.697540983606558,122,122,122,122,1.0,warm_season
40853,2002,26.71,31.030327868852456,122,122,122,122,1.0,warm_season
40853,2003,37.6,31.13770491803279,122,122,122,122,1.0,warm_season
40853,2004,7.1000000000000005,30.611475409836064,122,122,122,122,1.0,warm_season
40853,2005,18.4,31.309836065573773,122,122,122,122,1.0,warm_season
40853,2006,9.409999999999998,30.71311475409836,122,122,122,122,1.0,warm_season
40853,2007,34.6,30.411475409836065,122,122,122,122,1.0,warm_season
40853,2008,11.11,31.22622950819672,122,122,122,122,1.0,warm_season
40853,2009,12.620000000000001,30.852459016393443,122,122,122,122,1.0,warm_season
40853,2010,42.400000000000006,30.57704918032787,122,122,122,122,1.0,warm_season
40853,2011,47.699999999999996,31.0327868852459,122,122,122,122,1.0,warm_season
40853,2012,21.2,30.160655737704918,122,122,122,122,1.0,warm_season
40853,2013,64.71000000000001,31.42459016393443,122,122,122,122,1.0,warm_season
40853,2014,4.5,31.36229508196721,122,122,122,122,1.0,warm_season
40853,2015,3.54,30.232786885245904,122,122,122,122,1.0,warm_season
40853,2016,10.709999999999999,31.150000000000002,122,122,122,122,1.0,warm_season
40853,2017,0.21000000000000002,30.736065573770492,122,122,122,122,1.0,warm_season
40853,2018,2.0,31.97049180327869,122,122,122,122,1.0,warm_season
40853,2019,5.7,32.19338842975207,122,121,122,122,0.9918032786885246,warm_season
40853,2020,58.1,30.740495867768594,122,121,122,122,0.9918032786885246,warm_season
40853,2021,39.9,31.527731092436976,122,119,122,122,0.9754098360655737,warm_season
40853,2022,74.1,31.055737704918034,122,122,122,122,1.0,warm_season
40853,2023,17.42,32.39344262295082,122,122,122,122,1.0,warm_season
40853,2024,11.4,33.34590163934426,122,122,122,122,1.0,warm_season
40854,1991,0.0,38.376229508196715,122,122,122,122,1.0,warm_season
40854,1992,0.0,37.441803278688525,122,122,122,122,1.0,warm_season
40854,1993,0.4,37.64426229508197,122,122,122,122,1.0,warm_season
40854,1994,1.0,38.208264462809915,122,121,122,122,0.9918032786885246,warm_season
40854,1995,3.6,38.86229508196721,122,122,122,122,1.0,warm_season
40854,1996,0.0,37.75573770491803,122,122,122,122,1.0,warm_season
40854,1997,4.4,39.08032786885246,122,122,122,122,1.0,warm_season
40854,1998,3.0999999999999996,38.12049180327869,122,122,122,122,1.0,warm_season
40854,1999,6.6,38.95245901639344,122,122,122,122,1.0,warm_season
40854,2000,0.0,37.74426229508197,122,122,122,122,1.0,warm_season
40854,2001,0.4,38.89016393442623,122,122,122,122,1.0,warm_season
40854,2002,0.0,39.1672131147541,122,122,122,122,1.0,warm_season
40854,2003,4.0,39.075409836065575,122,122,122,122,1.0,warm_season
40854,2004,0.0,38.467213114754095,122,122,122,122,1.0,warm_season
40854,2005,3.02,40.26639344262295,122,122,122,122,1.0,warm_season
40854,2006,0.0,39.24918032786885,122,122,122,122,1.0,warm_season
40854,2007,3.0199999999999996,39.07049180327869,122,122,122,122,1.0,warm_season
40854,2008,0.0,40.53770491803279,122,122,122,122,1.0,warm_season
40854,2009,6.02,39.75327868852459,122,122,122,122,1.0,warm_season
40854,2010,0.01,38.263934426229504,122,122,122,122,1.0,warm_season
40854,2011,0.0,39.3016393442623,122,122,122,122,1.0,warm_season
40854,2012,0.0,37.74098360655737,122,122,122,122,1.0,warm_season
40854,2013,6.9,40.13934426229508,122,122,122,122,1.0,warm_season
40854,2014,0.0,40.1,122,122,122,122,1.0,warm_season
40854,2015,0.3,38.89262295081967,122,122,122,122,1.0,warm_season
40854,2016,0.0,39.907377049180326,122,122,122,122,1.0,warm_season
40854,2017,0.0,39.03114754098361,122,122,122,122,1.0,warm_season
40854,2018,0.0,39.79344262295082,122,122,122,122,1.0,warm_season
40854,2019,0.0,40.61557377049181,122,122,122,122,1.0,warm_season
40854,2020,0.41000000000000003,39.69508196721311,122,122,122,122,1.0,warm_season
40854,2021,0.0,40.43606557377049,122,122,122,122,1.0,warm_season
40854,2022,0.0,39.587704918032784,122,122,122,122,1.0,warm_season
40854,2023,0.0,40.778688524590166,122,122,122,122,1.0,warm_season
40854,2024,0.0,41.191803278688525,122,122,122,122,1.0,warm_season
40856,1991,0.0,35.22868852459016,122,122,122,122,1.0,warm_season
40856,1992,0.01,34.47704918032787,122,122,122,122,1.0,warm_season
40856,1993,3.22,34.85245901639344,122,122,122,122,1.0,warm_season
40856,1994,0.0,34.91475409836066,122,122,122,122,1.0,warm_season
40856,1995,23.41,35.84508196721312,122,122,122,122,1.0,warm_season
40856,1996,3.8,35.130327868852454,122,122,122,122,1.0,warm_season
40856,1997,3.96,35.90409836065574,122,122,122,122,1.0,warm_season
40856,1998,0.1,35.15327868852459,122,122,122,122,1.0,warm_season
40856,1999,2.53,35.77459016393443,122,122,122,122,1.0,warm_season
40856,2000,0.0,35.07295081967213,122,122,122,122,1.0,warm_season
40856,2001,0.01,35.721311475409834,122,122,122,122,1.0,warm_season
40856,2002,0.02,36.0672131147541,122,122,122,122,1.0,warm_season
40856,2003,3.0,35.677868852459014,122,122,122,122,1.0,warm_season
40856,2004,0.02,35.99098360655737,122,122,122,122,1.0,warm_season
40856,2005,1.24,36.21147540983607,122,122,122,122,1.0,warm_season
40856,2006,0.01,36.299180327868854,122,122,122,122,1.0,warm_season
40856,2007,26.529999999999998,34.70245901639344,122,122,122,122,1.0,warm_season
40856,2008,0.01,36.41074380165289,122,121,122,122,0.9918032786885246,warm_season
40856,2009,0.0,35.806557377049174,122,122,122,122,1.0,warm_season
40856,2010,0.04,35.251639344262294,122,122,122,122,1.0,warm_season
40856,2011,0.02,35.87131147540984,122,122,122,122,1.0,warm_season
40856,2012,0.22999999999999998,35.06475409836065,122,122,122,122,1.0,warm_season
40856,2013,5.42,36.466393442622945,122,122,122,122,1.0,warm_season
40856,2014,0.03,36.33140495867769,122,121,122,122,0.9918032786885246,warm_season
40856,2015,0.42000000000000004,35.290983606557376,122,122,122,122,1.0,warm_season
40856,2016,0.02,36.4,122,122,122,122,1.0,warm_season
40856,2017,0.01,35.84426229508197,122,122,122,122,1.0,warm_season
40856,2018,0.13,36.22295081967213,122,122,122,122,1.0,warm_season
40856,2019,0.0,36.3172131147541,122,122,122,122,1.0,warm_season
40856,2020,0.0,35.64754098360656,122,122,122,122,1.0,warm_season
40856,2021,0.0,36.928688524590164,122,122,122,122,1.0,warm_season
40856,2022,34.03,35.84016393442623,122,122,122,122,1.0,warm_season
40856,2023,2.11,36.72950819672131,122,122,122,122,1.0,warm_season
40856,2024,0.01,36.9483606557377,122,122,122,122,1.0,warm_season
40857,1991,0.0,33.55327868852459,122,122,122,122,1.0,warm_season
40857,1992,0.0,34.339669421487606,122,121,122,122,0.9918032786885246,warm_season
40857,1993,0.0,34.710743801652896,122,121,122,122,0.9918032786885246,warm_season
40857,1994,0.0,33.89487179487179,122,117,122,122,0.9590163934426229,warm_season
40857,1995,0.0,34.164655172413795,122,116,122,122,0.9508196721311475,warm_season
40857,1996,2.1,35.49747899159664,122,119,122,122,0.9754098360655737,warm_season
40857,1997,0.01,34.19396551724138,122,116,122,122,0.9508196721311475,warm_season
40857,1998,11.5,36.23050847457627,122,118,122,122,0.9672131147540983,warm_season
40857,1999,0.0,35.72231404958677,122,121,122,122,0.9918032786885246,warm_season
40857,2000,0.0,35.555652173913046,122,115,122,122,0.9426229508196722,warm_season
40857,2001,0.0,35.57685950413223,122,121,122,122,0.9918032786885246,warm_season
40857,2002,0.0,35.8304347826087,92,92,122,122,0.7540983606557377,warm_season
40857,2003,0.0,35.75409836065574,122,122,122,122,1.0,warm_season
40857,2004,0.0,35.2344262295082,122,122,122,122,1.0,warm_season
40857,2005,0.0,35.013934426229504,122,122,122,122,1.0,warm_season
40857,2006,0.0,35.699999999999996,122,122,122,122,1.0,warm_season
40857,2007,0.0,36.057377049180324,122,122,122,122,1.0,warm_season
40857,2008,0.0,35.75901639344263,122,122,122,122,1.0,warm_season
40857,2009,0.0,35.64098360655738,122,122,122,122,1.0,warm_season
40857,2010,0.0,36.636065573770495,122,122,122,122,1.0,warm_season
40857,2011,0.0,36.22786885245902,122,122,122,122,1.0,warm_season
40857,2012,0.0,36.71229508196721,122,122,122,122,1.0,warm_season
40857,2013,,35.45327868852459,0,122,122,122,0.0,warm_season
40857,2014,0.4,36.900826446280995,122,121,122,122,0.9918032786885246,warm_season
40857,2015,1.1,37.636065573770495,122,122,122,122,1.0,warm_season
40857,2016,0.5,37.56166666666666,122,120,122,122,0.9836065573770492,warm_season
40857,2017,0.0,38.39918032786885,122,122,122,122,1.0,warm_season
40857,2018,0.0,37.67833333333333,122,120,122,122,0.9836065573770492,warm_season
40857,2019,0.0,37.4495867768595,122,121,122,122,0.9918032786885246,warm_season
40857,2020,0.0,37.73166666666667,122,120,122,122,0.9836065573770492,warm_season
40857,2021,0.0,37.86311475409836,122,122,122,122,1.0,warm_season
40857,2022,1.1,37.193442622950826,122,122,122,122,1.0,warm_season
40857,2023,0.2,38.1728813559322,122,118,122,122,0.9672131147540983,warm_season
40857,2024,0.0,37.770434782608696,122,115,122,122,0.9426229508196722,warm_season
40858,1991,0.0,36.25,122,122,122,122,1.0,warm_season
40858,1992,0.0,37.34672131147541,122,122,122,122,1.0,warm_season
40858,1993,0.0,37.687704918032786,122,122,122,122,1.0,warm_season
40858,1994,0.0,36.85950413223141,122,121,122,122,0.9918032786885246,warm_season
40858,1995,0.0,36.99918032786885,122,122,122,122,1.0,warm_season
40858,1996,1.01,38.72786885245902,122,122,122,122,1.0,warm_season
40858,1997,0.01,37.05491803278689,122,122,122,122,1.0,warm_season
40858,1998,19.5,39.19672131147541,122,122,122,122,1.0,warm_season
40858,1999,0.0,38.73770491803279,122,122,122,122,1.0,warm_season
40858,2000,0.0,38.19421487603306,122,121,122,122,0.9918032786885246,warm_season
40858,2001,0.0,38.12131147540984,122,122,122,122,1.0,warm_season
40858,2002,0.0,37.93360655737705,122,122,122,122,1.0,warm_season
40858,2003,0.0,36.59016393442623,122,122,122,122,1.0,warm_season
40858,2004,0.0,36.3327868852459,122,122,122,122,1.0,warm_season
40858,2005,0.0,36.0672131147541,122,122,122,122,1.0,warm_season
40858,2006,0.0,37.14180327868853,122,122,122,122,1.0,warm_season
40858,2007,0.01,37.17213114754098,122,122,122,122,1.0,warm_season
40858,2008,0.0,37.09672131147541,122,122,122,122,1.0,warm_season
40858,2009,0.0,36.7672131147541,122,122,122,122,1.0,warm_season
40858,2010,0.0,38.018852459016394,122,122,122,122,1.0,warm_season
40858,2011,0.0,37.35737704918033,122,122,122,122,1.0,warm_season
40858,2012,0.0,37.89098360655738,122,122,122,122,1.0,warm_season
40858,2013,,36.38688524590164,0,122,122,122,0.0,warm_season
40858,2014,0.0,36.91239669421487,122,121,122,122,0.9918032786885246,warm_season
40858,2015,0.02,37.45737704918033,122,122,122,122,1.0,warm_season
40858,2016,0.0,37.5516393442623,122,122,122,122,1.0,warm_season
40858,2017,0.0,38.458196721311474,122,122,122,122,1.0,warm_season
40858,2018,0.0,37.80081967213115,122,122,122,122,1.0,warm_season
40858,2019,0.0,37.721311475409834,122,122,122,122,1.0,warm_season
40858,2020,0.0,38.101639344262296,122,122,122,122,1.0,warm_season
40858,2021,0.01,37.96147540983607,122,122,122,122,1.0,warm_season
40858,2022,0.7,37.726229508196724,122,122,122,122,1.0,warm_season
40858,2023,0.0,38.002479338842974,122,121,122,122,0.9918032786885246,warm_season
40858,2024,0.0,38.04754098360656,122,122,122,122,1.0,warm_season
40859,1991,11.61,38.72786885245902,122,122,122,122,1.0,warm_season
40859,1992,2.21,37.07377049180328,122,122,122,122,1.0,warm_season
40859,1993,0.0,37.82950819672131,122,122,122,122,1.0,warm_season
40859,1994,9.61,38.278688524590166,122,122,122,122,1.0,warm_season
40859,1995,0.2,38.294262295081964,122,122,122,122,1.0,warm_season
40859,1996,16.41,37.76065573770492,122,122,122,122,1.0,warm_season
40859,1997,3.21,38.657377049180326,122,122,122,122,1.0,warm_season
40859,1998,0.01,38.63852459016393,122,122,122,122,1.0,warm_season
40859,1999,0.1,38.48852459016394,122,122,122,122,1.0,warm_season
40859,2000,0.0,37.877049180327866,122,122,122,122,1.0,warm_season
40859,2001,1.21,38.36639344262295,122,122,122,122,1.0,warm_season
40859,2002,0.0,38.80573770491804,122,122,122,122,1.0,warm_season
40859,2003,5.0,38.72786885245902,122,122,122,122,1.0,warm_season
40859,2004,1.0,38.036065573770486,122,122,122,122,1.0,warm_season
40859,2005,0.0,38.34836065573771,122,122,122,122,1.0,warm_season
40859,2006,6.02,38.075409836065575,122,122,122,122,1.0,warm_season
40859,2007,1.21,38.532786885245905,122,122,122,122,1.0,warm_season
40859,2008,0.1,38.51639344262295,122,122,122,122,1.0,warm_season
40859,2009,3.1,38.13934426229508,122,122,122,122,1.0,warm_season
40859,2010,7.4,38.54262295081967,122,122,122,122,1.0,warm_season
40859,2011,5.0,38.800000000000004,122,122,122,122,1.0,warm_season
40859,2012,0.2,38.34754098360656,122,122,122,122,1.0,warm_season
40859,2013,7.5,38.80491803278689,122,122,122,122,1.0,warm_season
40859,2014,3.4,38.9344262295082,122,122,122,122,1.0,warm_season
40859,2015,1.1,38.50819672131148,122,122,122,122,1.0,warm_season
40859,2016,7.0,38.31475409836065,122,122,122,122,1.0,warm_season
40859,2017,0.0,38.03305785123967,122,121,122,122,0.9918032786885246,warm_season
40859,2018,0.4,38.998360655737706,122,122,122,122,1.0,warm_season
40859,2019,0.0,39.178688524590164,122,122,122,122,1.0,warm_season
40859,2020,2.0199999999999996,38.376859504132234,122,121,122,122,0.9918032786885246,warm_season
40859,2021,39.0,38.70655737704918,122,122,122,122,1.0,warm_season
40859,2022,90.42,38.02622950819672,122,122,122,122,1.0,warm_season
40859,2023,0.01,39.19672131147541,122,122,122,122,1.0,warm_season
40859,2024,10.620000000000001,39.57459016393443,122,122,122,122,1.0,warm_season
40870,1991,0.0,36.572131147540986,122,122,122,122,1.0,warm_season
40870,1992,0.41000000000000003,35.73934426229508,122,122,122,122,1.0,warm_season
40870,1993,0.41000000000000003,36.101639344262296,122,122,122,122,1.0,warm_season
40870,1994,13.52,35.959836065573775,122,122,122,122,1.0,warm_season
40870,1995,6.819999999999999,36.39,122,120,122,122,0.9836065573770492,warm_season
40870,1996,0.32,35.93032786885246,122,122,122,122,1.0,warm_season
40870,1997,23.340000000000003,36.71311475409836,122,122,122,122,1.0,warm_season
40870,1998,15.31,36.386065573770495,122,122,122,122,1.0,warm_season
40870,1999,18.4,36.825409836065575,122,122,122,122,1.0,warm_season
40870,2000,3.01,36.19016393442623,122,122,122,122,1.0,warm_season
40870,2001,0.41000000000000003,36.77704918032787,122,122,122,122,1.0,warm_season
40870,2002,6.5,37.10081967213115,122,122,122,122,1.0,warm_season
40870,2003,1.6099999999999999,36.571311475409836,122,122,122,122,1.0,warm_season
40870,2004,1.0,36.42540983606557,122,122,122,122,1.0,warm_season
40870,2005,3.11,36.60409836065573,122,122,122,122,1.0,warm_season
40870,2006,3.01,36.21229508196721,122,122,122,122,1.0,warm_season
40870,2007,60.75,35.69098360655738,122,122,122,122,1.0,warm_season
40870,2008,2.67,37.28524590163934,122,122,122,122,1.0,warm_season
40870,2009,0.16,37.1172131147541,122,122,122,122,1.0,warm_season
40870,2010,4.33,36.43852459016394,122,122,122,122,1.0,warm_season
40870,2011,4.02,37.14344262295082,122,122,122,122,1.0,warm_season
40870,2012,4.12,36.200819672131146,122,122,122,122,1.0,warm_season
40870,2013,29.520000000000003,37.199999999999996,122,122,122,122,1.0,warm_season
40870,2014,0.01,37.21229508196721,122,122,122,122,1.0,warm_season
40870,2015,0.0,36.29262295081967,122,122,122,122,1.0,warm_season
40870,2016,0.02,37.13360655737705,122,122,122,122,1.0,warm_season
40870,2017,0.0,36.66475409836066,122,122,122,122,1.0,warm_season
40870,2018,6.2,37.12950819672131,122,122,122,122,1.0,warm_season
40870,2019,7.01,37.02066115702479,122,121,122,122,0.9918032786885246,warm_season
40870,2020,2.0,36.673770491803275,122,122,122,122,1.0,warm_season
40870,2021,12.1,37.28114754098361,122,122,122,122,1.0,warm_season
40870,2022,14.1,36.15573770491803,122,122,122,122,1.0,warm_season
40870,2023,31.599999999999998,37.59016393442623,122,122,122,122,1.0,warm_season
40870,2024,7.0,38.062295081967214,122,122,122,122,1.0,warm_season
40873,1991,14.3,42.751639344262294,122,122,122,122,1.0,warm_season
40873,1992,26.6,41.77520661157025,122,121,122,122,0.9918032786885246,warm_season
40873,1993,31.0,41.295081967213115,122,122,122,122,1.0,warm_season
40873,1994,15.1,40.836363636363636,122,121,122,122,0.9918032786885246,warm_season
40873,1995,138.2,40.509090909090915,122,121,122,122,0.9918032786885246,warm_season
40873,1996,60.2,41.297478991596634,122,119,122,122,0.9754098360655737,warm_season
40873,1997,21.81,41.68114754098361,122,122,122,122,1.0,warm_season
40873,1998,21.3,41.97540983606557,122,122,122,122,1.0,warm_season
40873,1999,4.1,41.927868852459014,122,122,122,122,1.0,warm_season
40873,2000,4.6,41.22459016393442,122,122,122,122,1.0,warm_season
40873,2001,16.61,41.65409836065574,122,122,122,122,1.0,warm_season
40873,2002,11.0,41.79344262295082,122,122,122,122,1.0,warm_season
40873,2003,11.4,41.61311475409836,122,122,122,122,1.0,warm_season
40873,2004,10.0,41.40655737704918,122,122,122,122,1.0,warm_season
40873,2005,5.4,41.82786885245902,122,122,122,122,1.0,warm_season
40873,2006,4.22,41.56639344262295,122,122,122,122,1.0,warm_season
40873,2007,40.01,41.5483606557377,122,122,122,122,1.0,warm_season
40873,2008,11.9,41.716393442622945,122,122,122,122,1.0,warm_season
40873,2009,6.3,41.56065573770491,122,122,122,122,1.0,warm_season
40873,2010,12.0,42.027868852459015,122,122,122,122,1.0,warm_season
40873,2011,57.800000000000004,42.01803278688524,122,122,122,122,1.0,warm_season
40873,2012,6.8,41.536065573770486,122,122,122,122,1.0,warm_season
40873,2013,22.0,41.704918032786885,122,122,122,122,1.0,warm_season
40873,2014,4.2,42.21229508196721,122,122,122,122,1.0,warm_season
40873,2015,28.3,42.0,122,122,122,122,1.0,warm_season
40873,2016,8.3,42.529508196721316,122,122,122,122,1.0,warm_season
40873,2017,43.1,42.264462809917354,122,121,122,122,0.9918032786885246,warm_season
40873,2018,6.0,43.08196721311475,122,122,122,122,1.0,warm_season
40873,2019,68.9,43.006557377049184,122,122,122,122,1.0,warm_season
40873,2020,59.8,42.10819672131147,122,122,122,122,1.0,warm_season
40873,2021,18.12,42.58524590163934,122,122,122,122,1.0,warm_season
40873,2022,77.8,41.364754098360656,122,122,122,122,1.0,warm_season
40873,2023,6.21,42.64754098360656,122,122,122,122,1.0,warm_season
40873,2024,22.8,42.69426229508196,122,122,122,122,1.0,warm_season
40875,1991,0.0,36.50327868852459,122,122,122,122,1.0,warm_season
40875,1992,1.01,37.30409836065574,122,122,122,122,1.0,warm_season
40875,1993,2.0,37.94590163934426,122,122,122,122,1.0,warm_season
40875,1994,2.61,37.58032786885246,122,122,122,122,1.0,warm_season
40875,1995,29.22,37.36229508196721,122,122,122,122,1.0,warm_season
40875,1996,0.1,38.062295081967214,122,122,122,122,1.0,warm_season
40875,1997,0.0,37.040983606557376,122,122,122,122,1.0,warm_season
40875,1998,0.01,39.06611570247934,122,121,122,122,0.9918032786885246,warm_season
40875,1999,1.2,37.799180327868854,122,122,122,122,1.0,warm_season
40875,2000,2.0,38.24426229508197,122,122,122,122,1.0,warm_season
40875,2001,0.01,37.77459016393443,122,122,122,122,1.0,warm_season
40875,2002,0.3,37.77049180327869,122,122,122,122,1.0,warm_season
40875,2003,0.54,37.36557377049181,122,122,122,122,1.0,warm_season
40875,2004,1.91,37.704918032786885,122,122,122,122,1.0,warm_season
40875,2005,0.02,37.69672131147541,122,122,122,122,1.0,warm_season
40875,2006,0.03,38.187704918032786,122,122,122,122,1.0,warm_season
40875,2007,12.01,38.001639344262294,122,122,122,122,1.0,warm_season
40875,2008,3.0299999999999994,36.79262295081967,122,122,122,122,1.0,warm_season
40875,2009,0.01,38.23688524590164,122,122,122,122,1.0,warm_season
40875,2010,0.03,38.32377049180328,122,122,122,122,1.0,warm_season
40875,2011,0.01,38.135245901639344,122,122,122,122,1.0,warm_season
40875,2012,0.0,38.98688524590164,122,122,122,122,1.0,warm_season
40875,2013,0.9,36.41393442622951,122,122,122,122,1.0,warm_season
40875,2014,0.01,37.49508196721311,122,122,122,122,1.0,warm_season
40875,2015,12.1,38.98934426229508,122,122,122,122,1.0,warm_season
40875,2016,1.01,38.49918032786885,122,122,122,122,1.0,warm_season
40875,2017,0.0,39.351639344262296,122,122,122,122,1.0,warm_season
40875,2018,0.0,38.376229508196715,122,122,122,122,1.0,warm_season
40875,2019,0.0,38.47295081967213,122,122,122,122,1.0,warm_season
40875,2020,0.0,38.90245901639344,122,122,122,122,1.0,warm_season
40875,2021,0.02,38.6983606557377,122,122,122,122,1.0,warm_season
40875,2022,9.629999999999999,37.68032786885246,122,122,122,122,1.0,warm_season
40875,2023,0.01,38.191803278688525,122,122,122,122,1.0,warm_season
40875,2024,2.0199999999999996,38.52295081967213,122,122,122,122,1.0,warm_season
40876,1991,0.0,38.37540983606557,122,122,122,122,1.0,warm_season
40876,1992,0.0,39.18524590163935,122,122,122,122,1.0,warm_season
40876,1993,0.0,40.22295081967213,122,122,122,122,1.0,warm_season
40876,1994,11.0,39.90588235294118,122,119,122,122,0.9754098360655737,warm_season
40876,1995,17.009999999999998,39.25409836065574,122,122,122,122,1.0,warm_season
40876,1996,31.0,40.14426229508197,122,122,122,122,1.0,warm_season
40876,1997,0.4,39.34508196721312,122,122,122,122,1.0,warm_season
40876,1998,0.0,41.220491803278684,122,122,122,122,1.0,warm_season
40876,1999,0.0,39.424590163934425,122,122,122,122,1.0,warm_season
40876,2000,0.0,40.308196721311475,122,122,122,122,1.0,warm_season
40876,2001,0.0,39.99180327868852,122,122,122,122,1.0,warm_season
40876,2002,0.0,39.968032786885246,122,122,122,122,1.0,warm_season
40876,2003,2.42,39.55901639344262,122,122,122,122,1.0,warm_season
40876,2004,0.02,39.60327868852459,122,122,122,122,1.0,warm_season
40876,2005,2.0,39.927868852459014,122,122,122,122,1.0,warm_season
40876,2006,0.7999999999999999,40.49016393442623,122,122,122,122,1.0,warm_season
40876,2007,17.02,40.26967213114754,122,122,122,122,1.0,warm_season
40876,2008,0.0,39.61147540983607,122,122,122,122,1.0,warm_season
40876,2009,0.1,40.763934426229504,122,122,122,122,1.0,warm_season
40876,2010,0.0,40.895081967213116,122,122,122,122,1.0,warm_season
40876,2011,0.01,40.77131147540984,122,122,122,122,1.0,warm_season
40876,2012,0.0,42.01065573770492,122,122,122,122,1.0,warm_season
40876,2013,2.02,39.09836065573771,122,122,122,122,1.0,warm_season
40876,2014,0.0,40.148360655737704,122,122,122,122,1.0,warm_season
40876,2015,0.02,41.631147540983605,6,122,122,122,0.04918032786885246,warm_season
40876,2016,0.01,41.25901639344263,7,122,122,122,0.05737704918032787,warm_season
40876,2017,0.0,42.74297520661157,5,121,122,122,0.040983606557377046,warm_season
40876,2018,0.51,41.01311475409836,7,122,122,122,0.05737704918032787,warm_season
40876,2019,0.01,40.91311475409836,122,122,122,122,1.0,warm_season
40876,2020,0.1,41.886065573770495,122,122,122,122,1.0,warm_season
40876,2021,1.01,41.47786885245902,122,122,122,122,1.0,warm_season
40876,2022,37.22,40.205737704918036,122,122,122,122,1.0,warm_season
40876,2023,0.0,40.722131147540985,122,122,122,122,1.0,warm_season
40876,2024,0.0,41.191803278688525,122,122,122,122,1.0,warm_season
40877,1991,12.1,42.130327868852454,122,122,122,122,1.0,warm_season
40877,1992,9.0,42.7672131147541,122,122,122,122,1.0,warm_season
40877,1993,2.0,43.45737704918033,122,122,122,122,1.0,warm_season
40877,1994,21.0,43.264754098360655,122,122,122,122,1.0,warm_season
40877,1995,5.0,42.3198347107438,122,121,122,122,0.9918032786885246,warm_season
40877,1996,20.4,42.71311475409836,122,122,122,122,1.0,warm_season
40877,1997,20.0,42.68114754098361,122,122,122,122,1.0,warm_season
40877,1998,1.2,43.34590163934426,122,122,122,122,1.0,warm_season
40877,1999,12.0,43.09098360655738,122,122,122,122,1.0,warm_season
40877,2000,3.0,42.59180327868852,122,122,122,122,1.0,warm_season
40877,2001,1.02,43.0155737704918,122,122,122,122,1.0,warm_season
40877,2002,1.9100000000000001,43.467213114754095,122,122,122,122,1.0,warm_season
40877,2003,1.0,42.60983606557377,122,122,122,122,1.0,warm_season
40877,2004,0.4,42.661475409836065,122,122,122,122,1.0,warm_season
40877,2005,110.0,43.08196721311475,122,122,122,122,1.0,warm_season
40877,2006,43.0,42.65245901639344,122,122,122,122,1.0,warm_season
40877,2007,65.4,42.84590163934426,122,122,122,122,1.0,warm_season
40877,2008,0.0,42.9344262295082,122,122,122,122,1.0,warm_season
40877,2009,3.2,42.806557377049174,122,122,122,122,1.0,warm_season
40877,2010,30.0,42.87213114754098,122,122,122,122,1.0,warm_season
40877,2011,12.0,43.58032786885246,122,122,122,122,1.0,warm_season
40877,2012,7.0,43.337704918032784,122,122,122,122,1.0,warm_season
40877,2013,15.600000000000001,42.19508196721311,122,122,122,122,1.0,warm_season
40877,2014,12.599999999999998,42.873770491803285,122,122,122,122,1.0,warm_season
40877,2015,22.8,43.16393442622951,122,122,122,122,1.0,warm_season
40877,2016,0.7,43.372950819672134,122,122,122,122,1.0,warm_season
40877,2017,0.0,43.967213114754095,122,122,122,122,1.0,warm_season
40877,2018,1.01,44.25737704918033,122,122,122,122,1.0,warm_season
40877,2019,1.01,43.584426229508196,122,122,122,122,1.0,warm_season
40877,2020,18.5,43.48166666666667,122,120,122,122,0.9836065573770492,warm_season
40877,2021,17.009999999999998,43.868032786885244,122,122,122,122,1.0,warm_season
40877,2022,22.8,42.97868852459016,122,122,122,122,1.0,warm_season
40877,2023,13.8,43.50737704918033,122,122,122,122,1.0,warm_season
40877,2024,5.41,44.00081967213115,122,122,122,122,1.0,warm_season
40878,1991,2.3,38.104918032786884,122,122,122,122,1.0,warm_season
40878,1992,0.81,37.045081967213115,122,122,122,122,1.0,warm_season
40878,1993,3.01,37.736065573770496,122,122,122,122,1.0,warm_season
40878,1994,73.54,37.09090909090909,122,121,122,122,0.9918032786885246,warm_season
40878,1995,25.52,37.967213114754095,122,122,122,122,1.0,warm_season
40878,1996,6.4399999999999995,37.71147540983607,122,122,122,122,1.0,warm_season
40878,1997,39.779999999999994,38.00901639344263,122,122,122,122,1.0,warm_season
40878,1998,1.11,38.11147540983607,122,122,122,122,1.0,warm_season
40878,1999,1.21,38.572131147540986,122,122,122,122,1.0,warm_season
40878,2000,36.0,37.85901639344262,122,122,122,122,1.0,warm_season
40878,2001,0.0,38.22314049586777,122,121,122,122,0.9918032786885246,warm_season
40878,2002,10.809999999999999,38.5,122,122,122,122,1.0,warm_season
40878,2003,49.0,37.6688524590164,122,122,122,122,1.0,warm_season
40878,2004,8.0,37.89344262295082,122,122,122,122,1.0,warm_season
40878,2005,6.62,38.35655737704918,122,122,122,122,1.0,warm_season
40878,2006,3.4099999999999997,37.751639344262294,122,122,122,122,1.0,warm_season
40878,2007,121.92000000000002,37.18934426229509,122,122,122,122,1.0,warm_season
40878,2008,3.329999999999999,39.049180327868854,122,122,122,122,1.0,warm_season
40878,2009,0.02,38.96967213114754,122,122,122,122,1.0,warm_season
40878,2010,1.0,37.8172131147541,122,122,122,122,1.0,warm_season
40878,2011,16.91,38.48196721311476,122,122,122,122,1.0,warm_season
40878,2012,0.1,37.54262295081967,122,122,122,122,1.0,warm_season
40878,2013,60.9,38.37786885245902,122,122,122,122,1.0,warm_season
40878,2014,0.0,38.64098360655738,122,122,122,122,1.0,warm_season
40878,2015,1.6,37.84180327868852,122,122,122,122,1.0,warm_season
40878,2016,4.51,38.51065573770492,122,122,122,122,1.0,warm_season
40878,2017,7.01,38.23934426229508,122,122,122,122,1.0,warm_season
40878,2018,1.4,38.812295081967214,122,122,122,122,1.0,warm_season
40878,2019,24.5,38.895081967213116,122,122,122,122,1.0,warm_season
40878,2020,2.3,38.54380165289256,122,121,122,122,0.9918032786885246,warm_season
40878,2021,15.0,39.468032786885246,122,122,122,122,1.0,warm_season
40878,2022,75.7,37.93471074380166,122,121,122,122,0.9918032786885246,warm_season
40878,2023,20.0,39.279508196721316,122,122,122,122,1.0,warm_season
40878,2024,23.0,39.44508196721311,122,122,122,122,1.0,warm_season
40879,1991,2.0,42.9396694214876,122,121,122,122,0.9918032786885246,warm_season
40879,1992,0.02,42.231147540983606,122,122,122,122,1.0,warm_season
40879,1993,0.0,42.912295081967216,122,122,122,122,1.0,warm_season
40879,1994,108.21000000000001,41.927868852459014,122,122,122,122,1.0,warm_season
40879,1995,21.82,42.46065573770492,122,122,122,122,1.0,warm_season
40879,1996,26.020000000000003,42.44590163934426,122,122,122,122,1.0,warm_season
40879,1997,19.61,42.911475409836065,122,122,122,122,1.0,warm_season
40879,1998,12.32,43.15409836065574,122,122,122,122,1.0,warm_season
40879,1999,12.1,43.748360655737706,122,122,122,122,1.0,warm_season
40879,2000,3.01,42.981147540983606,122,122,122,122,1.0,warm_season
40879,2001,0.12,43.39262295081967,122,122,122,122,1.0,warm_season
40879,2002,9.92,43.83032786885246,122,122,122,122,1.0,warm_season
40879,2003,32.54,42.84098360655738,122,122,122,122,1.0,warm_season
40879,2004,0.02,43.02295081967213,122,122,122,122,1.0,warm_season
40879,2005,16.919999999999998,43.545901639344265,122,122,122,122,1.0,warm_season
40879,2006,0.01,42.93606557377049,122,122,122,122,1.0,warm_season
40879,2007,95.99000000000001,42.373553719008264,122,121,122,122,0.9918032786885246,warm_season
40879,2008,23.12,43.28852459016393,122,122,122,122,1.0,warm_season
40879,2009,17.34,43.583606557377045,122,122,122,122,1.0,warm_season
40879,2010,1.12,43.0655737704918,122,122,122,122,1.0,warm_season
40879,2011,2.1199999999999997,43.80573770491804,122,122,122,122,1.0,warm_season
40879,2012,0.01,43.0811475409836,122,122,122,122,1.0,warm_season
40879,2013,28.12,43.02459016393443,122,122,122,122,1.0,warm_season
40879,2014,0.01,43.773770491803276,122,122,122,122,1.0,warm_season
40879,2015,10.32,43.06065573770491,122,122,122,122,1.0,warm_season
40879,2016,8.0,43.50573770491803,122,122,122,122,1.0,warm_season
40879,2017,34.6,43.42213114754098,122,122,122,122,1.0,warm_season
40879,2018,3.0,43.98934426229508,122,122,122,122,1.0,warm_season
40879,2019,23.0,43.78934426229508,122,122,122,122,1.0,warm_season
40879,2020,28.5,43.56803278688525,122,122,122,122,1.0,warm_season
40879,2021,18.11,44.06475409836065,122,122,122,122,1.0,warm_season
40879,2022,74.11000000000001,42.48770491803279,122,122,122,122,1.0,warm_season
40879,2023,7.1,43.9483606557377,122,122,122,122,1.0,warm_season
40879,2024,18.299999999999997,43.9827868852459,122,122,122,122,1.0,warm_season
40882,1991,0.0,35.78524590163934,122,122,122,122,1.0,warm_season
40882,1992,0.0,36.41393442622951,122,122,122,122,1.0,warm_season
40882,1993,0.0,37.19754098360656,121,122,122,122,0.9918032786885246,warm_season
40882,1994,0.0,36.84918032786886,122,122,122,122,1.0,warm_season
40882,1995,56.0,36.3827868852459,122,122,122,122,1.0,warm_season
40882,1996,0.0,37.98770491803279,122,122,122,122,1.0,warm_season
40882,1997,6.01,36.65983606557377,122,122,122,122,1.0,warm_season
40882,1998,0.0,38.531967213114754,122,122,122,122,1.0,warm_season
40882,1999,0.42000000000000004,37.84508196721312,122,122,122,122,1.0,warm_season
40882,2000,0.01,37.17540983606557,122,122,122,122,1.0,warm_season
40882,2001,0.01,36.997540983606555,122,122,122,122,1.0,warm_season
40882,2002,0.0,36.869672131147546,122,122,122,122,1.0,warm_season
40882,2003,0.0,37.12868852459016,122,122,122,122,1.0,warm_season
40882,2004,0.0,36.97377049180328,122,122,122,122,1.0,warm_season
40882,2005,0.0,37.43305785123967,122,121,122,122,0.9918032786885246,warm_season
40882,2006,0.0,37.4844262295082,122,122,122,122,1.0,warm_season
40882,2007,2.0,37.62459016393443,122,122,122,122,1.0,warm_season
40882,2008,0.0,37.07868852459017,122,122,122,122,1.0,warm_season
40882,2009,0.0,37.45737704918033,122,122,122,122,1.0,warm_season
40882,2010,0.0,37.87868852459016,122,122,122,122,1.0,warm_season
40882,2011,0.0,37.65245901639344,122,122,122,122,1.0,warm_season
40882,2012,0.0,38.281967213114754,122,122,122,122,1.0,warm_season
40882,2013,0.2,36.92131147540983,122,122,122,122,1.0,warm_season
40882,2014,0.0,37.252459016393445,122,122,122,122,1.0,warm_season
40882,2015,4.01,38.31475409836065,122,122,122,122,1.0,warm_season
40882,2016,0.0,37.71311475409836,122,122,122,122,1.0,warm_season
40882,2017,0.0,38.71475409836066,122,122,122,122,1.0,warm_season
40882,2018,0.0,38.21967213114754,122,122,122,122,1.0,warm_season
40882,2019,0.0,37.924590163934425,122,122,122,122,1.0,warm_season
40882,2020,0.01,38.42704918032787,122,122,122,122,1.0,warm_season
40882,2021,0.0,38.03114754098361,122,122,122,122,1.0,warm_season
40882,2022,25.099999999999998,37.385245901639344,122,122,122,122,1.0,warm_season
40882,2023,0.0,38.057377049180324,122,122,122,122,1.0,warm_season
40882,2024,0.01,38.3672131147541,122,122,122,122,1.0,warm_season
40883,1991,0.0,35.333606557377045,122,122,122,122,1.0,warm_season
40883,1992,0.0,35.84426229508197,122,122,122,122,1.0,warm_season
40883,1993,0.0,36.663333333333334,122,120,122,122,0.9836065573770492,warm_season
40883,1994,0.11,36.39180327868853,122,122,122,122,1.0,warm_season
40883,1995,27.0,36.06803278688525,122,122,122,122,1.0,warm_season
40883,1996,0.0,37.52521008403362,122,119,122,122,0.9754098360655737,warm_season
40883,1997,0.0,36.458196721311474,122,122,122,122,1.0,warm_season
40883,1998,0.0,37.985245901639345,122,122,122,122,1.0,warm_season
40883,1999,0.0,37.00737704918033,122,122,122,122,1.0,warm_season
40883,2000,0.0,36.89016393442623,122,122,122,122,1.0,warm_season
40883,2001,0.0,36.71311475409836,122,122,122,122,1.0,warm_season
40883,2002,0.0,36.8672131147541,122,122,122,122,1.0,warm_season
40883,2003,0.0,37.131147540983605,122,122,122,122,1.0,warm_season
40883,2004,0.0,36.88688524590164,122,122,122,122,1.0,warm_season
40883,2005,0.0,37.24426229508197,122,122,122,122,1.0,warm_season
40883,2006,0.0,37.3155737704918,122,122,122,122,1.0,warm_season
40883,2007,3.0,37.09180327868852,122,122,122,122,1.0,warm_season
40883,2008,0.0,36.45737704918033,122,122,122,122,1.0,warm_season
40883,2009,0.0,37.06885245901639,122,122,122,122,1.0,warm_season
40883,2010,0.0,37.529508196721316,122,122,122,122,1.0,warm_season
40883,2011,0.0,37.306557377049174,122,122,122,122,1.0,warm_season
40883,2012,0.0,38.09180327868852,122,122,122,122,1.0,warm_season
40883,2013,0.0,36.85819672131147,122,122,122,122,1.0,warm_season
40883,2014,0.01,37.39918032786885,122,122,122,122,1.0,warm_season
40883,2015,2.0,38.41967213114754,122,122,122,122,1.0,warm_season
40883,2016,0.0,37.80573770491804,122,122,122,122,1.0,warm_season
40883,2017,0.0,38.47459016393442,122,122,122,122,1.0,warm_season
40883,2018,0.0,38.157377049180326,122,122,122,122,1.0,warm_season
40883,2019,0.0,38.786065573770486,122,122,122,122,1.0,warm_season
40883,2020,0.0,38.0655737704918,122,122,122,122,1.0,warm_season
40883,2021,0.4,37.997540983606555,122,122,122,122,1.0,warm_season
40883,2022,0.6,37.48770491803279,122,122,122,122,1.0,warm_season
40883,2023,0.0,37.88852459016393,122,122,122,122,1.0,warm_season
40883,2024,0.0,38.145833333333336,120,120,122,122,0.9836065573770492,warm_season
40889,1991,0.0,33.78099173553719,122,121,122,122,0.9918032786885246,warm_season
40889,1992,0.0,35.09340659340659,92,91,122,122,0.7459016393442623,warm_season
40889,1993,0.0,35.38360655737705,122,122,122,122,1.0,warm_season
40889,1994,0.0,34.94508196721311,122,122,122,122,1.0,warm_season
40889,1995,10.0,35.239669421487605,122,121,122,122,0.9918032786885246,warm_season
40889,1996,0.0,36.18991596638656,122,119,122,122,0.9754098360655737,warm_season
40889,1997,0.0,35.53770491803279,122,122,122,122,1.0,warm_season
40889,1998,0.0,36.763934426229504,122,122,122,122,1.0,warm_season
40889,1999,0.0,35.71967213114754,122,122,122,122,1.0,warm_season
40889,2000,0.0,35.81639344262295,122,122,122,122,1.0,warm_season
40889,2001,0.0,35.18196721311475,122,122,122,122,1.0,warm_season
40889,2002,0.0,35.59508196721312,122,122,122,122,1.0,warm_season
40889,2003,0.0,35.514754098360655,122,122,122,122,1.0,warm_season
40889,2004,0.0,35.236065573770496,122,122,122,122,1.0,warm_season
40889,2005,0.0,35.51639344262295,122,122,122,122,1.0,warm_season
40889,2006,0.0,35.80409836065574,122,122,122,122,1.0,warm_season
40889,2007,0.0,35.75573770491803,122,122,122,122,1.0,warm_season
40889,2008,0.0,35.17540983606557,122,122,122,122,1.0,warm_season
40889,2009,0.0,36.18688524590164,122,122,122,122,1.0,warm_season
40889,2010,0.0,36.44098360655738,122,122,122,122,1.0,warm_season
40889,2011,0.0,36.46065573770492,122,122,122,122,1.0,warm_season
40889,2012,0.0,36.48196721311476,122,122,122,122,1.0,warm_season
40889,2013,0.0,35.39672131147541,122,122,122,122,1.0,warm_season
40889,2014,0.0,35.91311475409836,122,122,122,122,1.0,warm_season
40889,2015,0.0,36.77049180327869,122,122,122,122,1.0,warm_season
40889,2016,0.0,36.325409836065575,122,122,122,122,1.0,warm_season
40889,2017,0.0,36.71065573770492,122,122,122,122,1.0,warm_season
40889,2018,0.0,36.531967213114754,122,122,122,122,1.0,warm_season
40889,2019,0.0,36.7425,122,120,122,122,0.9836065573770492,warm_season
40889,2020,0.0,36.65819672131148,122,122,122,122,1.0,warm_season
40889,2021,0.0,36.90163934426229,122,122,122,122,1.0,warm_season
40889,2022,0.0,36.15163934426229,122,122,122,122,1.0,warm_season
40889,2023,0.0,36.64426229508197,122,122,122,122,1.0,warm_season
40889,2024,0.0,36.96134453781512,122,119,122,122,0.9754098360655737,warm_season
40890,1991,0.0,34.77851239669421,122,121,122,122,0.9918032786885246,warm_season
40890,1992,0.0,34.9827868852459,122,122,122,122,1.0,warm_season
40890,1993,0.0,35.2327868852459,122,122,122,122,1.0,warm_season
40890,1994,0.0,35.10826446280992,122,121,122,122,0.9918032786885246,warm_season
40890,1995,4.9,34.98032786885246,122,122,122,122,1.0,warm_season
40890,1996,0.0,36.20165289256198,122,121,122,122,0.9918032786885246,warm_season
40890,1997,0.0,35.38360655737705,122,122,122,122,1.0,warm_season
40890,1998,0.0,36.717213114754095,122,122,122,122,1.0,warm_season
40890,1999,0.0,35.985245901639345,122,122,122,122,1.0,warm_season
40890,2000,0.0,35.58032786885246,122,122,122,122,1.0,warm_season
40890,2001,0.0,35.8155737704918,122,122,122,122,1.0,warm_season
40890,2002,0.0,35.481147540983606,122,122,122,122,1.0,warm_season
40890,2003,0.0,35.84918032786886,122,122,122,122,1.0,warm_season
40890,2004,0.0,35.3327868852459,122,122,122,122,1.0,warm_season
40890,2005,0.0,35.37540983606557,122,122,122,122,1.0,warm_season
40890,2006,0.0,36.044262295081964,122,122,122,122,1.0,warm_season
40890,2007,0.0,35.963934426229514,122,122,122,122,1.0,warm_season
40890,2008,0.01,35.51147540983606,122,122,122,122,1.0,warm_season
40890,2009,0.0,35.601639344262296,122,122,122,122,1.0,warm_season
40890,2010,0.0,37.1827868852459,122,122,122,122,1.0,warm_season
40890,2011,0.0,36.619672131147546,122,122,122,122,1.0,warm_season
40890,2012,0.0,37.07459016393443,122,122,122,122,1.0,warm_season
40890,2013,0.0,35.88360655737705,122,122,122,122,1.0,warm_season
40890,2014,0.0,35.68360655737705,122,122,122,122,1.0,warm_season
40890,2015,0.0,36.68524590163935,122,122,122,122,1.0,warm_season
40890,2016,0.0,36.985245901639345,122,122,122,122,1.0,warm_season
40890,2017,0.0,37.37950819672131,122,122,122,122,1.0,warm_season
40890,2018,0.0,37.05409836065574,122,122,122,122,1.0,warm_season
40890,2019,0.0,37.17213114754098,122,122,122,122,1.0,warm_season
40890,2020,0.0,37.46229508196721,122,122,122,122,1.0,warm_season
40890,2021,0.0,37.74918032786885,122,122,122,122,1.0,warm_season
40890,2022,1.5999999999999999,37.411475409836065,122,122,122,122,1.0,warm_season
40890,2023,0.0,37.91311475409836,122,122,122,122,1.0,warm_season
40890,2024,0.0,37.81666666666667,122,120,122,122,0.9836065573770492,warm_season
40893,1991,0.0,31.72622950819672,122,122,122,122,1.0,warm_season
40893,1992,0.7,33.09754098360656,122,122,122,122,1.0,warm_season
40893,1993,0.02,33.94098360655738,122,122,122,122,1.0,warm_season
40893,1994,0.03,33.90655737704918,122,122,122,122,1.0,warm_season
40893,1995,6.0,33.70655737704918,122,122,122,122,1.0,warm_season
40893,1996,0.0,33.452892561983475,122,121,122,122,0.9918032786885246,warm_season
40893,1997,0.0,32.90983606557377,122,122,122,122,1.0,warm_season
40893,1998,0.0,34.09344262295082,122,122,122,122,1.0,warm_season
40893,1999,0.0,32.53442622950819,122,122,122,122,1.0,warm_season
40893,2000,0.0,33.104918032786884,122,122,122,122,1.0,warm_season
40893,2001,0.01,33.424590163934425,122,122,122,122,1.0,warm_season
40893,2002,0.0,33.34754098360656,122,122,122,122,1.0,warm_season
40893,2003,2.12,33.02295081967213,122,122,122,122,1.0,warm_season
40893,2004,0.0,33.24098360655738,122,122,122,122,1.0,warm_season
40893,2005,0.0,33.5672131147541,122,122,122,122,1.0,warm_season
40893,2006,0.0,33.57704918032787,122,122,122,122,1.0,warm_season
40893,2007,161.20999999999998,33.53770491803279,122,122,122,122,1.0,warm_season
40893,2008,0.71,32.75737704918033,122,122,122,122,1.0,warm_season
40893,2009,0.0,34.48032786885246,122,122,122,122,1.0,warm_season
40893,2010,0.0,33.273770491803276,122,122,122,122,1.0,warm_season
40893,2011,0.0,33.71229508196721,122,122,122,122,1.0,warm_season
40893,2012,0.0,34.19672131147541,122,122,122,122,1.0,warm_season
40893,2013,7.0,32.43606557377049,122,122,122,122,1.0,warm_season
40893,2014,0.0,32.99669421487603,122,121,122,122,0.9918032786885246,warm_season
40893,2015,0.04,34.86776859504132,122,121,122,122,0.9918032786885246,warm_season
40893,2016,0.0,33.83032786885246,122,122,122,122,1.0,warm_season
40893,2017,0.0,34.2327868852459,122,122,122,122,1.0,warm_season
40893,2018,0.0,34.01570247933884,122,121,122,122,0.9918032786885246,warm_season
40893,2019,0.0,33.61557377049181,122,122,122,122,1.0,warm_season
40893,2020,0.0,34.37540983606557,122,122,122,122,1.0,warm_season
40893,2021,4.1,34.135245901639344,122,122,122,122,1.0,warm_season
40893,2022,32.510000000000005,32.43196721311475,122,122,122,122,1.0,warm_season
40893,2023,0.0,33.32892561983471,122,121,122,122,0.9918032786885246,warm_season
40893,2024,5.1,33.81885245901639,122,122,122,122,1.0,warm_season
40898,1991,0.04,30.746721311475408,122,122,122,122,1.0,warm_season
40898,1992,1.6,31.79504132231405,122,121,122,122,0.9918032786885246,warm_season
40898,1993,0.0,32.46639344262295,122,122,122,122,1.0,warm_season
40898,1994,20.22,32.53606557377049,122,122,122,122,1.0,warm_season
40898,1995,46.62,32.28688524590164,122,122,122,122,1.0,warm_season
40898,1996,0.0,31.40655737704918,122,122,122,122,1.0,warm_season
40898,1997,2.4,32.37377049180328,122,122,122,122,1.0,warm_season
40898,1998,0.0,32.76115702479339,122,121,122,122,0.9918032786885246,warm_season
40898,1999,0.0,31.591803278688523,122,122,122,122,1.0,warm_season
40898,2000,0.0,32.68114754098361,122,122,122,122,1.0,warm_season
40898,2001,0.41000000000000003,31.827868852459016,122,122,122,122,1.0,warm_season
40898,2002,0.31,31.618852459016395,122,122,122,122,1.0,warm_season
40898,2003,9.530000000000001,32.47868852459016,122,122,122,122,1.0,warm_season
40898,2004,0.0,31.75901639344262,122,122,122,122,1.0,warm_season
40898,2005,1.01,32.15983606557377,122,122,122,122,1.0,warm_season
40898,2006,4.0,31.93606557377049,122,122,122,122,1.0,warm_season
40898,2007,146.13,33.06147540983606,122,122,122,122,1.0,warm_season
40898,2008,9.11,32.662295081967216,122,122,122,122,1.0,warm_season
40898,2009,1.6,33.34918032786885,122,122,122,122,1.0,warm_season
40898,2010,119.0,32.0827868852459,122,122,122,122,1.0,warm_season
40898,2011,0.81,31.75,122,122,122,122,1.0,warm_season
40898,2012,0.01,31.64016393442623,122,122,122,122,1.0,warm_season
40898,2013,0.6000000000000001,31.275409836065574,122,122,122,122,1.0,warm_season
40898,2014,0.01,32.01570247933884,122,121,122,122,0.9918032786885246,warm_season
40898,2015,2.3,32.52131147540984,122,122,122,122,1.0,warm_season
40898,2016,0.0,31.93606557377049,122,122,122,122,1.0,warm_season
40898,2017,0.03,32.03606557377049,122,122,122,122,1.0,warm_season
40898,2018,0.0,31.88606557377049,122,122,122,122,1.0,warm_season
40898,2019,5.01,33.107438016528924,122,121,122,122,0.9918032786885246,warm_season
40898,2020,0.5,33.89173553719008,122,121,122,122,0.9918032786885246,warm_season
40898,2021,35.5,33.07190082644628,122,121,122,122,0.9918032786885246,warm_season
40898,2022,47.43000000000001,32.928688524590164,122,122,122,122,1.0,warm_season
40898,2023,8.4,33.0483606557377,122,122,122,122,1.0,warm_season
40898,2024,10.01,33.35289256198347,122,121,122,122,0.9918032786885246,warm_season
88187,1991,,,0,0,122,122,0.0,warm_season
88187,1992,0.0,38.67295081967213,122,122,122,122,1.0,warm_season
88187,1993,0.0,39.02213114754098,122,122,122,122,1.0,warm_season
88187,1994,12.0,38.01648351648352,91,91,122,122,0.7459016393442623,warm_season
88187,1995,1.4,38.27295081967213,122,122,122,122,1.0,warm_season
88187,1996,0.11,39.07704918032787,122,122,122,122,1.0,warm_season
88187,1997,0.0,39.380327868852454,122,122,122,122,1.0,warm_season
88187,1998,2.0,40.057377049180324,122,122,122,122,1.0,warm_season
88187,1999,0.0,39.65491803278688,122,122,122,122,1.0,warm_season
88187,2000,0.0,39.36311475409836,122,122,122,122,1.0,warm_season
88187,2001,0.01,39.77704918032787,122,122,122,122,1.0,warm_season
88187,2002,0.0,40.675,92,92,122,122,0.7540983606557377,warm_season
88187,2003,0.01,39.44016393442623,122,122,122,122,1.0,warm_season
88187,2004,0.0,38.93032786885246,122,122,122,122,1.0,warm_season
88187,2005,0.0,39.463934426229514,122,122,122,122,1.0,warm_season
88187,2006,0.0,39.463934426229514,122,122,122,122,1.0,warm_season
88187,2007,0.0,39.337704918032784,122,122,122,122,1.0,warm_season
88187,2008,0.0,39.351639344262296,122,122,122,122,1.0,warm_season
88187,2009,0.0,39.618032786885244,122,122,122,122,1.0,warm_season
88187,2010,0.0,39.88688524590164,122,122,122,122,1.0,warm_season
88187,2011,6.0,40.40409836065574,122,122,122,122,1.0,warm_season
88187,2012,0.9,40.36864406779661,121,118,122,122,0.9672131147540983,warm_season
88187,2013,41.0,38.863934426229505,122,122,122,122,1.0,warm_season
88187,2014,0.0,40.3375,122,120,122,122,0.9836065573770492,warm_season
88187,2015,0.3,40.26776859504132,122,121,122,122,0.9918032786885246,warm_season
88187,2016,0.0,40.86147540983607,122,122,122,122,1.0,warm_season
88187,2017,0.1,41.299180327868854,122,122,122,122,1.0,warm_season
88187,2018,0.0,41.324793388429754,122,121,122,122,0.9918032786885246,warm_season
88187,2019,0.0,41.25081967213115,122,122,122,122,1.0,warm_season
88187,2020,1.2,40.7900826446281,122,121,122,122,0.9918032786885246,warm_season
88187,2021,22.0,40.92950819672131,122,122,122,122,1.0,warm_season
88187,2022,0.0,39.84666666666667,122,120,122,122,0.9836065573770492,warm_season
88187,2023,0.0,40.7016393442623,122,122,122,122,1.0,warm_season
88187,2024,7.0,40.4827868852459,122,122,122,122,1.0,warm_season
99331,1991,4.07,32.12622950819672,122,122,122,122,1.0,warm_season
99331,1992,16.279999999999998,31.01967213114754,122,122,122,122,1.0,warm_season
99331,1993,3.0199999999999996,32.03114754098361,122,122,122,122,1.0,warm_season
99331,1994,3.04,32.15655737704918,122,122,122,122,1.0,warm_season
99331,1995,3.24,32.85737704918033,122,122,122,122,1.0,warm_season
99331,1996,15.8,32.441322314049586,122,121,122,122,0.9918032786885246,warm_season
99331,1997,11.92,33.11311475409836,122,122,122,122,1.0,warm_season
99331,1998,23.01,32.660655737704914,122,122,122,122,1.0,warm_season
99331,1999,13.51,32.64918032786885,122,122,122,122,1.0,warm_season
99331,2000,3.6099999999999994,32.90573770491803,122,122,122,122,1.0,warm_season
99331,2001,24.4,32.52295081967213,122,122,122,122,1.0,warm_season
99331,2002,10.5,33.15819672131148,122,122,122,122,1.0,warm_season
99331,2003,1.0,32.822131147540986,122,122,122,122,1.0,warm_season
99331,2004,20.92,32.55573770491804,122,122,122,122,1.0,warm_season
99331,2005,6.3,33.11639344262295,122,122,122,122,1.0,warm_season
99331,2006,6.0,33.355737704918035,122,122,122,122,1.0,warm_season
99331,2007,12.02,33.177868852459014,122,122,122,122,1.0,warm_season
99331,2008,1.3,33.71885245901639,122,122,122,122,1.0,warm_season
99331,2009,33.230000000000004,32.54344262295082,122,122,122,122,1.0,warm_season
99331,2010,10.3,33.49508196721312,122,122,122,122,1.0,warm_season
99331,2011,40.02,33.52131147540984,122,122,122,122,1.0,warm_season
99331,2012,27.13,32.95245901639344,122,122,122,122,1.0,warm_season
99331,2013,1.11,34.25901639344263,119,122,122,122,0.9754098360655737,warm_season
99331,2014,4.609999999999999,34.26386554621849,122,119,122,122,0.9754098360655737,warm_season
99331,2015,16.799999999999997,33.732231404958675,122,121,122,122,0.9918032786885246,warm_season
99331,2016,0.0,33.635537190082644,122,121,122,122,0.9918032786885246,warm_season
99331,2017,11.8,33.49203539823009,116,113,122,122,0.9262295081967213,warm_season
99331,2018,10.799999999999999,34.423770491803275,122,122,122,122,1.0,warm_season
99331,2019,0.0,34.529752066115705,121,121,122,122,0.9918032786885246,warm_season
99331,2020,0.0,32.868595041322315,122,121,122,122,0.9918032786885246,warm_season
99331,2021,9.6,34.65084745762712,122,118,122,122,0.9672131147540983,warm_season
99331,2022,49.400000000000006,34.220491803278684,122,122,122,122,1.0,warm_season
99331,2023,2.6,34.0725,122,120,122,122,0.9836065573770492,warm_season
99331,2024,17.2,33.93048780487805,112,82,122,122,0.6721311475409836,warm_season
99407,1991,0.0,37.69918032786885,122,122,122,122,1.0,warm_season
99407,1992,0.2,36.72950819672131,122,122,122,122,1.0,warm_season
99407,1993,0.2,37.64628099173554,122,121,122,122,0.9918032786885246,warm_season
99407,1994,0.0,37.95655737704918,122,122,122,122,1.0,warm_season
99407,1995,1.3,38.9900826446281,122,121,122,122,0.9918032786885246,warm_season
99407,1996,0.01,38.28934426229508,122,122,122,122,1.0,warm_season
99407,1997,0.0,39.187704918032786,122,122,122,122,1.0,warm_season
99407,1998,0.01,38.040983606557376,122,122,122,122,1.0,warm_season
99407,1999,0.8200000000000001,38.45454545454545,122,121,122,122,0.9918032786885246,warm_season
99407,2000,0.0,37.72786885245902,122,122,122,122,1.0,warm_season
99407,2001,0.0,38.907377049180326,122,122,122,122,1.0,warm_season
99407,2002,0.0,38.82950819672131,122,122,122,122,1.0,warm_season
99407,2003,0.0,38.6844262295082,122,122,122,122,1.0,warm_season
99407,2004,0.0,38.174590163934425,122,122,122,122,1.0,warm_season
99407,2005,0.0,38.94590163934426,122,122,122,122,1.0,warm_season
99407,2006,0.0,38.2327868852459,122,122,122,122,1.0,warm_season
99407,2007,6.0,38.2327868852459,122,122,122,122,1.0,warm_season
99407,2008,0.0,39.333606557377045,122,122,122,122,1.0,warm_season
99407,2009,0.0,38.81311475409836,122,122,122,122,1.0,warm_season
99407,2010,0.0,38.136065573770495,122,122,122,122,1.0,warm_season
99407,2011,0.0,39.02459016393443,122,122,122,122,1.0,warm_season
99407,2012,0.0,37.63934426229508,122,122,122,122,1.0,warm_season
99407,2013,3.1,39.8672131147541,122,122,122,122,1.0,warm_season
99407,2014,0.0,39.34098360655738,122,122,122,122,1.0,warm_season
99407,2015,0.0,38.41652892561983,122,121,122,122,0.9918032786885246,warm_season
99407,2016,0.2,38.78181818181818,122,121,122,122,0.9918032786885246,warm_season
99407,2017,0.0,38.14344262295082,122,122,122,122,1.0,warm_season
99407,2018,0.0,38.74590163934426,122,122,122,122,1.0,warm_season
99407,2019,0.0,39.288429752066115,122,121,122,122,0.9918032786885246,warm_season
99407,2020,0.0,37.91842105263158,72,114,122,122,0.5901639344262295,warm_season
99407,2021,0.30000000000000004,39.53442622950819,122,122,122,122,1.0,warm_season
99407,2022,0.0,38.64754098360656,122,122,122,122,1.0,warm_season
99407,2023,0.0,39.18524590163935,122,122,122,122,1.0,warm_season
99407,2024,0.01,39.7327868852459,122,122,122,122,1.0,warm_season
99421,1991,,,0,0,122,122,0.0,warm_season
99421,1992,4.01,29.558474576271188,122,118,122,122,0.9672131147540983,warm_season
99421,1993,0.5,31.049180327868854,122,122,122,122,1.0,warm_season
99421,1994,0.0,31.394915254237286,122,118,122,122,0.9672131147540983,warm_season
99421,1995,7.6,31.821311475409836,122,122,122,122,1.0,warm_season
99421,1996,4.4,30.944262295081966,122,122,122,122,1.0,warm_season
99421,1997,7.34,32.01311475409836,122,122,122,122,1.0,warm_season
99421,1998,10.120000000000001,31.563114754098358,122,122,122,122,1.0,warm_season
99421,1999,4.01,31.459016393442624,122,122,122,122,1.0,warm_season
99421,2000,0.01,31.79754098360656,122,122,122,122,1.0,warm_season
99421,2001,12.11,31.59918032786885,122,122,122,122,1.0,warm_season
99421,2002,0.0,32.136065573770495,122,122,122,122,1.0,warm_season
99421,2003,0.0,31.92377049180328,122,122,122,122,1.0,warm_season
99421,2004,0.01,31.67950819672131,122,122,122,122,1.0,warm_season
99421,2005,0.8,32.19672131147541,122,122,122,122,1.0,warm_season
99421,2006,0.0,32.18360655737705,122,122,122,122,1.0,warm_season
99421,2007,9.51,31.659016393442624,122,122,122,122,1.0,warm_season
99421,2008,1.22,31.88032786885246,122,122,122,122,1.0,warm_season
99421,2009,10.0,31.113114754098362,122,122,122,122,1.0,warm_season
99421,2010,0.3,31.90983606557377,122,122,122,122,1.0,warm_season
99421,2011,0.0,32.09344262295082,122,122,122,122,1.0,warm_season
99421,2012,15.0,31.08360655737705,122,122,122,122,1.0,warm_season
99421,2013,0.0,32.44098360655738,122,122,122,122,1.0,warm_season
99421,2014,4.8999999999999995,32.67603305785124,122,121,122,122,0.9918032786885246,warm_season
99421,2015,8.600000000000001,31.817213114754097,122,122,122,122,1.0,warm_season
99421,2016,0.0,31.859016393442623,122,122,122,122,1.0,warm_season
99421,2017,0.5,31.950819672131146,122,122,122,122,1.0,warm_season
99421,2018,5.2,32.82231404958678,122,121,122,122,0.9918032786885246,warm_season
99421,2019,0.1,33.60084745762712,122,118,122,122,0.9672131147540983,warm_season
99421,2020,4.2,32.44583333333333,122,120,122,122,0.9836065573770492,warm_season
99421,2021,0.6,33.92950819672131,122,122,122,122,1.0,warm_season
99421,2022,2.8,33.277868852459015,122,122,122,122,1.0,warm_season
99421,2023,2.0,33.11147540983607,122,122,122,122,1.0,warm_season
99421,2024,6.6,33.28360655737705,122,122,122,122,1.0,warm_season
99459,1991,0.5,30.28360655737705,122,122,122,122,1.0,warm_season
99459,1992,0.1,27.59016393442623,122,122,122,122,1.0,warm_season
99459,1993,2.5,28.57049180327869,122,122,122,122,1.0,warm_season
99459,1994,1.6,29.660655737704918,122,122,122,122,1.0,warm_season
99459,1995,3.0,29.349999999999998,122,122,122,122,1.0,warm_season
99459,1996,1.9000000000000004,28.391803278688528,122,122,122,122,1.0,warm_season
99459,1997,7.01,29.876229508196722,122,122,122,122,1.0,warm_season
99459,1998,1.6,29.671186440677964,122,118,122,122,0.9672131147540983,warm_season
99459,1999,4.0,30.081666666666667,122,120,122,122,0.9836065573770492,warm_season
99459,2000,2.42,29.558196721311475,122,122,122,122,1.0,warm_season
99459,2001,3.3000000000000003,29.518032786885243,122,122,122,122,1.0,warm_season
99459,2002,0.0,30.085245901639347,122,122,122,122,1.0,warm_season
99459,2003,0.0,30.445901639344264,122,122,122,122,1.0,warm_season
99459,2004,3.6999999999999997,29.685245901639345,122,122,122,122,1.0,warm_season
99459,2005,1.9,30.747540983606555,122,122,122,122,1.0,warm_season
99459,2006,0.0,29.691803278688525,122,122,122,122,1.0,warm_season
99459,2007,2.21,29.641803278688528,122,122,122,122,1.0,warm_season
99459,2008,3.01,29.870491803278686,122,122,122,122,1.0,warm_season
99459,2009,9.7,30.016393442622952,122,122,122,122,1.0,warm_season
99459,2010,1.3,30.172131147540984,122,122,122,122,1.0,warm_season
99459,2011,0.7,30.39344262295082,122,122,122,122,1.0,warm_season
99459,2012,8.51,29.38360655737705,122,122,122,122,1.0,warm_season
99459,2013,0.1,30.921311475409837,122,122,122,122,1.0,warm_season
99459,2014,0.31,30.496666666666666,122,120,122,122,0.9836065573770492,warm_season
99459,2015,15.43,29.4900826446281,122,121,122,122,0.9918032786885246,warm_season
99459,2016,0.0,30.463934426229507,122,122,122,122,1.0,warm_season
99459,2017,0.8,30.409016393442624,122,122,122,122,1.0,warm_season
99459,2018,1.0,31.36393442622951,122,122,122,122,1.0,warm_season
99459,2019,8.4,31.77983193277311,122,119,122,122,0.9754098360655737,warm_season
99459,2020,0.13,30.785245901639346,122,122,122,122,1.0,warm_season
99459,2021,3.5100000000000002,31.99586776859504,122,121,122,122,0.9918032786885246,warm_season
99459,2022,16.82,31.033333333333335,122,120,122,122,0.9836065573770492,warm_season
99459,2023,0.11,31.408196721311477,122,122,122,122,1.0,warm_season
99459,2024,4.51,32.4034188034188,122,117,122,122,0.9590163934426229,warm_season
99623,1991,,,0,0,122,122,0.0,warm_season
99623,1992,0.0,38.2771186440678,119,118,122,122,0.9672131147540983,warm_season
99623,1993,0.01,38.57295081967213,122,122,122,122,1.0,warm_season
99623,1994,0.0,38.65901639344262,122,122,122,122,1.0,warm_season
99623,1995,0.41000000000000003,40.09590163934426,122,122,122,122,1.0,warm_season
99623,1996,0.0,39.469166666666666,122,120,122,122,0.9836065573770492,warm_season
99623,1997,0.0,39.950819672131146,122,122,122,122,1.0,warm_season
99623,1998,0.0,39.726229508196724,122,122,122,122,1.0,warm_season
99623,1999,0.01,40.31885245901639,122,122,122,122,1.0,warm_season
99623,2000,0.0,40.36147540983607,122,122,122,122,1.0,warm_season
99623,2001,0.0,40.99180327868852,122,122,122,122,1.0,warm_season
99623,2002,0.0,41.0811475409836,122,122,122,122,1.0,warm_season
99623,2003,0.0,40.43196721311475,122,122,122,122,1.0,warm_season
99623,2004,0.0,40.21147540983607,122,122,122,122,1.0,warm_season
99623,2005,0.0,40.03442622950819,122,122,122,122,1.0,warm_season
99623,2006,0.0,39.93032786885246,122,122,122,122,1.0,warm_season
99623,2007,6.5,39.40327868852459,122,122,122,122,1.0,warm_season
99623,2008,0.0,41.75573770491803,122,122,122,122,1.0,warm_season
99623,2009,0.0,40.236065573770496,122,122,122,122,1.0,warm_season
99623,2010,0.0,40.18688524590164,122,122,122,122,1.0,warm_season
99623,2011,0.0,41.07786885245902,122,122,122,122,1.0,warm_season
99623,2012,0.0,39.49016393442623,122,122,122,122,1.0,warm_season
99623,2013,0.0,41.88770491803279,122,122,122,122,1.0,warm_season
99623,2014,0.0,41.2327868852459,122,122,122,122,1.0,warm_season
99623,2015,0.0,40.443442622950826,122,122,122,122,1.0,warm_season
99623,2016,0.0,41.32868852459017,122,122,122,122,1.0,warm_season
99623,2017,0.0,40.954918032786885,122,122,122,122,1.0,warm_season
99623,2018,0.0,41.61557377049181,122,122,122,122,1.0,warm_season
99623,2019,0.0,40.69016393442623,122,122,122,122,1.0,warm_season
99623,2020,0.0,39.662295081967216,122,122,122,122,1.0,warm_season
99623,2021,0.0,41.8311475409836,122,122,122,122,1.0,warm_season
99623,2022,33.0,41.19426229508196,122,122,122,122,1.0,warm_season
99623,2023,0.0,41.837704918032784,122,122,122,122,1.0,warm_season
99623,2024,0.0,41.704098360655735,122,122,122,122,1.0,warm_season
