index_name,network,tau,slope,ols_slope,n_stations,ci_low,ci_high
warm_days,available,0.1,9.446325540444347,14.021952707566285,,,
warm_days,available,0.11,9.446325540444347,14.021952707566285,,,
warm_days,available,0.12,8.907624633431087,14.021952707566285,,,
warm_days,available,0.13,8.907624633431087,14.021952707566285,,,
warm_days,available,0.14,8.907624633431087,14.021952707566285,,,
warm_days,available,0.15,8.867289710398216,14.021952707566285,,,
warm_days,available,0.16,9.526761117670208,14.021952707566285,,,
warm_days,available,0.17,9.526761117670208,14.021952707566285,,,
warm_days,available,0.18,9.526761117670208,14.021952707566285,,,
warm_days,available,0.19,9.526761117670208,14.021952707566285,,,
warm_days,available,0.2,9.58229657276578,14.021952707566285,,,
warm_days,available,0.21,9.58229657276578,14.021952707566285,,,
warm_days,available,0.22,9.58229657276578,14.021952707566285,,,
warm_days,available,0.23,9.58229657276578,14.021952707566285,,,
warm_days,available,0.24,10.889480753850256,14.021952707566285,,,
warm_days,available,0.25,9.64442815249267,14.021952707566285,,,
warm_days,available,0.26,9.64442815249267,14.021952707566285,,,
warm_days,available,0.27,9.64442815249267,14.021952707566285,,,
warm_days,available,0.28,9.64442815249267,14.021952707566285,,,
warm_days,available,0.29,9.64442815249267,14.021952707566285,,,
warm_days,available,0.3,10.96774193548387,14.021952707566285,,,
warm_days,available,0.31,12.550403225806454,14.021952707566285,,,
warm_days,available,0.32,12.550403225806454,14.021952707566285,,,
warm_days,available,0.33,12.550403225806454,14.021952707566285,,,
warm_days,available,0.34,12.706653225806454,14.021952707566285,,,
warm_days,available,0.35,12.706653225806454,14.021952707566285,,,
warm_days,available,0.36,12.706653225806454,14.021952707566285,,,
warm_days,available,0.37,12.706653225806454,14.021952707566285,,,
warm_days,available,0.38,12.939068100358424,14.021952707566285,,,
warm_days,available,0.39,12.939068100358424,14.021952707566285,,,
warm_days,available,0.4,12.939068100358424,14.021952707566285,,,
warm_days,available,0.41,13.006912442396315,14.021952707566285,,,
warm_days,available,0.42,13.006912442396315,14.021952707566285,,,
warm_days,available,0.43,16.5848615061833,14.021952707566285,,,
warm_days,available,0.44,16.5848615061833,14.021952707566285,,,
warm_days,available,0.45,16.5848615061833,14.021952707566285,,,
warm_days,available,0.46,16.31665792464376,14.021952707566285,,,
warm_days,available,0.47,15.456989247311828,14.021952707566285,,,
warm_days,available,0.48,15.549853372434017,14.021952707566285,,,
warm_days,available,0.49,15.549853372434017,14.021952707566285,,,
warm_days,available,0.5,15.549853372434017,14.021952707566285,,,
warm_days,available,0.51,15.549853372434017,14.021952707566285,,,
warm_days,available,0.52,15.549853372434017,14.021952707566285,,,
warm_days,available,0.53,15.538891074394614,14.021952707566285,,,
warm_days,available,0.54,15.632183908045976,14.021952707566285,,,
warm_days,available,0.55,15.632183908045976,14.021952707566285,,,
warm_days,available,0.56,15.632183908045976,14.021952707566285,,,
warm_days,available,0.57,15.632183908045976,14.021952707566285,,,
warm_days,available,0.58,15.632183908045976,14.021952707566285,,,
warm_days,available,0.59,15.191856181234623,14.021952707566285,,,
warm_days,available,0.6,15.191856181234623,14.021952707566285,,,
warm_days,available,0.61,15.282258064516137,14.021952707566285,,,
warm_days,available,0.62,15.282258064516137,14.021952707566285,,,
warm_days,available,0.63,15.282258064516137,14.021952707566285,,,
warm_days,available,0.64,15.737327188940093,14.021952707566285,,,
warm_days,available,0.65,15.737327188940093,14.021952707566285,,,
warm_days,available,0.66,15.037223001402523,14.021952707566285,,,
warm_days,available,0.67,15.037223001402523,14.021952707566285,,,
warm_days,available,0.68,15.037223001402523,14.021952707566285,,,
warm_days,available,0.69,15.462161056568489,14.021952707566285,,,
warm_days,available,0.7,15.462161056568489,14.021952707566285,,,
warm_days,available,0.71,15.462161056568489,14.021952707566285,,,
warm_days,available,0.72,15.462161056568489,14.021952707566285,,,
warm_days,available,0.73,15.462161056568489,14.021952707566285,,,
warm_days,available,0.74,15.63082817363938,14.021952707566285,,,
warm_days,available,0.75,15.400093248244309,14.021952707566285,,,
warm_days,available,0.76,15.400093248244309,14.021952707566285,,,
warm_days,available,0.77,15.400093248244309,14.021952707566285,,,
warm_days,available,0.78,15.400093248244309,14.021952707566285,,,
warm_days,available,0.79,15.400093248244309,14.021952707566285,,,
warm_days,available,0.8,15.297973873633698,14.021952707566285,,,
warm_days,available,0.81,15.297973873633698,14.021952707566285,,,
warm_days,available,0.82,15.297973873633698,14.021952707566285,,,
warm_days,available,0.83,15.297973873633698,14.021952707566285,,,
warm_days,available,0.84,15.159179774282414,14.021952707566285,,,
warm_days,available,0.85,15.159179774282414,14.021952707566285,,,
warm_days,available,0.86,15.159179774282414,14.021952707566285,,,
warm_days,available,0.87,15.159179774282414,14.021952707566285,,,
warm_days,available,0.88,15.159179774282414,14.021952707566285,,,
warm_days,available,0.89,22.504655127196433,14.021952707566285,,,
warm_days,available,0.9,22.504655127196433,14.021952707566285,,,
warm_days,index_fixed,0.1,9.557667103538664,13.974194181425718,109.0,,
warm_days,index_fixed,0.11,9.557667103538664,13.974194181425718,109.0,,
warm_days,index_fixed,0.12,9.557667103538664,13.974194181425718,109.0,,
warm_days,index_fixed,0.13,9.557667103538664,13.974194181425718,109.0,,
warm_days,index_fixed,0.14,9.557667103538664,13.974194181425718,109.0,,
warm_days,index_fixed,0.15,9.007815154604147,13.974194181425718,109.0,,
warm_days,index_fixed,0.16,9.398572884811417,13.974194181425718,109.0,,
warm_days,index_fixed,0.17,9.398572884811417,13.974194181425718,109.0,,
warm_days,index_fixed,0.18,9.398572884811417,13.974194181425718,109.0,,
warm_days,index_fixed,0.19,9.79030144167759,13.974194181425718,109.0,,
warm_days,index_fixed,0.2,9.79030144167759,13.974194181425718,109.0,,
warm_days,index_fixed,0.21,9.79030144167759,13.974194181425718,109.0,,
warm_days,index_fixed,0.22,9.79030144167759,13.974194181425718,109.0,,
warm_days,index_fixed,0.23,9.79030144167759,13.974194181425718,109.0,,
warm_days,index_fixed,0.24,11.044460127028938,13.974194181425718,109.0,,
warm_days,index_fixed,0.25,9.849874895746458,13.974194181425718,109.0,,
warm_days,index_fixed,0.26,9.849874895746458,13.974194181425718,109.0,,
warm_days,index_fixed,0.27,9.849874895746458,13.974194181425718,109.0,,
warm_days,index_fixed,0.28,9.849874895746458,13.974194181425718,109.0,,
warm_days,index_fixed,0.29,9.849874895746458,13.974194181425718,109.0,,
warm_days,index_fixed,0.3,10.856269113149846,13.974194181425718,109.0,,
warm_days,index_fixed,0.31,12.32224770642202,13.974194181425718,109.0,,
warm_days,index_fixed,0.32,12.32224770642202,13.974194181425718,109.0,,
warm_days,index_fixed,0.33,12.32224770642202,13.974194181425718,109.0,,
warm_days,index_fixed,0.34,12.32224770642202,13.974194181425718,109.0,,
warm_days,index_fixed,0.35,12.32224770642202,13.974194181425718,109.0,,
warm_days,index_fixed,0.36,12.68348623853211,13.974194181425718,109.0,,
warm_days,index_fixed,0.37,12.68348623853211,13.974194181425718,109.0,,
warm_days,index_fixed,0.38,13.190621814475026,13.974194181425718,109.0,,
warm_days,index_fixed,0.39,13.190621814475026,13.974194181425718,109.0,,
warm_days,index_fixed,0.4,13.190621814475026,13.974194181425718,109.0,,
warm_days,index_fixed,0.41,13.47313237221494,13.974194181425718,109.0,,
warm_days,index_fixed,0.42,13.47313237221494,13.974194181425718,109.0,,
warm_days,index_fixed,0.43,16.39731827805222,13.974194181425718,109.0,,
warm_days,index_fixed,0.44,16.39731827805222,13.974194181425718,109.0,,
warm_days,index_fixed,0.45,16.39731827805222,13.974194181425718,109.0,,
warm_days,index_fixed,0.46,15.470608222901799,13.974194181425718,109.0,,
warm_days,index_fixed,0.47,15.470608222901799,13.974194181425718,109.0,,
warm_days,index_fixed,0.48,15.470608222901799,13.974194181425718,109.0,,
warm_days,index_fixed,0.49,15.470608222901799,13.974194181425718,109.0,,
warm_days,index_fixed,0.5,15.82350371341197,13.974194181425718,109.0,,
warm_days,index_fixed,0.51,15.82350371341197,13.974194181425718,109.0,,
warm_days,index_fixed,0.52,15.783805345033903,13.974194181425718,109.0,,
warm_days,index_fixed,0.53,15.783805345033903,13.974194181425718,109.0,,
warm_days,index_fixed,0.54,15.783805345033903,13.974194181425718,109.0,,
warm_days,index_fixed,0.55,15.932721712538227,13.974194181425718,109.0,,
warm_days,index_fixed,0.56,15.932721712538227,13.974194181425718,109.0,,
warm_days,index_fixed,0.57,15.932721712538227,13.974194181425718,109.0,,
warm_days,index_fixed,0.58,15.722477064220183,13.974194181425718,109.0,,
warm_days,index_fixed,0.59,15.722477064220183,13.974194181425718,109.0,,
warm_days,index_fixed,0.6,15.722477064220183,13.974194181425718,109.0,,
warm_days,index_fixed,0.61,15.771476230191828,13.974194181425718,109.0,,
warm_days,index_fixed,0.62,15.771476230191828,13.974194181425718,109.0,,
warm_days,index_fixed,0.63,15.493119266055047,13.974194181425718,109.0,,
warm_days,index_fixed,0.64,15.493119266055047,13.974194181425718,109.0,,
warm_days,index_fixed,0.65,15.493119266055047,13.974194181425718,109.0,,
warm_days,index_fixed,0.66,14.94053686714237,13.974194181425718,109.0,,
warm_days,index_fixed,0.67,14.94053686714237,13.974194181425718,109.0,,
warm_days,index_fixed,0.68,14.94053686714237,13.974194181425718,109.0,,
warm_days,index_fixed,0.69,15.115373922713374,13.974194181425718,109.0,,
warm_days,index_fixed,0.7,15.115373922713374,13.974194181425718,109.0,,
warm_days,index_fixed,0.71,15.115373922713374,13.974194181425718,109.0,,
warm_days,index_fixed,0.72,15.115373922713374,13.974194181425718,109.0,,
warm_days,index_fixed,0.73,14.80544131603923,13.974194181425718,109.0,,
warm_days,index_fixed,0.74,14.80544131603923,13.974194181425718,109.0,,
warm_days,index_fixed,0.75,14.80544131603923,13.974194181425718,109.0,,
warm_days,index_fixed,0.76,15.348284063880394,13.974194181425718,109.0,,
warm_days,index_fixed,0.77,15.348284063880394,13.974194181425718,109.0,,
warm_days,index_fixed,0.78,15.237698081734777,13.974194181425718,109.0,,
warm_days,index_fixed,0.79,15.237698081734777,13.974194181425718,109.0,,
warm_days,index_fixed,0.8,15.237698081734777,13.974194181425718,109.0,,
warm_days,index_fixed,0.81,15.237698081734777,13.974194181425718,109.0,,
warm_days,index_fixed,0.82,15.237698081734777,13.974194181425718,109.0,,
warm_days,index_fixed,0.83,15.085190039318475,13.974194181425718,109.0,,
warm_days,index_fixed,0.84,15.025927403270842,13.974194181425718,109.0,,
warm_days,index_fixed,0.85,15.025927403270842,13.974194181425718,109.0,,
warm_days,index_fixed,0.86,15.025927403270842,13.974194181425718,109.0,,
warm_days,index_fixed,0.87,15.025927403270842,13.974194181425718,109.0,,
warm_days,index_fixed,0.88,15.025927403270842,13.974194181425718,109.0,,
warm_days,index_fixed,0.89,22.435779816513758,13.974194181425718,109.0,,
warm_days,index_fixed,0.9,22.435779816513758,13.974194181425718,109.0,,
warm_days,common_fixed,0.1,9.520502645502646,13.949410067057144,108.0,3.5648148148148153,14.553872053872055
warm_days,common_fixed,0.11,9.520502645502646,13.949410067057144,108.0,3.998236331569667,14.553872053872055
warm_days,common_fixed,0.12,9.478114478114481,13.949410067057144,108.0,4.471643518518518,14.851851851851855
warm_days,common_fixed,0.13,9.478114478114481,13.949410067057144,108.0,4.490740740740739,15.064102564102566
warm_days,common_fixed,0.14,9.478114478114481,13.949410067057144,108.0,4.490740740740739,15.304232804232804
warm_days,common_fixed,0.15,8.981481481481483,13.949410067057144,108.0,5.1469462250712255,15.77932098765432
warm_days,common_fixed,0.16,9.382716049382719,13.949410067057144,108.0,5.648148148148146,16.403133903133902
warm_days,common_fixed,0.17,9.382716049382719,13.949410067057144,108.0,5.648148148148146,16.564814814814813
warm_days,common_fixed,0.18,9.382716049382719,13.949410067057144,108.0,5.648148148148146,16.807048984468338
warm_days,common_fixed,0.19,9.81040564373898,13.949410067057144,108.0,5.648148148148146,16.807048984468338
warm_days,common_fixed,0.2,9.81040564373898,13.949410067057144,108.0,5.648148148148146,16.807048984468338
warm_days,common_fixed,0.21,9.81040564373898,13.949410067057144,108.0,5.648148148148146,16.807048984468338
warm_days,common_fixed,0.22,9.81040564373898,13.949410067057144,108.0,5.648148148148146,16.875857338820303
warm_days,common_fixed,0.23,9.81040564373898,13.949410067057144,108.0,6.0,17.193287037037038
warm_days,common_fixed,0.24,11.02920227920228,13.949410067057144,108.0,6.0,17.456140350877195
warm_days,common_fixed,0.25,9.83164983164983,13.949410067057144,108.0,6.012345679012346,17.456140350877195
warm_days,common_fixed,0.26,9.83164983164983,13.949410067057144,108.0,6.0,17.870370370370367
warm_days,common_fixed,0.27,9.83164983164983,13.949410067057144,108.0,6.0,18.044662309368192
warm_days,common_fixed,0.28,9.83164983164983,13.949410067057144,108.0,6.012345679012346,18.044662309368192
warm_days,common_fixed,0.29,9.83164983164983,13.949410067057144,108.0,6.012345679012346,18.044662309368192
warm_days,common_fixed,0.3,10.925925925925926,13.949410067057144,108.0,6.012345679012346,18.044662309368192
warm_days,common_fixed,0.31,12.390046296296292,13.949410067057144,108.0,6.012345679012346,18.044662309368192
warm_days,common_fixed,0.32,12.390046296296292,13.949410067057144,108.0,6.012345679012346,18.044662309368192
warm_days,common_fixed,0.33,12.390046296296292,13.949410067057144,108.0,6.012345679012346,18.044662309368192
warm_days,common_fixed,0.34,12.390046296296292,13.949410067057144,108.0,6.012345679012346,18.044662309368192
warm_days,common_fixed,0.35,12.390046296296292,13.949410067057144,108.0,6.078317901234568,18.046296296296298
warm_days,common_fixed,0.36,12.662037037037036,13.949410067057144,108.0,6.041666666666667,18.0447440087146
warm_days,common_fixed,0.37,12.662037037037036,13.949410067057144,108.0,6.078317901234568,18.044662309368192
warm_days,common_fixed,0.38,13.302469135802466,13.949410067057144,108.0,6.041666666666667,18.044662309368192
warm_days,common_fixed,0.39,13.302469135802466,13.949410067057144,108.0,6.041666666666667,18.044662309368192
warm_days,common_fixed,0.4,13.302469135802466,13.949410067057144,108.0,6.258169934640524,18.044662309368192
warm_days,common_fixed,0.41,13.54497354497354,13.949410067057144,108.0,6.258169934640524,18.044662309368192
warm_days,common_fixed,0.42,13.54497354497354,13.949410067057144,108.0,6.258169934640524,18.044662309368192
warm_days,common_fixed,0.43,16.403133903133902,13.949410067057144,108.0,6.258169934640524,18.044662309368192
warm_days,common_fixed,0.44,16.403133903133902,13.949410067057144,108.0,6.258169934640524,18.044662309368192
warm_days,common_fixed,0.45,16.403133903133902,13.949410067057144,108.0,6.258169934640524,18.044662309368192
warm_days,common_fixed,0.46,15.49039780521262,13.949410067057144,108.0,6.475589225589241,18.044662309368192
warm_days,common_fixed,0.47,15.49039780521262,13.949410067057144,108.0,7.041104497354499,18.046296296296298
warm_days,common_fixed,0.48,15.49039780521262,13.949410067057144,108.0,7.073045267489713,18.044662309368192
warm_days,common_fixed,0.49,15.49039780521262,13.949410067057144,108.0,7.341269841269838,18.044662309368192
warm_days,common_fixed,0.5,15.718694885361549,13.949410067057144,108.0,7.341269841269838,18.044662309368192
warm_days,common_fixed,0.51,15.718694885361549,13.949410067057144,108.0,7.341269841269838,18.044662309368192
warm_days,common_fixed,0.52,15.676328502415458,13.949410067057144,108.0,7.416666666666665,18.044662309368192
warm_days,common_fixed,0.53,15.676328502415458,13.949410067057144,108.0,7.4287749287749305,18.044662309368192
warm_days,common_fixed,0.54,15.676328502415458,13.949410067057144,108.0,7.520576131687239,18.044662309368192
warm_days,common_fixed,0.55,15.910493827160494,13.949410067057144,108.0,7.881944444444444,18.041666666666668
warm_days,common_fixed,0.56,15.910493827160494,13.949410067057144,108.0,8.03030303030303,18.041666666666668
warm_days,common_fixed,0.57,15.910493827160494,13.949410067057144,108.0,8.03030303030303,18.041666666666668
warm_days,common_fixed,0.58,15.60763888888889,13.949410067057144,108.0,8.03030303030303,18.041666666666668
warm_days,common_fixed,0.59,15.60763888888889,13.949410067057144,108.0,8.03030303030303,18.041666666666668
warm_days,common_fixed,0.6,15.60763888888889,13.949410067057144,108.0,8.417508417508413,18.041666666666668
warm_days,common_fixed,0.61,15.715488215488218,13.949410067057144,108.0,9.506172839506169,17.46794871794872
warm_days,common_fixed,0.62,15.715488215488218,13.949410067057144,108.0,9.506172839506169,17.456730769230774
warm_days,common_fixed,0.63,15.636574074074076,13.949410067057144,108.0,9.506172839506169,17.435587761674718
warm_days,common_fixed,0.64,15.636574074074076,13.949410067057144,108.0,10.821759259259256,17.399557165861516
warm_days,common_fixed,0.65,15.636574074074076,13.949410067057144,108.0,10.80864197530864,17.435587761674718
warm_days,common_fixed,0.66,14.918518518518516,13.949410067057144,108.0,10.938552188552187,17.203703703703702
warm_days,common_fixed,0.67,14.918518518518516,13.949410067057144,108.0,10.938552188552187,17.203703703703702
warm_days,common_fixed,0.68,14.918518518518516,13.949410067057144,108.0,10.938552188552187,17.128623787477967
warm_days,common_fixed,0.69,15.092592592592593,13.949410067057144,108.0,11.176470588235292,17.085427689594358
warm_days,common_fixed,0.7,15.092592592592593,13.949410067057144,108.0,11.176470588235292,17.033179012345677
warm_days,common_fixed,0.71,15.092592592592593,13.949410067057144,108.0,11.488940329218105,17.08333333333333
warm_days,common_fixed,0.72,15.092592592592593,13.949410067057144,108.0,11.497584541062801,17.033179012345677
warm_days,common_fixed,0.73,14.776500638569603,13.949410067057144,108.0,11.216931216931213,17.08333333333333
warm_days,common_fixed,0.74,14.776500638569603,13.949410067057144,108.0,10.938552188552187,17.08333333333333
warm_days,common_fixed,0.75,14.776500638569603,13.949410067057144,108.0,10.938552188552187,17.08333333333333
warm_days,common_fixed,0.76,15.28463648834019,13.949410067057144,108.0,10.271164021164024,17.233796296296298
warm_days,common_fixed,0.77,15.28463648834019,13.949410067057144,108.0,10.271164021164024,17.595785440613028
warm_days,common_fixed,0.78,15.227272727272727,13.949410067057144,108.0,9.907407407407408,21.83501683501684
warm_days,common_fixed,0.79,15.227272727272727,13.949410067057144,108.0,9.907407407407408,22.70061728395062
warm_days,common_fixed,0.8,15.227272727272727,13.949410067057144,108.0,9.907407407407408,23.51851851851852
warm_days,common_fixed,0.81,15.227272727272727,13.949410067057144,108.0,9.907407407407408,23.51851851851852
warm_days,common_fixed,0.82,15.227272727272727,13.949410067057144,108.0,8.209876543209866,23.51851851851852
warm_days,common_fixed,0.83,14.97354497354497,13.949410067057144,108.0,5.854700854700855,23.51851851851852
warm_days,common_fixed,0.84,14.971819645732692,13.949410067057144,108.0,5.854700854700855,23.51851851851852
warm_days,common_fixed,0.85,14.971819645732692,13.949410067057144,108.0,5.682870370370371,24.47530864197531
warm_days,common_fixed,0.86,14.971819645732692,13.949410067057144,108.0,4.9222222222222225,24.47530864197531
warm_days,common_fixed,0.87,14.971819645732692,13.949410067057144,108.0,2.810185185185187,24.933773148148198
warm_days,common_fixed,0.88,14.971819645732692,13.949410067057144,108.0,2.810185185185187,27.90448343079922
warm_days,common_fixed,0.89,22.370370370370374,13.949410067057144,108.0,2.810185185185187,27.90448343079922
warm_days,common_fixed,0.9,22.370370370370374,13.949410067057144,108.0,2.810185185185187,27.90448343079922
warm_days,common_365_equivalent,0.1,9.501111937508433,13.95571780076247,108.0,,
warm_days,common_365_equivalent,0.11,9.501111937508433,13.95571780076247,108.0,,
warm_days,common_365_equivalent,0.12,9.501111937508433,13.95571780076247,108.0,,
warm_days,common_365_equivalent,0.13,9.501111937508433,13.95571780076247,108.0,,
warm_days,common_365_equivalent,0.14,9.501111937508433,13.95571780076247,108.0,,
warm_days,common_365_equivalent,0.15,8.981401707670498,13.95571780076247,108.0,,
warm_days,common_365_equivalent,0.16,9.383571738713234,13.95571780076247,108.0,,
warm_days,common_365_equivalent,0.17,9.383571738713234,13.95571780076247,108.0,,
warm_days,common_365_equivalent,0.18,9.383571738713234,13.95571780076247,108.0,,
warm_days,common_365_equivalent,0.19,9.908504823116447,13.95571780076247,108.0,,
warm_days,common_365_equivalent,0.2,9.908504823116447,13.95571780076247,108.0,,
warm_days,common_365_equivalent,0.21,9.908504823116447,13.95571780076247,108.0,,
warm_days,common_365_equivalent,0.22,9.908504823116447,13.95571780076247,108.0,,
warm_days,common_365_equivalent,0.23,9.908504823116447,13.95571780076247,108.0,,
warm_days,common_365_equivalent,0.24,11.084575657553637,13.95571780076247,108.0,,
warm_days,common_365_equivalent,0.25,9.811715131885338,13.95571780076247,108.0,,
warm_days,common_365_equivalent,0.26,9.811715131885338,13.95571780076247,108.0,,
warm_days,common_365_equivalent,0.27,9.811715131885338,13.95571780076247,108.0,,
warm_days,common_365_equivalent,0.28,9.811715131885338,13.95571780076247,108.0,,
warm_days,common_365_equivalent,0.29,9.811715131885338,13.95571780076247,108.0,,
warm_days,common_365_equivalent,0.3,10.797789378572768,13.95571780076247,108.0,,
warm_days,common_365_equivalent,0.31,12.232606530786407,13.95571780076247,108.0,,
warm_days,common_365_equivalent,0.32,12.232606530786407,13.95571780076247,108.0,,
warm_days,common_365_equivalent,0.33,12.232606530786407,13.95571780076247,108.0,,
warm_days,common_365_equivalent,0.34,12.232606530786407,13.95571780076247,108.0,,
warm_days,common_365_equivalent,0.35,12.232606530786407,13.95571780076247,108.0,,
warm_days,common_365_equivalent,0.36,12.48435406324441,13.95571780076247,108.0,,
warm_days,common_365_equivalent,0.37,12.48435406324441,13.95571780076247,108.0,,
warm_days,common_365_equivalent,0.38,13.106376000316121,13.95571780076247,108.0,,
warm_days,common_365_equivalent,0.39,13.106376000316121,13.95571780076247,108.0,,
warm_days,common_365_equivalent,0.4,13.106376000316121,13.95571780076247,108.0,,
warm_days,common_365_equivalent,0.41,13.500292054795889,13.95571780076247,108.0,,
warm_days,common_365_equivalent,0.42,13.500292054795889,13.95571780076247,108.0,,
warm_days,common_365_equivalent,0.43,16.372093740829378,13.95571780076247,108.0,,
warm_days,common_365_equivalent,0.44,16.372093740829378,13.95571780076247,108.0,,
warm_days,common_365_equivalent,0.45,16.372093740829378,13.95571780076247,108.0,,
warm_days,common_365_equivalent,0.46,15.519943419274265,13.95571780076247,108.0,,
warm_days,common_365_equivalent,0.47,15.519943419274265,13.95571780076247,108.0,,
warm_days,common_365_equivalent,0.48,15.519943419274265,13.95571780076247,108.0,,
warm_days,common_365_equivalent,0.49,15.519943419274265,13.95571780076247,108.0,,
warm_days,common_365_equivalent,0.5,15.778790430816459,13.95571780076247,108.0,,
warm_days,common_365_equivalent,0.51,15.778790430816459,13.95571780076247,108.0,,
warm_days,common_365_equivalent,0.52,15.732559817720539,13.95571780076247,108.0,,
warm_days,common_365_equivalent,0.53,15.732559817720539,13.95571780076247,108.0,,
warm_days,common_365_equivalent,0.54,15.732559817720539,13.95571780076247,108.0,,
warm_days,common_365_equivalent,0.55,15.981901917004361,13.95571780076247,108.0,,
warm_days,common_365_equivalent,0.56,15.981901917004361,13.95571780076247,108.0,,
warm_days,common_365_equivalent,0.57,15.981901917004361,13.95571780076247,108.0,,
warm_days,common_365_equivalent,0.58,15.651509206261917,13.95571780076247,108.0,,
warm_days,common_365_equivalent,0.59,15.651509206261917,13.95571780076247,108.0,,
warm_days,common_365_equivalent,0.6,15.651509206261917,13.95571780076247,108.0,,
warm_days,common_365_equivalent,0.61,15.640784430415021,13.95571780076247,108.0,,
warm_days,common_365_equivalent,0.62,15.640784430415021,13.95571780076247,108.0,,
warm_days,common_365_equivalent,0.63,15.640784430415021,13.95571780076247,108.0,,
warm_days,common_365_equivalent,0.64,15.735566540681873,13.95571780076247,108.0,,
warm_days,common_365_equivalent,0.65,15.735566540681873,13.95571780076247,108.0,,
warm_days,common_365_equivalent,0.66,15.006904727714778,13.95571780076247,108.0,,
warm_days,common_365_equivalent,0.67,15.006904727714778,13.95571780076247,108.0,,
warm_days,common_365_equivalent,0.68,15.006904727714778,13.95571780076247,108.0,,
warm_days,common_365_equivalent,0.69,15.164128847756157,13.95571780076247,108.0,,
warm_days,common_365_equivalent,0.7,15.164128847756157,13.95571780076247,108.0,,
warm_days,common_365_equivalent,0.71,15.164128847756157,13.95571780076247,108.0,,
warm_days,common_365_equivalent,0.72,15.164128847756157,13.95571780076247,108.0,,
warm_days,common_365_equivalent,0.73,14.801954710623512,13.95571780076247,108.0,,
warm_days,common_365_equivalent,0.74,14.801954710623512,13.95571780076247,108.0,,
warm_days,common_365_equivalent,0.75,14.801954710623512,13.95571780076247,108.0,,
warm_days,common_365_equivalent,0.76,15.25377437727415,13.95571780076247,108.0,,
warm_days,common_365_equivalent,0.77,15.25377437727415,13.95571780076247,108.0,,
warm_days,common_365_equivalent,0.78,15.125762288760784,13.95571780076247,108.0,,
warm_days,common_365_equivalent,0.79,15.125762288760784,13.95571780076247,108.0,,
warm_days,common_365_equivalent,0.8,15.125762288760784,13.95571780076247,108.0,,
warm_days,common_365_equivalent,0.81,15.125762288760784,13.95571780076247,108.0,,
warm_days,common_365_equivalent,0.82,15.125762288760784,13.95571780076247,108.0,,
warm_days,common_365_equivalent,0.83,14.963957749607381,13.95571780076247,108.0,,
warm_days,common_365_equivalent,0.84,14.963957749607381,13.95571780076247,108.0,,
warm_days,common_365_equivalent,0.85,14.963957749607381,13.95571780076247,108.0,,
warm_days,common_365_equivalent,0.86,14.963957749607381,13.95571780076247,108.0,,
warm_days,common_365_equivalent,0.87,14.963957749607381,13.95571780076247,108.0,,
warm_days,common_365_equivalent,0.88,14.963957749607381,13.95571780076247,108.0,,
warm_days,common_365_equivalent,0.89,22.41938790500956,13.95571780076247,108.0,,
warm_days,common_365_equivalent,0.9,22.41938790500956,13.95571780076247,108.0,,
warm_nights,available,0.1,8.741935483870968,10.958427868028847,,,
warm_nights,available,0.11,8.741935483870968,10.958427868028847,,,
warm_nights,available,0.12,8.9109888156809,10.958427868028847,,,
warm_nights,available,0.13,8.9109888156809,10.958427868028847,,,
warm_nights,available,0.14,8.9109888156809,10.958427868028847,,,
warm_nights,available,0.15,8.9109888156809,10.958427868028847,,,
warm_nights,available,0.16,8.9109888156809,10.958427868028847,,,
warm_nights,available,0.17,9.528334110903758,10.958427868028847,,,
warm_nights,available,0.18,9.528334110903758,10.958427868028847,,,
warm_nights,available,0.19,9.528334110903758,10.958427868028847,,,
warm_nights,available,0.2,10.429118901626232,10.958427868028847,,,
warm_nights,available,0.21,10.429118901626232,10.958427868028847,,,
warm_nights,available,0.22,10.429118901626232,10.958427868028847,,,
warm_nights,available,0.23,10.429118901626232,10.958427868028847,,,
warm_nights,available,0.24,10.336021505376344,10.958427868028847,,,
warm_nights,available,0.25,10.336021505376344,10.958427868028847,,,
warm_nights,available,0.26,10.336021505376344,10.958427868028847,,,
warm_nights,available,0.27,10.336021505376344,10.958427868028847,,,
warm_nights,available,0.28,10.336021505376344,10.958427868028847,,,
warm_nights,available,0.29,9.400201612903224,10.958427868028847,,,
warm_nights,available,0.3,9.868951612903226,10.958427868028847,,,
warm_nights,available,0.31,9.868951612903226,10.958427868028847,,,
warm_nights,available,0.32,9.868951612903226,10.958427868028847,,,
warm_nights,available,0.33,9.868951612903226,10.958427868028847,,,
warm_nights,available,0.34,9.868951612903226,10.958427868028847,,,
warm_nights,available,0.35,9.868951612903226,10.958427868028847,,,
warm_nights,available,0.36,11.231671554252197,10.958427868028847,,,
warm_nights,available,0.37,11.231671554252197,10.958427868028847,,,
warm_nights,available,0.38,11.231671554252197,10.958427868028847,,,
warm_nights,available,0.39,11.231671554252197,10.958427868028847,,,
warm_nights,available,0.4,11.231671554252197,10.958427868028847,,,
warm_nights,available,0.41,12.735732009925561,10.958427868028847,,,
warm_nights,available,0.42,12.735732009925561,10.958427868028847,,,
warm_nights,available,0.43,12.735732009925561,10.958427868028847,,,
warm_nights,available,0.44,12.796437433534209,10.958427868028847,,,
warm_nights,available,0.45,12.298387096774192,10.958427868028847,,,
warm_nights,available,0.46,12.298387096774192,10.958427868028847,,,
warm_nights,available,0.47,12.298387096774192,10.958427868028847,,,
warm_nights,available,0.48,12.298387096774192,10.958427868028847,,,
warm_nights,available,0.49,12.139219015280133,10.958427868028847,,,
warm_nights,available,0.5,12.139219015280133,10.958427868028847,,,
warm_nights,available,0.51,12.139219015280133,10.958427868028847,,,
warm_nights,available,0.52,11.405529953917048,10.958427868028847,,,
warm_nights,available,0.53,11.27837514934289,10.958427868028847,,,
warm_nights,available,0.54,11.27837514934289,10.958427868028847,,,
warm_nights,available,0.55,11.27837514934289,10.958427868028847,,,
warm_nights,available,0.56,11.27837514934289,10.958427868028847,,,
warm_nights,available,0.57,11.27837514934289,10.958427868028847,,,
warm_nights,available,0.58,11.27837514934289,10.958427868028847,,,
warm_nights,available,0.59,11.224267826825125,10.958427868028847,,,
warm_nights,available,0.6,11.431184176018332,10.958427868028847,,,
warm_nights,available,0.61,11.431184176018332,10.958427868028847,,,
warm_nights,available,0.62,11.431184176018332,10.958427868028847,,,
warm_nights,available,0.63,11.431184176018332,10.958427868028847,,,
warm_nights,available,0.64,11.431184176018332,10.958427868028847,,,
warm_nights,available,0.65,11.02787456445993,10.958427868028847,,,
warm_nights,available,0.66,12.190639873083027,10.958427868028847,,,
warm_nights,available,0.67,12.190639873083027,10.958427868028847,,,
warm_nights,available,0.68,12.190639873083027,10.958427868028847,,,
warm_nights,available,0.69,11.941201297258877,10.958427868028847,,,
warm_nights,available,0.7,11.941201297258877,10.958427868028847,,,
warm_nights,available,0.71,11.941201297258877,10.958427868028847,,,
warm_nights,available,0.72,11.941201297258877,10.958427868028847,,,
warm_nights,available,0.73,11.941201297258877,10.958427868028847,,,
warm_nights,available,0.74,12.157531252731879,10.958427868028847,,,
warm_nights,available,0.75,12.168021680216803,10.958427868028847,,,
warm_nights,available,0.76,12.168021680216803,10.958427868028847,,,
warm_nights,available,0.77,12.168021680216803,10.958427868028847,,,
warm_nights,available,0.78,12.168021680216803,10.958427868028847,,,
warm_nights,available,0.79,12.130824372759855,10.958427868028847,,,
warm_nights,available,0.8,12.130824372759855,10.958427868028847,,,
warm_nights,available,0.81,12.130824372759855,10.958427868028847,,,
warm_nights,available,0.82,11.808406647116325,10.958427868028847,,,
warm_nights,available,0.83,11.808406647116325,10.958427868028847,,,
warm_nights,available,0.84,13.11969439728353,10.958427868028847,,,
warm_nights,available,0.85,13.11969439728353,10.958427868028847,,,
warm_nights,available,0.86,13.11969439728353,10.958427868028847,,,
warm_nights,available,0.87,12.210626185958253,10.958427868028847,,,
warm_nights,available,0.88,12.210626185958253,10.958427868028847,,,
warm_nights,available,0.89,12.210626185958253,10.958427868028847,,,
warm_nights,available,0.9,12.210626185958253,10.958427868028847,,,
warm_nights,index_fixed,0.1,9.761467889908253,11.00824917122812,109.0,,
warm_nights,index_fixed,0.11,9.761467889908253,11.00824917122812,109.0,,
warm_nights,index_fixed,0.12,9.667977282656183,11.00824917122812,109.0,,
warm_nights,index_fixed,0.13,9.667977282656183,11.00824917122812,109.0,,
warm_nights,index_fixed,0.14,9.667977282656183,11.00824917122812,109.0,,
warm_nights,index_fixed,0.15,9.667977282656183,11.00824917122812,109.0,,
warm_nights,index_fixed,0.16,9.667977282656183,11.00824917122812,109.0,,
warm_nights,index_fixed,0.17,9.810779816513762,11.00824917122812,109.0,,
warm_nights,index_fixed,0.18,9.810779816513762,11.00824917122812,109.0,,
warm_nights,index_fixed,0.19,9.810779816513762,11.00824917122812,109.0,,
warm_nights,index_fixed,0.2,10.361875637104994,11.00824917122812,109.0,,
warm_nights,index_fixed,0.21,10.361875637104994,11.00824917122812,109.0,,
warm_nights,index_fixed,0.22,10.361875637104994,11.00824917122812,109.0,,
warm_nights,index_fixed,0.23,10.361875637104994,11.00824917122812,109.0,,
warm_nights,index_fixed,0.24,10.596330275229361,11.00824917122812,109.0,,
warm_nights,index_fixed,0.25,10.537352555701181,11.00824917122812,109.0,,
warm_nights,index_fixed,0.26,10.537352555701181,11.00824917122812,109.0,,
warm_nights,index_fixed,0.27,10.537352555701181,11.00824917122812,109.0,,
warm_nights,index_fixed,0.28,10.428134556574928,11.00824917122812,109.0,,
warm_nights,index_fixed,0.29,9.449541284403669,11.00824917122812,109.0,,
warm_nights,index_fixed,0.3,9.694189602446484,11.00824917122812,109.0,,
warm_nights,index_fixed,0.31,9.694189602446484,11.00824917122812,109.0,,
warm_nights,index_fixed,0.32,9.694189602446484,11.00824917122812,109.0,,
warm_nights,index_fixed,0.33,9.694189602446484,11.00824917122812,109.0,,
warm_nights,index_fixed,0.34,9.694189602446484,11.00824917122812,109.0,,
warm_nights,index_fixed,0.35,9.694189602446484,11.00824917122812,109.0,,
warm_nights,index_fixed,0.36,11.217681401167637,11.00824917122812,109.0,,
warm_nights,index_fixed,0.37,11.217681401167637,11.00824917122812,109.0,,
warm_nights,index_fixed,0.38,11.217681401167637,11.00824917122812,109.0,,
warm_nights,index_fixed,0.39,11.217681401167637,11.00824917122812,109.0,,
warm_nights,index_fixed,0.4,11.217681401167637,11.00824917122812,109.0,,
warm_nights,index_fixed,0.41,12.884811416921508,11.00824917122812,109.0,,
warm_nights,index_fixed,0.42,12.778505897771954,11.00824917122812,109.0,,
warm_nights,index_fixed,0.43,12.778505897771954,11.00824917122812,109.0,,
warm_nights,index_fixed,0.44,12.778505897771954,11.00824917122812,109.0,,
warm_nights,index_fixed,0.45,12.361178174794786,11.00824917122812,109.0,,
warm_nights,index_fixed,0.46,12.361178174794786,11.00824917122812,109.0,,
warm_nights,index_fixed,0.47,12.361178174794786,11.00824917122812,109.0,,
warm_nights,index_fixed,0.48,12.361178174794786,11.00824917122812,109.0,,
warm_nights,index_fixed,0.49,12.110091743119266,11.00824917122812,109.0,,
warm_nights,index_fixed,0.5,12.110091743119266,11.00824917122812,109.0,,
warm_nights,index_fixed,0.51,12.110091743119266,11.00824917122812,109.0,,
warm_nights,index_fixed,0.52,11.248890204202429,11.00824917122812,109.0,,
warm_nights,index_fixed,0.53,11.248890204202429,11.00824917122812,109.0,,
warm_nights,index_fixed,0.54,11.248890204202429,11.00824917122812,109.0,,
warm_nights,index_fixed,0.55,11.288073394495415,11.00824917122812,109.0,,
warm_nights,index_fixed,0.56,11.288073394495415,11.00824917122812,109.0,,
warm_nights,index_fixed,0.57,11.288073394495415,11.00824917122812,109.0,,
warm_nights,index_fixed,0.58,11.288073394495415,11.00824917122812,109.0,,
warm_nights,index_fixed,0.59,11.427752293577983,11.00824917122812,109.0,,
warm_nights,index_fixed,0.6,11.294597349643222,11.00824917122812,109.0,,
warm_nights,index_fixed,0.61,11.294597349643222,11.00824917122812,109.0,,
warm_nights,index_fixed,0.62,11.294597349643222,11.00824917122812,109.0,,
warm_nights,index_fixed,0.63,11.294597349643222,11.00824917122812,109.0,,
warm_nights,index_fixed,0.64,11.294597349643222,11.00824917122812,109.0,,
warm_nights,index_fixed,0.65,11.012337867763366,11.00824917122812,109.0,,
warm_nights,index_fixed,0.66,12.06422018348624,11.00824917122812,109.0,,
warm_nights,index_fixed,0.67,12.06422018348624,11.00824917122812,109.0,,
warm_nights,index_fixed,0.68,12.06422018348624,11.00824917122812,109.0,,
warm_nights,index_fixed,0.69,11.899082568807339,11.00824917122812,109.0,,
warm_nights,index_fixed,0.7,11.899082568807339,11.00824917122812,109.0,,
warm_nights,index_fixed,0.71,11.899082568807339,11.00824917122812,109.0,,
warm_nights,index_fixed,0.72,11.899082568807339,11.00824917122812,109.0,,
warm_nights,index_fixed,0.73,11.899082568807339,11.00824917122812,109.0,,
warm_nights,index_fixed,0.74,12.301223241590218,11.00824917122812,109.0,,
warm_nights,index_fixed,0.75,12.301223241590218,11.00824917122812,109.0,,
warm_nights,index_fixed,0.76,12.301223241590218,11.00824917122812,109.0,,
warm_nights,index_fixed,0.77,12.339449541284406,11.00824917122812,109.0,,
warm_nights,index_fixed,0.78,12.38192320761128,11.00824917122812,109.0,,
warm_nights,index_fixed,0.79,12.38192320761128,11.00824917122812,109.0,,
warm_nights,index_fixed,0.8,12.38192320761128,11.00824917122812,109.0,,
warm_nights,index_fixed,0.81,12.38192320761128,11.00824917122812,109.0,,
warm_nights,index_fixed,0.82,11.822351959966637,11.00824917122812,109.0,,
warm_nights,index_fixed,0.83,11.822351959966637,11.00824917122812,109.0,,
warm_nights,index_fixed,0.84,13.186866248189279,11.00824917122812,109.0,,
warm_nights,index_fixed,0.85,13.186866248189279,11.00824917122812,109.0,,
warm_nights,index_fixed,0.86,13.186866248189279,11.00824917122812,109.0,,
warm_nights,index_fixed,0.87,12.584997301672962,11.00824917122812,109.0,,
warm_nights,index_fixed,0.88,12.584997301672962,11.00824917122812,109.0,,
warm_nights,index_fixed,0.89,12.584997301672962,11.00824917122812,109.0,,
warm_nights,index_fixed,0.9,12.584997301672962,11.00824917122812,109.0,,
warm_nights,common_fixed,0.1,10.069444444444445,11.136561695385224,108.0,6.9444444444444455,11.972934472934472
warm_nights,common_fixed,0.11,10.069444444444445,11.136561695385224,108.0,6.9444444444444455,12.106481481481481
warm_nights,common_fixed,0.12,9.63403880070547,11.136561695385224,108.0,6.9444444444444455,12.157407407407408
warm_nights,common_fixed,0.13,9.63403880070547,11.136561695385224,108.0,6.9444444444444455,12.862962962962962
warm_nights,common_fixed,0.14,9.63403880070547,11.136561695385224,108.0,6.607744107744109,12.862962962962962
warm_nights,common_fixed,0.15,9.63403880070547,11.136561695385224,108.0,6.607744107744109,13.155864197530866
warm_nights,common_fixed,0.16,9.63403880070547,11.136561695385224,108.0,6.607744107744109,13.281481481481482
warm_nights,common_fixed,0.17,9.756944444444443,11.136561695385224,108.0,6.4463601532567045,13.569604086845466
warm_nights,common_fixed,0.18,9.756944444444443,11.136561695385224,108.0,6.1995149911816565,13.569604086845466
warm_nights,common_fixed,0.19,9.756944444444443,11.136561695385224,108.0,5.592283950617284,13.569604086845466
warm_nights,common_fixed,0.2,10.313786008230453,11.136561695385224,108.0,5.5555555555555625,13.569604086845466
warm_nights,common_fixed,0.21,10.313786008230453,11.136561695385224,108.0,5.29320987654321,13.682098765432096
warm_nights,common_fixed,0.22,10.313786008230453,11.136561695385224,108.0,5.549145299145306,13.682098765432096
warm_nights,common_fixed,0.23,10.313786008230453,11.136561695385224,108.0,5.29320987654321,13.827160493827158
warm_nights,common_fixed,0.24,10.385802469135802,11.136561695385224,108.0,5.29320987654321,13.835185185185212
warm_nights,common_fixed,0.25,10.385802469135802,11.136561695385224,108.0,5.29320987654321,14.110305958132049
warm_nights,common_fixed,0.26,10.546296296296296,11.136561695385224,108.0,4.7942386831275705,14.151234567901234
warm_nights,common_fixed,0.27,10.546296296296296,11.136561695385224,108.0,4.7942386831275705,14.151234567901234
warm_nights,common_fixed,0.28,10.546296296296296,11.136561695385224,108.0,4.745113168724284,14.151234567901234
warm_nights,common_fixed,0.29,9.480452674897117,11.136561695385224,108.0,4.4135802469135745,14.151234567901234
warm_nights,common_fixed,0.3,9.891975308641975,11.136561695385224,108.0,4.4135802469135745,14.151234567901234
warm_nights,common_fixed,0.31,9.891975308641975,11.136561695385224,108.0,4.4135802469135745,14.151234567901234
warm_nights,common_fixed,0.32,9.891975308641975,11.136561695385224,108.0,4.4135802469135745,14.151234567901234
warm_nights,common_fixed,0.33,9.891975308641975,11.136561695385224,108.0,4.554320987654321,14.151234567901234
warm_nights,common_fixed,0.34,9.891975308641975,11.136561695385224,108.0,4.593621399176955,14.151234567901234
warm_nights,common_fixed,0.35,9.891975308641975,11.136561695385224,108.0,4.4135802469135745,14.151234567901234
warm_nights,common_fixed,0.36,11.376262626262625,11.136561695385224,108.0,4.4135802469135745,14.110305958132049
warm_nights,common_fixed,0.37,11.376262626262625,11.136561695385224,108.0,4.7942386831275705,14.110305958132049
warm_nights,common_fixed,0.38,11.376262626262625,11.136561695385224,108.0,5.5555555555555625,14.151234567901234
warm_nights,common_fixed,0.39,11.376262626262625,11.136561695385224,108.0,4.792181069958847,14.151234567901234
warm_nights,common_fixed,0.4,11.376262626262625,11.136561695385224,108.0,5.5058641975308715,14.110305958132049
warm_nights,common_fixed,0.41,13.041310541310544,11.136561695385224,108.0,4.584619341563787,14.110305958132049
warm_nights,common_fixed,0.42,13.041310541310544,11.136561695385224,108.0,5.592592592592593,14.080459770114942
warm_nights,common_fixed,0.43,13.041310541310544,11.136561695385224,108.0,5.592592592592593,14.029982363315698
warm_nights,common_fixed,0.44,13.062150469557878,11.136561695385224,108.0,5.592592592592593,14.080459770114942
warm_nights,common_fixed,0.45,12.607212475633526,11.136561695385224,108.0,5.694444444444442,14.029982363315698
warm_nights,common_fixed,0.46,12.607212475633526,11.136561695385224,108.0,5.694444444444442,13.987654320987657
warm_nights,common_fixed,0.47,12.607212475633526,11.136561695385224,108.0,5.694444444444442,14.029982363315698
warm_nights,common_fixed,0.48,12.607212475633526,11.136561695385224,108.0,5.694444444444442,13.989770723104067
warm_nights,common_fixed,0.49,12.340534979423868,11.136561695385224,108.0,5.694444444444442,13.987654320987657
warm_nights,common_fixed,0.5,12.340534979423868,11.136561695385224,108.0,5.7625272331154695,14.029982363315698
warm_nights,common_fixed,0.51,12.340534979423868,11.136561695385224,108.0,5.787037037037035,13.987654320987657
warm_nights,common_fixed,0.52,11.496913580246908,11.136561695385224,108.0,6.170033670033665,13.987654320987657
warm_nights,common_fixed,0.53,11.344086021505376,11.136561695385224,108.0,6.170033670033665,14.029982363315698
warm_nights,common_fixed,0.54,11.344086021505376,11.136561695385224,108.0,6.170033670033665,13.987654320987657
warm_nights,common_fixed,0.55,11.344086021505376,11.136561695385224,108.0,6.170033670033665,13.987654320987657
warm_nights,common_fixed,0.56,11.344086021505376,11.136561695385224,108.0,6.170033670033665,13.987654320987657
warm_nights,common_fixed,0.57,11.344086021505376,11.136561695385224,108.0,6.203703703703702,13.861111111111112
warm_nights,common_fixed,0.58,11.344086021505376,11.136561695385224,108.0,6.203703703703702,13.987654320987657
warm_nights,common_fixed,0.59,11.51909722222222,11.136561695385224,108.0,6.203703703703702,14.029982363315698
warm_nights,common_fixed,0.6,11.43347050754458,11.136561695385224,108.0,6.250000000000005,13.866594827586228
warm_nights,common_fixed,0.61,11.43347050754458,11.136561695385224,108.0,6.250000000000005,13.861111111111112
warm_nights,common_fixed,0.62,11.43347050754458,11.136561695385224,108.0,6.250000000000005,13.987654320987657
warm_nights,common_fixed,0.63,11.43347050754458,11.136561695385224,108.0,6.421568627450978,13.861111111111112
warm_nights,common_fixed,0.64,11.43347050754458,11.136561695385224,108.0,6.486354775828459,13.861111111111112
warm_nights,common_fixed,0.65,11.141975308641973,11.136561695385224,108.0,7.145061728395059,13.861111111111112
warm_nights,common_fixed,0.66,12.239057239057237,11.136561695385224,108.0,7.145061728395059,13.861111111111112
warm_nights,common_fixed,0.67,12.239057239057237,11.136561695385224,108.0,7.366255144032922,13.861111111111112
warm_nights,common_fixed,0.68,12.326038159371492,11.136561695385224,108.0,7.599999999999999,13.861111111111112
warm_nights,common_fixed,0.69,12.033179012345679,11.136561695385224,108.0,7.6049382716049365,13.861111111111112
warm_nights,common_fixed,0.7,12.033179012345679,11.136561695385224,108.0,7.690631808278866,13.861111111111112
warm_nights,common_fixed,0.71,12.033179012345679,11.136561695385224,108.0,8.37037037037037,13.861111111111112
warm_nights,common_fixed,0.72,12.033179012345679,11.136561695385224,108.0,8.723544973544977,13.806584362139917
warm_nights,common_fixed,0.73,12.030864197530866,11.136561695385224,108.0,8.723544973544977,13.861111111111112
warm_nights,common_fixed,0.74,12.030864197530866,11.136561695385224,108.0,8.800322061191627,13.861111111111112
warm_nights,common_fixed,0.75,12.222222222222223,11.136561695385224,108.0,8.820450885668276,13.861111111111112
warm_nights,common_fixed,0.76,12.222222222222223,11.136561695385224,108.0,9.018518518518519,13.88447971781305
warm_nights,common_fixed,0.77,12.222222222222223,11.136561695385224,108.0,8.820450885668276,13.88447971781305
warm_nights,common_fixed,0.78,12.493141289437585,11.136561695385224,108.0,8.820450885668276,13.88447971781305
warm_nights,common_fixed,0.79,12.493141289437585,11.136561695385224,108.0,8.819444444444443,13.893187830687863
warm_nights,common_fixed,0.8,12.493141289437585,11.136561695385224,108.0,8.800322061191627,14.058641975308642
warm_nights,common_fixed,0.81,12.493141289437585,11.136561695385224,108.0,8.800322061191627,14.156378600823045
warm_nights,common_fixed,0.82,11.957070707070708,11.136561695385224,108.0,8.800322061191627,14.22138047138047
warm_nights,common_fixed,0.83,11.957070707070708,11.136561695385224,108.0,8.800322061191627,14.22138047138047
warm_nights,common_fixed,0.84,13.299220272904483,11.136561695385224,108.0,8.800322061191627,14.467592592592599
warm_nights,common_fixed,0.85,13.299220272904483,11.136561695385224,108.0,8.800322061191627,14.88425925925926
warm_nights,common_fixed,0.86,13.299220272904483,11.136561695385224,108.0,8.800322061191627,15.03091931216934
warm_nights,common_fixed,0.87,12.777777777777777,11.136561695385224,108.0,8.800322061191627,15.555555555555557
warm_nights,common_fixed,0.88,12.777777777777777,11.136561695385224,108.0,8.693019943019943,15.67460317460318
warm_nights,common_fixed,0.89,12.777777777777777,11.136561695385224,108.0,8.693019943019943,16.910331384015592
warm_nights,common_fixed,0.9,12.777777777777777,11.136561695385224,108.0,7.870370370370362,16.910331384015592
warm_nights,common_365_equivalent,0.1,9.95113098478441,10.96571437331686,108.0,,
warm_nights,common_365_equivalent,0.11,9.95113098478441,10.96571437331686,108.0,,
warm_nights,common_365_equivalent,0.12,9.559906572928488,10.96571437331686,108.0,,
warm_nights,common_365_equivalent,0.13,9.559906572928488,10.96571437331686,108.0,,
warm_nights,common_365_equivalent,0.14,9.559906572928488,10.96571437331686,108.0,,
warm_nights,common_365_equivalent,0.15,9.559906572928488,10.96571437331686,108.0,,
warm_nights,common_365_equivalent,0.16,9.600704534790424,10.96571437331686,108.0,,
warm_nights,common_365_equivalent,0.17,9.600704534790424,10.96571437331686,108.0,,
warm_nights,common_365_equivalent,0.18,9.600704534790424,10.96571437331686,108.0,,
warm_nights,common_365_equivalent,0.19,9.600704534790424,10.96571437331686,108.0,,
warm_nights,common_365_equivalent,0.2,10.152822766708669,10.96571437331686,108.0,,
warm_nights,common_365_equivalent,0.21,10.152822766708669,10.96571437331686,108.0,,
warm_nights,common_365_equivalent,0.22,10.152822766708669,10.96571437331686,108.0,,
warm_nights,common_365_equivalent,0.23,10.152822766708669,10.96571437331686,108.0,,
warm_nights,common_365_equivalent,0.24,10.26186166945846,10.96571437331686,108.0,,
warm_nights,common_365_equivalent,0.25,10.26186166945846,10.96571437331686,108.0,,
warm_nights,common_365_equivalent,0.26,10.368667058438136,10.96571437331686,108.0,,
warm_nights,common_365_equivalent,0.27,10.368667058438136,10.96571437331686,108.0,,
warm_nights,common_365_equivalent,0.28,10.368667058438136,10.96571437331686,108.0,,
warm_nights,common_365_equivalent,0.29,9.30565817516961,10.96571437331686,108.0,,
warm_nights,common_365_equivalent,0.3,9.85603559656455,10.96571437331686,108.0,,
warm_nights,common_365_equivalent,0.31,9.85603559656455,10.96571437331686,108.0,,
warm_nights,common_365_equivalent,0.32,9.85603559656455,10.96571437331686,108.0,,
warm_nights,common_365_equivalent,0.33,9.85603559656455,10.96571437331686,108.0,,
warm_nights,common_365_equivalent,0.34,9.85603559656455,10.96571437331686,108.0,,
warm_nights,common_365_equivalent,0.35,9.85603559656455,10.96571437331686,108.0,,
warm_nights,common_365_equivalent,0.36,11.316854585583643,10.96571437331686,108.0,,
warm_nights,common_365_equivalent,0.37,11.316854585583643,10.96571437331686,108.0,,
warm_nights,common_365_equivalent,0.38,11.316854585583643,10.96571437331686,108.0,,
warm_nights,common_365_equivalent,0.39,11.316854585583643,10.96571437331686,108.0,,
warm_nights,common_365_equivalent,0.4,11.316854585583643,10.96571437331686,108.0,,
warm_nights,common_365_equivalent,0.41,12.840207766452744,10.96571437331686,108.0,,
warm_nights,common_365_equivalent,0.42,12.840207766452744,10.96571437331686,108.0,,
warm_nights,common_365_equivalent,0.43,12.840207766452744,10.96571437331686,108.0,,
warm_nights,common_365_equivalent,0.44,12.911273383352405,10.96571437331686,108.0,,
warm_nights,common_365_equivalent,0.45,12.383858313352611,10.96571437331686,108.0,,
warm_nights,common_365_equivalent,0.46,12.383858313352611,10.96571437331686,108.0,,
warm_nights,common_365_equivalent,0.47,12.383858313352611,10.96571437331686,108.0,,
warm_nights,common_365_equivalent,0.48,12.383858313352611,10.96571437331686,108.0,,
warm_nights,common_365_equivalent,0.49,12.137497385090903,10.96571437331686,108.0,,
warm_nights,common_365_equivalent,0.5,12.137497385090903,10.96571437331686,108.0,,
warm_nights,common_365_equivalent,0.51,12.137497385090903,10.96571437331686,108.0,,
warm_nights,common_365_equivalent,0.52,11.257478590872289,10.96571437331686,108.0,,
warm_nights,common_365_equivalent,0.53,11.173403621828506,10.96571437331686,108.0,,
warm_nights,common_365_equivalent,0.54,11.173403621828506,10.96571437331686,108.0,,
warm_nights,common_365_equivalent,0.55,11.173403621828506,10.96571437331686,108.0,,
warm_nights,common_365_equivalent,0.56,11.173403621828506,10.96571437331686,108.0,,
warm_nights,common_365_equivalent,0.57,11.173403621828506,10.96571437331686,108.0,,
warm_nights,common_365_equivalent,0.58,11.173403621828506,10.96571437331686,108.0,,
warm_nights,common_365_equivalent,0.59,11.35126139639696,10.96571437331686,108.0,,
warm_nights,common_365_equivalent,0.6,11.149353368527407,10.96571437331686,108.0,,
warm_nights,common_365_equivalent,0.61,11.149353368527407,10.96571437331686,108.0,,
warm_nights,common_365_equivalent,0.62,11.149353368527407,10.96571437331686,108.0,,
warm_nights,common_365_equivalent,0.63,11.149353368527407,10.96571437331686,108.0,,
warm_nights,common_365_equivalent,0.64,11.149353368527407,10.96571437331686,108.0,,
warm_nights,common_365_equivalent,0.65,10.97985909049812,10.96571437331686,108.0,,
warm_nights,common_365_equivalent,0.66,11.74258334162991,10.96571437331686,108.0,,
warm_nights,common_365_equivalent,0.67,12.112951022632979,10.96571437331686,108.0,,
warm_nights,common_365_equivalent,0.68,12.112951022632979,10.96571437331686,108.0,,
warm_nights,common_365_equivalent,0.69,11.874002707611998,10.96571437331686,108.0,,
warm_nights,common_365_equivalent,0.7,11.874002707611998,10.96571437331686,108.0,,
warm_nights,common_365_equivalent,0.71,11.874002707611998,10.96571437331686,108.0,,
warm_nights,common_365_equivalent,0.72,11.874002707611998,10.96571437331686,108.0,,
warm_nights,common_365_equivalent,0.73,11.874002707611998,10.96571437331686,108.0,,
warm_nights,common_365_equivalent,0.74,11.930243262920015,10.96571437331686,108.0,,
warm_nights,common_365_equivalent,0.75,11.930243262920015,10.96571437331686,108.0,,
warm_nights,common_365_equivalent,0.76,11.930243262920015,10.96571437331686,108.0,,
warm_nights,common_365_equivalent,0.77,12.244713938460857,10.96571437331686,108.0,,
warm_nights,common_365_equivalent,0.78,12.364397883138912,10.96571437331686,108.0,,
warm_nights,common_365_equivalent,0.79,12.364397883138912,10.96571437331686,108.0,,
warm_nights,common_365_equivalent,0.8,12.364397883138912,10.96571437331686,108.0,,
warm_nights,common_365_equivalent,0.81,12.364397883138912,10.96571437331686,108.0,,
warm_nights,common_365_equivalent,0.82,11.708010075064696,10.96571437331686,108.0,,
warm_nights,common_365_equivalent,0.83,11.708010075064696,10.96571437331686,108.0,,
warm_nights,common_365_equivalent,0.84,13.069826284605602,10.96571437331686,108.0,,
warm_nights,common_365_equivalent,0.85,13.069826284605602,10.96571437331686,108.0,,
warm_nights,common_365_equivalent,0.86,13.069826284605602,10.96571437331686,108.0,,
warm_nights,common_365_equivalent,0.87,12.691557082562701,10.96571437331686,108.0,,
warm_nights,common_365_equivalent,0.88,12.691557082562701,10.96571437331686,108.0,,
warm_nights,common_365_equivalent,0.89,12.691557082562701,10.96571437331686,108.0,,
warm_nights,common_365_equivalent,0.9,12.691557082562701,10.96571437331686,108.0,,
cool_days,available,0.1,-5.601590253439191,-12.598144500341844,,,
cool_days,available,0.11,-5.601590253439191,-12.598144500341844,,,
cool_days,available,0.12,-8.460498545077616,-12.598144500341844,,,
cool_days,available,0.13,-7.144212523719164,-12.598144500341844,,,
cool_days,available,0.14,-7.144212523719164,-12.598144500341844,,,
cool_days,available,0.15,-7.144212523719164,-12.598144500341844,,,
cool_days,available,0.16,-7.144212523719164,-12.598144500341844,,,
cool_days,available,0.17,-7.489247311827957,-12.598144500341844,,,
cool_days,available,0.18,-7.489247311827957,-12.598144500341844,,,
cool_days,available,0.19,-7.489247311827957,-12.598144500341844,,,
cool_days,available,0.2,-7.263871717058184,-12.598144500341844,,,
cool_days,available,0.21,-7.263871717058184,-12.598144500341844,,,
cool_days,available,0.22,-7.63068450039339,-12.598144500341844,,,
cool_days,available,0.23,-7.63068450039339,-12.598144500341844,,,
cool_days,available,0.24,-7.63068450039339,-12.598144500341844,,,
cool_days,available,0.25,-7.63068450039339,-12.598144500341844,,,
cool_days,available,0.26,-8.68351691581432,-12.598144500341844,,,
cool_days,available,0.27,-8.68351691581432,-12.598144500341844,,,
cool_days,available,0.28,-8.68351691581432,-12.598144500341844,,,
cool_days,available,0.29,-8.049401631537537,-12.598144500341844,,,
cool_days,available,0.3,-9.437450826121163,-12.598144500341844,,,
cool_days,available,0.31,-9.437450826121163,-12.598144500341844,,,
cool_days,available,0.32,-9.437450826121163,-12.598144500341844,,,
cool_days,available,0.33,-9.437450826121163,-12.598144500341844,,,
cool_days,available,0.34,-10.361150070126227,-12.598144500341844,,,
cool_days,available,0.35,-10.361150070126227,-12.598144500341844,,,
cool_days,available,0.36,-10.361150070126227,-12.598144500341844,,,
cool_days,available,0.37,-10.298387096774194,-12.598144500341844,,,
cool_days,available,0.38,-10.298387096774194,-12.598144500341844,,,
cool_days,available,0.39,-10.298387096774194,-12.598144500341844,,,
cool_days,available,0.4,-10.243246787306582,-12.598144500341844,,,
cool_days,available,0.41,-10.243246787306582,-12.598144500341844,,,
cool_days,available,0.42,-10.243246787306582,-12.598144500341844,,,
cool_days,available,0.43,-10.243246787306582,-12.598144500341844,,,
cool_days,available,0.44,-10.690532389194857,-12.598144500341844,,,
cool_days,available,0.45,-10.690532389194857,-12.598144500341844,,,
cool_days,available,0.46,-10.690532389194857,-12.598144500341844,,,
cool_days,available,0.47,-10.848987018095988,-12.598144500341844,,,
cool_days,available,0.48,-10.848987018095988,-12.598144500341844,,,
cool_days,available,0.49,-10.848987018095988,-12.598144500341844,,,
cool_days,available,0.5,-12.000580720092914,-12.598144500341844,,,
cool_days,available,0.51,-11.957863449602238,-12.598144500341844,,,
cool_days,available,0.52,-11.957863449602238,-12.598144500341844,,,
cool_days,available,0.53,-11.957863449602238,-12.598144500341844,,,
cool_days,available,0.54,-11.957863449602238,-12.598144500341844,,,
cool_days,available,0.55,-11.496197220036716,-12.598144500341844,,,
cool_days,available,0.56,-11.496197220036716,-12.598144500341844,,,
cool_days,available,0.57,-11.496197220036716,-12.598144500341844,,,
cool_days,available,0.58,-11.496197220036716,-12.598144500341844,,,
cool_days,available,0.59,-11.953405017921146,-12.598144500341844,,,
cool_days,available,0.6,-11.953405017921146,-12.598144500341844,,,
cool_days,available,0.61,-11.953405017921146,-12.598144500341844,,,
cool_days,available,0.62,-11.953405017921146,-12.598144500341844,,,
cool_days,available,0.63,-11.953405017921146,-12.598144500341844,,,
cool_days,available,0.64,-10.999999999999998,-12.598144500341844,,,
cool_days,available,0.65,-10.999999999999998,-12.598144500341844,,,
cool_days,available,0.66,-10.999999999999998,-12.598144500341844,,,
cool_days,available,0.67,-11.892406331396515,-12.598144500341844,,,
cool_days,available,0.68,-11.737026647966342,-12.598144500341844,,,
cool_days,available,0.69,-11.737026647966342,-12.598144500341844,,,
cool_days,available,0.7,-11.737026647966342,-12.598144500341844,,,
cool_days,available,0.71,-11.737026647966342,-12.598144500341844,,,
cool_days,available,0.72,-11.557120999617494,-12.598144500341844,,,
cool_days,available,0.73,-11.557120999617494,-12.598144500341844,,,
cool_days,available,0.74,-11.557120999617494,-12.598144500341844,,,
cool_days,available,0.75,-11.557120999617494,-12.598144500341844,,,
cool_days,available,0.76,-11.391243368498081,-12.598144500341844,,,
cool_days,available,0.77,-11.391243368498081,-12.598144500341844,,,
cool_days,available,0.78,-11.391243368498081,-12.598144500341844,,,
cool_days,available,0.79,-11.391243368498081,-12.598144500341844,,,
cool_days,available,0.8,-11.20743992078303,-12.598144500341844,,,
cool_days,available,0.81,-11.20743992078303,-12.598144500341844,,,
cool_days,available,0.82,-11.20743992078303,-12.598144500341844,,,
cool_days,available,0.83,-11.20743992078303,-12.598144500341844,,,
cool_days,available,0.84,-11.20743992078303,-12.598144500341844,,,
cool_days,available,0.85,-13.826179685417223,-12.598144500341844,,,
cool_days,available,0.86,-15.131964809384165,-12.598144500341844,,,
cool_days,available,0.87,-15.131964809384165,-12.598144500341844,,,
cool_days,available,0.88,-15.66915489202879,-12.598144500341844,,,
cool_days,available,0.89,-15.37190082644628,-12.598144500341844,,,
cool_days,available,0.9,-15.37190082644628,-12.598144500341844,,,
cool_days,index_fixed,0.1,-5.467055879899916,-12.616536189121188,109.0,,
cool_days,index_fixed,0.11,-5.467055879899916,-12.616536189121188,109.0,,
cool_days,index_fixed,0.12,-8.505897771952817,-12.616536189121188,109.0,,
cool_days,index_fixed,0.13,-7.004856988667025,-12.616536189121188,109.0,,
cool_days,index_fixed,0.14,-7.004856988667025,-12.616536189121188,109.0,,
cool_days,index_fixed,0.15,-7.004856988667025,-12.616536189121188,109.0,,
cool_days,index_fixed,0.16,-7.004856988667025,-12.616536189121188,109.0,,
cool_days,index_fixed,0.17,-7.455657492354739,-12.616536189121188,109.0,,
cool_days,index_fixed,0.18,-7.455657492354739,-12.616536189121188,109.0,,
cool_days,index_fixed,0.19,-7.455657492354739,-12.616536189121188,109.0,,
cool_days,index_fixed,0.2,-7.230231542158147,-12.616536189121188,109.0,,
cool_days,index_fixed,0.21,-7.230231542158147,-12.616536189121188,109.0,,
cool_days,index_fixed,0.22,-7.409174311926604,-12.616536189121188,109.0,,
cool_days,index_fixed,0.23,-7.409174311926604,-12.616536189121188,109.0,,
cool_days,index_fixed,0.24,-7.409174311926604,-12.616536189121188,109.0,,
cool_days,index_fixed,0.25,-7.409174311926604,-12.616536189121188,109.0,,
cool_days,index_fixed,0.26,-8.68348623853211,-12.616536189121188,109.0,,
cool_days,index_fixed,0.27,-8.68348623853211,-12.616536189121188,109.0,,
cool_days,index_fixed,0.28,-8.68348623853211,-12.616536189121188,109.0,,
cool_days,index_fixed,0.29,-8.136166103331723,-12.616536189121188,109.0,,
cool_days,index_fixed,0.3,-9.567496723460023,-12.616536189121188,109.0,,
cool_days,index_fixed,0.31,-9.567496723460023,-12.616536189121188,109.0,,
cool_days,index_fixed,0.32,-9.567496723460023,-12.616536189121188,109.0,,
cool_days,index_fixed,0.33,-9.567496723460023,-12.616536189121188,109.0,,
cool_days,index_fixed,0.34,-10.303151176705223,-12.616536189121188,109.0,,
cool_days,index_fixed,0.35,-10.303151176705223,-12.616536189121188,109.0,,
cool_days,index_fixed,0.36,-10.303151176705223,-12.616536189121188,109.0,,
cool_days,index_fixed,0.37,-10.128440366972479,-12.616536189121188,109.0,,
cool_days,index_fixed,0.38,-10.128440366972479,-12.616536189121188,109.0,,
cool_days,index_fixed,0.39,-10.128440366972479,-12.616536189121188,109.0,,
cool_days,index_fixed,0.4,-10.067957866123002,-12.616536189121188,109.0,,
cool_days,index_fixed,0.41,-10.067957866123002,-12.616536189121188,109.0,,
cool_days,index_fixed,0.42,-10.067957866123002,-12.616536189121188,109.0,,
cool_days,index_fixed,0.43,-10.067957866123002,-12.616536189121188,109.0,,
cool_days,index_fixed,0.44,-10.424311926605505,-12.616536189121188,109.0,,
cool_days,index_fixed,0.45,-10.424311926605505,-12.616536189121188,109.0,,
cool_days,index_fixed,0.46,-10.424311926605505,-12.616536189121188,109.0,,
cool_days,index_fixed,0.47,-10.483180428134558,-12.616536189121188,109.0,,
cool_days,index_fixed,0.48,-10.483180428134558,-12.616536189121188,109.0,,
cool_days,index_fixed,0.49,-10.483180428134558,-12.616536189121188,109.0,,
cool_days,index_fixed,0.5,-11.92332896461337,-12.616536189121188,109.0,,
cool_days,index_fixed,0.51,-11.565749235474007,-12.616536189121188,109.0,,
cool_days,index_fixed,0.52,-11.565749235474007,-12.616536189121188,109.0,,
cool_days,index_fixed,0.53,-11.565749235474007,-12.616536189121188,109.0,,
cool_days,index_fixed,0.54,-11.565749235474007,-12.616536189121188,109.0,,
cool_days,index_fixed,0.55,-11.40116763969975,-12.616536189121188,109.0,,
cool_days,index_fixed,0.56,-11.40116763969975,-12.616536189121188,109.0,,
cool_days,index_fixed,0.57,-11.40116763969975,-12.616536189121188,109.0,,
cool_days,index_fixed,0.58,-11.40116763969975,-12.616536189121188,109.0,,
cool_days,index_fixed,0.59,-11.834862385321106,-12.616536189121188,109.0,,
cool_days,index_fixed,0.6,-12.124577498792856,-12.616536189121188,109.0,,
cool_days,index_fixed,0.61,-12.124577498792856,-12.616536189121188,109.0,,
cool_days,index_fixed,0.62,-12.124577498792856,-12.616536189121188,109.0,,
cool_days,index_fixed,0.63,-12.124577498792856,-12.616536189121188,109.0,,
cool_days,index_fixed,0.64,-11.461773700305812,-12.616536189121188,109.0,,
cool_days,index_fixed,0.65,-11.461773700305812,-12.616536189121188,109.0,,
cool_days,index_fixed,0.66,-11.461773700305812,-12.616536189121188,109.0,,
cool_days,index_fixed,0.67,-12.029816513761466,-12.616536189121188,109.0,,
cool_days,index_fixed,0.68,-12.029816513761466,-12.616536189121188,109.0,,
cool_days,index_fixed,0.69,-11.437308868501528,-12.616536189121188,109.0,,
cool_days,index_fixed,0.7,-11.437308868501528,-12.616536189121188,109.0,,
cool_days,index_fixed,0.71,-11.437308868501528,-12.616536189121188,109.0,,
cool_days,index_fixed,0.72,-11.437308868501528,-12.616536189121188,109.0,,
cool_days,index_fixed,0.73,-11.388379204892965,-12.616536189121188,109.0,,
cool_days,index_fixed,0.74,-11.388379204892965,-12.616536189121188,109.0,,
cool_days,index_fixed,0.75,-11.388379204892965,-12.616536189121188,109.0,,
cool_days,index_fixed,0.76,-11.388379204892965,-12.616536189121188,109.0,,
cool_days,index_fixed,0.77,-11.380316930775646,-12.616536189121188,109.0,,
cool_days,index_fixed,0.78,-11.380316930775646,-12.616536189121188,109.0,,
cool_days,index_fixed,0.79,-11.380316930775646,-12.616536189121188,109.0,,
cool_days,index_fixed,0.8,-11.380316930775646,-12.616536189121188,109.0,,
cool_days,index_fixed,0.81,-11.067556296914097,-12.616536189121188,109.0,,
cool_days,index_fixed,0.82,-11.067556296914097,-12.616536189121188,109.0,,
cool_days,index_fixed,0.83,-11.067556296914097,-12.616536189121188,109.0,,
cool_days,index_fixed,0.84,-11.067556296914097,-12.616536189121188,109.0,,
cool_days,index_fixed,0.85,-14.018348623853214,-12.616536189121188,109.0,,
cool_days,index_fixed,0.86,-14.81234361968307,-12.616536189121188,109.0,,
cool_days,index_fixed,0.87,-14.81234361968307,-12.616536189121188,109.0,,
cool_days,index_fixed,0.88,-15.97741707833451,-12.616536189121188,109.0,,
cool_days,index_fixed,0.89,-15.661438295353657,-12.616536189121188,109.0,,
cool_days,index_fixed,0.9,-15.661438295353657,-12.616536189121188,109.0,,
cool_days,common_fixed,0.1,-5.454545454545455,-12.612568259627094,108.0,-14.621913580246915,-2.1759259259259256
cool_days,common_fixed,0.11,-5.454545454545455,-12.612568259627094,108.0,-14.621913580246915,-2.1759259259259256
cool_days,common_fixed,0.12,-8.465608465608465,-12.612568259627094,108.0,-14.621913580246915,-2.1759259259259256
cool_days,common_fixed,0.13,-6.982570806100217,-12.612568259627094,108.0,-14.621913580246915,-2.1759259259259256
cool_days,common_fixed,0.14,-6.982570806100217,-12.612568259627094,108.0,-14.621913580246915,-2.1759259259259256
cool_days,common_fixed,0.15,-6.982570806100217,-12.612568259627094,108.0,-14.525462962962969,-2.1759259259259256
cool_days,common_fixed,0.16,-6.982570806100217,-12.612568259627094,108.0,-14.525462962962969,-2.4853801169590657
cool_days,common_fixed,0.17,-7.407407407407407,-12.612568259627094,108.0,-14.453679962013295,-2.4853801169590657
cool_days,common_fixed,0.18,-7.407407407407407,-12.612568259627094,108.0,-14.451566951566951,-2.4853801169590657
cool_days,common_fixed,0.19,-7.407407407407407,-12.612568259627094,108.0,-13.78943758573388,-2.4853801169590657
cool_days,common_fixed,0.2,-7.239858906525572,-12.612568259627094,108.0,-13.685185185185183,-2.4853801169590657
cool_days,common_fixed,0.21,-7.239858906525572,-12.612568259627094,108.0,-13.62246376811594,-2.4853801169590657
cool_days,common_fixed,0.22,-7.444444444444445,-12.612568259627094,108.0,-13.61916264090177,-2.4853801169590657
cool_days,common_fixed,0.23,-7.444444444444445,-12.612568259627094,108.0,-13.61916264090177,-2.491272372851316
cool_days,common_fixed,0.24,-7.444444444444445,-12.612568259627094,108.0,-13.61916264090177,-2.4853801169590657
cool_days,common_fixed,0.25,-7.444444444444445,-12.612568259627094,108.0,-13.61916264090177,-2.9691358024691348
cool_days,common_fixed,0.26,-8.759259259259258,-12.612568259627094,108.0,-13.61916264090177,-2.9691358024691348
cool_days,common_fixed,0.27,-8.759259259259258,-12.612568259627094,108.0,-13.599785292538915,-2.9691358024691348
cool_days,common_fixed,0.28,-8.759259259259258,-12.612568259627094,108.0,-13.568376068376072,-2.9691358024691348
cool_days,common_fixed,0.29,-8.187134502923975,-12.612568259627094,108.0,-13.568376068376072,-2.9691358024691348
cool_days,common_fixed,0.3,-9.563492063492063,-12.612568259627094,108.0,-13.568376068376072,-2.9691358024691348
cool_days,common_fixed,0.31,-9.563492063492063,-12.612568259627094,108.0,-13.568376068376072,-2.9691358024691348
cool_days,common_fixed,0.32,-9.563492063492063,-12.612568259627094,108.0,-13.568376068376072,-2.9691358024691348
cool_days,common_fixed,0.33,-9.563492063492063,-12.612568259627094,108.0,-13.40877914951989,-2.9691358024691348
cool_days,common_fixed,0.34,-10.293880837359097,-12.612568259627094,108.0,-13.568376068376072,-2.9691358024691348
cool_days,common_fixed,0.35,-10.293880837359097,-12.612568259627094,108.0,-13.568376068376072,-2.9691358024691348
cool_days,common_fixed,0.36,-10.293880837359097,-12.612568259627094,108.0,-13.40877914951989,-2.9691358024691348
cool_days,common_fixed,0.37,-10.175925925925926,-12.612568259627094,108.0,-13.40877914951989,-2.9691358024691348
cool_days,common_fixed,0.38,-10.175925925925926,-12.612568259627094,108.0,-13.40877914951989,-2.9691358024691348
cool_days,common_fixed,0.39,-10.175925925925926,-12.612568259627094,108.0,-13.40877914951989,-2.9691358024691348
cool_days,common_fixed,0.4,-10.065157750342935,-12.612568259627094,108.0,-13.40877914951989,-2.9691358024691348
cool_days,common_fixed,0.41,-10.065157750342935,-12.612568259627094,108.0,-13.40877914951989,-2.9691358024691348
cool_days,common_fixed,0.42,-10.065157750342935,-12.612568259627094,108.0,-13.416758995462699,-2.9691358024691348
cool_days,common_fixed,0.43,-10.065157750342935,-12.612568259627094,108.0,-13.40877914951989,-2.9691358024691348
cool_days,common_fixed,0.44,-10.387731481481481,-12.612568259627094,108.0,-13.568376068376072,-2.9691358024691348
cool_days,common_fixed,0.45,-10.387731481481481,-12.612568259627094,108.0,-13.416758995462699,-2.9691358024691348
cool_days,common_fixed,0.46,-10.387731481481481,-12.612568259627094,108.0,-13.568376068376072,-2.9691358024691348
cool_days,common_fixed,0.47,-10.543209876543209,-12.612568259627094,108.0,-13.568376068376072,-2.9691358024691348
cool_days,common_fixed,0.48,-10.543209876543209,-12.612568259627094,108.0,-13.568376068376072,-2.9691358024691348
cool_days,common_fixed,0.49,-10.543209876543209,-12.612568259627094,108.0,-13.568376068376072,-2.9691358024691348
cool_days,common_fixed,0.5,-11.947751322751325,-12.612568259627094,108.0,-13.61916264090177,-2.8283871478315423
cool_days,common_fixed,0.51,-11.604938271604942,-12.612568259627094,108.0,-13.61916264090177,-2.9232804232804193
cool_days,common_fixed,0.52,-11.604938271604942,-12.612568259627094,108.0,-13.61916264090177,-2.9691358024691348
cool_days,common_fixed,0.53,-11.604938271604942,-12.612568259627094,108.0,-13.792866941015088,-2.9691358024691348
cool_days,common_fixed,0.54,-11.604938271604942,-12.612568259627094,108.0,-13.858024691358025,-2.9691358024691348
cool_days,common_fixed,0.55,-11.426767676767676,-12.612568259627094,108.0,-13.858024691358025,-2.9691358024691348
cool_days,common_fixed,0.56,-11.426767676767676,-12.612568259627094,108.0,-14.02777777777778,-2.9691358024691348
cool_days,common_fixed,0.57,-11.426767676767676,-12.612568259627094,108.0,-14.212962962962965,-2.9232804232804193
cool_days,common_fixed,0.58,-11.426767676767676,-12.612568259627094,108.0,-14.68253968253968,-2.9691358024691348
cool_days,common_fixed,0.59,-12.04218106995885,-12.612568259627094,108.0,-14.748421717171722,-2.9691358024691348
cool_days,common_fixed,0.6,-12.04218106995885,-12.612568259627094,108.0,-14.80639730639731,-3.00705467372134
cool_days,common_fixed,0.61,-12.04218106995885,-12.612568259627094,108.0,-15.208333333333334,-3.00705467372134
cool_days,common_fixed,0.62,-12.04218106995885,-12.612568259627094,108.0,-16.018518518518515,-2.9691358024691348
cool_days,common_fixed,0.63,-12.04218106995885,-12.612568259627094,108.0,-16.419753086419746,-3.00705467372134
cool_days,common_fixed,0.64,-11.339506172839506,-12.612568259627094,108.0,-16.537037037037038,-3.00705467372134
cool_days,common_fixed,0.65,-11.339506172839506,-12.612568259627094,108.0,-17.886334610472545,-3.00705467372134
cool_days,common_fixed,0.66,-11.339506172839506,-12.612568259627094,108.0,-17.886334610472545,-3.00705467372134
cool_days,common_fixed,0.67,-12.112268518518515,-12.612568259627094,108.0,-17.886334610472545,-3.00705467372134
cool_days,common_fixed,0.68,-12.112268518518515,-12.612568259627094,108.0,-17.944444444444446,-2.9668430335096905
cool_days,common_fixed,0.69,-11.543209876543209,-12.612568259627094,108.0,-17.944444444444446,-2.9691358024691348
cool_days,common_fixed,0.7,-11.543209876543209,-12.612568259627094,108.0,-18.5978835978836,-2.9232804232804193
cool_days,common_fixed,0.71,-11.543209876543209,-12.612568259627094,108.0,-18.5978835978836,-2.9232804232804193
cool_days,common_fixed,0.72,-11.543209876543209,-12.612568259627094,108.0,-18.5978835978836,-2.9232804232804193
cool_days,common_fixed,0.73,-11.537037037037033,-12.612568259627094,108.0,-18.5978835978836,-2.905717225161602
cool_days,common_fixed,0.74,-11.537037037037033,-12.612568259627094,108.0,-18.5978835978836,-2.5720164609053473
cool_days,common_fixed,0.75,-11.537037037037033,-12.612568259627094,108.0,-18.648148148148152,-2.5720164609053473
cool_days,common_fixed,0.76,-11.537037037037033,-12.612568259627094,108.0,-18.648148148148152,-2.5720164609053473
cool_days,common_fixed,0.77,-11.422558922558922,-12.612568259627094,108.0,-18.648148148148152,-2.4915824915824882
cool_days,common_fixed,0.78,-11.422558922558922,-12.612568259627094,108.0,-18.648148148148152,-2.486795033670013
cool_days,common_fixed,0.79,-11.422558922558922,-12.612568259627094,108.0,-18.937198067632853,-2.384259259259273
cool_days,common_fixed,0.8,-11.422558922558922,-12.612568259627094,108.0,-18.937198067632853,-2.384259259259273
cool_days,common_fixed,0.81,-11.057800224466892,-12.612568259627094,108.0,-19.23821548821549,-1.913580246913587
cool_days,common_fixed,0.82,-11.057800224466892,-12.612568259627094,108.0,-26.478587962962962,-1.6851851851851904
cool_days,common_fixed,0.83,-11.057800224466892,-12.612568259627094,108.0,-26.478587962962962,-1.5637860082304578
cool_days,common_fixed,0.84,-11.057800224466892,-12.612568259627094,108.0,-26.478587962962962,-1.5637860082304578
cool_days,common_fixed,0.85,-14.24074074074074,-12.612568259627094,108.0,-26.478587962962962,-1.4135802469135825
cool_days,common_fixed,0.86,-14.713804713804716,-12.612568259627094,108.0,-26.478587962962962,-1.4135802469135825
cool_days,common_fixed,0.87,-14.713804713804716,-12.612568259627094,108.0,-28.744855967078188,-1.4135802469135825
cool_days,common_fixed,0.88,-15.975783475783478,-12.612568259627094,108.0,-28.744855967078188,-1.4135802469135825
cool_days,common_fixed,0.89,-15.69593787335723,-12.612568259627094,108.0,-28.744855967078188,-1.5637860082304578
cool_days,common_fixed,0.9,-15.69593787335723,-12.612568259627094,108.0,-29.00238948626045,-1.5637860082304578
cool_days,common_365_equivalent,0.1,-5.55059832917445,-12.769547072586526,108.0,,
cool_days,common_365_equivalent,0.11,-5.55059832917445,-12.769547072586526,108.0,,
cool_days,common_365_equivalent,0.12,-8.636114670634376,-12.769547072586526,108.0,,
cool_days,common_365_equivalent,0.13,-7.181540039489259,-12.769547072586526,108.0,,
cool_days,common_365_equivalent,0.14,-7.181540039489259,-12.769547072586526,108.0,,
cool_days,common_365_equivalent,0.15,-7.181540039489259,-12.769547072586526,108.0,,
cool_days,common_365_equivalent,0.16,-7.181540039489259,-12.769547072586526,108.0,,
cool_days,common_365_equivalent,0.17,-7.529157761025762,-12.769547072586526,108.0,,
cool_days,common_365_equivalent,0.18,-7.529157761025762,-12.769547072586526,108.0,,
cool_days,common_365_equivalent,0.19,-7.529157761025762,-12.769547072586526,108.0,,
cool_days,common_365_equivalent,0.2,-7.33648220243638,-12.769547072586526,108.0,,
cool_days,common_365_equivalent,0.21,-7.33648220243638,-12.769547072586526,108.0,,
cool_days,common_365_equivalent,0.22,-7.59380876435543,-12.769547072586526,108.0,,
cool_days,common_365_equivalent,0.23,-7.59380876435543,-12.769547072586526,108.0,,
cool_days,common_365_equivalent,0.24,-7.59380876435543,-12.769547072586526,108.0,,
cool_days,common_365_equivalent,0.25,-7.59380876435543,-12.769547072586526,108.0,,
cool_days,common_365_equivalent,0.26,-8.881694923794193,-12.769547072586526,108.0,,
cool_days,common_365_equivalent,0.27,-8.881694923794193,-12.769547072586526,108.0,,
cool_days,common_365_equivalent,0.28,-8.881694923794193,-12.769547072586526,108.0,,
cool_days,common_365_equivalent,0.29,-8.32773299914641,-12.769547072586526,108.0,,
cool_days,common_365_equivalent,0.3,-9.71504187268278,-12.769547072586526,108.0,,
cool_days,common_365_equivalent,0.31,-9.71504187268278,-12.769547072586526,108.0,,
cool_days,common_365_equivalent,0.32,-9.71504187268278,-12.769547072586526,108.0,,
cool_days,common_365_equivalent,0.33,-9.71504187268278,-12.769547072586526,108.0,,
cool_days,common_365_equivalent,0.34,-10.415548715399257,-12.769547072586526,108.0,,
cool_days,common_365_equivalent,0.35,-10.415548715399257,-12.769547072586526,108.0,,
cool_days,common_365_equivalent,0.36,-10.415548715399257,-12.769547072586526,108.0,,
cool_days,common_365_equivalent,0.37,-10.40694231327703,-12.769547072586526,108.0,,
cool_days,common_365_equivalent,0.38,-10.40694231327703,-12.769547072586526,108.0,,
cool_days,common_365_equivalent,0.39,-10.40694231327703,-12.769547072586526,108.0,,
cool_days,common_365_equivalent,0.4,-10.19628732368507,-12.769547072586526,108.0,,
cool_days,common_365_equivalent,0.41,-10.19628732368507,-12.769547072586526,108.0,,
cool_days,common_365_equivalent,0.42,-10.19628732368507,-12.769547072586526,108.0,,
cool_days,common_365_equivalent,0.43,-10.19628732368507,-12.769547072586526,108.0,,
cool_days,common_365_equivalent,0.44,-10.425644903838124,-12.769547072586526,108.0,,
cool_days,common_365_equivalent,0.45,-10.425644903838124,-12.769547072586526,108.0,,
cool_days,common_365_equivalent,0.46,-10.425644903838124,-12.769547072586526,108.0,,
cool_days,common_365_equivalent,0.47,-10.586019919779732,-12.769547072586526,108.0,,
cool_days,common_365_equivalent,0.48,-10.586019919779732,-12.769547072586526,108.0,,
cool_days,common_365_equivalent,0.49,-10.586019919779732,-12.769547072586526,108.0,,
cool_days,common_365_equivalent,0.5,-12.10941768404225,-12.769547072586526,108.0,,
cool_days,common_365_equivalent,0.51,-11.882348268974093,-12.769547072586526,108.0,,
cool_days,common_365_equivalent,0.52,-11.882348268974093,-12.769547072586526,108.0,,
cool_days,common_365_equivalent,0.53,-11.882348268974093,-12.769547072586526,108.0,,
cool_days,common_365_equivalent,0.54,-11.882348268974093,-12.769547072586526,108.0,,
cool_days,common_365_equivalent,0.55,-11.582720842696991,-12.769547072586526,108.0,,
cool_days,common_365_equivalent,0.56,-11.582720842696991,-12.769547072586526,108.0,,
cool_days,common_365_equivalent,0.57,-11.582720842696991,-12.769547072586526,108.0,,
cool_days,common_365_equivalent,0.58,-11.582720842696991,-12.769547072586526,108.0,,
cool_days,common_365_equivalent,0.59,-12.174966448600085,-12.769547072586526,108.0,,
cool_days,common_365_equivalent,0.6,-12.32139655353897,-12.769547072586526,108.0,,
cool_days,common_365_equivalent,0.61,-12.32139655353897,-12.769547072586526,108.0,,
cool_days,common_365_equivalent,0.62,-12.32139655353897,-12.769547072586526,108.0,,
cool_days,common_365_equivalent,0.63,-12.32139655353897,-12.769547072586526,108.0,,
cool_days,common_365_equivalent,0.64,-11.668913240052497,-12.769547072586526,108.0,,
cool_days,common_365_equivalent,0.65,-11.668913240052497,-12.769547072586526,108.0,,
cool_days,common_365_equivalent,0.66,-11.668913240052497,-12.769547072586526,108.0,,
cool_days,common_365_equivalent,0.67,-12.146639411952831,-12.769547072586526,108.0,,
cool_days,common_365_equivalent,0.68,-11.915752984718424,-12.769547072586526,108.0,,
cool_days,common_365_equivalent,0.69,-11.677142025597826,-12.769547072586526,108.0,,
cool_days,common_365_equivalent,0.7,-11.677142025597826,-12.769547072586526,108.0,,
cool_days,common_365_equivalent,0.71,-11.677142025597826,-12.769547072586526,108.0,,
cool_days,common_365_equivalent,0.72,-11.58564980610097,-12.769547072586526,108.0,,
cool_days,common_365_equivalent,0.73,-11.58564980610097,-12.769547072586526,108.0,,
cool_days,common_365_equivalent,0.74,-11.58564980610097,-12.769547072586526,108.0,,
cool_days,common_365_equivalent,0.75,-11.58564980610097,-12.769547072586526,108.0,,
cool_days,common_365_equivalent,0.76,-11.58564980610097,-12.769547072586526,108.0,,
cool_days,common_365_equivalent,0.77,-11.489390863704147,-12.769547072586526,108.0,,
cool_days,common_365_equivalent,0.78,-11.489390863704147,-12.769547072586526,108.0,,
cool_days,common_365_equivalent,0.79,-11.489390863704147,-12.769547072586526,108.0,,
cool_days,common_365_equivalent,0.8,-11.489390863704147,-12.769547072586526,108.0,,
cool_days,common_365_equivalent,0.81,-11.082405669858556,-12.769547072586526,108.0,,
cool_days,common_365_equivalent,0.82,-11.082405669858556,-12.769547072586526,108.0,,
cool_days,common_365_equivalent,0.83,-11.082405669858556,-12.769547072586526,108.0,,
cool_days,common_365_equivalent,0.84,-11.082405669858556,-12.769547072586526,108.0,,
cool_days,common_365_equivalent,0.85,-14.38624524251098,-12.769547072586526,108.0,,
cool_days,common_365_equivalent,0.86,-14.622755689620682,-12.769547072586526,108.0,,
cool_days,common_365_equivalent,0.87,-14.622755689620682,-12.769547072586526,108.0,,
cool_days,common_365_equivalent,0.88,-16.210058778655274,-12.769547072586526,108.0,,
cool_days,common_365_equivalent,0.89,-15.915895305083614,-12.769547072586526,108.0,,
cool_days,common_365_equivalent,0.9,-15.915895305083614,-12.769547072586526,108.0,,
cool_nights,available,0.1,-5.905017921146952,-10.863292034184974,,,
cool_nights,available,0.11,-4.39516129032258,-10.863292034184974,,,
cool_nights,available,0.12,-4.39516129032258,-10.863292034184974,,,
cool_nights,available,0.13,-5.544354838709677,-10.863292034184974,,,
cool_nights,available,0.14,-5.544354838709677,-10.863292034184974,,,
cool_nights,available,0.15,-5.544354838709677,-10.863292034184974,,,
cool_nights,available,0.16,-5.544354838709677,-10.863292034184974,,,
cool_nights,available,0.17,-6.148233486943163,-10.863292034184974,,,
cool_nights,available,0.18,-6.148233486943163,-10.863292034184974,,,
cool_nights,available,0.19,-6.148233486943163,-10.863292034184974,,,
cool_nights,available,0.2,-5.1488833746898255,-10.863292034184974,,,
cool_nights,available,0.21,-5.1488833746898255,-10.863292034184974,,,
cool_nights,available,0.22,-7.295698924731181,-10.863292034184974,,,
cool_nights,available,0.23,-7.295698924731181,-10.863292034184974,,,
cool_nights,available,0.24,-7.295698924731181,-10.863292034184974,,,
cool_nights,available,0.25,-7.295698924731181,-10.863292034184974,,,
cool_nights,available,0.26,-6.669382938069011,-10.863292034184974,,,
cool_nights,available,0.27,-7.719807238394964,-10.863292034184974,,,
cool_nights,available,0.28,-7.719807238394964,-10.863292034184974,,,
cool_nights,available,0.29,-7.719807238394964,-10.863292034184974,,,
cool_nights,available,0.3,-7.874770521898768,-10.863292034184974,,,
cool_nights,available,0.31,-7.874770521898768,-10.863292034184974,,,
cool_nights,available,0.32,-7.874770521898768,-10.863292034184974,,,
cool_nights,available,0.33,-8.098323170731707,-10.863292034184974,,,
cool_nights,available,0.34,-8.098323170731707,-10.863292034184974,,,
cool_nights,available,0.35,-8.098323170731707,-10.863292034184974,,,
cool_nights,available,0.36,-8.098323170731707,-10.863292034184974,,,
cool_nights,available,0.37,-9.521865984788882,-10.863292034184974,,,
cool_nights,available,0.38,-9.521865984788882,-10.863292034184974,,,
cool_nights,available,0.39,-9.521865984788882,-10.863292034184974,,,
cool_nights,available,0.4,-9.521865984788882,-10.863292034184974,,,
cool_nights,available,0.41,-9.516129032258068,-10.863292034184974,,,
cool_nights,available,0.42,-9.516129032258068,-10.863292034184974,,,
cool_nights,available,0.43,-9.271072646210333,-10.863292034184974,,,
cool_nights,available,0.44,-9.271072646210333,-10.863292034184974,,,
cool_nights,available,0.45,-9.271072646210333,-10.863292034184974,,,
cool_nights,available,0.46,-9.325265366405786,-10.863292034184974,,,
cool_nights,available,0.47,-9.325265366405786,-10.863292034184974,,,
cool_nights,available,0.48,-9.325265366405786,-10.863292034184974,,,
cool_nights,available,0.49,-9.831591173054585,-10.863292034184974,,,
cool_nights,available,0.5,-9.831591173054585,-10.863292034184974,,,
cool_nights,available,0.51,-9.831591173054585,-10.863292034184974,,,
cool_nights,available,0.52,-9.772567532126931,-10.863292034184974,,,
cool_nights,available,0.53,-9.772567532126931,-10.863292034184974,,,
cool_nights,available,0.54,-9.772567532126931,-10.863292034184974,,,
cool_nights,available,0.55,-9.88429172510519,-10.863292034184974,,,
cool_nights,available,0.56,-9.88429172510519,-10.863292034184974,,,
cool_nights,available,0.57,-9.199072675077435,-10.863292034184974,,,
cool_nights,available,0.58,-9.199072675077435,-10.863292034184974,,,
cool_nights,available,0.59,-9.199072675077435,-10.863292034184974,,,
cool_nights,available,0.6,-9.199072675077435,-10.863292034184974,,,
cool_nights,available,0.61,-9.46028373967432,-10.863292034184974,,,
cool_nights,available,0.62,-9.46028373967432,-10.863292034184974,,,
cool_nights,available,0.63,-9.46028373967432,-10.863292034184974,,,
cool_nights,available,0.64,-9.416282642089094,-10.863292034184974,,,
cool_nights,available,0.65,-9.416282642089094,-10.863292034184974,,,
cool_nights,available,0.66,-9.416282642089094,-10.863292034184974,,,
cool_nights,available,0.67,-9.453405017921147,-10.863292034184974,,,
cool_nights,available,0.68,-9.453405017921147,-10.863292034184974,,,
cool_nights,available,0.69,-9.453405017921147,-10.863292034184974,,,
cool_nights,available,0.7,-9.636545919266705,-10.863292034184974,,,
cool_nights,available,0.71,-9.636545919266705,-10.863292034184974,,,
cool_nights,available,0.72,-9.636545919266705,-10.863292034184974,,,
cool_nights,available,0.73,-9.774927881053854,-10.863292034184974,,,
cool_nights,available,0.74,-9.774927881053854,-10.863292034184974,,,
cool_nights,available,0.75,-9.774927881053854,-10.863292034184974,,,
cool_nights,available,0.76,-9.671161464455183,-10.863292034184974,,,
cool_nights,available,0.77,-9.671161464455183,-10.863292034184974,,,
cool_nights,available,0.78,-9.671161464455183,-10.863292034184974,,,
cool_nights,available,0.79,-9.811827956989244,-10.863292034184974,,,
cool_nights,available,0.8,-10.160345999848913,-10.863292034184974,,,
cool_nights,available,0.81,-12.201724769149417,-10.863292034184974,,,
cool_nights,available,0.82,-12.201724769149417,-10.863292034184974,,,
cool_nights,available,0.83,-12.201724769149417,-10.863292034184974,,,
cool_nights,available,0.84,-12.79669683712759,-10.863292034184974,,,
cool_nights,available,0.85,-12.79669683712759,-10.863292034184974,,,
cool_nights,available,0.86,-12.79669683712759,-10.863292034184974,,,
cool_nights,available,0.87,-12.79669683712759,-10.863292034184974,,,
cool_nights,available,0.88,-11.52875899760064,-10.863292034184974,,,
cool_nights,available,0.89,-11.52875899760064,-10.863292034184974,,,
cool_nights,available,0.9,-12.064516129032251,-10.863292034184974,,,
cool_nights,index_fixed,0.1,-5.922528032619773,-10.905376329013674,109.0,,
cool_nights,index_fixed,0.11,-4.316096747289407,-10.905376329013674,109.0,,
cool_nights,index_fixed,0.12,-4.316096747289407,-10.905376329013674,109.0,,
cool_nights,index_fixed,0.13,-5.454892966360855,-10.905376329013674,109.0,,
cool_nights,index_fixed,0.14,-5.454892966360855,-10.905376329013674,109.0,,
cool_nights,index_fixed,0.15,-5.454892966360855,-10.905376329013674,109.0,,
cool_nights,index_fixed,0.16,-5.454892966360855,-10.905376329013674,109.0,,
cool_nights,index_fixed,0.17,-6.234163390126693,-10.905376329013674,109.0,,
cool_nights,index_fixed,0.18,-6.234163390126693,-10.905376329013674,109.0,,
cool_nights,index_fixed,0.19,-6.234163390126693,-10.905376329013674,109.0,,
cool_nights,index_fixed,0.2,-5.398729710656316,-10.905376329013674,109.0,,
cool_nights,index_fixed,0.21,-5.398729710656316,-10.905376329013674,109.0,,
cool_nights,index_fixed,0.22,-6.8685015290519855,-10.905376329013674,109.0,,
cool_nights,index_fixed,0.23,-6.8685015290519855,-10.905376329013674,109.0,,
cool_nights,index_fixed,0.24,-6.8685015290519855,-10.905376329013674,109.0,,
cool_nights,index_fixed,0.25,-6.8685015290519855,-10.905376329013674,109.0,,
cool_nights,index_fixed,0.26,-6.242900830056792,-10.905376329013674,109.0,,
cool_nights,index_fixed,0.27,-7.370030581039754,-10.905376329013674,109.0,,
cool_nights,index_fixed,0.28,-7.370030581039754,-10.905376329013674,109.0,,
cool_nights,index_fixed,0.29,-7.370030581039754,-10.905376329013674,109.0,,
cool_nights,index_fixed,0.3,-7.370030581039754,-10.905376329013674,109.0,,
cool_nights,index_fixed,0.31,-7.461773700305811,-10.905376329013674,109.0,,
cool_nights,index_fixed,0.32,-7.461773700305811,-10.905376329013674,109.0,,
cool_nights,index_fixed,0.33,-7.717889908256881,-10.905376329013674,109.0,,
cool_nights,index_fixed,0.34,-7.717889908256881,-10.905376329013674,109.0,,
cool_nights,index_fixed,0.35,-7.717889908256881,-10.905376329013674,109.0,,
cool_nights,index_fixed,0.36,-7.717889908256881,-10.905376329013674,109.0,,
cool_nights,index_fixed,0.37,-9.422558014031303,-10.905376329013674,109.0,,
cool_nights,index_fixed,0.38,-9.422558014031303,-10.905376329013674,109.0,,
cool_nights,index_fixed,0.39,-9.422558014031303,-10.905376329013674,109.0,,
cool_nights,index_fixed,0.4,-9.500509683995924,-10.905376329013674,109.0,,
cool_nights,index_fixed,0.41,-9.500509683995924,-10.905376329013674,109.0,,
cool_nights,index_fixed,0.42,-9.500509683995924,-10.905376329013674,109.0,,
cool_nights,index_fixed,0.43,-9.500509683995924,-10.905376329013674,109.0,,
cool_nights,index_fixed,0.44,-9.686544342507645,-10.905376329013674,109.0,,
cool_nights,index_fixed,0.45,-9.519266055045872,-10.905376329013674,109.0,,
cool_nights,index_fixed,0.46,-9.519266055045872,-10.905376329013674,109.0,,
cool_nights,index_fixed,0.47,-9.519266055045872,-10.905376329013674,109.0,,
cool_nights,index_fixed,0.48,-9.519266055045872,-10.905376329013674,109.0,,
cool_nights,index_fixed,0.49,-9.530698659139027,-10.905376329013674,109.0,,
cool_nights,index_fixed,0.5,-9.530698659139027,-10.905376329013674,109.0,,
cool_nights,index_fixed,0.51,-9.530698659139027,-10.905376329013674,109.0,,
cool_nights,index_fixed,0.52,-9.373753490227365,-10.905376329013674,109.0,,
cool_nights,index_fixed,0.53,-9.373753490227365,-10.905376329013674,109.0,,
cool_nights,index_fixed,0.54,-9.373753490227365,-10.905376329013674,109.0,,
cool_nights,index_fixed,0.55,-9.754128440366973,-10.905376329013674,109.0,,
cool_nights,index_fixed,0.56,-9.754128440366973,-10.905376329013674,109.0,,
cool_nights,index_fixed,0.57,-9.754128440366973,-10.905376329013674,109.0,,
cool_nights,index_fixed,0.58,-9.149847094801224,-10.905376329013674,109.0,,
cool_nights,index_fixed,0.59,-9.149847094801224,-10.905376329013674,109.0,,
cool_nights,index_fixed,0.6,-9.149847094801224,-10.905376329013674,109.0,,
cool_nights,index_fixed,0.61,-9.212538226299698,-10.905376329013674,109.0,,
cool_nights,index_fixed,0.62,-9.212538226299698,-10.905376329013674,109.0,,
cool_nights,index_fixed,0.63,-9.300854160075927,-10.905376329013674,109.0,,
cool_nights,index_fixed,0.64,-9.300854160075927,-10.905376329013674,109.0,,
cool_nights,index_fixed,0.65,-9.300854160075927,-10.905376329013674,109.0,,
cool_nights,index_fixed,0.66,-9.300854160075927,-10.905376329013674,109.0,,
cool_nights,index_fixed,0.67,-9.300854160075927,-10.905376329013674,109.0,,
cool_nights,index_fixed,0.68,-9.325418240690771,-10.905376329013674,109.0,,
cool_nights,index_fixed,0.69,-9.325418240690771,-10.905376329013674,109.0,,
cool_nights,index_fixed,0.7,-9.325418240690771,-10.905376329013674,109.0,,
cool_nights,index_fixed,0.71,-9.61467889908257,-10.905376329013674,109.0,,
cool_nights,index_fixed,0.72,-9.61467889908257,-10.905376329013674,109.0,,
cool_nights,index_fixed,0.73,-9.690366972477065,-10.905376329013674,109.0,,
cool_nights,index_fixed,0.74,-9.866555462885739,-10.905376329013674,109.0,,
cool_nights,index_fixed,0.75,-9.866555462885739,-10.905376329013674,109.0,,
cool_nights,index_fixed,0.76,-9.866555462885739,-10.905376329013674,109.0,,
cool_nights,index_fixed,0.77,-9.866555462885739,-10.905376329013674,109.0,,
cool_nights,index_fixed,0.78,-9.866555462885739,-10.905376329013674,109.0,,
cool_nights,index_fixed,0.79,-9.866555462885739,-10.905376329013674,109.0,,
cool_nights,index_fixed,0.8,-10.262123197903021,-10.905376329013674,109.0,,
cool_nights,index_fixed,0.81,-12.491178546224422,-10.905376329013674,109.0,,
cool_nights,index_fixed,0.82,-12.491178546224422,-10.905376329013674,109.0,,
cool_nights,index_fixed,0.83,-12.491178546224422,-10.905376329013674,109.0,,
cool_nights,index_fixed,0.84,-13.071914767682747,-10.905376329013674,109.0,,
cool_nights,index_fixed,0.85,-13.071914767682747,-10.905376329013674,109.0,,
cool_nights,index_fixed,0.86,-13.071914767682747,-10.905376329013674,109.0,,
cool_nights,index_fixed,0.87,-13.071914767682747,-10.905376329013674,109.0,,
cool_nights,index_fixed,0.88,-12.19571865443425,-10.905376329013674,109.0,,
cool_nights,index_fixed,0.89,-12.19571865443425,-10.905376329013674,109.0,,
cool_nights,index_fixed,0.9,-12.19571865443425,-10.905376329013674,109.0,,
cool_nights,common_fixed,0.1,-5.905349794238686,-10.966018730724606,108.0,-13.468364197530864,-3.2407407407407405
cool_nights,common_fixed,0.11,-4.356060606060606,-10.966018730724606,108.0,-13.468364197530864,-3.0163817663817665
cool_nights,common_fixed,0.12,-4.356060606060606,-10.966018730724606,108.0,-13.468364197530864,-2.7559912854030513
cool_nights,common_fixed,0.13,-5.470679012345678,-10.966018730724606,108.0,-13.468364197530864,-2.7559912854030513
cool_nights,common_fixed,0.14,-5.470679012345678,-10.966018730724606,108.0,-13.468364197530864,-2.7559912854030513
cool_nights,common_fixed,0.15,-5.470679012345678,-10.966018730724606,108.0,-13.468364197530864,-2.7559912854030513
cool_nights,common_fixed,0.16,-5.470679012345678,-10.966018730724606,108.0,-13.468364197530864,-2.7559912854030513
cool_nights,common_fixed,0.17,-6.261022927689594,-10.966018730724606,108.0,-13.409090909090908,-2.7559912854030513
cool_nights,common_fixed,0.18,-6.261022927689594,-10.966018730724606,108.0,-13.409090909090908,-2.7559912854030513
cool_nights,common_fixed,0.19,-6.261022927689594,-10.966018730724606,108.0,-13.409090909090908,-2.7559912854030513
cool_nights,common_fixed,0.2,-5.505698005698007,-10.966018730724606,108.0,-13.409090909090908,-2.7559912854030513
cool_nights,common_fixed,0.21,-5.505698005698007,-10.966018730724606,108.0,-13.409090909090908,-2.7559912854030513
cool_nights,common_fixed,0.22,-7.024691358024692,-10.966018730724606,108.0,-13.358585858585862,-2.7559912854030513
cool_nights,common_fixed,0.23,-7.024691358024692,-10.966018730724606,108.0,-13.358585858585862,-2.7559912854030513
cool_nights,common_fixed,0.24,-7.024691358024692,-10.966018730724606,108.0,-13.32561728395062,-2.7559912854030513
cool_nights,common_fixed,0.25,-7.024691358024692,-10.966018730724606,108.0,-13.32561728395062,-2.7559912854030513
cool_nights,common_fixed,0.26,-6.3359788359788345,-10.966018730724606,108.0,-13.32561728395062,-2.7559912854030513
cool_nights,common_fixed,0.27,-7.450617283950616,-10.966018730724606,108.0,-13.189300411522636,-2.73723934018045
cool_nights,common_fixed,0.28,-7.450617283950616,-10.966018730724606,108.0,-13.189300411522636,-2.7559912854030513
cool_nights,common_fixed,0.29,-7.450617283950616,-10.966018730724606,108.0,-13.166666666666668,-2.361111111111112
cool_nights,common_fixed,0.3,-7.450617283950616,-10.966018730724606,108.0,-13.166666666666668,-2.3809523809523827
cool_nights,common_fixed,0.31,-7.584876543209877,-10.966018730724606,108.0,-13.166666666666668,-2.73723934018045
cool_nights,common_fixed,0.32,-7.584876543209877,-10.966018730724606,108.0,-13.166666666666668,-2.73723934018045
cool_nights,common_fixed,0.33,-7.795138888888888,-10.966018730724606,108.0,-12.358686067019418,-2.870370370370371
cool_nights,common_fixed,0.34,-7.795138888888888,-10.966018730724606,108.0,-12.263194444444446,-2.74385309679423
cool_nights,common_fixed,0.35,-7.795138888888888,-10.966018730724606,108.0,-12.04320987654321,-2.5056216931216655
cool_nights,common_fixed,0.36,-7.795138888888888,-10.966018730724606,108.0,-12.04320987654321,-2.852513227513163
cool_nights,common_fixed,0.37,-9.537037037037035,-10.966018730724606,108.0,-12.04320987654321,-2.870370370370371
cool_nights,common_fixed,0.38,-9.537037037037035,-10.966018730724606,108.0,-12.04320987654321,-2.870370370370371
cool_nights,common_fixed,0.39,-9.537037037037035,-10.966018730724606,108.0,-11.99074074074074,-2.9166666666666696
cool_nights,common_fixed,0.4,-9.603909465020575,-10.966018730724606,108.0,-11.967592592592588,-2.9166666666666696
cool_nights,common_fixed,0.41,-9.603909465020575,-10.966018730724606,108.0,-11.967592592592588,-2.9166666666666696
cool_nights,common_fixed,0.42,-9.603909465020575,-10.966018730724606,108.0,-11.906507201646091,-2.9166666666666696
cool_nights,common_fixed,0.43,-9.603909465020575,-10.966018730724606,108.0,-11.828703703703704,-2.9166666666666696
cool_nights,common_fixed,0.44,-9.737037037037037,-10.966018730724606,108.0,-11.723646723646723,-3.1533042846767887
cool_nights,common_fixed,0.45,-9.56908831908832,-10.966018730724606,108.0,-11.723646723646723,-3.549382716049383
cool_nights,common_fixed,0.46,-9.56908831908832,-10.966018730724606,108.0,-11.622648442092887,-3.549382716049383
cool_nights,common_fixed,0.47,-9.56908831908832,-10.966018730724606,108.0,-11.618165784832453,-3.5833333333333326
cool_nights,common_fixed,0.48,-9.56908831908832,-10.966018730724606,108.0,-11.618165784832453,-3.6689814814814814
cool_nights,common_fixed,0.49,-9.56908831908832,-10.966018730724606,108.0,-11.618165784832453,-3.6689814814814814
cool_nights,common_fixed,0.5,-9.599999999999998,-10.966018730724606,108.0,-11.496913580246915,-3.6689814814814814
cool_nights,common_fixed,0.51,-9.599999999999998,-10.966018730724606,108.0,-11.496913580246915,-3.6689814814814814
cool_nights,common_fixed,0.52,-9.419191919191919,-10.966018730724606,108.0,-11.496913580246915,-3.6689814814814814
cool_nights,common_fixed,0.53,-9.419191919191919,-10.966018730724606,108.0,-11.707818930041153,-3.6689814814814814
cool_nights,common_fixed,0.54,-9.419191919191919,-10.966018730724606,108.0,-11.723646723646723,-3.6689814814814814
cool_nights,common_fixed,0.55,-9.77037037037037,-10.966018730724606,108.0,-11.967592592592588,-3.6689814814814814
cool_nights,common_fixed,0.56,-9.77037037037037,-10.966018730724606,108.0,-12.04320987654321,-3.6689814814814814
cool_nights,common_fixed,0.57,-9.77037037037037,-10.966018730724606,108.0,-12.280092592592586,-3.6689814814814814
cool_nights,common_fixed,0.58,-9.185185185185185,-10.966018730724606,108.0,-12.280092592592586,-3.7407407407407405
cool_nights,common_fixed,0.59,-9.185185185185185,-10.966018730724606,108.0,-13.287037037037035,-3.7371527777777644
cool_nights,common_fixed,0.6,-9.185185185185185,-10.966018730724606,108.0,-13.74126912238325,-3.7407407407407405
cool_nights,common_fixed,0.61,-9.251543209876544,-10.966018730724606,108.0,-14.093231162196679,-3.84008714596948
cool_nights,common_fixed,0.62,-9.251543209876544,-10.966018730724606,108.0,-14.093231162196679,-3.84008714596948
cool_nights,common_fixed,0.63,-9.358237547892719,-10.966018730724606,108.0,-14.093231162196679,-3.845315904139434
cool_nights,common_fixed,0.64,-9.358237547892719,-10.966018730724606,108.0,-14.093231162196679,-3.845315904139434
cool_nights,common_fixed,0.65,-9.358237547892719,-10.966018730724606,108.0,-14.093231162196679,-4.006734006734007
cool_nights,common_fixed,0.66,-9.358237547892719,-10.966018730724606,108.0,-14.093231162196679,-4.495795887799492
cool_nights,common_fixed,0.67,-9.358237547892719,-10.966018730724606,108.0,-14.093231162196679,-4.515250544662308
cool_nights,common_fixed,0.68,-9.438997821350764,-10.966018730724606,108.0,-14.093231162196679,-4.57912457912458
cool_nights,common_fixed,0.69,-9.438997821350764,-10.966018730724606,108.0,-14.093231162196679,-4.57912457912458
cool_nights,common_fixed,0.7,-9.438997821350764,-10.966018730724606,108.0,-14.093231162196679,-4.57912457912458
cool_nights,common_fixed,0.71,-9.675925925925924,-10.966018730724606,108.0,-14.226288244766499,-4.650997150997153
cool_nights,common_fixed,0.72,-9.675925925925924,-10.966018730724606,108.0,-14.093231162196679,-4.650997150997153
cool_nights,common_fixed,0.73,-9.780092592592593,-10.966018730724606,108.0,-14.303542673107893,-4.57912457912458
cool_nights,common_fixed,0.74,-9.929854096520764,-10.966018730724606,108.0,-14.303542673107893,-4.57912457912458
cool_nights,common_fixed,0.75,-9.929854096520764,-10.966018730724606,108.0,-14.303542673107893,-4.515250544662308
cool_nights,common_fixed,0.76,-9.929854096520764,-10.966018730724606,108.0,-14.611111111111107,-4.578466961279459
cool_nights,common_fixed,0.77,-9.929854096520764,-10.966018730724606,108.0,-14.966329966329967,-4.57912457912458
cool_nights,common_fixed,0.78,-9.929854096520764,-10.966018730724606,108.0,-14.970117845117846,-4.515250544662308
cool_nights,common_fixed,0.79,-9.929854096520764,-10.966018730724606,108.0,-15.26234567901235,-4.515250544662308
cool_nights,common_fixed,0.8,-10.224867724867725,-10.966018730724606,108.0,-16.044973544973544,-4.515250544662308
cool_nights,common_fixed,0.81,-12.549857549857553,-10.966018730724606,108.0,-16.8718660968661,-4.515250544662308
cool_nights,common_fixed,0.82,-12.549857549857553,-10.966018730724606,108.0,-23.570601851851855,-4.515250544662308
cool_nights,common_fixed,0.83,-12.549857549857553,-10.966018730724606,108.0,-23.570601851851855,-4.515250544662308
cool_nights,common_fixed,0.84,-13.13620071684588,-10.966018730724606,108.0,-23.570601851851855,-4.565972222222219
cool_nights,common_fixed,0.85,-13.13620071684588,-10.966018730724606,108.0,-23.570601851851855,-4.565972222222219
cool_nights,common_fixed,0.86,-13.13620071684588,-10.966018730724606,108.0,-23.570601851851855,-4.565972222222219
cool_nights,common_fixed,0.87,-13.13620071684588,-10.966018730724606,108.0,-25.191358024691358,-4.565972222222219
cool_nights,common_fixed,0.88,-12.271604938271603,-10.966018730724606,108.0,-25.191358024691358,-4.565972222222219
cool_nights,common_fixed,0.89,-12.271604938271603,-10.966018730724606,108.0,-25.191358024691358,-4.565972222222219
cool_nights,common_fixed,0.9,-12.271604938271603,-10.966018730724606,108.0,-25.244922341696537,-4.565972222222219
cool_nights,common_365_equivalent,0.1,-6.296866854307537,-11.559055297416466,108.0,,
cool_nights,common_365_equivalent,0.11,-4.6117917143190486,-11.559055297416466,108.0,,
cool_nights,common_365_equivalent,0.12,-4.6117917143190486,-11.559055297416466,108.0,,
cool_nights,common_365_equivalent,0.13,-5.752333559210982,-11.559055297416466,108.0,,
cool_nights,common_365_equivalent,0.14,-5.752333559210982,-11.559055297416466,108.0,,
cool_nights,common_365_equivalent,0.15,-5.752333559210982,-11.559055297416466,108.0,,
cool_nights,common_365_equivalent,0.16,-5.752333559210982,-11.559055297416466,108.0,,
cool_nights,common_365_equivalent,0.17,-6.518407636928285,-11.559055297416466,108.0,,
cool_nights,common_365_equivalent,0.18,-6.518407636928285,-11.559055297416466,108.0,,
cool_nights,common_365_equivalent,0.19,-6.518407636928285,-11.559055297416466,108.0,,
cool_nights,common_365_equivalent,0.2,-5.81986955291101,-11.559055297416466,108.0,,
cool_nights,common_365_equivalent,0.21,-5.81986955291101,-11.559055297416466,108.0,,
cool_nights,common_365_equivalent,0.22,-7.428847552495488,-11.559055297416466,108.0,,
cool_nights,common_365_equivalent,0.23,-7.428847552495488,-11.559055297416466,108.0,,
cool_nights,common_365_equivalent,0.24,-7.428847552495488,-11.559055297416466,108.0,,
cool_nights,common_365_equivalent,0.25,-7.428847552495488,-11.559055297416466,108.0,,
cool_nights,common_365_equivalent,0.26,-6.652349759962829,-11.559055297416466,108.0,,
cool_nights,common_365_equivalent,0.27,-7.4778544036515955,-11.559055297416466,108.0,,
cool_nights,common_365_equivalent,0.28,-7.4778544036515955,-11.559055297416466,108.0,,
cool_nights,common_365_equivalent,0.29,-7.4778544036515955,-11.559055297416466,108.0,,
cool_nights,common_365_equivalent,0.3,-7.4778544036515955,-11.559055297416466,108.0,,
cool_nights,common_365_equivalent,0.31,-7.5504546829392805,-11.559055297416466,108.0,,
cool_nights,common_365_equivalent,0.32,-7.5504546829392805,-11.559055297416466,108.0,,
cool_nights,common_365_equivalent,0.33,-7.916304889920762,-11.559055297416466,108.0,,
cool_nights,common_365_equivalent,0.34,-7.916304889920762,-11.559055297416466,108.0,,
cool_nights,common_365_equivalent,0.35,-7.916304889920762,-11.559055297416466,108.0,,
cool_nights,common_365_equivalent,0.36,-7.916304889920762,-11.559055297416466,108.0,,
cool_nights,common_365_equivalent,0.37,-9.824787401731115,-11.559055297416466,108.0,,
cool_nights,common_365_equivalent,0.38,-9.824787401731115,-11.559055297416466,108.0,,
cool_nights,common_365_equivalent,0.39,-9.824787401731115,-11.559055297416466,108.0,,
cool_nights,common_365_equivalent,0.4,-9.948132724324637,-11.559055297416466,108.0,,
cool_nights,common_365_equivalent,0.41,-9.948132724324637,-11.559055297416466,108.0,,
cool_nights,common_365_equivalent,0.42,-9.948132724324637,-11.559055297416466,108.0,,
cool_nights,common_365_equivalent,0.43,-9.948132724324637,-11.559055297416466,108.0,,
cool_nights,common_365_equivalent,0.44,-10.186481745825413,-11.559055297416466,108.0,,
cool_nights,common_365_equivalent,0.45,-10.028695185623063,-11.559055297416466,108.0,,
cool_nights,common_365_equivalent,0.46,-10.028695185623063,-11.559055297416466,108.0,,
cool_nights,common_365_equivalent,0.47,-10.028695185623063,-11.559055297416466,108.0,,
cool_nights,common_365_equivalent,0.48,-10.028695185623063,-11.559055297416466,108.0,,
cool_nights,common_365_equivalent,0.49,-10.028695185623063,-11.559055297416466,108.0,,
cool_nights,common_365_equivalent,0.5,-10.066692962459353,-11.559055297416466,108.0,,
cool_nights,common_365_equivalent,0.51,-10.066692962459353,-11.559055297416466,108.0,,
cool_nights,common_365_equivalent,0.52,-9.885755347189527,-11.559055297416466,108.0,,
cool_nights,common_365_equivalent,0.53,-9.885755347189527,-11.559055297416466,108.0,,
cool_nights,common_365_equivalent,0.54,-9.885755347189527,-11.559055297416466,108.0,,
cool_nights,common_365_equivalent,0.55,-10.186913406474929,-11.559055297416466,108.0,,
cool_nights,common_365_equivalent,0.56,-10.186913406474929,-11.559055297416466,108.0,,
cool_nights,common_365_equivalent,0.57,-10.186913406474929,-11.559055297416466,108.0,,
cool_nights,common_365_equivalent,0.58,-9.71751355503696,-11.559055297416466,108.0,,
cool_nights,common_365_equivalent,0.59,-9.71751355503696,-11.559055297416466,108.0,,
cool_nights,common_365_equivalent,0.6,-9.71751355503696,-11.559055297416466,108.0,,
cool_nights,common_365_equivalent,0.61,-9.71751355503696,-11.559055297416466,108.0,,
cool_nights,common_365_equivalent,0.62,-9.706905427270408,-11.559055297416466,108.0,,
cool_nights,common_365_equivalent,0.63,-9.706905427270408,-11.559055297416466,108.0,,
cool_nights,common_365_equivalent,0.64,-9.58064934466426,-11.559055297416466,108.0,,
cool_nights,common_365_equivalent,0.65,-9.58064934466426,-11.559055297416466,108.0,,
cool_nights,common_365_equivalent,0.66,-9.686551553845414,-11.559055297416466,108.0,,
cool_nights,common_365_equivalent,0.67,-9.686551553845414,-11.559055297416466,108.0,,
cool_nights,common_365_equivalent,0.68,-9.686551553845414,-11.559055297416466,108.0,,
cool_nights,common_365_equivalent,0.69,-9.686551553845414,-11.559055297416466,108.0,,
cool_nights,common_365_equivalent,0.7,-9.686551553845414,-11.559055297416466,108.0,,
cool_nights,common_365_equivalent,0.71,-9.863864873904504,-11.559055297416466,108.0,,
cool_nights,common_365_equivalent,0.72,-9.863864873904504,-11.559055297416466,108.0,,
cool_nights,common_365_equivalent,0.73,-9.926570032656155,-11.559055297416466,108.0,,
cool_nights,common_365_equivalent,0.74,-10.419601969596114,-11.559055297416466,108.0,,
cool_nights,common_365_equivalent,0.75,-10.419601969596114,-11.559055297416466,108.0,,
cool_nights,common_365_equivalent,0.76,-10.419601969596114,-11.559055297416466,108.0,,
cool_nights,common_365_equivalent,0.77,-10.419601969596114,-11.559055297416466,108.0,,
cool_nights,common_365_equivalent,0.78,-10.409688041874173,-11.559055297416466,108.0,,
cool_nights,common_365_equivalent,0.79,-10.409688041874173,-11.559055297416466,108.0,,
cool_nights,common_365_equivalent,0.8,-10.409688041874173,-11.559055297416466,108.0,,
cool_nights,common_365_equivalent,0.81,-12.61850987630722,-11.559055297416466,108.0,,
cool_nights,common_365_equivalent,0.82,-12.61850987630722,-11.559055297416466,108.0,,
cool_nights,common_365_equivalent,0.83,-12.61850987630722,-11.559055297416466,108.0,,
cool_nights,common_365_equivalent,0.84,-13.815617901695719,-11.559055297416466,108.0,,
cool_nights,common_365_equivalent,0.85,-13.815617901695719,-11.559055297416466,108.0,,
cool_nights,common_365_equivalent,0.86,-13.815617901695719,-11.559055297416466,108.0,,
cool_nights,common_365_equivalent,0.87,-13.815617901695719,-11.559055297416466,108.0,,
cool_nights,common_365_equivalent,0.88,-13.637988566453933,-11.559055297416466,108.0,,
cool_nights,common_365_equivalent,0.89,-13.637988566453933,-11.559055297416466,108.0,,
cool_nights,common_365_equivalent,0.9,-13.637988566453933,-11.559055297416466,108.0,,
