definition,rule,threshold_mode,climate_regime,stratum,n_stations,n_zero,component,estimate_pp,ci_low_pp,ci_high_pp
annual,strict,fixed,All,all,104,0,joint_change,20.6447963800905,6.8947963800904954,33.54355203619912
annual,strict,fixed,All,all,104,0,dry_marginal,8.183058291189774,3.078919350545648,13.124085041256325
annual,strict,fixed,All,all,104,0,hot_marginal,12.481700825126431,4.774920149055097,19.42266103273889
annual,strict,fixed,All,all,104,0,excess_joint,-0.01996273622571111,-3.8694437050838415,4.515404578120843
annual,strict,fixed,All,positive,104,0,joint_change,20.6447963800905,6.8947963800904954,33.54355203619912
annual,strict,fixed,All,positive,104,0,dry_marginal,8.183058291189774,3.078919350545648,13.124085041256325
annual,strict,fixed,All,positive,104,0,hot_marginal,12.481700825126431,4.774920149055097,19.42266103273889
annual,strict,fixed,All,positive,104,0,excess_joint,-0.01996273622571111,-3.8694437050838415,4.515404578120843
annual,strict,fixed,BWh_hot_desert,all,28,0,joint_change,20.588235294117645,8.823529411764703,31.512605042016794
annual,strict,fixed,BWh_hot_desert,all,28,0,dry_marginal,7.433267424616907,1.5808823529411768,12.475593178447848
annual,strict,fixed,BWh_hot_desert,all,28,0,hot_marginal,12.673010380622836,6.080079090459713,18.556290163124082
annual,strict,fixed,BWh_hot_desert,all,28,0,excess_joint,0.481957488877906,-1.879016312407315,3.386060306475532
annual,strict,fixed,BWh_hot_desert,positive,28,0,joint_change,20.588235294117645,8.823529411764703,31.512605042016794
annual,strict,fixed,BWh_hot_desert,positive,28,0,dry_marginal,7.433267424616907,1.5808823529411768,12.475593178447848
annual,strict,fixed,BWh_hot_desert,positive,28,0,hot_marginal,12.673010380622836,6.080079090459713,18.556290163124082
annual,strict,fixed,BWh_hot_desert,positive,28,0,excess_joint,0.481957488877906,-1.879016312407315,3.386060306475532
annual,strict,fixed,BWk_cold_desert,all,12,0,joint_change,25.0,8.823529411764705,42.15686274509804
annual,strict,fixed,BWk_cold_desert,all,12,0,dry_marginal,10.250865051903114,3.632497116493656,18.15167243367935
annual,strict,fixed,BWk_cold_desert,all,12,0,hot_marginal,11.288927335640139,1.9175317185697809,20.91983852364475
annual,strict,fixed,BWk_cold_desert,all,12,0,excess_joint,3.4602076124567476,-3.001730103806228,10.295559400230687
annual,strict,fixed,BWk_cold_desert,positive,12,0,joint_change,25.0,8.823529411764705,42.15686274509804
annual,strict,fixed,BWk_cold_desert,positive,12,0,dry_marginal,10.250865051903114,3.632497116493656,18.15167243367935
annual,strict,fixed,BWk_cold_desert,positive,12,0,hot_marginal,11.288927335640139,1.9175317185697809,20.91983852364475
annual,strict,fixed,BWk_cold_desert,positive,12,0,excess_joint,3.4602076124567476,-3.001730103806228,10.295559400230687
annual,strict,fixed,BSh_hot_steppe,all,7,0,joint_change,36.134453781512605,24.369747899159666,47.05882352941176
annual,strict,fixed,BSh_hot_steppe,all,7,0,dry_marginal,16.262975778546714,8.724666337123084,24.197973306969846
annual,strict,fixed,BSh_hot_steppe,all,7,0,hot_marginal,19.031141868512105,6.820316361838851,28.497281265447352
annual,strict,fixed,BSh_hot_steppe,all,7,0,excess_joint,0.8403361344537815,-2.619871478002962,5.7340583292140375
annual,strict,fixed,BSh_hot_steppe,positive,7,0,joint_change,36.134453781512605,24.369747899159666,47.05882352941176
annual,strict,fixed,BSh_hot_steppe,positive,7,0,dry_marginal,16.262975778546714,8.724666337123084,24.197973306969846
annual,strict,fixed,BSh_hot_steppe,positive,7,0,hot_marginal,19.031141868512105,6.820316361838851,28.497281265447352
annual,strict,fixed,BSh_hot_steppe,positive,7,0,excess_joint,0.8403361344537815,-2.619871478002962,5.7340583292140375
annual,strict,fixed,BSk_cold_steppe,all,33,0,joint_change,17.112299465240643,-1.0695187165775402,34.22459893048128
annual,strict,fixed,BSk_cold_steppe,all,33,0,dry_marginal,7.591485792177835,0.09384502464087224,14.455803711859081
annual,strict,fixed,BSk_cold_steppe,all,33,0,hot_marginal,11.030722449407573,3.014050540002097,18.727063017720454
annual,strict,fixed,BSk_cold_steppe,all,33,0,excess_joint,-1.5099087763447616,-7.633427702631854,5.483904791863271
annual,strict,fixed,BSk_cold_steppe,positive,33,0,joint_change,17.112299465240643,-1.0695187165775402,34.22459893048128
annual,strict,fixed,BSk_cold_steppe,positive,33,0,dry_marginal,7.591485792177835,0.09384502464087224,14.455803711859081
annual,strict,fixed,BSk_cold_steppe,positive,33,0,hot_marginal,11.030722449407573,3.014050540002097,18.727063017720454
annual,strict,fixed,BSk_cold_steppe,positive,33,0,excess_joint,-1.5099087763447616,-7.633427702631854,5.483904791863271
annual,strict,fixed,C_temperate,all,15,0,joint_change,16.862745098039213,1.5686274509803915,31.76470588235294
annual,strict,fixed,C_temperate,all,15,0,dry_marginal,5.38638985005767,-0.8073817762399074,11.499423298731255
annual,strict,fixed,C_temperate,all,15,0,hot_marginal,12.583621683967705,3.8869665513264122,20.705882352941188
annual,strict,fixed,C_temperate,all,15,0,excess_joint,-1.1072664359861595,-6.183391003460208,4.4521337946943484
annual,strict,fixed,C_temperate,positive,15,0,joint_change,16.862745098039213,1.5686274509803915,31.76470588235294
annual,strict,fixed,C_temperate,positive,15,0,dry_marginal,5.38638985005767,-0.8073817762399074,11.499423298731255
annual,strict,fixed,C_temperate,positive,15,0,hot_marginal,12.583621683967705,3.8869665513264122,20.705882352941188
annual,strict,fixed,C_temperate,positive,15,0,excess_joint,-1.1072664359861595,-6.183391003460208,4.4521337946943484
annual,strict,fixed,Dsa_cold_dry_summer,all,9,0,joint_change,22.222222222222218,6.535947712418301,34.640522875817
annual,strict,fixed,Dsa_cold_dry_summer,all,9,0,dry_marginal,8.304498269896193,-0.42291426374471414,14.206074586697422
annual,strict,fixed,Dsa_cold_dry_summer,all,9,0,hot_marginal,13.533256439830833,6.03517877739331,19.819300269127254
annual,strict,fixed,Dsa_cold_dry_summer,all,9,0,excess_joint,0.3844675124951946,-5.613225682429834,7.037677816224538
annual,strict,fixed,Dsa_cold_dry_summer,positive,9,0,joint_change,22.222222222222218,6.535947712418301,34.640522875817
annual,strict,fixed,Dsa_cold_dry_summer,positive,9,0,dry_marginal,8.304498269896193,-0.42291426374471414,14.206074586697422
annual,strict,fixed,Dsa_cold_dry_summer,positive,9,0,hot_marginal,13.533256439830833,6.03517877739331,19.819300269127254
annual,strict,fixed,Dsa_cold_dry_summer,positive,9,0,excess_joint,0.3844675124951946,-5.613225682429834,7.037677816224538
annual,dry_inclusive_only,fixed,All,all,104,0,joint_change,18.665158371040725,3.7302036199095006,32.35294117647058
annual,dry_inclusive_only,fixed,All,all,104,0,dry_marginal,5.712669683257918,-0.5823296513175396,10.778214000532339
annual,dry_inclusive_only,fixed,All,all,104,0,hot_marginal,13.568006388075597,5.31333178067607,20.815976843225986
annual,dry_inclusive_only,fixed,All,all,104,0,excess_joint,-0.6155177002927859,-4.521892467394197,4.182359595421878
annual,dry_inclusive_only,fixed,All,positive,104,0,joint_change,18.665158371040725,3.7302036199095006,32.35294117647058
annual,dry_inclusive_only,fixed,All,positive,104,0,dry_marginal,5.712669683257918,-0.5823296513175396,10.778214000532339
annual,dry_inclusive_only,fixed,All,positive,104,0,hot_marginal,13.568006388075597,5.31333178067607,20.815976843225986
annual,dry_inclusive_only,fixed,All,positive,104,0,excess_joint,-0.6155177002927859,-4.521892467394197,4.182359595421878
annual,dry_inclusive_only,fixed,BWh_hot_desert,all,28,0,joint_change,18.907563025210077,5.6722689075630255,30.672268907563016
annual,dry_inclusive_only,fixed,BWh_hot_desert,all,28,0,dry_marginal,4.918437963420662,-2.576927829955512,10.413680177953545
annual,dry_inclusive_only,fixed,BWh_hot_desert,all,28,0,hot_marginal,13.803756796836382,6.877162629757785,19.95304003954523
annual,dry_inclusive_only,fixed,BWh_hot_desert,all,28,0,excess_joint,0.18536826495304212,-2.3603559070687092,3.497281265447356
annual,dry_inclusive_only,fixed,BWh_hot_desert,positive,28,0,joint_change,18.907563025210077,5.6722689075630255,30.672268907563016
annual,dry_inclusive_only,fixed,BWh_hot_desert,positive,28,0,dry_marginal,4.918437963420662,-2.576927829955512,10.413680177953545
annual,dry_inclusive_only,fixed,BWh_hot_desert,positive,28,0,hot_marginal,13.803756796836382,6.877162629757785,19.95304003954523
annual,dry_inclusive_only,fixed,BWh_hot_desert,positive,28,0,excess_joint,0.18536826495304212,-2.3603559070687092,3.497281265447356
annual,dry_inclusive_only,fixed,BWk_cold_desert,all,12,0,joint_change,21.568627450980397,3.4313725490196076,39.705882352941174
annual,dry_inclusive_only,fixed,BWk_cold_desert,all,12,0,dry_marginal,7.972895040369089,1.0070645905420994,15.427479815455596
annual,dry_inclusive_only,fixed,BWk_cold_desert,all,12,0,hot_marginal,12.182814302191467,2.249134948096887,21.988177623990776
annual,dry_inclusive_only,fixed,BWk_cold_desert,all,12,0,excess_joint,1.4129181084198386,-5.017301038062284,8.59284890426759
annual,dry_inclusive_only,fixed,BWk_cold_desert,positive,12,0,joint_change,21.568627450980397,3.4313725490196076,39.705882352941174
annual,dry_inclusive_only,fixed,BWk_cold_desert,positive,12,0,dry_marginal,7.972895040369089,1.0070645905420994,15.427479815455596
annual,dry_inclusive_only,fixed,BWk_cold_desert,positive,12,0,hot_marginal,12.182814302191467,2.249134948096887,21.988177623990776
annual,dry_inclusive_only,fixed,BWk_cold_desert,positive,12,0,excess_joint,1.4129181084198386,-5.017301038062284,8.59284890426759
annual,dry_inclusive_only,fixed,BSh_hot_steppe,all,7,0,joint_change,33.61344537815126,19.327731092436977,46.21848739495798
annual,dry_inclusive_only,fixed,BSh_hot_steppe,all,7,0,dry_marginal,13.494809688581315,5.437469105289174,21.008403361344538
annual,dry_inclusive_only,fixed,BSh_hot_steppe,all,7,0,hot_marginal,20.415224913494807,7.957241720217498,29.956747404844293
annual,dry_inclusive_only,fixed,BSh_hot_steppe,all,7,0,excess_joint,-0.29658922392486364,-4.1547207118141385,4.893722194760256
annual,dry_inclusive_only,fixed,BSh_hot_steppe,positive,7,0,joint_change,33.61344537815126,19.327731092436977,46.21848739495798
annual,dry_inclusive_only,fixed,BSh_hot_steppe,positive,7,0,dry_marginal,13.494809688581315,5.437469105289174,21.008403361344538
annual,dry_inclusive_only,fixed,BSh_hot_steppe,positive,7,0,hot_marginal,20.415224913494807,7.957241720217498,29.956747404844293
annual,dry_inclusive_only,fixed,BSh_hot_steppe,positive,7,0,excess_joint,-0.29658922392486364,-4.1547207118141385,4.893722194760256
annual,dry_inclusive_only,fixed,BSk_cold_steppe,all,33,0,joint_change,15.686274509803921,-3.3868092691622085,33.333333333333336
annual,dry_inclusive_only,fixed,BSk_cold_steppe,all,33,0,dry_marginal,5.258467023172906,-2.736709657124881,12.22082415854042
annual,dry_inclusive_only,fixed,BSk_cold_steppe,all,33,0,hot_marginal,11.979658173429799,3.226905735556253,20.321379888853944
annual,dry_inclusive_only,fixed,BSk_cold_steppe,all,33,0,excess_joint,-1.5518506867987834,-7.403271469015413,5.494914543357452
annual,dry_inclusive_only,fixed,BSk_cold_steppe,positive,33,0,joint_change,15.686274509803921,-3.3868092691622085,33.333333333333336
annual,dry_inclusive_only,fixed,BSk_cold_steppe,positive,33,0,dry_marginal,5.258467023172906,-2.736709657124881,12.22082415854042
annual,dry_inclusive_only,fixed,BSk_cold_steppe,positive,33,0,hot_marginal,11.979658173429799,3.226905735556253,20.321379888853944
annual,dry_inclusive_only,fixed,BSk_cold_steppe,positive,33,0,excess_joint,-1.5518506867987834,-7.403271469015413,5.494914543357452
annual,dry_inclusive_only,fixed,C_temperate,all,15,0,joint_change,14.509803921568627,-2.7450980392156863,30.58823529411764
annual,dry_inclusive_only,fixed,C_temperate,all,15,0,dry_marginal,2.745098039215686,-4.7525951557093435,9.077277970011533
annual,dry_inclusive_only,fixed,C_temperate,all,15,0,hot_marginal,13.840830449826989,4.324682814302192,22.433679354094576
annual,dry_inclusive_only,fixed,C_temperate,all,15,0,excess_joint,-2.0761245674740483,-7.19838523644752,3.8304498269896246
annual,dry_inclusive_only,fixed,C_temperate,positive,15,0,joint_change,14.509803921568627,-2.7450980392156863,30.58823529411764
annual,dry_inclusive_only,fixed,C_temperate,positive,15,0,dry_marginal,2.745098039215686,-4.7525951557093435,9.077277970011533
annual,dry_inclusive_only,fixed,C_temperate,positive,15,0,hot_marginal,13.840830449826989,4.324682814302192,22.433679354094576
annual,dry_inclusive_only,fixed,C_temperate,positive,15,0,excess_joint,-2.0761245674740483,-7.19838523644752,3.8304498269896246
annual,dry_inclusive_only,fixed,Dsa_cold_dry_summer,all,9,0,joint_change,20.261437908496728,2.6143790849673203,33.98692810457516
annual,dry_inclusive_only,fixed,Dsa_cold_dry_summer,all,9,0,dry_marginal,5.728565936178393,-4.517493271818531,12.227028066128415
annual,dry_inclusive_only,fixed,Dsa_cold_dry_summer,all,9,0,hot_marginal,14.725105728565934,6.401384083044984,21.39657823913879
annual,dry_inclusive_only,fixed,Dsa_cold_dry_summer,all,9,0,excess_joint,-0.19223375624759592,-6.26874279123414,7.151095732410612
annual,dry_inclusive_only,fixed,Dsa_cold_dry_summer,positive,9,0,joint_change,20.261437908496728,2.6143790849673203,33.98692810457516
annual,dry_inclusive_only,fixed,Dsa_cold_dry_summer,positive,9,0,dry_marginal,5.728565936178393,-4.517493271818531,12.227028066128415
annual,dry_inclusive_only,fixed,Dsa_cold_dry_summer,positive,9,0,hot_marginal,14.725105728565934,6.401384083044984,21.39657823913879
annual,dry_inclusive_only,fixed,Dsa_cold_dry_summer,positive,9,0,excess_joint,-0.19223375624759592,-6.26874279123414,7.151095732410612
annual,both_inclusive,fixed,All,all,104,0,joint_change,16.346153846153854,-0.002828054298642546,31.05203619909503
annual,both_inclusive,fixed,All,all,104,0,dry_marginal,6.088634548842162,-0.6625964865584235,11.299407772158634
annual,both_inclusive,fixed,All,all,104,0,hot_marginal,11.461937716262977,1.9694071067340968,19.232515970188977
annual,both_inclusive,fixed,All,all,104,0,excess_joint,-1.2044184189512903,-5.150718658504126,3.8732698961937757
annual,both_inclusive,fixed,All,positive,104,0,joint_change,16.346153846153854,-0.002828054298642546,31.05203619909503
annual,both_inclusive,fixed,All,positive,104,0,dry_marginal,6.088634548842162,-0.6625964865584235,11.299407772158634
annual,both_inclusive,fixed,All,positive,104,0,hot_marginal,11.461937716262977,1.9694071067340968,19.232515970188977
annual,both_inclusive,fixed,All,positive,104,0,excess_joint,-1.2044184189512903,-5.150718658504126,3.8732698961937757
annual,both_inclusive,fixed,BWh_hot_desert,all,28,0,joint_change,16.59663865546218,1.6806722689075637,29.632352941176507
annual,both_inclusive,fixed,BWh_hot_desert,all,28,0,dry_marginal,5.221206129510625,-2.9785590706870977,10.955573405832922
annual,both_inclusive,fixed,BWh_hot_desert,all,28,0,hot_marginal,11.77088482451804,3.5525827978250124,18.51241967375186
annual,both_inclusive,fixed,BWh_hot_desert,all,28,0,excess_joint,-0.3954522985664831,-2.867647058823529,3.175976272862085
annual,both_inclusive,fixed,BWh_hot_desert,positive,28,0,joint_change,16.59663865546218,1.6806722689075637,29.632352941176507
annual,both_inclusive,fixed,BWh_hot_desert,positive,28,0,dry_marginal,5.221206129510625,-2.9785590706870977,10.955573405832922
annual,both_inclusive,fixed,BWh_hot_desert,positive,28,0,hot_marginal,11.77088482451804,3.5525827978250124,18.51241967375186
annual,both_inclusive,fixed,BWh_hot_desert,positive,28,0,excess_joint,-0.3954522985664831,-2.867647058823529,3.175976272862085
annual,both_inclusive,fixed,BWk_cold_desert,all,12,0,joint_change,19.11764705882353,0.49019607843137186,37.74509803921569
annual,both_inclusive,fixed,BWk_cold_desert,all,12,0,dry_marginal,8.564013840830448,1.1231257208765857,16.364619377162633
annual,both_inclusive,fixed,BWk_cold_desert,all,12,0,hot_marginal,9.86159169550173,-1.5145617070357558,20.156430219146483
annual,both_inclusive,fixed,BWk_cold_desert,all,12,0,excess_joint,0.6920415224913494,-5.6516724336793525,8.073817762399077
annual,both_inclusive,fixed,BWk_cold_desert,positive,12,0,joint_change,19.11764705882353,0.49019607843137186,37.74509803921569
annual,both_inclusive,fixed,BWk_cold_desert,positive,12,0,dry_marginal,8.564013840830448,1.1231257208765857,16.364619377162633
annual,both_inclusive,fixed,BWk_cold_desert,positive,12,0,hot_marginal,9.86159169550173,-1.5145617070357558,20.156430219146483
annual,both_inclusive,fixed,BWk_cold_desert,positive,12,0,excess_joint,0.6920415224913494,-5.6516724336793525,8.073817762399077
annual,both_inclusive,fixed,BSh_hot_steppe,all,7,0,joint_change,30.252100840336137,14.285714285714286,43.69747899159664
annual,both_inclusive,fixed,BSh_hot_steppe,all,7,0,dry_marginal,14.359861591695502,5.734058329214038,22.14532871972318
annual,both_inclusive,fixed,BSh_hot_steppe,all,7,0,hot_marginal,17.820069204152244,4.571181413741967,27.73109243697479
annual,both_inclusive,fixed,BSh_hot_steppe,all,7,0,excess_joint,-1.9278299555116158,-6.524962926347004,3.9569945625309053
annual,both_inclusive,fixed,BSh_hot_steppe,positive,7,0,joint_change,30.252100840336137,14.285714285714286,43.69747899159664
annual,both_inclusive,fixed,BSh_hot_steppe,positive,7,0,dry_marginal,14.359861591695502,5.734058329214038,22.14532871972318
annual,both_inclusive,fixed,BSh_hot_steppe,positive,7,0,hot_marginal,17.820069204152244,4.571181413741967,27.73109243697479
annual,both_inclusive,fixed,BSh_hot_steppe,positive,7,0,excess_joint,-1.9278299555116158,-6.524962926347004,3.9569945625309053
annual,both_inclusive,fixed,BSk_cold_steppe,all,33,0,joint_change,14.260249554367203,-5.169340463458108,32.0855614973262
annual,both_inclusive,fixed,BSk_cold_steppe,all,33,0,dry_marginal,5.60448778441858,-2.86305966236762,12.753224284366162
annual,both_inclusive,fixed,BSk_cold_steppe,all,33,0,hot_marginal,9.90353360595575,0.04036908881199493,18.42324630386914
annual,both_inclusive,fixed,BSk_cold_steppe,all,33,0,excess_joint,-1.2477718360071295,-6.784628289818602,5.295690468700854
annual,both_inclusive,fixed,BSk_cold_steppe,positive,33,0,joint_change,14.260249554367203,-5.169340463458108,32.0855614973262
annual,both_inclusive,fixed,BSk_cold_steppe,positive,33,0,dry_marginal,5.60448778441858,-2.86305966236762,12.753224284366162
annual,both_inclusive,fixed,BSk_cold_steppe,positive,33,0,hot_marginal,9.90353360595575,0.04036908881199493,18.42324630386914
annual,both_inclusive,fixed,BSk_cold_steppe,positive,33,0,excess_joint,-1.2477718360071295,-6.784628289818602,5.295690468700854
annual,both_inclusive,fixed,C_temperate,all,15,0,joint_change,11.76470588235294,-7.450980392156863,28.647058823529488
annual,both_inclusive,fixed,C_temperate,all,15,0,dry_marginal,2.92964244521338,-5.156286043829296,9.735294117647062
annual,both_inclusive,fixed,C_temperate,all,15,0,hot_marginal,11.926182237600921,1.5795847750865064,20.818915801614764
annual,both_inclusive,fixed,C_temperate,all,15,0,excess_joint,-3.091118800461361,-8.742791234140718,3.576701268742796
annual,both_inclusive,fixed,C_temperate,positive,15,0,joint_change,11.76470588235294,-7.450980392156863,28.647058823529488
annual,both_inclusive,fixed,C_temperate,positive,15,0,dry_marginal,2.92964244521338,-5.156286043829296,9.735294117647062
annual,both_inclusive,fixed,C_temperate,positive,15,0,hot_marginal,11.926182237600921,1.5795847750865064,20.818915801614764
annual,both_inclusive,fixed,C_temperate,positive,15,0,excess_joint,-3.091118800461361,-8.742791234140718,3.576701268742796
annual,both_inclusive,fixed,Dsa_cold_dry_summer,all,9,0,joint_change,16.33986928104575,-5.882352941176471,32.6797385620915
annual,both_inclusive,fixed,Dsa_cold_dry_summer,all,9,0,dry_marginal,6.093810073048828,-5.306612841214918,12.802768166089963
annual,both_inclusive,fixed,Dsa_cold_dry_summer,all,9,0,hot_marginal,12.629757785467127,2.70953479430988,19.72318339100346
annual,both_inclusive,fixed,Dsa_cold_dry_summer,all,9,0,excess_joint,-2.3836985774702035,-9.265667051134178,6.805074971164938
annual,both_inclusive,fixed,Dsa_cold_dry_summer,positive,9,0,joint_change,16.33986928104575,-5.882352941176471,32.6797385620915
annual,both_inclusive,fixed,Dsa_cold_dry_summer,positive,9,0,dry_marginal,6.093810073048828,-5.306612841214918,12.802768166089963
annual,both_inclusive,fixed,Dsa_cold_dry_summer,positive,9,0,hot_marginal,12.629757785467127,2.70953479430988,19.72318339100346
annual,both_inclusive,fixed,Dsa_cold_dry_summer,positive,9,0,excess_joint,-2.3836985774702035,-9.265667051134178,6.805074971164938
annual,strict,refitted,All,all,104,0,joint_change,20.6447963800905,9.219457013574658,40.83710407239817
annual,strict,refitted,All,all,104,0,dry_marginal,8.183058291189774,4.1787829385147734,18.6135879691243
annual,strict,refitted,All,all,104,0,hot_marginal,12.481700825126431,6.158504125632153,23.44473649188181
annual,strict,refitted,All,all,104,0,excess_joint,-0.01996273622571111,-4.349048442906574,3.4171213734362538
annual,strict,refitted,All,positive,104,0,joint_change,20.6447963800905,9.219457013574658,40.83710407239817
annual,strict,refitted,All,positive,104,0,dry_marginal,8.183058291189774,4.1787829385147734,18.6135879691243
annual,strict,refitted,All,positive,104,0,hot_marginal,12.481700825126431,6.158504125632153,23.44473649188181
annual,strict,refitted,All,positive,104,0,excess_joint,-0.01996273622571111,-4.349048442906574,3.4171213734362538
annual,strict,refitted,BWh_hot_desert,all,28,0,joint_change,20.588235294117645,11.554621848739496,39.915966386554615
annual,strict,refitted,BWh_hot_desert,all,28,0,dry_marginal,7.433267424616907,3.5899653979238764,18.134268413247675
annual,strict,refitted,BWh_hot_desert,all,28,0,hot_marginal,12.673010380622836,7.229362333168562,23.715088976767177
annual,strict,refitted,BWh_hot_desert,all,28,0,excess_joint,0.481957488877906,-3.831562036579338,3.4113939693524515
annual,strict,refitted,BWh_hot_desert,positive,28,0,joint_change,20.588235294117645,11.554621848739496,39.915966386554615
annual,strict,refitted,BWh_hot_desert,positive,28,0,dry_marginal,7.433267424616907,3.5899653979238764,18.134268413247675
annual,strict,refitted,BWh_hot_desert,positive,28,0,hot_marginal,12.673010380622836,7.229362333168562,23.715088976767177
annual,strict,refitted,BWh_hot_desert,positive,28,0,excess_joint,0.481957488877906,-3.831562036579338,3.4113939693524515
annual,strict,refitted,BWk_cold_desert,all,12,0,joint_change,25.0,6.862745098039215,47.54901960784313
annual,strict,refitted,BWk_cold_desert,all,12,0,dry_marginal,10.250865051903114,3.8494809688581317,23.055795847750876
annual,strict,refitted,BWk_cold_desert,all,12,0,hot_marginal,11.288927335640139,4.411043829296424,24.885380622837364
annual,strict,refitted,BWk_cold_desert,all,12,0,excess_joint,3.4602076124567476,-5.940023068050748,8.737024221453286
annual,strict,refitted,BWk_cold_desert,positive,12,0,joint_change,25.0,6.862745098039215,47.54901960784313
annual,strict,refitted,BWk_cold_desert,positive,12,0,dry_marginal,10.250865051903114,3.8494809688581317,23.055795847750876
annual,strict,refitted,BWk_cold_desert,positive,12,0,hot_marginal,11.288927335640139,4.411043829296424,24.885380622837364
annual,strict,refitted,BWk_cold_desert,positive,12,0,excess_joint,3.4602076124567476,-5.940023068050748,8.737024221453286
annual,strict,refitted,BSh_hot_steppe,all,7,0,joint_change,36.134453781512605,18.487394957983195,59.66386554621848
annual,strict,refitted,BSh_hot_steppe,all,7,0,dry_marginal,16.262975778546714,9.39199209095403,28.91868512110727
annual,strict,refitted,BSh_hot_steppe,all,7,0,hot_marginal,19.031141868512105,8.650519031141869,32.18116658428077
annual,strict,refitted,BSh_hot_steppe,all,7,0,excess_joint,0.8403361344537815,-5.637666831438458,6.5249629263470075
annual,strict,refitted,BSh_hot_steppe,positive,7,0,joint_change,36.134453781512605,18.487394957983195,59.66386554621848
annual,strict,refitted,BSh_hot_steppe,positive,7,0,dry_marginal,16.262975778546714,9.39199209095403,28.91868512110727
annual,strict,refitted,BSh_hot_steppe,positive,7,0,hot_marginal,19.031141868512105,8.650519031141869,32.18116658428077
annual,strict,refitted,BSh_hot_steppe,positive,7,0,excess_joint,0.8403361344537815,-5.637666831438458,6.5249629263470075
annual,strict,refitted,BSk_cold_steppe,all,33,0,joint_change,17.112299465240643,3.565062388591801,42.60249554367202
annual,strict,refitted,BSk_cold_steppe,all,33,0,dry_marginal,7.591485792177835,2.5369613085876064,20.347593582887708
annual,strict,refitted,BSk_cold_steppe,all,33,0,hot_marginal,11.030722449407573,4.392890846178044,23.72417951137674
annual,strict,refitted,BSk_cold_steppe,all,33,0,excess_joint,-1.5099087763447616,-7.864632484009647,4.205200796896302
annual,strict,refitted,BSk_cold_steppe,positive,33,0,joint_change,17.112299465240643,3.565062388591801,42.60249554367202
annual,strict,refitted,BSk_cold_steppe,positive,33,0,dry_marginal,7.591485792177835,2.5369613085876064,20.347593582887708
annual,strict,refitted,BSk_cold_steppe,positive,33,0,hot_marginal,11.030722449407573,4.392890846178044,23.72417951137674
annual,strict,refitted,BSk_cold_steppe,positive,33,0,excess_joint,-1.5099087763447616,-7.864632484009647,4.205200796896302
annual,strict,refitted,C_temperate,all,15,0,joint_change,16.862745098039213,6.2745098039215685,35.29411764705882
annual,strict,refitted,C_temperate,all,15,0,dry_marginal,5.38638985005767,1.384083044982699,15.640138408304496
annual,strict,refitted,C_temperate,all,15,0,hot_marginal,12.583621683967705,5.6747404844290665,22.44752018454442
annual,strict,refitted,C_temperate,all,15,0,excess_joint,-1.1072664359861595,-6.737024221453287,5.3056516724336795
annual,strict,refitted,C_temperate,positive,15,0,joint_change,16.862745098039213,6.2745098039215685,35.29411764705882
annual,strict,refitted,C_temperate,positive,15,0,dry_marginal,5.38638985005767,1.384083044982699,15.640138408304496
annual,strict,refitted,C_temperate,positive,15,0,hot_marginal,12.583621683967705,5.6747404844290665,22.44752018454442
annual,strict,refitted,C_temperate,positive,15,0,excess_joint,-1.1072664359861595,-6.737024221453287,5.3056516724336795
annual,strict,refitted,Dsa_cold_dry_summer,all,9,0,joint_change,22.222222222222218,5.228758169934641,53.59477124183007
annual,strict,refitted,Dsa_cold_dry_summer,all,9,0,dry_marginal,8.304498269896193,1.2110726643598613,24.01095732410612
annual,strict,refitted,Dsa_cold_dry_summer,all,9,0,hot_marginal,13.533256439830833,4.651095732410611,27.585544021530175
annual,strict,refitted,Dsa_cold_dry_summer,all,9,0,excess_joint,0.3844675124951946,-6.805074971164935,6.920415224913494
annual,strict,refitted,Dsa_cold_dry_summer,positive,9,0,joint_change,22.222222222222218,5.228758169934641,53.59477124183007
annual,strict,refitted,Dsa_cold_dry_summer,positive,9,0,dry_marginal,8.304498269896193,1.2110726643598613,24.01095732410612
annual,strict,refitted,Dsa_cold_dry_summer,positive,9,0,hot_marginal,13.533256439830833,4.651095732410611,27.585544021530175
annual,strict,refitted,Dsa_cold_dry_summer,positive,9,0,excess_joint,0.3844675124951946,-6.805074971164935,6.920415224913494
annual,dry_inclusive_only,refitted,All,all,104,0,joint_change,18.665158371040725,5.99547511312217,38.348416289592755
annual,dry_inclusive_only,refitted,All,all,104,0,dry_marginal,5.712669683257918,0.02478706414692521,13.173742347617774
annual,dry_inclusive_only,refitted,All,all,104,0,hot_marginal,13.568006388075597,7.364336571732764,26.87000931594358
annual,dry_inclusive_only,refitted,All,all,104,0,excess_joint,-0.6155177002927859,-4.708544051104602,2.7881288261911115
annual,dry_inclusive_only,refitted,All,positive,104,0,joint_change,18.665158371040725,5.99547511312217,38.348416289592755
annual,dry_inclusive_only,refitted,All,positive,104,0,dry_marginal,5.712669683257918,0.02478706414692521,13.173742347617774
annual,dry_inclusive_only,refitted,All,positive,104,0,hot_marginal,13.568006388075597,7.364336571732764,26.87000931594358
annual,dry_inclusive_only,refitted,All,positive,104,0,excess_joint,-0.6155177002927859,-4.708544051104602,2.7881288261911115
annual,dry_inclusive_only,refitted,BWh_hot_desert,all,28,0,joint_change,18.907563025210077,8.823529411764708,36.974789915966376
annual,dry_inclusive_only,refitted,BWh_hot_desert,all,28,0,dry_marginal,4.918437963420662,-0.9395081562036585,12.821613939693524
annual,dry_inclusive_only,refitted,BWh_hot_desert,all,28,0,hot_marginal,13.803756796836382,8.66905585763717,27.34830696984676
annual,dry_inclusive_only,refitted,BWh_hot_desert,all,28,0,excess_joint,0.18536826495304212,-4.091077607513593,3.5096391497775583
annual,dry_inclusive_only,refitted,BWh_hot_desert,positive,28,0,joint_change,18.907563025210077,8.823529411764708,36.974789915966376
annual,dry_inclusive_only,refitted,BWh_hot_desert,positive,28,0,dry_marginal,4.918437963420662,-0.9395081562036585,12.821613939693524
annual,dry_inclusive_only,refitted,BWh_hot_desert,positive,28,0,hot_marginal,13.803756796836382,8.66905585763717,27.34830696984676
annual,dry_inclusive_only,refitted,BWh_hot_desert,positive,28,0,excess_joint,0.18536826495304212,-4.091077607513593,3.5096391497775583
annual,dry_inclusive_only,refitted,BWk_cold_desert,all,12,0,joint_change,21.568627450980397,3.4313725490196068,45.588235294117645
annual,dry_inclusive_only,refitted,BWk_cold_desert,all,12,0,dry_marginal,7.972895040369089,0.38927335640138444,17.474769319492502
annual,dry_inclusive_only,refitted,BWk_cold_desert,all,12,0,hot_marginal,12.182814302191467,5.3633217993079585,28.548154555940027
annual,dry_inclusive_only,refitted,BWk_cold_desert,all,12,0,excess_joint,1.4129181084198386,-6.343713956170703,7.786908881199547
annual,dry_inclusive_only,refitted,BWk_cold_desert,positive,12,0,joint_change,21.568627450980397,3.4313725490196068,45.588235294117645
annual,dry_inclusive_only,refitted,BWk_cold_desert,positive,12,0,dry_marginal,7.972895040369089,0.38927335640138444,17.474769319492502
annual,dry_inclusive_only,refitted,BWk_cold_desert,positive,12,0,hot_marginal,12.182814302191467,5.3633217993079585,28.548154555940027
annual,dry_inclusive_only,refitted,BWk_cold_desert,positive,12,0,excess_joint,1.4129181084198386,-6.343713956170703,7.786908881199547
annual,dry_inclusive_only,refitted,BSh_hot_steppe,all,7,0,joint_change,33.61344537815126,15.96638655462185,57.142857142857146
annual,dry_inclusive_only,refitted,BSh_hot_steppe,all,7,0,dry_marginal,13.494809688581315,4.794859120118637,22.96218487394958
annual,dry_inclusive_only,refitted,BSh_hot_steppe,all,7,0,hot_marginal,20.415224913494807,10.306475531389026,36.20983687592684
annual,dry_inclusive_only,refitted,BSh_hot_steppe,all,7,0,excess_joint,-0.29658922392486364,-7.217004448838355,5.489372219476035
annual,dry_inclusive_only,refitted,BSh_hot_steppe,positive,7,0,joint_change,33.61344537815126,15.96638655462185,57.142857142857146
annual,dry_inclusive_only,refitted,BSh_hot_steppe,positive,7,0,dry_marginal,13.494809688581315,4.794859120118637,22.96218487394958
annual,dry_inclusive_only,refitted,BSh_hot_steppe,positive,7,0,hot_marginal,20.415224913494807,10.306475531389026,36.20983687592684
annual,dry_inclusive_only,refitted,BSh_hot_steppe,positive,7,0,excess_joint,-0.29658922392486364,-7.217004448838355,5.489372219476035
annual,dry_inclusive_only,refitted,BSk_cold_steppe,all,33,0,joint_change,15.686274509803921,0.35650623885917865,40.29411764705886
annual,dry_inclusive_only,refitted,BSk_cold_steppe,all,33,0,dry_marginal,5.258467023172906,-1.2587815875013102,14.815979867882977
annual,dry_inclusive_only,refitted,BSk_cold_steppe,all,33,0,hot_marginal,11.979658173429799,5.221767851525637,27.011376743210665
annual,dry_inclusive_only,refitted,BSk_cold_steppe,all,33,0,excess_joint,-1.5518506867987834,-8.042885603439238,3.943063856558671
annual,dry_inclusive_only,refitted,BSk_cold_steppe,positive,33,0,joint_change,15.686274509803921,0.35650623885917865,40.29411764705886
annual,dry_inclusive_only,refitted,BSk_cold_steppe,positive,33,0,dry_marginal,5.258467023172906,-1.2587815875013102,14.815979867882977
annual,dry_inclusive_only,refitted,BSk_cold_steppe,positive,33,0,hot_marginal,11.979658173429799,5.221767851525637,27.011376743210665
annual,dry_inclusive_only,refitted,BSk_cold_steppe,positive,33,0,excess_joint,-1.5518506867987834,-8.042885603439238,3.943063856558671
annual,dry_inclusive_only,refitted,C_temperate,all,15,0,joint_change,14.509803921568627,2.352941176470588,32.15686274509804
annual,dry_inclusive_only,refitted,C_temperate,all,15,0,dry_marginal,2.745098039215686,-3.1372549019607843,10.426758938869662
annual,dry_inclusive_only,refitted,C_temperate,all,15,0,hot_marginal,13.840830449826989,6.966551326412918,26.08016147635525
annual,dry_inclusive_only,refitted,C_temperate,all,15,0,excess_joint,-2.0761245674740483,-7.775086505190311,3.6908881199538635
annual,dry_inclusive_only,refitted,C_temperate,positive,15,0,joint_change,14.509803921568627,2.352941176470588,32.15686274509804
annual,dry_inclusive_only,refitted,C_temperate,positive,15,0,dry_marginal,2.745098039215686,-3.1372549019607843,10.426758938869662
annual,dry_inclusive_only,refitted,C_temperate,positive,15,0,hot_marginal,13.840830449826989,6.966551326412918,26.08016147635525
annual,dry_inclusive_only,refitted,C_temperate,positive,15,0,excess_joint,-2.0761245674740483,-7.775086505190311,3.6908881199538635
annual,dry_inclusive_only,refitted,Dsa_cold_dry_summer,all,9,0,joint_change,20.261437908496728,2.6143790849673203,50.98039215686274
annual,dry_inclusive_only,refitted,Dsa_cold_dry_summer,all,9,0,dry_marginal,5.728565936178393,-3.3083429450211472,18.37754709727028
annual,dry_inclusive_only,refitted,Dsa_cold_dry_summer,all,9,0,hot_marginal,14.725105728565934,5.881391772395231,31.27643214148404
annual,dry_inclusive_only,refitted,Dsa_cold_dry_summer,all,9,0,excess_joint,-0.19223375624759592,-7.0742022299115686,6.382160707420229
annual,dry_inclusive_only,refitted,Dsa_cold_dry_summer,positive,9,0,joint_change,20.261437908496728,2.6143790849673203,50.98039215686274
annual,dry_inclusive_only,refitted,Dsa_cold_dry_summer,positive,9,0,dry_marginal,5.728565936178393,-3.3083429450211472,18.37754709727028
annual,dry_inclusive_only,refitted,Dsa_cold_dry_summer,positive,9,0,hot_marginal,14.725105728565934,5.881391772395231,31.27643214148404
annual,dry_inclusive_only,refitted,Dsa_cold_dry_summer,positive,9,0,excess_joint,-0.19223375624759592,-7.0742022299115686,6.382160707420229
annual,both_inclusive,refitted,All,all,104,0,joint_change,16.346153846153854,0.6193438914027145,33.37104072398189
annual,both_inclusive,refitted,All,all,104,0,dry_marginal,6.088634548842162,-0.056644264040458435,14.555662762842697
annual,both_inclusive,refitted,All,all,104,0,hot_marginal,11.461937716262977,3.223482832046846,21.732765504391804
annual,both_inclusive,refitted,All,all,104,0,excess_joint,-1.2044184189512903,-5.895827788128828,2.016402714932129
annual,both_inclusive,refitted,All,positive,104,0,joint_change,16.346153846153854,0.6193438914027145,33.37104072398189
annual,both_inclusive,refitted,All,positive,104,0,dry_marginal,6.088634548842162,-0.056644264040458435,14.555662762842697
annual,both_inclusive,refitted,All,positive,104,0,hot_marginal,11.461937716262977,3.223482832046846,21.732765504391804
annual,both_inclusive,refitted,All,positive,104,0,excess_joint,-1.2044184189512903,-5.895827788128828,2.016402714932129
annual,both_inclusive,refitted,BWh_hot_desert,all,28,0,joint_change,16.59663865546218,3.5609243697478967,31.09243697478991
annual,both_inclusive,refitted,BWh_hot_desert,all,28,0,dry_marginal,5.221206129510625,-1.3105536332179935,14.391374196737523
annual,both_inclusive,refitted,BWh_hot_desert,all,28,0,hot_marginal,11.77088482451804,4.720711814137419,21.558329214038558
annual,both_inclusive,refitted,BWh_hot_desert,all,28,0,excess_joint,-0.3954522985664831,-6.908057340583291,2.397429560059318
annual,both_inclusive,refitted,BWh_hot_desert,positive,28,0,joint_change,16.59663865546218,3.5609243697478967,31.09243697478991
annual,both_inclusive,refitted,BWh_hot_desert,positive,28,0,dry_marginal,5.221206129510625,-1.3105536332179935,14.391374196737523
annual,both_inclusive,refitted,BWh_hot_desert,positive,28,0,hot_marginal,11.77088482451804,4.720711814137419,21.558329214038558
annual,both_inclusive,refitted,BWh_hot_desert,positive,28,0,excess_joint,-0.3954522985664831,-6.908057340583291,2.397429560059318
annual,both_inclusive,refitted,BWk_cold_desert,all,12,0,joint_change,19.11764705882353,-0.49019607843137186,40.19607843137255
annual,both_inclusive,refitted,BWk_cold_desert,all,12,0,dry_marginal,8.564013840830448,0.5046136101499418,19.176038062283734
annual,both_inclusive,refitted,BWk_cold_desert,all,12,0,hot_marginal,9.86159169550173,1.3689446366782003,22.952710495963085
annual,both_inclusive,refitted,BWk_cold_desert,all,12,0,excess_joint,0.6920415224913494,-6.893021914648212,7.469723183391013
annual,both_inclusive,refitted,BWk_cold_desert,positive,12,0,joint_change,19.11764705882353,-0.49019607843137186,40.19607843137255
annual,both_inclusive,refitted,BWk_cold_desert,positive,12,0,dry_marginal,8.564013840830448,0.5046136101499418,19.176038062283734
annual,both_inclusive,refitted,BWk_cold_desert,positive,12,0,hot_marginal,9.86159169550173,1.3689446366782003,22.952710495963085
annual,both_inclusive,refitted,BWk_cold_desert,positive,12,0,excess_joint,0.6920415224913494,-6.893021914648212,7.469723183391013
annual,both_inclusive,refitted,BSh_hot_steppe,all,7,0,joint_change,30.252100840336137,11.764705882352942,53.78151260504201
annual,both_inclusive,refitted,BSh_hot_steppe,all,7,0,dry_marginal,14.359861591695502,5.684626791893227,25.064260998517064
annual,both_inclusive,refitted,BSh_hot_steppe,all,7,0,hot_marginal,17.820069204152244,3.1141868512110733,30.648788927335644
annual,both_inclusive,refitted,BSh_hot_steppe,all,7,0,excess_joint,-1.9278299555116158,-8.84824518042511,6.376668314384578
annual,both_inclusive,refitted,BSh_hot_steppe,positive,7,0,joint_change,30.252100840336137,11.764705882352942,53.78151260504201
annual,both_inclusive,refitted,BSh_hot_steppe,positive,7,0,dry_marginal,14.359861591695502,5.684626791893227,25.064260998517064
annual,both_inclusive,refitted,BSh_hot_steppe,positive,7,0,hot_marginal,17.820069204152244,3.1141868512110733,30.648788927335644
annual,both_inclusive,refitted,BSh_hot_steppe,positive,7,0,excess_joint,-1.9278299555116158,-8.84824518042511,6.376668314384578
annual,both_inclusive,refitted,BSk_cold_steppe,all,33,0,joint_change,14.260249554367203,-4.991087344028516,35.82887700534759
annual,both_inclusive,refitted,BSk_cold_steppe,all,33,0,dry_marginal,5.60448778441858,-1.6899968543567163,16.32090804236133
annual,both_inclusive,refitted,BSk_cold_steppe,all,33,0,hot_marginal,9.90353360595575,1.3578693509489352,21.72590961518297
annual,both_inclusive,refitted,BSk_cold_steppe,all,33,0,excess_joint,-1.2477718360071295,-9.112404320016775,3.3029254482541677
annual,both_inclusive,refitted,BSk_cold_steppe,positive,33,0,joint_change,14.260249554367203,-4.991087344028516,35.82887700534759
annual,both_inclusive,refitted,BSk_cold_steppe,positive,33,0,dry_marginal,5.60448778441858,-1.6899968543567163,16.32090804236133
annual,both_inclusive,refitted,BSk_cold_steppe,positive,33,0,hot_marginal,9.90353360595575,1.3578693509489352,21.72590961518297
annual,both_inclusive,refitted,BSk_cold_steppe,positive,33,0,excess_joint,-1.2477718360071295,-9.112404320016775,3.3029254482541677
annual,both_inclusive,refitted,C_temperate,all,15,0,joint_change,11.76470588235294,-3.1372549019607834,28.25490196078439
annual,both_inclusive,refitted,C_temperate,all,15,0,dry_marginal,2.92964244521338,-3.621683967704729,11.719146482122262
annual,both_inclusive,refitted,C_temperate,all,15,0,hot_marginal,11.926182237600921,3.114186851211073,21.314878892733564
annual,both_inclusive,refitted,C_temperate,all,15,0,excess_joint,-3.091118800461361,-8.304498269896191,3.0449826989619386
annual,both_inclusive,refitted,C_temperate,positive,15,0,joint_change,11.76470588235294,-3.1372549019607834,28.25490196078439
annual,both_inclusive,refitted,C_temperate,positive,15,0,dry_marginal,2.92964244521338,-3.621683967704729,11.719146482122262
annual,both_inclusive,refitted,C_temperate,positive,15,0,hot_marginal,11.926182237600921,3.114186851211073,21.314878892733564
annual,both_inclusive,refitted,C_temperate,positive,15,0,excess_joint,-3.091118800461361,-8.304498269896191,3.0449826989619386
annual,both_inclusive,refitted,Dsa_cold_dry_summer,all,9,0,joint_change,16.33986928104575,-8.496732026143793,47.71241830065358
annual,both_inclusive,refitted,Dsa_cold_dry_summer,all,9,0,dry_marginal,6.093810073048828,-3.9407920030757393,20.47289504036909
annual,both_inclusive,refitted,Dsa_cold_dry_summer,all,9,0,hot_marginal,12.629757785467127,1.9790465205690122,25.817954632833526
annual,both_inclusive,refitted,Dsa_cold_dry_summer,all,9,0,excess_joint,-2.3836985774702035,-9.68858131487889,6.3437139561707045
annual,both_inclusive,refitted,Dsa_cold_dry_summer,positive,9,0,joint_change,16.33986928104575,-8.496732026143793,47.71241830065358
annual,both_inclusive,refitted,Dsa_cold_dry_summer,positive,9,0,dry_marginal,6.093810073048828,-3.9407920030757393,20.47289504036909
annual,both_inclusive,refitted,Dsa_cold_dry_summer,positive,9,0,hot_marginal,12.629757785467127,1.9790465205690122,25.817954632833526
annual,both_inclusive,refitted,Dsa_cold_dry_summer,positive,9,0,excess_joint,-2.3836985774702035,-9.68858131487889,6.3437139561707045
warm_season,strict,fixed,All,all,103,28,joint_change,12.84980011422045,6.1679040548258115,19.588806396344953
warm_season,strict,fixed,All,all,103,28,dry_marginal,2.885745960291598,-0.9996808546376865,6.867420297645048
warm_season,strict,fixed,All,all,103,28,hot_marginal,9.90694393119898,6.254997144488864,13.635905532972755
warm_season,strict,fixed,All,all,103,28,excess_joint,0.05711022272986892,-1.7939328786911672,2.05630396076192
warm_season,strict,fixed,All,positive,75,0,joint_change,17.647058823529417,8.470588235294114,26.901960784313736
warm_season,strict,fixed,All,positive,75,0,dry_marginal,3.9630911188004614,-1.3728950403690894,9.431257208765865
warm_season,strict,fixed,All,positive,75,0,hot_marginal,13.60553633217993,8.590196078431374,18.726643598615915
warm_season,strict,fixed,All,positive,75,0,excess_joint,0.07843137254901998,-2.463667820069203,2.823990772779703
warm_season,strict,fixed,All,zero,28,28,joint_change,0.0,0.0,0.0
warm_season,strict,fixed,All,zero,28,28,dry_marginal,0.0,0.0,0.0
warm_season,strict,fixed,All,zero,28,28,hot_marginal,0.0,0.0,0.0
warm_season,strict,fixed,All,zero,28,28,excess_joint,0.0,0.0,0.0
warm_season,strict,fixed,BWh_hot_desert,all,26,17,joint_change,5.203619909502262,1.8099547511312215,8.823529411764707
warm_season,strict,fixed,BWh_hot_desert,all,26,17,dry_marginal,1.869842959808358,-0.2665025286132551,3.8993878094224117
warm_season,strict,fixed,BWh_hot_desert,all,26,17,hot_marginal,3.8528080915624163,2.255789193505456,5.915624168219324
warm_season,strict,fixed,BWh_hot_desert,all,26,17,excess_joint,-0.5190311418685123,-1.7434122970455148,0.7053500133084909
warm_season,strict,fixed,BWh_hot_desert,positive,9,0,joint_change,15.03267973856209,5.22875816993464,25.490196078431374
warm_season,strict,fixed,BWh_hot_desert,positive,9,0,dry_marginal,5.401768550557478,-0.7698961937716258,11.264898116109189
warm_season,strict,fixed,BWh_hot_desert,positive,9,0,hot_marginal,11.130334486735869,6.516724336793541,17.08958093041138
warm_season,strict,fixed,BWh_hot_desert,positive,9,0,excess_joint,-1.4994232987312577,-5.036524413687043,2.0376778162245293
warm_season,strict,fixed,BWh_hot_desert,zero,17,17,joint_change,0.0,0.0,0.0
warm_season,strict,fixed,BWh_hot_desert,zero,17,17,dry_marginal,0.0,0.0,0.0
warm_season,strict,fixed,BWh_hot_desert,zero,17,17,hot_marginal,0.0,0.0,0.0
warm_season,strict,fixed,BWh_hot_desert,zero,17,17,excess_joint,0.0,0.0,0.0
warm_season,strict,fixed,BWk_cold_desert,all,13,2,joint_change,9.502262443438914,-0.45248868778280565,20.361990950226243
warm_season,strict,fixed,BWk_cold_desert,all,13,2,dry_marginal,1.0646792653713069,-3.407639073729039,5.908969922810754
warm_season,strict,fixed,BWk_cold_desert,all,13,2,hot_marginal,8.544051104604735,3.646526483896726,13.894729837636415
warm_season,strict,fixed,BWk_cold_desert,all,13,2,excess_joint,-0.10646792653712941,-3.699760447165291,3.8860793186052707
warm_season,strict,fixed,BWk_cold_desert,positive,11,0,joint_change,11.229946524064172,-0.5347593582887703,24.06417112299465
warm_season,strict,fixed,BWk_cold_desert,positive,11,0,dry_marginal,1.2582573136206354,-4.027209814407046,6.983328090594527
warm_season,strict,fixed,BWk_cold_desert,positive,11,0,hot_marginal,10.097514941805597,4.3095312991506765,16.421044353570306
warm_season,strict,fixed,BWk_cold_desert,positive,11,0,excess_joint,-0.12582573136206204,-4.372444164831707,4.59263919471532
warm_season,strict,fixed,BWk_cold_desert,zero,2,2,joint_change,0.0,0.0,0.0
warm_season,strict,fixed,BWk_cold_desert,zero,2,2,dry_marginal,0.0,0.0,0.0
warm_season,strict,fixed,BWk_cold_desert,zero,2,2,hot_marginal,0.0,0.0,0.0
warm_season,strict,fixed,BWk_cold_desert,zero,2,2,excess_joint,0.0,0.0,0.0
warm_season,strict,fixed,BSh_hot_steppe,all,8,5,joint_change,5.882352941176471,0.7352941176470592,10.294117647058822
warm_season,strict,fixed,BSh_hot_steppe,all,8,5,dry_marginal,1.081314878892734,-2.2923875432525955,3.9154411764705923
warm_season,strict,fixed,BSh_hot_steppe,all,8,5,hot_marginal,5.060553633217992,2.984429065743945,7.137759515570938
warm_season,strict,fixed,BSh_hot_steppe,all,8,5,excess_joint,-0.2595155709342557,-2.205882352941176,2.032871972318339
warm_season,strict,fixed,BSh_hot_steppe,positive,3,0,joint_change,15.686274509803923,1.9607843137254912,27.45098039215686
warm_season,strict,fixed,BSh_hot_steppe,positive,3,0,dry_marginal,2.8835063437139574,-6.113033448673588,10.441176470588246
warm_season,strict,fixed,BSh_hot_steppe,positive,3,0,hot_marginal,13.494809688581313,7.95847750865052,19.034025374855837
warm_season,strict,fixed,BSh_hot_steppe,positive,3,0,excess_joint,-0.6920415224913485,-5.88235294117647,5.420991926182237
warm_season,strict,fixed,BSh_hot_steppe,zero,5,5,joint_change,0.0,0.0,0.0
warm_season,strict,fixed,BSh_hot_steppe,zero,5,5,dry_marginal,0.0,0.0,0.0
warm_season,strict,fixed,BSh_hot_steppe,zero,5,5,hot_marginal,0.0,0.0,0.0
warm_season,strict,fixed,BSh_hot_steppe,zero,5,5,excess_joint,0.0,0.0,0.0
warm_season,strict,fixed,BSk_cold_steppe,all,33,3,joint_change,16.221033868092693,6.06060606060606,26.559714795008905
warm_season,strict,fixed,BSk_cold_steppe,all,33,3,dry_marginal,2.7786515675789047,-2.406679249239802,8.641606375170394
warm_season,strict,fixed,BSk_cold_steppe,all,33,3,hot_marginal,12.45674740484429,7.228688266750549,18.208818286672958
warm_season,strict,fixed,BSk_cold_steppe,all,33,3,excess_joint,0.9856348956694976,-2.443640557827408,4.026947677466712
warm_season,strict,fixed,BSk_cold_steppe,positive,30,0,joint_change,17.843137254901965,6.666666666666666,29.215686274509792
warm_season,strict,fixed,BSk_cold_steppe,positive,30,0,dry_marginal,3.056516724336795,-2.647347174163783,9.505767012687434
warm_season,strict,fixed,BSk_cold_steppe,positive,30,0,hot_marginal,13.702422145328718,7.9515570934256035,20.029700115340255
warm_season,strict,fixed,BSk_cold_steppe,positive,30,0,excess_joint,1.0841983852364474,-2.6880046136101488,4.429642445213383
warm_season,strict,fixed,BSk_cold_steppe,zero,3,3,joint_change,0.0,0.0,0.0
warm_season,strict,fixed,BSk_cold_steppe,zero,3,3,dry_marginal,0.0,0.0,0.0
warm_season,strict,fixed,BSk_cold_steppe,zero,3,3,hot_marginal,0.0,0.0,0.0
warm_season,strict,fixed,BSk_cold_steppe,zero,3,3,excess_joint,0.0,0.0,0.0
warm_season,strict,fixed,C_temperate,all,15,1,joint_change,20.78431372549019,11.764705882352938,29.411764705882344
warm_season,strict,fixed,C_temperate,all,15,1,dry_marginal,6.320645905420991,-1.7543252595155707,14.037485582468284
warm_season,strict,fixed,C_temperate,all,15,1,hot_marginal,14.74048442906574,8.511534025374855,21.246828143021922
warm_season,strict,fixed,C_temperate,all,15,1,excess_joint,-0.2768166089965387,-3.8292964244521333,3.298731257208767
warm_season,strict,fixed,C_temperate,positive,14,0,joint_change,22.268907563025206,12.60504201680672,31.512605042016798
warm_season,strict,fixed,C_temperate,positive,14,0,dry_marginal,6.7721206129510625,-1.8796342066238256,15.04016312407316
warm_season,strict,fixed,C_temperate,positive,14,0,hot_marginal,15.793376173999008,9.11950074147306,22.764458724666344
warm_season,strict,fixed,C_temperate,positive,14,0,excess_joint,-0.2965892239248629,-4.102817597627285,3.534354918437965
warm_season,strict,fixed,C_temperate,zero,1,1,joint_change,0.0,0.0,0.0
warm_season,strict,fixed,C_temperate,zero,1,1,dry_marginal,0.0,0.0,0.0
warm_season,strict,fixed,C_temperate,zero,1,1,hot_marginal,0.0,0.0,0.0
warm_season,strict,fixed,C_temperate,zero,1,1,excess_joint,0.0,0.0,0.0
warm_season,strict,fixed,Dsa_cold_dry_summer,all,8,0,joint_change,21.323529411764703,5.882352941176469,36.76470588235294
warm_season,strict,fixed,Dsa_cold_dry_summer,all,8,0,dry_marginal,4.95242214532872,-6.2078287197231825,14.96539792387543
warm_season,strict,fixed,Dsa_cold_dry_summer,all,8,0,hot_marginal,17.063148788927332,9.838884083044983,24.568555363321803
warm_season,strict,fixed,Dsa_cold_dry_summer,all,8,0,excess_joint,-0.6920415224913491,-5.322231833910035,4.803200692041531
warm_season,strict,fixed,Dsa_cold_dry_summer,positive,8,0,joint_change,21.323529411764703,5.882352941176469,36.76470588235294
warm_season,strict,fixed,Dsa_cold_dry_summer,positive,8,0,dry_marginal,4.95242214532872,-6.2078287197231825,14.96539792387543
warm_season,strict,fixed,Dsa_cold_dry_summer,positive,8,0,hot_marginal,17.063148788927332,9.838884083044983,24.568555363321803
warm_season,strict,fixed,Dsa_cold_dry_summer,positive,8,0,excess_joint,-0.6920415224913491,-5.322231833910035,4.803200692041531
warm_season,dry_inclusive_only,fixed,All,all,103,28,joint_change,19.645916619074818,9.822958309537405,29.925756710451164
warm_season,dry_inclusive_only,fixed,All,all,103,28,dry_marginal,0.3073873752813517,-5.71119024423019,6.577921859777606
warm_season,dry_inclusive_only,fixed,All,all,103,28,hot_marginal,19.167198575603855,12.489165854805657,26.423724258406953
warm_season,dry_inclusive_only,fixed,All,all,103,28,excess_joint,0.171330668189607,-2.694762656633182,3.1244330970537857
warm_season,dry_inclusive_only,fixed,All,positive,75,0,joint_change,17.176470588235293,7.137254901960782,27.372549019607856
warm_season,dry_inclusive_only,fixed,All,positive,75,0,dry_marginal,1.1464821222606685,-4.835294117647059,7.216378316032295
warm_season,dry_inclusive_only,fixed,All,positive,75,0,hot_marginal,16.011534025374857,10.20749711649366,22.108419838523634
warm_season,dry_inclusive_only,fixed,All,positive,75,0,excess_joint,0.018454440599769917,-3.022606689734716,3.1423298731257234
warm_season,dry_inclusive_only,fixed,All,zero,28,28,joint_change,26.260504201680668,15.126050420168065,38.23529411764706
warm_season,dry_inclusive_only,fixed,All,zero,28,28,dry_marginal,-1.9401878398418189,-9.003027681660903,5.388655462184875
warm_season,dry_inclusive_only,fixed,All,zero,28,28,hot_marginal,27.61987147800296,17.27508650519031,38.773788927335644
warm_season,dry_inclusive_only,fixed,All,zero,28,28,excess_joint,0.5808205635195273,-2.447478991596638,3.682649530400397
warm_season,dry_inclusive_only,fixed,BWh_hot_desert,all,26,17,joint_change,22.62443438914027,10.63348416289593,36.19909502262443
warm_season,dry_inclusive_only,fixed,BWh_hot_desert,all,26,17,dry_marginal,0.01330849081714096,-6.08896726111259,6.608663827521963
warm_season,dry_inclusive_only,fixed,BWh_hot_desert,all,26,17,hot_marginal,23.449560819803033,14.997671014107002,33.05995475113123
warm_season,dry_inclusive_only,fixed,BWh_hot_desert,all,26,17,excess_joint,-0.8384349214799022,-4.232100079850944,2.342294383816876
warm_season,dry_inclusive_only,fixed,BWh_hot_desert,positive,9,0,joint_change,16.33986928104575,5.2287581699346415,28.10457516339869
warm_season,dry_inclusive_only,fixed,BWh_hot_desert,positive,9,0,dry_marginal,2.5374855824682814,-3.594771241830065,8.920607458669746
warm_season,dry_inclusive_only,fixed,BWh_hot_desert,positive,9,0,hot_marginal,14.186851211072664,8.131487889273357,22.203960015378698
warm_season,dry_inclusive_only,fixed,BWh_hot_desert,positive,9,0,excess_joint,-0.3844675124951938,-5.2672049211841605,4.2675893886966545
warm_season,dry_inclusive_only,fixed,BWh_hot_desert,zero,17,17,joint_change,25.951557093425606,12.45674740484429,40.83044982698962
warm_season,dry_inclusive_only,fixed,BWh_hot_desert,zero,17,17,dry_marginal,-1.3230205577040508,-8.182373295338897,5.89253002238958
warm_season,dry_inclusive_only,fixed,BWh_hot_desert,zero,17,17,hot_marginal,28.353348259719105,17.718298392021172,40.20099735395889
warm_season,dry_inclusive_only,fixed,BWh_hot_desert,zero,17,17,excess_joint,-1.0787706085894542,-4.376144921636472,2.503561978424589
warm_season,dry_inclusive_only,fixed,BWk_cold_desert,all,13,2,joint_change,9.95475113122172,-1.3574660633484164,22.171945701357462
warm_season,dry_inclusive_only,fixed,BWk_cold_desert,all,13,2,dry_marginal,-3.007718924673942,-8.623902049507585,3.154112323662496
warm_season,dry_inclusive_only,fixed,BWk_cold_desert,all,13,2,hot_marginal,11.47191908437583,5.0299441043385675,18.76497205216928
warm_season,dry_inclusive_only,fixed,BWk_cold_desert,all,13,2,excess_joint,1.4905509715198304,-2.8214000532339636,6.095288794250731
warm_season,dry_inclusive_only,fixed,BWk_cold_desert,positive,11,0,joint_change,10.16042780748663,-2.1390374331550803,23.02139037433165
warm_season,dry_inclusive_only,fixed,BWk_cold_desert,positive,11,0,dry_marginal,-2.060396351053791,-7.960836741113557,4.121579112928598
warm_season,dry_inclusive_only,fixed,BWk_cold_desert,positive,11,0,hot_marginal,12.094998427178355,5.424661843346963,19.518716577540104
warm_season,dry_inclusive_only,fixed,BWk_cold_desert,positive,11,0,excess_joint,0.12582573136206462,-4.781377791758414,5.66215791129286
warm_season,dry_inclusive_only,fixed,BWk_cold_desert,zero,2,2,joint_change,8.823529411764705,-2.941176470588235,20.58823529411765
warm_season,dry_inclusive_only,fixed,BWk_cold_desert,zero,2,2,dry_marginal,-8.217993079584776,-16.435986159169552,0.8693771626297737
warm_season,dry_inclusive_only,fixed,BWk_cold_desert,zero,2,2,hot_marginal,8.044982698961938,-0.523356401384084,18.685121107266436
warm_season,dry_inclusive_only,fixed,BWk_cold_desert,zero,2,2,excess_joint,8.996539792387544,1.3754325259515567,15.7439446366782
warm_season,dry_inclusive_only,fixed,BSh_hot_steppe,all,8,5,joint_change,32.352941176470594,17.64705882352941,46.3235294117647
warm_season,dry_inclusive_only,fixed,BSh_hot_steppe,all,8,5,dry_marginal,-0.6055363321799296,-7.807093425605536,7.224264705882358
warm_season,dry_inclusive_only,fixed,BSh_hot_steppe,all,8,5,hot_marginal,31.185121107266433,18.05795847750865,44.59558823529412
warm_season,dry_inclusive_only,fixed,BSh_hot_steppe,all,8,5,excess_joint,1.7733564013840848,-4.325259515570931,8.088235294117649
warm_season,dry_inclusive_only,fixed,BSh_hot_steppe,positive,3,0,joint_change,15.686274509803921,-1.9607843137254901,31.372549019607842
warm_season,dry_inclusive_only,fixed,BSh_hot_steppe,positive,3,0,dry_marginal,0.7497116493656293,-10.957324106113035,10.55363321799308
warm_season,dry_inclusive_only,fixed,BSh_hot_steppe,positive,3,0,hot_marginal,17.243367935409456,9.746251441753172,24.509803921568622
warm_season,dry_inclusive_only,fixed,BSh_hot_steppe,positive,3,0,excess_joint,-2.306805074971165,-7.381776239907727,4.1522491349480966
warm_season,dry_inclusive_only,fixed,BSh_hot_steppe,zero,5,5,joint_change,42.35294117647059,22.352941176470587,61.17647058823529
warm_season,dry_inclusive_only,fixed,BSh_hot_steppe,zero,5,5,dry_marginal,-1.418685121107265,-11.316608996539793,9.863321799307966
warm_season,dry_inclusive_only,fixed,BSh_hot_steppe,zero,5,5,hot_marginal,39.55017301038062,19.515570934256054,59.58650519031142
warm_season,dry_inclusive_only,fixed,BSh_hot_steppe,zero,5,5,excess_joint,4.221453287197234,-3.806228373702421,11.629757785467147
warm_season,dry_inclusive_only,fixed,BSk_cold_steppe,all,33,3,joint_change,16.75579322638146,6.4171122994652405,27.62923351158644
warm_season,dry_inclusive_only,fixed,BSk_cold_steppe,all,33,3,dry_marginal,-0.08388382090804225,-5.945265806857503,6.018926287092378
warm_season,dry_inclusive_only,fixed,BSk_cold_steppe,all,33,3,hot_marginal,16.21054839047919,10.584565376952918,22.396980182447308
warm_season,dry_inclusive_only,fixed,BSk_cold_steppe,all,33,3,excess_joint,0.6291286568103179,-2.998846597462514,4.058404110307227
warm_season,dry_inclusive_only,fixed,BSk_cold_steppe,positive,30,0,joint_change,16.862745098039213,5.490196078431372,28.627450980392148
warm_season,dry_inclusive_only,fixed,BSk_cold_steppe,positive,30,0,dry_marginal,0.18454440599769348,-5.732410611303342,6.724913494809691
warm_season,dry_inclusive_only,fixed,BSk_cold_steppe,positive,30,0,hot_marginal,15.824682814302195,9.532006920415226,22.66464821222607
warm_season,dry_inclusive_only,fixed,BSk_cold_steppe,positive,30,0,excess_joint,0.8535178777393314,-3.0686274509803924,4.314302191464824
warm_season,dry_inclusive_only,fixed,BSk_cold_steppe,zero,3,3,joint_change,15.686274509803917,0.0,31.372549019607845
warm_season,dry_inclusive_only,fixed,BSk_cold_steppe,zero,3,3,dry_marginal,-2.768166089965399,-15.859284890426757,8.823529411764705
warm_season,dry_inclusive_only,fixed,BSk_cold_steppe,zero,3,3,hot_marginal,20.06920415224913,13.956170703575546,26.239907727797
warm_season,dry_inclusive_only,fixed,BSk_cold_steppe,zero,3,3,excess_joint,-1.6147635524798156,-7.266435986159167,4.036908881199539
warm_season,dry_inclusive_only,fixed,C_temperate,all,15,1,joint_change,22.35294117647059,10.588235294117647,32.96078431372557
warm_season,dry_inclusive_only,fixed,C_temperate,all,15,1,dry_marginal,4.452133794694348,-5.399653979238755,14.349480968858138
warm_season,dry_inclusive_only,fixed,C_temperate,all,15,1,hot_marginal,18.569780853517877,10.472318339100346,27.070357554786618
warm_season,dry_inclusive_only,fixed,C_temperate,all,15,1,excess_joint,-0.668973471741637,-5.859284890426758,4.244521337946944
warm_season,dry_inclusive_only,fixed,C_temperate,positive,14,0,joint_change,22.6890756302521,10.924369747899162,33.19327731092437
warm_season,dry_inclusive_only,fixed,C_temperate,positive,14,0,dry_marginal,4.77014335145823,-4.795477014335146,14.323405832921408
warm_season,dry_inclusive_only,fixed,C_temperate,positive,14,0,hot_marginal,18.66040533860603,10.627162629757784,26.903732081067716
warm_season,dry_inclusive_only,fixed,C_temperate,positive,14,0,excess_joint,-0.7414730598121594,-5.512852199703411,3.979238754325262
warm_season,dry_inclusive_only,fixed,C_temperate,zero,1,1,joint_change,17.64705882352941,-5.88235294117647,41.17647058823529
warm_season,dry_inclusive_only,fixed,C_temperate,zero,1,1,dry_marginal,0.0,-17.301038062283737,17.64705882352941
warm_season,dry_inclusive_only,fixed,C_temperate,zero,1,1,hot_marginal,17.301038062283737,5.190311418685123,33.73702422145328
warm_season,dry_inclusive_only,fixed,C_temperate,zero,1,1,excess_joint,0.3460207612456759,-12.802768166089965,11.089965397923944
warm_season,dry_inclusive_only,fixed,Dsa_cold_dry_summer,all,8,0,joint_change,19.852941176470583,3.6764705882352935,36.02941176470588
warm_season,dry_inclusive_only,fixed,Dsa_cold_dry_summer,all,8,0,dry_marginal,1.4057093425605534,-8.932742214532869,10.857482698961944
warm_season,dry_inclusive_only,fixed,Dsa_cold_dry_summer,all,8,0,hot_marginal,19.052768166089965,11.353806228373701,26.8598615916955
warm_season,dry_inclusive_only,fixed,Dsa_cold_dry_summer,all,8,0,excess_joint,-0.6055363321799301,-5.71150519031142,5.147058823529411
warm_season,dry_inclusive_only,fixed,Dsa_cold_dry_summer,positive,8,0,joint_change,19.852941176470583,3.6764705882352935,36.02941176470588
warm_season,dry_inclusive_only,fixed,Dsa_cold_dry_summer,positive,8,0,dry_marginal,1.4057093425605534,-8.932742214532869,10.857482698961944
warm_season,dry_inclusive_only,fixed,Dsa_cold_dry_summer,positive,8,0,hot_marginal,19.052768166089965,11.353806228373701,26.8598615916955
warm_season,dry_inclusive_only,fixed,Dsa_cold_dry_summer,positive,8,0,excess_joint,-0.6055363321799301,-5.71150519031142,5.147058823529411
warm_season,both_inclusive,fixed,All,all,103,28,joint_change,17.361507709880073,6.739006282124498,28.55796687607083
warm_season,both_inclusive,fixed,All,all,103,28,dry_marginal,0.3174656498807403,-6.127171028319952,6.970890583532097
warm_season,both_inclusive,fixed,All,all,103,28,hot_marginal,16.939899889138974,10.071135821547347,24.62634796922767
warm_season,both_inclusive,fixed,All,all,103,28,excess_joint,0.10414217086034971,-2.734571841300768,3.1578593744750916
warm_season,both_inclusive,fixed,All,positive,75,0,joint_change,15.294117647058814,4.862745098039216,26.03921568627451
warm_season,both_inclusive,fixed,All,positive,75,0,dry_marginal,1.2087658592848902,-5.093656286043829,7.684313725490197
warm_season,both_inclusive,fixed,All,positive,75,0,hot_marginal,14.140715109573245,8.190888119953863,20.77335640138408
warm_season,both_inclusive,fixed,All,positive,75,0,excess_joint,-0.05536332179930725,-3.0867358708189148,3.110265282583624
warm_season,both_inclusive,fixed,All,zero,28,28,joint_change,22.89915966386554,10.294117647058824,36.344537815126046
warm_season,both_inclusive,fixed,All,zero,28,28,dry_marginal,-2.0699456253089474,-9.745736529906079,5.666707859614435
warm_season,both_inclusive,fixed,All,zero,28,28,hot_marginal,24.43771626297578,14.364495798319332,35.565991102323274
warm_season,both_inclusive,fixed,All,zero,28,28,excess_joint,0.5313890261987166,-2.6693030153237767,3.9798566485417757
warm_season,both_inclusive,fixed,BWh_hot_desert,all,26,17,joint_change,19.683257918552037,6.78733031674208,33.93665158371039
warm_season,both_inclusive,fixed,BWh_hot_desert,all,26,17,dry_marginal,0.019962736225711507,-6.534468991216396,6.934389140271496
warm_season,both_inclusive,fixed,BWh_hot_desert,all,26,17,hot_marginal,20.51503859462337,11.917753526750069,30.337037529944105
warm_season,both_inclusive,fixed,BWh_hot_desert,all,26,17,excess_joint,-0.8517434122970436,-3.9399787064146916,2.209874900186321
warm_season,both_inclusive,fixed,BWh_hot_desert,positive,9,0,joint_change,15.032679738562088,3.9215686274509816,26.79738562091503
warm_season,both_inclusive,fixed,BWh_hot_desert,positive,9,0,dry_marginal,2.7104959630911183,-3.787004998077661,9.515570934256054
warm_season,both_inclusive,fixed,BWh_hot_desert,positive,9,0,hot_marginal,12.091503267973856,5.939061899269512,20.20569011918494
warm_season,both_inclusive,fixed,BWh_hot_desert,positive,9,0,excess_joint,0.23068050749711697,-4.3444828911956925,4.728950403690889
warm_season,both_inclusive,fixed,BWh_hot_desert,zero,17,17,joint_change,22.14532871972319,7.26643598615917,38.062283737024224
warm_season,both_inclusive,fixed,BWh_hot_desert,zero,17,17,dry_marginal,-1.4044372074089155,-8.824547119886017,6.137797679625487
warm_season,both_inclusive,fixed,BWh_hot_desert,zero,17,17,hot_marginal,24.974557296967227,14.440260533279053,36.741807449623465
warm_season,both_inclusive,fixed,BWh_hot_desert,zero,17,17,excess_joint,-1.4247913698351289,-4.579686545898634,2.238957866883778
warm_season,both_inclusive,fixed,BWk_cold_desert,all,13,2,joint_change,7.692307692307693,-4.524886877828053,20.361990950226243
warm_season,both_inclusive,fixed,BWk_cold_desert,all,13,2,dry_marginal,-3.233963268565345,-9.422411498536066,3.514107000266171
warm_season,both_inclusive,fixed,BWk_cold_desert,all,13,2,hot_marginal,9.701889805696034,3.020361990950226,17.288394996007455
warm_season,both_inclusive,fixed,BWk_cold_desert,all,13,2,excess_joint,1.224381155177004,-2.9544849614053765,5.696034069736492
warm_season,both_inclusive,fixed,BWk_cold_desert,positive,11,0,joint_change,8.021390374331553,-4.81283422459893,21.390374331550802
warm_season,both_inclusive,fixed,BWk_cold_desert,positive,11,0,dry_marginal,-2.201950298836113,-8.619062598301353,4.561182761874803
warm_season,both_inclusive,fixed,BWk_cold_desert,positive,11,0,hot_marginal,10.380622837370241,3.5545769109782954,18.136206354199437
warm_season,both_inclusive,fixed,BWk_cold_desert,positive,11,0,excess_joint,-0.1572821642025782,-4.781377791758415,5.127398553004091
warm_season,both_inclusive,fixed,BWk_cold_desert,zero,2,2,joint_change,5.88235294117647,-5.882352941176471,20.588235294117645
warm_season,both_inclusive,fixed,BWk_cold_desert,zero,2,2,dry_marginal,-8.910034602076127,-18.166089965397923,0.8650519031141862
warm_season,both_inclusive,fixed,BWk_cold_desert,zero,2,2,hot_marginal,5.96885813148789,-3.4602076124567467,17.13235294117649
warm_season,both_inclusive,fixed,BWk_cold_desert,zero,2,2,excess_joint,8.823529411764707,1.3840830449826989,15.406574394463702
warm_season,both_inclusive,fixed,BSh_hot_steppe,all,8,5,joint_change,29.411764705882355,13.970588235294116,44.85294117647058
warm_season,both_inclusive,fixed,BSh_hot_steppe,all,8,5,dry_marginal,-0.6487889273356395,-8.154195501730104,7.8935986159169556
warm_season,both_inclusive,fixed,BSh_hot_steppe,all,8,5,hot_marginal,27.897923875432525,13.708910034602075,42.43295847750865
warm_season,both_inclusive,fixed,BSh_hot_steppe,all,8,5,excess_joint,2.1626297577854694,-4.325259515570934,8.693771626297579
warm_season,both_inclusive,fixed,BSh_hot_steppe,positive,3,0,joint_change,13.72549019607843,-3.9215686274509802,29.411764705882348
warm_season,both_inclusive,fixed,BSh_hot_steppe,positive,3,0,dry_marginal,0.7497116493656296,-11.534025374855824,11.075547866205316
warm_season,both_inclusive,fixed,BSh_hot_steppe,positive,3,0,hot_marginal,15.282583621683964,7.497116493656286,22.549019607843135
warm_season,both_inclusive,fixed,BSh_hot_steppe,positive,3,0,excess_joint,-2.3068050749711646,-7.497116493656288,4.613610149942333
warm_season,both_inclusive,fixed,BSh_hot_steppe,zero,5,5,joint_change,38.8235294117647,17.647058823529413,58.82352941176471
warm_season,both_inclusive,fixed,BSh_hot_steppe,zero,5,5,dry_marginal,-1.487889273356401,-11.801038062283737,10.65743944636678
warm_season,both_inclusive,fixed,BSh_hot_steppe,zero,5,5,hot_marginal,35.46712802768165,14.600346020761247,56.92214532871973
warm_season,both_inclusive,fixed,BSh_hot_steppe,zero,5,5,excess_joint,4.8442906574394495,-4.2906574394463615,13.287197231833911
warm_season,both_inclusive,fixed,BSk_cold_steppe,all,33,3,joint_change,14.081996434937606,3.030303030303031,25.66844919786095
warm_season,both_inclusive,fixed,BSk_cold_steppe,all,33,3,dry_marginal,-0.09436929852154763,-6.354723707664883,6.438869665513267
warm_season,both_inclusive,fixed,BSk_cold_steppe,all,33,3,hot_marginal,14.438502673796792,8.613033448673585,21.019450560973056
warm_season,both_inclusive,fixed,BSk_cold_steppe,all,33,3,excess_joint,-0.2621369403376323,-3.964034811785676,3.5336059557512858
warm_season,both_inclusive,fixed,BSk_cold_steppe,positive,30,0,joint_change,14.117647058823525,2.3529411764705874,26.666666666666654
warm_season,both_inclusive,fixed,BSk_cold_steppe,positive,30,0,dry_marginal,0.19031141868512125,-6.1882929642445195,7.2205882352941195
warm_season,both_inclusive,fixed,BSk_cold_steppe,positive,30,0,hot_marginal,14.054209919261824,7.664071510957323,21.304209919261826
warm_season,both_inclusive,fixed,BSk_cold_steppe,positive,30,0,excess_joint,-0.1268742791234139,-4.117647058823528,3.8062283737024223
warm_season,both_inclusive,fixed,BSk_cold_steppe,zero,3,3,joint_change,13.72549019607843,-3.921568627450979,29.41176470588235
warm_season,both_inclusive,fixed,BSk_cold_steppe,zero,3,3,dry_marginal,-2.941176470588237,-16.897347174163784,8.996539792387544
warm_season,both_inclusive,fixed,BSk_cold_steppe,zero,3,3,hot_marginal,18.281430219146483,12.975778546712803,23.414071510957317
warm_season,both_inclusive,fixed,BSk_cold_steppe,zero,3,3,excess_joint,-1.6147635524798156,-6.805074971164935,4.036908881199539
warm_season,both_inclusive,fixed,C_temperate,all,15,1,joint_change,21.176470588235297,9.411764705882351,32.549019607843135
warm_season,both_inclusive,fixed,C_temperate,all,15,1,dry_marginal,4.717416378316032,-5.686274509803921,14.855824682814303
warm_season,both_inclusive,fixed,C_temperate,all,15,1,hot_marginal,16.528258362168394,8.46482122260669,24.891003460207617
warm_season,both_inclusive,fixed,C_temperate,all,15,1,excess_joint,-0.06920415224913383,-5.098039215686272,4.613610149942331
warm_season,both_inclusive,fixed,C_temperate,positive,14,0,joint_change,21.428571428571427,9.663865546218487,32.35294117647059
warm_season,both_inclusive,fixed,C_temperate,positive,14,0,dry_marginal,5.0543746910528915,-4.993821057834899,14.904226396440931
warm_season,both_inclusive,fixed,C_temperate,positive,14,0,hot_marginal,16.596638655462183,8.452174987642113,24.98887790410283
warm_season,both_inclusive,fixed,C_temperate,positive,14,0,excess_joint,-0.22244191794364696,-5.066732575383094,4.3252595155709335
warm_season,both_inclusive,fixed,C_temperate,zero,1,1,joint_change,17.64705882352941,-5.88235294117647,41.17647058823529
warm_season,both_inclusive,fixed,C_temperate,zero,1,1,dry_marginal,0.0,-18.685121107266436,17.673010380622934
warm_season,both_inclusive,fixed,C_temperate,zero,1,1,hot_marginal,15.570934256055361,4.325259515570934,29.411764705882348
warm_season,both_inclusive,fixed,C_temperate,zero,1,1,excess_joint,2.0761245674740496,-11.76470588235294,15.24221453287204
warm_season,both_inclusive,fixed,Dsa_cold_dry_summer,all,8,0,joint_change,19.852941176470583,3.6764705882352935,36.02941176470588
warm_season,both_inclusive,fixed,Dsa_cold_dry_summer,all,8,0,dry_marginal,1.470588235294117,-9.259299307958477,11.89446366782007
warm_season,both_inclusive,fixed,Dsa_cold_dry_summer,all,8,0,hot_marginal,17.214532871972317,9.45069204152249,25.43252595155709
warm_season,both_inclusive,fixed,Dsa_cold_dry_summer,all,8,0,excess_joint,1.1678200692041532,-4.2387543252595155,6.444636678200691
warm_season,both_inclusive,fixed,Dsa_cold_dry_summer,positive,8,0,joint_change,19.852941176470583,3.6764705882352935,36.02941176470588
warm_season,both_inclusive,fixed,Dsa_cold_dry_summer,positive,8,0,dry_marginal,1.470588235294117,-9.259299307958477,11.89446366782007
warm_season,both_inclusive,fixed,Dsa_cold_dry_summer,positive,8,0,hot_marginal,17.214532871972317,9.45069204152249,25.43252595155709
warm_season,both_inclusive,fixed,Dsa_cold_dry_summer,positive,8,0,excess_joint,1.1678200692041532,-4.2387543252595155,6.444636678200691
warm_season,strict,refitted,All,all,103,28,joint_change,12.84980011422045,7.195888063963445,27.18446601941748
warm_season,strict,refitted,All,all,103,28,dry_marginal,2.885745960291598,0.5307051432794708,10.42933449793395
warm_season,strict,refitted,All,all,103,28,hot_marginal,9.90694393119898,5.791228541673667,16.28892733564014
warm_season,strict,refitted,All,all,103,28,excess_joint,0.05711022272986892,-1.7872140289582412,2.3652030772331787
warm_season,strict,refitted,All,positive,75,0,joint_change,17.647058823529417,9.725490196078427,33.803921568627445
warm_season,strict,refitted,All,positive,75,0,dry_marginal,3.9630911188004614,0.731141868512111,12.900115340253752
warm_season,strict,refitted,All,positive,75,0,hot_marginal,13.60553633217993,7.742560553633217,20.641753171856976
warm_season,strict,refitted,All,positive,75,0,excess_joint,0.07843137254901998,-2.2791234140715106,3.1054209919261853
warm_season,strict,refitted,All,zero,28,28,joint_change,0.0,-0.21008403361344535,11.554621848739496
warm_season,strict,refitted,All,zero,28,28,dry_marginal,0.0,-0.2347998022738507,4.807834898665351
warm_season,strict,refitted,All,zero,28,28,hot_marginal,0.0,0.0,6.562036579337616
warm_season,strict,refitted,All,zero,28,28,excess_joint,0.0,-1.2357884330202669,0.7785467128027682
warm_season,strict,refitted,BWh_hot_desert,all,26,17,joint_change,5.203619909502262,2.7149321266968323,14.027149321266968
warm_season,strict,refitted,BWh_hot_desert,all,26,17,dry_marginal,1.869842959808358,-0.02661698163428262,5.792520628160778
warm_season,strict,refitted,BWh_hot_desert,all,26,17,hot_marginal,3.8528080915624163,2.422145328719724,8.450891668884749
warm_season,strict,refitted,BWh_hot_desert,all,26,17,excess_joint,-0.5190311418685123,-1.9164226776683522,1.384083044982699
warm_season,strict,refitted,BWh_hot_desert,positive,9,0,joint_change,15.03267973856209,7.189542483660132,27.450980392156865
warm_season,strict,refitted,BWh_hot_desert,positive,9,0,dry_marginal,5.401768550557478,-0.03844675124951894,11.746443675509425
warm_season,strict,refitted,BWh_hot_desert,positive,9,0,hot_marginal,11.130334486735869,6.247597078046905,17.301038062283734
warm_season,strict,refitted,BWh_hot_desert,positive,9,0,excess_joint,-1.4994232987312577,-4.5751633986928075,4.306036139946174
warm_season,strict,refitted,BWh_hot_desert,zero,17,17,joint_change,0.0,-0.6920415224913494,9.342560553633218
warm_season,strict,refitted,BWh_hot_desert,zero,17,17,dry_marginal,0.0,-0.34602076124567466,3.86729086098107
warm_season,strict,refitted,BWh_hot_desert,zero,17,17,hot_marginal,0.0,0.0,5.33329940972929
warm_season,strict,refitted,BWh_hot_desert,zero,17,17,excess_joint,0.0,-1.791166293507022,0.8548748219010793
warm_season,strict,refitted,BWk_cold_desert,all,13,2,joint_change,9.502262443438914,2.692307692307693,23.52941176470588
warm_season,strict,refitted,BWk_cold_desert,all,13,2,dry_marginal,1.0646792653713069,-2.1825924940111787,8.025685387277086
warm_season,strict,refitted,BWk_cold_desert,all,13,2,hot_marginal,8.544051104604735,4.072398190045248,14.57279744476976
warm_season,strict,refitted,BWk_cold_desert,all,13,2,excess_joint,-0.10646792653712941,-2.476710141070003,4.338568006388076
warm_season,strict,refitted,BWk_cold_desert,positive,11,0,joint_change,11.229946524064172,2.6737967914438503,27.807486631016037
warm_season,strict,refitted,BWk_cold_desert,positive,11,0,dry_marginal,1.2582573136206354,-2.5479710600817866,9.4691726958163
warm_season,strict,refitted,BWk_cold_desert,positive,11,0,hot_marginal,10.097514941805597,4.781377791758414,16.986473733878572
warm_season,strict,refitted,BWk_cold_desert,positive,11,0,excess_joint,-0.12582573136206204,-2.989933941491035,4.938659955960993
warm_season,strict,refitted,BWk_cold_desert,zero,2,2,joint_change,0.0,0.0,11.76470588235294
warm_season,strict,refitted,BWk_cold_desert,zero,2,2,dry_marginal,0.0,-2.4221453287197234,1.9031141868512114
warm_season,strict,refitted,BWk_cold_desert,zero,2,2,hot_marginal,0.0,0.0,5.4498269896193765
warm_season,strict,refitted,BWk_cold_desert,zero,2,2,excess_joint,0.0,0.0,5.363321799307959
warm_season,strict,refitted,BSh_hot_steppe,all,8,5,joint_change,5.882352941176471,2.2058823529411766,16.91176470588235
warm_season,strict,refitted,BSh_hot_steppe,all,8,5,dry_marginal,1.081314878892734,-0.4552335640138407,7.742214532871971
warm_season,strict,refitted,BSh_hot_steppe,all,8,5,hot_marginal,5.060553633217992,2.508650519031142,10.339532871972326
warm_season,strict,refitted,BSh_hot_steppe,all,8,5,excess_joint,-0.2595155709342557,-2.7703287197231834,2.2923875432525955
warm_season,strict,refitted,BSh_hot_steppe,positive,3,0,joint_change,15.686274509803923,5.882352941176471,39.2156862745098
warm_season,strict,refitted,BSh_hot_steppe,positive,3,0,dry_marginal,2.8835063437139574,-1.2687427912341405,17.4769319492503
warm_season,strict,refitted,BSh_hot_steppe,positive,3,0,hot_marginal,13.494809688581313,6.6897347174163775,23.35928489042677
warm_season,strict,refitted,BSh_hot_steppe,positive,3,0,excess_joint,-0.6920415224913485,-6.695501730103807,5.997693194925031
warm_season,strict,refitted,BSh_hot_steppe,zero,5,5,joint_change,0.0,0.0,8.235294117647058
warm_season,strict,refitted,BSh_hot_steppe,zero,5,5,dry_marginal,0.0,0.0,4.162629757785506
warm_season,strict,refitted,BSh_hot_steppe,zero,5,5,hot_marginal,0.0,0.0,4.982698961937716
warm_season,strict,refitted,BSh_hot_steppe,zero,5,5,excess_joint,0.0,-1.6608996539792382,0.0
warm_season,strict,refitted,BSk_cold_steppe,all,33,3,joint_change,16.221033868092693,7.1301247771836005,34.22459893048128
warm_season,strict,refitted,BSk_cold_steppe,all,33,3,dry_marginal,2.7786515675789047,-0.6291286568103177,12.90762294222502
warm_season,strict,refitted,BSk_cold_steppe,all,33,3,hot_marginal,12.45674740484429,7.3028730208661,20.95548914753067
warm_season,strict,refitted,BSk_cold_steppe,all,33,3,excess_joint,0.9856348956694976,-3.5451399811261397,3.827723602810112
warm_season,strict,refitted,BSk_cold_steppe,positive,30,0,joint_change,17.843137254901965,7.6470588235294095,34.50980392156862
warm_season,strict,refitted,BSk_cold_steppe,positive,30,0,dry_marginal,3.056516724336795,-0.7502883506343714,12.970011534025373
warm_season,strict,refitted,BSk_cold_steppe,positive,30,0,hot_marginal,13.702422145328718,7.7909457900807375,21.587081891580162
warm_season,strict,refitted,BSk_cold_steppe,positive,30,0,excess_joint,1.0841983852364474,-3.9446366782006907,4.325259515570935
warm_season,strict,refitted,BSk_cold_steppe,zero,3,3,joint_change,0.0,0.0,39.21568627450981
warm_season,strict,refitted,BSk_cold_steppe,zero,3,3,dry_marginal,0.0,-1.2110726643598613,17.762399077277966
warm_season,strict,refitted,BSk_cold_steppe,zero,3,3,hot_marginal,0.0,0.0,24.04844290657439
warm_season,strict,refitted,BSk_cold_steppe,zero,3,3,excess_joint,0.0,-4.728950403690888,2.9988465974625136
warm_season,strict,refitted,C_temperate,all,15,1,joint_change,20.78431372549019,6.2745098039215685,44.70588235294119
warm_season,strict,refitted,C_temperate,all,15,1,dry_marginal,6.320645905420991,0.8754325259515572,19.63148788927336
warm_season,strict,refitted,C_temperate,all,15,1,hot_marginal,14.74048442906574,5.7324106113033455,25.86043829296425
warm_season,strict,refitted,C_temperate,all,15,1,excess_joint,-0.2768166089965387,-4.590542099192619,4.9365628604382925
warm_season,strict,refitted,C_temperate,positive,14,0,joint_change,22.268907563025206,6.722689075630251,44.95798319327731
warm_season,strict,refitted,C_temperate,positive,14,0,dry_marginal,6.7721206129510625,0.9379634206623827,19.797330696984677
warm_season,strict,refitted,C_temperate,positive,14,0,hot_marginal,15.793376173999008,6.141868512110727,25.964532871972324
warm_season,strict,refitted,C_temperate,positive,14,0,excess_joint,-0.2965892239248629,-4.746663371230845,4.845526445872472
warm_season,strict,refitted,C_temperate,zero,1,1,joint_change,0.0,0.0,52.94117647058824
warm_season,strict,refitted,C_temperate,zero,1,1,dry_marginal,0.0,-2.422145328719723,20.761245674740486
warm_season,strict,refitted,C_temperate,zero,1,1,hot_marginal,0.0,0.0,28.572664359861687
warm_season,strict,refitted,C_temperate,zero,1,1,excess_joint,0.0,-10.034602076124571,11.764705882352942
warm_season,strict,refitted,Dsa_cold_dry_summer,all,8,0,joint_change,21.323529411764703,10.294117647058822,45.588235294117645
warm_season,strict,refitted,Dsa_cold_dry_summer,all,8,0,dry_marginal,4.95242214532872,-0.6055363321799301,18.620242214532873
warm_season,strict,refitted,Dsa_cold_dry_summer,all,8,0,hot_marginal,17.063148788927332,8.347750865051902,26.708477508650514
warm_season,strict,refitted,Dsa_cold_dry_summer,all,8,0,excess_joint,-0.6920415224913491,-4.065743944636678,5.666089965397923
warm_season,strict,refitted,Dsa_cold_dry_summer,positive,8,0,joint_change,21.323529411764703,10.294117647058822,45.588235294117645
warm_season,strict,refitted,Dsa_cold_dry_summer,positive,8,0,dry_marginal,4.95242214532872,-0.6055363321799301,18.620242214532873
warm_season,strict,refitted,Dsa_cold_dry_summer,positive,8,0,hot_marginal,17.063148788927332,8.347750865051902,26.708477508650514
warm_season,strict,refitted,Dsa_cold_dry_summer,positive,8,0,excess_joint,-0.6920415224913491,-4.065743944636678,5.666089965397923
warm_season,dry_inclusive_only,refitted,All,all,103,28,joint_change,19.645916619074818,11.25071387778412,34.32609937178757
warm_season,dry_inclusive_only,refitted,All,all,103,28,dry_marginal,0.3073873752813517,-5.5876473947660115,6.442117109550849
warm_season,dry_inclusive_only,refitted,All,all,103,28,hot_marginal,19.167198575603855,14.79037188833271,28.52999966405752
warm_season,dry_inclusive_only,refitted,All,all,103,28,excess_joint,0.171330668189607,-2.6877078644136128,2.9164846978197376
warm_season,dry_inclusive_only,refitted,All,positive,75,0,joint_change,17.176470588235293,7.84313725490196,32.470588235294116
warm_season,dry_inclusive_only,refitted,All,positive,75,0,dry_marginal,1.1464821222606685,-4.733794694348328,7.215801614763552
warm_season,dry_inclusive_only,refitted,All,positive,75,0,hot_marginal,16.011534025374857,11.641407151095732,25.79331026528259
warm_season,dry_inclusive_only,refitted,All,positive,75,0,excess_joint,0.018454440599769917,-3.2525951557093404,3.1423298731257243
warm_season,dry_inclusive_only,refitted,All,zero,28,28,joint_change,26.260504201680668,18.697478991596636,41.38655462184874
warm_season,dry_inclusive_only,refitted,All,zero,28,28,dry_marginal,-1.9401878398418189,-9.18468858131488,5.221515076618885
warm_season,dry_inclusive_only,refitted,All,zero,28,28,hot_marginal,27.61987147800296,21.94729362333168,39.30517795353436
warm_season,dry_inclusive_only,refitted,All,zero,28,28,excess_joint,0.5808205635195273,-2.4468610973801264,3.583786455758774
warm_season,dry_inclusive_only,refitted,BWh_hot_desert,all,26,17,joint_change,22.62443438914027,15.158371040723981,36.425339366515836
warm_season,dry_inclusive_only,refitted,BWh_hot_desert,all,26,17,dry_marginal,0.01330849081714096,-6.536132552568538,5.703021027415493
warm_season,dry_inclusive_only,refitted,BWh_hot_desert,all,26,17,hot_marginal,23.449560819803033,18.418285866382753,34.07672344956082
warm_season,dry_inclusive_only,refitted,BWh_hot_desert,all,26,17,excess_joint,-0.8384349214799022,-3.208011711471919,1.929731168485495
warm_season,dry_inclusive_only,refitted,BWh_hot_desert,positive,9,0,joint_change,16.33986928104575,7.843137254901961,26.797385620915033
warm_season,dry_inclusive_only,refitted,BWh_hot_desert,positive,9,0,dry_marginal,2.5374855824682814,-4.786620530565167,7.594194540561327
warm_season,dry_inclusive_only,refitted,BWh_hot_desert,positive,9,0,hot_marginal,14.186851211072664,9.823144944252212,23.510188389081122
warm_season,dry_inclusive_only,refitted,BWh_hot_desert,positive,9,0,excess_joint,-0.3844675124951938,-4.844290657439445,4.730872741253372
warm_season,dry_inclusive_only,refitted,BWh_hot_desert,zero,17,17,joint_change,25.951557093425606,17.301038062283737,42.560553633217985
warm_season,dry_inclusive_only,refitted,BWh_hot_desert,zero,17,17,dry_marginal,-1.3230205577040508,-8.276002442499493,5.53938530429474
warm_season,dry_inclusive_only,refitted,BWh_hot_desert,zero,17,17,hot_marginal,28.353348259719105,21.543354365967843,41.55353144718095
warm_season,dry_inclusive_only,refitted,BWh_hot_desert,zero,17,17,excess_joint,-1.0787706085894542,-3.9894158355383658,2.4424994911459423
warm_season,dry_inclusive_only,refitted,BWk_cold_desert,all,13,2,joint_change,9.95475113122172,-0.4524886877828053,24.43438914027149
warm_season,dry_inclusive_only,refitted,BWk_cold_desert,all,13,2,dry_marginal,-3.007718924673942,-8.704418418951292,2.7282406175139737
warm_season,dry_inclusive_only,refitted,BWk_cold_desert,all,13,2,hot_marginal,11.47191908437583,6.760047910566941,20.548975246207082
warm_season,dry_inclusive_only,refitted,BWk_cold_desert,all,13,2,excess_joint,1.4905509715198304,-3.2486026084642,5.855735959542187
warm_season,dry_inclusive_only,refitted,BWk_cold_desert,positive,11,0,joint_change,10.16042780748663,-0.026737967914437954,25.668449197860966
warm_season,dry_inclusive_only,refitted,BWk_cold_desert,positive,11,0,dry_marginal,-2.060396351053791,-7.990720352312049,3.8219565901226797
warm_season,dry_inclusive_only,refitted,BWk_cold_desert,positive,11,0,hot_marginal,12.094998427178355,7.266435986159169,21.56417112299465
warm_season,dry_inclusive_only,refitted,BWk_cold_desert,positive,11,0,excess_joint,0.12582573136206462,-4.372444164831708,5.160427807486637
warm_season,dry_inclusive_only,refitted,BWk_cold_desert,zero,2,2,joint_change,8.823529411764705,-5.88235294117647,23.52941176470588
warm_season,dry_inclusive_only,refitted,BWk_cold_desert,zero,2,2,dry_marginal,-8.217993079584776,-17.301038062283737,0.43252595155709184
warm_season,dry_inclusive_only,refitted,BWk_cold_desert,zero,2,2,hot_marginal,8.044982698961938,1.557093425605537,21.02076124567474
warm_season,dry_inclusive_only,refitted,BWk_cold_desert,zero,2,2,excess_joint,8.996539792387544,-2.9411764705882364,14.022491349481003
warm_season,dry_inclusive_only,refitted,BSh_hot_steppe,all,8,5,joint_change,32.352941176470594,22.794117647058822,50.0
warm_season,dry_inclusive_only,refitted,BSh_hot_steppe,all,8,5,dry_marginal,-0.6055363321799296,-6.7701124567474045,7.136678200692041
warm_season,dry_inclusive_only,refitted,BSh_hot_steppe,all,8,5,hot_marginal,31.185121107266433,23.18230968858131,44.26903114186851
warm_season,dry_inclusive_only,refitted,BSh_hot_steppe,all,8,5,excess_joint,1.7733564013840848,-3.2439446366782008,9.039792387543255
warm_season,dry_inclusive_only,refitted,BSh_hot_steppe,positive,3,0,joint_change,15.686274509803921,1.9607843137254912,39.2156862745098
warm_season,dry_inclusive_only,refitted,BSh_hot_steppe,positive,3,0,dry_marginal,0.7497116493656293,-7.151095732410611,12.860438292964245
warm_season,dry_inclusive_only,refitted,BSh_hot_steppe,positive,3,0,hot_marginal,17.243367935409456,11.476355247981544,29.18396770472896
warm_season,dry_inclusive_only,refitted,BSh_hot_steppe,positive,3,0,excess_joint,-2.306805074971165,-7.95847750865052,5.651672433679356
warm_season,dry_inclusive_only,refitted,BSh_hot_steppe,zero,5,5,joint_change,42.35294117647059,29.411764705882355,60.0
warm_season,dry_inclusive_only,refitted,BSh_hot_steppe,zero,5,5,dry_marginal,-1.418685121107265,-11.90311418685121,7.923875432525952
warm_season,dry_inclusive_only,refitted,BSh_hot_steppe,zero,5,5,hot_marginal,39.55017301038062,27.61072664359861,56.055363321799305
warm_season,dry_inclusive_only,refitted,BSh_hot_steppe,zero,5,5,excess_joint,4.221453287197234,-3.4602076124567476,12.871972318339099
warm_season,dry_inclusive_only,refitted,BSk_cold_steppe,all,33,3,joint_change,16.75579322638146,5.52584670231729,33.16399286987526
warm_season,dry_inclusive_only,refitted,BSk_cold_steppe,all,33,3,dry_marginal,-0.08388382090804225,-5.851420782216631,6.948201740589289
warm_season,dry_inclusive_only,refitted,BSk_cold_steppe,all,33,3,hot_marginal,16.21054839047919,11.824997378630599,26.197965817342972
warm_season,dry_inclusive_only,refitted,BSk_cold_steppe,all,33,3,excess_joint,0.6291286568103179,-5.065009961203733,3.9110831498374754
warm_season,dry_inclusive_only,refitted,BSk_cold_steppe,positive,30,0,joint_change,16.862745098039213,4.705882352941174,33.33333333333333
warm_season,dry_inclusive_only,refitted,BSk_cold_steppe,positive,30,0,dry_marginal,0.18454440599769348,-5.744232987312571,7.256343713956176
warm_season,dry_inclusive_only,refitted,BSk_cold_steppe,positive,30,0,hot_marginal,15.824682814302195,10.63437139561707,26.29267589388697
warm_season,dry_inclusive_only,refitted,BSk_cold_steppe,positive,30,0,excess_joint,0.8535178777393314,-5.260668973471741,4.256632064590545
warm_season,dry_inclusive_only,refitted,BSk_cold_steppe,zero,3,3,joint_change,15.686274509803917,1.9607843137254897,43.13725490196078
warm_season,dry_inclusive_only,refitted,BSk_cold_steppe,zero,3,3,dry_marginal,-2.768166089965399,-14.417531718569782,12.16839677047289
warm_season,dry_inclusive_only,refitted,BSk_cold_steppe,zero,3,3,hot_marginal,20.06920415224913,17.58938869665513,30.683391003460216
warm_season,dry_inclusive_only,refitted,BSk_cold_steppe,zero,3,3,excess_joint,-1.6147635524798156,-7.843137254901957,4.382929642445214
warm_season,dry_inclusive_only,refitted,C_temperate,all,15,1,joint_change,22.35294117647059,10.588235294117647,43.529411764705884
warm_season,dry_inclusive_only,refitted,C_temperate,all,15,1,dry_marginal,4.452133794694348,-5.491349480968857,13.437139561707037
warm_season,dry_inclusive_only,refitted,C_temperate,all,15,1,hot_marginal,18.569780853517877,12.595155709342562,31.097462514417536
warm_season,dry_inclusive_only,refitted,C_temperate,all,15,1,excess_joint,-0.668973471741637,-4.660899653979239,5.236447520184545
warm_season,dry_inclusive_only,refitted,C_temperate,positive,14,0,joint_change,22.6890756302521,10.924369747899162,43.69747899159664
warm_season,dry_inclusive_only,refitted,C_temperate,positive,14,0,dry_marginal,4.77014335145823,-5.04325259515571,13.767301038062284
warm_season,dry_inclusive_only,refitted,C_temperate,positive,14,0,hot_marginal,18.66040533860603,12.839841819080576,31.141868512110726
warm_season,dry_inclusive_only,refitted,C_temperate,positive,14,0,excess_joint,-0.7414730598121594,-4.547701433514582,4.967869500741474
warm_season,dry_inclusive_only,refitted,C_temperate,zero,1,1,joint_change,17.64705882352941,-5.88235294117647,52.94117647058824
warm_season,dry_inclusive_only,refitted,C_temperate,zero,1,1,dry_marginal,0.0,-16.435986159169552,16.435986159169552
warm_season,dry_inclusive_only,refitted,C_temperate,zero,1,1,hot_marginal,17.301038062283737,5.709342560553634,35.98615916955017
warm_season,dry_inclusive_only,refitted,C_temperate,zero,1,1,excess_joint,0.3460207612456759,-13.840830449826989,14.878892733564019
warm_season,dry_inclusive_only,refitted,Dsa_cold_dry_summer,all,8,0,joint_change,19.852941176470583,5.147058823529412,43.382352941176464
warm_season,dry_inclusive_only,refitted,Dsa_cold_dry_summer,all,8,0,dry_marginal,1.4057093425605534,-7.6351643598615935,11.616565743944648
warm_season,dry_inclusive_only,refitted,Dsa_cold_dry_summer,all,8,0,hot_marginal,19.052768166089965,12.521626297577853,31.402465397923873
warm_season,dry_inclusive_only,refitted,Dsa_cold_dry_summer,all,8,0,excess_joint,-0.6055363321799301,-5.19031141868512,5.8391003460207624
warm_season,dry_inclusive_only,refitted,Dsa_cold_dry_summer,positive,8,0,joint_change,19.852941176470583,5.147058823529412,43.382352941176464
warm_season,dry_inclusive_only,refitted,Dsa_cold_dry_summer,positive,8,0,dry_marginal,1.4057093425605534,-7.6351643598615935,11.616565743944648
warm_season,dry_inclusive_only,refitted,Dsa_cold_dry_summer,positive,8,0,hot_marginal,19.052768166089965,12.521626297577853,31.402465397923873
warm_season,dry_inclusive_only,refitted,Dsa_cold_dry_summer,positive,8,0,excess_joint,-0.6055363321799301,-5.19031141868512,5.8391003460207624
warm_season,both_inclusive,refitted,All,all,103,28,joint_change,17.361507709880073,5.539691604797258,30.097087378640772
warm_season,both_inclusive,refitted,All,all,103,28,dry_marginal,0.3174656498807403,-6.450095743608693,7.059915342493366
warm_season,both_inclusive,refitted,All,all,103,28,hot_marginal,16.939899889138974,10.763933214633655,23.992172540061137
warm_season,both_inclusive,refitted,All,all,103,28,excess_joint,0.10414217086034971,-3.252259213222696,3.1078039439647944
warm_season,both_inclusive,refitted,All,positive,75,0,joint_change,15.294117647058814,2.741176470588235,28.549019607843146
warm_season,both_inclusive,refitted,All,positive,75,0,dry_marginal,1.2087658592848902,-5.507035755478661,7.981660899653982
warm_season,both_inclusive,refitted,All,positive,75,0,hot_marginal,14.140715109573245,8.221107266435986,21.46332179930795
warm_season,both_inclusive,refitted,All,positive,75,0,excess_joint,-0.05536332179930725,-3.9723183391003447,3.04959630911188
warm_season,both_inclusive,refitted,All,zero,28,28,joint_change,22.89915966386554,11.554621848739497,35.71428571428571
warm_season,both_inclusive,refitted,All,zero,28,28,dry_marginal,-2.0699456253089474,-10.411826495304004,5.771440929312901
warm_season,both_inclusive,refitted,All,zero,28,28,hot_marginal,24.43771626297578,15.872157686604055,32.865793376174
warm_season,both_inclusive,refitted,All,zero,28,28,excess_joint,0.5313890261987166,-2.3856895699456246,4.325259515570935
warm_season,both_inclusive,refitted,BWh_hot_desert,all,26,17,joint_change,19.683257918552037,8.371040723981903,31.447963800904972
warm_season,both_inclusive,refitted,BWh_hot_desert,all,26,17,dry_marginal,0.019962736225711507,-7.393532073462871,6.415357998402984
warm_season,both_inclusive,refitted,BWh_hot_desert,all,26,17,hot_marginal,20.51503859462337,12.715597551237689,28.42726909768433
warm_season,both_inclusive,refitted,BWh_hot_desert,all,26,17,excess_joint,-0.8517434122970436,-3.42028214000532,2.2624434389140284
warm_season,both_inclusive,refitted,BWh_hot_desert,positive,9,0,joint_change,15.032679738562088,3.92156862745098,24.18300653594771
warm_season,both_inclusive,refitted,BWh_hot_desert,positive,9,0,dry_marginal,2.7104959630911183,-5.382545174932717,8.515955401768549
warm_season,both_inclusive,refitted,BWh_hot_desert,positive,9,0,hot_marginal,12.091503267973856,6.073625528642829,18.5524798154556
warm_season,both_inclusive,refitted,BWh_hot_desert,positive,9,0,excess_joint,0.23068050749711697,-4.382929642445212,5.038446751249528
warm_season,both_inclusive,refitted,BWh_hot_desert,zero,17,17,joint_change,22.14532871972319,8.996539792387543,36.678200692041514
warm_season,both_inclusive,refitted,BWh_hot_desert,zero,17,17,dry_marginal,-1.4044372074089155,-9.283533482597191,6.219723183391008
warm_season,both_inclusive,refitted,BWh_hot_desert,zero,17,17,hot_marginal,24.974557296967227,15.334825971911256,34.68349277427234
warm_season,both_inclusive,refitted,BWh_hot_desert,zero,17,17,excess_joint,-1.4247913698351289,-4.640749033177281,2.993079584775092
warm_season,both_inclusive,refitted,BWk_cold_desert,all,13,2,joint_change,7.692307692307693,-5.882352941176472,20.38461538461547
warm_season,both_inclusive,refitted,BWk_cold_desert,all,13,2,dry_marginal,-3.233963268565345,-10.035267500665427,2.9944104338568005
warm_season,both_inclusive,refitted,BWk_cold_desert,all,13,2,hot_marginal,9.701889805696034,3.512776151184455,16.821932392866646
warm_season,both_inclusive,refitted,BWk_cold_desert,all,13,2,excess_joint,1.224381155177004,-4.604737822730902,5.988820867713601
warm_season,both_inclusive,refitted,BWk_cold_desert,positive,11,0,joint_change,8.021390374331553,-5.909090909090909,21.92513368983957
warm_season,both_inclusive,refitted,BWk_cold_desert,positive,11,0,dry_marginal,-2.201950298836113,-9.138880150990877,4.215162000629128
warm_season,both_inclusive,refitted,BWk_cold_desert,positive,11,0,hot_marginal,10.380622837370241,4.19943378420887,17.71075810003146
warm_season,both_inclusive,refitted,BWk_cold_desert,positive,11,0,excess_joint,-0.1572821642025782,-6.041207927021077,4.814407046240962
warm_season,both_inclusive,refitted,BWk_cold_desert,zero,2,2,joint_change,5.88235294117647,-11.764705882352942,20.588235294117645
warm_season,both_inclusive,refitted,BWk_cold_desert,zero,2,2,dry_marginal,-8.910034602076127,-20.155709342560552,0.4368512110726802
warm_season,both_inclusive,refitted,BWk_cold_desert,zero,2,2,hot_marginal,5.96885813148789,-2.5951557093425603,16.43598615916955
warm_season,both_inclusive,refitted,BWk_cold_desert,zero,2,2,excess_joint,8.823529411764707,-3.8062283737024205,16.955017301038062
warm_season,both_inclusive,refitted,BSh_hot_steppe,all,8,5,joint_change,29.411764705882355,16.91176470588235,44.11764705882353
warm_season,both_inclusive,refitted,BSh_hot_steppe,all,8,5,dry_marginal,-0.6487889273356395,-7.655709342560553,7.894679930795853
warm_season,both_inclusive,refitted,BSh_hot_steppe,all,8,5,hot_marginal,27.897923875432525,17.14857266435986,37.5432525951557
warm_season,both_inclusive,refitted,BSh_hot_steppe,all,8,5,excess_joint,2.1626297577854694,-3.4602076124567427,9.385813148788928
warm_season,both_inclusive,refitted,BSh_hot_steppe,positive,3,0,joint_change,13.72549019607843,-1.9607843137254901,35.29411764705882
warm_season,both_inclusive,refitted,BSh_hot_steppe,positive,3,0,dry_marginal,0.7497116493656296,-8.079584775086506,14.016724336793553
warm_season,both_inclusive,refitted,BSh_hot_steppe,positive,3,0,hot_marginal,15.282583621683964,8.243944636678199,24.512687427912354
warm_season,both_inclusive,refitted,BSh_hot_steppe,positive,3,0,excess_joint,-2.3068050749711646,-10.034602076124566,6.805074971164937
warm_season,both_inclusive,refitted,BSh_hot_steppe,zero,5,5,joint_change,38.8235294117647,22.352941176470587,54.11764705882352
warm_season,both_inclusive,refitted,BSh_hot_steppe,zero,5,5,dry_marginal,-1.487889273356401,-12.942906574394465,9.100346020761245
warm_season,both_inclusive,refitted,BSh_hot_steppe,zero,5,5,hot_marginal,35.46712802768165,19.963667820069208,47.993079584775074
warm_season,both_inclusive,refitted,BSh_hot_steppe,zero,5,5,excess_joint,4.8442906574394495,-2.6297577854671266,14.256055363321806
warm_season,both_inclusive,refitted,BSk_cold_steppe,all,33,3,joint_change,14.081996434937606,1.2477718360071308,29.233511586452753
warm_season,both_inclusive,refitted,BSk_cold_steppe,all,33,3,dry_marginal,-0.09436929852154763,-6.7581524588445,7.6921463772674885
warm_season,both_inclusive,refitted,BSk_cold_steppe,all,33,3,hot_marginal,14.438502673796792,8.697441543462306,21.888434518192298
warm_season,both_inclusive,refitted,BSk_cold_steppe,all,33,3,excess_joint,-0.2621369403376323,-4.886756841774142,3.942539582677991
warm_season,both_inclusive,refitted,BSk_cold_steppe,positive,30,0,joint_change,14.117647058823525,0.3921568627450976,29.41176470588234
warm_season,both_inclusive,refitted,BSk_cold_steppe,positive,30,0,dry_marginal,0.19031141868512125,-6.638408304498271,7.98154555940023
warm_season,both_inclusive,refitted,BSk_cold_steppe,positive,30,0,hot_marginal,14.054209919261824,7.600346020761244,22.105824682814305
warm_season,both_inclusive,refitted,BSk_cold_steppe,positive,30,0,excess_joint,-0.1268742791234139,-5.213956170703575,4.2675893886966545
warm_season,both_inclusive,refitted,BSk_cold_steppe,zero,3,3,joint_change,13.72549019607843,-1.9607843137254901,39.21568627450981
warm_season,both_inclusive,refitted,BSk_cold_steppe,zero,3,3,dry_marginal,-2.941176470588237,-16.032295271049595,13.385236447520205
warm_season,both_inclusive,refitted,BSk_cold_steppe,zero,3,3,hot_marginal,18.281430219146483,14.648212226066898,25.66320645905421
warm_season,both_inclusive,refitted,BSk_cold_steppe,zero,3,3,excess_joint,-1.6147635524798156,-7.612456747404843,6.113033448673587
warm_season,both_inclusive,refitted,C_temperate,all,15,1,joint_change,21.176470588235297,4.705882352941177,39.21568627450981
warm_season,both_inclusive,refitted,C_temperate,all,15,1,dry_marginal,4.717416378316032,-6.275086505190312,14.786620530565168
warm_season,both_inclusive,refitted,C_temperate,all,15,1,hot_marginal,16.528258362168394,9.16955017301038,26.286620530565173
warm_season,both_inclusive,refitted,C_temperate,all,15,1,excess_joint,-0.06920415224913383,-6.735870818915799,5.537485582468288
warm_season,both_inclusive,refitted,C_temperate,positive,14,0,joint_change,21.428571428571427,5.042016806722687,39.495798319327726
warm_season,both_inclusive,refitted,C_temperate,positive,14,0,dry_marginal,5.0543746910528915,-5.795847750865052,15.151384083044986
warm_season,both_inclusive,refitted,C_temperate,positive,14,0,hot_marginal,16.596638655462183,9.379634206623825,26.3229115175482
warm_season,both_inclusive,refitted,C_temperate,positive,14,0,excess_joint,-0.22244191794364696,-6.946366782006921,5.142115669797338
warm_season,both_inclusive,refitted,C_temperate,zero,1,1,joint_change,17.64705882352941,-5.882352941176472,47.05882352941176
warm_season,both_inclusive,refitted,C_temperate,zero,1,1,dry_marginal,0.0,-18.685121107266433,18.166089965397923
warm_season,both_inclusive,refitted,C_temperate,zero,1,1,hot_marginal,15.570934256055361,2.0761245674740487,29.584775086505182
warm_season,both_inclusive,refitted,C_temperate,zero,1,1,excess_joint,2.0761245674740496,-15.22491349480969,19.723183391003456
warm_season,both_inclusive,refitted,Dsa_cold_dry_summer,all,8,0,joint_change,19.852941176470583,0.7352941176470571,40.44117647058823
warm_season,both_inclusive,refitted,Dsa_cold_dry_summer,all,8,0,dry_marginal,1.470588235294117,-8.672145328719722,12.847102076124575
warm_season,both_inclusive,refitted,Dsa_cold_dry_summer,all,8,0,hot_marginal,17.214532871972317,9.6875,26.79606401384083
warm_season,both_inclusive,refitted,Dsa_cold_dry_summer,all,8,0,excess_joint,1.1678200692041532,-6.141868512110725,6.57439446366782
warm_season,both_inclusive,refitted,Dsa_cold_dry_summer,positive,8,0,joint_change,19.852941176470583,0.7352941176470571,40.44117647058823
warm_season,both_inclusive,refitted,Dsa_cold_dry_summer,positive,8,0,dry_marginal,1.470588235294117,-8.672145328719722,12.847102076124575
warm_season,both_inclusive,refitted,Dsa_cold_dry_summer,positive,8,0,hot_marginal,17.214532871972317,9.6875,26.79606401384083
warm_season,both_inclusive,refitted,Dsa_cold_dry_summer,positive,8,0,excess_joint,1.1678200692041532,-6.141868512110725,6.57439446366782
