definition,rule,station_id,climate_regime,zero_threshold,precip_threshold,temperature_threshold,joint_change,dry_marginal,hot_marginal,excess_joint,dry_early_pct,hot_early_pct,joint_early_pct,dry_late_pct,hot_late_pct,joint_late_pct
annual,strict,40700,BSk_cold_steppe,False,207.81,16.23620178041543,0.0,-1.3840830449826986,0.0,1.3840830449826986,23.52941176470588,23.52941176470588,5.88235294117647,17.647058823529413,23.52941176470588,5.88235294117647
annual,strict,40701,BSk_cold_steppe,False,235.89,12.049523809523809,-5.88235294117647,-4.1522491349480966,4.1522491349480966,-5.88235294117647,23.52941176470588,23.52941176470588,11.76470588235294,11.76470588235294,47.05882352941176,5.88235294117647
annual,strict,40702,BWk_cold_desert,False,155.51999999999998,16.293731343283582,0.0,-4.844290657439446,6.228373702422145,-1.3840830449826993,23.52941176470588,23.52941176470588,11.76470588235294,11.76470588235294,58.82352941176471,11.76470588235294
annual,strict,40703,BSk_cold_steppe,False,207.23000000000002,13.59031339031339,0.0,-4.844290657439446,6.228373702422145,-1.3840830449826993,23.52941176470588,23.52941176470588,11.76470588235294,11.76470588235294,58.82352941176471,11.76470588235294
annual,strict,40704,BSk_cold_steppe,False,265.08,11.893538461538462,17.647058823529413,7.785467128027681,13.321799307958477,-3.4602076124567436,23.52941176470588,23.52941176470588,11.76470588235294,41.17647058823529,64.70588235294117,29.411764705882355
annual,strict,40706,BSk_cold_steppe,False,218.92000000000002,14.079827089337176,5.882352941176472,3.8062283737024227,5.190311418685121,-3.114186851211072,23.52941176470588,23.52941176470588,11.76470588235294,35.294117647058826,41.17647058823529,17.647058823529413
annual,strict,40708,BSk_cold_steppe,False,251.92,10.45625,29.411764705882355,10.380622837370241,14.53287197231834,4.498269896193774,23.52941176470588,23.52941176470588,5.88235294117647,47.05882352941176,64.70588235294117,35.294117647058826
annual,strict,40709,C_temperate,False,1267.81,15.911506849315067,17.64705882352941,2.941176470588236,14.013840830449825,0.692041522491349,23.52941176470588,23.52941176470588,5.88235294117647,29.411764705882355,76.47058823529412,23.52941176470588
annual,strict,40710,BSk_cold_steppe,False,224.96,9.671469740634006,11.76470588235294,7.266435986159168,11.418685121107265,-6.920415224913494,23.52941176470588,23.52941176470588,11.76470588235294,41.17647058823529,58.82352941176471,23.52941176470588
annual,strict,40712,BSk_cold_steppe,False,230.62,12.257848837209302,-5.882352941176472,-2.249134948096885,6.055363321799308,-9.688581314878894,23.52941176470588,23.52941176470588,17.647058823529413,17.647058823529413,52.94117647058824,11.76470588235294
annual,strict,40713,BSk_cold_steppe,False,244.96,14.307267441860464,29.411764705882348,14.705882352941178,20.242214532871966,-5.536332179930796,23.52941176470588,23.52941176470588,11.76470588235294,52.94117647058824,76.47058823529412,41.17647058823529
annual,strict,40716,BSk_cold_steppe,False,259.86,15.264306784660768,17.647058823529413,8.996539792387543,10.380622837370241,-1.7301038062283711,23.52941176470588,23.52941176470588,11.76470588235294,47.05882352941176,52.94117647058824,29.411764705882355
annual,strict,40717,BSk_cold_steppe,False,316.14,9.206489675516224,0.0,-2.7681660899653973,9.688581314878892,-6.920415224913497,23.52941176470588,23.52941176470588,11.76470588235294,17.647058823529413,70.58823529411765,11.76470588235294
annual,strict,40718,C_temperate,False,1442.72,17.354518072289157,11.76470588235294,-2.7681660899653973,9.688581314878892,4.844290657439444,23.52941176470588,23.52941176470588,0.0,17.647058823529413,70.58823529411765,11.76470588235294
annual,strict,40719,C_temperate,False,1156.12,17.140751445086703,29.411764705882355,7.266435986159168,11.418685121107265,10.72664359861592,23.52941176470588,23.52941176470588,5.88235294117647,41.17647058823529,58.82352941176471,35.294117647058826
annual,strict,40723,BWk_cold_desert,False,212.95,13.237808219178083,29.411764705882348,11.072664359861593,16.608996539792386,1.7301038062283682,23.52941176470588,23.52941176470588,11.76470588235294,47.05882352941176,70.58823529411765,41.17647058823529
annual,strict,40724,Dsa_cold_dry_summer,False,525.23,13.60207715133531,-5.88235294117647,-7.785467128027681,6.055363321799309,-4.1522491349480966,23.52941176470588,23.52941176470588,11.76470588235294,5.88235294117647,64.70588235294117,5.88235294117647
annual,strict,40726,BSk_cold_steppe,False,331.18999999999994,13.952380952380953,5.882352941176469,2.5951557093425612,10.899653979238755,-7.612456747404848,23.52941176470588,23.52941176470588,17.647058823529413,29.411764705882355,64.70588235294117,23.52941176470588
annual,strict,40727,Dsa_cold_dry_summer,False,371.14,11.300546448087431,17.647058823529413,3.4602076124567485,18.685121107266433,-4.498269896193772,23.52941176470588,23.52941176470588,11.76470588235294,29.411764705882355,94.11764705882352,29.411764705882355
annual,strict,40728,BSk_cold_steppe,False,276.67999999999995,10.256811594202897,17.647058823529413,7.785467128027681,13.321799307958477,-3.4602076124567436,23.52941176470588,23.52941176470588,11.76470588235294,41.17647058823529,64.70588235294117,29.411764705882355
annual,strict,40729,BSk_cold_steppe,False,255.36,11.260330578512397,17.647058823529413,3.287197231833911,17.1280276816609,-2.7681660899653946,23.52941176470588,23.52941176470588,11.76470588235294,29.411764705882355,88.23529411764706,29.411764705882355
annual,strict,40730,BSk_cold_steppe,False,241.63,13.477534246575344,5.882352941176472,1.7301038062283742,3.1141868512110737,1.0380622837370248,23.52941176470588,23.52941176470588,11.76470588235294,29.411764705882355,35.294117647058826,17.647058823529413
annual,strict,40731,BSk_cold_steppe,False,284.69,14.14010989010989,29.411764705882348,11.072664359861593,16.608996539792386,1.7301038062283682,23.52941176470588,23.52941176470588,11.76470588235294,47.05882352941176,70.58823529411765,41.17647058823529
annual,strict,40732,C_temperate,False,948.98,17.05142857142857,5.88235294117647,-6.228373702422145,10.38062283737024,1.7301038062283738,23.52941176470588,23.52941176470588,5.88235294117647,11.76470588235294,82.35294117647058,11.76470588235294
annual,strict,40734,C_temperate,False,1182.89,16.800273972602742,23.52941176470588,3.1141868512110737,15.570934256055361,4.844290657439449,23.52941176470588,23.52941176470588,5.88235294117647,29.411764705882355,82.35294117647058,29.411764705882355
annual,strict,40736,C_temperate,False,805.0,18.184931506849313,17.647058823529413,5.1903114186851225,12.110726643598618,0.3460207612456731,23.52941176470588,23.52941176470588,11.76470588235294,35.294117647058826,64.70588235294117,29.411764705882355
annual,strict,40737,C_temperate,False,658.8899999999999,17.61278409090909,29.411764705882348,11.76470588235294,18.68512110726643,-1.0380622837370221,23.52941176470588,23.52941176470588,11.76470588235294,47.05882352941176,76.47058823529412,41.17647058823529
annual,strict,40738,BSh_hot_steppe,False,469.66999999999996,18.51344537815126,23.529411764705884,10.380622837370243,4.844290657439447,8.304498269896195,23.52941176470588,23.52941176470588,11.76470588235294,58.82352941176471,35.294117647058826,35.294117647058826
annual,strict,40739,BWk_cold_desert,False,127.76999999999998,15.419178082191781,11.764705882352942,4.152249134948097,6.920415224913495,0.692041522491349,23.52941176470588,23.52941176470588,5.88235294117647,35.294117647058826,47.05882352941176,17.647058823529413
annual,strict,40740,BSk_cold_steppe,False,271.63,13.275342465753425,-5.882352941176472,0.0,-1.3840830449826986,-4.498269896193772,23.52941176470588,23.52941176470588,17.647058823529413,23.52941176470588,17.647058823529413,11.76470588235294
annual,strict,40741,BSk_cold_steppe,False,170.0,19.361095890410958,17.64705882352941,3.8062283737024227,5.190311418685121,8.650519031141869,23.52941176470588,23.52941176470588,5.88235294117647,35.294117647058826,41.17647058823529,23.52941176470588
annual,strict,40743,BWk_cold_desert,False,147.41,18.23890410958904,47.05882352941176,19.377162629757787,20.761245674740486,6.920415224913492,23.52941176470588,23.52941176470588,11.76470588235294,64.70588235294117,70.58823529411765,58.82352941176471
annual,strict,40745,BWk_cold_desert,False,210.90000000000003,15.78551912568306,29.411764705882355,11.072664359861593,16.608996539792386,1.7301038062283725,23.52941176470588,23.52941176470588,5.88235294117647,47.05882352941176,70.58823529411765,35.294117647058826
annual,strict,40746,BSk_cold_steppe,False,191.1,15.479452054794521,0.0,0.0,1.384083044982699,-1.3840830449826993,23.52941176470588,23.52941176470588,11.76470588235294,23.52941176470588,29.411764705882355,11.76470588235294
annual,strict,40747,Dsa_cold_dry_summer,False,367.51,14.331506849315069,41.17647058823529,23.010380622837374,28.54671280276816,-10.38062283737024,23.52941176470588,23.52941176470588,11.76470588235294,64.70588235294117,88.23529411764706,52.94117647058824
annual,strict,40748,BSk_cold_steppe,False,302.03999999999996,12.14016393442623,11.76470588235294,4.844290657439447,10.380622837370243,-3.460207612456749,23.52941176470588,23.52941176470588,11.76470588235294,35.294117647058826,58.82352941176471,23.52941176470588
annual,strict,40749,Dsa_cold_dry_summer,False,370.89,8.925205479452055,41.17647058823529,13.84083044982699,17.99307958477509,9.342560553633216,23.52941176470588,23.52941176470588,5.88235294117647,52.94117647058824,70.58823529411765,47.05882352941176
annual,strict,40751,BSk_cold_steppe,False,383.05999999999995,15.89724517906336,41.17647058823529,17.647058823529413,21.799307958477502,1.7301038062283738,23.52941176470588,23.52941176470588,11.76470588235294,58.82352941176471,76.47058823529412,52.94117647058824
annual,strict,40752,BSk_cold_steppe,False,240.2,16.829781420765027,0.0,8.304498269896195,0.0,-8.304498269896195,23.52941176470588,23.52941176470588,11.76470588235294,58.82352941176471,23.52941176470588,11.76470588235294
annual,strict,40754,BSk_cold_steppe,False,195.76,18.69150684931507,35.29411764705882,13.494809688581313,12.110726643598616,9.688581314878892,23.52941176470588,23.52941176470588,5.88235294117647,58.82352941176471,52.94117647058824,41.17647058823529
annual,strict,40755,BWk_cold_desert,False,439.33,10.18958904109589,-5.88235294117647,3.114186851211072,-3.8062283737024214,-5.190311418685121,23.52941176470588,23.52941176470588,11.76470588235294,41.17647058823529,11.76470588235294,5.88235294117647
annual,strict,40757,BWk_cold_desert,False,128.57999999999998,18.687978142076503,58.82352941176471,24.913494809688576,23.529411764705884,10.380622837370252,23.52941176470588,23.52941176470588,5.88235294117647,76.47058823529412,70.58823529411765,64.70588235294117
annual,strict,40758,BWh_hot_desert,False,116.23999999999998,19.513698630136986,58.82352941176471,26.29757785467128,30.44982698961937,2.076124567474054,23.52941176470588,23.52941176470588,11.76470588235294,70.58823529411765,88.23529411764706,70.58823529411765
annual,strict,40762,BSk_cold_steppe,False,236.61,14.617857142857142,47.05882352941176,23.35640138408304,20.58823529411765,3.1141868512110773,23.52941176470588,23.52941176470588,11.76470588235294,76.47058823529412,64.70588235294117,58.82352941176471
annual,strict,40763,BSk_cold_steppe,False,162.03,19.33753424657534,17.64705882352941,11.072664359861593,0.0,6.574394463667818,23.52941176470588,23.52941176470588,5.88235294117647,70.58823529411765,23.52941176470588,23.52941176470588
annual,strict,40764,C_temperate,False,417.45000000000005,15.95892857142857,5.882352941176472,2.4221453287197234,9.342560553633218,-5.88235294117647,23.52941176470588,23.52941176470588,11.76470588235294,29.411764705882355,58.82352941176471,17.647058823529413
annual,strict,40765,C_temperate,False,347.90000000000003,20.71391304347826,23.529411764705884,6.2283737024221475,17.301038062283737,1.3877787807814457e-15,23.52941176470588,23.52941176470588,11.76470588235294,35.294117647058826,82.35294117647058,35.294117647058826
annual,strict,40766,C_temperate,False,357.94,16.20991253644315,11.76470588235294,4.152249134948097,6.920415224913495,0.6920415224913476,23.52941176470588,23.52941176470588,11.76470588235294,35.294117647058826,47.05882352941176,23.52941176470588
annual,strict,40768,BSk_cold_steppe,False,270.35999999999996,12.227138643067846,35.29411764705882,18.685121107266436,24.221453287197228,-7.612456747404843,23.52941176470588,23.52941176470588,17.647058823529413,58.82352941176471,82.35294117647058,52.94117647058824
annual,strict,40769,Dsa_cold_dry_summer,False,249.60000000000002,15.027167630057802,29.411764705882355,7.785467128027681,13.321799307958477,8.304498269896198,23.52941176470588,23.52941176470588,5.88235294117647,41.17647058823529,64.70588235294117,35.294117647058826
annual,strict,40770,BWh_hot_desert,False,146.52,18.742191780821916,58.82352941176471,20.58823529411765,23.35640138408304,14.878892733564019,23.52941176470588,23.52941176470588,0.0,64.70588235294117,76.47058823529412,58.82352941176471
annual,strict,40771,C_temperate,False,344.58,13.672463768115943,17.647058823529413,13.84083044982699,17.99307958477509,-14.186851211072666,23.52941176470588,23.52941176470588,11.76470588235294,52.94117647058824,70.58823529411765,29.411764705882355
annual,strict,40772,BSk_cold_steppe,False,309.9,12.986338797814208,17.647058823529413,12.975778546712801,15.7439446366782,-11.072664359861593,23.52941176470588,23.52941176470588,11.76470588235294,52.94117647058824,64.70588235294117,29.411764705882355
annual,strict,40774,C_temperate,False,409.94999999999993,15.770426829268292,29.411764705882355,12.975778546712801,15.7439446366782,0.692041522491349,23.52941176470588,23.52941176470588,5.88235294117647,52.94117647058824,64.70588235294117,35.294117647058826
annual,strict,40778,BWh_hot_desert,False,90.89,19.828415300546446,-5.88235294117647,2.5951557093425603,-5.709342560553631,-2.7681660899653973,23.52941176470588,23.52941176470588,11.76470588235294,41.17647058823529,5.88235294117647,5.88235294117647
annual,strict,40779,C_temperate,False,354.58000000000004,14.568194842406877,0.0,-1.9031141868512105,3.633217993079584,-1.7301038062283738,23.52941176470588,23.52941176470588,11.76470588235294,17.647058823529413,41.17647058823529,11.76470588235294
annual,strict,40780,C_temperate,False,492.48,17.455277777777777,17.647058823529413,12.110726643598616,13.494809688581313,-7.9584775086505175,23.52941176470588,23.52941176470588,11.76470588235294,52.94117647058824,58.82352941176471,29.411764705882355
annual,strict,40782,C_temperate,False,423.83000000000004,17.565306122448977,11.76470588235294,9.688581314878892,12.45674740484429,-10.380622837370245,23.52941176470588,23.52941176470588,11.76470588235294,47.05882352941176,58.82352941176471,23.52941176470588
annual,strict,40783,Dsa_cold_dry_summer,False,367.21999999999997,12.931123919308359,35.29411764705882,16.60899653979239,19.377162629757784,-0.6920415224913532,23.52941176470588,23.52941176470588,11.76470588235294,58.82352941176471,70.58823529411765,47.05882352941176
annual,strict,40785,BWh_hot_desert,False,105.2,19.74672131147541,29.411764705882355,5.1903114186851225,12.110726643598618,12.110726643598616,23.52941176470588,23.52941176470588,5.88235294117647,35.294117647058826,64.70588235294117,35.294117647058826
annual,strict,40789,BWh_hot_desert,False,58.010000000000005,20.94986301369863,35.294117647058826,8.823529411764705,17.128027681660893,9.342560553633227,23.52941176470588,23.52941176470588,0.0,41.17647058823529,76.47058823529412,35.294117647058826
annual,strict,40791,BWh_hot_desert,False,61.910000000000004,22.946575342465753,52.94117647058824,16.435986159169552,24.74048442906574,11.764705882352942,23.52941176470588,23.52941176470588,0.0,52.94117647058824,88.23529411764706,52.94117647058824
annual,strict,40792,BWk_cold_desert,False,115.4,19.62,-5.88235294117647,5.190311418685122,-7.266435986159168,-3.8062283737024223,23.52941176470588,23.52941176470588,11.76470588235294,58.82352941176471,5.88235294117647,5.88235294117647
annual,strict,40793,BSk_cold_steppe,False,124.64,17.319398907103825,-5.88235294117647,0.0,-4.1522491349480966,-1.7301038062283736,23.52941176470588,23.52941176470588,5.88235294117647,23.52941176470588,5.88235294117647,0.0
annual,strict,40794,BSh_hot_steppe,False,295.24,24.53434065934066,52.94117647058824,23.010380622837374,28.54671280276816,1.3840830449827022,23.52941176470588,23.52941176470588,0.0,64.70588235294117,88.23529411764706,52.94117647058824
annual,strict,40796,BSh_hot_steppe,False,230.8,26.425753424657533,29.411764705882355,6.574394463667822,19.03114186851211,3.8062283737024236,23.52941176470588,23.52941176470588,0.0,35.294117647058826,88.23529411764706,29.411764705882355
annual,strict,40797,Dsa_cold_dry_summer,False,1167.8400000000001,10.27917808219178,29.411764705882355,7.785467128027681,13.321799307958477,8.304498269896197,23.52941176470588,23.52941176470588,0.0,41.17647058823529,64.70588235294117,29.411764705882355
annual,strict,40798,Dsa_cold_dry_summer,False,276.51,12.269945355191258,11.76470588235294,7.612456747404843,6.228373702422144,-2.0761245674740483,23.52941176470588,23.52941176470588,11.76470588235294,47.05882352941176,41.17647058823529,23.52941176470588
annual,strict,40802,BWk_cold_desert,False,92.28,16.08,23.52941176470588,8.650519031141869,4.498269896193772,10.380622837370243,23.52941176470588,23.52941176470588,5.88235294117647,52.94117647058824,35.294117647058826,29.411764705882355
annual,strict,40809,BWk_cold_desert,False,140.74,17.06775956284153,35.29411764705882,18.166089965397923,18.166089965397923,-1.0380622837370277,23.52941176470588,23.52941176470588,11.76470588235294,64.70588235294117,64.70588235294117,47.05882352941176
annual,strict,40810,BWh_hot_desert,False,159.3,25.043835616438358,35.294117647058826,9.86159169550173,20.934256055363317,4.498269896193778,23.52941176470588,23.52941176470588,0.0,41.17647058823529,88.23529411764706,35.294117647058826
annual,strict,40811,BWh_hot_desert,False,179.57999999999998,26.593406593406595,29.411764705882355,13.148788927335639,22.837370242214526,-6.574394463667815,23.52941176470588,23.52941176470588,5.88235294117647,47.05882352941176,88.23529411764706,35.294117647058826
annual,strict,40812,BSh_hot_steppe,False,366.39,26.102191780821915,23.52941176470588,12.975778546712801,15.7439446366782,-5.190311418685123,23.52941176470588,23.52941176470588,5.88235294117647,52.94117647058824,64.70588235294117,29.411764705882355
annual,strict,40813,BSh_hot_steppe,False,279.90000000000003,27.03861111111111,47.05882352941176,24.913494809688586,27.681660899653977,-5.536332179930797,23.52941176470588,23.52941176470588,5.88235294117647,70.58823529411765,82.35294117647058,52.94117647058824
annual,strict,40818,BSk_cold_steppe,False,119.41999999999999,14.798904109589042,29.411764705882355,8.304498269896193,15.22491349480969,5.882352941176472,23.52941176470588,23.52941176470588,5.88235294117647,41.17647058823529,70.58823529411765,35.294117647058826
annual,strict,40821,BWh_hot_desert,False,44.98,20.481369863013697,17.64705882352941,0.0,13.840830449826989,3.8062283737024223,23.52941176470588,23.52941176470588,5.88235294117647,23.52941176470588,82.35294117647058,23.52941176470588
annual,strict,40827,BWh_hot_desert,False,77.64,22.292622950819673,-11.76470588235294,2.768166089965398,-8.304498269896193,-6.228373702422145,23.52941176470588,23.52941176470588,11.76470588235294,47.05882352941176,0.0,0.0
annual,strict,40829,BWh_hot_desert,False,37.52,22.850546448087428,29.411764705882348,11.76470588235294,18.68512110726643,-1.0380622837370221,23.52941176470588,23.52941176470588,11.76470588235294,47.05882352941176,76.47058823529412,41.17647058823529
annual,strict,40831,BWh_hot_desert,False,147.0,26.632602739726025,52.94117647058824,28.02768166089965,29.411764705882348,-4.498269896193757,23.52941176470588,23.52941176470588,5.88235294117647,76.47058823529412,82.35294117647058,58.82352941176471
annual,strict,40832,BWh_hot_desert,False,184.03,26.20657534246575,23.52941176470588,12.45674740484429,20.76124567474048,-9.688581314878892,23.52941176470588,23.52941176470588,5.88235294117647,47.05882352941176,82.35294117647058,29.411764705882355
annual,strict,40839,BWh_hot_desert,False,54.51,18.80821917808219,11.76470588235294,5.536332179930796,13.84083044982699,-7.612456747404848,23.52941176470588,23.52941176470588,11.76470588235294,35.294117647058826,70.58823529411765,23.52941176470588
annual,strict,40841,BWk_cold_desert,False,101.64,16.883561643835616,47.05882352941176,11.76470588235294,18.68512110726643,16.608996539792393,23.52941176470588,23.52941176470588,0.0,47.05882352941176,76.47058823529412,47.05882352941176
annual,strict,40844,BSk_cold_steppe,False,452.56000000000006,18.553150684931506,47.05882352941176,24.913494809688576,23.529411764705884,-1.384083044982691,23.52941176470588,23.52941176470588,11.76470588235294,76.47058823529412,70.58823529411765,58.82352941176471
annual,strict,40847,BSk_cold_steppe,False,303.18,18.919398907103826,52.94117647058824,26.29757785467128,30.44982698961937,-3.806228373702418,23.52941176470588,23.52941176470588,11.76470588235294,70.58823529411765,88.23529411764706,64.70588235294117
annual,strict,40848,BSh_hot_steppe,False,321.43000000000006,19.27205479452055,23.529411764705884,15.22491349480969,8.304498269896193,1.3877787807814457e-15,23.52941176470588,23.52941176470588,11.76470588235294,70.58823529411765,41.17647058823529,35.294117647058826
annual,strict,40849,BWk_cold_desert,False,111.74000000000001,15.667671232876712,29.411764705882355,10.380622837370241,14.53287197231834,4.498269896193774,23.52941176470588,23.52941176470588,5.88235294117647,47.05882352941176,64.70588235294117,35.294117647058826
annual,strict,40851,BSk_cold_steppe,False,103.9,17.88,23.52941176470588,6.228373702422144,7.612456747404843,9.688581314878894,23.52941176470588,23.52941176470588,5.88235294117647,41.17647058823529,47.05882352941176,29.411764705882355
annual,strict,40853,BSk_cold_steppe,False,207.71,15.44986301369863,23.529411764705884,6.574394463667822,19.03114186851211,-2.0761245674740456,23.52941176470588,23.52941176470588,11.76470588235294,35.294117647058826,88.23529411764706,35.294117647058826
annual,strict,40854,BWh_hot_desert,False,36.67,24.395604395604394,17.64705882352941,2.768166089965398,12.456747404844293,2.422145328719721,23.52941176470588,23.52941176470588,5.88235294117647,29.411764705882355,70.58823529411765,23.52941176470588
annual,strict,40856,BWh_hot_desert,False,40.75,19.65890410958904,11.76470588235294,0.0,12.456747404844288,-0.6920415224913476,23.52941176470588,23.52941176470588,11.76470588235294,23.52941176470588,76.47058823529412,23.52941176470588
annual,strict,40859,BSh_hot_steppe,False,243.72,19.63551912568306,52.94117647058824,20.761245674740486,29.065743944636672,3.1141868512110706,23.52941176470588,23.52941176470588,5.88235294117647,58.82352941176471,94.11764705882352,58.82352941176471
annual,strict,40870,BWh_hot_desert,False,59.14,22.8841095890411,-17.647058823529413,-1.384083044982699,-4.1522491349480966,-12.110726643598618,23.52941176470588,23.52941176470588,17.647058823529413,11.76470588235294,0.0,0.0
annual,strict,40873,BWh_hot_desert,False,132.73999999999998,26.50409836065574,-11.76470588235294,2.0761245674740483,-7.612456747404843,-6.228373702422145,23.52941176470588,23.52941176470588,11.76470588235294,41.17647058823529,0.0,0.0
annual,strict,40875,BWh_hot_desert,False,82.14,27.427945205479453,23.52941176470588,6.228373702422144,7.612456747404843,9.688581314878894,23.52941176470588,23.52941176470588,5.88235294117647,41.17647058823529,47.05882352941176,29.411764705882355
annual,strict,40877,BWh_hot_desert,False,120.84,27.345303867403317,23.52941176470588,6.7474048442906565,9.515570934256054,7.2664359861591725,23.52941176470588,23.52941176470588,5.88235294117647,41.17647058823529,52.94117647058824,29.411764705882355
annual,strict,40878,BWh_hot_desert,False,67.51,23.02950819672131,17.647058823529413,7.785467128027681,13.321799307958477,-3.4602076124567436,23.52941176470588,23.52941176470588,17.647058823529413,41.17647058823529,64.70588235294117,35.294117647058826
annual,strict,40879,BWh_hot_desert,False,65.57,27.651092896174863,11.76470588235294,4.844290657439447,10.380622837370243,-3.460207612456749,23.52941176470588,23.52941176470588,17.647058823529413,35.294117647058826,58.82352941176471,29.411764705882355
annual,strict,40882,BWh_hot_desert,False,86.34,27.94,5.882352941176472,-2.7681660899653973,9.688581314878892,-1.0380622837370248,23.52941176470588,23.52941176470588,11.76470588235294,17.647058823529413,70.58823529411765,17.647058823529413
annual,strict,40883,BWh_hot_desert,False,52.42,27.658241758241758,11.76470588235294,0.0,5.536332179930796,6.228373702422145,23.52941176470588,23.52941176470588,11.76470588235294,23.52941176470588,47.05882352941176,23.52941176470588
annual,strict,40889,BWh_hot_desert,False,57.82,28.11287671232877,23.52941176470588,5.536332179930796,13.84083044982699,4.152249134948094,23.52941176470588,23.52941176470588,5.88235294117647,35.294117647058826,70.58823529411765,29.411764705882355
annual,strict,40890,BWh_hot_desert,False,71.44,27.937534246575346,17.647058823529413,10.380622837370241,14.53287197231834,-7.266435986159168,23.52941176470588,23.52941176470588,11.76470588235294,47.05882352941176,64.70588235294117,29.411764705882355
annual,strict,40893,BWh_hot_desert,False,40.05,27.5,11.764705882352942,2.4221453287197234,9.342560553633218,0.0,23.52941176470588,23.52941176470588,5.88235294117647,29.411764705882355,58.82352941176471,17.647058823529413
annual,strict,40898,BWh_hot_desert,False,47.4,26.587704918032788,11.764705882352942,0.0,13.840830449826989,-2.076124567474047,23.52941176470588,23.52941176470588,5.88235294117647,23.52941176470588,82.35294117647058,17.647058823529413
annual,strict,99459,Dsa_cold_dry_summer,False,212.41000000000003,13.425409836065572,0.0,2.4221453287197234,-1.7301038062283736,-0.6920415224913503,23.52941176470588,23.52941176470588,5.88235294117647,35.294117647058826,17.647058823529413,5.88235294117647
annual,dry_inclusive_only,40700,BSk_cold_steppe,False,207.81,16.23620178041543,0.0,-2.768166089965398,0.0,2.768166089965398,29.411764705882355,23.52941176470588,5.88235294117647,17.647058823529413,23.52941176470588,5.88235294117647
annual,dry_inclusive_only,40701,BSk_cold_steppe,False,235.89,12.049523809523809,-11.764705882352942,-6.228373702422145,4.844290657439446,-10.380622837370243,29.411764705882355,23.52941176470588,17.647058823529413,11.76470588235294,47.05882352941176,5.88235294117647
annual,dry_inclusive_only,40702,BWk_cold_desert,False,155.51999999999998,16.293731343283582,-5.882352941176472,-7.26643598615917,7.26643598615917,-5.882352941176472,29.411764705882355,23.52941176470588,17.647058823529413,11.76470588235294,58.82352941176471,11.76470588235294
annual,dry_inclusive_only,40703,BSk_cold_steppe,False,207.23000000000002,13.59031339031339,-5.882352941176472,-7.26643598615917,7.26643598615917,-5.882352941176472,29.411764705882355,23.52941176470588,17.647058823529413,11.76470588235294,58.82352941176471,11.76470588235294
annual,dry_inclusive_only,40704,BSk_cold_steppe,False,265.08,11.893538461538462,11.76470588235294,5.19031141868512,14.53287197231834,-7.958477508650516,29.411764705882355,23.52941176470588,17.647058823529413,41.17647058823529,64.70588235294117,29.411764705882355
annual,dry_inclusive_only,40706,BSk_cold_steppe,False,218.92000000000002,14.079827089337176,5.882352941176472,1.9031141868512114,5.709342560553633,-1.7301038062283725,29.411764705882355,23.52941176470588,11.76470588235294,35.294117647058826,41.17647058823529,17.647058823529413
annual,dry_inclusive_only,40708,BSk_cold_steppe,False,251.92,10.45625,29.411764705882355,7.785467128027681,15.7439446366782,5.882352941176474,29.411764705882355,23.52941176470588,5.88235294117647,47.05882352941176,64.70588235294117,35.294117647058826
annual,dry_inclusive_only,40709,C_temperate,False,1267.81,15.911506849315067,17.64705882352941,0.0,15.570934256055361,2.0761245674740483,29.411764705882355,23.52941176470588,5.88235294117647,29.411764705882355,76.47058823529412,23.52941176470588
annual,dry_inclusive_only,40710,BSk_cold_steppe,False,224.96,9.671469740634006,11.76470588235294,4.844290657439445,12.45674740484429,-5.5363321799307945,29.411764705882355,23.52941176470588,11.76470588235294,41.17647058823529,58.82352941176471,23.52941176470588
annual,dry_inclusive_only,40712,BSk_cold_steppe,False,230.62,12.257848837209302,-11.76470588235294,-4.498269896193771,6.920415224913495,-14.186851211072666,29.411764705882355,23.52941176470588,23.52941176470588,17.647058823529413,52.94117647058824,11.76470588235294
annual,dry_inclusive_only,40713,BSk_cold_steppe,False,244.96,14.307267441860464,29.411764705882348,11.76470588235294,21.799307958477502,-4.1522491349480966,29.411764705882355,23.52941176470588,11.76470588235294,52.94117647058824,76.47058823529412,41.17647058823529
annual,dry_inclusive_only,40716,BSk_cold_steppe,False,259.86,15.264306784660768,17.647058823529413,6.7474048442906565,11.245674740484429,-0.3460207612456717,29.411764705882355,23.52941176470588,11.76470588235294,47.05882352941176,52.94117647058824,29.411764705882355
annual,dry_inclusive_only,40717,BSk_cold_steppe,False,316.14,9.206489675516224,-5.882352941176472,-5.536332179930796,11.072664359861593,-11.41868512110727,29.411764705882355,23.52941176470588,17.647058823529413,17.647058823529413,70.58823529411765,11.76470588235294
annual,dry_inclusive_only,40718,C_temperate,False,1442.72,17.354518072289157,5.88235294117647,-5.536332179930796,11.072664359861593,0.3460207612456731,29.411764705882355,23.52941176470588,5.88235294117647,17.647058823529413,70.58823529411765,11.76470588235294
annual,dry_inclusive_only,40719,C_temperate,False,1156.12,17.140751445086703,23.529411764705884,4.844290657439445,12.45674740484429,6.228373702422149,29.411764705882355,23.52941176470588,11.76470588235294,41.17647058823529,58.82352941176471,35.294117647058826
annual,dry_inclusive_only,40723,BWk_cold_desert,False,212.95,13.237808219178083,23.52941176470588,8.304498269896193,17.99307958477509,-2.7681660899654044,29.411764705882355,23.52941176470588,17.647058823529413,47.05882352941176,70.58823529411765,41.17647058823529
annual,dry_inclusive_only,40724,Dsa_cold_dry_summer,False,525.23,13.60207715133531,-11.764705882352942,-10.380622837370241,7.266435986159172,-8.650519031141869,29.411764705882355,23.52941176470588,17.647058823529413,5.88235294117647,64.70588235294117,5.88235294117647
annual,dry_inclusive_only,40726,BSk_cold_steppe,False,331.18999999999994,13.952380952380953,5.882352941176469,0.0,12.110726643598618,-6.228373702422149,29.411764705882355,23.52941176470588,17.647058823529413,29.411764705882355,64.70588235294117,23.52941176470588
annual,dry_inclusive_only,40727,Dsa_cold_dry_summer,False,371.14,11.300546448087431,17.647058823529413,0.0,20.761245674740483,-3.1141868512110733,29.411764705882355,23.52941176470588,11.76470588235294,29.411764705882355,94.11764705882352,29.411764705882355
annual,dry_inclusive_only,40728,BSk_cold_steppe,False,276.67999999999995,10.256811594202897,17.647058823529413,5.19031141868512,14.53287197231834,-2.0761245674740443,29.411764705882355,23.52941176470588,11.76470588235294,41.17647058823529,64.70588235294117,29.411764705882355
annual,dry_inclusive_only,40729,BSk_cold_steppe,False,255.36,11.260330578512397,17.647058823529413,0.0,19.03114186851211,-1.3840830449826953,29.411764705882355,23.52941176470588,11.76470588235294,29.411764705882355,88.23529411764706,29.411764705882355
annual,dry_inclusive_only,40730,BSk_cold_steppe,False,241.63,13.477534246575344,5.882352941176472,0.0,3.4602076124567485,2.4221453287197243,29.411764705882355,23.52941176470588,11.76470588235294,29.411764705882355,35.294117647058826,17.647058823529413
annual,dry_inclusive_only,40731,BSk_cold_steppe,False,284.69,14.14010989010989,29.411764705882348,8.304498269896193,17.99307958477509,3.1141868512110675,29.411764705882355,23.52941176470588,11.76470588235294,47.05882352941176,70.58823529411765,41.17647058823529
annual,dry_inclusive_only,40732,C_temperate,False,948.98,17.05142857142857,5.88235294117647,-9.342560553633218,12.110726643598614,3.1141868512110733,29.411764705882355,23.52941176470588,5.88235294117647,11.76470588235294,82.35294117647058,11.76470588235294
annual,dry_inclusive_only,40734,C_temperate,False,1182.89,16.800273972602742,23.52941176470588,0.0,17.301038062283737,6.2283737024221475,29.411764705882355,23.52941176470588,5.88235294117647,29.411764705882355,82.35294117647058,29.411764705882355
annual,dry_inclusive_only,40736,C_temperate,False,805.0,18.184931506849313,11.76470588235294,2.5951557093425612,13.321799307958479,-4.152249134948099,29.411764705882355,23.52941176470588,17.647058823529413,35.294117647058826,64.70588235294117,29.411764705882355
annual,dry_inclusive_only,40737,C_temperate,False,658.8899999999999,17.61278409090909,23.52941176470588,8.823529411764705,20.242214532871966,-5.5363321799307945,29.411764705882355,23.52941176470588,17.647058823529413,47.05882352941176,76.47058823529412,41.17647058823529
annual,dry_inclusive_only,40738,BSh_hot_steppe,False,469.66999999999996,18.51344537815126,23.529411764705884,8.650519031141869,5.1903114186851225,9.688581314878894,29.411764705882355,23.52941176470588,11.76470588235294,58.82352941176471,35.294117647058826,35.294117647058826
annual,dry_inclusive_only,40739,BWk_cold_desert,False,127.76999999999998,15.419178082191781,5.882352941176472,2.0761245674740487,7.612456747404845,-3.8062283737024223,29.411764705882355,23.52941176470588,11.76470588235294,35.294117647058826,47.05882352941176,17.647058823529413
annual,dry_inclusive_only,40740,BSk_cold_steppe,False,271.63,13.275342465753425,-5.882352941176472,-1.2110726643598617,-1.557093425605536,-3.1141868512110733,29.411764705882355,23.52941176470588,17.647058823529413,23.52941176470588,17.647058823529413,11.76470588235294
annual,dry_inclusive_only,40741,BSk_cold_steppe,False,170.0,19.361095890410958,17.64705882352941,1.9031141868512114,5.709342560553633,10.034602076124568,29.411764705882355,23.52941176470588,5.88235294117647,35.294117647058826,41.17647058823529,23.52941176470588
annual,dry_inclusive_only,40743,BWk_cold_desert,False,147.41,18.23890410958904,41.17647058823529,16.60899653979239,22.145328719723185,2.4221453287197185,29.411764705882355,23.52941176470588,17.647058823529413,64.70588235294117,70.58823529411765,58.82352941176471
annual,dry_inclusive_only,40745,BWk_cold_desert,False,210.90000000000003,15.78551912568306,23.529411764705884,8.304498269896193,17.99307958477509,-2.7681660899653986,29.411764705882355,23.52941176470588,11.76470588235294,47.05882352941176,70.58823529411765,35.294117647058826
annual,dry_inclusive_only,40746,BSk_cold_steppe,False,191.1,15.479452054794521,0.0,-1.5570934256055369,1.5570934256055369,0.0,29.411764705882355,23.52941176470588,11.76470588235294,23.52941176470588,29.411764705882355,11.76470588235294
annual,dry_inclusive_only,40747,Dsa_cold_dry_summer,False,367.51,14.331506849315069,41.17647058823529,19.723183391003463,30.44982698961937,-8.996539792387539,29.411764705882355,23.52941176470588,11.76470588235294,64.70588235294117,88.23529411764706,52.94117647058824
annual,dry_inclusive_only,40748,BSk_cold_steppe,False,302.03999999999996,12.14016393442623,11.76470588235294,2.4221453287197234,11.418685121107268,-2.0761245674740496,29.411764705882355,23.52941176470588,11.76470588235294,35.294117647058826,58.82352941176471,23.52941176470588
annual,dry_inclusive_only,40749,Dsa_cold_dry_summer,False,370.89,8.925205479452055,41.17647058823529,11.072664359861593,19.377162629757784,10.726643598615917,29.411764705882355,23.52941176470588,5.88235294117647,52.94117647058824,70.58823529411765,47.05882352941176
annual,dry_inclusive_only,40751,BSk_cold_steppe,False,383.05999999999995,15.89724517906336,41.17647058823529,14.705882352941178,23.35640138408304,3.1141868512110733,29.411764705882355,23.52941176470588,11.76470588235294,58.82352941176471,76.47058823529412,52.94117647058824
annual,dry_inclusive_only,40752,BSk_cold_steppe,False,240.2,16.829781420765027,-5.882352941176472,6.920415224913495,0.0,-12.802768166089967,29.411764705882355,23.52941176470588,17.647058823529413,58.82352941176471,23.52941176470588,11.76470588235294
annual,dry_inclusive_only,40754,BSk_cold_steppe,False,195.76,18.69150684931507,35.29411764705882,11.245674740484429,12.975778546712801,11.07266435986159,29.411764705882355,23.52941176470588,5.88235294117647,58.82352941176471,52.94117647058824,41.17647058823529
annual,dry_inclusive_only,40755,BWk_cold_desert,False,439.33,10.18958904109589,-5.88235294117647,2.076124567474048,-4.1522491349480966,-3.8062283737024214,29.411764705882355,23.52941176470588,11.76470588235294,41.17647058823529,11.76470588235294,5.88235294117647
annual,dry_inclusive_only,40757,BWk_cold_desert,False,128.57999999999998,18.687978142076503,52.94117647058824,22.14532871972318,24.913494809688586,5.88235294117648,29.411764705882355,23.52941176470588,11.76470588235294,76.47058823529412,70.58823529411765,64.70588235294117
annual,dry_inclusive_only,40758,BWh_hot_desert,False,116.23999999999998,19.513698630136986,58.82352941176471,23.010380622837374,32.35294117647059,3.4602076124567533,29.411764705882355,23.52941176470588,11.76470588235294,70.58823529411765,88.23529411764706,70.58823529411765
annual,dry_inclusive_only,40762,BSk_cold_steppe,False,236.61,14.617857142857142,47.05882352941176,20.76124567474048,21.79930795847751,4.498269896193777,29.411764705882355,23.52941176470588,11.76470588235294,76.47058823529412,64.70588235294117,58.82352941176471
annual,dry_inclusive_only,40763,BSk_cold_steppe,False,162.03,19.33753424657534,17.64705882352941,9.688581314878894,0.0,7.9584775086505175,29.411764705882355,23.52941176470588,5.88235294117647,70.58823529411765,23.52941176470588,23.52941176470588
annual,dry_inclusive_only,40764,C_temperate,False,417.45000000000005,15.95892857142857,5.882352941176472,0.0,10.380622837370243,-4.498269896193771,29.411764705882355,23.52941176470588,11.76470588235294,29.411764705882355,58.82352941176471,17.647058823529413
annual,dry_inclusive_only,40765,C_temperate,False,347.90000000000003,20.71391304347826,23.529411764705884,3.1141868512110737,19.03114186851211,1.3840830449827006,29.411764705882355,23.52941176470588,11.76470588235294,35.294117647058826,82.35294117647058,35.294117647058826
annual,dry_inclusive_only,40766,C_temperate,False,357.94,16.20991253644315,5.882352941176469,2.0761245674740487,7.612456747404845,-3.806228373702425,29.411764705882355,23.52941176470588,17.647058823529413,35.294117647058826,47.05882352941176,23.52941176470588
annual,dry_inclusive_only,40768,BSk_cold_steppe,False,270.35999999999996,12.227138643067846,35.29411764705882,15.570934256055363,25.951557093425603,-6.228373702422144,29.411764705882355,23.52941176470588,17.647058823529413,58.82352941176471,82.35294117647058,52.94117647058824
annual,dry_inclusive_only,40769,Dsa_cold_dry_summer,False,249.60000000000002,15.027167630057802,29.411764705882355,5.19031141868512,14.53287197231834,9.688581314878899,29.411764705882355,23.52941176470588,5.88235294117647,41.17647058823529,64.70588235294117,35.294117647058826
annual,dry_inclusive_only,40770,BWh_hot_desert,False,146.52,18.742191780821916,58.82352941176471,17.647058823529413,24.913494809688576,16.262975778546718,29.411764705882355,23.52941176470588,0.0,64.70588235294117,76.47058823529412,58.82352941176471
annual,dry_inclusive_only,40771,C_temperate,False,344.58,13.672463768115943,17.647058823529413,11.072664359861593,19.377162629757784,-12.802768166089965,29.411764705882355,23.52941176470588,11.76470588235294,52.94117647058824,70.58823529411765,29.411764705882355
annual,dry_inclusive_only,40772,BSk_cold_steppe,False,309.9,12.986338797814208,11.76470588235294,10.380622837370241,16.955017301038065,-15.570934256055367,29.411764705882355,23.52941176470588,17.647058823529413,52.94117647058824,64.70588235294117,29.411764705882355
annual,dry_inclusive_only,40774,C_temperate,False,409.94999999999993,15.770426829268292,23.529411764705884,10.380622837370241,16.955017301038065,-3.8062283737024223,29.411764705882355,23.52941176470588,11.76470588235294,52.94117647058824,64.70588235294117,35.294117647058826
annual,dry_inclusive_only,40778,BWh_hot_desert,False,90.89,19.828415300546446,-5.88235294117647,1.7301038062283736,-6.228373702422144,-1.384083044982698,29.411764705882355,23.52941176470588,11.76470588235294,41.17647058823529,5.88235294117647,5.88235294117647
annual,dry_inclusive_only,40779,C_temperate,False,354.58000000000004,14.568194842406877,0.0,-3.8062283737024214,4.1522491349480966,-0.3460207612456745,29.411764705882355,23.52941176470588,11.76470588235294,17.647058823529413,41.17647058823529,11.76470588235294
annual,dry_inclusive_only,40780,C_temperate,False,492.48,17.455277777777777,17.647058823529413,9.688581314878892,14.53287197231834,-6.574394463667818,29.411764705882355,23.52941176470588,11.76470588235294,52.94117647058824,58.82352941176471,29.411764705882355
annual,dry_inclusive_only,40782,C_temperate,False,423.83000000000004,17.565306122448977,11.76470588235294,7.266435986159168,13.494809688581313,-8.996539792387544,29.411764705882355,23.52941176470588,11.76470588235294,47.05882352941176,58.82352941176471,23.52941176470588
annual,dry_inclusive_only,40783,Dsa_cold_dry_summer,False,367.21999999999997,12.931123919308359,29.411764705882348,13.84083044982699,20.761245674740486,-5.190311418685126,29.411764705882355,23.52941176470588,17.647058823529413,58.82352941176471,70.58823529411765,47.05882352941176
annual,dry_inclusive_only,40785,BWh_hot_desert,False,105.2,19.74672131147541,29.411764705882355,2.5951557093425612,13.321799307958479,13.494809688581316,29.411764705882355,23.52941176470588,5.88235294117647,35.294117647058826,64.70588235294117,35.294117647058826
annual,dry_inclusive_only,40789,BWh_hot_desert,False,58.010000000000005,20.94986301369863,29.411764705882355,5.882352941176469,18.68512110726643,4.844290657439456,29.411764705882355,23.52941176470588,5.88235294117647,41.17647058823529,76.47058823529412,35.294117647058826
annual,dry_inclusive_only,40791,BWh_hot_desert,False,61.910000000000004,22.946575342465753,47.05882352941176,13.148788927335639,26.643598615916954,7.266435986159172,29.411764705882355,23.52941176470588,5.88235294117647,52.94117647058824,88.23529411764706,52.94117647058824
annual,dry_inclusive_only,40792,BWk_cold_desert,False,115.4,19.62,-5.88235294117647,4.325259515570934,-7.785467128027681,-2.422145328719723,29.411764705882355,23.52941176470588,11.76470588235294,58.82352941176471,5.88235294117647,5.88235294117647
annual,dry_inclusive_only,40793,BSk_cold_steppe,False,124.64,17.319398907103825,-5.88235294117647,-0.8650519031141871,-4.671280276816608,-0.34602076124567416,29.411764705882355,23.52941176470588,5.88235294117647,23.52941176470588,5.88235294117647,0.0
annual,dry_inclusive_only,40794,BSh_hot_steppe,False,295.24,24.53434065934066,52.94117647058824,19.723183391003463,30.44982698961937,2.7681660899654013,29.411764705882355,23.52941176470588,0.0,64.70588235294117,88.23529411764706,52.94117647058824
annual,dry_inclusive_only,40796,BSh_hot_steppe,False,230.8,26.425753424657533,23.52941176470588,3.287197231833911,20.93425605536332,-0.6920415224913476,29.411764705882355,23.52941176470588,5.88235294117647,35.294117647058826,88.23529411764706,29.411764705882355
annual,dry_inclusive_only,40797,Dsa_cold_dry_summer,False,1167.8400000000001,10.27917808219178,29.411764705882355,5.19031141868512,14.53287197231834,9.688581314878897,29.411764705882355,23.52941176470588,0.0,41.17647058823529,64.70588235294117,29.411764705882355
annual,dry_inclusive_only,40798,Dsa_cold_dry_summer,False,276.51,12.269945355191258,5.882352941176469,5.709342560553631,6.7474048442906565,-6.57439446366782,29.411764705882355,23.52941176470588,17.647058823529413,47.05882352941176,41.17647058823529,23.52941176470588
annual,dry_inclusive_only,40802,BWk_cold_desert,False,92.28,16.08,23.52941176470588,6.920415224913495,4.844290657439447,11.764705882352942,29.411764705882355,23.52941176470588,5.88235294117647,52.94117647058824,35.294117647058826,29.411764705882355
annual,dry_inclusive_only,40809,BWk_cold_desert,False,140.74,17.06775956284153,35.29411764705882,15.570934256055363,19.377162629757787,0.3460207612456717,29.411764705882355,23.52941176470588,11.76470588235294,64.70588235294117,64.70588235294117,47.05882352941176
annual,dry_inclusive_only,40810,BWh_hot_desert,False,159.3,25.043835616438358,35.294117647058826,6.574394463667818,22.837370242214526,5.882352941176477,29.411764705882355,23.52941176470588,0.0,41.17647058823529,88.23529411764706,35.294117647058826
annual,dry_inclusive_only,40811,BWh_hot_desert,False,179.57999999999998,26.593406593406595,23.529411764705884,9.86159169550173,24.74048442906574,-11.072664359861587,29.411764705882355,23.52941176470588,11.76470588235294,47.05882352941176,88.23529411764706,35.294117647058826
annual,dry_inclusive_only,40812,BSh_hot_steppe,False,366.39,26.102191780821915,23.52941176470588,10.380622837370241,16.955017301038065,-3.8062283737024236,29.411764705882355,23.52941176470588,5.88235294117647,52.94117647058824,64.70588235294117,29.411764705882355
annual,dry_inclusive_only,40813,BSh_hot_steppe,False,279.90000000000003,27.03861111111111,41.17647058823529,21.79930795847751,29.411764705882348,-10.03460207612457,29.411764705882355,23.52941176470588,11.76470588235294,70.58823529411765,82.35294117647058,52.94117647058824
annual,dry_inclusive_only,40818,BSk_cold_steppe,False,119.41999999999999,14.798904109589042,29.411764705882355,5.5363321799307945,16.608996539792386,7.266435986159172,29.411764705882355,23.52941176470588,5.88235294117647,41.17647058823529,70.58823529411765,35.294117647058826
annual,dry_inclusive_only,40821,BWh_hot_desert,False,44.98,20.481369863013697,17.64705882352941,-3.1141868512110737,15.570934256055361,5.190311418685122,29.411764705882355,23.52941176470588,5.88235294117647,23.52941176470588,82.35294117647058,23.52941176470588
annual,dry_inclusive_only,40827,BWh_hot_desert,False,77.64,22.292622950819673,-11.76470588235294,2.0761245674740483,-8.996539792387543,-4.844290657439446,29.411764705882355,23.52941176470588,11.76470588235294,47.05882352941176,0.0,0.0
annual,dry_inclusive_only,40829,BWh_hot_desert,False,37.52,22.850546448087428,23.52941176470588,8.823529411764705,20.242214532871966,-5.5363321799307945,29.411764705882355,23.52941176470588,17.647058823529413,47.05882352941176,76.47058823529412,41.17647058823529
annual,dry_inclusive_only,40831,BWh_hot_desert,False,147.0,26.632602739726025,52.94117647058824,24.913494809688576,31.141868512110722,-3.1141868512110578,29.411764705882355,23.52941176470588,5.88235294117647,76.47058823529412,82.35294117647058,58.82352941176471
annual,dry_inclusive_only,40832,BWh_hot_desert,False,184.03,26.20657534246575,23.52941176470588,9.342560553633216,22.491349480968854,-8.304498269896191,29.411764705882355,23.52941176470588,5.88235294117647,47.05882352941176,82.35294117647058,29.411764705882355
annual,dry_inclusive_only,40839,BWh_hot_desert,False,54.51,18.80821917808219,11.76470588235294,2.768166089965398,15.224913494809691,-6.228373702422149,29.411764705882355,23.52941176470588,11.76470588235294,35.294117647058826,70.58823529411765,23.52941176470588
annual,dry_inclusive_only,40841,BWk_cold_desert,False,101.64,16.883561643835616,41.17647058823529,8.823529411764705,20.242214532871966,12.11072664359862,29.411764705882355,23.52941176470588,5.88235294117647,47.05882352941176,76.47058823529412,47.05882352941176
annual,dry_inclusive_only,40844,BSk_cold_steppe,False,452.56000000000006,18.553150684931506,41.17647058823529,22.14532871972318,24.913494809688586,-5.882352941176464,29.411764705882355,23.52941176470588,17.647058823529413,76.47058823529412,70.58823529411765,58.82352941176471
annual,dry_inclusive_only,40847,BSk_cold_steppe,False,303.18,18.919398907103826,52.94117647058824,23.010380622837374,32.35294117647059,-2.4221453287197185,29.411764705882355,23.52941176470588,11.76470588235294,70.58823529411765,88.23529411764706,64.70588235294117
annual,dry_inclusive_only,40848,BSh_hot_steppe,False,321.43000000000006,19.27205479452055,23.529411764705884,13.321799307958477,8.823529411764705,1.3840830449827006,29.411764705882355,23.52941176470588,11.76470588235294,70.58823529411765,41.17647058823529,35.294117647058826
annual,dry_inclusive_only,40849,BWk_cold_desert,False,111.74000000000001,15.667671232876712,29.411764705882355,7.785467128027681,15.7439446366782,5.882352941176474,29.411764705882355,23.52941176470588,5.88235294117647,47.05882352941176,64.70588235294117,35.294117647058826
annual,dry_inclusive_only,40851,BSk_cold_steppe,False,103.9,17.88,23.52941176470588,4.152249134948096,8.304498269896193,11.072664359861593,29.411764705882355,23.52941176470588,5.88235294117647,41.17647058823529,47.05882352941176,29.411764705882355
annual,dry_inclusive_only,40853,BSk_cold_steppe,False,207.71,15.44986301369863,23.529411764705884,3.287197231833911,20.93425605536332,-0.6920415224913462,29.411764705882355,23.52941176470588,11.76470588235294,35.294117647058826,88.23529411764706,35.294117647058826
annual,dry_inclusive_only,40854,BWh_hot_desert,False,36.67,24.395604395604394,11.76470588235294,0.0,13.84083044982699,-2.0761245674740496,29.411764705882355,23.52941176470588,11.76470588235294,29.411764705882355,70.58823529411765,23.52941176470588
annual,dry_inclusive_only,40856,BWh_hot_desert,False,40.75,19.65890410958904,11.76470588235294,-2.941176470588236,14.013840830449825,0.6920415224913518,29.411764705882355,23.52941176470588,11.76470588235294,23.52941176470588,76.47058823529412,23.52941176470588
annual,dry_inclusive_only,40859,BSh_hot_steppe,False,243.72,19.63551912568306,47.05882352941176,17.301038062283737,31.141868512110722,-1.3840830449827006,29.411764705882355,23.52941176470588,11.76470588235294,58.82352941176471,94.11764705882352,58.82352941176471
annual,dry_inclusive_only,40870,BWh_hot_desert,False,59.14,22.8841095890411,-23.52941176470588,-2.0761245674740487,-4.844290657439446,-16.608996539792386,29.411764705882355,23.52941176470588,23.52941176470588,11.76470588235294,0.0,0.0
annual,dry_inclusive_only,40873,BWh_hot_desert,False,132.73999999999998,26.50409836065574,-11.76470588235294,1.3840830449826986,-8.304498269896193,-4.844290657439446,29.411764705882355,23.52941176470588,11.76470588235294,41.17647058823529,0.0,0.0
annual,dry_inclusive_only,40875,BWh_hot_desert,False,82.14,27.427945205479453,23.52941176470588,4.152249134948096,8.304498269896193,11.072664359861593,29.411764705882355,23.52941176470588,5.88235294117647,41.17647058823529,47.05882352941176,29.411764705882355
annual,dry_inclusive_only,40877,BWh_hot_desert,False,120.84,27.345303867403317,17.647058823529413,4.49826989619377,10.380622837370241,2.7681660899654013,29.411764705882355,23.52941176470588,11.76470588235294,41.17647058823529,52.94117647058824,29.411764705882355
annual,dry_inclusive_only,40878,BWh_hot_desert,False,67.51,23.02950819672131,17.647058823529413,5.19031141868512,14.53287197231834,-2.0761245674740443,29.411764705882355,23.52941176470588,17.647058823529413,41.17647058823529,64.70588235294117,35.294117647058826
annual,dry_inclusive_only,40879,BWh_hot_desert,False,65.57,27.651092896174863,11.76470588235294,2.4221453287197234,11.418685121107268,-2.0761245674740496,29.411764705882355,23.52941176470588,17.647058823529413,35.294117647058826,58.82352941176471,29.411764705882355
annual,dry_inclusive_only,40882,BWh_hot_desert,False,86.34,27.94,5.882352941176472,-5.536332179930796,11.072664359861593,0.3460207612456745,29.411764705882355,23.52941176470588,11.76470588235294,17.647058823529413,70.58823529411765,17.647058823529413
annual,dry_inclusive_only,40883,BWh_hot_desert,False,52.42,27.658241758241758,11.76470588235294,-2.0761245674740487,6.228373702422145,7.612456747404845,29.411764705882355,23.52941176470588,11.76470588235294,23.52941176470588,47.05882352941176,23.52941176470588
annual,dry_inclusive_only,40889,BWh_hot_desert,False,57.82,28.11287671232877,23.52941176470588,2.768166089965398,15.224913494809691,5.536332179930794,29.411764705882355,23.52941176470588,5.88235294117647,35.294117647058826,70.58823529411765,29.411764705882355
annual,dry_inclusive_only,40890,BWh_hot_desert,False,71.44,27.937534246575346,17.647058823529413,7.785467128027681,15.7439446366782,-5.882352941176469,29.411764705882355,23.52941176470588,11.76470588235294,47.05882352941176,64.70588235294117,29.411764705882355
annual,dry_inclusive_only,40893,BWh_hot_desert,False,40.05,27.5,5.882352941176472,0.0,10.380622837370243,-4.498269896193771,29.411764705882355,23.52941176470588,11.76470588235294,29.411764705882355,58.82352941176471,17.647058823529413
annual,dry_inclusive_only,40898,BWh_hot_desert,False,47.4,26.587704918032788,11.764705882352942,-3.1141868512110737,15.570934256055361,-0.6920415224913476,29.411764705882355,23.52941176470588,5.88235294117647,23.52941176470588,82.35294117647058,17.647058823529413
annual,dry_inclusive_only,99459,Dsa_cold_dry_summer,False,212.41000000000003,13.425409836065572,0.0,1.2110726643598617,-1.9031141868512107,0.692041522491349,29.411764705882355,23.52941176470588,5.88235294117647,35.294117647058826,17.647058823529413,5.88235294117647
annual,both_inclusive,40700,BSk_cold_steppe,False,207.81,16.23620178041543,-5.88235294117647,-3.1141868512110724,-1.384083044982699,-1.3840830449826986,29.411764705882355,29.411764705882355,11.76470588235294,17.647058823529413,23.52941176470588,5.88235294117647
annual,both_inclusive,40701,BSk_cold_steppe,False,235.89,12.049523809523809,-11.764705882352942,-6.7474048442906565,3.633217993079584,-8.650519031141869,29.411764705882355,29.411764705882355,17.647058823529413,11.76470588235294,47.05882352941176,5.88235294117647
annual,both_inclusive,40702,BWk_cold_desert,False,155.51999999999998,16.293731343283582,-5.882352941176472,-7.7854671280276815,6.055363321799308,-4.152249134948098,29.411764705882355,29.411764705882355,17.647058823529413,11.76470588235294,58.82352941176471,11.76470588235294
annual,both_inclusive,40703,BSk_cold_steppe,False,207.23000000000002,13.59031339031339,-5.882352941176472,-7.7854671280276815,6.055363321799308,-4.152249134948098,29.411764705882355,29.411764705882355,17.647058823529413,11.76470588235294,58.82352941176471,11.76470588235294
annual,both_inclusive,40704,BSk_cold_steppe,False,265.08,11.893538461538462,11.76470588235294,5.5363321799307945,12.45674740484429,-6.228373702422142,29.411764705882355,29.411764705882355,17.647058823529413,41.17647058823529,64.70588235294117,29.411764705882355
annual,both_inclusive,40706,BSk_cold_steppe,False,218.92000000000002,14.079827089337176,5.882352941176472,2.0761245674740487,3.8062283737024214,1.3877787807814457e-15,29.411764705882355,29.411764705882355,11.76470588235294,35.294117647058826,41.17647058823529,17.647058823529413
annual,both_inclusive,40708,BSk_cold_steppe,False,251.92,10.45625,23.529411764705884,8.304498269896193,13.494809688581313,1.7301038062283767,29.411764705882355,29.411764705882355,11.76470588235294,47.05882352941176,64.70588235294117,35.294117647058826
annual,both_inclusive,40709,C_temperate,False,1267.81,15.911506849315067,11.76470588235294,0.0,13.840830449826989,-2.0761245674740483,29.411764705882355,29.411764705882355,11.76470588235294,29.411764705882355,76.47058823529412,23.52941176470588
annual,both_inclusive,40710,BSk_cold_steppe,False,224.96,9.671469740634006,5.882352941176469,5.19031141868512,10.380622837370241,-9.688581314878892,29.411764705882355,29.411764705882355,17.647058823529413,41.17647058823529,58.82352941176471,23.52941176470588
annual,both_inclusive,40712,BSk_cold_steppe,False,230.62,12.257848837209302,-11.76470588235294,-4.844290657439446,5.536332179930796,-12.456747404844291,29.411764705882355,29.411764705882355,23.52941176470588,17.647058823529413,52.94117647058824,11.76470588235294
annual,both_inclusive,40713,BSk_cold_steppe,False,244.96,14.307267441860464,29.411764705882348,12.45674740484429,19.377162629757784,-2.422145328719723,29.411764705882355,29.411764705882355,11.76470588235294,52.94117647058824,76.47058823529412,41.17647058823529
annual,both_inclusive,40716,BSk_cold_steppe,False,259.86,15.264306784660768,17.647058823529413,7.266435986159168,8.996539792387543,1.3840830449827022,29.411764705882355,29.411764705882355,11.76470588235294,47.05882352941176,52.94117647058824,29.411764705882355
annual,both_inclusive,40717,BSk_cold_steppe,False,316.14,9.206489675516224,-5.882352941176472,-5.88235294117647,9.688581314878894,-9.688581314878896,29.411764705882355,29.411764705882355,17.647058823529413,17.647058823529413,70.58823529411765,11.76470588235294
annual,both_inclusive,40718,C_temperate,False,1442.72,17.354518072289157,0.0,-5.88235294117647,9.688581314878894,-3.8062283737024236,29.411764705882355,29.411764705882355,11.76470588235294,17.647058823529413,70.58823529411765,11.76470588235294
annual,both_inclusive,40719,C_temperate,False,1156.12,17.140751445086703,17.647058823529413,5.19031141868512,10.380622837370241,2.076124567474051,29.411764705882355,29.411764705882355,17.647058823529413,41.17647058823529,58.82352941176471,35.294117647058826
annual,both_inclusive,40723,BWk_cold_desert,False,212.95,13.237808219178083,23.52941176470588,8.823529411764705,15.7439446366782,-1.0380622837370304,29.411764705882355,29.411764705882355,17.647058823529413,47.05882352941176,70.58823529411765,41.17647058823529
annual,both_inclusive,40724,Dsa_cold_dry_summer,False,525.23,13.60207715133531,-11.764705882352942,-11.072664359861593,6.228373702422147,-6.920415224913495,29.411764705882355,29.411764705882355,17.647058823529413,5.88235294117647,64.70588235294117,5.88235294117647
annual,both_inclusive,40726,BSk_cold_steppe,False,331.18999999999994,13.952380952380953,5.882352941176469,0.0,10.380622837370243,-4.498269896193776,29.411764705882355,29.411764705882355,17.647058823529413,29.411764705882355,64.70588235294117,23.52941176470588
annual,both_inclusive,40727,Dsa_cold_dry_summer,False,371.14,11.300546448087431,11.76470588235294,0.0,19.03114186851211,-7.266435986159172,29.411764705882355,29.411764705882355,17.647058823529413,29.411764705882355,94.11764705882352,29.411764705882355
annual,both_inclusive,40728,BSk_cold_steppe,False,276.67999999999995,10.256811594202897,17.647058823529413,5.5363321799307945,12.45674740484429,-0.3460207612456703,29.411764705882355,29.411764705882355,11.76470588235294,41.17647058823529,64.70588235294117,29.411764705882355
annual,both_inclusive,40729,BSk_cold_steppe,False,255.36,11.260330578512397,11.76470588235294,0.0,17.301038062283737,-5.536332179930794,29.411764705882355,29.411764705882355,17.647058823529413,29.411764705882355,88.23529411764706,29.411764705882355
annual,both_inclusive,40730,BSk_cold_steppe,False,241.63,13.477534246575344,0.0,0.0,1.7301038062283742,-1.7301038062283738,29.411764705882355,29.411764705882355,17.647058823529413,29.411764705882355,35.294117647058826,17.647058823529413
annual,both_inclusive,40731,BSk_cold_steppe,False,284.69,14.14010989010989,23.52941176470588,8.823529411764705,15.7439446366782,-1.0380622837370304,29.411764705882355,29.411764705882355,17.647058823529413,47.05882352941176,70.58823529411765,41.17647058823529
annual,both_inclusive,40732,C_temperate,False,948.98,17.05142857142857,0.0,-9.861591695501732,10.899653979238751,-1.0380622837370235,29.411764705882355,29.411764705882355,11.76470588235294,11.76470588235294,82.35294117647058,11.76470588235294
annual,both_inclusive,40734,C_temperate,False,1182.89,16.800273972602742,23.52941176470588,0.0,15.570934256055361,7.958477508650522,29.411764705882355,29.411764705882355,5.88235294117647,29.411764705882355,82.35294117647058,29.411764705882355
annual,both_inclusive,40736,C_temperate,False,805.0,18.184931506849313,11.76470588235294,2.768166089965398,11.418685121107268,-2.4221453287197257,29.411764705882355,29.411764705882355,17.647058823529413,35.294117647058826,64.70588235294117,29.411764705882355
annual,both_inclusive,40737,C_temperate,False,658.8899999999999,17.61278409090909,17.64705882352941,9.342560553633216,17.99307958477508,-9.688581314878892,29.411764705882355,29.411764705882355,23.52941176470588,47.05882352941176,76.47058823529412,41.17647058823529
annual,both_inclusive,40738,BSh_hot_steppe,False,469.66999999999996,18.51344537815126,23.529411764705884,9.515570934256058,2.5951557093425612,11.418685121107268,29.411764705882355,29.411764705882355,11.76470588235294,58.82352941176471,35.294117647058826,35.294117647058826
annual,both_inclusive,40739,BWk_cold_desert,False,127.76999999999998,15.419178082191781,5.882352941176472,2.249134948096886,5.709342560553633,-2.0761245674740483,29.411764705882355,29.411764705882355,11.76470588235294,35.294117647058826,47.05882352941176,17.647058823529413
annual,both_inclusive,40740,BSk_cold_steppe,False,271.63,13.275342465753425,-5.882352941176472,-1.384083044982699,-3.1141868512110724,-1.3840830449826993,29.411764705882355,29.411764705882355,17.647058823529413,23.52941176470588,17.647058823529413,11.76470588235294
annual,both_inclusive,40741,BSk_cold_steppe,False,170.0,19.361095890410958,17.64705882352941,2.0761245674740487,3.8062283737024214,11.76470588235294,29.411764705882355,29.411764705882355,5.88235294117647,35.294117647058826,41.17647058823529,23.52941176470588
annual,both_inclusive,40743,BWk_cold_desert,False,147.41,18.23890410958904,41.17647058823529,17.647058823529413,19.377162629757787,4.152249134948092,29.411764705882355,29.411764705882355,17.647058823529413,64.70588235294117,70.58823529411765,58.82352941176471
annual,both_inclusive,40745,BWk_cold_desert,False,210.90000000000003,15.78551912568306,17.647058823529413,8.823529411764705,15.7439446366782,-6.920415224913497,29.411764705882355,29.411764705882355,17.647058823529413,47.05882352941176,70.58823529411765,35.294117647058826
annual,both_inclusive,40746,BSk_cold_steppe,False,191.1,15.479452054794521,0.0,-1.7301038062283742,0.0,1.7301038062283738,29.411764705882355,29.411764705882355,11.76470588235294,23.52941176470588,29.411764705882355,11.76470588235294
annual,both_inclusive,40747,Dsa_cold_dry_summer,False,367.51,14.331506849315069,35.29411764705882,20.761245674740486,27.681660899653977,-13.148788927335636,29.411764705882355,29.411764705882355,17.647058823529413,64.70588235294117,88.23529411764706,52.94117647058824
annual,both_inclusive,40748,BSk_cold_steppe,False,302.03999999999996,12.14016393442623,11.76470588235294,2.5951557093425612,9.515570934256058,-0.3460207612456759,29.411764705882355,29.411764705882355,11.76470588235294,35.294117647058826,58.82352941176471,23.52941176470588
annual,both_inclusive,40749,Dsa_cold_dry_summer,False,370.89,8.925205479452055,35.29411764705882,11.76470588235294,16.955017301038065,6.5743944636678195,29.411764705882355,29.411764705882355,11.76470588235294,52.94117647058824,70.58823529411765,47.05882352941176
annual,both_inclusive,40751,BSk_cold_steppe,False,383.05999999999995,15.89724517906336,41.17647058823529,15.570934256055363,20.76124567474048,4.844290657439447,29.411764705882355,29.411764705882355,11.76470588235294,58.82352941176471,76.47058823529412,52.94117647058824
annual,both_inclusive,40752,BSk_cold_steppe,False,240.2,16.829781420765027,-5.882352941176472,7.7854671280276815,-2.5951557093425612,-11.072664359861593,29.411764705882355,29.411764705882355,17.647058823529413,58.82352941176471,23.52941176470588,11.76470588235294
annual,both_inclusive,40754,BSk_cold_steppe,False,195.76,18.69150684931507,35.29411764705882,12.110726643598616,10.380622837370241,12.802768166089965,29.411764705882355,29.411764705882355,5.88235294117647,58.82352941176471,52.94117647058824,41.17647058823529
annual,both_inclusive,40755,BWk_cold_desert,False,439.33,10.18958904109589,-5.88235294117647,2.4221453287197225,-6.228373702422145,-2.076124567474048,29.411764705882355,29.411764705882355,11.76470588235294,41.17647058823529,11.76470588235294,5.88235294117647
annual,both_inclusive,40757,BWk_cold_desert,False,128.57999999999998,18.687978142076503,52.94117647058824,23.52941176470588,21.79930795847751,7.612456747404854,29.411764705882355,29.411764705882355,11.76470588235294,76.47058823529412,70.58823529411765,64.70588235294117
annual,both_inclusive,40758,BWh_hot_desert,False,116.23999999999998,19.513698630136986,58.82352941176471,24.221453287197235,29.411764705882348,5.190311418685127,29.411764705882355,29.411764705882355,11.76470588235294,70.58823529411765,88.23529411764706,70.58823529411765
annual,both_inclusive,40762,BSk_cold_steppe,False,236.61,14.617857142857142,47.05882352941176,22.14532871972318,18.685121107266436,6.22837370242215,29.411764705882355,29.411764705882355,11.76470588235294,76.47058823529412,64.70588235294117,58.82352941176471
annual,both_inclusive,40763,BSk_cold_steppe,False,162.03,19.33753424657534,17.64705882352941,10.899653979238755,-2.941176470588236,9.688581314878892,29.411764705882355,29.411764705882355,5.88235294117647,70.58823529411765,23.52941176470588,23.52941176470588
annual,both_inclusive,40764,C_temperate,False,417.45000000000005,15.95892857142857,5.882352941176472,0.0,8.650519031141869,-2.7681660899653973,29.411764705882355,29.411764705882355,11.76470588235294,29.411764705882355,58.82352941176471,17.647058823529413
annual,both_inclusive,40765,C_temperate,False,347.90000000000003,20.71391304347826,23.529411764705884,3.287197231833911,17.1280276816609,3.1141868512110746,29.411764705882355,29.411764705882355,11.76470588235294,35.294117647058826,82.35294117647058,35.294117647058826
annual,both_inclusive,40766,C_temperate,False,357.94,16.20991253644315,5.882352941176469,2.249134948096886,5.709342560553633,-2.076124567474051,29.411764705882355,29.411764705882355,17.647058823529413,35.294117647058826,47.05882352941176,23.52941176470588
annual,both_inclusive,40768,BSk_cold_steppe,False,270.35999999999996,12.227138643067846,35.29411764705882,16.435986159169552,23.35640138408304,-4.4982698961937695,29.411764705882355,29.411764705882355,17.647058823529413,58.82352941176471,82.35294117647058,52.94117647058824
annual,both_inclusive,40769,Dsa_cold_dry_summer,False,249.60000000000002,15.027167630057802,29.411764705882355,5.5363321799307945,12.45674740484429,11.418685121107272,29.411764705882355,29.411764705882355,5.88235294117647,41.17647058823529,64.70588235294117,35.294117647058826
annual,both_inclusive,40770,BWh_hot_desert,False,146.52,18.742191780821916,58.82352941176471,18.685121107266436,22.14532871972318,17.99307958477509,29.411764705882355,29.411764705882355,0.0,64.70588235294117,76.47058823529412,58.82352941176471
annual,both_inclusive,40771,C_temperate,False,344.58,13.672463768115943,17.647058823529413,11.76470588235294,16.955017301038065,-11.07266435986159,29.411764705882355,29.411764705882355,11.76470588235294,52.94117647058824,70.58823529411765,29.411764705882355
annual,both_inclusive,40772,BSk_cold_steppe,False,309.9,12.986338797814208,11.76470588235294,11.072664359861593,14.53287197231834,-13.84083044982699,29.411764705882355,29.411764705882355,17.647058823529413,52.94117647058824,64.70588235294117,29.411764705882355
annual,both_inclusive,40774,C_temperate,False,409.94999999999993,15.770426829268292,23.529411764705884,11.072664359861593,14.53287197231834,-2.0761245674740483,29.411764705882355,29.411764705882355,11.76470588235294,52.94117647058824,64.70588235294117,35.294117647058826
annual,both_inclusive,40778,BWh_hot_desert,False,90.89,19.828415300546446,-5.88235294117647,2.076124567474048,-8.304498269896193,0.3460207612456759,29.411764705882355,29.411764705882355,11.76470588235294,41.17647058823529,5.88235294117647,5.88235294117647
annual,both_inclusive,40779,C_temperate,False,354.58000000000004,14.568194842406877,-5.882352941176472,-4.1522491349480966,2.7681660899653973,-4.498269896193772,29.411764705882355,29.411764705882355,17.647058823529413,17.647058823529413,41.17647058823529,11.76470588235294
annual,both_inclusive,40780,C_temperate,False,492.48,17.455277777777777,17.647058823529413,10.380622837370241,12.110726643598616,-4.844290657439444,29.411764705882355,29.411764705882355,11.76470588235294,52.94117647058824,58.82352941176471,29.411764705882355
annual,both_inclusive,40782,C_temperate,False,423.83000000000004,17.565306122448977,5.882352941176469,7.785467128027681,11.245674740484429,-13.14878892733564,29.411764705882355,29.411764705882355,17.647058823529413,47.05882352941176,58.82352941176471,23.52941176470588
annual,both_inclusive,40783,Dsa_cold_dry_summer,False,367.21999999999997,12.931123919308359,29.411764705882348,14.705882352941178,18.166089965397923,-3.460207612456752,29.411764705882355,29.411764705882355,17.647058823529413,58.82352941176471,70.58823529411765,47.05882352941176
annual,both_inclusive,40785,BWh_hot_desert,False,105.2,19.74672131147541,29.411764705882355,2.768166089965398,11.418685121107268,15.22491349480969,29.411764705882355,29.411764705882355,5.88235294117647,35.294117647058826,64.70588235294117,35.294117647058826
annual,both_inclusive,40789,BWh_hot_desert,False,58.010000000000005,20.94986301369863,29.411764705882355,6.228373702422144,16.608996539792383,6.574394463667829,29.411764705882355,29.411764705882355,5.88235294117647,41.17647058823529,76.47058823529412,35.294117647058826
annual,both_inclusive,40791,BWh_hot_desert,False,61.910000000000004,22.946575342465753,47.05882352941176,13.84083044982699,24.221453287197228,8.996539792387544,29.411764705882355,29.411764705882355,5.88235294117647,52.94117647058824,88.23529411764706,52.94117647058824
annual,both_inclusive,40792,BWk_cold_desert,False,115.4,19.62,-5.88235294117647,5.190311418685122,-10.380622837370241,-0.692041522491349,29.411764705882355,29.411764705882355,11.76470588235294,58.82352941176471,5.88235294117647,5.88235294117647
annual,both_inclusive,40793,BSk_cold_steppe,False,124.64,17.319398907103825,-11.76470588235294,-1.0380622837370246,-6.228373702422145,-4.498269896193771,29.411764705882355,29.411764705882355,11.76470588235294,23.52941176470588,5.88235294117647,0.0
annual,both_inclusive,40794,BSh_hot_steppe,False,295.24,24.53434065934066,47.05882352941176,20.761245674740486,27.681660899653977,-1.3840830449826953,29.411764705882355,29.411764705882355,5.88235294117647,64.70588235294117,88.23529411764706,52.94117647058824
annual,both_inclusive,40796,BSh_hot_steppe,False,230.8,26.425753424657533,17.647058823529413,3.4602076124567485,19.03114186851211,-4.844290657439444,29.411764705882355,29.411764705882355,11.76470588235294,35.294117647058826,88.23529411764706,29.411764705882355
annual,both_inclusive,40797,Dsa_cold_dry_summer,False,1167.8400000000001,10.27917808219178,23.52941176470588,5.5363321799307945,12.45674740484429,5.5363321799308,29.411764705882355,29.411764705882355,5.88235294117647,41.17647058823529,64.70588235294117,29.411764705882355
annual,both_inclusive,40798,Dsa_cold_dry_summer,False,276.51,12.269945355191258,0.0,6.228373702422144,4.49826989619377,-10.726643598615917,29.411764705882355,29.411764705882355,23.52941176470588,47.05882352941176,41.17647058823529,23.52941176470588
annual,both_inclusive,40802,BWk_cold_desert,False,92.28,16.08,17.647058823529413,7.612456747404845,2.4221453287197234,7.6124567474048455,29.411764705882355,29.411764705882355,11.76470588235294,52.94117647058824,35.294117647058826,29.411764705882355
annual,both_inclusive,40809,BWk_cold_desert,False,140.74,17.06775956284153,29.411764705882348,16.60899653979239,16.60899653979239,-3.8062283737024263,29.411764705882355,29.411764705882355,17.647058823529413,64.70588235294117,64.70588235294117,47.05882352941176
annual,both_inclusive,40810,BWh_hot_desert,False,159.3,25.043835616438358,35.294117647058826,6.920415224913494,20.76124567474048,7.612456747404852,29.411764705882355,29.411764705882355,0.0,41.17647058823529,88.23529411764706,35.294117647058826
annual,both_inclusive,40811,BWh_hot_desert,False,179.57999999999998,26.593406593406595,23.529411764705884,10.380622837370241,22.491349480968854,-9.342560553633213,29.411764705882355,29.411764705882355,11.76470588235294,47.05882352941176,88.23529411764706,35.294117647058826
annual,both_inclusive,40812,BSh_hot_steppe,False,366.39,26.102191780821915,17.647058823529413,11.072664359861593,14.53287197231834,-7.95847750865052,29.411764705882355,29.411764705882355,11.76470588235294,52.94117647058824,64.70588235294117,29.411764705882355
annual,both_inclusive,40813,BSh_hot_steppe,False,279.90000000000003,27.03861111111111,41.17647058823529,23.010380622837374,26.470588235294112,-8.304498269896195,29.411764705882355,29.411764705882355,11.76470588235294,70.58823529411765,82.35294117647058,52.94117647058824
annual,both_inclusive,40818,BSk_cold_steppe,False,119.41999999999999,14.798904109589042,29.411764705882355,5.882352941176469,14.53287197231834,8.996539792387544,29.411764705882355,29.411764705882355,5.88235294117647,41.17647058823529,70.58823529411765,35.294117647058826
annual,both_inclusive,40821,BWh_hot_desert,False,44.98,20.481369863013697,17.64705882352941,-3.287197231833911,14.013840830449825,6.920415224913495,29.411764705882355,29.411764705882355,5.88235294117647,23.52941176470588,82.35294117647058,23.52941176470588
annual,both_inclusive,40827,BWh_hot_desert,False,77.64,22.292622950819673,-11.76470588235294,2.5951557093425603,-11.245674740484429,-3.114186851211072,29.411764705882355,29.411764705882355,11.76470588235294,47.05882352941176,0.0,0.0
annual,both_inclusive,40829,BWh_hot_desert,False,37.52,22.850546448087428,17.64705882352941,9.342560553633216,17.99307958477508,-9.688581314878892,29.411764705882355,29.411764705882355,23.52941176470588,47.05882352941176,76.47058823529412,41.17647058823529
annual,both_inclusive,40831,BWh_hot_desert,False,147.0,26.632602739726025,47.05882352941176,26.297577854671278,28.02768166089965,-7.266435986159155,29.411764705882355,29.411764705882355,11.76470588235294,76.47058823529412,82.35294117647058,58.82352941176471
annual,both_inclusive,40832,BWh_hot_desert,False,184.03,26.20657534246575,23.52941176470588,9.86159169550173,20.242214532871966,-6.574394463667818,29.411764705882355,29.411764705882355,5.88235294117647,47.05882352941176,82.35294117647058,29.411764705882355
annual,both_inclusive,40839,BWh_hot_desert,False,54.51,18.80821917808219,5.882352941176469,2.941176470588236,13.321799307958479,-10.380622837370247,29.411764705882355,29.411764705882355,17.647058823529413,35.294117647058826,70.58823529411765,23.52941176470588
annual,both_inclusive,40841,BWk_cold_desert,False,101.64,16.883561643835616,35.29411764705882,9.342560553633216,17.99307958477508,7.958477508650523,29.411764705882355,29.411764705882355,11.76470588235294,47.05882352941176,76.47058823529412,47.05882352941176
annual,both_inclusive,40844,BSk_cold_steppe,False,452.56000000000006,18.553150684931506,41.17647058823529,23.52941176470588,21.79930795847751,-4.1522491349480894,29.411764705882355,29.411764705882355,17.647058823529413,76.47058823529412,70.58823529411765,58.82352941176471
annual,both_inclusive,40847,BSk_cold_steppe,False,303.18,18.919398907103826,52.94117647058824,24.221453287197235,29.411764705882348,-0.6920415224913448,29.411764705882355,29.411764705882355,11.76470588235294,70.58823529411765,88.23529411764706,64.70588235294117
annual,both_inclusive,40848,BSh_hot_steppe,False,321.43000000000006,19.27205479452055,17.647058823529413,14.53287197231834,5.882352941176469,-2.7681660899653973,29.411764705882355,29.411764705882355,17.647058823529413,70.58823529411765,41.17647058823529,35.294117647058826
annual,both_inclusive,40849,BWk_cold_desert,False,111.74000000000001,15.667671232876712,23.529411764705884,8.304498269896193,13.494809688581313,1.7301038062283767,29.411764705882355,29.411764705882355,11.76470588235294,47.05882352941176,64.70588235294117,35.294117647058826
annual,both_inclusive,40851,BSk_cold_steppe,False,103.9,17.88,17.647058823529413,4.49826989619377,6.228373702422144,6.920415224913497,29.411764705882355,29.411764705882355,11.76470588235294,41.17647058823529,47.05882352941176,29.411764705882355
annual,both_inclusive,40853,BSk_cold_steppe,False,207.71,15.44986301369863,23.529411764705884,3.4602076124567485,19.03114186851211,1.0380622837370277,29.411764705882355,29.411764705882355,11.76470588235294,35.294117647058826,88.23529411764706,35.294117647058826
annual,both_inclusive,40854,BWh_hot_desert,False,36.67,24.395604395604394,11.76470588235294,0.0,12.110726643598618,-0.3460207612456759,29.411764705882355,29.411764705882355,11.76470588235294,29.411764705882355,70.58823529411765,23.52941176470588
annual,both_inclusive,40856,BWh_hot_desert,False,40.75,19.65890410958904,5.882352941176469,-3.1141868512110737,12.456747404844288,-3.4602076124567462,29.411764705882355,29.411764705882355,17.647058823529413,23.52941176470588,76.47058823529412,23.52941176470588
annual,both_inclusive,40859,BSh_hot_steppe,False,243.72,19.63551912568306,47.05882352941176,18.166089965397923,28.54671280276816,0.3460207612456731,29.411764705882355,29.411764705882355,11.76470588235294,58.82352941176471,94.11764705882352,58.82352941176471
annual,both_inclusive,40870,BWh_hot_desert,False,59.14,22.8841095890411,-29.411764705882355,-2.595155709342561,-6.055363321799308,-20.761245674740486,29.411764705882355,29.411764705882355,29.411764705882355,11.76470588235294,0.0,0.0
annual,both_inclusive,40873,BWh_hot_desert,False,132.73999999999998,26.50409836065574,-17.647058823529413,1.7301038062283736,-10.380622837370241,-8.996539792387544,29.411764705882355,29.411764705882355,17.647058823529413,41.17647058823529,0.0,0.0
annual,both_inclusive,40875,BWh_hot_desert,False,82.14,27.427945205479453,17.647058823529413,4.49826989619377,6.228373702422144,6.920415224913497,29.411764705882355,29.411764705882355,11.76470588235294,41.17647058823529,47.05882352941176,29.411764705882355
annual,both_inclusive,40877,BWh_hot_desert,False,120.84,27.345303867403317,17.647058823529413,4.844290657439445,8.304498269896193,4.498269896193776,29.411764705882355,29.411764705882355,11.76470588235294,41.17647058823529,52.94117647058824,29.411764705882355
annual,both_inclusive,40878,BWh_hot_desert,False,67.51,23.02950819672131,11.764705882352944,5.5363321799307945,12.45674740484429,-6.228373702422141,29.411764705882355,29.411764705882355,23.52941176470588,41.17647058823529,64.70588235294117,35.294117647058826
annual,both_inclusive,40879,BWh_hot_desert,False,65.57,27.651092896174863,5.882352941176472,2.5951557093425612,9.515570934256058,-6.228373702422147,29.411764705882355,29.411764705882355,23.52941176470588,35.294117647058826,58.82352941176471,29.411764705882355
annual,both_inclusive,40882,BWh_hot_desert,False,86.34,27.94,5.882352941176472,-5.88235294117647,9.688581314878894,2.0761245674740483,29.411764705882355,29.411764705882355,11.76470588235294,17.647058823529413,70.58823529411765,17.647058823529413
annual,both_inclusive,40883,BWh_hot_desert,False,52.42,27.658241758241758,11.76470588235294,-2.249134948096886,4.671280276816608,9.342560553633218,29.411764705882355,29.411764705882355,11.76470588235294,23.52941176470588,47.05882352941176,23.52941176470588
annual,both_inclusive,40889,BWh_hot_desert,False,57.82,28.11287671232877,17.647058823529413,2.941176470588236,13.321799307958479,1.3840830449826966,29.411764705882355,29.411764705882355,11.76470588235294,35.294117647058826,70.58823529411765,29.411764705882355
annual,both_inclusive,40890,BWh_hot_desert,False,71.44,27.937534246575346,17.647058823529413,8.304498269896193,13.494809688581313,-4.152249134948096,29.411764705882355,29.411764705882355,11.76470588235294,47.05882352941176,64.70588235294117,29.411764705882355
annual,both_inclusive,40893,BWh_hot_desert,False,40.05,27.5,5.882352941176472,0.0,8.650519031141869,-2.7681660899653973,29.411764705882355,29.411764705882355,11.76470588235294,29.411764705882355,58.82352941176471,17.647058823529413
annual,both_inclusive,40898,BWh_hot_desert,False,47.4,26.587704918032788,5.882352941176472,-3.287197231833911,14.013840830449825,-4.844290657439444,29.411764705882355,29.411764705882355,11.76470588235294,23.52941176470588,82.35294117647058,17.647058823529413
annual,both_inclusive,99459,Dsa_cold_dry_summer,False,212.41000000000003,13.425409836065572,-5.88235294117647,1.384083044982699,-3.8062283737024223,-3.4602076124567476,29.411764705882355,29.411764705882355,11.76470588235294,35.294117647058826,17.647058823529413,5.88235294117647
warm_season,strict,40700,BSk_cold_steppe,False,24.11,32.31803278688525,17.64705882352941,0.0,5.536332179930796,12.110726643598616,23.52941176470588,23.52941176470588,5.88235294117647,23.52941176470588,47.05882352941176,23.52941176470588
warm_season,strict,40701,BSk_cold_steppe,False,53.25,28.11916666666667,5.882352941176469,0.0,11.072664359861593,-5.190311418685124,23.52941176470588,23.52941176470588,17.647058823529413,23.52941176470588,70.58823529411765,23.52941176470588
warm_season,strict,40702,BWk_cold_desert,False,17.529999999999998,33.9344262295082,11.76470588235294,0.0,9.688581314878894,2.0761245674740483,23.52941176470588,23.52941176470588,11.76470588235294,23.52941176470588,64.70588235294117,23.52941176470588
warm_season,strict,40703,BSk_cold_steppe,False,26.04,31.35081967213115,29.411764705882355,6.2283737024221475,17.301038062283737,5.882352941176472,23.52941176470588,23.52941176470588,5.88235294117647,35.294117647058826,82.35294117647058,35.294117647058826
warm_season,strict,40704,BSk_cold_steppe,False,27.64,27.634710743801655,11.76470588235294,2.249134948096886,7.7854671280276815,1.7301038062283738,23.52941176470588,23.52941176470588,17.647058823529413,29.411764705882355,52.94117647058824,29.411764705882355
warm_season,strict,40706,BSk_cold_steppe,False,16.36,31.53636363636364,0.0,-3.114186851211072,12.110726643598614,-8.996539792387544,23.52941176470588,23.52941176470588,11.76470588235294,17.647058823529413,82.35294117647058,11.76470588235294
warm_season,strict,40708,BSk_cold_steppe,False,17.62,24.832786885245902,11.764705882352942,-2.7681660899653973,9.688581314878892,4.844290657439446,23.52941176470588,23.52941176470588,5.88235294117647,17.647058823529413,70.58823529411765,17.647058823529413
warm_season,strict,40709,C_temperate,False,290.82,28.672131147540984,5.882352941176472,0.0,11.072664359861593,-5.190311418685122,23.52941176470588,23.52941176470588,11.76470588235294,23.52941176470588,70.58823529411765,17.647058823529413
warm_season,strict,40710,BSk_cold_steppe,False,28.3,28.085245901639347,11.76470588235294,4.844290657439447,10.380622837370243,-3.460207612456749,23.52941176470588,23.52941176470588,11.76470588235294,35.294117647058826,58.82352941176471,23.52941176470588
warm_season,strict,40712,BSk_cold_steppe,False,4.870000000000001,29.751639344262294,0.0,-6.5743944636678195,11.418685121107263,-4.844290657439446,23.52941176470588,23.52941176470588,11.76470588235294,11.76470588235294,88.23529411764706,11.76470588235294
warm_season,strict,40713,BSk_cold_steppe,False,2.01,31.488524590163934,11.764705882352942,-3.460207612456747,14.532871972318336,0.692041522491349,23.52941176470588,23.52941176470588,5.88235294117647,17.647058823529413,94.11764705882352,17.647058823529413
warm_season,strict,40716,BSk_cold_steppe,False,8.0,34.00737704918033,23.52941176470588,5.536332179930796,13.84083044982699,4.152249134948094,23.52941176470588,23.52941176470588,5.88235294117647,35.294117647058826,70.58823529411765,29.411764705882355
warm_season,strict,40717,BSk_cold_steppe,False,20.939999999999998,25.24344262295082,17.64705882352941,2.5951557093425612,10.899653979238755,4.152249134948094,23.52941176470588,23.52941176470588,5.88235294117647,29.411764705882355,64.70588235294117,23.52941176470588
warm_season,strict,40718,C_temperate,False,344.11,27.840350877192986,11.764705882352942,0.0,15.224913494809686,-3.460207612456745,23.52941176470588,23.52941176470588,5.88235294117647,23.52941176470588,88.23529411764706,17.647058823529413
warm_season,strict,40719,C_temperate,False,255.57999999999998,29.461666666666666,35.29411764705882,16.60899653979239,19.377162629757784,-0.6920415224913532,23.52941176470588,23.52941176470588,11.76470588235294,58.82352941176471,70.58823529411765,47.05882352941176
warm_season,strict,40723,BWk_cold_desert,False,9.850000000000001,31.078688524590163,17.647058823529413,-2.9411764705882346,10.899653979238751,9.688581314878896,23.52941176470588,23.52941176470588,0.0,17.647058823529413,76.47058823529412,17.647058823529413
warm_season,strict,40724,Dsa_cold_dry_summer,False,3.73,31.15126050420168,11.764705882352942,0.0,11.072664359861593,0.692041522491349,23.52941176470588,23.52941176470588,5.88235294117647,23.52941176470588,70.58823529411765,17.647058823529413
warm_season,strict,40726,BSk_cold_steppe,False,7.1000000000000005,31.788524590163934,41.17647058823529,17.301038062283737,26.989619377162626,-3.114186851211069,23.52941176470588,23.52941176470588,11.76470588235294,52.94117647058824,94.11764705882352,52.94117647058824
warm_season,strict,40727,Dsa_cold_dry_summer,False,5.33,31.686885245901642,17.64705882352941,0.0,16.608996539792386,1.0380622837370235,23.52941176470588,23.52941176470588,5.88235294117647,23.52941176470588,94.11764705882352,23.52941176470588
warm_season,strict,40728,BSk_cold_steppe,False,10.92,29.495081967213114,41.17647058823529,17.301038062283737,26.989619377162626,-3.114186851211069,23.52941176470588,23.52941176470588,11.76470588235294,52.94117647058824,94.11764705882352,52.94117647058824
warm_season,strict,40729,BSk_cold_steppe,False,15.799999999999999,30.324590163934424,35.29411764705882,12.45674740484429,20.76124567474048,2.0761245674740483,23.52941176470588,23.52941176470588,11.76470588235294,47.05882352941176,82.35294117647058,47.05882352941176
warm_season,strict,40730,BSk_cold_steppe,False,4.83,30.550413223140495,5.882352941176472,-2.7681660899653973,9.688581314878892,-1.0380622837370248,23.52941176470588,23.52941176470588,11.76470588235294,17.647058823529413,70.58823529411765,17.647058823529413
warm_season,strict,40731,BSk_cold_steppe,False,2.68,33.966393442622945,5.882352941176472,0.0,11.072664359861593,-5.190311418685122,23.52941176470588,23.52941176470588,11.76470588235294,23.52941176470588,70.58823529411765,17.647058823529413
warm_season,strict,40732,C_temperate,False,263.77000000000004,28.305,17.647058823529413,9.342560553633216,19.031141868512105,-10.726643598615913,23.52941176470588,23.52941176470588,11.76470588235294,41.17647058823529,82.35294117647058,29.411764705882355
warm_season,strict,40734,C_temperate,False,219.94,28.075,17.64705882352941,0.0,15.224913494809686,2.4221453287197243,23.52941176470588,23.52941176470588,5.88235294117647,23.52941176470588,88.23529411764706,23.52941176470588
warm_season,strict,40736,C_temperate,False,152.24999999999997,30.183333333333334,23.52941176470588,5.709342560553631,5.709342560553631,12.110726643598618,23.52941176470588,23.52941176470588,5.88235294117647,41.17647058823529,41.17647058823529,29.411764705882355
warm_season,strict,40737,C_temperate,False,133.84,30.3198347107438,23.52941176470588,6.2283737024221475,17.301038062283737,0.0,23.52941176470588,23.52941176470588,5.88235294117647,35.294117647058826,82.35294117647058,29.411764705882355
warm_season,strict,40738,BSh_hot_steppe,False,71.14999999999999,32.4,29.411764705882355,6.920415224913497,20.761245674740483,1.7301038062283725,23.52941176470588,23.52941176470588,5.88235294117647,35.294117647058826,94.11764705882352,35.294117647058826
warm_season,strict,40739,BWk_cold_desert,False,5.93,32.114754098360656,11.76470588235294,0.0,6.920415224913495,4.844290657439447,23.52941176470588,23.52941176470588,11.76470588235294,23.52941176470588,52.94117647058824,23.52941176470588
warm_season,strict,40740,BSk_cold_steppe,False,8.23,30.626229508196722,5.882352941176472,-2.4221453287197225,7.26643598615917,1.0380622837370248,23.52941176470588,23.52941176470588,11.76470588235294,17.647058823529413,58.82352941176471,17.647058823529413
warm_season,strict,40741,BSk_cold_steppe,False,0.02,36.17438016528926,29.411764705882355,7.266435986159172,22.491349480968857,-0.3460207612456745,23.52941176470588,23.52941176470588,5.88235294117647,35.294117647058826,100.0,35.294117647058826
warm_season,strict,40743,BWk_cold_desert,False,0.3,36.36065573770492,17.64705882352941,0.0,11.072664359861593,6.574394463667818,23.52941176470588,23.52941176470588,5.88235294117647,23.52941176470588,70.58823529411765,23.52941176470588
warm_season,strict,40745,BWk_cold_desert,False,5.43,33.300000000000004,23.529411764705884,8.823529411764705,17.128027681660893,-2.4221453287197146,23.52941176470588,23.52941176470588,11.76470588235294,41.17647058823529,76.47058823529412,35.294117647058826
warm_season,strict,40746,BSk_cold_steppe,False,0.8600000000000001,33.18196721311475,0.0,-8.823529411764705,7.785467128027681,1.0380622837370248,23.52941176470588,23.52941176470588,5.88235294117647,5.88235294117647,76.47058823529412,5.88235294117647
warm_season,strict,40747,Dsa_cold_dry_summer,False,0.05,35.37213114754098,17.64705882352941,0.0,16.608996539792386,1.0380622837370235,23.52941176470588,23.52941176470588,5.88235294117647,23.52941176470588,94.11764705882352,23.52941176470588
warm_season,strict,40748,BSk_cold_steppe,False,6.05,30.011475409836066,29.411764705882355,6.920415224913497,20.761245674740483,1.7301038062283725,23.52941176470588,23.52941176470588,5.88235294117647,35.294117647058826,94.11764705882352,35.294117647058826
warm_season,strict,40749,Dsa_cold_dry_summer,False,9.809999999999999,27.359016393442623,41.17647058823529,17.301038062283737,26.989619377162626,-3.114186851211069,23.52941176470588,23.52941176470588,11.76470588235294,52.94117647058824,94.11764705882352,52.94117647058824
warm_season,strict,40751,BSk_cold_steppe,False,7.25,32.52295081967213,35.294117647058826,7.266435986159172,22.491349480968857,5.536332179930796,23.52941176470588,23.52941176470588,0.0,35.294117647058826,100.0,35.294117647058826
warm_season,strict,40752,BSk_cold_steppe,False,3.0199999999999996,33.62459016393443,29.411764705882355,6.2283737024221475,17.301038062283737,5.88235294117647,23.52941176470588,23.52941176470588,0.0,35.294117647058826,82.35294117647058,29.411764705882355
warm_season,strict,40754,BSk_cold_steppe,False,2.42,35.10901639344262,11.764705882352942,5.1903114186851225,12.110726643598618,-5.536332179930797,23.52941176470588,23.52941176470588,5.88235294117647,35.294117647058826,64.70588235294117,17.647058823529413
warm_season,strict,40755,BWk_cold_desert,False,11.229999999999999,25.123770491803278,-5.88235294117647,-7.785467128027681,6.055363321799309,-4.1522491349480966,23.52941176470588,23.52941176470588,11.76470588235294,5.88235294117647,64.70588235294117,5.88235294117647
warm_season,strict,40757,BWk_cold_desert,False,4.05,36.09016393442623,17.647058823529413,8.823529411764705,17.128027681660893,-8.304498269896186,23.52941176470588,23.52941176470588,11.76470588235294,41.17647058823529,76.47058823529412,29.411764705882355
warm_season,strict,40758,BWh_hot_desert,False,0.4,38.553719008264466,5.88235294117647,4.671280276816608,1.9031141868512114,-0.692041522491349,23.52941176470588,23.52941176470588,0.0,41.17647058823529,29.411764705882355,5.88235294117647
warm_season,strict,40762,BSk_cold_steppe,False,0.2,31.421311475409837,11.76470588235294,-3.1141868512110737,8.650519031141869,6.228373702422146,17.647058823529413,23.52941176470588,0.0,11.76470588235294,82.35294117647058,11.76470588235294
warm_season,strict,40763,BSk_cold_steppe,True,0.0,35.25819672131148,0.0,0.0,0.0,0.0,0.0,23.52941176470588,0.0,0.0,76.47058823529412,0.0
warm_season,strict,40764,C_temperate,False,0.01,34.94426229508196,-5.88235294117647,-2.5951557093425612,6.055363321799309,-9.342560553633216,17.647058823529413,23.52941176470588,5.88235294117647,11.76470588235294,64.70588235294117,0.0
warm_season,strict,40765,C_temperate,False,0.01,40.74016393442623,35.294117647058826,11.76470588235294,18.68512110726643,4.844290657439452,23.52941176470588,23.52941176470588,0.0,47.05882352941176,76.47058823529412,35.294117647058826
warm_season,strict,40766,C_temperate,False,0.1,37.013934426229504,17.647058823529413,8.304498269896191,6.920415224913495,2.4221453287197248,17.647058823529413,23.52941176470588,0.0,41.17647058823529,47.05882352941176,17.647058823529413
warm_season,strict,40768,BSk_cold_steppe,False,0.1,32.43114754098361,-5.88235294117647,-9.86159169550173,9.515570934256054,-5.536332179930795,23.52941176470588,23.52941176470588,11.76470588235294,5.88235294117647,88.23529411764706,5.88235294117647
warm_season,strict,40770,BWh_hot_desert,True,0.0,38.51229508196721,0.0,0.0,0.0,0.0,0.0,23.52941176470588,0.0,0.0,82.35294117647058,0.0
warm_season,strict,40771,C_temperate,False,0.7,34.33934426229508,41.17647058823529,16.435986159169552,24.74048442906574,1.3877787807814457e-15,23.52941176470588,23.52941176470588,11.76470588235294,52.94117647058824,88.23529411764706,52.94117647058824
warm_season,strict,40772,BSk_cold_steppe,False,2.0,30.355737704918035,35.29411764705882,13.84083044982699,24.913494809688576,-3.460207612456749,23.52941176470588,23.52941176470588,11.76470588235294,47.05882352941176,94.11764705882352,47.05882352941176
warm_season,strict,40774,C_temperate,False,0.01,34.22295081967213,11.764705882352942,-3.460207612456747,14.532871972318336,0.692041522491349,23.52941176470588,23.52941176470588,5.88235294117647,17.647058823529413,94.11764705882352,17.647058823529413
warm_season,strict,40778,BWh_hot_desert,True,0.0,34.88360655737705,0.0,0.0,0.0,0.0,0.0,23.52941176470588,0.0,0.0,82.35294117647058,0.0
warm_season,strict,40779,C_temperate,True,0.0,34.791803278688526,0.0,0.0,0.0,0.0,0.0,23.52941176470588,0.0,0.0,82.35294117647058,0.0
warm_season,strict,40780,C_temperate,False,0.01,34.63688524590164,23.52941176470588,3.4602076124567485,18.685121107266433,1.384083044982698,23.52941176470588,23.52941176470588,5.88235294117647,29.411764705882355,94.11764705882352,29.411764705882355
warm_season,strict,40782,C_temperate,False,0.13,37.778688524590166,52.94117647058824,23.010380622837374,28.54671280276816,1.3840830449827035,23.52941176470588,23.52941176470588,5.88235294117647,64.70588235294117,88.23529411764706,58.82352941176471
warm_season,strict,40783,Dsa_cold_dry_summer,False,0.41000000000000003,31.645901639344263,5.882352941176469,0.0,11.072664359861593,-5.190311418685124,23.52941176470588,23.52941176470588,17.647058823529413,23.52941176470588,70.58823529411765,23.52941176470588
warm_season,strict,40785,BWh_hot_desert,True,0.0,38.631967213114756,0.0,0.0,0.0,0.0,0.0,23.52941176470588,0.0,0.0,64.70588235294117,0.0
warm_season,strict,40789,BWh_hot_desert,True,0.0,38.5827868852459,0.0,0.0,0.0,0.0,0.0,23.52941176470588,0.0,0.0,58.82352941176471,0.0
warm_season,strict,40791,BWh_hot_desert,True,0.0,40.76967213114754,0.0,0.0,0.0,0.0,0.0,23.52941176470588,0.0,0.0,76.47058823529412,0.0
warm_season,strict,40792,BWk_cold_desert,True,0.0,35.31393442622951,0.0,0.0,0.0,0.0,0.0,23.52941176470588,0.0,0.0,35.294117647058826,0.0
warm_season,strict,40793,BSk_cold_steppe,False,0.01,31.831147540983608,23.52941176470588,3.287197231833909,13.321799307958477,6.920415224913495,17.647058823529413,23.52941176470588,0.0,23.52941176470588,88.23529411764706,23.52941176470588
warm_season,strict,40794,BSh_hot_steppe,True,0.0,44.630327868852454,0.0,0.0,0.0,0.0,0.0,23.52941176470588,0.0,0.0,76.47058823529412,0.0
warm_season,strict,40796,BSh_hot_steppe,True,0.0,44.77704918032787,0.0,0.0,0.0,0.0,0.0,23.52941176470588,0.0,0.0,88.23529411764706,0.0
warm_season,strict,40797,Dsa_cold_dry_summer,False,1.1099999999999999,28.421311475409837,35.29411764705882,13.148788927335639,22.837370242214526,-0.6920415224913476,23.52941176470588,23.52941176470588,11.76470588235294,47.05882352941176,88.23529411764706,47.05882352941176
warm_season,strict,40798,Dsa_cold_dry_summer,False,0.12,31.692622950819672,23.529411764705884,6.2283737024221475,17.301038062283737,1.3877787807814457e-15,23.52941176470588,23.52941176470588,11.76470588235294,35.294117647058826,82.35294117647058,35.294117647058826
warm_season,strict,40800,BWk_cold_desert,False,0.04,35.63934426229508,0.0,2.4221453287197234,9.342560553633218,-11.764705882352942,23.52941176470588,23.52941176470588,11.76470588235294,29.411764705882355,58.82352941176471,11.76470588235294
warm_season,strict,40802,BWk_cold_desert,False,0.51,35.822131147540986,17.64705882352941,2.249134948096886,7.7854671280276815,7.612456747404845,23.52941176470588,23.52941176470588,5.88235294117647,29.411764705882355,52.94117647058824,23.52941176470588
warm_season,strict,40809,BWk_cold_desert,False,0.01,34.583606557377045,5.882352941176472,0.0,7.266435986159172,-1.3840830449826993,17.647058823529413,23.52941176470588,11.76470588235294,17.647058823529413,64.70588235294117,17.647058823529413
warm_season,strict,40810,BWh_hot_desert,True,0.0,45.601639344262296,0.0,0.0,0.0,0.0,0.0,23.52941176470588,0.0,0.0,70.58823529411765,0.0
warm_season,strict,40811,BWh_hot_desert,True,0.0,45.76065573770492,0.0,0.0,0.0,0.0,0.0,23.52941176470588,0.0,0.0,58.82352941176471,0.0
warm_season,strict,40812,BSh_hot_steppe,True,0.0,43.94098360655738,0.0,0.0,0.0,0.0,0.0,23.52941176470588,0.0,0.0,76.47058823529412,0.0
warm_season,strict,40813,BSh_hot_steppe,True,0.0,45.32950819672131,0.0,0.0,0.0,0.0,0.0,23.52941176470588,0.0,0.0,82.35294117647058,0.0
warm_season,strict,40818,BSk_cold_steppe,False,0.05,32.75573770491803,17.647058823529413,5.709342560553631,5.709342560553631,6.2283737024221475,23.52941176470588,23.52941176470588,0.0,41.17647058823529,41.17647058823529,17.647058823529413
warm_season,strict,40821,BWh_hot_desert,False,0.01,38.01967213114754,11.76470588235294,9.688581314878892,12.45674740484429,-10.380622837370245,23.52941176470588,23.52941176470588,11.76470588235294,47.05882352941176,58.82352941176471,23.52941176470588
warm_season,strict,40827,BWh_hot_desert,True,0.0,37.177868852459014,0.0,0.0,0.0,0.0,0.0,23.52941176470588,0.0,0.0,76.47058823529412,0.0
warm_season,strict,40829,BWh_hot_desert,True,0.0,40.514754098360655,0.0,0.0,0.0,0.0,0.0,23.52941176470588,0.0,0.0,88.23529411764706,0.0
warm_season,strict,40831,BWh_hot_desert,True,0.0,45.881967213114756,0.0,0.0,0.0,0.0,0.0,23.52941176470588,0.0,0.0,76.47058823529412,0.0
warm_season,strict,40832,BWh_hot_desert,True,0.0,44.18032786885246,0.0,0.0,0.0,0.0,0.0,23.52941176470588,0.0,0.0,58.82352941176471,0.0
warm_season,strict,40833,BSh_hot_steppe,True,0.0,45.592622950819674,0.0,0.0,0.0,0.0,0.0,23.52941176470588,0.0,0.0,76.47058823529412,0.0
warm_season,strict,40841,BWk_cold_desert,True,0.0,34.96885245901639,0.0,0.0,0.0,0.0,0.0,23.52941176470588,0.0,0.0,64.70588235294117,0.0
warm_season,strict,40844,BSk_cold_steppe,True,0.0,35.16065573770492,0.0,0.0,0.0,0.0,0.0,23.52941176470588,0.0,0.0,94.11764705882352,0.0
warm_season,strict,40847,BSk_cold_steppe,True,0.0,36.11229508196721,0.0,0.0,0.0,0.0,0.0,23.52941176470588,0.0,0.0,94.11764705882352,0.0
warm_season,strict,40848,BSh_hot_steppe,False,0.03,36.923770491803275,17.647058823529413,5.882352941176472,15.570934256055361,-3.806228373702418,23.52941176470588,23.52941176470588,11.76470588235294,35.294117647058826,76.47058823529412,29.411764705882355
warm_season,strict,40849,BWk_cold_desert,False,0.11,34.16859504132231,5.88235294117647,2.249134948096886,7.7854671280276815,-4.1522491349480966,23.52941176470588,23.52941176470588,5.88235294117647,29.411764705882355,52.94117647058824,11.76470588235294
warm_season,strict,40851,BSk_cold_steppe,False,1.0,35.49016393442623,23.52941176470588,7.612456747404843,6.228373702422144,9.688581314878892,23.52941176470588,23.52941176470588,0.0,47.05882352941176,41.17647058823529,23.52941176470588
warm_season,strict,40853,BSk_cold_steppe,False,9.409999999999998,30.83032786885246,17.647058823529413,2.768166089965398,12.456747404844293,2.422145328719723,23.52941176470588,23.52941176470588,0.0,29.411764705882355,70.58823529411765,17.647058823529413
warm_season,strict,40854,BWh_hot_desert,True,0.0,39.075409836065575,0.0,0.0,0.0,0.0,0.0,23.52941176470588,0.0,0.0,76.47058823529412,0.0
warm_season,strict,40856,BWh_hot_desert,False,0.01,35.90409836065574,11.76470588235294,2.249134948096885,6.055363321799308,3.4602076124567485,17.647058823529413,23.52941176470588,0.0,23.52941176470588,52.94117647058824,11.76470588235294
warm_season,strict,40859,BSh_hot_steppe,False,0.01,38.63852459016393,0.0,-4.1522491349480966,4.1522491349480966,0.0,23.52941176470588,23.52941176470588,5.88235294117647,11.76470588235294,47.05882352941176,5.88235294117647
warm_season,strict,40870,BWh_hot_desert,False,0.41000000000000003,36.60409836065573,23.52941176470588,8.823529411764707,10.899653979238751,3.8062283737024214,11.76470588235294,23.52941176470588,0.0,29.411764705882355,76.47058823529412,23.52941176470588
warm_season,strict,40873,BWh_hot_desert,False,10.0,41.79344262295082,11.76470588235294,5.536332179930796,13.84083044982699,-7.612456747404848,23.52941176470588,23.52941176470588,11.76470588235294,35.294117647058826,70.58823529411765,23.52941176470588
warm_season,strict,40875,BWh_hot_desert,False,0.02,38.001639344262294,41.17647058823529,14.705882352941178,20.242214532871966,6.228373702422147,23.52941176470588,23.52941176470588,5.88235294117647,52.94117647058824,76.47058823529412,47.05882352941176
warm_season,strict,40877,BWh_hot_desert,False,1.9100000000000001,43.09098360655738,17.64705882352941,2.5951557093425612,10.899653979238755,4.152249134948094,23.52941176470588,23.52941176470588,5.88235294117647,29.411764705882355,64.70588235294117,23.52941176470588
warm_season,strict,40878,BWh_hot_desert,False,2.3,38.11147540983607,5.882352941176472,5.882352941176472,15.570934256055361,-15.570934256055358,23.52941176470588,23.52941176470588,11.76470588235294,35.294117647058826,76.47058823529412,17.647058823529413
warm_season,strict,40879,BWh_hot_desert,False,0.12,43.15409836065574,5.88235294117647,-5.536332179930796,8.304498269896193,3.114186851211072,23.52941176470588,23.52941176470588,0.0,11.76470588235294,70.58823529411765,5.88235294117647
warm_season,strict,40882,BWh_hot_desert,True,0.0,37.4844262295082,0.0,0.0,0.0,0.0,0.0,23.52941176470588,0.0,0.0,70.58823529411765,0.0
warm_season,strict,40883,BWh_hot_desert,True,0.0,37.131147540983605,0.0,0.0,0.0,0.0,0.0,23.52941176470588,0.0,0.0,82.35294117647058,0.0
warm_season,strict,40890,BWh_hot_desert,True,0.0,35.963934426229514,0.0,0.0,0.0,0.0,0.0,23.52941176470588,0.0,0.0,76.47058823529412,0.0
warm_season,strict,40893,BWh_hot_desert,True,0.0,33.57704918032787,0.0,0.0,0.0,0.0,0.0,23.52941176470588,0.0,0.0,64.70588235294117,0.0
warm_season,strict,40898,BWh_hot_desert,True,0.0,32.47868852459016,0.0,0.0,0.0,0.0,0.0,23.52941176470588,0.0,0.0,52.94117647058824,0.0
warm_season,strict,99459,Dsa_cold_dry_summer,False,0.5,30.081666666666667,17.647058823529413,2.941176470588236,14.013840830449825,0.6920415224913503,23.52941176470588,23.52941176470588,11.76470588235294,29.411764705882355,76.47058823529412,29.411764705882355
warm_season,dry_inclusive_only,40700,BSk_cold_steppe,False,24.11,32.31803278688525,17.64705882352941,-2.0761245674740487,6.228373702422145,13.494809688581316,29.411764705882355,23.52941176470588,5.88235294117647,23.52941176470588,47.05882352941176,23.52941176470588
warm_season,dry_inclusive_only,40701,BSk_cold_steppe,False,53.25,28.11916666666667,5.882352941176469,-2.768166089965398,12.456747404844293,-3.806228373702425,29.411764705882355,23.52941176470588,17.647058823529413,23.52941176470588,70.58823529411765,23.52941176470588
warm_season,dry_inclusive_only,40702,BWk_cold_desert,False,17.529999999999998,33.9344262295082,11.76470588235294,-2.5951557093425612,10.899653979238755,3.4602076124567476,29.411764705882355,23.52941176470588,11.76470588235294,23.52941176470588,64.70588235294117,23.52941176470588
warm_season,dry_inclusive_only,40703,BSk_cold_steppe,False,26.04,31.35081967213115,23.529411764705884,3.1141868512110737,19.03114186851211,1.3840830449827006,29.411764705882355,23.52941176470588,11.76470588235294,35.294117647058826,82.35294117647058,35.294117647058826
warm_season,dry_inclusive_only,40704,BSk_cold_steppe,False,27.64,27.634710743801655,11.76470588235294,0.0,8.650519031141869,3.1141868512110733,29.411764705882355,23.52941176470588,17.647058823529413,29.411764705882355,52.94117647058824,29.411764705882355
warm_season,dry_inclusive_only,40706,BSk_cold_steppe,False,16.36,31.53636363636364,0.0,-6.228373702422145,13.840830449826989,-7.612456747404845,29.411764705882355,23.52941176470588,11.76470588235294,17.647058823529413,82.35294117647058,11.76470588235294
warm_season,dry_inclusive_only,40708,BSk_cold_steppe,False,17.62,24.832786885245902,11.764705882352942,-5.536332179930796,11.072664359861593,6.228373702422145,29.411764705882355,23.52941176470588,5.88235294117647,17.647058823529413,70.58823529411765,17.647058823529413
warm_season,dry_inclusive_only,40709,C_temperate,False,290.82,28.672131147540984,5.882352941176472,-2.768166089965398,12.456747404844293,-3.8062283737024223,29.411764705882355,23.52941176470588,11.76470588235294,23.52941176470588,70.58823529411765,17.647058823529413
warm_season,dry_inclusive_only,40710,BSk_cold_steppe,False,28.3,28.085245901639347,11.76470588235294,2.4221453287197234,11.418685121107268,-2.0761245674740496,29.411764705882355,23.52941176470588,11.76470588235294,35.294117647058826,58.82352941176471,23.52941176470588
warm_season,dry_inclusive_only,40712,BSk_cold_steppe,False,4.870000000000001,29.751639344262294,0.0,-9.861591695501732,13.321799307958477,-3.4602076124567462,29.411764705882355,23.52941176470588,11.76470588235294,11.76470588235294,88.23529411764706,11.76470588235294
warm_season,dry_inclusive_only,40713,BSk_cold_steppe,False,2.01,31.488524590163934,11.764705882352942,-6.920415224913495,16.608996539792386,2.0761245674740483,29.411764705882355,23.52941176470588,5.88235294117647,17.647058823529413,94.11764705882352,17.647058823529413
warm_season,dry_inclusive_only,40716,BSk_cold_steppe,False,8.0,34.00737704918033,23.52941176470588,2.768166089965398,15.224913494809691,5.536332179930794,29.411764705882355,23.52941176470588,5.88235294117647,35.294117647058826,70.58823529411765,29.411764705882355
warm_season,dry_inclusive_only,40717,BSk_cold_steppe,False,20.939999999999998,25.24344262295082,17.64705882352941,0.0,12.110726643598618,5.536332179930794,29.411764705882355,23.52941176470588,5.88235294117647,29.411764705882355,64.70588235294117,23.52941176470588
warm_season,dry_inclusive_only,40718,C_temperate,False,344.11,27.840350877192986,5.882352941176472,-3.287197231833911,17.1280276816609,-7.958477508650516,29.411764705882355,23.52941176470588,11.76470588235294,23.52941176470588,88.23529411764706,17.647058823529413
warm_season,dry_inclusive_only,40719,C_temperate,False,255.57999999999998,29.461666666666666,29.411764705882348,13.84083044982699,20.761245674740486,-5.190311418685126,29.411764705882355,23.52941176470588,17.647058823529413,58.82352941176471,70.58823529411765,47.05882352941176
warm_season,dry_inclusive_only,40723,BWk_cold_desert,False,9.850000000000001,31.078688524590163,17.647058823529413,-5.88235294117647,12.456747404844288,11.072664359861594,29.411764705882355,23.52941176470588,0.0,17.647058823529413,76.47058823529412,17.647058823529413
warm_season,dry_inclusive_only,40724,Dsa_cold_dry_summer,False,3.73,31.15126050420168,11.764705882352942,-2.768166089965398,12.456747404844293,2.0761245674740483,29.411764705882355,23.52941176470588,5.88235294117647,23.52941176470588,70.58823529411765,17.647058823529413
warm_season,dry_inclusive_only,40726,BSk_cold_steppe,False,7.1000000000000005,31.788524590163934,41.17647058823529,13.84083044982699,29.065743944636672,-1.7301038062283696,29.411764705882355,23.52941176470588,11.76470588235294,52.94117647058824,94.11764705882352,52.94117647058824
warm_season,dry_inclusive_only,40727,Dsa_cold_dry_summer,False,5.33,31.686885245901642,17.64705882352941,-3.4602076124567485,18.685121107266433,2.422145328719723,29.411764705882355,23.52941176470588,5.88235294117647,23.52941176470588,94.11764705882352,23.52941176470588
warm_season,dry_inclusive_only,40728,BSk_cold_steppe,False,10.92,29.495081967213114,41.17647058823529,13.84083044982699,29.065743944636672,-1.7301038062283696,29.411764705882355,23.52941176470588,11.76470588235294,52.94117647058824,94.11764705882352,52.94117647058824
warm_season,dry_inclusive_only,40729,BSk_cold_steppe,False,15.799999999999999,30.324590163934424,35.29411764705882,9.342560553633216,22.491349480968854,3.4602076124567476,29.411764705882355,23.52941176470588,11.76470588235294,47.05882352941176,82.35294117647058,47.05882352941176
warm_season,dry_inclusive_only,40730,BSk_cold_steppe,False,4.83,30.550413223140495,5.882352941176472,-5.536332179930796,11.072664359861593,0.3460207612456745,29.411764705882355,23.52941176470588,11.76470588235294,17.647058823529413,70.58823529411765,17.647058823529413
warm_season,dry_inclusive_only,40731,BSk_cold_steppe,False,2.68,33.966393442622945,5.882352941176472,-2.768166089965398,12.456747404844293,-3.8062283737024223,29.411764705882355,23.52941176470588,11.76470588235294,23.52941176470588,70.58823529411765,17.647058823529413
warm_season,dry_inclusive_only,40732,C_temperate,False,263.77000000000004,28.305,17.647058823529413,6.228373702422144,20.76124567474048,-9.342560553633215,29.411764705882355,23.52941176470588,11.76470588235294,41.17647058823529,82.35294117647058,29.411764705882355
warm_season,dry_inclusive_only,40734,C_temperate,False,219.94,28.075,17.64705882352941,-3.287197231833911,17.1280276816609,3.8062283737024236,29.411764705882355,23.52941176470588,5.88235294117647,23.52941176470588,88.23529411764706,23.52941176470588
warm_season,dry_inclusive_only,40736,C_temperate,False,152.24999999999997,30.183333333333334,23.52941176470588,3.806228373702421,6.228373702422144,13.494809688581316,29.411764705882355,23.52941176470588,5.88235294117647,41.17647058823529,41.17647058823529,29.411764705882355
warm_season,dry_inclusive_only,40737,C_temperate,False,133.84,30.3198347107438,23.52941176470588,3.1141868512110737,19.03114186851211,1.3840830449826993,29.411764705882355,23.52941176470588,5.88235294117647,35.294117647058826,82.35294117647058,29.411764705882355
warm_season,dry_inclusive_only,40738,BSh_hot_steppe,False,71.14999999999999,32.4,23.529411764705884,3.4602076124567485,22.837370242214533,-2.7681660899653986,29.411764705882355,23.52941176470588,11.76470588235294,35.294117647058826,94.11764705882352,35.294117647058826
warm_season,dry_inclusive_only,40739,BWk_cold_desert,False,5.93,32.114754098360656,11.76470588235294,-2.249134948096886,7.7854671280276815,6.228373702422147,29.411764705882355,23.52941176470588,11.76470588235294,23.52941176470588,52.94117647058824,23.52941176470588
warm_season,dry_inclusive_only,40740,BSk_cold_steppe,False,8.23,30.626229508196722,5.882352941176472,-4.844290657439446,8.304498269896195,2.4221453287197243,29.411764705882355,23.52941176470588,11.76470588235294,17.647058823529413,58.82352941176471,17.647058823529413
warm_season,dry_inclusive_only,40741,BSk_cold_steppe,False,0.02,36.17438016528926,23.529411764705884,3.633217993079586,24.74048442906574,-4.844290657439446,29.411764705882355,23.52941176470588,11.76470588235294,35.294117647058826,100.0,35.294117647058826
warm_season,dry_inclusive_only,40743,BWk_cold_desert,False,0.3,36.36065573770492,17.64705882352941,-5.536332179930796,13.84083044982699,9.342560553633216,35.294117647058826,23.52941176470588,5.88235294117647,23.52941176470588,70.58823529411765,23.52941176470588
warm_season,dry_inclusive_only,40745,BWk_cold_desert,False,5.43,33.300000000000004,23.529411764705884,5.882352941176469,18.68512110726643,-1.0380622837370153,29.411764705882355,23.52941176470588,11.76470588235294,41.17647058823529,76.47058823529412,35.294117647058826
warm_season,dry_inclusive_only,40746,BSk_cold_steppe,False,0.8600000000000001,33.18196721311475,0.0,-11.76470588235294,9.342560553633216,2.4221453287197243,29.411764705882355,23.52941176470588,5.88235294117647,5.88235294117647,76.47058823529412,5.88235294117647
warm_season,dry_inclusive_only,40747,Dsa_cold_dry_summer,False,0.05,35.37213114754098,11.76470588235294,-3.4602076124567485,18.685121107266433,-3.4602076124567476,29.411764705882355,23.52941176470588,11.76470588235294,23.52941176470588,94.11764705882352,23.52941176470588
warm_season,dry_inclusive_only,40748,BSk_cold_steppe,False,6.05,30.011475409836066,23.529411764705884,3.4602076124567485,22.837370242214533,-2.7681660899653986,29.411764705882355,23.52941176470588,11.76470588235294,35.294117647058826,94.11764705882352,35.294117647058826
warm_season,dry_inclusive_only,40749,Dsa_cold_dry_summer,False,9.809999999999999,27.359016393442623,41.17647058823529,13.84083044982699,29.065743944636672,-1.7301038062283696,29.411764705882355,23.52941176470588,11.76470588235294,52.94117647058824,94.11764705882352,52.94117647058824
warm_season,dry_inclusive_only,40751,BSk_cold_steppe,False,7.25,32.52295081967213,29.411764705882355,3.633217993079586,24.74048442906574,1.0380622837370248,29.411764705882355,23.52941176470588,5.88235294117647,35.294117647058826,100.0,35.294117647058826
warm_season,dry_inclusive_only,40752,BSk_cold_steppe,False,3.0199999999999996,33.62459016393443,23.52941176470588,3.1141868512110737,19.03114186851211,1.3840830449826993,29.411764705882355,23.52941176470588,5.88235294117647,35.294117647058826,82.35294117647058,29.411764705882355
warm_season,dry_inclusive_only,40754,BSk_cold_steppe,False,2.42,35.10901639344262,11.764705882352942,2.5951557093425612,13.321799307958479,-4.152249134948098,29.411764705882355,23.52941176470588,5.88235294117647,35.294117647058826,64.70588235294117,17.647058823529413
warm_season,dry_inclusive_only,40755,BWk_cold_desert,False,11.229999999999999,25.123770491803278,-5.88235294117647,-10.380622837370241,7.266435986159172,-2.7681660899653973,29.411764705882355,23.52941176470588,11.76470588235294,5.88235294117647,64.70588235294117,5.88235294117647
warm_season,dry_inclusive_only,40757,BWk_cold_desert,False,4.05,36.09016393442623,11.76470588235294,5.882352941176469,18.68512110726643,-12.802768166089958,29.411764705882355,23.52941176470588,17.647058823529413,41.17647058823529,76.47058823529412,29.411764705882355
warm_season,dry_inclusive_only,40758,BWh_hot_desert,False,0.4,38.553719008264466,5.88235294117647,3.114186851211072,2.0761245674740487,0.6920415224913503,29.411764705882355,23.52941176470588,0.0,41.17647058823529,29.411764705882355,5.88235294117647
warm_season,dry_inclusive_only,40762,BSk_cold_steppe,False,0.2,31.421311475409837,5.88235294117647,-9.342560553633218,12.110726643598614,3.1141868512110733,29.411764705882355,23.52941176470588,5.88235294117647,11.76470588235294,82.35294117647058,11.76470588235294
warm_season,dry_inclusive_only,40763,BSk_cold_steppe,True,0.0,35.25819672131148,0.0,-11.764705882352942,12.456747404844288,-0.6920415224913476,35.294117647058826,23.52941176470588,11.76470588235294,11.76470588235294,76.47058823529412,11.76470588235294
warm_season,dry_inclusive_only,40764,C_temperate,False,0.01,34.94426229508196,-5.88235294117647,-5.1903114186851225,12.110726643598618,-12.802768166089965,35.294117647058826,23.52941176470588,5.88235294117647,23.52941176470588,64.70588235294117,0.0
warm_season,dry_inclusive_only,40765,C_temperate,False,0.01,40.74016393442623,35.294117647058826,11.76470588235294,21.799307958477502,1.730103806228378,29.411764705882355,23.52941176470588,0.0,52.94117647058824,76.47058823529412,35.294117647058826
warm_season,dry_inclusive_only,40766,C_temperate,False,0.1,37.013934426229504,17.64705882352941,6.228373702422144,8.996539792387543,2.422145328719723,29.411764705882355,23.52941176470588,5.88235294117647,47.05882352941176,47.05882352941176,23.52941176470588
warm_season,dry_inclusive_only,40768,BSk_cold_steppe,False,0.1,32.43114754098361,-11.764705882352942,-13.148788927335639,11.418685121107265,-10.03460207612457,29.411764705882355,23.52941176470588,17.647058823529413,5.88235294117647,88.23529411764706,5.88235294117647
warm_season,dry_inclusive_only,40770,BWh_hot_desert,True,0.0,38.51229508196721,11.76470588235294,-6.2283737024221475,17.301038062283737,0.6920415224913503,35.294117647058826,23.52941176470588,11.76470588235294,23.52941176470588,82.35294117647058,23.52941176470588
warm_season,dry_inclusive_only,40771,C_temperate,False,0.7,34.33934426229508,41.17647058823529,13.148788927335639,26.643598615916954,1.3840830449827006,29.411764705882355,23.52941176470588,11.76470588235294,52.94117647058824,88.23529411764706,52.94117647058824
warm_season,dry_inclusive_only,40772,BSk_cold_steppe,False,2.0,30.355737704918035,29.411764705882348,10.380622837370241,26.989619377162626,-7.958477508650522,29.411764705882355,23.52941176470588,17.647058823529413,47.05882352941176,94.11764705882352,47.05882352941176
warm_season,dry_inclusive_only,40774,C_temperate,False,0.01,34.22295081967213,23.52941176470588,0.0,20.761245674740483,2.7681660899653973,29.411764705882355,23.52941176470588,5.88235294117647,29.411764705882355,94.11764705882352,29.411764705882355
warm_season,dry_inclusive_only,40778,BWh_hot_desert,True,0.0,34.88360655737705,17.647058823529413,-9.342560553633216,22.491349480968854,4.498269896193774,47.05882352941176,23.52941176470588,11.76470588235294,29.411764705882355,82.35294117647058,29.411764705882355
warm_season,dry_inclusive_only,40779,C_temperate,True,0.0,34.791803278688526,17.64705882352941,0.0,17.301038062283737,0.3460207612456759,29.411764705882355,23.52941176470588,5.88235294117647,29.411764705882355,82.35294117647058,23.52941176470588
warm_season,dry_inclusive_only,40780,C_temperate,False,0.01,34.63688524590164,35.29411764705882,3.460207612456745,26.989619377162626,4.844290657439446,35.294117647058826,23.52941176470588,5.88235294117647,41.17647058823529,94.11764705882352,41.17647058823529
warm_season,dry_inclusive_only,40782,C_temperate,False,0.13,37.778688524590166,47.05882352941176,19.723183391003463,30.44982698961937,-3.1141868512110675,29.411764705882355,23.52941176470588,11.76470588235294,64.70588235294117,88.23529411764706,58.82352941176471
warm_season,dry_inclusive_only,40783,Dsa_cold_dry_summer,False,0.41000000000000003,31.645901639344263,5.882352941176469,-2.768166089965398,12.456747404844293,-3.806228373702425,29.411764705882355,23.52941176470588,17.647058823529413,23.52941176470588,70.58823529411765,23.52941176470588
warm_season,dry_inclusive_only,40785,BWh_hot_desert,True,0.0,38.631967213114756,0.0,-7.7854671280276815,10.899653979238755,-3.1141868512110733,35.294117647058826,23.52941176470588,11.76470588235294,17.647058823529413,64.70588235294117,11.76470588235294
warm_season,dry_inclusive_only,40789,BWh_hot_desert,True,0.0,38.5827868852459,-5.88235294117647,0.0,10.380622837370243,-16.26297577854671,29.411764705882355,23.52941176470588,11.76470588235294,29.411764705882355,58.82352941176471,5.88235294117647
warm_season,dry_inclusive_only,40791,BWh_hot_desert,True,0.0,40.76967213114754,29.411764705882348,0.0,31.141868512110722,-1.7301038062283753,58.82352941176471,23.52941176470588,11.76470588235294,58.82352941176471,76.47058823529412,41.17647058823529
warm_season,dry_inclusive_only,40792,BWk_cold_desert,True,0.0,35.31393442622951,5.88235294117647,-8.650519031141869,5.1903114186851225,9.342560553633218,58.82352941176471,23.52941176470588,5.88235294117647,29.411764705882355,35.294117647058826,11.76470588235294
warm_season,dry_inclusive_only,40793,BSk_cold_steppe,False,0.01,31.831147540983608,41.17647058823529,6.574394463667822,30.44982698961937,4.152249134948098,41.17647058823529,23.52941176470588,11.76470588235294,52.94117647058824,88.23529411764706,52.94117647058824
warm_season,dry_inclusive_only,40794,BSh_hot_steppe,True,0.0,44.630327868852454,29.411764705882348,5.882352941176472,28.02768166089965,-4.498269896193774,47.05882352941176,23.52941176470588,11.76470588235294,58.82352941176471,76.47058823529412,41.17647058823529
warm_season,dry_inclusive_only,40796,BSh_hot_steppe,True,0.0,44.77704918032787,41.17647058823529,-16.435986159169545,51.384083044982695,6.228373702422149,94.11764705882352,23.52941176470588,17.647058823529413,64.70588235294117,88.23529411764706,58.82352941176471
warm_season,dry_inclusive_only,40797,Dsa_cold_dry_summer,False,1.1099999999999999,28.421311475409837,35.29411764705882,9.86159169550173,24.74048442906574,0.6920415224913518,29.411764705882355,23.52941176470588,11.76470588235294,47.05882352941176,88.23529411764706,47.05882352941176
warm_season,dry_inclusive_only,40798,Dsa_cold_dry_summer,False,0.12,31.692622950819672,23.529411764705884,0.0,20.761245674740483,2.7681660899654,35.294117647058826,23.52941176470588,11.76470588235294,35.294117647058826,82.35294117647058,35.294117647058826
warm_season,dry_inclusive_only,40800,BWk_cold_desert,False,0.04,35.63934426229508,0.0,0.0,10.380622837370243,-10.380622837370243,29.411764705882355,23.52941176470588,11.76470588235294,29.411764705882355,58.82352941176471,11.76470588235294
warm_season,dry_inclusive_only,40802,BWk_cold_desert,False,0.51,35.822131147540986,11.76470588235294,0.0,8.650519031141869,3.1141868512110733,29.411764705882355,23.52941176470588,11.76470588235294,29.411764705882355,52.94117647058824,23.52941176470588
warm_season,dry_inclusive_only,40809,BWk_cold_desert,False,0.01,34.583606557377045,5.882352941176469,-7.785467128027681,15.7439446366782,-2.0761245674740527,47.05882352941176,23.52941176470588,17.647058823529413,29.411764705882355,64.70588235294117,23.52941176470588
warm_season,dry_inclusive_only,40810,BWh_hot_desert,True,0.0,45.601639344262296,35.294117647058826,-2.768166089965398,37.37024221453287,0.6920415224913573,82.35294117647058,23.52941176470588,23.52941176470588,76.47058823529412,70.58823529411765,58.82352941176471
warm_season,dry_inclusive_only,40811,BWh_hot_desert,True,0.0,45.76065573770492,17.647058823529413,2.4221453287197234,21.799307958477513,-6.574394463667824,58.82352941176471,23.52941176470588,17.647058823529413,64.70588235294117,58.82352941176471,35.294117647058826
warm_season,dry_inclusive_only,40812,BSh_hot_steppe,True,0.0,43.94098360655738,35.29411764705882,0.0,31.141868512110722,4.1522491349480966,58.82352941176471,23.52941176470588,17.647058823529413,58.82352941176471,76.47058823529412,52.94117647058824
warm_season,dry_inclusive_only,40813,BSh_hot_steppe,True,0.0,45.32950819672131,64.70588235294117,9.342560553633215,46.712802768166085,8.650519031141874,70.58823529411765,23.52941176470588,11.76470588235294,88.23529411764706,82.35294117647058,76.47058823529412
warm_season,dry_inclusive_only,40818,BSk_cold_steppe,False,0.05,32.75573770491803,17.647058823529413,3.806228373702421,6.228373702422144,7.612456747404847,29.411764705882355,23.52941176470588,0.0,41.17647058823529,41.17647058823529,17.647058823529413
warm_season,dry_inclusive_only,40821,BWh_hot_desert,False,0.01,38.01967213114754,23.529411764705884,2.4221453287197234,19.723183391003463,1.384083044982698,52.94117647058824,23.52941176470588,11.76470588235294,58.82352941176471,58.82352941176471,35.294117647058826
warm_season,dry_inclusive_only,40827,BWh_hot_desert,True,0.0,37.177868852459014,17.64705882352941,2.941176470588236,17.1280276816609,-2.42214532871972,29.411764705882355,23.52941176470588,5.88235294117647,35.294117647058826,76.47058823529412,23.52941176470588
warm_season,dry_inclusive_only,40829,BWh_hot_desert,True,0.0,40.514754098360655,52.941176470588225,-3.287197231833911,55.19031141868511,1.0380622837370264,88.23529411764706,23.52941176470588,23.52941176470588,82.35294117647058,88.23529411764706,76.47058823529412
warm_season,dry_inclusive_only,40831,BWh_hot_desert,True,0.0,45.881967213114756,35.294117647058826,-5.882352941176472,43.598615916955005,-2.4221453287197185,88.23529411764706,23.52941176470588,23.52941176470588,76.47058823529412,76.47058823529412,58.82352941176471
warm_season,dry_inclusive_only,40832,BWh_hot_desert,True,0.0,44.18032786885246,29.411764705882348,2.422145328719719,25.95155709342561,1.0380622837370235,70.58823529411765,23.52941176470588,17.647058823529413,76.47058823529412,58.82352941176471,47.05882352941176
warm_season,dry_inclusive_only,40833,BSh_hot_steppe,True,0.0,45.592622950819674,41.17647058823529,-5.882352941176467,40.48442906574393,6.574394463667827,82.35294117647058,23.52941176470588,11.76470588235294,70.58823529411765,76.47058823529412,52.94117647058824
warm_season,dry_inclusive_only,40841,BWk_cold_desert,True,0.0,34.96885245901639,11.76470588235294,-7.7854671280276815,10.899653979238755,8.650519031141869,35.294117647058826,23.52941176470588,0.0,17.647058823529413,64.70588235294117,11.76470588235294
warm_season,dry_inclusive_only,40844,BSk_cold_steppe,True,0.0,35.16065573770492,29.411764705882348,6.920415224913494,29.065743944636672,-6.574394463667822,35.294117647058826,23.52941176470588,11.76470588235294,47.05882352941176,94.11764705882352,41.17647058823529
warm_season,dry_inclusive_only,40847,BSk_cold_steppe,True,0.0,36.11229508196721,17.64705882352941,-3.4602076124567485,18.685121107266433,2.422145328719723,29.411764705882355,23.52941176470588,5.88235294117647,23.52941176470588,94.11764705882352,23.52941176470588
warm_season,dry_inclusive_only,40848,BSh_hot_steppe,False,0.03,36.923770491803275,17.64705882352941,2.941176470588236,23.35640138408304,-8.650519031141869,41.17647058823529,23.52941176470588,23.52941176470588,47.05882352941176,76.47058823529412,41.17647058823529
warm_season,dry_inclusive_only,40849,BWk_cold_desert,False,0.11,34.16859504132231,5.88235294117647,0.0,8.650519031141869,-2.7681660899653973,29.411764705882355,23.52941176470588,5.88235294117647,29.411764705882355,52.94117647058824,11.76470588235294
warm_season,dry_inclusive_only,40851,BSk_cold_steppe,False,1.0,35.49016393442623,23.52941176470588,3.806228373702421,7.266435986159168,12.456747404844291,35.294117647058826,23.52941176470588,0.0,47.05882352941176,41.17647058823529,23.52941176470588
warm_season,dry_inclusive_only,40853,BSk_cold_steppe,False,9.409999999999998,30.83032786885246,17.647058823529413,0.0,13.84083044982699,3.8062283737024223,29.411764705882355,23.52941176470588,0.0,29.411764705882355,70.58823529411765,17.647058823529413
warm_season,dry_inclusive_only,40854,BWh_hot_desert,True,0.0,39.075409836065575,47.05882352941176,14.70588235294118,29.584775086505182,2.7681660899654057,41.17647058823529,23.52941176470588,11.76470588235294,70.58823529411765,76.47058823529412,58.82352941176471
warm_season,dry_inclusive_only,40856,BWh_hot_desert,False,0.01,35.90409836065574,17.64705882352941,2.2491349480968843,11.245674740484429,4.152249134948099,35.294117647058826,23.52941176470588,5.88235294117647,41.17647058823529,52.94117647058824,23.52941176470588
warm_season,dry_inclusive_only,40859,BSh_hot_steppe,False,0.01,38.63852459016393,5.88235294117647,-4.1522491349480966,5.536332179930796,4.498269896193771,29.411764705882355,23.52941176470588,5.88235294117647,17.647058823529413,47.05882352941176,11.76470588235294
warm_season,dry_inclusive_only,40870,BWh_hot_desert,False,0.41000000000000003,36.60409836065573,17.64705882352941,0.0,15.570934256055361,2.0761245674740483,29.411764705882355,23.52941176470588,5.88235294117647,29.411764705882355,76.47058823529412,23.52941176470588
warm_season,dry_inclusive_only,40873,BWh_hot_desert,False,10.0,41.79344262295082,11.76470588235294,2.768166089965398,15.224913494809691,-6.228373702422149,29.411764705882355,23.52941176470588,11.76470588235294,35.294117647058826,70.58823529411765,23.52941176470588
warm_season,dry_inclusive_only,40875,BWh_hot_desert,False,0.02,38.001639344262294,47.05882352941176,14.705882352941178,23.35640138408304,8.996539792387544,29.411764705882355,23.52941176470588,5.88235294117647,58.82352941176471,76.47058823529412,52.94117647058824
warm_season,dry_inclusive_only,40877,BWh_hot_desert,False,1.9100000000000001,43.09098360655738,11.76470588235294,0.0,12.110726643598618,-0.34602076124567727,29.411764705882355,23.52941176470588,11.76470588235294,29.411764705882355,64.70588235294117,23.52941176470588
warm_season,dry_inclusive_only,40878,BWh_hot_desert,False,2.3,38.11147540983607,11.76470588235294,5.882352941176469,18.68512110726643,-12.802768166089958,29.411764705882355,23.52941176470588,11.76470588235294,41.17647058823529,76.47058823529412,23.52941176470588
warm_season,dry_inclusive_only,40879,BWh_hot_desert,False,0.12,43.15409836065574,0.0,-8.304498269896195,9.688581314878892,-1.3840830449826993,29.411764705882355,23.52941176470588,5.88235294117647,11.76470588235294,70.58823529411765,5.88235294117647
warm_season,dry_inclusive_only,40882,BWh_hot_desert,True,0.0,37.4844262295082,41.17647058823529,2.768166089965398,31.83391003460208,6.574394463667812,64.70588235294117,23.52941176470588,11.76470588235294,70.58823529411765,70.58823529411765,52.94117647058824
warm_season,dry_inclusive_only,40883,BWh_hot_desert,True,0.0,37.131147540983605,35.294117647058826,-3.1141868512110737,46.71280276816608,-8.304498269896179,82.35294117647058,23.52941176470588,23.52941176470588,76.47058823529412,82.35294117647058,58.82352941176471
warm_season,dry_inclusive_only,40890,BWh_hot_desert,True,0.0,35.963934426229514,47.05882352941177,-2.941176470588236,48.269896193771615,1.730103806228389,94.11764705882352,23.52941176470588,23.52941176470588,88.23529411764706,76.47058823529412,70.58823529411765
warm_season,dry_inclusive_only,40893,BWh_hot_desert,True,0.0,33.57704918032787,41.17647058823529,2.5951557093425612,25.432525951557096,13.148788927335636,58.82352941176471,23.52941176470588,5.88235294117647,64.70588235294117,64.70588235294117,47.05882352941176
warm_season,dry_inclusive_only,40898,BWh_hot_desert,True,0.0,32.47868852459016,-11.76470588235294,-8.996539792387544,6.920415224913495,-9.688581314878892,35.294117647058826,23.52941176470588,11.76470588235294,11.76470588235294,52.94117647058824,0.0
warm_season,dry_inclusive_only,99459,Dsa_cold_dry_summer,False,0.5,30.081666666666667,11.76470588235294,0.0,15.570934256055361,-3.8062283737024223,29.411764705882355,23.52941176470588,17.647058823529413,29.411764705882355,76.47058823529412,29.411764705882355
warm_season,both_inclusive,40700,BSk_cold_steppe,False,24.11,32.31803278688525,11.76470588235294,-2.249134948096886,4.671280276816608,9.342560553633218,29.411764705882355,29.411764705882355,11.76470588235294,23.52941176470588,47.05882352941176,23.52941176470588
warm_season,both_inclusive,40701,BSk_cold_steppe,False,53.25,28.11916666666667,0.0,-2.941176470588236,10.899653979238755,-7.958477508650522,29.411764705882355,29.411764705882355,23.52941176470588,23.52941176470588,70.58823529411765,23.52941176470588
warm_season,both_inclusive,40702,BWk_cold_desert,False,17.529999999999998,33.9344262295082,5.882352941176469,-2.768166089965398,9.342560553633218,-0.6920415224913503,29.411764705882355,29.411764705882355,17.647058823529413,23.52941176470588,64.70588235294117,23.52941176470588
warm_season,both_inclusive,40703,BSk_cold_steppe,False,26.04,31.35081967213115,17.647058823529413,3.287197231833911,17.1280276816609,-2.7681660899653973,29.411764705882355,29.411764705882355,17.647058823529413,35.294117647058826,82.35294117647058,35.294117647058826
warm_season,both_inclusive,40704,BSk_cold_steppe,False,27.64,27.634710743801655,11.76470588235294,0.0,6.920415224913495,4.844290657439447,29.411764705882355,29.411764705882355,17.647058823529413,29.411764705882355,52.94117647058824,29.411764705882355
warm_season,both_inclusive,40706,BSk_cold_steppe,False,16.36,31.53636363636364,0.0,-6.5743944636678195,12.456747404844288,-5.88235294117647,29.411764705882355,29.411764705882355,11.76470588235294,17.647058823529413,82.35294117647058,11.76470588235294
warm_season,both_inclusive,40708,BSk_cold_steppe,False,17.62,24.832786885245902,5.882352941176472,-5.88235294117647,9.688581314878894,2.0761245674740483,29.411764705882355,29.411764705882355,11.76470588235294,17.647058823529413,70.58823529411765,17.647058823529413
warm_season,both_inclusive,40709,C_temperate,False,290.82,28.672131147540984,5.882352941176472,-2.941176470588236,10.899653979238755,-2.0761245674740483,29.411764705882355,29.411764705882355,11.76470588235294,23.52941176470588,70.58823529411765,17.647058823529413
warm_season,both_inclusive,40710,BSk_cold_steppe,False,28.3,28.085245901639347,11.76470588235294,2.5951557093425612,9.515570934256058,-0.3460207612456759,29.411764705882355,29.411764705882355,11.76470588235294,35.294117647058826,58.82352941176471,23.52941176470588
warm_season,both_inclusive,40712,BSk_cold_steppe,False,4.870000000000001,29.751639344262294,-5.882352941176472,-10.380622837370243,12.110726643598614,-7.612456747404845,29.411764705882355,29.411764705882355,17.647058823529413,11.76470588235294,88.23529411764706,11.76470588235294
warm_season,both_inclusive,40713,BSk_cold_steppe,False,2.01,31.488524590163934,5.882352941176472,-7.26643598615917,15.224913494809686,-2.0761245674740483,29.411764705882355,29.411764705882355,11.76470588235294,17.647058823529413,94.11764705882352,17.647058823529413
warm_season,both_inclusive,40716,BSk_cold_steppe,False,8.0,34.00737704918033,23.52941176470588,2.941176470588236,13.321799307958479,7.266435986159167,29.411764705882355,29.411764705882355,5.88235294117647,35.294117647058826,70.58823529411765,29.411764705882355
warm_season,both_inclusive,40717,BSk_cold_steppe,False,20.939999999999998,25.24344262295082,17.64705882352941,0.0,10.380622837370243,7.266435986159167,29.411764705882355,29.411764705882355,5.88235294117647,29.411764705882355,64.70588235294117,23.52941176470588
warm_season,both_inclusive,40718,C_temperate,False,344.11,27.840350877192986,5.882352941176472,-3.4602076124567485,15.570934256055361,-6.228373702422142,29.411764705882355,29.411764705882355,11.76470588235294,23.52941176470588,88.23529411764706,17.647058823529413
warm_season,both_inclusive,40719,C_temperate,False,255.57999999999998,29.461666666666666,29.411764705882348,14.705882352941178,18.166089965397923,-3.460207612456752,29.411764705882355,29.411764705882355,17.647058823529413,58.82352941176471,70.58823529411765,47.05882352941176
warm_season,both_inclusive,40723,BWk_cold_desert,False,9.850000000000001,31.078688524590163,11.764705882352942,-6.228373702422145,11.07266435986159,6.920415224913498,29.411764705882355,29.411764705882355,5.88235294117647,17.647058823529413,76.47058823529412,17.647058823529413
warm_season,both_inclusive,40724,Dsa_cold_dry_summer,False,3.73,31.15126050420168,11.764705882352942,-2.941176470588236,10.899653979238755,3.8062283737024223,29.411764705882355,29.411764705882355,5.88235294117647,23.52941176470588,70.58823529411765,17.647058823529413
warm_season,both_inclusive,40726,BSk_cold_steppe,False,7.1000000000000005,31.788524590163934,35.29411764705882,14.53287197231834,26.643598615916954,-5.8823529411764675,29.411764705882355,29.411764705882355,17.647058823529413,52.94117647058824,94.11764705882352,52.94117647058824
warm_season,both_inclusive,40727,Dsa_cold_dry_summer,False,5.33,31.686885245901642,17.64705882352941,-3.633217993079586,17.1280276816609,4.1522491349480966,29.411764705882355,29.411764705882355,5.88235294117647,23.52941176470588,94.11764705882352,23.52941176470588
warm_season,both_inclusive,40728,BSk_cold_steppe,False,10.92,29.495081967213114,41.17647058823529,14.53287197231834,26.643598615916954,4.163336342344337e-15,29.411764705882355,29.411764705882355,11.76470588235294,52.94117647058824,94.11764705882352,52.94117647058824
warm_season,both_inclusive,40729,BSk_cold_steppe,False,15.799999999999999,30.324590163934424,29.411764705882348,9.86159169550173,20.242214532871966,-0.6920415224913503,29.411764705882355,29.411764705882355,17.647058823529413,47.05882352941176,82.35294117647058,47.05882352941176
warm_season,both_inclusive,40730,BSk_cold_steppe,False,4.83,30.550413223140495,5.882352941176472,-5.88235294117647,9.688581314878894,2.0761245674740483,29.411764705882355,29.411764705882355,11.76470588235294,17.647058823529413,70.58823529411765,17.647058823529413
warm_season,both_inclusive,40731,BSk_cold_steppe,False,2.68,33.966393442622945,5.882352941176472,-2.941176470588236,10.899653979238755,-2.0761245674740483,29.411764705882355,29.411764705882355,11.76470588235294,23.52941176470588,70.58823529411765,17.647058823529413
warm_season,both_inclusive,40732,C_temperate,False,263.77000000000004,28.305,11.76470588235294,6.574394463667818,18.68512110726643,-13.494809688581311,29.411764705882355,29.411764705882355,17.647058823529413,41.17647058823529,82.35294117647058,29.411764705882355
warm_season,both_inclusive,40734,C_temperate,False,219.94,28.075,17.64705882352941,-3.4602076124567485,15.570934256055361,5.536332179930797,29.411764705882355,29.411764705882355,5.88235294117647,23.52941176470588,88.23529411764706,23.52941176470588
warm_season,both_inclusive,40736,C_temperate,False,152.24999999999997,30.183333333333334,23.52941176470588,4.152249134948096,4.152249134948096,15.224913494809691,29.411764705882355,29.411764705882355,5.88235294117647,41.17647058823529,41.17647058823529,29.411764705882355
warm_season,both_inclusive,40737,C_temperate,False,133.84,30.3198347107438,23.52941176470588,3.287197231833911,17.1280276816609,3.1141868512110733,29.411764705882355,29.411764705882355,5.88235294117647,35.294117647058826,82.35294117647058,29.411764705882355
warm_season,both_inclusive,40738,BSh_hot_steppe,False,71.14999999999999,32.4,23.529411764705884,3.633217993079586,20.93425605536332,-1.0380622837370248,29.411764705882355,29.411764705882355,11.76470588235294,35.294117647058826,94.11764705882352,35.294117647058826
warm_season,both_inclusive,40739,BWk_cold_desert,False,5.93,32.114754098360656,11.76470588235294,-2.4221453287197234,6.228373702422145,7.95847750865052,29.411764705882355,29.411764705882355,11.76470588235294,23.52941176470588,52.94117647058824,23.52941176470588
warm_season,both_inclusive,40740,BSk_cold_steppe,False,8.23,30.626229508196722,5.882352941176472,-5.190311418685121,6.920415224913495,4.152249134948098,29.411764705882355,29.411764705882355,11.76470588235294,17.647058823529413,58.82352941176471,17.647058823529413
warm_season,both_inclusive,40741,BSk_cold_steppe,False,0.02,36.17438016528926,23.529411764705884,3.8062283737024227,22.837370242214533,-3.114186851211072,29.411764705882355,29.411764705882355,11.76470588235294,35.294117647058826,100.0,35.294117647058826
warm_season,both_inclusive,40743,BWk_cold_desert,False,0.3,36.36065573770492,17.64705882352941,-5.882352941176472,12.110726643598618,11.418685121107265,35.294117647058826,29.411764705882355,5.88235294117647,23.52941176470588,70.58823529411765,23.52941176470588
warm_season,both_inclusive,40745,BWk_cold_desert,False,5.43,33.300000000000004,23.529411764705884,6.228373702422144,16.608996539792383,0.6920415224913588,29.411764705882355,29.411764705882355,11.76470588235294,41.17647058823529,76.47058823529412,35.294117647058826
warm_season,both_inclusive,40746,BSk_cold_steppe,False,0.8600000000000001,33.18196721311475,-5.88235294117647,-12.45674740484429,8.304498269896193,-1.7301038062283725,29.411764705882355,29.411764705882355,11.76470588235294,5.88235294117647,76.47058823529412,5.88235294117647
warm_season,both_inclusive,40747,Dsa_cold_dry_summer,False,0.05,35.37213114754098,11.76470588235294,-3.633217993079586,17.1280276816609,-1.7301038062283738,29.411764705882355,29.411764705882355,11.76470588235294,23.52941176470588,94.11764705882352,23.52941176470588
warm_season,both_inclusive,40748,BSk_cold_steppe,False,6.05,30.011475409836066,23.529411764705884,3.633217993079586,20.93425605536332,-1.0380622837370248,29.411764705882355,29.411764705882355,11.76470588235294,35.294117647058826,94.11764705882352,35.294117647058826
warm_season,both_inclusive,40749,Dsa_cold_dry_summer,False,9.809999999999999,27.359016393442623,41.17647058823529,14.53287197231834,26.643598615916954,4.163336342344337e-15,29.411764705882355,29.411764705882355,11.76470588235294,52.94117647058824,94.11764705882352,52.94117647058824
warm_season,both_inclusive,40751,BSk_cold_steppe,False,7.25,32.52295081967213,29.411764705882355,3.8062283737024227,22.837370242214533,2.7681660899653986,29.411764705882355,29.411764705882355,5.88235294117647,35.294117647058826,100.0,35.294117647058826
warm_season,both_inclusive,40752,BSk_cold_steppe,False,3.0199999999999996,33.62459016393443,17.647058823529413,3.287197231833911,17.1280276816609,-2.7681660899653973,29.411764705882355,29.411764705882355,11.76470588235294,35.294117647058826,82.35294117647058,29.411764705882355
warm_season,both_inclusive,40754,BSk_cold_steppe,False,2.42,35.10901639344262,5.882352941176472,2.768166089965398,11.418685121107268,-8.304498269896195,29.411764705882355,29.411764705882355,11.76470588235294,35.294117647058826,64.70588235294117,17.647058823529413
warm_season,both_inclusive,40755,BWk_cold_desert,False,11.229999999999999,25.123770491803278,-5.88235294117647,-11.072664359861593,6.228373702422147,-1.0380622837370235,29.411764705882355,29.411764705882355,11.76470588235294,5.88235294117647,64.70588235294117,5.88235294117647
warm_season,both_inclusive,40757,BWk_cold_desert,False,4.05,36.09016393442623,11.76470588235294,6.228373702422144,16.608996539792383,-11.072664359861585,29.411764705882355,29.411764705882355,17.647058823529413,41.17647058823529,76.47058823529412,29.411764705882355
warm_season,both_inclusive,40758,BWh_hot_desert,False,0.4,38.553719008264466,5.88235294117647,3.460207612456747,0.0,2.4221453287197243,29.411764705882355,29.411764705882355,0.0,41.17647058823529,29.411764705882355,5.88235294117647
warm_season,both_inclusive,40762,BSk_cold_steppe,False,0.2,31.421311475409837,5.88235294117647,-9.861591695501732,10.899653979238751,4.844290657439447,29.411764705882355,29.411764705882355,5.88235294117647,11.76470588235294,82.35294117647058,11.76470588235294
warm_season,both_inclusive,40763,BSk_cold_steppe,True,0.0,35.25819672131148,0.0,-12.456747404844293,11.07266435986159,1.3840830449827006,35.294117647058826,29.411764705882355,11.76470588235294,11.76470588235294,76.47058823529412,11.76470588235294
warm_season,both_inclusive,40764,C_temperate,False,0.01,34.94426229508196,-5.88235294117647,-5.536332179930796,10.380622837370243,-10.726643598615917,35.294117647058826,29.411764705882355,5.88235294117647,23.52941176470588,64.70588235294117,0.0
warm_season,both_inclusive,40765,C_temperate,False,0.01,40.74016393442623,35.294117647058826,12.45674740484429,19.377162629757784,3.460207612456752,29.411764705882355,29.411764705882355,0.0,52.94117647058824,76.47058823529412,35.294117647058826
warm_season,both_inclusive,40766,C_temperate,False,0.1,37.013934426229504,11.76470588235294,6.7474048442906565,6.7474048442906565,-1.7301038062283738,29.411764705882355,29.411764705882355,11.76470588235294,47.05882352941176,47.05882352941176,23.52941176470588
warm_season,both_inclusive,40768,BSk_cold_steppe,False,0.1,32.43114754098361,-11.764705882352942,-13.84083044982699,10.380622837370241,-8.304498269896193,29.411764705882355,29.411764705882355,17.647058823529413,5.88235294117647,88.23529411764706,5.88235294117647
warm_season,both_inclusive,40770,BWh_hot_desert,True,0.0,38.51229508196721,11.76470588235294,-6.574394463667822,15.570934256055361,2.7681660899653986,35.294117647058826,29.411764705882355,11.76470588235294,23.52941176470588,82.35294117647058,23.52941176470588
warm_season,both_inclusive,40771,C_temperate,False,0.7,34.33934426229508,41.17647058823529,13.84083044982699,24.221453287197228,3.1141868512110746,29.411764705882355,29.411764705882355,11.76470588235294,52.94117647058824,88.23529411764706,52.94117647058824
warm_season,both_inclusive,40772,BSk_cold_steppe,False,2.0,30.355737704918035,23.52941176470588,10.899653979238753,24.74048442906574,-12.110726643598618,29.411764705882355,29.411764705882355,23.52941176470588,47.05882352941176,94.11764705882352,47.05882352941176
warm_season,both_inclusive,40774,C_temperate,False,0.01,34.22295081967213,17.647058823529413,0.0,19.03114186851211,-1.3840830449826993,29.411764705882355,29.411764705882355,11.76470588235294,29.411764705882355,94.11764705882352,29.411764705882355
warm_season,both_inclusive,40778,BWh_hot_desert,True,0.0,34.88360655737705,11.76470588235294,-9.86159169550173,20.242214532871966,1.3840830449827006,47.05882352941176,29.411764705882355,17.647058823529413,29.411764705882355,82.35294117647058,29.411764705882355
warm_season,both_inclusive,40779,C_temperate,True,0.0,34.791803278688526,17.64705882352941,0.0,15.570934256055361,2.0761245674740496,29.411764705882355,29.411764705882355,5.88235294117647,29.411764705882355,82.35294117647058,23.52941176470588
warm_season,both_inclusive,40780,C_temperate,False,0.01,34.63688524590164,35.29411764705882,3.6332179930795823,24.74048442906574,6.920415224913494,35.294117647058826,29.411764705882355,5.88235294117647,41.17647058823529,94.11764705882352,41.17647058823529
warm_season,both_inclusive,40782,C_temperate,False,0.13,37.778688524590166,47.05882352941176,20.761245674740486,27.681660899653977,-1.3840830449826937,29.411764705882355,29.411764705882355,11.76470588235294,64.70588235294117,88.23529411764706,58.82352941176471
warm_season,both_inclusive,40783,Dsa_cold_dry_summer,False,0.41000000000000003,31.645901639344263,5.882352941176469,-2.941176470588236,10.899653979238755,-2.076124567474051,29.411764705882355,29.411764705882355,17.647058823529413,23.52941176470588,70.58823529411765,23.52941176470588
warm_season,both_inclusive,40785,BWh_hot_desert,True,0.0,38.631967213114756,0.0,-8.304498269896195,9.342560553633218,-1.0380622837370248,35.294117647058826,29.411764705882355,11.76470588235294,17.647058823529413,64.70588235294117,11.76470588235294
warm_season,both_inclusive,40789,BWh_hot_desert,True,0.0,38.5827868852459,-5.88235294117647,0.0,8.650519031141869,-14.53287197231834,29.411764705882355,29.411764705882355,11.76470588235294,29.411764705882355,58.82352941176471,5.88235294117647
warm_season,both_inclusive,40791,BWh_hot_desert,True,0.0,40.76967213114754,23.52941176470588,0.0,27.681660899653977,-4.152249134948099,58.82352941176471,29.411764705882355,17.647058823529413,58.82352941176471,76.47058823529412,41.17647058823529
warm_season,both_inclusive,40792,BWk_cold_desert,True,0.0,35.31393442622951,0.0,-9.515570934256058,2.5951557093425612,6.920415224913495,58.82352941176471,29.411764705882355,11.76470588235294,29.411764705882355,35.294117647058826,11.76470588235294
warm_season,both_inclusive,40793,BSk_cold_steppe,False,0.01,31.831147540983608,35.29411764705882,6.920415224913497,27.681660899653977,0.692041522491349,41.17647058823529,29.411764705882355,17.647058823529413,52.94117647058824,88.23529411764706,52.94117647058824
warm_season,both_inclusive,40794,BSh_hot_steppe,True,0.0,44.630327868852454,29.411764705882348,6.2283737024221475,24.913494809688576,-1.7301038062283753,47.05882352941176,29.411764705882355,11.76470588235294,58.82352941176471,76.47058823529412,41.17647058823529
warm_season,both_inclusive,40796,BSh_hot_steppe,True,0.0,44.77704918032787,35.294117647058826,-17.301038062283737,46.712802768166085,5.882352941176477,94.11764705882352,29.411764705882355,23.52941176470588,64.70588235294117,88.23529411764706,58.82352941176471
warm_season,both_inclusive,40797,Dsa_cold_dry_summer,False,1.1099999999999999,28.421311475409837,35.29411764705882,10.380622837370241,22.491349480968854,2.4221453287197257,29.411764705882355,29.411764705882355,11.76470588235294,47.05882352941176,88.23529411764706,47.05882352941176
warm_season,both_inclusive,40798,Dsa_cold_dry_summer,False,0.12,31.692622950819672,23.529411764705884,0.0,18.685121107266433,4.844290657439449,35.294117647058826,29.411764705882355,11.76470588235294,35.294117647058826,82.35294117647058,35.294117647058826
warm_season,both_inclusive,40800,BWk_cold_desert,False,0.04,35.63934426229508,0.0,0.0,8.650519031141869,-8.650519031141869,29.411764705882355,29.411764705882355,11.76470588235294,29.411764705882355,58.82352941176471,11.76470588235294
warm_season,both_inclusive,40802,BWk_cold_desert,False,0.51,35.822131147540986,11.76470588235294,0.0,6.920415224913495,4.844290657439447,29.411764705882355,29.411764705882355,11.76470588235294,29.411764705882355,52.94117647058824,23.52941176470588
warm_season,both_inclusive,40809,BWk_cold_desert,False,0.01,34.583606557377045,0.0,-8.304498269896193,13.494809688581313,-5.190311418685123,47.05882352941176,29.411764705882355,23.52941176470588,29.411764705882355,64.70588235294117,23.52941176470588
warm_season,both_inclusive,40810,BWh_hot_desert,True,0.0,45.601639344262296,29.411764705882355,-2.941176470588236,32.69896193771626,-0.34602076124566894,82.35294117647058,29.411764705882355,29.411764705882355,76.47058823529412,70.58823529411765,58.82352941176471
warm_season,both_inclusive,40811,BWh_hot_desert,True,0.0,45.76065573770492,11.764705882352944,2.5951557093425612,18.166089965397923,-8.996539792387544,58.82352941176471,29.411764705882355,23.52941176470588,64.70588235294117,58.82352941176471,35.294117647058826
warm_season,both_inclusive,40812,BSh_hot_steppe,True,0.0,43.94098360655738,29.411764705882355,0.0,27.681660899653977,1.7301038062283753,58.82352941176471,29.411764705882355,23.52941176470588,58.82352941176471,76.47058823529412,52.94117647058824
warm_season,both_inclusive,40813,BSh_hot_steppe,True,0.0,45.32950819672131,64.70588235294117,9.861591695501726,42.041522491349475,12.80276816608997,70.58823529411765,29.411764705882355,11.76470588235294,88.23529411764706,82.35294117647058,76.47058823529412
warm_season,both_inclusive,40818,BSk_cold_steppe,False,0.05,32.75573770491803,17.647058823529413,4.152249134948096,4.152249134948096,9.342560553633222,29.411764705882355,29.411764705882355,0.0,41.17647058823529,41.17647058823529,17.647058823529413
warm_season,both_inclusive,40821,BWh_hot_desert,False,0.01,38.01967213114754,17.647058823529413,2.5951557093425612,16.435986159169552,-1.3840830449827006,52.94117647058824,29.411764705882355,17.647058823529413,58.82352941176471,58.82352941176471,35.294117647058826
warm_season,both_inclusive,40827,BWh_hot_desert,True,0.0,37.177868852459014,17.64705882352941,3.1141868512110737,15.22491349480969,-0.6920415224913462,29.411764705882355,29.411764705882355,5.88235294117647,35.294117647058826,76.47058823529412,23.52941176470588
warm_season,both_inclusive,40829,BWh_hot_desert,True,0.0,40.514754098360655,47.05882352941176,-3.4602076124567485,50.17301038062283,0.3460207612456745,88.23529411764706,29.411764705882355,29.411764705882355,82.35294117647058,88.23529411764706,76.47058823529412
warm_season,both_inclusive,40831,BWh_hot_desert,True,0.0,45.881967213114756,29.411764705882355,-6.2283737024221475,38.75432525951557,-3.1141868512110706,88.23529411764706,29.411764705882355,29.411764705882355,76.47058823529412,76.47058823529412,58.82352941176471
warm_season,both_inclusive,40832,BWh_hot_desert,True,0.0,44.18032786885246,23.52941176470588,2.5951557093425563,21.62629757785467,-0.692041522491349,70.58823529411765,29.411764705882355,23.52941176470588,76.47058823529412,58.82352941176471,47.05882352941176
warm_season,both_inclusive,40833,BSh_hot_steppe,True,0.0,45.592622950819674,35.29411764705882,-6.228373702422141,35.98615916955016,5.5363321799308,82.35294117647058,29.411764705882355,17.647058823529413,70.58823529411765,76.47058823529412,52.94117647058824
warm_season,both_inclusive,40841,BWk_cold_desert,True,0.0,34.96885245901639,11.76470588235294,-8.304498269896195,9.342560553633218,10.726643598615917,35.294117647058826,29.411764705882355,0.0,17.647058823529413,64.70588235294117,11.76470588235294
warm_season,both_inclusive,40844,BSk_cold_steppe,True,0.0,35.16065573770492,29.411764705882348,7.266435986159168,26.643598615916954,-4.498269896193774,35.294117647058826,29.411764705882355,11.76470588235294,47.05882352941176,94.11764705882352,41.17647058823529
warm_season,both_inclusive,40847,BSk_cold_steppe,True,0.0,36.11229508196721,11.76470588235294,-3.633217993079586,17.1280276816609,-1.7301038062283738,29.411764705882355,29.411764705882355,11.76470588235294,23.52941176470588,94.11764705882352,23.52941176470588
warm_season,both_inclusive,40848,BSh_hot_steppe,False,0.03,36.923770491803275,17.64705882352941,3.1141868512110737,20.76124567474048,-6.228373702422144,41.17647058823529,29.411764705882355,23.52941176470588,47.05882352941176,76.47058823529412,41.17647058823529
warm_season,both_inclusive,40849,BWk_cold_desert,False,0.11,34.16859504132231,0.0,0.0,6.920415224913495,-6.920415224913494,29.411764705882355,29.411764705882355,11.76470588235294,29.411764705882355,52.94117647058824,11.76470588235294
warm_season,both_inclusive,40851,BSk_cold_steppe,False,1.0,35.49016393442623,17.64705882352941,4.152249134948096,4.844290657439445,8.650519031141869,35.294117647058826,29.411764705882355,5.88235294117647,47.05882352941176,41.17647058823529,23.52941176470588
warm_season,both_inclusive,40853,BSk_cold_steppe,False,9.409999999999998,30.83032786885246,17.647058823529413,0.0,12.110726643598618,5.536332179930796,29.411764705882355,29.411764705882355,0.0,29.411764705882355,70.58823529411765,17.647058823529413
warm_season,both_inclusive,40854,BWh_hot_desert,True,0.0,39.075409836065575,47.05882352941176,15.570934256055367,26.297577854671278,5.190311418685129,41.17647058823529,29.411764705882355,11.76470588235294,70.58823529411765,76.47058823529412,58.82352941176471
warm_season,both_inclusive,40856,BWh_hot_desert,False,0.01,35.90409836065574,17.64705882352941,2.422145328719721,8.996539792387543,6.2283737024221475,35.294117647058826,29.411764705882355,5.88235294117647,41.17647058823529,52.94117647058824,23.52941176470588
warm_season,both_inclusive,40859,BSh_hot_steppe,False,0.01,38.63852459016393,0.0,-4.498269896193771,4.1522491349480966,0.3460207612456745,29.411764705882355,29.411764705882355,11.76470588235294,17.647058823529413,47.05882352941176,11.76470588235294
warm_season,both_inclusive,40870,BWh_hot_desert,False,0.41000000000000003,36.60409836065573,17.64705882352941,0.0,13.840830449826989,3.8062283737024223,29.411764705882355,29.411764705882355,5.88235294117647,29.411764705882355,76.47058823529412,23.52941176470588
warm_season,both_inclusive,40873,BWh_hot_desert,False,10.0,41.79344262295082,11.76470588235294,2.941176470588236,13.321799307958479,-4.498269896193776,29.411764705882355,29.411764705882355,11.76470588235294,35.294117647058826,70.58823529411765,23.52941176470588
warm_season,both_inclusive,40875,BWh_hot_desert,False,0.02,38.001639344262294,47.05882352941176,15.570934256055363,20.76124567474048,10.726643598615917,29.411764705882355,29.411764705882355,5.88235294117647,58.82352941176471,76.47058823529412,52.94117647058824
warm_season,both_inclusive,40877,BWh_hot_desert,False,1.9100000000000001,43.09098360655738,11.76470588235294,0.0,10.380622837370243,1.3840830449826966,29.411764705882355,29.411764705882355,11.76470588235294,29.411764705882355,64.70588235294117,23.52941176470588
warm_season,both_inclusive,40878,BWh_hot_desert,False,2.3,38.11147540983607,5.882352941176469,6.228373702422144,16.608996539792383,-16.955017301038055,29.411764705882355,29.411764705882355,17.647058823529413,41.17647058823529,76.47058823529412,23.52941176470588
warm_season,both_inclusive,40879,BWh_hot_desert,False,0.12,43.15409836065574,0.0,-8.823529411764707,8.477508650519033,0.3460207612456745,29.411764705882355,29.411764705882355,5.88235294117647,11.76470588235294,70.58823529411765,5.88235294117647
warm_season,both_inclusive,40882,BWh_hot_desert,True,0.0,37.4844262295082,35.29411764705882,2.941176470588236,27.854671280276822,4.498269896193766,64.70588235294117,29.411764705882355,17.647058823529413,70.58823529411765,70.58823529411765,52.94117647058824
warm_season,both_inclusive,40883,BWh_hot_desert,True,0.0,37.131147540983605,29.411764705882355,-3.287197231833911,42.04152249134947,-9.342560553633206,82.35294117647058,29.411764705882355,29.411764705882355,76.47058823529412,82.35294117647058,58.82352941176471
warm_season,both_inclusive,40890,BWh_hot_desert,True,0.0,35.963934426229514,41.1764705882353,-3.1141868512110737,42.90657439446366,1.3840830449827146,94.11764705882352,29.411764705882355,29.411764705882355,88.23529411764706,76.47058823529412,70.58823529411765
warm_season,both_inclusive,40893,BWh_hot_desert,True,0.0,33.57704918032787,35.29411764705882,2.768166089965398,21.799307958477513,10.726643598615915,58.82352941176471,29.411764705882355,11.76470588235294,64.70588235294117,64.70588235294117,47.05882352941176
warm_season,both_inclusive,40898,BWh_hot_desert,True,0.0,32.47868852459016,-11.76470588235294,-9.688581314878892,5.536332179930796,-7.612456747404843,35.294117647058826,29.411764705882355,11.76470588235294,11.76470588235294,52.94117647058824,0.0
warm_season,both_inclusive,99459,Dsa_cold_dry_summer,False,0.5,30.081666666666667,11.76470588235294,0.0,13.840830449826989,-2.0761245674740483,29.411764705882355,29.411764705882355,17.647058823529413,29.411764705882355,76.47058823529412,29.411764705882355
